timestamp,x,y,z,vx,vy,vz
6664000,7.9078534e-05,0.00013706567,0.00019191933,0.00075823575,0.001112805,0.0016728905
6672000,8.518101e-05,0.00014593564,0.0002067296,0.0007656629,0.0011212488,0.0017522933
6680000,9.1487396e-05,0.00015506484,0.00022233573,0.00080416823,0.0011543337,0.0018317305
6688000,9.799669e-05,0.00016433783,0.00023847111,0.0008145272,0.0011756792,0.0019038538
6696000,0.000104576204,0.0001739233,0.00025563117,0.0008364048,0.0012468381,0.002056628
6704000,0.00011133592,0.0001841089,0.0002735633,0.00085192674,0.0012864013,0.002088229
6716000,0.000118166885,0.00019445307,0.00029214297,0.0008604725,0.001321807,0.0021962186
6720000,0.00012513768,0.00020530772,0.0003115108,0.00089767424,0.001374623,0.002307286
6728000,0.00013240826,0.00021637589,0.0003320863,0.0009296129,0.0013917946,0.0024496298
6736000,0.00013975246,0.00022751854,0.00035346643,0.00092143303,0.0013998079,0.0025396366
6744000,0.00014706013,0.0002390552,0.00037590077,0.00093002,0.0014680435,0.0026759754
6752000,0.0001543356,0.00025091376,0.00039905505,0.0009331828,0.0014773606,0.0027250913
6760000,0.00016194918,0.00026287476,0.00042312473,0.0009996525,0.0015033208,0.0028948938
6768000,0.00016964469,0.00027525565,0.0004484903,0.00097138574,0.0015554768,0.003024809
6776000,0.0001773937,0.00028775595,0.00047462434,0.0010159545,0.0015494467,0.0031032206
6784000,0.0001851994,0.00030042717,0.0005014696,0.0009956111,0.0015914758,0.0031779935
6792000,0.00019143274,0.0003099618,0.0005204191,0.0010327211,0.0016679937,0.003195492
6800000,0.0001977745,0.00031965255,0.0005391325,0.0010194742,0.0016726517,0.003150316
6808000,0.00020391622,0.000329199,0.00055727514,0.0010369243,0.0016666591,0.0031015808
6816000,0.00021012625,0.0003387353,0.00057470694,0.0010511116,0.0017118226,0.0030368532
6824000,0.0002160771,0.00034829538,0.0005915064,0.0009997118,0.0016975126,0.003001055
6832000,0.00022162778,0.00035756148,0.0006078335,0.0009936884,0.0017019351,0.002963221
6840000,0.0002270866,0.0003669732,0.000623533,0.0009968508,0.0017606383,0.00291542
6848000,0.00023231338,0.00037646978,0.0006387545,0.0009690383,0.0017602607,0.0029018263
6856000,0.00023714664,0.00038596883,0.0006537129,0.0009252722,0.0017930848,0.0028834387
6864000,0.00024172633,0.00039536855,0.000668188,0.0009306929,0.0017824695,0.0028482685
6872000,0.00024603785,0.0004045389,0.00068217027,0.00088376383,0.0017637619,0.0028431783
6880000,0.00024978974,0.00041363,0.00069593336,0.0008538569,0.0018195893,0.0028397697
6888000,0.00025335688,0.00042278456,0.00070946215,0.00083616807,0.0018120781,0.002832115
6896000,0.00025669034,0.00043178466,0.00072236295,0.00082911237,0.0017961643,0.0027550342
6904000,0.00025966225,0.00044044224,0.0007345772,0.00078697986,0.0018067247,0.0027278964
6912000,0.0002623671,0.00044916247,0.0007462871,0.00077680696,0.0018337874,0.002694981
6920000,0.0002647605,0.0004576835,0.00075729383,0.0007398588,0.0017914207,0.002607672
6928000,0.00026667106,0.0004660407,0.00076737616,0.0006964819,0.0018434006,0.0025622637
6936000,0.00026834902,0.0004744769,0.00077712775,0.00070627074,0.0018343726,0.0025642538
6944000,0.00026996827,0.00048267585,0.00078686257,0.00071393215,0.0018446068,0.0026444187
6952000,0.00027151016,0.0004906784,0.00079677306,0.00070082914,0.0018105723,0.0026520016
6960000,0.00027280115,0.00049832894,0.00080642075,0.0006777321,0.0018074187,0.0026530055
6968000,0.00027391213,0.0005057592,0.0008159019,0.0006906204,0.0017929103,0.0026576675
6976000,0.00027500378,0.00051303743,0.0008249732,0.00066189235,0.0017974055,0.002609476
6984000,0.00027559832,0.00052017276,0.0008336599,0.00062703574,0.0017927213,0.0026003313
6992000,0.00027597943,0.00052713265,0.0008420257,0.0006025461,0.0017833806,0.0025769533
7000000,0.00027557492,0.00053304224,0.00084937084,0.0005635979,0.0017349725,0.002581568
7008000,0.00027481842,0.0005390022,0.0008564975,0.00052310457,0.0018293144,0.0025540767
7016000,0.0002737737,0.00054531073,0.0008632344,0.0005130087,0.0018356682,0.0025052999
7024000,0.00027267836,0.0005514327,0.00086937216,0.00048664137,0.0018159928,0.002423859
7032000,0.0002713213,0.00055751804,0.0008750675,0.00048526668,0.00186608,0.0024134542
7040000,0.000269908,0.0005638911,0.0008805003,0.00044904885,0.0018947122,0.002358372
7048000,0.0002682248,0.000570418,0.0008855401,0.0004542843,0.0019388498,0.0023356455
7056000,0.00026689976,0.00057742704,0.0008902781,0.0005138505,0.0020131506,0.0022927981
7064000,0.0002659102,0.0005847003,0.0008945204,0.0005492071,0.0020228717,0.0021886947
7072000,0.00026494663,0.0005919177,0.0008980048,0.00052076404,0.0020225567,0.0021284672
7080000,0.00026368225,0.0005989647,0.0009011643,0.00047968994,0.0019882391,0.0021037264
7088000,0.00026204024,0.00060565956,0.00090416276,0.00043507564,0.0019585718,0.0020766624
7096000,0.00026018798,0.0006122791,0.000907084,0.00040280158,0.0019739706,0.0020567025
7104000,0.00025794553,0.0006187531,0.0009099203,0.00035408183,0.0019317196,0.0020738537
7112000,0.0002555202,0.0006247737,0.0009130951,0.00034091703,0.0018608357,0.0020854275
7120000,0.0002529638,0.0006302879,0.0009162043,0.00033486995,0.0018281887,0.0020734686
7128000,0.0002506368,0.00063566264,0.00091942167,0.00037069496,0.0018373445,0.0020829274
7136000,0.00024825655,0.0006412111,0.0009228097,0.00031996408,0.0018561005,0.0020946467
7144000,0.00024549983,0.00064683275,0.0009265209,0.00027062398,0.0018748556,0.0021306153
7152000,0.00024230011,0.0006524945,0.00093048863,0.00021595207,0.0018715045,0.0021425786
7160000,0.00023893875,0.0006582454,0.0009345516,0.00019578663,0.0019025548,0.002115571
7168000,0.00023549642,0.0006643356,0.00093858375,0.00019297523,0.0019480219,0.0021282306
7176000,0.00023195357,0.00067066395,0.00094286306,0.00015919871,0.0019773555,0.002125778
7184000,0.00022808324,0.00067727215,0.0009473228,0.000103659426,0.0019989891,0.0021500674
7192000,0.00022391972,0.000684104,0.00095226854,7.560205e-05,0.0020428346,0.0022179948
7200000,0.00021961046,0.00069122727,0.0009577726,4.362861e-05,0.0020668472,0.002243225
7208000,0.00021418904,0.0006962043,0.00096082315,-3.9227947e-05,0.0020794694,0.002244446
7216000,0.00020828743,0.0007012126,0.00096416456,-9.713561e-05,0.002070189,0.002266823
7224000,0.00020209464,0.0007062927,0.000967729,-0.000121791374,0.0021152324,0.0022227033
7232000,0.00019595616,0.00071154616,0.0009711186,-0.0001220846,0.0021178268,0.002211939
7240000,0.00018970142,0.0007167936,0.00097479945,-0.0001357245,0.0020872455,0.0022234106
7248000,0.00018359038,0.0007220772,0.0009788452,-0.00012899724,0.0021243715,0.0022409102
7256000,0.00017756084,0.00072772574,0.0009833111,-0.00013421454,0.0021508082,0.0022637944
7264000,0.000171767,0.0007332762,0.0009879409,-8.3745115e-05,0.0020999284,0.0022552176
7272000,0.00016642497,0.0007385497,0.0009930165,-5.27591e-05,0.002069115,0.0022910435
7280000,0.00016099574,0.0007438413,0.0009983173,-0.00011325479,0.0020862217,0.002274234
7288000,0.00015532244,0.00074909494,0.0010039851,-0.00012124539,0.0020415143,0.002330658
7296000,0.00014966272,0.00075428,0.0010103396,-0.0001543716,0.0020713941,0.0023513497
7304000,0.00014378698,0.0007597795,0.0010165947,-0.00018875256,0.0020874543,0.0022882859
7312000,0.00013781115,0.0007654207,0.0010228598,-0.0001928922,0.0020790766,0.0023040827
7320000,0.00013186909,0.00077093864,0.0010295056,-0.00020511083,0.00204858,0.0022909825
7328000,0.00012567388,0.0007758717,0.0010361022,-0.00027810142,0.0019248859,0.0022859112
7336000,0.00011909908,0.0007801905,0.0010433145,-0.00033050246,0.0018728974,0.0023550491
7344000,0.00011222141,0.00078448706,0.0010509731,-0.00035095855,0.001893825,0.0023606508
7352000,0.000105469095,0.00078883267,0.0010589247,-0.00032649335,0.0018665759,0.0023684173
7360000,9.903455e-05,0.00079299626,0.0010671137,-0.00029858924,0.0018320513,0.0023588669
7368000,9.267981e-05,0.0007971422,0.0010756094,-0.00032873082,0.001847022,0.002398478
7376000,8.631751e-05,0.0008015911,0.0010844795,-0.00030710013,0.0018836488,0.0024089399
7384000,8.0099395e-05,0.00080633356,0.0010939671,-0.00032646774,0.001905833,0.0025029927
7392000,7.393443e-05,0.00081138697,0.0011043013,-0.00031720052,0.0019150038,0.0025357178
7400000,6.7979156e-05,0.00081657653,0.0011149978,-0.00029292854,0.0019227528,0.0025823612
7408000,6.2085324e-05,0.00082189555,0.0011264775,-0.00031774753,0.001933805,0.002659727
7416000,5.5899596e-05,0.0008216914,0.0011343488,-0.00029835608,0.0018754364,0.0026783242
7424000,4.9912258e-05,0.0008213463,0.0011428995,-0.0003511354,0.001875538,0.0027484505
7432000,4.3499076e-05,0.0008210759,0.001152126,-0.0004038923,0.0018596489,0.0027680348
7440000,3.7005004e-05,0.0008206888,0.0011615384,-0.0004033707,0.0018040654,0.0027229239
7448000,3.0624473e-05,0.0008200434,0.0011708466,-0.00038942153,0.0017778781,0.0026875217
7456000,2.4713314e-05,0.0008191818,0.0011802819,-0.00032956485,0.0017281827,0.0026735435
7464000,1.9112404e-05,0.0008184378,0.0011900316,-0.0003273254,0.0017678372,0.0027008636
7472000,1.3607863e-05,0.0008179918,0.0011999609,-0.000330787,0.0017475089,0.0026435442
7480000,8.010246e-06,0.0008172229,0.00120987,-0.0003667212,0.0016843344,0.0026481275
7488000,2.3183977e-06,0.0008162083,0.0012201846,-0.00037598264,0.0016431807,0.002663036
7496000,-3.5113776e-06,0.0008148371,0.0012308653,-0.00042415454,0.0015729727,0.0026804847
7504000,-9.770259e-06,0.00081332284,0.0012421834,-0.0005028112,0.0015634241,0.0027453187
7512000,-1.619165e-05,0.00081197405,0.0012540059,-0.00047018475,0.001596405,0.0027591726
7520000,-2.2460148e-05,0.0008110411,0.001266075,-0.0005030766,0.001620027,0.0027347652
7528000,-2.8547329e-05,0.00081018463,0.001278259,-0.00043646918,0.0015964032,0.0027419429
7536000,-3.4342236e-05,0.0008092136,0.0012907154,-0.00047524858,0.0015487294,0.002734216
7544000,-4.028051e-05,0.0008081586,0.0013033863,-0.00046551207,0.0015719235,0.0027428258
7552000,-4.6228997e-05,0.00080754247,0.001316352,-0.0005095341,0.001594309,0.002740084
7560000,-5.2503132e-05,0.0008069645,0.0013294099,-0.00055324973,0.0015732741,0.0027145664
7568000,-5.8728267e-05,0.0008064659,0.0013425443,-0.0005187722,0.0015660624,0.002711154
7576000,-6.472055e-05,0.00080590654,0.0013558723,-0.0005232834,0.0015461564,0.002716297
7584000,-7.0638314e-05,0.0008052093,-0.0008189678,-0.00051280705,0.0014912058,0.0027127555
7592000,-7.6386335e-05,0.00080418907,-0.002930425,-0.0005170408,0.0014456268,0.0026928266
7600000,-8.216597e-05,0.0008034876,-0.0049800724,-0.000518455,0.0015146297,0.0027441569
7608000,-8.794248e-05,0.00080306723,-0.0069693998,-0.0005402482,0.001480812,0.0027826838
7616000,-9.359648e-05,0.0008026247,-0.008900471,-0.0004953506,0.0014932026,0.0027794305
7624000,-9.789833e-05,0.00079574925,-0.010775566,-0.00049758976,0.0014490295,0.002805772
7632000,-0.000102177226,0.00078906683,-0.015870035,-0.0004882594,0.0014893357,0.002744349
7640000,-0.00010615427,0.0007825182,-0.020816907,-0.0004441783,0.0014506747,0.002728719
7648000,-0.00010959181,0.0007760167,-0.02561991,-0.00037653183,0.0014547189,0.002739127
7656000,-0.000112442714,0.000769476,-0.030283406,-0.00033306648,0.0013859286,0.0026945102
7664000,-0.00011498583,0.0007625539,-0.03481157,-0.00030164808,0.0013491954,0.002649422
7672000,-0.000117468466,0.0007556592,-0.039208174,-0.00032585155,0.0013355749,0.0026485517
7680000,-0.000119871096,0.00074881816,-0.043459803,-0.00032036687,0.0013094586,0.0026550621
7688000,-0.00012221733,0.00074175536,-0.047587633,-0.0003158253,0.0012609635,0.002643371
7696000,-0.00012450022,0.00073470233,-0.05159513,-0.00032063157,0.0012751048,0.0026350336
7704000,-0.00012674795,0.00072791945,-0.05548583,-0.00033072065,0.0012809294,0.0026327744
7712000,-0.0001290961,0.0007213393,-0.059262693,-0.00034997257,0.0012753174,0.0026804302
7720000,-0.0001315099,0.0007149305,-0.0629288,-0.00037654742,0.0012956257,0.0027310306
7728000,-0.00013386451,0.0007086068,-0.06520989,-0.0003348579,0.00126202,0.0027497802
7736000,-0.00013583402,0.0007023011,-0.06742353,-0.00031765352,0.0012712813,0.00278816
7744000,-0.0001377942,0.00069628755,-0.0695717,-0.00033484798,0.0012710396,0.0027897274
7752000,-0.00013981211,0.000690452,-0.07165651,-0.00035514633,0.0012952428,0.0027856235
7760000,-0.00014204899,0.00068482896,-0.07367965,-0.00040331687,0.0012925486,0.0028132387
7768000,-0.00014437837,0.0006793302,-0.07564269,-0.00037331058,0.0012624972,0.0028387976
7776000,-0.00014643704,0.00067365146,-0.077547446,-0.00036254004,0.0012383383,0.0028574492
7784000,-0.00014820408,0.0006679895,-0.07937517,-0.0003281342,0.0012149415,0.0028841365
7792000,-0.00015001583,0.00066240353,-0.08114853,-0.00037442503,0.0012335106,0.002852545
7800000,-0.00015197264,0.00065694033,-0.082869306,-0.00039232196,0.0011889294,0.002873359
7808000,-0.00015414025,0.0006511803,-0.084538594,-0.00041756764,0.0011324475,0.0029218043
7816000,-0.00015632981,0.0006451779,-0.086157724,-0.00041551233,0.0010990553,0.002970379
7824000,-0.00015832347,0.00063926145,-0.08772823,-0.00035142404,0.0011208429,0.0030020985
7832000,-0.0001591106,0.0006306776,-0.08863612,-0.0003459024,0.0010571283,0.0029624763
7840000,-0.00015994249,0.0006218848,-0.08951639,-0.00037397142,0.0010313453,0.002992298
7848000,-0.00016105764,0.00061320624,-0.09036941,-0.00041090214,0.0010158682,0.0030206738
7856000,-0.00016227995,0.00060449855,-0.09119594,-0.0004182685,0.0009809358,0.0030680131
7864000,-0.00016353288,0.00059550407,-0.091996804,-0.0004136838,0.0009103553,0.0030924734
7872000,-0.00016465317,0.0005865024,-0.092772916,-0.00051909615,0.000722622,0.0030610887
7880000,-0.00016665147,0.00057598064,-0.09324925,-0.000509345,0.00070164155,0.003065928
7888000,-0.00016861486,0.0005651508,-0.09371035,-0.0005076731,0.0006119688,0.003023859
7896000,-0.00017047311,0.00055405905,-0.09415663,-0.0004849905,0.00056704256,0.0030554445
7904000,-0.00017234792,0.0005424158,-0.0945883,-0.0005223461,0.000466932,0.0030576764
7912000,-0.00017473819,0.00053019746,-0.095006086,-0.00057646865,0.0003908812,0.0030197373
7920000,-0.00017721641,0.00051796454,-0.09541027,-0.0005412804,0.00041879655,0.003053029
7928000,-0.00017967801,0.0005057426,-0.09492946,-0.0005869239,0.00039282872,0.00308882
7936000,-0.00018253594,0.0004936091,-0.09446118,-0.0006163412,0.00038320158,0.0030237932
7944000,-0.00018552024,0.0004811614,-0.09400509,-0.00061405986,0.0002890551,0.0030290901
7952000,-0.00018835365,0.00046826375,-0.09356061,-0.0005699107,0.0002492775,0.00304218
7960000,-0.0001908259,0.00045533673,-0.09312709,-0.00052196847,0.00024380823,0.0030873537
7968000,-0.00019275995,0.00044231932,-0.092704296,-0.00043802251,0.00020756814,0.003112899
7976000,-0.0001945137,0.000429357,-0.09229198,-0.00048029856,0.00021284119,0.0031352502
7984000,-0.00019629418,0.00041646432,-0.09154445,-0.00043463297,0.00020928167,0.003156597
7992000,-0.00019792223,0.0004037836,-0.09081715,-0.00043503413,0.00020729867,0.00310218
8000000,-0.0001998155,0.0003909035,-0.090109654,-0.0005018981,0.00014139697,0.003083607
8008000,-0.00020203965,0.00037782997,-0.08942105,-0.00051998394,0.0001124119,0.003090501
8016000,-0.00020457045,0.00036454815,-0.08875072,-0.0005509187,5.3779255e-05,0.0031190612
8024000,-0.00020706106,0.0003508551,-0.088098064,-0.00056128274,-6.289538e-06,0.003138645
8032000,-0.00020968501,0.00033693286,-0.08745465,-0.0005576416,-3.903395e-05,0.0031245898
8040000,-0.00021134736,0.0003226907,-0.08683046,-0.0005623268,-5.1140873e-05,0.0031275393
8048000,-0.00021303723,0.00030831553,-0.08622289,-0.0005744722,-0.000108659246,0.0031049035
8056000,-0.00021491373,0.0002938271,-0.085631505,-0.0006001408,-0.00013619152,0.0031337813
8064000,-0.00021677358,0.00027914974,-0.08505574,-0.00057924114,-0.000185278,0.0031088253
8072000,-0.00021849903,0.0002645428,-0.084495485,-0.0005867037,-0.0002052557,0.0030640897
8080000,-0.00022045478,0.00024958237,-0.08417032,-0.000638486,-0.00030971062,0.0030614077
8088000,-0.00022279426,0.00023436385,-0.08385316,-0.00068134506,-0.00032704938,0.0030517401
8096000,-0.00022534779,0.0002189631,-0.08354368,-0.0006963576,-0.00040317417,0.0030810921
8104000,-0.00022813858,0.00020319542,-0.08324159,-0.0007493987,-0.00045638985,0.00310268
8112000,-0.00023101264,0.00018733212,-0.08294691,-0.00070950395,-0.00049880106,0.003069127
8120000,-0.00023343936,0.0001711867,-0.08265942,-0.00065228774,-0.00056820904,0.00307229
8128000,-0.00023543104,0.00015488063,-0.08226854,-0.0006097318,-0.00059631973,0.0030495324
8136000,-0.00023707928,0.00013855392,-0.08188744,-0.00057603663,-0.0006344217,0.0030996178
8144000,-0.00023835228,0.000121984805,-0.08151579,-0.0005282578,-0.00069870433,0.0030858077
8152000,-0.00023948877,0.00010524477,-0.08115378,-0.0005322068,-0.00073629606,0.0030585455
8160000,-0.0002406565,8.8461384e-05,-0.08080082,-0.0005417777,-0.00077378674,0.0031013188
8168000,-0.00024180592,7.166518e-05,-0.08045628,-0.00052986975,-0.00079084974,0.0031578685
8176000,-0.00024277875,5.465371e-05,-0.08012012,-0.0005006161,-0.000871151,0.0031663885
8184000,-0.000243592,3.7560534e-05,-0.079785556,-0.0005024239,-0.0008626401,0.0031820198
8192000,-0.00024438495,2.0873138e-05,-0.07945905,-0.0005033329,-0.0008337738,0.003232883
8200000,-0.0002452106,4.4832873e-06,-0.07914027,-0.0005012046,-0.00083051465,0.0032452496
8208000,-0.00024604364,-1.1468523e-05,-0.078829445,-0.0005075547,-0.0007959595,0.0032340914
8216000,-0.00024691454,-2.719394e-05,-0.078526266,-0.0005215155,-0.0008259818,0.003234214
8224000,-0.00024761667,-4.3079228e-05,-0.07823023,-0.00050690514,-0.0008752641,0.0032976144
8232000,-0.0002481254,-5.8888727e-05,-0.077418566,-0.00047680442,-0.0008907468,0.003345368
8240000,-0.0002485762,-7.452024e-05,-0.07662879,-0.00049809675,-0.00085750414,0.0033377584
8248000,-0.00024797753,-8.800212e-05,-0.07586404,-0.00050243374,-0.0008468664,0.0032909848
8256000,-0.00024729487,-0.00010148792,-0.075120434,-0.0004973727,-0.00092175446,0.0032440545
8264000,-0.0002466285,-0.00011525269,-0.074397326,-0.00048459886,-0.0009466908,0.0032338346
8272000,-0.00024567384,-0.00012878666,-0.07369392,-0.000438553,-0.0009352028,0.003210412
8280000,-0.0002443887,-0.00014200929,-0.07266851,-0.0004206749,-0.0009244177,0.0032273652
8288000,-0.00024306808,-0.00015492433,-0.07167131,-0.0004189277,-0.0009253637,0.0032512203
8296000,-0.00024179945,-0.00016754835,-0.070701554,-0.0004472186,-0.00092052534,0.003253635
8304000,-0.00024056967,-0.00018002713,-0.0697586,-0.0004162694,-0.00091692567,0.0032649445
8312000,-0.00023899028,-0.00019208014,-0.068841614,-0.00034974856,-0.0008871194,0.0032587592
8320000,-0.00023691222,-0.00020400419,-0.06795015,-0.00032075573,-0.0009338005,0.0032411036
8328000,-0.0002345814,-0.00021567773,-0.0658278,-0.0002839456,-0.00088016223,0.003235766
8336000,-0.0002320358,-0.00022682577,-0.063765734,-0.00025991548,-0.00086542947,0.0031982716
8344000,-0.00022918227,-0.0002377186,-0.061762396,-0.0002181324,-0.0008801447,0.0031697736
8352000,-0.00022599213,-0.00024862937,-0.059815954,-0.00017389929,-0.00091333705,0.0031708803
8360000,-0.00022265308,-0.0002597388,-0.05792476,-0.00017724311,-0.0009768255,0.0031377478
8368000,-0.00021929131,-0.00027104758,-0.056087393,-0.00017012512,-0.0010099813,0.0031139362
8376000,-0.00021581554,-0.0002822309,-0.054302175,-0.00014474777,-0.0010061053,0.0031251768
8384000,-0.00021187087,-0.00029301885,-0.052514732,-7.172708e-05,-0.0009734001,0.0032165064
8392000,-0.00020785781,-0.00030353817,-0.050777208,-0.00010727387,-0.0009964915,0.0033108976
8400000,-0.00020376804,-0.00031418086,-0.049088668,-6.7285946e-05,-0.0010402991,0.00325969
8408000,-0.00019973144,-0.000324813,-0.04744824,-0.00011466771,-0.0010538305,0.0032372135
8416000,-0.0001959976,-0.00033530392,-0.045854315,-0.00013660698,-0.0010484661,0.0032318344
8424000,-0.00019233664,-0.00034579323,-0.04430554,-0.00014111807,-0.001101851,0.0032074258
8432000,-0.0001888554,-0.0003561725,-0.042288966,-0.00017387548,-0.0010682037,0.0031938995
8440000,-0.00018552245,-0.0003661053,-0.04032986,-0.00016930803,-0.001042419,0.0031548275
8448000,-0.00018220581,-0.0003754823,-0.038426675,-0.00018139719,-0.00097634376,0.0031345729
8456000,-0.00017872968,-0.0003817885,-0.036582693,-0.00015325448,-0.0010096702,0.0031381894
8464000,-0.00017496217,-0.00038793567,-0.034791112,-0.00012073471,-0.0009857505,0.0031601975
8472000,-0.0001711207,-0.000393932,-0.03305026,-0.00012550803,-0.0010025726,0.0031904986
8480000,-0.00016734541,-0.00039976917,-0.031024734,-0.00012034684,-0.0010083924,0.0032005226
8488000,-0.00016354577,-0.00040552375,-0.02905693,-0.00012769789,-0.0010111625,0.0032106186
8496000,-0.00015963752,-0.00041107563,-0.02714506,-7.3084346e-05,-0.0010050214,0.0032444417
8504000,-0.00015543491,-0.0004163325,-0.025287483,-6.173175e-05,-0.000974531,0.0032497554
8512000,-0.00015141598,-0.00042116528,-0.023482824,-8.789153e-05,-0.00093997474,0.0032561643
8520000,-0.00014751461,-0.00042555973,-0.021729834,-8.6148524e-05,-0.0009095145,0.003213329
8528000,-0.0001435461,-0.0004296178,-0.019709148,-5.9772912e-05,-0.0008895262,0.0031592012
8536000,-0.0001393634,-0.00043331078,-0.017746583,-3.5655583e-05,-0.0008472606,0.0031499576
8544000,-0.00013510096,-0.00043670478,-0.015839819,-2.8436456e-05,-0.0008837243,0.0031974313
8552000,-0.00013103914,-0.00044032943,-0.013987217,-6.442082e-05,-0.00091984496,0.003228866
8560000,-0.00012683986,-0.00044379232,-0.01218757,7.872972e-06,-0.0008736608,0.003188441
8568000,-0.00012229214,-0.00044699854,-0.010439407,3.91863e-05,-0.0008946303,0.0032028374
8576000,-0.000117550844,-0.00045009176,-0.008741427,6.524266e-05,-0.0008724218,0.0031519958
8584000,-0.000112579946,-0.00045256678,-0.007181201,0.00010393816,-0.0007740821,0.0031375436
8592000,-0.00010750117,-0.00045422898,-0.005665604,0.00010560859,-0.0007159265,0.0031338073
8600000,-0.000102652404,-0.0004554656,-0.00419328,7.527898e-05,-0.00068491633,0.0031472465
8608000,-9.782996e-05,-0.00045633066,-0.0027630366,9.4935625e-05,-0.00067983044,0.0031061566
8616000,-9.2799215e-05,-0.0004570986,-0.0013739355,0.00014367761,-0.000660382,0.003087436
8624000,-8.765694e-05,-0.00045777642,-2.4579465e-05,0.00014769626,-0.0006639435,0.0030752558
8632000,-8.227967e-05,-0.00045833993,0.0014641844,0.00020843887,-0.00065583666,0.003086891
8640000,-7.677584e-05,-0.00045857538,0.0029103495,0.00017705033,-0.00060072064,0.003065334
8648000,-7.116475e-05,-0.00045841254,0.004315108,0.00026486494,-0.0005937044,0.0030492123
8656000,-6.525141e-05,-0.00045805957,0.00567957,0.00026320762,-0.00056444795,0.0030359752
8664000,-5.9932965e-05,-0.00045630924,0.0069987066,0.00032839424,-0.0005459087,0.0030590747
8672000,-5.4296474e-05,-0.00045417252,0.008280426,0.00034895222,-0.00048070942,0.0030845157
8680000,-4.8641556e-05,-0.00045153612,0.009457659,0.00033073907,-0.0004401205,0.0030318473
8688000,-4.325236e-05,-0.00044860892,0.010601038,0.00033700303,-0.00042677255,0.0030268438
8696000,-3.773287e-05,-0.00044532333,0.011711596,0.00035807828,-0.0003627841,0.0030239178
8708000,-3.2080734e-05,-0.000441671,0.012790145,0.00036038336,-0.00035332234,0.002990421
8712000,-2.6794278e-05,-0.00043772755,0.013837578,0.00032769763,-0.00029145292,0.0029561927
8720000,-2.1629787e-05,-0.000433322,0.014854902,0.00031689028,-0.0002529462,0.0029841203
8728000,-1.6603744e-05,-0.00042871563,0.015404385,0.00030707993,-0.00026854235,0.002973344
8736000,-1.1794874e-05,-0.0004240477,0.015938025,0.0002821958,-0.0002066844,0.0029478157
8744000,-7.3322335e-06,-0.00041862813,0.01645647,0.00024832846,-0.00013012635,0.0029835107
8752000,-3.1151133e-06,-0.00041289497,0.016960364,0.0002191524,-0.00012623762,0.0029809342
8760000,7.3249555e-07,-0.0004073086,0.017449789,0.00018982572,-0.0001652042,0.002965438
8768000,4.305586e-06,-0.00040192762,0.017925117,0.00015864111,-0.00018046868,0.0029368182
8776000,7.644036e-06,-0.00039665925,0.018386727,0.00014390891,-0.00019718336,0.0029229675
8784000,1.0898239e-05,-0.00039152658,0.018812228,0.00015583429,-0.00020752383,0.0029067146
8792000,1.422684e-05,-0.00038617954,0.019225761,0.00017319986,-0.00017801643,0.0029536125
8800000,1.757754e-05,-0.0003808629,0.019627647,0.00018201198,-0.00020340447,0.0029225906
8808000,2.097063e-05,-0.00037565228,0.020017836,0.00019287005,-0.00019623285,0.0028889368
8816000,2.4228508e-05,-0.00037039656,0.020396832,0.0001670209,-0.00020771907,0.0029204285
8824000,2.7353079e-05,-0.00036518765,0.020765116,0.00016644312,-0.00026331248,0.0028712852
8832000,3.025433e-05,-0.00036056733,0.021146324,0.00012070638,-0.0003377292,0.0028925263
8840000,3.285783e-05,-0.0003564305,0.021516778,0.00010689295,-0.00037812683,0.0028972588
8848000,3.552331e-05,-0.00035242224,0.021876749,0.00016379669,-0.00038202072,0.0028972465
8856000,3.8452374e-05,-0.00034848362,0.022226451,0.00016406336,-0.00039125967,0.0028804494
8864000,4.1346673e-05,-0.00034455673,0.022566354,0.00019541582,-0.00038263804,0.0029370608
8872000,4.320144e-05,-0.00034118432,0.022890508,0.00014742564,-0.00035693127,0.0029240826
8880000,4.4525175e-05,-0.00033770982,0.023245748,9.9838835e-05,-0.000357057,0.0029316305
8888000,4.5775556e-05,-0.00033420633,0.02359065,0.00015248693,-0.0003507311,0.0028723625
8896000,4.7311678e-05,-0.00033068136,0.023925364,0.00017100121,-0.00036080673,0.0028493127
8904000,4.8978924e-05,-0.00032741003,0.024250386,0.0001889339,-0.00038338313,0.0028573184
8912000,5.0676033e-05,-0.0003241579,0.024566188,0.00018862468,-0.0003763018,0.0028421853
8920000,5.234104e-05,-0.00032098778,0.024872897,0.00021341874,-0.00038425295,0.0028504403
8928000,5.4220574e-05,-0.00031789724,0.025553564,0.00021454995,-0.00039771586,0.0028252986
8936000,5.581307e-05,-0.00031473537,0.026214782,0.00019664127,-0.0003532004,0.0028674554
8944000,5.7429243e-05,-0.0003112576,0.026857387,0.0002062686,-0.0003181318,0.0029107847
8952000,5.9064863e-05,-0.00030765389,0.02748175,0.00022219993,-0.0003166078,0.0029166127
8960000,6.0820137e-05,-0.00030424484,0.02808826,0.0002382985,-0.00035587564,0.0029279613
8968000,6.257058e-05,-0.00030108503,0.028677363,0.00024364064,-0.00037058635,0.0028986654
8976000,6.432413e-05,-0.00029803813,0.029249214,0.00023306975,-0.0003682977,0.0028558855
8984000,6.599852e-05,-0.00029489875,0.029556993,0.00023286557,-0.0003275001,0.0028405592
8992000,6.7585985e-05,-0.00029164634,0.02985585,0.0002288252,-0.0003639869,0.0028198236
9000000,6.915324e-05,-0.0002886763,0.030145828,0.00024026197,-0.0003681377,0.002763629
9008000,7.068539e-05,-0.00028599863,0.030427422,0.00022428311,-0.00042213924,0.0027833607
9016000,7.2273164e-05,-0.00028350946,0.030701129,0.00026258538,-0.0004118509,0.0028000157
9024000,7.385603e-05,-0.0002810577,0.03096693,0.00022128066,-0.0004456367,0.0027673962
9032000,7.488367e-05,-0.0002787365,0.03061717,0.00014065752,-0.00042771877,0.0027203767
9040000,7.533443e-05,-0.0002763369,0.030277258,0.00010523359,-0.00041216047,0.002699191
9048000,7.564113e-05,-0.00027385683,0.029947134,8.5928616e-05,-0.00040006102,0.0026965144
9056000,7.5578624e-05,-0.00027138312,0.029626643,2.9821364e-05,-0.00040928667,0.0026962005
9064000,7.524126e-05,-0.00026885103,0.029315442,2.9311319e-05,-0.00037125478,0.0026895395
9072000,7.481018e-05,-0.00026605837,0.029013341,-7.027831e-06,-0.00032431624,0.0026909632
9080000,7.3729425e-05,-0.00026406816,0.028492345,-1.7631262e-05,-0.00028091302,0.00267719
9088000,7.249845e-05,-0.00026211215,0.027986445,-3.771477e-05,-0.00031624676,0.0026847895
9096000,7.132965e-05,-0.00026021988,0.02749534,-8.377407e-06,-0.00028199996,0.002718403
9104000,7.032411e-05,-0.00025816218,0.027018584,1.3973709e-06,-0.00027681404,0.002719007
9112000,6.935912e-05,-0.00025626304,0.02655553,1.3912753e-05,-0.00029314455,0.002695934
9120000,6.835598e-05,-0.00025434422,0.026105788,-6.5474705e-07,-0.00028135258,0.0026795499
9128000,6.7408524e-05,-0.0002522462,0.025474075,2.7108164e-05,-0.0002298624,0.002582694
9136000,6.662965e-05,-0.00024995176,0.024860445,3.3815122e-05,-0.00021625799,0.0026214875
9144000,6.56733e-05,-0.00024757607,0.024264542,-7.0821025e-06,-0.00021946579,0.002562553
9152000,6.442378e-05,-0.00024543764,0.023685494,-4.5767825e-05,-0.00024529247,0.0025414557
9160000,6.293911e-05,-0.0002435358,0.023123173,-4.109449e-05,-0.0002783493,0.0025290106
9168000,6.150058e-05,-0.00024199089,0.022577077,-5.430136e-05,-0.00032396847,0.0025244278
9176000,6.0008726e-05,-0.00024086284,0.022046715,-4.5408946e-05,-0.000366798,0.002497342
9184000,5.8475154e-05,-0.00024007188,0.021348212,-5.290629e-05,-0.00040040087,0.0024394544
9192000,5.708453e-05,-0.00023930907,0.020669535,-2.4030713e-05,-0.00034456942,0.0023992276
9200000,5.566398e-05,-0.00023817796,0.020010188,-4.5959907e-05,-0.00032180425,0.0023607092
9208000,5.422026e-05,-0.00023689638,0.019369552,-4.1007865e-05,-0.00030093562,0.0022845792
9216000,5.275365e-05,-0.00023584087,0.018747156,-4.7611346e-05,-0.00034496965,0.0022775414
9224000,5.1304538e-05,-0.0002349826,0.018142726,-1.8189312e-05,-0.0003731755,0.00227259
9232000,4.9880146e-05,-0.00023427147,0.017667146,-4.8813938e-05,-0.00037607245,0.0022926764
9240000,4.8246406e-05,-0.00023364974,0.017205745,-7.265458e-05,-0.00036284255,0.0023494768
9248000,4.6301833e-05,-0.00023312047,0.01675815,-0.00011763464,-0.00041292567,0.0023698253
9256000,4.410646e-05,-0.00023315886,0.016323637,-0.0001400005,-0.0004963934,0.0023788968
9264000,4.1692183e-05,-0.00023360514,0.015902063,-0.00015807472,-0.0004777617,0.0024138803
9272000,3.929133e-05,-0.00023369132,0.015493083,-0.00014274799,-0.0004277981,0.0024322963
9280000,3.7106944e-05,-0.00023388033,0.015059332,-0.000116987096,-0.0004707806,0.0024019284
9288000,3.4968496e-05,-0.00023423186,0.0146312965,-0.0001258375,-0.00048738506,0.0023355447
9296000,3.2744396e-05,-0.00023462388,0.01421542,-0.00014474077,-0.00046619715,0.0022987209
9304000,3.0335177e-05,-0.00023499833,0.013811367,-0.00016736207,-0.000473707,0.0022720979
9312000,2.759163e-05,-0.00023548628,0.013418982,-0.0002473937,-0.00048705528,0.002278163
9320000,2.4498533e-05,-0.0002360089,0.013038306,-0.00022366407,-0.00047428987,0.0023094942
9328000,2.1357348e-05,-0.0002363907,0.01227423,-0.0002918073,-0.00043677044,0.002279237
9336000,1.7782064e-05,-0.00023666269,0.011532122,-0.00031874405,-0.00046069475,0.0022472807
9344000,1.4189339e-05,-0.00023720915,0.010811566,-0.00029830175,-0.00047541386,0.0022574225
9352000,1.0621744e-05,-0.00023785775,0.010111725,-0.000319075,-0.00048358185,0.002205679
9360000,6.9643893e-06,-0.00023864851,0.009432113,-0.00032653153,-0.0005144685,0.0022188227
9368000,3.093397e-06,-0.00023982266,0.008772451,-0.00037101566,-0.00056720956,0.0022407237
9376000,-9.499772e-07,-0.00024136498,0.008131919,-0.00036441442,-0.00060690846,0.0021961555
9384000,-4.8428606e-06,-0.00024327438,0.007643761,-0.000339548,-0.0006299631,0.002188409
9392000,-8.5457295e-06,-0.00024520277,0.00716985,-0.00032887442,-0.00061473163,0.0021927184
9400000,-1.2332751e-05,-0.000247093,0.0067098886,-0.00034538546,-0.0006136999,0.0021843086
9408000,-1.5968695e-05,-0.0002490554,0.0062632654,-0.00030805933,-0.0006179842,0.0021770624
9416000,-1.967871e-05,-0.00025098387,0.0058299303,-0.00036930072,-0.00061581493,0.0022020147
9424000,-2.3716486e-05,-0.00025277643,0.00540929,-0.00039447242,-0.0006248422,0.002162117
9432000,-2.7943453e-05,-0.0002546031,0.0047457535,-0.00042313474,-0.0006088778,0.0021363655
9440000,-3.232264e-05,-0.0002563536,0.00410158,-0.0004292028,-0.00061629957,0.0021361252
9448000,-3.6767862e-05,-0.000258321,0.0034761038,-0.00044744005,-0.0006609293,0.0021052824
9456000,-4.114868e-05,-0.00026076054,0.002868751,-0.00041510485,-0.0007116216,0.0020954823
9464000,-4.528216e-05,-0.00026326452,0.002279248,-0.00039958095,-0.00068305497,0.0021164012
9472000,-4.944171e-05,-0.00026573008,0.0017072819,-0.00042074698,-0.00070966646,0.0021681497
9480000,-5.3837477e-05,-0.00026856188,0.0011288915,-0.000463829,-0.0007546655,0.002161154
9488000,-5.8445792e-05,-0.0002717699,0.000567453,-0.00046859134,-0.00079815293,0.002173327
9496000,-6.220576e-05,-0.00027468707,1.6750768e-05,-0.00043779195,-0.00083592907,0.0021856155
9504000,-6.553468e-05,-0.00027792092,-0.00051791593,-0.00040335028,-0.0008709234,0.0021348873
9512000,-6.901688e-05,-0.00028116736,-0.001037309,-0.0004535624,-0.00083792495,0.0020962344
9520000,-7.259365e-05,-0.00028440013,-0.0015414599,-0.00043604473,-0.0008560918,0.0021277694
9528000,-7.616323e-05,-0.00028765373,-0.0022177044,-0.00045289117,-0.0008402835,0.0021011473
9536000,-7.994276e-05,-0.00029082617,-0.002874229,-0.0004932614,-0.0008397521,0.0021133577
9544000,-8.39767e-05,-0.00029416027,-0.003511561,-0.0005027463,-0.00085544883,0.002079017
9552000,-8.777768e-05,-0.00029735066,-0.004130397,-0.00044358862,-0.00082138495,0.0020584923
9560000,-9.127486e-05,-0.00030050086,-0.0047311783,-0.0004230558,-0.00082446303,0.002068077
9568000,-9.444668e-05,-0.0003034825,-0.00531424,-0.00039052646,-0.0007759268,0.0020415685
9576000,-9.7585165e-05,-0.00030603833,-0.00588065,-0.00040302373,-0.00072337355,0.0019774507
9584000,-0.0001007494,-0.00030807816,-0.0065121874,-0.0004079881,-0.0006503951,0.0018789816
9592000,-0.00010407156,-0.00031004363,-0.007125575,-0.00041117286,-0.00068645296,0.0018937048
9600000,-0.000107143904,-0.00031218174,-0.007720856,-0.0003904315,-0.0006967064,0.0019071613
9608000,-0.0001103574,-0.00031436054,-0.0082983915,-0.0004286119,-0.0006991676,0.0019351173
9616000,-0.00011384124,-0.00031671475,-0.008858904,-0.00045981575,-0.00072245183,0.001922209
9624000,-0.00011738136,-0.00031918075,-0.009403162,-0.0004697715,-0.0007503299,0.0018521923
9632000,-0.000120928155,-0.00032170882,-0.01005175,-0.00048009166,-0.00073800626,0.0018335489
9640000,-0.00012462966,-0.00032436353,-0.010681178,-0.0004936552,-0.00076394615,0.0018662987
9648000,-0.00012810106,-0.00032714292,-0.011291876,-0.00044260925,-0.0007711905,0.0018751628
9656000,-0.00013142326,-0.00033006197,-0.011884697,-0.00043125596,-0.0008155503,0.0018512397
9664000,-0.00013429864,-0.0003335715,-0.012460519,-0.00038158844,-0.0008900917,0.0017631978
9672000,-0.00013700515,-0.00033745333,-0.013019759,-0.00036330818,-0.0009069913,0.0017424866
9680000,-0.00013983223,-0.0003413116,-0.013536679,-0.00040808736,-0.00089412346,0.0017908452
9688000,-0.00014284243,-0.00034529413,-0.014038279,-0.0004360062,-0.000916337,0.0017702376
9696000,-0.00014602134,-0.00034928837,-0.014524949,-0.00042551014,-0.0009077984,0.0017838252
9704000,-0.00014728983,-0.00035126987,-0.015003385,-0.00040179334,-0.0008552799,0.0017509721
9712000,-0.00014861005,-0.00035278412,-0.015467628,-0.0004205508,-0.00081106764,0.0017842263
9720000,-0.0001500487,-0.0003543592,-0.015917774,-0.00042449083,-0.0008529272,0.0018152801
9728000,-0.00015127016,-0.00035626066,-0.016566984,-0.0004005556,-0.0008833358,0.0018681136
9736000,-0.00015276037,-0.00035816606,-0.017196773,-0.00046232523,-0.00084664964,0.0018997787
9744000,-0.00015454045,-0.00036017306,-0.017807616,-0.00047308393,-0.0008963953,0.0019499618
9752000,-0.00015633338,-0.0003623603,-0.018400205,-0.0004728817,-0.00089288,0.001935033
9760000,-0.00015822035,-0.00036444186,-0.01897555,-0.0004987799,-0.0008645082,0.0019029245
9768000,-0.00016026669,-0.0003665256,-0.019533949,-0.0004884357,-0.0008732973,0.0018852976
9776000,-0.00016223127,-0.00036879763,-0.020076167,-0.0005060627,-0.00092426076,0.0018288434
9784000,-0.00016443279,-0.0003715121,-0.020668406,-0.0005317591,-0.00094127614,0.0017949902
9792000,-0.00016673419,-0.00037414863,-0.021243313,-0.00053665455,-0.0009177176,0.0017832846
9800000,-0.00016904675,-0.00037678244,-0.021801185,-0.00051937986,-0.00094387453,0.0017875918
9808000,-0.0001710269,-0.000379619,-0.022342592,-0.00047243785,-0.0009527492,0.001776252
9816000,-0.00017295092,-0.00038253563,-0.022867816,-0.00049587956,-0.0009583865,0.0017856477
9824000,-0.00017481002,-0.00038520744,-0.023377642,-0.0004834051,-0.0009756582,0.0017266758
9832000,-0.00017652118,-0.00038790918,-0.024135992,-0.00047718463,-0.0009805557,0.0016527824
9840000,-0.00017849728,-0.0003905297,-0.02487233,-0.0005408891,-0.00094203197,0.0016104013
9848000,-0.00018093191,-0.00039325748,-0.025587281,-0.00057482504,-0.0009873033,0.0016048852
9856000,-0.0001834266,-0.0003961019,-0.026281258,-0.00056928996,-0.0009807457,0.0015831415
9864000,-0.0001858528,-0.0003989265,-0.026954757,-0.0005636122,-0.00096925994,0.0016023583
9876000,-0.0001883524,-0.00040180236,-0.027608426,-0.000580029,-0.0009961859,0.0015734234
9884000,-0.0001909477,-0.000404837,-0.028197516,-0.0005855125,-0.0010061346,0.0015603239
9892000,-0.0001933485,-0.00040807156,-0.028769026,-0.0005366982,-0.001034719,0.0015878057
9900000,-0.00019538774,-0.00041132176,-0.029323483,-0.00048949313,-0.0009987559,0.0015669634
9908000,-0.00019729328,-0.00041412123,-0.029861614,-0.0005086047,-0.0009332852,0.0015593681
9916000,-0.00019813767,-0.0004147713,-0.030389648,-0.00055231364,-0.00093361083,0.0015016675
9924000,-0.00019911697,-0.00041545823,-0.030902412,-0.0005579008,-0.0009065895,0.0014827775
9932000,-0.00020037027,-0.00041580037,-0.03117174,-0.0005949982,-0.0008668305,0.0014367433
9940000,-0.00020162223,-0.0004160009,-0.03143319,-0.0005626951,-0.00083777355,0.0014059617
9948000,-0.00020278616,-0.0004160512,-0.031686615,-0.0005718847,-0.0008421026,0.0014297526
9956000,-0.00020394831,-0.0004162734,-0.03193222,-0.0005485092,-0.0008579774,0.0014062814
9964000,-0.00020502173,-0.00041648748,-0.032170646,-0.0005471811,-0.0008327475,0.0013529835
9972000,-0.00020629601,-0.00041664147,-0.032401927,-0.0005920129,-0.000830455,0.0013369934
9980000,-0.00020781302,-0.00041703045,-0.032626122,-0.00060515077,-0.00088821584,0.0013398501
9988000,-0.00020941564,-0.00041782839,-0.032925565,-0.0006003098,-0.0009120211,0.0013472058
9996000,-0.0002109155,-0.00041871573,-0.03321578,-0.0005729224,-0.0008987048,0.0013719745
10004000,-0.00021219355,-0.00041944446,-0.03349707,-0.00054928835,-0.0008685541,0.0013547868
10012000,-0.00021339461,-0.00042002357,-0.033769708,-0.000551608,-0.000852397,0.0013752613
10020000,-0.00021472004,-0.00042063923,-0.034033876,-0.0005598607,-0.00086888473,0.0013959236
10028000,-0.0002152743,-0.00042048644,-0.034620382,-0.0005636224,-0.00085934676,0.0014216353
10036000,-0.00021586924,-0.00042050553,-0.035174906,-0.00052692293,-0.0008659757,0.0014668051
10044000,-0.00021626509,-0.0004209617,-0.035701536,-0.00049587636,-0.0009263052,0.001476481
10052000,-0.00021647185,-0.0004219195,-0.036203958,-0.0004716569,-0.0009743279,0.0014602591
10060000,-0.00021660632,-0.0004233928,-0.036684807,-0.00045258668,-0.0010139468,0.0014400115
10068000,-0.00021647649,-0.0004251549,-0.037146226,-0.00040424505,-0.0010152672,0.001403897
10076000,-0.00021627924,-0.00042689792,-0.037590116,-0.000424971,-0.0010157487,0.0013565989
10084000,-0.00021641469,-0.00042895888,-0.037822023,-0.0004672184,-0.001064902,0.0013658309
10092000,-0.00021670152,-0.00043140084,-0.038045116,-0.000452929,-0.0010854312,0.0013630854
10100000,-0.00021707437,-0.00043404766,-0.038260132,-0.00047956014,-0.0011142512,0.0013051272
10108000,-0.00021762602,-0.0004369739,-0.03846756,-0.0005001207,-0.0011312779,0.0013536228
10116000,-0.00021714905,-0.0004379667,-0.03867252,-0.00050446135,-0.0011244603,0.0013190374
10124000,-0.00021671022,-0.00043888684,-0.038870875,-0.0004808416,-0.0011120712,0.001255739
10132000,-0.00021603654,-0.00043986554,-0.03910634,-0.00046968507,-0.0011155031,0.0012760364
10140000,-0.00021564425,-0.00044097195,-0.03933392,-0.00052212295,-0.0011079895,0.0012747826
10148000,-0.00021546212,-0.00044196533,-0.03955404,-0.0005079707,-0.0010937906,0.0012793969
10156000,-0.00021519569,-0.00044315605,-0.039766833,-0.0005073697,-0.0011222649,0.0013371494
10164000,-0.00021496085,-0.00044444329,-0.039972395,-0.00048957125,-0.0011068806,0.0013404622
10172000,-0.00021468342,-0.0004455378,-0.040171515,-0.0005028268,-0.0010550643,0.0013029539
10180000,-0.00021455853,-0.0004464355,-0.04029438,-0.00050377834,-0.0010590936,0.0012819519
10188000,-0.00021424607,-0.0004475324,-0.040413216,-0.00047264088,-0.0010660571,0.0012555225
10196000,-0.0002137562,-0.0004485296,-0.040528253,-0.00044108572,-0.0010319896,0.0012211283
10204000,-0.00021328508,-0.0004493504,-0.040639512,-0.00045930364,-0.0009944263,0.0012335719
10212000,-0.00021288326,-0.00045002392,-0.04074677,-0.00044837187,-0.0009981086,0.0012357412
10220000,-0.00021228091,-0.00045090224,-0.040850494,-0.00042688972,-0.000999623,0.0011965274
10228000,-0.00021192478,-0.00045167623,-0.040991817,-0.00043712594,-0.0009622931,0.0011759559
10236000,-0.0002116883,-0.00045239244,-0.041128665,-0.00045908563,-0.0009603876,0.0011504994
10244000,-0.00021170733,-0.00045305767,-0.041261002,-0.00047762264,-0.00093347335,0.0011639771
10252000,-0.00021172797,-0.00045368265,-0.041388825,-0.00047294504,-0.00093817804,0.001190031
10260000,-0.00021196045,-0.00045440014,-0.0415121,-0.00051852374,-0.0009264042,0.0012006528
10268000,-0.00021246931,-0.0004550273,-0.0416314,-0.0005210492,-0.0009089291,0.0011631264
10276000,-0.0002129872,-0.00045551138,-0.041746765,-0.00051261636,-0.00089408003,0.0011767157
10284000,-0.00021352539,-0.00045626677,-0.041894604,-0.0005272791,-0.00092612964,0.0011690847
10292000,-0.00021438194,-0.00045698532,-0.04203783,-0.00056880736,-0.0008861943,0.0011071748
10300000,-0.00021520439,-0.00045752226,-0.042176787,-0.00051475747,-0.00088115095,0.001068512
10308000,-0.00021574834,-0.00045857203,-0.042311445,-0.00047909754,-0.00095432514,0.0010233118
10316000,-0.00021605991,-0.0004598196,-0.042441968,-0.0004714721,-0.00093241245,0.0010091837
10324000,-0.00021521686,-0.00045813218,-0.04257386,-0.00050763827,-0.0008832128,0.0010139447
10332000,-0.00021464398,-0.0004561849,-0.04254252,-0.0004996389,-0.00084449974,0.0010350619
10340000,-0.00021401004,-0.00045423553,-0.04251173,-0.0005078581,-0.00085117697,0.00096616003
10348000,-0.00021347137,-0.0004523802,-0.042481773,-0.00048165972,-0.00084159104,0.00092288246
10356000,-0.00021282455,-0.0004504699,-0.04245216,-0.0005003712,-0.0008106849,0.0009625306
10364000,-0.00021256994,-0.00044836427,-0.042422883,-0.00054647616,-0.00078891596,0.0008984744
10372000,-0.00021249773,-0.0004464209,-0.042394523,-0.0005402307,-0.00081612775,0.00082944875
10380000,-0.0002126286,-0.0004446765,-0.04239504,-0.0005704028,-0.00080417533,0.00081361755
10388000,-0.00021287725,-0.00044302022,-0.042394966,-0.0005478358,-0.00082342105,0.00083439454
10396000,-0.00021281157,-0.0004414818,-0.04239443,-0.0005116373,-0.00080392754,0.0008220459
10404000,-0.00021284909,-0.00043981412,-0.042393144,-0.000532108,-0.0007712125,0.0008825372
10412000,-0.00021290961,-0.0004377299,-0.042391222,-0.00051992625,-0.0006753438,0.0008542543
10420000,-0.00021298781,-0.00043534982,-0.042388875,-0.00051176257,-0.00068609155,0.0008916257
10428000,-0.00021272566,-0.00043343226,-0.04233861,-0.00046586693,-0.000693806,0.0008835435
10436000,-0.00021219555,-0.00043154278,-0.04228933,-0.00045415232,-0.0006507948,0.0009154514
10444000,-0.0002115527,-0.0004293492,-0.04224063,-0.00040564936,-0.0006263166,0.000923848
10452000,-0.00021065815,-0.00042723925,-0.042192817,-0.00040126068,-0.0006185584,0.0009151395
10460000,-0.00020981756,-0.00042500583,-0.042145893,-0.0003784382,-0.00058557227,0.00092371606
10468000,-0.00020877334,-0.00042248532,-0.0420997,-0.00035737583,-0.00053138036,0.00093698833
10476000,-0.00020766936,-0.00041962197,-0.04205398,-0.00034521834,-0.0004771859,0.0009828018
10484000,-0.00020647555,-0.0004163441,-0.04201739,-0.000317606,-0.00040413198,0.0010372035
10492000,-0.00020505939,-0.00041273126,-0.041980807,-0.0002815463,-0.00036298382,0.0010778197
10500000,-0.00020345101,-0.00040893737,-0.04194456,-0.00026784596,-0.0003350429,0.0010802901
10512000,-0.00020199346,-0.0004051291,-0.041909028,-0.00029109116,-0.00035188708,0.0010268774
10516000,-0.00020080082,-0.00040163903,-0.041874144,-0.00033929775,-0.00038811975,0.0010132985
10524000,-0.00019983345,-0.0003984143,-0.041839678,-0.00030171304,-0.0003877114,0.0010419814
10532000,-0.0001972359,-0.00039247205,-0.041635197,-0.00026627013,-0.0004172199,0.0010094596
10540000,-0.000194513,-0.00038668892,-0.041436438,-0.00024998444,-0.00038968274,0.0009699848
10548000,-0.00019151185,-0.00038075022,-0.041243076,-0.00017793932,-0.0003470999,0.00092904404
10556000,-0.00018813988,-0.00037468705,-0.041054927,-0.00013955297,-0.00035512215,0.00094468106
10564000,-0.00018449027,-0.000368765,-0.04087145,-0.00011818475,-0.00032635572,0.00097055355
10572000,-0.00018075504,-0.00036272433,-0.040692545,-7.744508e-05,-0.00030314896,0.0009773396
10580000,-0.00017662223,-0.00035662475,-0.040528063,-3.3171564e-05,-0.00027458274,0.00096908724
10588000,-0.00017261246,-0.00035026035,-0.040367834,-7.040545e-05,-0.0002343457,0.00094438065
10596000,-0.00016876524,-0.00034407055,-0.040212043,-5.091003e-05,-0.0002765456,0.00088162074
10608000,-0.0001647209,-0.0003381509,-0.040060822,-1.6934217e-05,-0.00027430404,0.00080849795
10612000,-0.00016059355,-0.00033233396,-0.039913733,-1.256398e-05,-0.00026955127,0.00079648633
10620000,-0.00015645623,-0.00032655417,-0.039770655,1.6815543e-06,-0.00026302398,0.0007522192
10628000,-0.00015267068,-0.00032147492,-0.039367206,-2.2662309e-05,-0.00030207232,0.0007648415
10636000,-0.00014893527,-0.00031665378,-0.038974885,1.4092886e-05,-0.00030296738,0.00075957313
10644000,-0.00014521382,-0.00031179798,-0.038593225,-9.521955e-06,-0.0002755124,0.0007763082
10652000,-0.00014165294,-0.0003068503,-0.038222004,-1.6851305e-05,-0.00024350487,0.00077515206
10660000,-0.00013820296,-0.00030184284,-0.037861004,-9.780445e-06,-0.0002479469,0.00075764634
10668000,-0.00013442535,-0.00029704685,-0.037510037,6.681094e-05,-0.0002570559,0.0007442313
10676000,-0.00013023308,-0.00029236567,-0.037168574,9.5469804e-05,-0.00026771388,0.0007720324
10684000,-0.00012630933,-0.00028802155,-0.036757257,4.3957436e-05,-0.0002928557,0.0007822712
10692000,-0.00012251723,-0.0002839373,-0.03635737,5.2956006e-05,-0.00031345387,0.00074561447
10700000,-0.00011878749,-0.00028004198,-0.035968248,5.989858e-05,-0.00032927777,0.00083676056
10708000,-0.00011507606,-0.00027650967,-0.035589147,5.7514884e-05,-0.00035311314,0.00091489806
10716000,-0.000111441695,-0.00027312865,-0.035219956,7.189425e-05,-0.0003515963,0.0009444809
10724000,-0.00010764284,-0.00026987222,-0.03486059,9.26015e-05,-0.00035901516,0.000993273
10732000,-0.00010371216,-0.00026657965,-0.034589734,0.00012779758,-0.00031832693,0.001019382
10740000,-9.858041e-05,-0.0002617373,-0.034333184,0.00012716693,-0.00034781324,0.0009825793
10748000,-9.3612194e-05,-0.00025714812,-0.034083627,0.00011704376,-0.00033892327,0.0009896206
10756000,-8.871864e-05,-0.00025254878,-0.033841033,0.000120690194,-0.00033030476,0.00091828685
10764000,-8.3928906e-05,-0.00024809001,-0.033605315,0.000106501204,-0.00034039718,0.0008839174
10772000,-7.9366735e-05,-0.00024348668,-0.03337627,8.520008e-05,-0.0002572642,0.0008691268
10780000,-7.492056e-05,-0.00023854109,-0.0329907,9.68931e-05,-0.0002410005,0.0008630429
10788000,-7.033952e-05,-0.00023376176,-0.032616045,0.00012812077,-0.0002504073,0.000818104
10796000,-6.568809e-05,-0.0002288184,-0.032251798,0.0001504319,-0.00017680554,0.00083204097
10804000,-6.079608e-05,-0.00022351737,-0.031897657,0.00018689138,-0.00015152247,0.0007996269
10812000,-5.5759145e-05,-0.00021838228,-0.031553473,0.00021200695,-0.00019306481,0.0007825691
10824000,-5.0657913e-05,-0.00021366806,-0.031218883,0.00023014542,-0.00018990533,0.00077822007
10828000,-4.5686786e-05,-0.00020870447,-0.030966,0.00022124307,-0.00017170458,0.0007961178
10836000,-4.088208e-05,-0.00020372454,-0.030720133,0.00021721018,-0.00017218967,0.0007727714
10844000,-3.6253925e-05,-0.00019910962,-0.0304808,0.00018988077,-0.00021698444,0.0008216886
10852000,-3.2053526e-05,-0.0001948687,-0.030247655,0.0001313325,-0.00024831062,0.0008322613
10860000,-2.8366436e-05,-0.00019083725,-0.030020848,9.0227295e-05,-0.0002449578,0.0008090637
10868000,-2.4818824e-05,-0.00018697305,-0.02980025,9.358592e-05,-0.000275719,0.0008348603
10876000,-2.141051e-05,-0.0001832676,-0.029585173,9.740599e-05,-0.00024722939,0.00088609185
10884000,-1.772962e-05,-0.0001794877,-0.029310225,0.00014601256,-0.0002384848,0.0008807794
10892000,-1.3994489e-05,-0.00017579459,-0.029042877,0.00014695324,-0.00023068977,0.0008714216
10900000,-1.0339097e-05,-0.00017182072,-0.028782692,0.00012918182,-0.00017084331,0.0008960861
10908000,-6.9570287e-06,-0.00016776708,-0.028529648,0.00010843828,-0.00016843923,0.0008522575
10916000,-3.4886841e-06,-0.00016378336,-0.028283918,0.0001616647,-0.00017520493,0.0007958157
10924000,4.450954e-07,-0.00015976973,-0.028044954,0.00024354657,-0.00011741087,0.0008312488
10932000,4.7787835e-06,-0.0001554334,-0.028031928,0.00025884865,-0.000109108776,0.00086235115
10940000,9.075469e-06,-0.00015128813,-0.028018882,0.0002615209,-0.00012349829,0.0008292345
10948000,1.3199168e-05,-0.00014692408,-0.028010812,0.00027006352,-0.00012708805,0.00083990325
10956000,1.7540882e-05,-0.00014259154,-0.02800259,0.00031964603,-0.00011287754,0.0008365169
10964000,2.2152068e-05,-0.00013799981,-0.027994243,0.00035368296,-4.2880445e-05,0.0008338196
10972000,2.6886308e-05,-0.0001331817,-0.027986053,0.00035583437,-4.3591168e-05,0.00079140987
10980000,3.1595475e-05,-0.00012842628,-0.027979411,0.00037277458,-1.840269e-05,0.0007997143
10988000,3.648104e-05,-0.00012359957,-0.027972348,0.00041508029,-1.7643733e-05,0.00085590075
10996000,4.147239e-05,-0.000119067496,-0.027964909,0.00040267085,-7.275985e-05,0.000868025
11004000,4.6286714e-05,-0.00011496594,-0.027957298,0.00039031735,-9.447829e-05,0.0008687915
11012000,5.114381e-05,-0.00011105906,-0.027949495,0.00044533706,-0.0001055334,0.00088459795
11020000,5.638739e-05,-0.00010732945,-0.027941497,0.00047534317,-0.000101335885,0.00088832463
11028000,6.1734914e-05,-0.00010338667,-0.028039249,0.00049049116,-5.780479e-05,0.0008755601
11036000,6.704575e-05,-9.918855e-05,-0.028134111,0.0004861648,-7.6228225e-06,0.0008356686
11044000,7.221369e-05,-9.4783034e-05,-0.028226048,0.00047004517,1.00307716e-07,0.0008480226
11052000,7.728154e-05,-9.047564e-05,-0.028315106,0.00047500108,-3.4474456e-06,0.0008147047
11060000,8.2537365e-05,-8.617109e-05,-0.028401444,0.0005343441,1.9723666e-05,0.00082046073
11068000,8.808484e-05,-8.181448e-05,-0.02848498,0.00054037414,1.7981947e-05,0.0008097083
11076000,9.3381605e-05,-7.7748235e-05,-0.028565858,0.00050637365,-1.3471183e-05,0.00080701144
11084000,9.845845e-05,-7.365277e-05,-0.028609313,0.00047404974,2.0110496e-05,0.00077380275
11092000,0.000103051614,-6.978513e-05,-0.028651677,0.0004266831,-3.788463e-05,0.00072614895
11100000,0.00010732488,-6.625795e-05,-0.028692633,0.0003921388,-3.9325983e-05,0.00072452327
11108000,0.00011151758,-6.284514e-05,-0.028732195,0.00043208347,-5.1027015e-05,0.00070808525
11116000,0.00011608387,-5.9461832e-05,-0.028770413,0.00047646707,-4.052069e-05,0.00072178897
11124000,0.00012095201,-5.6501707e-05,-0.028806925,0.0005227326,-0.00013297149,0.0007722327
11132000,0.00012595905,-5.4042343e-05,-0.0289433,0.0005252406,-0.00012473388,0.00074967765
11140000,0.00013097441,-5.1265e-05,-0.029075643,0.0005263627,-7.792312e-05,0.00073194725
11148000,0.00013595255,-4.8581882e-05,-0.029203905,0.0005439604,-0.00011223445,0.00074455846
11156000,0.00014015756,-4.62435e-05,-0.029331703,0.0005437793,-0.00011705537,0.00074535946
11164000,0.00014427071,-4.403631e-05,-0.029455658,0.00053528,-0.00015121337,0.0007496733
11172000,0.00014862797,-4.2006417e-05,-0.029575445,0.00060907064,-0.000111070636,0.00081434473
11180000,0.00015343039,-3.9539347e-05,-0.029731099,0.0006495652,-5.427285e-05,0.0008792427
11188000,0.00015846232,-3.6960166e-05,-0.029881455,0.00068189413,-6.419434e-05,0.00092320406
11196000,0.00016381245,-3.449564e-05,-0.030027224,0.0007198035,-6.704831e-05,0.00089202943
11204000,0.00016912544,-3.235487e-05,-0.03016864,0.0006808764,-0.00012691227,0.00087341625
11212000,0.00017399462,-3.059185e-05,-0.030305851,0.000636018,-0.00014510826,0.00085766066
11220000,0.00017856201,-2.913649e-05,-0.030438937,0.0005946149,-0.00018182922,0.0008345415
11228000,0.00018266357,-2.7923192e-05,-0.030457357,0.0004968352,-0.00022322146,0.0008694505
11236000,0.00018624452,-2.6978458e-05,-0.030474635,0.00048600056,-0.00020555437,0.00090251036
11244000,0.00018982653,-2.5919366e-05,-0.030490777,0.0005145856,-0.00019199037,0.0009440802
11252000,0.0001936571,-2.5065647e-05,-0.0305059,0.0005193892,-0.00025027787,0.00095342554
11260000,0.00019741464,-2.4596007e-05,-0.030520469,0.00049958925,-0.00025914714,0.0008983616
11268000,0.0002007763,-2.430809e-05,-0.030534606,0.0004534202,-0.00029811598,0.00087692117
11276000,0.00020410737,-2.4396077e-05,-0.03054799,0.0004889006,-0.00031356895,0.00088140985
11284000,0.00020747224,-2.4382878e-05,-0.030546421,0.00045432118,-0.00028881987,0.00088684197
11292000,0.00021051079,-2.454899e-05,-0.03054454,0.00042851843,-0.00032897698,0.0008704632
11300000,0.00021325721,-2.4880139e-05,-0.030542513,0.00037842456,-0.00031338388,0.0008677039
11308000,0.00021574183,-2.5142395e-05,-0.030540248,0.00037148688,-0.00030312844,0.00083645614
11316000,0.00021825763,-2.5295549e-05,-0.030537803,0.00039513517,-0.0002863353,0.0008608564
11324000,0.00022084394,-2.539735e-05,-0.030535117,0.00037815055,-0.00026722735,0.00083718845
11332000,0.00022303697,-2.5429426e-05,-0.030521786,0.00031288117,-0.00023946284,0.0008432958
11340000,0.00022465027,-2.5142343e-05,-0.030508569,0.000245308,-0.00021958203,0.0008158863
11348000,0.00022592049,-2.5208223e-05,-0.030495686,0.00021452575,-0.00027696352,0.00077589613
11356000,0.00022680001,-2.554063e-05,-0.030482834,0.00017474512,-0.0002828046,0.0008033148
11364000,0.00022553232,-2.6107238e-05,-0.030475063,0.00018342846,-0.00027796644,0.0007715574
11372000,0.00022438164,-2.6654467e-05,-0.030467348,0.00021747279,-0.00028409256,0.0007548437
11380000,0.00022335348,-2.7237735e-05,-0.030433519,0.00019893002,-0.00026576137,0.000703081
11388000,0.00022205242,-2.7709653e-05,-0.030400941,0.00016082847,-0.00026614018,0.00064406375
11396000,0.0002205604,-2.8310886e-05,-0.030369163,0.00015910932,-0.0002458931,0.0006277869
11404000,0.00021914601,-2.8590512e-05,-0.030338056,0.00014717791,-0.00022538022,0.0006535042
11412000,0.0002176189,-2.9051864e-05,-0.030307412,0.00014615842,-0.00025254127,0.00066057424
11420000,0.00021607302,-2.9578792e-05,-0.030277126,0.0001514131,-0.0002281098,0.0006943662
11428000,0.00021456247,-2.9843295e-05,-0.030432006,0.00014366051,-0.00018774343,0.0006635682
11436000,0.0002129411,-3.0117162e-05,-0.030582542,0.00014057891,-0.00021136952,0.0006263843
11444000,0.00021139218,-3.0346222e-05,-0.030728687,0.00013997611,-0.00015849393,0.0005928578
11452000,0.00020984554,-3.006751e-05,-0.030870466,0.0001584901,-0.00010683025,0.00059694203
11460000,0.00020859369,-2.975358e-05,-0.031007992,0.00021003667,-0.00010107754,0.0005903812
11468000,0.00020771183,-2.9337672e-05,-0.031141426,0.00023314408,-0.000105005776,0.0005755578
11476000,0.0002068387,-2.9156849e-05,-0.031270623,0.00024347247,-0.0001373927,0.0006003625
11484000,0.00020644681,-2.9320136e-05,-0.031406302,0.000302738,-0.00017109784,0.00063465536
11492000,0.000206085,-2.9627523e-05,-0.031537455,0.00027800875,-0.0001781207,0.00067532965
11500000,0.00020565181,-3.0025665e-05,-0.03166429,0.0002816975,-0.00017699342,0.0007093086
11508000,0.00020530113,-3.0336427e-05,-0.031787317,0.00028791284,-0.00016000104,0.0006509429
11516000,0.00020488289,-3.0736235e-05,-0.03190694,0.00026973983,-0.00017632444,0.00060111645
11524000,0.00020436654,-3.1241296e-05,-0.03202303,0.00024217542,-0.0001823606,0.0006167916
11532000,0.00020347536,-3.181262e-05,-0.032089893,0.00020119715,-0.00020069373,0.000566399
11540000,0.00020259968,-3.256097e-05,-0.03215493,0.00022937302,-0.0001952632,0.00054559496
11548000,0.00020199512,-3.3092096e-05,-0.032217965,0.00027235955,-0.00014753037,0.0005053975
11556000,0.0002015329,-3.3318614e-05,-0.032279495,0.00025919036,-0.000119087104,0.0004137298
11564000,0.00020126703,-3.36046e-05,-0.03233954,0.00031619842,-0.00014382758,0.0003884956
11572000,0.00020022184,-3.308974e-05,-0.032400914,0.00034153595,-0.00015060614,0.00042870798
11580000,0.00019948886,-3.274195e-05,-0.03246209,0.00036689691,-0.00018151081,0.00044369616
11588000,0.00019869162,-3.2707918e-05,-0.032521285,0.00032543423,-0.00019711074,0.0004292813
11596000,0.00019775759,-3.2611773e-05,-0.032578703,0.00036082361,-0.00018656897,0.0004013593
11604000,0.00019739635,-3.2466873e-05,-0.032634314,0.00043307003,-0.00014714818,0.0004078674
11612000,0.00019721428,-3.194698e-05,-0.032688327,0.0003857865,-0.00011444236,0.00035840072
11620000,0.00019673673,-3.1414555e-05,-0.032740485,0.00038450694,-0.0001275036,0.00040914302
11628000,0.00019640998,-3.133293e-05,-0.032715056,0.00041072353,-0.00021109462,0.00039772847
11636000,0.00019625494,-3.1687003e-05,-0.03269001,0.00043422604,-0.0002176055,0.00043132537
11644000,0.00019637017,-3.1870433e-05,-0.032665245,0.00046135954,-0.00018074113,0.00044696618
11652000,0.00019659844,-3.1999745e-05,-0.03264076,0.00045672967,-0.00017792691,0.0004708024
11660000,0.0001966764,-3.18487e-05,-0.032616626,0.00043170893,-0.00012616633,0.00047175417
11668000,0.00019675988,-3.1672673e-05,-0.032592967,0.00044292057,-0.0001336988,0.00044350384
11676000,0.00019688075,-3.133677e-05,-0.032570057,0.00041786546,-0.00010470337,0.00041348484
11684000,0.00019671714,-3.0842886e-05,-0.032496326,0.00040774944,-8.070949e-05,0.00037812177
11692000,0.00019669876,-3.0208916e-05,-0.0324252,0.00040891313,-5.9920316e-05,0.0002508743
11700000,0.00019688484,-2.9615325e-05,-0.0323563,0.0004717933,-7.646287e-05,0.000270428
11708000,0.00019765936,-2.895658e-05,-0.03228905,0.0005281714,-5.9325503e-05,0.00026258358
11716000,0.0001986215,-2.8389431e-05,-0.03222363,0.0005285169,-8.1786544e-05,0.00024714356
11724000,0.00019946518,-2.8199142e-05,-0.032159913,0.0004939215,-0.0001435042,0.00023296541
11732000,0.00020010225,-2.8140927e-05,-0.032013174,0.00046990177,-0.00011737914,0.00025356343
11740000,0.00020041094,-2.8008904e-05,-0.031870157,0.00040188147,-0.000111909576,0.00025490017
11748000,0.00020052632,-2.7693986e-05,-0.031731047,0.0004239673,-7.653863e-05,0.00027581002
11756000,0.00020077168,-2.721133e-05,-0.03159532,0.00041664645,-5.1036874e-05,0.00031217473
11764000,0.0002009927,-2.6620148e-05,-0.031463314,0.0004218236,-4.667697e-05,0.00027812098
11772000,0.00020144311,-2.597538e-05,-0.03133487,0.00045746242,-3.076109e-05,0.00028870578
11780000,0.00020169748,-2.4517461e-05,-0.03117191,0.0004803353,-4.1741845e-05,0.00028300885
11788000,0.00020220251,-2.3043403e-05,-0.031013506,0.0004895741,-8.443568e-06,0.00026028525
11796000,0.00020252565,-2.149192e-05,-0.030859325,0.00043218254,-3.143734e-05,0.00030517788
11804000,0.00020257395,-2.0082982e-05,-0.030709106,0.00042984798,-1.1205716e-05,0.00030115314
11812000,0.00020262411,-1.83354e-05,-0.030562904,0.0004152744,3.857296e-05,0.00032680787
11820000,0.00020266946,-1.6529546e-05,-0.030420633,0.0004161588,1.8394388e-05,0.00031692765
11828000,0.00020266371,-1.4714725e-05,-0.030309048,0.0004214237,1.8658902e-05,0.00037824098
11836000,0.00020266237,-1.2775229e-05,-0.030199949,0.00040695295,4.592133e-05,0.0004244831
11844000,0.00020264923,-1.0605466e-05,-0.0300937,0.0004059859,6.1486775e-05,0.0003896942
11852000,0.0002026933,-8.646712e-06,-0.029990211,0.00041605186,9.239078e-06,0.00043249683
11860000,0.00020278191,-7.1470704e-06,-0.029889103,0.00040117992,-2.426314e-05,0.00045510536
11868000,0.00020276428,-5.8623873e-06,-0.029790558,0.00039937437,-6.337462e-05,0.00045112695
11876000,0.00020303171,-5.0206845e-06,-0.029694654,0.00045238947,-0.00011781845,0.00044771875
11884000,0.00020381236,-4.3875507e-06,-0.029638167,0.0005136389,-9.9280696e-05,0.00047150732
11892000,0.00020489261,-3.6125057e-06,-0.029582724,0.0005230464,-9.6625256e-05,0.0005055927
11900000,0.00020610854,-2.85308e-06,-0.029528482,0.0005327026,-8.961914e-05,0.00051337597
11908000,0.0002073475,-2.2252373e-06,-0.02947554,0.00052939594,-0.0001154174,0.0004969533
11916000,0.00020883958,-1.4493558e-06,-0.029423945,0.00057998375,-6.2573614e-05,0.0004965303
11924000,0.00021035908,-4.1738693e-07,-0.029373381,0.0005449841,-5.571308e-05,0.00053738215
11932000,0.00021186085,5.8426565e-07,-0.029330948,0.00056256494,-4.6519548e-05,0.00058928586
11940000,0.00021357677,1.5217985e-06,-0.029289356,0.00057450857,-7.388659e-05,0.0005349261
11948000,0.00021524077,2.4298715e-06,-0.029249333,0.0005494336,-5.049967e-05,0.0004586979
11956000,0.00021671155,3.3486822e-06,-0.029210588,0.0005264152,-6.190401e-05,0.00041694118
11964000,0.00021820732,4.0391587e-06,-0.029172884,0.0005410977,-0.00010806996,0.00042927937
11972000,0.00021972563,4.4302287e-06,-0.029136034,0.00053041114,-0.00012330562,0.0004034615
11980000,0.00022142248,4.7531294e-06,-0.029108178,0.0005682555,-0.0001290657,0.0004307096
11988000,0.00022231185,4.983289e-06,-0.02908424,0.00059919525,-0.00012914503,0.0004034811
11996000,0.00022336356,5.2623973e-06,-0.029060896,0.0005744363,-0.00014807908,0.00040249914
12004000,0.00022414152,5.1323104e-06,-0.029038107,0.00053527334,-0.00020295627,0.00037819502
12012000,0.00022462559,4.780631e-06,-0.029015886,0.00047776368,-0.00021098575,0.00037156185
12020000,0.00022471232,4.358174e-06,-0.028994137,0.0004334249,-0.00018534531,0.00035818474
12028000,0.00022465194,4.390528e-06,-0.029052665,0.00042201404,-0.00012817768,0.00035659337
12036000,0.00022478316,4.459826e-06,-0.02910925,0.0004459639,-0.00014889929,0.0003509605
12044000,0.0002249763,4.5418997e-06,-0.029164273,0.00045478318,-0.00012979867,0.00030995696
12052000,0.00022540012,4.862662e-06,-0.029217737,0.00047292793,-7.279206e-05,0.00029172123
12060000,0.00022590994,5.4683173e-06,-0.029269813,0.00046966682,-7.311375e-05,0.00024378052
12068000,0.00022630469,6.1017995e-06,-0.029320354,0.00042738608,-4.062239e-05,0.00024734833
12076000,0.00022641874,6.874071e-06,-0.029369377,0.00041234252,-4.2314623e-05,0.00022399063
12084000,0.00022671607,7.586737e-06,-0.029417733,0.00042965412,-5.389857e-05,0.00025534956
12092000,0.00022690525,8.1702865e-06,-0.029464528,0.0003972342,-6.589012e-05,0.00022254765
12100000,0.0002270184,8.853617e-06,-0.02950991,0.00039731333,-1.1872427e-05,0.00023754349
12108000,0.00022716513,9.887257e-06,-0.029553661,0.00038879408,2.4079e-05,0.0002596184
12116000,0.00022724431,1.1304077e-05,-0.029595898,0.00038202418,6.7083834e-05,0.00026059322
12124000,0.00022733743,1.2823039e-05,-0.029636526,0.0003827713,7.313073e-05,0.0003389827
12132000,0.00022760559,1.4403659e-05,-0.029542584,0.0004002214,8.021344e-05,0.00034651012
12140000,0.00022796229,1.5960111e-05,-0.029451134,0.0003989264,7.455555e-05,0.00037220353
12148000,0.00022826513,1.7412656e-05,-0.029362077,0.0003932443,5.9609025e-05,0.00034855373
12156000,0.00022852885,1.879261e-05,-0.029275721,0.0003597329,5.7971498e-05,0.00026310454
12164000,0.00022874116,2.02433e-05,-0.029192245,0.00038648522,8.7143555e-05,0.00021627216
12172000,0.00022904393,2.1761976e-05,-0.029111397,0.00035858608,8.952379e-05,0.00015721098
12180000,0.00022914346,2.353263e-05,-0.02901542,0.0003329038,0.00014626484,0.00021779817
12188000,0.00022918182,2.56501e-05,-0.028921459,0.0003310083,0.00016966167,0.00027006125
12196000,0.00022742817,2.7964965e-05,-0.028832825,0.00031580124,0.00016363351,0.00030296366
12204000,0.00022574463,2.9981951e-05,-0.028746594,0.00031322113,0.00011118521,0.00027733968
12212000,0.00022379072,3.155343e-05,-0.028662786,0.00027339067,5.037018e-05,0.0002706822
12220000,0.00022185715,3.285131e-05,-0.02858131,0.00027586077,5.4030344e-05,0.00024365896
12228000,0.00021985803,3.4033863e-05,-0.028495748,0.00023674963,4.444841e-05,0.00029016848
12236000,0.00021772466,3.5053257e-05,-0.028412167,0.00023826626,9.333475e-06,0.00030922546
12244000,0.00021578588,3.573867e-05,-0.02833085,0.0002616085,-6.107656e-06,0.00027415983
12252000,0.00021415167,3.656922e-05,-0.028251851,0.0003094606,2.661907e-05,0.00027422555
12260000,0.0002129882,3.7466114e-05,-0.02817493,0.00036830376,3.3123e-05,0.0002802721
12268000,0.0002124517,3.8338454e-05,-0.028099785,0.00043712236,7.180396e-06,0.00031816046
12276000,0.00021231799,3.893071e-05,-0.028026594,0.00046741543,-1.5689551e-05,0.00028056078
12284000,0.00021217103,3.9546965e-05,-0.027908668,0.0004055933,1.767246e-05,0.0002844324
12292000,0.00021162232,4.0277846e-05,-0.02779407,0.0003675641,1.8063332e-05,0.00026917932
12300000,0.00021099858,4.1151605e-05,-0.027682481,0.00038686753,6.787782e-05,0.00028629438
12308000,0.00021059556,4.2077256e-05,-0.027573919,0.0003918659,6.9577245e-06,0.00026293882
12316000,0.00021009313,4.257878e-05,-0.027468208,0.00035500748,-2.4185779e-06,0.00030302012
12324000,0.00020946714,4.322841e-05,-0.027365252,0.00035452028,2.5560448e-05,0.00028655614
12332000,0.00020884068,4.395536e-05,-0.027230587,0.00034236346,3.9143575e-05,0.00033088084
12340000,0.00020813814,4.4855573e-05,-0.027099157,0.0003270757,6.663755e-05,0.0003916768
12348000,0.0002073723,4.573363e-05,-0.026971053,0.0003038589,3.5645022e-05,0.0003927872
12356000,0.0002065481,4.6369714e-05,-0.026846267,0.00032969526,2.4779132e-05,0.00041432687
12364000,0.00020614143,4.672982e-05,-0.026724515,0.0003655174,-3.625443e-05,0.0004673182
12372000,0.00020578766,4.6501522e-05,-0.026605833,0.00032807182,-0.00011708153,0.00046014792
12380000,0.00020514996,4.5743804e-05,-0.026429914,0.00031326333,-0.00016811605,0.00045418701
12388000,0.00020455707,4.4500233e-05,-0.026258606,0.000301692,-0.00021854929,0.0005042635
12396000,0.00020386309,4.312651e-05,-0.026091587,0.00029513406,-0.00019233444,0.00053290767
12404000,0.00020191091,4.192838e-05,-0.025933325,0.00028871107,-0.00017832631,0.0005012934
12412000,0.00020009944,4.089758e-05,-0.025779068,0.00030862683,-0.00014591041,0.0005962234
12420000,0.00019832276,3.983031e-05,-0.02562846,0.00028481282,-0.00016755323,0.00062734506
12428000,0.00019637785,3.846739e-05,-0.02561333,0.0002746926,-0.00022470317,0.00056912756
12436000,0.00019434768,3.6755206e-05,-0.025598893,0.0002495376,-0.000266446,0.000532031
12444000,0.00019211177,3.4625187e-05,-0.025584728,0.00021596941,-0.000307725,0.00054198824
12452000,0.00018986972,3.2222462e-05,-0.0255705,0.00023158784,-0.00032844456,0.0005893367
12460000,0.00018765162,2.9859952e-05,-0.025556326,0.00019736512,-0.00030859202,0.0005743214
12468000,0.00018528334,2.755705e-05,-0.025542537,0.00019974059,-0.0002921853,0.0005438489
12476000,0.00018297617,2.5283765e-05,-0.025528897,0.00018066158,-0.0003027234,0.0005849433
12484000,0.00018045642,2.2961427e-05,-0.02550569,0.00014292567,-0.0002923872,0.0006096853
12492000,0.00017775157,2.0774392e-05,-0.025482656,0.00012644705,-0.00029697182,0.00064502715
12500000,0.00017517379,1.8572808e-05,-0.02545978,0.00016372674,-0.00025994083,0.0006625952
12508000,0.00017289052,1.6545404e-05,-0.02543745,0.00017330429,-0.00025891498,0.0006353123
12516000,0.00017059766,1.43457e-05,-0.025415692,0.00017503617,-0.00030722166,0.00062388007
12524000,0.00016866032,1.1950349e-05,-0.025394388,0.00023230395,-0.00028818526,0.00060345285
12532000,0.00016709542,9.497843e-06,-0.025438977,0.00024933467,-0.00033468776,0.00056492456
12540000,0.00016542606,6.8151276e-06,-0.025482183,0.00019448252,-0.00032337362,0.00058720587
12548000,0.00016338655,4.1931194e-06,-0.025523588,0.00017730595,-0.0003377132,0.00063957
12556000,0.00016146027,1.2232499e-06,-0.025563167,0.0001792125,-0.00039036278,0.00069130876
12564000,0.00015950543,-2.019231e-06,-0.025601387,0.0001674931,-0.00040497593,0.000645356
12572000,0.00015752604,-5.3605568e-06,-0.025638415,0.00016099113,-0.0004212656,0.0006764723
12580000,0.00015552444,-8.751318e-06,-0.025630698,0.00015517975,-0.00039809634,0.0006779002
12588000,0.00015338017,-1.1917883e-05,-0.025623081,0.00012347117,-0.00039199094,0.00065841933
12596000,0.00015132192,-1.5260797e-05,-0.025615584,0.00013744508,-0.0003908087,0.0006538463
12604000,0.00014926119,-1.8549204e-05,-0.025607867,0.0001541432,-0.00041937456,0.00068476115
12612000,0.00014669096,-2.1699138e-05,-0.025604006,0.00017977401,-0.00045314885,0.00062793866
12620000,0.00014422598,-2.4873903e-05,-0.02560028,0.00016354394,-0.00042462666,0.00061924744
12628000,0.00014181908,-2.7870134e-05,-0.025559938,0.00020297563,-0.0004176871,0.00059882825
12636000,0.00013977294,-3.0758707e-05,-0.025520535,0.00021107981,-0.000397711,0.0006251724
12644000,0.0001376329,-3.377032e-05,-0.025481908,0.0001985885,-0.0004318221,0.0006190104
12652000,0.00013547482,-3.6706173e-05,-0.025444351,0.00018698315,-0.00038512517,0.0005845164
12660000,0.00013315325,-3.937729e-05,-0.025407877,0.0001336714,-0.00036197543,0.0005823584
12668000,0.00013048958,-4.1939158e-05,-0.025372323,0.000105831125,-0.00035118742,0.00055606273
12676000,0.00012775401,-4.443887e-05,-0.025337763,8.688977e-05,-0.00033825834,0.00055894424
12684000,0.00012475377,-4.6948255e-05,-0.025282122,3.493819e-05,-0.00036268035,0.00059996743
12692000,0.000121333454,-4.9585542e-05,-0.02522799,-3.129347e-05,-0.00036972438,0.0005392188
12700000,0.00011771633,-5.2195108e-05,-0.025175655,-2.263127e-05,-0.000338793,0.0004976723
12708000,0.00011409242,-5.4814966e-05,-0.025124544,-4.0693987e-05,-0.00038727268,0.0005377628
12716000,0.00011040527,-5.7761972e-05,-0.025074625,-6.4746506e-05,-0.00039807646,0.00055448496
12724000,0.000106522646,-6.078475e-05,-0.025025662,-7.8307814e-05,-0.00042164008,0.00057198515
12732000,0.000102646,-6.386286e-05,-0.025120312,-8.715802e-05,-0.0003985259,0.00049885764
12740000,9.881767e-05,-6.6869725e-05,-0.02521262,-8.4309046e-05,-0.00039814535,0.00044748434
12748000,9.4959454e-05,-6.962911e-05,-0.025302472,-8.756756e-05,-0.00033434367,0.00041051593
12756000,9.135386e-05,-7.190346e-05,-0.025389735,-5.4813325e-05,-0.00029451872,0.000400537
12764000,8.804439e-05,-7.411347e-05,-0.025474645,-2.7505741e-05,-0.0003091625,0.00035614477
12772000,8.4416904e-05,-7.6551834e-05,-0.025557393,-0.00013112403,-0.0003452035,0.00031527047
12780000,8.0218844e-05,-7.939235e-05,-0.025638398,-0.00019080013,-0.00040353177,0.00032152087
12788000,7.565379e-05,-8.262353e-05,-0.025716806,-0.00021332531,-0.00043264034,0.00034905286
12796000,7.118963e-05,-8.607594e-05,-0.025792891,-0.00016921952,-0.0004629492,0.0003254554
12804000,6.685014e-05,-8.9763256e-05,-0.025866935,-0.00021918479,-0.00048732836,0.00026912207
12812000,6.237178e-05,-9.356759e-05,-0.02593898,-0.00020572485,-0.00049490354,0.00027824615
12820000,5.778134e-05,-9.5723015e-05,-0.026011618,-0.00021208865,-0.0004785006,0.00024186955
12828000,5.3050553e-05,-9.799367e-05,-0.026226379,-0.0002493926,-0.0005061147,0.00020633724
12836000,4.8223184e-05,-0.00010043292,-0.026435146,-0.0002559737,-0.00052785064,0.00018314781
12844000,4.3414384e-05,-0.000103100676,-0.026637908,-0.00024685982,-0.00051691424,0.00019522033
12852000,3.8725088e-05,-0.0001055981,-0.026834734,-0.00024566043,-0.000530267,0.0002084299
12860000,3.4160643e-05,-0.00010833643,-0.027025761,-0.00022957023,-0.0005284147,0.00020682819
12868000,2.950519e-05,-0.000111099034,-0.027211225,-0.0002714435,-0.00056517747,0.00021876818
12876000,2.4889556e-05,-0.00011401679,-0.027391266,-0.00023258968,-0.00053608575,0.0002292185
12884000,2.0467374e-05,-0.000116731724,-0.027535196,-0.00023191757,-0.0005239391,0.00023977067
12892000,1.6182206e-05,-0.00011938009,-0.027674833,-0.00022567477,-0.00051394926,0.0002568658
12900000,1.1476657e-05,-0.0001221236,-0.027810365,-0.00032841405,-0.0005458607,0.00023617517
12908000,6.47869e-06,-0.00012518383,-0.027942114,-0.00032348893,-0.0005721055,0.00022416323
12916000,1.2481455e-06,-0.00012839994,-0.028070176,-0.00038085965,-0.0005902672,0.00018542733
12924000,-4.1211565e-06,-0.00013188159,-0.028194726,-0.000377088,-0.000639113,0.00015804652
12932000,-9.312651e-06,-0.00013565132,-0.028234959,-0.0003555141,-0.0006547585,9.874355e-05
12940000,-1.4289044e-05,-0.00013944611,-0.028274257,-0.0003125987,-0.0006428659,7.0323105e-05
12948000,-1.8837176e-05,-0.0001432588,-0.028312678,-0.0002981137,-0.00064944825,2.7642003e-05
12956000,-2.3381677e-05,-0.00014695931,-0.028349888,-0.00028359354,-0.0006235941,7.72585e-05
12964000,-2.7699636e-05,-0.00015064022,-0.028385751,-0.00027954127,-0.00063098595,6.0654205e-05
12972000,-3.2160246e-05,-0.00015435528,-0.02842105,-0.0003230973,-0.00063633505,-2.5590422e-05
12980000,-3.7091213e-05,-0.00015816055,-0.028490936,-0.00039950132,-0.0006413988,-5.3024603e-05
12988000,-4.2236657e-05,-0.0001619716,-0.028558858,-0.00037958976,-0.0006244813,-6.568466e-05
12996000,-4.714484e-05,-0.00016557997,-0.028624916,-0.00035165655,-0.00060335244,-6.6157074e-05
13004000,-5.1752988e-05,-0.00016916325,-0.02868906,-0.00032594474,-0.0006129303,-6.535115e-05
13012000,-5.6307297e-05,-0.00017277557,-0.02875131,-0.00035028235,-0.00059431925,-8.45172e-05
13020000,-6.0882383e-05,-0.00017620072,-0.028811932,-0.00032581566,-0.0005787369,-0.00010510789
13028000,-6.428449e-05,-0.00017769245,-0.028921733,-0.00028640596,-0.0005828107,-0.00012791606
13036000,-6.7537774e-05,-0.00017926344,-0.029028503,-0.00029094444,-0.000573857,-0.00015136407
13044000,-7.0690236e-05,-0.00018065578,-0.029132519,-0.00027121275,-0.00053155445,-0.00021098157
13052000,-7.3662755e-05,-0.0001815938,-0.029234033,-0.0002576713,-0.0004588161,-0.00026362552
13060000,-7.665532e-05,-0.00018212196,-0.029332777,-0.0002688107,-0.00042555487,-0.0002612724
13068000,-7.9440746e-05,-0.00018248838,-0.029428689,-0.00022010702,-0.00040677996,-0.00025258455
13076000,-8.183485e-05,-0.00018275154,-0.02952177,-0.00018877114,-0.00038749113,-0.0002479361
13084000,-8.404997e-05,-0.00018282176,-0.029638087,-0.00017668046,-0.00035340674,-0.00022907094
13092000,-8.6273256e-05,-0.00018273317,-0.029751033,-0.00019087899,-0.0003403943,-0.0002507852
13100000,-8.843816e-05,-0.00018265085,-0.029860886,-0.00017846603,-0.00033436008,-0.00026895566
13108000,-9.056676e-05,-0.00018250145,-0.029967662,-0.00019342951,-0.0003322391,-0.0002650146
13116000,-9.28714e-05,-0.00018233976,-0.030071143,-0.00021819789,-0.00032773858,-0.00022809784
13124000,-9.5397205e-05,-0.0001824194,-0.030171746,-0.0002595007,-0.00036197118,-0.0002773467
13132000,-9.81797e-05,-0.00018268714,-0.03014861,-0.0002902438,-0.00036504093,-0.00024848647
13140000,-0.00010117574,-0.00018290021,-0.030125907,-0.0003133666,-0.000361438,-0.00023515621
13148000,-0.000104046725,-0.00018295296,-0.030103775,-0.00026581538,-0.00031082772,-0.00023801943
13156000,-0.00010651939,-0.00018277467,-0.0300822,-0.00022093684,-0.00029604463,-0.00023170315
13164000,-0.000108571876,-0.00018260468,-0.030061392,-0.00016458269,-0.0003034891,-0.0002892306
13172000,-0.00011010738,-0.00018254868,-0.03004157,-0.000110400826,-0.00029683812,-0.00034133383
13180000,-0.000111324225,-0.00018226089,-0.03000092,-9.4136754e-05,-0.00026667255,-0.00034195176
13188000,-0.00011258926,-0.0001818718,-0.029961383,-0.00013415748,-0.00025950593,-0.00035508955
13196000,-0.000114335664,-0.00018179812,-0.029922832,-0.00019666301,-0.00033462854,-0.0003014496
13204000,-0.00011631849,-0.00018199888,-0.02988498,-0.00020227025,-0.00030555314,-0.00027344082
13212000,-0.00011838952,-0.0001817887,-0.029847914,-0.00022281008,-0.00025305722,-0.00023871164
13220000,-0.00012037441,-0.00018133761,-0.02981175,-0.0001986457,-0.00021425953,-0.00025203422
13228000,-0.0001224182,-0.00018058272,-0.029719837,-0.0002230245,-0.00019661093,-0.00025740248
13236000,-0.00012309832,-0.00017763874,-0.029631125,-0.00023359388,-0.00019713955,-0.0002521366
13244000,-0.00012388465,-0.00017482621,-0.029544687,-0.000249369,-0.00020225572,-0.000225632
13252000,-0.00012471572,-0.00017210176,-0.029460827,-0.00024556427,-0.00022635964,-0.00029044555
13260000,-0.00012563451,-0.00016980269,-0.029379686,-0.00028160203,-0.00027375776,-0.00030631703
13268000,-0.00012673746,-0.00016777682,-0.02930075,-0.00027809734,-0.000289286,-0.0002879619
13276000,-0.0001276232,-0.00016582097,-0.029224057,-0.00024175474,-0.00027130652,-0.00033950317
13284000,-0.00012828954,-0.00016375068,-0.029148595,-0.000212923,-0.00025187468,-0.0003830526
13292000,-0.00012855107,-0.0001615748,-0.029075596,-0.00015434407,-0.00022549252,-0.00041071363
13300000,-0.00012844265,-0.00015917078,-0.029004721,-0.00011644008,-0.00018409436,-0.0004240444
13308000,-0.00012811611,-0.00015655816,-0.028936105,-0.00010073838,-0.00016962561,-0.00046614
13316000,-0.00012781541,-0.00015373371,-0.028869484,-0.00011873693,-0.00010972943,-0.00045140905
13324000,-0.0001276108,-0.0001507388,-0.028804837,-0.0001447225,-0.000117597236,-0.0004713977
13332000,-0.00012762331,-0.00014782694,-0.028787065,-0.00015404855,-0.00012018378,-0.00044268242
13340000,-0.00012746295,-0.0001447981,-0.028769737,-0.00010282235,-6.652894e-05,-0.00046884659
13348000,-0.00012694873,-0.00014153878,-0.028752873,-7.90173e-05,-5.571507e-05,-0.00042545024
13356000,-0.00012629798,-0.00013809252,-0.028736148,-6.408027e-05,-1.6672733e-05,-0.00039809657
13364000,-0.000125422,-0.00013473922,-0.028720042,-2.9954605e-05,-5.2219413e-05,-0.00047635587
13372000,-0.00012437046,-0.00013154064,-0.028705077,-1.558521e-05,-4.4206605e-05,-0.00055539457
13380000,-0.00012313356,-0.0001279499,-0.028672807,1.1582204e-05,6.0655886e-05,-0.00060656253
13388000,-0.00012208296,-0.00012367153,-0.028641576,-4.9340804e-05,0.00012502799,-0.00059085386
13396000,-0.00012116218,-0.00011928226,-0.028611291,-2.074055e-05,0.00010163185,-0.0006131334
13404000,-0.00012004507,-0.00011506135,-0.028581787,-4.007394e-05,0.000106690226,-0.0005656683
13412000,-0.0001192614,-0.00011062148,-0.02855276,-6.252333e-05,0.0001697039,-0.0005238573
13420000,-0.00011859318,-0.00010568734,-0.02852446,-8.344439e-05,0.00022531342,-0.00053361716
13428000,-0.00011799061,-0.000100716425,-0.028461551,-5.9679678e-05,0.00023088201,-0.0004899782
13436000,-0.000117367636,-9.565633e-05,-0.028399978,-7.920867e-05,0.00025905366,-0.0004421365
13444000,-0.0001156369,-8.9362125e-05,-0.028339857,-5.176731e-06,0.00028914912,-0.0005020608
13452000,-0.00011323532,-8.2929364e-05,-0.02828164,7.3219075e-05,0.00030508408,-0.0004967045
13460000,-0.00011062847,-7.6556826e-05,-0.028225143,4.768389e-05,0.00028369567,-0.0005144992
13468000,-0.00010810891,-7.0594026e-05,-0.028170327,7.069936e-05,0.0002365835,-0.00051369274
13476000,-0.00010548558,-6.4564854e-05,-0.028117113,6.478866e-05,0.0003139584,-0.00053921685
13484000,-0.00010290422,-5.803534e-05,-0.028066108,8.2700564e-05,0.0003632462,-0.00055245945
13492000,-9.989568e-05,-5.119793e-05,-0.028016357,0.00014522445,0.00041573722,-0.00050923607
13500000,-9.6564894e-05,-4.421067e-05,-0.027967926,0.000179524,0.00041100173,-0.00049790455
13508000,-9.3184084e-05,-3.7431022e-05,-0.027920654,0.0001635079,0.0003783576,-0.00047013076
13516000,-8.972548e-05,-3.1039905e-05,-0.027874306,0.00020396702,0.0003229916,-0.00038207698
13524000,-8.6140644e-05,-2.4840187e-05,-0.027828768,0.00018373624,0.00037153013,-0.0003530059
13532000,-8.26736e-05,-1.8239632e-05,-0.027957965,0.00019335744,0.00041228326,-0.00037404936
13540000,-7.8997975e-05,-1.1683418e-05,-0.02808367,0.0002267247,0.0003774878,-0.00041351933
13548000,-7.5183365e-05,-5.5151377e-06,-0.028206265,0.0002427483,0.00033518855,-0.00046262713
13556000,-7.13766e-05,3.62773e-07,-0.028325588,0.00021879197,0.00032471577,-0.00049321936
13564000,-6.772586e-05,6.062888e-06,-0.028441504,0.00021185893,0.00029144733,-0.00041794035
13572000,-6.42405e-05,1.1336314e-05,-0.028553318,0.00017594757,0.00023819318,-0.00033756145
13580000,-6.095671e-05,1.6188664e-05,-0.028621966,0.00017027422,0.00020557216,-0.00039142664
13588000,-5.7686153e-05,2.0854959e-05,-0.02868899,0.0001769862,0.00021181778,-0.00040870588
13596000,-5.4470776e-05,2.5590925e-05,-0.02875394,0.00016167382,0.00022383522,-0.00035628077
13604000,-5.1355124e-05,3.0303672e-05,-0.028816998,0.00015987248,0.0002291738,-0.0004018788
13612000,-4.8177877e-05,3.5016066e-05,-0.028878426,0.00017627479,0.00022983352,-0.00038807222
13620000,-4.4717937e-05,3.963648e-05,-0.02893798,0.0002381884,0.00021661208,-0.00036530106
13628000,-4.0809355e-05,4.4078737e-05,-0.02902781,0.00028092472,0.00020438423,-0.0003763921
13636000,-3.665911e-05,4.844859e-05,-0.02911519,0.00030600582,0.00019208775,-0.0003999335
13644000,-3.249139e-05,5.2619707e-05,-0.029200561,0.00031081188,0.00018000018,-0.00048038748
13652000,-2.8272918e-05,5.599097e-05,-0.029281054,0.00034079666,0.00021002187,-0.00055556855
13660000,-2.386495e-05,5.979461e-05,-0.029359391,0.00037374577,0.0002894408,-0.0005090934
13668000,-1.9288094e-05,6.3911204e-05,-0.029435342,0.00036962162,0.00028377937,-0.0005279964
13676000,-1.4764903e-05,6.775813e-05,-0.029509101,0.00038581403,0.00024515082,-0.00046030682
13684000,-9.993958e-06,7.142043e-05,-0.02963135,0.00042447195,0.00024290667,-0.00041790327
13692000,-4.9340592e-06,7.483094e-05,-0.029749922,0.0004569408,0.000216602,-0.000404385
13700000,4.79882e-07,7.8145276e-05,-0.029864974,0.00053010316,0.0002002656,-0.00035070864
13708000,6.4540077e-06,8.115973e-05,-0.029976396,0.00058632274,0.00018038687,-0.00035120366
13716000,1.25717725e-05,8.410347e-05,-0.030084753,0.0005620808,0.00018246053,-0.00034966037
13724000,1.8436822e-05,8.710854e-05,-0.030189902,0.0005572604,0.00019976473,-0.00033353662
13732000,2.4235254e-05,8.9941095e-05,-0.030330777,0.0005379552,0.00016396242,-0.00037239835
13740000,3.011982e-05,9.268044e-05,-0.030467797,0.0005870121,0.00017752142,-0.00037282938
13748000,3.6182184e-05,9.5443334e-05,-0.030601067,0.0005743142,0.00018236141,-0.00040997498
13756000,4.2170643e-05,9.8121935e-05,-0.030730752,0.0005884237,0.00017713365,-0.00042315276
13764000,4.8176837e-05,0.00010075123,-0.030856742,0.0005732263,0.00017703896,-0.0004131544
13772000,5.419142e-05,0.00010348688,-0.030979004,0.00059850916,0.0002171764,-0.0003666755
13780000,6.018297e-05,0.00010660699,-0.03111582,0.0005711087,0.00028249115,-0.0003251987
13788000,6.588909e-05,0.00011001966,-0.031248616,0.00053737557,0.0002924052,-0.00032473926
13796000,7.150882e-05,0.000113509486,-0.031377487,0.00054762204,0.0003097503,-0.00029209437
13804000,7.710906e-05,0.000116845506,-0.03150235,0.0005437699,0.00028625835,-0.00025404352
13812000,8.273034e-05,0.00012009785,-0.031623475,0.0005680419,0.00029222466,-0.00025629278
13820000,8.866599e-05,0.00012331326,-0.031741437,0.0006056826,0.000284836,-0.00031893083
13828000,9.469056e-05,0.00012644746,-0.031776212,0.0006256383,0.00027202442,-0.00027041393
13836000,0.00010078703,0.0001294331,-0.031809896,0.00063989655,0.00028911867,-0.00030777586
13844000,0.00010695963,0.00013270973,-0.031842798,0.00063528377,0.000317298,-0.00031802643
13852000,0.000113017864,0.00013587113,-0.0318748,0.0006326242,0.00028864352,-0.00032593595
13860000,0.00011751752,0.0001375636,-0.031904276,0.0005736579,0.00028217942,-0.00035116158
13868000,0.00012165215,0.00013943779,-0.031933222,0.0005666371,0.00033438212,-0.00038117662
13876000,0.00012572235,0.00014146567,-0.03196124,0.0005500239,0.0003151258,-0.00035137354
13884000,0.00012974553,0.00014304517,-0.03205275,0.00055950717,0.00025719823,-0.00038331925
13892000,0.00013394623,0.00014446644,-0.03214204,0.0005926572,0.00025247873,-0.00041451037
13900000,0.0001384197,0.00014576041,-0.032228973,0.0006190311,0.0002595715,-0.00045294856
13908000,0.0001430297,0.00014725416,-0.032313604,0.00064874464,0.00027848576,-0.0004656421
13916000,0.0001479653,0.00014864549,-0.03239575,0.0006803933,0.00025163093,-0.000423984
13924000,0.00015287907,0.00014996465,-0.032475226,0.00065243966,0.00026976396,-0.00038216184
13932000,0.00015780352,0.00015129148,-0.032437462,0.00068088126,0.00024399513,-0.00036744925
13940000,0.0001628015,0.00015270685,-0.032400817,0.00067264016,0.00032352767,-0.00037217228
13948000,0.00016778437,0.00015455324,-0.03236504,0.0006996296,0.0003359607,-0.0003592315
13956000,0.00017307582,0.00015629511,-0.032330155,0.0007216545,0.0003102402,-0.00033170477
13964000,0.0001783639,0.00015793047,-0.03229578,0.0007233464,0.00031340844,-0.00026897358
13972000,0.00018380703,0.00015947348,-0.032262176,0.00075177534,0.00028009817,-0.00028472702
13980000,0.00018953012,0.00016088349,-0.03225099,0.00079404376,0.00030763817,-0.00031219158
13988000,0.00019548915,0.00016266112,-0.032240264,0.0008146186,0.000371668,-0.0003215976
13996000,0.00020156459,0.00016487668,-0.032229654,0.00082612655,0.00040021236,-0.00028498142
14004000,0.00020760695,0.00016713756,-0.032219104,0.0008077573,0.00039962705,-0.00028350812
14012000,0.00021351132,0.00016935253,-0.03220892,0.0008032407,0.00041131017,-0.0003056759
14020000,0.0002195824,0.00017185241,-0.032199014,0.0008439967,0.00043899115,-0.00030551816
14028000,0.00022571783,0.00017433798,-0.03232659,0.00081432756,0.0004548879,-0.0003584223
14036000,0.00023178717,0.00017691974,-0.03245083,0.00084215665,0.00046004367,-0.00039199396
14044000,0.00023787025,0.00017964038,-0.032571673,0.0008278286,0.00048108262,-0.0003907637
14052000,0.00024406861,0.00018261657,-0.03268892,0.00083893904,0.0005322151,-0.0003725817
14060000,0.00025009108,0.00018568506,-0.032802977,0.0008296101,0.0005010968,-0.00042511016
14068000,0.0002536667,0.0001876874,-0.032911576,0.0008209569,0.0005122656,-0.00049567106
14076000,0.0002572166,0.000189731,-0.033017278,0.0008428456,0.00048812098,-0.00047417605
14084000,0.00026103406,0.00019172167,-0.03310313,0.0008725822,0.0005310729,-0.00047337677
14092000,0.00026513578,0.00019392435,-0.03318663,0.0009220686,0.00052783225,-0.0004785769
14100000,0.00026968,0.00019616241,-0.03326746,0.0009385192,0.00052823016,-0.0004133323
14108000,0.0002740315,0.0001983565,-0.033345673,0.0009074521,0.000527071,-0.00040691724
14116000,0.00027835064,0.00020063958,-0.03342148,0.00090073416,0.0005432084,-0.00038114787
14124000,0.00028251082,0.000203027,-0.03349499,0.000890739,0.00054718606,-0.0003927146
14132000,0.00028684898,0.0002053298,-0.03345431,0.00090765406,0.000539703,-0.00041853194
14140000,0.0002912409,0.00020763185,-0.033414636,0.00092670694,0.00053067424,-0.00039978526
14148000,0.0002958032,0.00020975037,-0.03337585,0.00092997897,0.00051118515,-0.0003428488
14156000,0.00030048736,0.00021189917,-0.033337947,0.0009496516,0.0005293743,-0.00036338205
14164000,0.00030544522,0.00021410761,-0.033301264,0.0010000679,0.00051288086,-0.00037355052
14172000,0.00031065315,0.00021611943,-0.03326514,0.0010031776,0.00049375795,-0.0002794028
14180000,0.00031597124,0.00021779544,-0.033223886,0.0010277794,0.0004254698,-0.00025220404
14188000,0.0003213733,0.0002192526,-0.03318353,0.0010225913,0.00043931874,-0.00022584113
14196000,0.00032681704,0.0002207509,-0.03314407,0.0010215422,0.0004325291,-0.00019594868
14204000,0.00033239042,0.00022207282,-0.033105403,0.0010711297,0.00039578832,-0.0001730777
14212000,0.0003384885,0.0002231659,-0.03306763,0.0011231771,0.00036770763,-0.00018250904
14220000,0.00034470393,0.00022415907,-0.033031076,0.001107093,0.0003807742,-0.00020975956
14228000,0.00035080398,0.00022505815,-0.033020116,0.0011081266,0.00032063219,-0.00023520277
14236000,0.00035699128,0.00022559166,-0.03300959,0.0011058042,0.00030381343,-0.0002607375
14244000,0.0003629358,0.00022601277,-0.032999575,0.0010742717,0.00029696935,-0.00030890922
14252000,0.00036913494,0.00022629554,-0.03298994,0.0011416269,0.00024331365,-0.00031454256
14260000,0.00037542847,0.00022614266,-0.0329808,0.0010975593,0.00021324422,-0.00034701603
14268000,0.00038176938,0.00022603346,-0.032972082,0.0011474803,0.00023869854,-0.00039364406
14276000,0.00038509266,0.00022453994,-0.032962993,0.0011366904,0.0001924932,-0.00038823957
14284000,0.0003884573,0.0002230247,-0.033000723,0.0011307063,0.00022600555,-0.00033323222
14292000,0.0003916457,0.00022183234,-0.03303695,0.0011008129,0.0002623757,-0.0003004199
14300000,0.00039472894,0.0002208315,-0.033071924,0.0010665779,0.0002739216,-0.0002713223
14308000,0.00039757648,0.0002199703,-0.033105604,0.0010550069,0.00028002847,-0.00026414203
14316000,0.00040050058,0.00021893365,-0.03313812,0.0010427352,0.00024257683,-0.00021687262
14324000,0.00040325156,0.00021775614,-0.033169247,0.0010189606,0.00023320928,-0.00018932419
14332000,0.0004060551,0.00021654184,-0.033289403,0.001034144,0.00021872662,-0.0002119905
14340000,0.00040878594,0.0002152643,-0.03340637,0.0009793893,0.00022557311,-0.000255051
14348000,0.00041121806,0.0002140919,-0.033520173,0.0009453059,0.00022058064,-0.0002843245
14356000,0.00041314345,0.00021274526,-0.033630826,0.0008655867,0.00018545392,-0.000244913
14364000,0.0004150197,0.00021111713,-0.033737805,0.0008976114,0.00015171948,-0.00021310503
14372000,0.00041703274,0.00020957805,-0.03384177,0.00089673046,0.00020768873,-0.00025038765
14380000,0.00041915182,0.00020836575,-0.03400608,0.00090168044,0.00020165341,-0.00026457966
14388000,0.00042127096,0.00020702134,-0.034166038,0.0008799882,0.00018352734,-0.00034251282
14396000,0.00042309027,0.00020566891,-0.034321677,0.0008312331,0.00019474402,-0.00031242595
14404000,0.0004247146,0.00020409541,-0.034472622,0.00080703857,0.00011155464,-0.0002896025
14412000,0.00042616765,0.00020198693,-0.034618966,0.0007734054,8.527296e-05,-0.00023714009
14420000,0.00042735384,0.00019993492,-0.0347608,0.0007494715,7.7165314e-05,-0.00023890997
14428000,0.00042854974,0.00019777591,-0.03482063,0.00076083775,8.287064e-05,-0.00025897074
14436000,0.0004296886,0.00019565538,-0.03487873,0.00071276963,6.1484636e-05,-0.00025359137
14444000,0.00043053133,0.00019366032,-0.034935143,0.00067354785,0.000117224896,-0.0002615965
14452000,0.00043108617,0.00019189752,-0.03499,0.0006471343,0.00010487293,-0.00028778272
14460000,0.00043163289,0.00019005213,-0.035043705,0.0006382423,9.678599e-05,-0.00034611128
14468000,0.00043169587,0.00018826216,-0.035095997,0.0005566782,0.00014212243,-0.00033833025
14476000,0.00043185925,0.00018709988,-0.03514691,0.0006106623,0.00019457763,-0.00038379268
14484000,0.0004284527,0.00018506087,-0.035162404,0.00064027024,0.00020000401,-0.00041340437
14492000,0.00042540778,0.00018308683,-0.03517755,0.00067830307,0.00019256082,-0.00040876478
14500000,0.00042255726,0.00018067569,-0.035192274,0.0006542599,0.00010418224,-0.00041916687
14508000,0.00041963527,0.0001781516,-0.035206635,0.0006331492,0.00014591489,-0.0004364856
14516000,0.0004165256,0.00017583287,-0.035220742,0.00059003546,0.00012543247,-0.00044544382
14524000,0.00041302384,0.0001733789,-0.035234354,0.0005064651,0.00011556937,-0.0004314975
14532000,0.00040915,0.00017079408,-0.03510334,0.00049557985,8.633854e-05,-0.00041378004
14540000,0.00040529534,0.0001680837,-0.03497591,0.00045280482,7.3529234e-05,-0.000408096
14552000,0.00040110026,0.00016509883,-0.03485229,0.0004245427,4.4836474e-06,-0.00044739488
14560000,0.000397009,0.00016197418,-0.034732163,0.00044923628,4.531958e-05,-0.00043544857
14568000,0.00039322407,0.00015906854,-0.034615517,0.00047459512,4.2890384e-05,-0.00046140706
14576000,0.00038981886,0.00015638379,-0.034502197,0.0005021171,7.6450946e-05,-0.0004492223
14584000,0.00038645105,0.00015380372,-0.034358777,0.00047845245,7.166974e-05,-0.00047170313
14592000,0.0003830349,0.00015132409,-0.03421934,0.00045939768,8.734898e-05,-0.00044993323
14600000,0.00037952673,0.00014887622,-0.034083948,0.00042373693,8.2712235e-05,-0.00049218314
14608000,0.00037552995,0.00014650173,-0.033952605,0.0003553395,7.293585e-05,-0.00051567965
14616000,0.00037148144,0.00014401173,-0.033825032,0.00037839898,6.7712885e-05,-0.00050286076
14624000,0.0003679475,0.00014171949,-0.033701144,0.00044446005,0.00010506492,-0.00054548366
14632000,0.00036486634,0.00013956842,-0.033492476,0.0004592728,9.216721e-05,-0.00057963515
14640000,0.00036183433,0.00013763226,-0.033289757,0.0004436179,0.00015032258,-0.0005619563
14648000,0.00035857514,0.0001358455,-0.033092543,0.00038565716,0.00012275517,-0.00051823206
14656000,0.00035538533,0.00013407502,-0.032900482,0.00043947727,0.00013646306,-0.00046852918
14664000,0.00035259905,0.0001323979,-0.032713667,0.0004479863,0.00013718661,-0.0004730329
14672000,0.00034987318,0.00013070494,-0.032532,0.00044266702,0.0001431782,-0.0004340695
14680000,0.00034703003,0.00012920488,-0.032355156,0.00041779623,0.00016498569,-0.00043503317
14688000,0.00034435387,0.00012790707,-0.032193396,0.00044439547,0.0001798966,-0.0005022787
14696000,0.00033920532,0.00012654804,-0.032037828,0.00040395866,0.00019655481,-0.00044858546
14704000,0.0003338159,0.00012527908,-0.031886335,0.00039398955,0.00018854653,-0.00041915316
14712000,0.00032876336,0.0001240923,-0.031738807,0.0004255061,0.0002083221,-0.00038618947
14720000,0.00032391743,0.00012311629,-0.031595178,0.00043003995,0.00022380694,-0.00036220264
14728000,0.00031923523,0.00012216675,-0.031455807,0.00041313827,0.00021132494,-0.00043294788
14736000,0.00031435076,0.00012110232,-0.031374663,0.00037918994,0.00019745028,-0.00037934835
14744000,0.0003094371,0.000120105185,-0.03129544,0.00038123454,0.0002081342,-0.00037266183
14752000,0.00030474903,0.00011902177,-0.031218484,0.00039198092,0.00016424277,-0.0003737345
14760000,0.00030001882,0.00011786428,-0.031143686,0.00033510587,0.00019170243,-0.00038415246
14768000,0.0002951708,0.00011693455,-0.031071316,0.00035937945,0.00020666057,-0.00044663655
14776000,0.0002906525,0.000116050316,-0.03100105,0.00038451597,0.00019132582,-0.00041075877
14784000,0.00028650876,0.000115103096,-0.030951507,0.00040198016,0.0001790138,-0.000414354
14792000,0.00028237756,0.00011420846,-0.03090338,0.00038135523,0.00020858229,-0.0004071399
14800000,0.0002782767,0.00011344344,-0.030856282,0.00037281794,0.00018014922,-0.00035434146
14808000,0.00027395345,0.00011228757,-0.03081037,0.00030886402,0.000115220224,-0.00036840397
14816000,0.0002694203,0.00011084275,-0.030765954,0.0002996202,0.00011467836,-0.00039657782
14824000,0.00026490132,0.00010942354,-0.030722938,0.00027508568,0.000103990635,-0.0003964254
14832000,0.0002603429,0.00010798136,-0.03073861,0.00025131865,9.395533e-05,-0.0003703384
14840000,0.0002556988,0.00010633787,-0.03075402,0.0002457325,5.719075e-05,-0.00042992432
14848000,0.00025110797,0.00010434714,-0.030769167,0.00022244992,-3.276465e-06,-0.00037935597
14856000,0.0002465088,0.000102121485,-0.030783376,0.0002309326,5.0536005e-06,-0.00033834545
14864000,0.0002421391,9.999916e-05,-0.03079694,0.00024163783,-1.7482356e-05,-0.00030991473
14872000,0.00023789992,9.754202e-05,-0.030810073,0.00024851138,-4.3846416e-05,-0.0003077886
14880000,0.00023378886,9.518819e-05,-0.030822653,0.00023851266,-1.9478059e-05,-0.00027629334
14888000,0.00022970281,9.305314e-05,-0.03088631,0.00025742885,-1.1670282e-06,-0.00029378725
14896000,0.00022597847,9.089217e-05,-0.030948412,0.00026096156,-3.0598934e-05,-0.00032137363
14904000,0.00022112939,8.836321e-05,-0.031006385,0.0002568317,-8.25933e-05,-0.00029296183
14912000,0.00021639434,8.573158e-05,-0.031062309,0.0002529833,-6.050184e-05,-0.00022917528
14920000,0.00021152316,8.33277e-05,-0.031116575,0.000212274,-4.276805e-05,-0.00026094945
14928000,0.00020673852,8.1172926e-05,-0.031169415,0.00022657312,-1.0895197e-05,-0.00026207417
14936000,0.00020204118,7.915398e-05,-0.031209636,0.00020978846,-1.539144e-05,-0.00025853
14944000,0.0001974004,7.69208e-05,-0.031248413,0.00022808863,-6.190508e-05,-0.0002102693
14952000,0.00019305527,7.454841e-05,-0.031285834,0.00024667633,-7.200735e-05,-0.00017883956
14960000,0.00018882519,7.210776e-05,-0.031322278,0.00023150451,-6.545025e-05,-0.00022716617
14968000,0.00018485592,6.9696325e-05,-0.031358037,0.0002891816,-9.511554e-05,-0.0002677476
14976000,0.00018113547,6.7157074e-05,-0.031393018,0.00024264056,-8.772229e-05,-0.00030708607
14984000,0.00017725732,6.449102e-05,-0.031428207,0.00025009757,-0.0001387024,-0.00032890894
14992000,0.00017354004,6.1684535e-05,-0.03146248,0.00025087313,-0.00014381556,-0.000342192
15000000,0.0001699531,5.87078e-05,-0.031496145,0.0002538708,-0.00016661751,-0.0004090711
15008000,0.00016635444,5.5675533e-05,-0.031529177,0.00020800026,-0.00017704169,-0.00039883473
15016000,0.00016226256,5.247424e-05,-0.031561136,0.000118427306,-0.00020686742,-0.00037472125
15024000,0.00015774796,4.92329e-05,-0.031591866,9.276968e-05,-0.0001962699,-0.00032022543
15032000,0.00015345452,4.579809e-05,-0.031595938,0.00011140272,-0.00026057294,-0.00032742313
15040000,0.00014925128,4.219539e-05,-0.031599853,0.00010583644,-0.00023618015,-0.00028803444
15048000,0.00014519565,3.8750142e-05,-0.031603456,0.00012459105,-0.00024721387,-0.0003058161
15056000,0.00014124482,3.52557e-05,-0.031607118,0.00011012498,-0.00024391984,-0.00029764953
15064000,0.00013739933,3.160094e-05,-0.031610455,0.000118965734,-0.00029992172,-0.00025567194
15072000,0.00013383197,2.7659567e-05,-0.031613436,0.00015831715,-0.00030164895,-0.00023693233
15080000,0.0001304332,2.4005756e-05,-0.031616177,0.00013184588,-0.00024106812,-0.00021714548
15088000,0.00012681399,2.0517813e-05,-0.03161307,9.781353e-05,-0.00028043726,-0.0002742686
15096000,0.000123204,1.6929436e-05,-0.0316101,8.3599996e-05,-0.00026914428,-0.00020925247
15104000,0.00011955852,1.3407449e-05,-0.03160664,8.802054e-05,-0.00025619424,-0.00018252274
15112000,0.00011545085,1.0432932e-05,-0.03160276,7.251619e-05,-0.00017853807,-0.00023299539
15120000,0.00011098589,8.120735e-06,-0.03159909,3.1316508e-06,-0.00010281449,-0.00022950479
15128000,0.00010635993,6.2818463e-06,-0.031595524,-3.33535e-06,-6.922748e-05,-0.00021752095
15136000,0.00010169446,4.552845e-06,-0.031504344,-3.163724e-05,-7.439338e-05,-0.00020255495
15144000,9.7070275e-05,2.7064186e-06,-0.031415924,-1.4976471e-05,-0.00010540943,-0.000251971
15152000,9.24737e-05,6.968726e-07,-0.031330165,-5.4183143e-05,-0.00011108819,-0.00024527637
15160000,8.7690896e-05,-1.2998795e-06,-0.031246632,-6.301541e-05,-0.00010498475,-0.00020618056
15168000,8.316648e-05,-3.2114735e-06,-0.031165216,-3.7666636e-05,-0.000112345646,-0.00019817587
15176000,7.884039e-05,-5.101211e-06,-0.03108608,-2.9990795e-05,-0.00010122284,-0.00019640932
15184000,7.455968e-05,-7.0808237e-06,-0.031062523,-4.9139006e-05,-0.00013245182,-0.00022680548
15192000,7.005798e-05,-9.134656e-06,-0.031039694,-9.341049e-05,-0.00012129571,-0.0002133496
15200000,6.535395e-05,-1.1129866e-05,-0.031017452,-0.00014438255,-0.000130833,-0.00022123994
15208000,6.0589125e-05,-1.3181198e-05,-0.030995857,-9.8531455e-05,-0.0001296119,-0.00021818027
15216000,5.6311226e-05,-1.49926755e-05,-0.03097476,-7.8278936e-05,-8.4424144e-05,-0.0002114632
15224000,5.2073625e-05,-1.6593793e-05,-0.030954417,-9.436681e-05,-8.341019e-05,-0.00023763605
15232000,4.7804304e-05,-1.8120367e-05,-0.030829754,-0.00012993574,-6.610535e-05,-0.00023344855
15240000,4.3353026e-05,-1.9616891e-05,-0.030708386,-0.00015487228,-7.2785566e-05,-0.00017447356
15248000,3.894604e-05,-2.1045656e-05,-0.03059012,-0.00013124231,-5.7367957e-05,-0.00015955359
15256000,3.47515e-05,-2.2382574e-05,-0.030475032,-0.00014594683,-5.1135263e-05,-0.00013866909
15264000,3.0376192e-05,-2.3774208e-05,-0.030363202,-0.00016725285,-7.895753e-05,-0.00016633948
15272000,2.6049325e-05,-2.5092351e-05,-0.030254563,-0.00016140233,-3.846441e-05,-0.00014968296
15280000,2.1951068e-05,-2.6182233e-05,-0.030148963,-0.00015061864,-1.3098052e-05,-0.0001675049
15288000,1.7751605e-05,-2.6887787e-05,-0.030047026,-0.00017984377,4.1406543e-05,-0.000116929325
15296000,1.361649e-05,-2.7369824e-05,-0.02994763,-0.00015173342,3.4400742e-05,-0.00010652283
15304000,9.813545e-06,-2.8114753e-05,-0.029851027,-0.000146402,-2.029372e-05,-0.0001011603
15312000,6.00729e-06,-2.8977354e-05,-0.02975686,-0.00016088232,5.19404e-06,-7.414355e-05
15320000,1.7230232e-06,-2.8814495e-05,-0.029666567,-0.00019799538,-1.0363414e-05,-8.475055e-05
15328000,-2.7419367e-06,-2.8879265e-05,-0.029578961,-0.00022005322,-4.6307105e-05,-0.00013086393
15336000,-7.0889323e-06,-2.9146673e-05,-0.029466338,-0.00019473914,-4.4218355e-05,-0.00011324223
15344000,-1.1157079e-05,-2.9157925e-05,-0.029356647,-0.00018550958,-1.3708208e-05,-8.963289e-05
15352000,-1.5394233e-05,-2.9249146e-05,-0.029249957,-0.00021403731,-6.0576924e-05,-6.408237e-05
15360000,-1.9335737e-05,-2.9746698e-05,-0.029145736,-0.00017904624,-9.449324e-05,1.3364506e-05
15368000,-2.3018632e-05,-3.0318726e-05,-0.029044319,-0.000130915,-9.299802e-05,-3.8845694e-05
15376000,-2.6305182e-05,-3.086359e-05,-0.028946016,-0.00011772504,-8.242009e-05,-5.7509456e-05
15384000,-2.9638286e-05,-3.1354175e-05,-0.028858459,-0.00014155889,-9.663547e-05,-0.000106096166
15392000,-3.276056e-05,-3.2173786e-05,-0.028773665,-8.938227e-05,-0.00014958266,-0.00012705037
15400000,-3.5583165e-05,-3.3242322e-05,-0.02869124,-8.568973e-05,-0.00016341009,-9.988898e-05
15408000,-3.8061935e-05,-3.421193e-05,-0.028610889,-3.174591e-05,-0.00012943232,-6.9630645e-05
15416000,-4.0562474e-05,-3.5180965e-05,-0.028532457,-0.0001093684,-0.00016085936,-4.1363113e-05
15424000,-4.3374424e-05,-3.6360187e-05,-0.028455973,-9.3482784e-05,-0.00019716615,1.1640061e-05
15432000,-4.5943925e-05,-3.7960745e-05,-0.028374273,-7.760424e-05,-0.00025453442,3.5825396e-06
15440000,-4.83912e-05,-3.9671664e-05,-0.02829487,-7.1845025e-05,-0.00021232729,8.571991e-06
15448000,-5.070264e-05,-4.107118e-05,-0.028217467,-5.6431174e-05,-0.00019724936,4.5183988e-05
15456000,-5.2999236e-05,-4.2511063e-05,-0.028141942,-8.206962e-05,-0.00023076197,6.67302e-05
15464000,-5.5494205e-05,-4.4186752e-05,-0.02806857,-0.000121926525,-0.00023605097,3.64281e-05
15472000,-5.8209866e-05,-4.562858e-05,-0.027997613,-0.00015845773,-0.00017660459,-2.2811058e-05
15480000,-6.122407e-05,-4.6707955e-05,-0.027928779,-0.00019239618,-0.00017454111,-2.0697767e-06
15488000,-6.459357e-05,-4.7949812e-05,-0.027844597,-0.00026841727,-0.00018857443,-2.5438212e-05
15496000,-6.8246576e-05,-4.923646e-05,-0.027763007,-0.00026658218,-0.00019972281,-4.5658428e-05
15504000,-7.150526e-05,-5.0743467e-05,-0.027683917,-0.00020473455,-0.0002435214,-8.987943e-05
15512000,-7.4485826e-05,-5.2433872e-05,-0.0276073,-0.00020488731,-0.00022766498,-9.185305e-05
15520000,-7.76172e-05,-5.3703767e-05,-0.02753274,-0.00024208176,-0.00014564434,-8.070275e-05
15528000,-8.028219e-05,-5.3863227e-05,-0.027461806,-0.00023408979,-7.836383e-05,-9.927393e-05
15536000,-8.283686e-05,-5.358764e-05,-0.027310953,-0.00023791261,-1.6527609e-05,-0.000116122974
15544000,-8.547623e-05,-5.284143e-05,-0.027164416,-0.00025638923,2.5353991e-05,-8.837061e-05
15552000,-8.8292494e-05,-5.187292e-05,-0.027021812,-0.00028109204,2.88634e-05,-8.397228e-05
15560000,-9.13649e-05,-5.104871e-05,-0.026883375,-0.0003519227,2.7428163e-05,-0.000103109676
15568000,-9.496219e-05,-5.0150178e-05,-0.026748776,-0.00039512035,4.229905e-06,-6.894821e-05
15576000,-9.860515e-05,-4.9697443e-05,-0.026617786,-0.00038780502,-4.9253427e-05,-5.8861784e-05
15584000,-0.00010215293,-4.9390677e-05,-0.02649963,-0.00037553892,-4.198814e-05,-7.2444396e-05
15592000,-0.00010517563,-4.90493e-05,-0.026384812,-0.00026875985,-3.4870754e-05,-6.005994e-05
15600000,-0.00010757954,-4.865703e-05,-0.02627316,-0.0002445874,-3.4423796e-05,-4.3204243e-05
15608000,-0.0001100976,-4.847147e-05,-0.026164275,-0.00028386145,-8.0682694e-05,2.4583642e-05
15616000,-0.000112647285,-4.852266e-05,-0.026058186,-0.00028233687,-8.061004e-05,1.4537865e-05
15624000,-0.00011541277,-4.842408e-05,-0.025955329,-0.00032430672,-6.488141e-05,-1.0944437e-05
15632000,-0.00011836137,-4.8251823e-05,-0.025784656,-0.00038517872,-4.0663715e-05,1.12685484e-07
15640000,-0.000121643796,-4.7874233e-05,-0.025618797,-0.00036110688,-1.4353416e-05,5.987509e-06
15648000,-0.00012458005,-4.7386908e-05,-0.025457501,-0.00034967568,-1.05491345e-05,7.862244e-06
15656000,-0.00012738997,-4.6833677e-05,-0.02530076,-0.00031345166,-1.1735657e-05,2.1232438e-05
15664000,-0.0001298475,-4.638498e-05,-0.025148597,-0.0002763366,-2.0524261e-05,-5.5052446e-05
15672000,-0.00013199414,-4.617126e-05,-0.025001317,-0.00026858388,-7.689643e-05,-9.576514e-05
15680000,-0.0001342365,-4.637695e-05,-0.024858313,-0.00028863526,-0.00012477979,-9.638154e-05
15688000,-0.00013661786,-4.716398e-05,-0.024742093,-0.00030185535,-0.00021749247,-5.4292475e-05
15696000,-0.00013886589,-4.8442376e-05,-0.024628988,-0.00028981455,-0.00022754332,-5.6849298e-05
15704000,-0.00014115161,-4.9702692e-05,-0.024518974,-0.00028632116,-0.00023221578,-4.915213e-06
15712000,-0.0001433213,-5.0962957e-05,-0.024411675,-0.0002843333,-0.00021130488,9.464525e-06
15720000,-0.00014525256,-5.2179472e-05,-0.024307447,-0.00023557032,-0.00023917122,1.2272721e-05
15728000,-0.0001470108,-5.3653926e-05,-0.024206134,-0.00024848053,-0.00024365784,1.2255321e-05
15736000,-0.00014802681,-5.441472e-05,-0.024049332,-0.00020225684,-0.00022458287,5.808084e-06
15744000,-0.00014862111,-5.530361e-05,-0.023896914,-0.00016966075,-0.0002594684,2.1020682e-05
15752000,-0.0001492274,-5.6403216e-05,-0.023748819,-0.00018312751,-0.0002528747,3.260343e-05
15760000,-0.0001497225,-5.7340352e-05,-0.023604566,-0.00016136332,-0.00024656454,8.788691e-05
15768000,-0.0001501539,-5.821895e-05,-0.02346398,-0.00017103417,-0.00021458947,0.00012278164
15776000,-0.00015044799,-5.893614e-05,-0.023327287,-0.00013417244,-0.00021027749,0.00012232727
15784000,-0.00015039011,-5.962524e-05,-0.023210865,-9.154457e-05,-0.00021941155,9.104985e-05
15792000,-0.00015025324,-6.0577448e-05,-0.023097936,-0.00010968359,-0.0002455473,6.409092e-05
15800000,-0.00015031631,-6.159086e-05,-0.02298813,-0.00013717274,-0.00023633523,9.3238516e-05
15808000,-0.00015023853,-6.2531915e-05,-0.02288152,-9.829691e-05,-0.00024987163,5.4934768e-05
15816000,-0.00015006863,-6.3515006e-05,-0.02277825,-9.4305025e-05,-0.00021601767,1.150978e-05
15824000,-0.00014954906,-6.433095e-05,-0.022678107,-3.421996e-05,-0.00021652592,1.5149157e-05
15832000,-0.0001487982,-6.515737e-05,-0.022687187,-2.7219878e-05,-0.0002246105,3.893219e-05
15840000,-0.00014778462,-6.6060515e-05,-0.022696033,1.5839387e-05,-0.0002453306,9.079012e-06
15848000,-0.00014664412,-6.727173e-05,-0.022704773,5.8759733e-06,-0.00028197304,2.3911467e-05
15856000,-0.00014572122,-6.877712e-05,-0.02271308,-4.1536172e-05,-0.00031850892,3.485385e-05
15864000,-0.00014505189,-7.0420145e-05,-0.022721477,-5.8894508e-05,-0.00030739384,-3.369996e-05
15872000,-0.00014457598,-7.184934e-05,-0.022729997,-9.246724e-05,-0.00028016782,-5.423423e-05
15880000,-0.00014424535,-7.341857e-05,-0.022738537,-9.017265e-05,-0.00032102203,-8.2074905e-05
15888000,-0.0001439411,-7.5021686e-05,-0.022736957,-0.0001062711,-0.00030403066,-0.00013085554
15896000,-0.00014349906,-7.638338e-05,-0.022735678,-7.292923e-05,-0.00024206644,-0.0001222518
15904000,-0.00014306685,-7.757205e-05,-0.022734327,-8.0433034e-05,-0.00026145595,-8.549648e-05
15912000,-0.00014246107,-7.8841775e-05,-0.022732653,-6.730633e-05,-0.00026881596,-3.4671444e-05
15920000,-0.00014195021,-8.020434e-05,-0.022731002,-9.503938e-05,-0.00028478255,-6.30883e-05
15928000,-0.00014165322,-8.177893e-05,-0.022729887,-0.00011119001,-0.00030330548,-0.00011521067
15936000,-0.00014139146,-8.347023e-05,-0.02262248,-0.000113445094,-0.00030942113,-0.000116435185
15944000,-0.00014028646,-8.451193e-05,-0.022520095,-6.8393754e-05,-0.0002797748,-0.00011336949
15952000,-0.00013913274,-8.5522515e-05,-0.02242075,-0.00011542902,-0.00031111122,-0.00014233608
15960000,-0.0001383072,-8.698371e-05,-0.022324925,-0.00013017331,-0.0003789516,-0.0002541866
15968000,-0.0001375695,-8.895007e-05,-0.022232441,-0.00014645745,-0.00040554578,-0.00028593407
15976000,-0.00013704358,-9.090772e-05,-0.022142947,-0.00018103526,-0.0004100978,-0.00029241695
15984000,-0.00013681191,-9.285176e-05,-0.022093175,-0.00020942152,-0.0003758528,-0.00024401103
15992000,-0.00013677416,-9.4434385e-05,-0.022044756,-0.0002308146,-0.000328667,-0.0002569735
16000000,-0.00013671542,-9.585841e-05,-0.021997945,-0.00021774921,-0.0003261436,-0.00027081094
16008000,-0.00013673463,-9.726043e-05,-0.021952504,-0.00023902036,-0.00032076612,-0.00022450808
16016000,-0.00013687229,-9.85549e-05,-0.021908216,-0.00024433047,-0.00031296574,-0.0002408706
16024000,-0.00013701645,-9.987032e-05,-0.021865388,-0.00024440492,-0.00027057817,-0.00022463693
16032000,-0.0001371727,-0.00010068592,-0.021787431,-0.00025558134,-0.00023634495,-0.00028480735
16040000,-0.00013747,-0.00010145809,-0.021712285,-0.0002734513,-0.00024029463,-0.00034411685
16048000,-0.00013801313,-0.00010228852,-0.021639483,-0.00030627084,-0.00024647542,-0.00031121774
16056000,-0.00013867782,-0.000103270024,-0.021568507,-0.00030567596,-0.0002691221,-0.00026398682
16064000,-0.00013932885,-0.000104218576,-0.021499548,-0.00030810817,-0.00022744219,-0.00027168018
16072000,-0.00013986113,-0.00010486262,-0.021432409,-0.00027483958,-0.00021307314,-0.00020351788
16080000,-0.00014048205,-0.00010560294,-0.02136672,-0.00033565104,-0.00022988768,-0.00014449954
16088000,-0.00014132772,-0.00010642657,-0.021306975,-0.000327799,-0.00022018093,-0.00012568713
16096000,-0.000142399,-0.00010684442,-0.021249363,-0.0003763723,-0.00014597434,-0.00021626022
16104000,-0.00014352851,-0.00010723308,-0.021193773,-0.000348634,-0.00019962547,-0.00019006299
16112000,-0.00014483003,-0.00010769477,-0.021139672,-0.00042231384,-0.00016290351,-0.00018998314
16120000,-0.00014646606,-0.000108133936,-0.0210874,-0.00042848647,-0.00018974456,-0.00023910314
16128000,-0.00014810877,-0.00010850309,-0.021037031,-0.0004143785,-0.00013773004,-0.00027324064
16136000,-0.00014986102,-0.00010863728,-0.021090958,-0.00046936085,-0.00013920144,-0.0002548826
16144000,-0.00015224043,-0.00010874664,-0.021143395,-0.000553733,-0.00012355314,-0.0002635103
16152000,-0.00015499181,-0.00010769253,-0.021192327,-0.00056904706,-0.0001127932,-0.0002557192
16160000,-0.0001576901,-0.00010639335,-0.021239955,-0.00053620106,-5.6666555e-05,-0.00026055166
16168000,-0.00016019554,-0.00010486738,-0.021286387,-0.0005207373,-7.037695e-05,-0.00027421085
16176000,-0.0001623704,-0.000103567545,-0.021331877,-0.00047204815,-7.7300945e-05,-0.0002867903
16184000,-0.00016465815,-0.000102062775,-0.021385582,-0.0005236462,-3.248287e-05,-0.00034616908
16192000,-0.00016707931,-0.00010045294,-0.021438267,-0.00051570486,-3.00666e-05,-0.00035203705
16200000,-0.00016966589,-9.881523e-05,-0.021489207,-0.00054916897,-1.9533096e-05,-0.00025755548
16208000,-0.00017226423,-9.7126394e-05,-0.02153819,-0.0005208135,-1.825867e-05,-0.00021185074
16216000,-0.00017479432,-9.5338706e-05,-0.021585675,-0.00052818673,6.057176e-06,-0.00018531717
16224000,-0.00017723539,-9.367278e-05,-0.021631802,-0.0005020155,-3.9944036e-05,-0.0001831247
16232000,-0.00017962136,-9.227209e-05,-0.021820372,-0.00050712173,-4.4239852e-05,-0.00019584253
16240000,-0.00018173353,-9.11009e-05,-0.022003796,-0.00043811192,-9.684254e-05,-0.00019109674
16248000,-0.00018371071,-9.009244e-05,-0.022182338,-0.00045782648,-6.656831e-05,-0.00025469955
16256000,-0.00018568506,-8.8761655e-05,-0.022356192,-0.00045233875,-4.1140018e-05,-0.00023966249
16264000,-0.00018754322,-8.764155e-05,-0.022525184,-0.00042798024,-8.2900486e-05,-0.00025100922
16272000,-0.00018925674,-8.68759e-05,-0.02268964,-0.00039654388,-0.00014139048,-0.00026042346
16280000,-0.00019057293,-8.6568405e-05,-0.02284958,-0.0003180015,-0.00017515985,-0.00024372735
16288000,-0.00019123287,-8.624721e-05,-0.02305195,-0.00025693962,-0.0001406885,-0.00021109323
16296000,-0.00019171789,-8.564926e-05,-0.023248466,-0.00026468048,-0.00012035264,-0.00019956772
16304000,-0.00019236488,-8.519275e-05,-0.023439704,-0.00027987568,-0.00014644745,-0.00023156047
16312000,-0.00019309952,-8.4782245e-05,-0.023625921,-0.00030616025,-0.00012615843,-0.000255352
16320000,-0.00019404654,-8.405264e-05,-0.023807015,-0.0003279924,-8.059761e-05,-0.00024712764
16328000,-0.0001953245,-8.328091e-05,-0.02398319,-0.00036472525,-9.602122e-05,-0.0002536669
16336000,-0.00019692151,-8.246735e-05,-0.024141738,-0.00042262318,-6.5334985e-05,-0.00024534686
16344000,-0.00019875137,-8.1611564e-05,-0.024295896,-0.00041424733,-9.030172e-05,-0.00023284364
16352000,-0.00020062747,-8.104929e-05,-0.024445923,-0.00041538943,-0.00012239449,-0.00026804593
16360000,-0.00020134801,-7.9998696e-05,-0.024587419,-0.00041509932,-0.00013431186,-0.0002619065
16368000,-0.00020207935,-7.878615e-05,-0.02472504,-0.00039387547,-6.173342e-05,-0.00026789197
16376000,-0.00020266933,-7.702344e-05,-0.024859035,-0.00039274537,-2.6033844e-05,-0.0002838788
16384000,-0.0002033933,-7.52644e-05,-0.02496496,-0.0003983816,-3.3668948e-05,-0.0002671725
16392000,-0.00020414281,-7.3623254e-05,-0.025067966,-0.00042062197,-4.5260676e-05,-0.00025978513
16400000,-0.00020508184,-7.220157e-05,-0.025167946,-0.00041780132,-8.84827e-05,-0.00020302304
16408000,-0.00020595724,-7.1107046e-05,-0.025264787,-0.00040358215,-0.000117195916,-0.00018163075
16416000,-0.00020670456,-7.0216636e-05,-0.025359001,-0.00038574124,-0.000114441704,-0.00018540601
16424000,-0.00020741035,-6.9087466e-05,-0.025450697,-0.00039523092,-7.736146e-05,-0.00018709205
16432000,-0.00020825317,-6.793088e-05,-0.025638426,-0.0003947707,-8.0672355e-05,-0.00021137898
16440000,-0.00020887857,-6.6726854e-05,-0.025820993,-0.00035682632,-4.876349e-05,-0.0001957882
16448000,-0.00020924633,-6.5616914e-05,-0.025998598,-0.00030092805,-0.00011152011,-0.00023003617
16456000,-0.00020924707,-6.482038e-05,-0.026171584,-0.00028218274,-9.571506e-05,-0.00026990692
16464000,-0.00020915887,-6.3976935e-05,-0.026339969,-0.00027162762,-0.000121856036,-0.00029489602
16472000,-0.00020909426,-6.335594e-05,-0.026503941,-0.00028139443,-0.00012649737,-0.00032553976
16480000,-0.00020906876,-6.278587e-05,-0.026663475,-0.00027277926,-0.00013580892,-0.00029738215
16488000,-0.00020908387,-6.2293606e-05,-0.02680478,-0.00028676583,-0.0001361744,-0.0003032982
16496000,-0.00020921271,-6.176033e-05,-0.02694254,-0.00028849515,-0.00011982144,-0.00036484198
16504000,-0.00020913703,-6.116072e-05,-0.027076738,-0.00024509526,-0.0001181764,-0.00037099674
16512000,-0.00020884971,-6.0550115e-05,-0.02720708,-0.0002371999,-0.00010838035,-0.0003155343
16520000,-0.00020858382,-6.0051414e-05,-0.027333666,-0.00023486163,-0.00013133125,-0.00034240572
16528000,-0.00020828846,-5.962184e-05,-0.027456962,-0.00022022538,-0.00012604677,-0.00035622495
16536000,-0.00020780572,-5.9145837e-05,-0.027543893,-0.00019375699,-9.9389625e-05,-0.0003596205
16544000,-0.00020734286,-5.8492915e-05,-0.02762849,-0.00021852697,-0.000102224636,-0.00035693982
16552000,-0.00020669891,-5.7953996e-05,-0.027710719,-0.00014290411,-0.000105055595,-0.0003524527
16560000,-0.00020557306,-5.732498e-05,-0.027790554,-0.000103819875,-6.895323e-05,-0.00031648402
16568000,-0.00020303503,-5.602537e-05,-0.027865294,-0.00010276606,-1.8075385e-05,-0.00029314493
16576000,-0.0002002763,-5.4603956e-05,-0.027938033,-4.4365097e-05,-2.993016e-05,-0.00031889376
16584000,-0.0001972368,-5.33307e-05,-0.027993435,-2.387496e-05,-4.4989945e-05,-0.0003387967
16592000,-0.00019391981,-5.209046e-05,-0.028047502,3.3003333e-05,-3.5064353e-05,-0.00036091695
16600000,-0.0001904273,-5.0959712e-05,-0.028100349,1.0932297e-05,-6.7278525e-05,-0.00040514173
16608000,-0.00018731727,-5.0312196e-05,-0.028151918,-3.3978402e-05,-0.00014706327,-0.0003806392
16620000,-0.00018438327,-5.028329e-05,-0.028201701,-2.1751664e-05,-0.00020521008,-0.0003054938
16624000,-0.00018131027,-5.067797e-05,-0.028249824,-6.2534104e-06,-0.00025007705,-0.00030282454
16632000,-0.00017821243,-5.126394e-05,-0.028310321,-1.1448711e-05,-0.00023732657,-0.00027496694
16640000,-0.00017521123,-5.173942e-05,-0.028368842,-2.5661091e-05,-0.0002210005,-0.00023957127
16648000,-0.00017241784,-5.2156367e-05,-0.028425733,-5.150609e-05,-0.00023190775,-0.00026963055
16656000,-0.0001697439,-5.2897176e-05,-0.028481476,-3.8432387e-05,-0.00026418272,-0.00034356661
16664000,-0.0001667996,-5.3575906e-05,-0.028536178,6.027458e-06,-0.00021818178,-0.0003817167
16672000,-0.00016369463,-5.4075124e-05,-0.028589552,8.180112e-06,-0.0002348991,-0.00037983985
16680000,-0.00016088088,-5.4715718e-05,-0.028641623,-3.424826e-05,-0.00020869773,-0.00043645705
16688000,-0.0001579327,-5.490633e-05,-0.028656539,4.607413e-06,-0.00014356995,-0.00044585264
16696000,-0.00015515008,-5.47297e-05,-0.028671093,-3.9805735e-05,-0.0001202893,-0.00045080262
16704000,-0.0001525247,-5.4696106e-05,-0.028685326,-2.5554855e-05,-0.00014919626,-0.00044837815
16712000,-0.00015003343,-5.4670698e-05,-0.02869915,-7.557175e-05,-0.00011431987,-0.00044887932
16720000,-0.00014794947,-5.4311444e-05,-0.0287129,-0.00011980855,-6.964709e-05,-0.00048246924
16728000,-0.00014628847,-5.3704596e-05,-0.028726345,-0.00016713869,-5.734919e-05,-0.0004621557
16736000,-0.00014489202,-5.2991934e-05,-0.028852332,-0.00017264909,-1.1443589e-05,-0.000442158
16744000,-0.00014349639,-5.1924668e-05,-0.02897493,-0.00018077635,8.278231e-06,-0.0004680751
16752000,-0.00014232556,-5.0795312e-05,-0.029094271,-0.00021576985,3.3787437e-05,-0.00047859995
16760000,-0.00014171502,-4.9416074e-05,-0.029210245,-0.00029889226,6.944157e-05,-0.0004606043
16768000,-0.00014130738,-4.7959264e-05,-0.029322777,-0.00026058755,5.673322e-05,-0.0004106417
16776000,-0.00014039705,-4.6094316e-05,-0.029429005,-0.0002849724,8.795808e-05,-0.00047523566
16784000,-0.0001395526,-4.3881344e-05,-0.029500622,-0.0002634415,0.00013259397,-0.00044650983
16792000,-0.00013857374,-4.1521296e-05,-0.029569939,-0.00023679012,0.00016020246,-0.00039761717
16800000,-0.00013750802,-3.894096e-05,-0.029637156,-0.0002448706,0.00018189126,-0.000399121
16808000,-0.00013657357,-3.5996847e-05,-0.029702429,-0.00025217564,0.0002507471,-0.0003763916
16816000,-0.000135748,-3.2799813e-05,-0.02976597,-0.00027134808,0.00026719258,-0.00040059973
16824000,-0.00013507929,-2.943912e-05,-0.029827747,-0.00028806474,0.00027607585,-0.00039068566
16832000,-0.00013471833,-2.606946e-05,-0.029856168,-0.00030354012,0.00029130265,-0.0003724552
16840000,-0.00013427438,-2.2718094e-05,-0.029883815,-0.0002764637,0.00028776276,-0.00041230393
16848000,-0.00013360026,-1.9260888e-05,-0.029911015,-0.00023754509,0.0003256189,-0.00042507058
16856000,-0.00013265914,-1.559774e-05,-0.029937698,-0.00019775805,0.00032160018,-0.00046165404
16864000,-0.00013147449,-1.2211126e-05,-0.029963812,-0.00017082952,0.00028692593,-0.00047278736
16872000,-0.00013019035,-8.921084e-06,-0.029989379,-0.0001777567,0.00029344138,-0.00046546338
16880000,-0.0001291162,-5.738652e-06,-0.03001398,-0.00020125124,0.00027202783,-0.0004274333
16888000,-0.00012812571,-2.7541703e-06,-0.030079708,-0.00020035112,0.00024319663,-0.00043883684
16896000,-0.00012715136,9.3134126e-08,-0.03014367,-0.00018289486,0.00026006709,-0.00044609312
16904000,-0.00012606522,3.2114817e-06,-0.030206086,-0.00017307232,0.00029631972,-0.00048016614
16912000,-0.0001249559,6.4577757e-06,-0.030267172,-0.00017395327,0.00030265914,-0.00053632056
16920000,-0.00012410885,9.903914e-06,-0.03032665,-0.00022405606,0.00034351723,-0.00050558726
16928000,-0.00012365292,1.3368003e-05,-0.030384427,-0.0002613419,0.00032705328,-0.00048821679
16936000,-0.00012329672,1.6770266e-05,-0.03043501,-0.00024116167,0.00032929273,-0.00046614135
16944000,-0.00012278778,2.0182808e-05,-0.03048433,-0.00022939044,0.0003366578,-0.000499863
16952000,-0.00012224904,2.3382478e-05,-0.0305327,-0.00020083586,0.00026941142,-0.00053840346
16960000,-0.00012140033,2.6389484e-05,-0.030579876,-0.00016433588,0.00031168378,-0.0005653883
16968000,-0.00012058316,2.9508492e-05,-0.03062614,-0.00019217444,0.00028973387,-0.00059670076
16976000,-0.00011987635,3.2422395e-05,-0.030671263,-0.0001858169,0.0002813951,-0.0005770001
16984000,-0.00011900776,3.566061e-05,-0.030749906,-0.00019766206,0.00030889193,-0.00058838585
16992000,-0.000118423006,3.8651997e-05,-0.0308264,-0.0002257768,0.00026825274,-0.00058680907
17000000,-0.00011781437,4.172609e-05,-0.030901004,-0.00019135374,0.0003021378,-0.00061462226
17008000,-0.000116765674,4.4917742e-05,-0.0309737,-0.00012216516,0.00031859553,-0.0006223978
17016000,-0.00011546853,4.827568e-05,-0.031044291,-0.000114811075,0.00033429026,-0.0005743348
17024000,-0.00011417479,5.139487e-05,-0.031112533,-9.9040466e-05,0.00027627905,-0.0005321868
17032000,-0.00011266644,5.412672e-05,-0.03124866,-8.197995e-05,0.00022816168,-0.0005397278
17040000,-0.000111289126,5.6458175e-05,-0.031381037,-0.00010229631,0.00020631506,-0.00052411016
17048000,-0.000110007386,5.8699356e-05,-0.031509794,-0.000102971375,0.00019179231,-0.0005749988
17056000,-0.00010881245,6.0961363e-05,-0.03163544,-0.000118053176,0.00021078809,-0.0006123445
17064000,-0.000107824795,6.3289044e-05,-0.031757746,-0.0001230382,0.00022679858,-0.00061235344
17072000,-0.00010645776,6.555012e-05,-0.03187676,-5.003514e-05,0.0002072546,-0.0006472213
17080000,-0.00010481127,6.795578e-05,-0.03199289,-3.524018e-05,0.00024697202,-0.00068630296
17088000,-0.00010288576,7.039857e-05,-0.032050803,1.6398375e-05,0.00021533323,-0.0007204112
17096000,-0.0001009779,7.2597824e-05,-0.032107346,-2.4625642e-05,0.00020235067,-0.00073273556
17104000,-9.949028e-05,7.47652e-05,-0.032162163,-7.917836e-05,0.00023447763,-0.0006695413
17112000,-9.8351025e-05,7.7242505e-05,-0.03221528,-0.00010119863,0.0002528807,-0.00064717495
17120000,-9.733298e-05,7.9698344e-05,-0.032266647,-0.0001068908,0.00024279793,-0.0005924704
17128000,-9.6397904e-05,8.201619e-05,-0.03231645,-0.000108344684,0.00020984135,-0.00059967575
17136000,-9.541278e-05,8.383458e-05,-0.03238742,-9.498327e-05,0.00014618138,-0.00059849856
17144000,-9.442186e-05,8.541258e-05,-0.032456398,-9.4676056e-05,0.00012667921,-0.00059129286
17152000,-9.3599825e-05,8.662536e-05,-0.032523453,-0.0001385827,9.422146e-05,-0.0005877332
17160000,-9.2940325e-05,8.800508e-05,-0.032588515,-0.00012293486,0.00016482898,-0.0005363096
17168000,-9.215853e-05,8.97286e-05,-0.032651663,-0.00010144468,0.00017009144,-0.0005496782
17176000,-9.141367e-05,9.165838e-05,-0.03271342,-0.00013567806,0.00022517717,-0.0006227909
17184000,-9.101311e-05,9.400153e-05,-0.032788698,-0.00015107634,0.00026807605,-0.0005995505
17192000,-9.0194946e-05,9.551729e-05,-0.032857798,-0.00014700588,0.0003014906,-0.0005887752
17200000,-8.932478e-05,9.730211e-05,-0.032924864,-0.00012487707,0.0003215623,-0.00057230174
17208000,-8.840433e-05,9.8926415e-05,-0.03298995,-0.000121672616,0.00027257705,-0.0005577505
17216000,-8.773742e-05,0.00010053143,-0.03305319,-0.0001837805,0.00030671994,-0.0005335609
17224000,-8.714103e-05,0.00010231333,-0.03311437,-0.00012860098,0.0003363309,-0.00048575032
17232000,-8.623616e-05,0.000104529376,-0.033185728,-0.00010828901,0.00040128492,-0.00044860132
17240000,-8.5217864e-05,0.0001070668,-0.03325494,-8.742039e-05,0.00040495422,-0.0004406355
17248000,-8.41875e-05,0.00010951481,-0.033322196,-9.4196934e-05,0.000388759,-0.00043820706
17256000,-8.321437e-05,0.00011176217,-0.033387657,-0.00010105067,0.00036235247,-0.00046330164
17264000,-8.244974e-05,0.00011378171,-0.033451386,-0.00013983274,0.00031353018,-0.00045778125
17272000,-8.205907e-05,0.0001153924,-0.03351337,-0.000183195,0.0002862342,-0.00047046482
17280000,-8.192016e-05,0.00011692701,-0.03357375,-0.00019277903,0.00027580213,-0.00047920053
17288000,-8.17489e-05,0.00011815278,-0.033611987,-0.00016570429,0.00022599379,-0.00044012343
17296000,-8.153923e-05,0.00011915089,-0.033648748,-0.00019044484,0.00020142336,-0.00039623462
17304000,-8.148897e-05,0.00011997462,-0.03368447,-0.00019442235,0.00020356047,-0.0004161659
17312000,-8.160541e-05,0.00012105245,-0.033719294,-0.00021887492,0.00024825233,-0.00042391493
17320000,-8.188006e-05,0.0001223239,-0.03375322,-0.00023906617,0.0002562198,-0.00042831912
17328000,-8.237255e-05,0.0001235727,-0.033786274,-0.00024927687,0.00023855612,-0.00044708574
17336000,-8.280177e-05,0.00012450108,-0.033714533,-0.00023231817,0.0001824538,-0.00048006725
17344000,-8.3196355e-05,0.00012504307,-0.0336449,-0.00022318686,0.00015720654,-0.00045053277
17352000,-8.340394e-05,0.0001254898,-0.033577036,-0.0001920744,0.00013807291,-0.00043629116
17360000,-8.349413e-05,0.00012586007,-0.033511013,-0.00019159503,0.0001565389,-0.00041945116
17368000,-8.36248e-05,0.00012642823,-0.03344679,-0.00017529418,0.00017172779,-0.00043369434
17376000,-8.349448e-05,0.00012714647,-0.033384416,-0.00014958174,0.00020644849,-0.00040156196
17384000,-8.336678e-05,0.00012801288,-0.033318847,-0.00014782274,0.00018608509,-0.00030557363
17392000,-8.3192026e-05,0.000128618,-0.033254605,-0.00014852585,0.00016475268,-0.000284746
17400000,-8.254992e-05,0.00012802384,-0.03319133,-6.744144e-05,0.00016238887,-0.00027124025
17408000,-8.15268e-05,0.00012776488,-0.033129618,-8.057932e-05,0.00021657918,-0.00025611982
17416000,-8.0781145e-05,0.00012766986,-0.03307007,-9.5677824e-05,0.00021584572,-0.00036296164
17424000,-8.01028e-05,0.00012759556,-0.033012748,-0.000106239015,0.00020879625,-0.00041161248
17432000,-7.953382e-05,0.00012746124,-0.032996614,-0.000111686815,0.00021973696,-0.0004406865
17440000,-7.889898e-05,0.0001274956,-0.032980796,-8.47128e-05,0.0002305042,-0.00042809942
17448000,-7.8160614e-05,0.00012755222,-0.032965682,-6.84253e-05,0.00023258288,-0.0004959689
17456000,-7.711134e-05,0.00012775233,-0.032951385,-2.3368691e-05,0.00024854424,-0.0004962829
17464000,-7.603246e-05,0.00012809435,-0.032937307,-5.623436e-05,0.00027144424,-0.00045720953
17472000,-7.545779e-05,0.00012866859,-0.032923393,-0.00014091033,0.00030704218,-0.00043935343
17480000,-7.547616e-05,0.00012926116,-0.032909762,-0.00017824474,0.0002736565,-0.00042808297
17488000,-7.557319e-05,0.00012969611,-0.032881066,-0.00016864967,0.00027082406,-0.00041448334
17496000,-7.5535594e-05,0.00013039079,-0.03285321,-0.00014566981,0.00032452686,-0.0004457717
17504000,-7.563638e-05,0.00013158705,-0.032826524,-0.00018750105,0.0004015111,-0.00049402367
17512000,-7.591047e-05,0.0001331193,-0.03280094,-0.00019378884,0.00038792318,-0.0005277498
17520000,-7.629778e-05,0.00013476798,-0.032776292,-0.00020463883,0.00043964645,-0.0005386656
17528000,-7.671687e-05,0.00013662041,-0.032752436,-0.00019608218,0.0004399767,-0.000556235
17536000,-7.7145174e-05,0.00013850667,-0.03264352,-0.00021032811,0.00043916618,-0.0005381547
17544000,-7.752573e-05,0.00014046494,-0.032537743,-0.0001701866,0.0004600309,-0.000553992
17552000,-7.785066e-05,0.00014242501,-0.032434877,-0.00020648247,0.00042367182,-0.0005130458
17560000,-7.823337e-05,0.00014422873,-0.03233476,-0.00016361033,0.00043708485,-0.000504171
17568000,-7.842446e-05,0.00014598406,-0.03223765,-0.00015582978,0.00040785596,-0.00054449186
17576000,-7.8600424e-05,0.00014763887,-0.032143343,-0.00017113035,0.00039649196,-0.0005046581
17584000,-7.878376e-05,0.00014942598,-0.032052286,-0.00012933291,0.00045341917,-0.0004941641
17596000,-7.853512e-05,0.00015168461,-0.031963952,-8.065354e-05,0.00048286922,-0.0004984416
17604000,-7.8065816e-05,0.0001538287,-0.03187796,-6.7269575e-05,0.00044385175,-0.0004770154
17612000,-7.706302e-05,0.00015514798,-0.031793796,-5.380889e-05,0.000451268,-0.00045989346
17620000,-7.6271936e-05,0.00015639886,-0.03171208,-0.00010701844,0.00043761168,-0.00047770859
17628000,-7.585077e-05,0.0001575841,-0.031632766,-0.00014289444,0.0004162385,-0.00046896047
17636000,-7.5516014e-05,0.00015876691,-0.031606987,-0.00011011026,0.00043492048,-0.00044025428
17644000,-7.519478e-05,0.00016003932,-0.031582095,-0.00016851255,0.0004330619,-0.00049817545
17652000,-7.5189804e-05,0.00016148413,-0.031558204,-0.00016412204,0.00048307088,-0.00047488647
17660000,-7.511531e-05,0.00016337304,-0.031534746,-0.00015789105,0.0005222733,-0.00045639803
17668000,-7.510098e-05,0.00016545695,-0.031511877,-0.00015718122,0.0005222387,-0.00046168012
17676000,-7.5189746e-05,0.00016735363,-0.03148995,-0.0001921566,0.00047967702,-0.00050683826
17684000,-7.550384e-05,0.00016917831,-0.03146882,-0.0001971793,0.0004949937,-0.00049584307
17692000,-7.580017e-05,0.000171074,-0.031445924,-0.00019980119,0.00051066594,-0.00053958676
17700000,-7.6110795e-05,0.00017330726,-0.031424295,-0.00017444743,0.0005619562,-0.0006084807
17708000,-7.622452e-05,0.00017591406,-0.031403385,-0.00015675755,0.00059230335,-0.00057835464
17716000,-7.5928285e-05,0.00017880849,-0.031383064,-7.361443e-05,0.0006101633,-0.00058140507
17724000,-7.5171876e-05,0.00018146491,-0.031363413,-2.9069684e-05,0.0005622087,-0.00059127714
17732000,-7.396426e-05,0.00018423027,-0.031344347,3.9744657e-05,0.0006266447,-0.0005749399
17740000,-7.2461735e-05,0.00018736301,-0.03129497,2.8630013e-05,0.00062298216,-0.000576667
17748000,-7.112891e-05,0.00019027559,-0.031247167,2.8994877e-05,0.0005919004,-0.00058208953
17756000,-6.976536e-05,0.00019304597,-0.03120061,1.6933693e-05,0.0005848724,-0.00055026927
17764000,-6.8774134e-05,0.0001958835,-0.031155406,-4.4374665e-05,0.0005816868,-0.0005671257
17772000,-6.821481e-05,0.00019853158,-0.031111633,-7.106568e-05,0.0005418266,-0.00056779373
17780000,-6.7648856e-05,0.00020100418,-0.031069191,-7.2047915e-05,0.00054424297,-0.00057791045
17788000,-6.705333e-05,0.00020357093,-0.03107038,-3.9266466e-05,0.00054877385,-0.00060355914
17796000,-6.637349e-05,0.00020610492,-0.03107179,-5.721803e-05,0.000529277,-0.0006285949
17804000,-6.5991335e-05,0.00020849676,-0.031073552,-9.556672e-05,0.0005104359,-0.0006753059
17812000,-6.590411e-05,0.00021075927,-0.031075653,-0.00013013529,0.0004969733,-0.00067964254
17820000,-6.545281e-05,0.00021155976,-0.03107537,-0.00013246272,0.0004745538,-0.00061346963
17828000,-6.498837e-05,0.00021227889,-0.031075003,-0.00012897661,0.00047417716,-0.00064536463
17836000,-6.4383894e-05,0.00021304126,-0.030987857,-9.1856855e-05,0.00047412576,-0.0006574453
17844000,-6.3729174e-05,0.00021374693,-0.030903067,-0.000120312965,0.00045582515,-0.00061369676
17852000,-6.3524756e-05,0.00021457963,-0.030820461,-0.00017371746,0.00049787574,-0.0005710232
17860000,-6.3519234e-05,0.00021575118,-0.030739967,-0.00017750039,0.0005273118,-0.00054092135
17868000,-6.376173e-05,0.00021706315,-0.030661635,-0.00023918638,0.00051718607,-0.0005205121
17876000,-6.449072e-05,0.00021838993,-0.030585438,-0.000284886,0.00052355835,-0.00051645335
17884000,-6.5452194e-05,0.00021984671,-0.030511416,-0.00029841307,0.0005560843,-0.00048627405
17892000,-6.66233e-05,0.00022156398,-0.03048531,-0.00032400238,0.0005677174,-0.00044182347
17900000,-6.7916786e-05,0.0002232644,-0.030459784,-0.0003187448,0.00054839224,-0.00044811534
17908000,-6.9029775e-05,0.00022507583,-0.030435093,-0.00029855766,0.00057692965,-0.0004427965
17916000,-7.035766e-05,0.0002267773,-0.030411238,-0.00034984935,0.00052211975,-0.00047139858
17924000,-7.18312e-05,0.00022822157,-0.030388229,-0.0003276726,0.00049854623,-0.00046777647
17932000,-7.333703e-05,0.0002295837,-0.030365884,-0.00035042476,0.0004932339,-0.00046274706
17940000,-7.4791074e-05,0.00023088277,-0.030393202,-0.00033593844,0.00048658968,-0.00051291886
17948000,-7.621409e-05,0.00023214518,-0.030419944,-0.00033080755,0.00046429437,-0.0004926504
17956000,-7.7885044e-05,0.00023331122,-0.030445991,-0.0003772424,0.00046685504,-0.00050083094
17964000,-7.9938174e-05,0.00023477947,-0.030471465,-0.00043229279,0.00052603777,-0.0005308381
17972000,-8.239905e-05,0.00023665014,-0.03049646,-0.00045894057,0.00055824535,-0.0005194509
17980000,-8.479163e-05,0.00023865185,-0.030520556,-0.0004220157,0.0005519439,-0.00049190666
17988000,-8.6926026e-05,0.0002406433,-0.030522017,-0.00040078032,0.00053386495,-0.00047756216
17996000,-8.915403e-05,0.00024244396,-0.030523311,-0.00042516322,0.00052434456,-0.0004610903
18004000,-9.118251e-05,0.00024438425,-0.030524638,-0.00035296608,0.0005522162,-0.0004734771
18012000,-9.272449e-05,0.00024670357,-0.030526169,-0.00032327673,0.00060663116,-0.00048580242
18020000,-9.435966e-05,0.00024935807,-0.03052791,-0.0003471174,0.0006323966,-0.0005397998
18028000,-9.584973e-05,0.00025021192,-0.030527389,-0.00036652441,0.00064174127,-0.0005612372
18036000,-9.745875e-05,0.00025130578,-0.030493772,-0.00037240272,0.00067095447,-0.00050903123
18044000,-9.918019e-05,0.00025265338,-0.030460972,-0.00038781622,0.0007129858,-0.0005236236
18052000,-0.00010104525,0.00025453523,-0.030429332,-0.00040278153,0.00075684057,-0.0005056056
18060000,-0.000102879894,0.0002564119,-0.030398242,-0.0003788275,0.0007251842,-0.00045811004
18068000,-0.00010468815,0.00025826372,-0.030367691,-0.00037780177,0.00075206696,-0.00038256013
18076000,-0.00010628803,0.00026063525,-0.030337602,-0.0003293534,0.00081531715,-0.00033191105
18084000,-0.00010768589,0.00026347555,-0.030308155,-0.00034336245,0.0008698508,-0.00035265856
18092000,-0.00010912758,0.0002668227,-0.030332234,-0.00031816063,0.00091003487,-0.00034938092
18100000,-0.00011041711,0.0002705057,-0.030355476,-0.0003087252,0.00096055376,-0.00033494228
18108000,-0.00011161823,0.00027459118,-0.0303781,-0.0002709821,0.0009897565,-0.00032639387
18116000,-0.00011235628,0.00027866857,-0.030400302,-0.00021792785,0.00096609944,-0.00039399558
18124000,-0.000112955015,0.00028291804,-0.030422512,-0.00022460845,0.0010062597,-0.0004714263
18132000,-0.0001136268,0.0002876052,-0.030444575,-0.00021919649,0.0010476606,-0.00047082175
18140000,-0.00011428272,0.00029231422,-0.03039433,-0.00024076569,0.0010304338,-0.00047985747
18148000,-0.000115219125,0.0002969416,-0.03034561,-0.0002607583,0.0010185661,-0.0004740551
18156000,-0.00011618438,0.00030170352,-0.030298298,-0.00024354746,0.0010397099,-0.0004627119
18164000,-0.00011688247,0.00030668863,-0.030252494,-0.00020557926,0.0010591923,-0.0004997021
18172000,-0.00011733527,0.0003118389,-0.030208156,-0.00016733419,0.0010723305,-0.0004867109
18180000,-0.00011760092,0.000317024,-0.030164925,-0.00017120813,0.0010727054,-0.00043594555
18188000,-0.00011792494,0.0003224553,-0.030188058,-0.00016174684,0.0011022313,-0.00039748062
18196000,-0.00011811701,0.00032806146,-0.030210407,-0.00013244839,0.0011314827,-0.0003753601
18204000,-0.00011804895,0.0003340696,-0.030231925,-0.00010473869,0.001166837,-0.00033912706
18212000,-0.000118091026,0.00034020605,-0.030252662,-0.00015267906,0.0011658373,-0.00030324742
18220000,-0.0001184042,0.0003465607,-0.03027262,-0.00016986685,0.0012102295,-0.0003066997
18228000,-0.00011876642,0.0003535175,-0.030292206,-0.0001644171,0.0012998494,-0.00031980893
18236000,-0.00011786034,0.0003587301,-0.030354036,-0.00015755158,0.0013254129,-0.00036351697
18244000,-0.000116808114,0.0003641464,-0.030414337,-0.00011539926,0.0013352146,-0.00035327245
18252000,-0.000115494426,0.0003697669,-0.03047281,-9.1215166e-05,0.0013650367,-0.00032446173
18260000,-0.00011381987,0.00037572533,-0.03052966,-2.6894171e-05,0.0013836669,-0.00034766697
18268000,-0.000112159636,0.00038157692,-0.0305851,-8.744189e-05,0.0013317358,-0.00036023202
18276000,-0.000110642795,0.00038722312,-0.030639099,-4.7855043e-05,0.0013364211,-0.00035537942
18284000,-0.00010903732,0.0003930792,-0.030691357,-7.3469964e-05,0.0013433889,-0.00030266136
18292000,-0.000107755266,0.0003990665,-0.03070449,-8.786492e-05,0.0013755026,-0.0002527391
18300000,-0.00010628057,0.0004054444,-0.030717004,-4.1510022e-05,0.0013921249,-0.00022815497
18308000,-0.000104412735,0.0004116908,-0.03072924,1.7974571e-05,0.0013426294,-0.00026210857
18316000,-0.000102178485,0.0004176288,-0.030741243,5.7579942e-05,0.0013060098,-0.0002446103
18324000,-9.9549216e-05,0.00042361245,-0.030752702,0.000114245944,0.0013350673,-0.00019600376
18332000,-9.6674856e-05,0.0004298716,-0.03076354,0.00012986154,0.0013691119,-0.0001704434
18340000,-9.364877e-05,0.00043621034,-0.030814573,0.00015498394,0.0013277067,-0.00014958566
18348000,-9.0645706e-05,0.00044236277,-0.030864323,0.00014648351,0.0013187416,-0.0001918808
18356000,-8.7475295e-05,0.00044866145,-0.030912947,0.00017728031,0.0013245731,-0.00021092348
18364000,-8.4496365e-05,0.0004546921,-0.03096018,0.00011818432,0.0012734751,-0.00017696628
18372000,-8.18845e-05,0.00046089353,-0.031006059,0.000105127234,0.0013403199,-0.00020207593
18380000,-7.901991e-05,0.00046731837,-0.031050898,0.00016939495,0.0013045385,-0.00023396325
18388000,-7.597766e-05,0.0004736621,-0.03106312,0.0001513532,0.0013202546,-0.0002771209
18396000,-7.3147814e-05,0.00048031908,-0.031075405,0.0001241236,0.0013621014,-0.00031409494
18404000,-7.054605e-05,0.0004870777,-0.031087702,0.00011420555,0.0013365347,-0.0003686083
18412000,-6.7903566e-05,0.00049369223,-0.031100221,0.00012745884,0.001312848,-0.00042859116
18420000,-6.516986e-05,0.00050014385,-0.031112872,0.00013647307,0.0012749527,-0.0004703917
18428000,-6.240131e-05,0.00050640025,-0.031125408,0.00014783067,0.0012489539,-0.00046124985
18436000,-5.9778096e-05,0.00051249826,-0.031139476,0.00011613807,0.0012498337,-0.0004390272
18444000,-5.650818e-05,0.000514467,-0.031151827,0.00012231049,0.001256397,-0.00048850715
18452000,-5.3431242e-05,0.00051645236,-0.03116431,7.865907e-05,0.0012237985,-0.00054842257
18460000,-5.0630024e-05,0.0005182999,-0.031177081,5.7978603e-05,0.0012110225,-0.00060801074
18468000,-4.8237936e-05,0.00052051374,-0.031189803,5.31513e-06,0.0012804756,-0.00060366915
18476000,-4.594965e-05,0.0005230673,-0.031202257,2.5814807e-05,0.0012664349,-0.0006032315
18484000,-4.3657412e-05,0.0005257396,-0.031214474,2.3601572e-06,0.0012967993,-0.0006018096
18492000,-4.1680378e-05,0.0005288298,-0.031252883,-2.311705e-05,0.0013297321,-0.0005808967
18500000,-3.9920684e-05,0.0005322753,-0.031290434,-6.6705805e-05,0.0013674523,-0.00063335424
18508000,-3.8449765e-05,0.00053583755,-0.031327464,-5.739384e-05,0.0013497652,-0.00067358784
18516000,-3.6919835e-05,0.00053963164,-0.03136366,-8.8078166e-05,0.0013898871,-0.000661068
18524000,-3.586421e-05,0.0005435398,-0.031398952,-0.00014044014,0.001359054,-0.0006632352
18532000,-3.5241057e-05,0.0005473746,-0.03143336,-0.00019481685,0.0013474483,-0.0006668212
18540000,-3.492693e-05,0.00055146404,-0.031436156,-0.00020282983,0.0014006264,-0.00067529886
18548000,-3.440761e-05,0.0005559709,-0.031439263,-0.00014107427,0.0014324686,-0.0007170065
18556000,-3.3564313e-05,0.0005607425,-0.031442456,-9.895237e-05,0.0014402897,-0.0007009863
18564000,-3.2427128e-05,0.0005655934,-0.031445734,-0.00010676801,0.0014301757,-0.0007175124
18572000,-3.1581978e-05,0.0005702562,-0.03144911,-0.00013154514,0.0013850903,-0.00070508284
18580000,-3.1052503e-05,0.0005747653,-0.031452633,-0.00018500043,0.0013437407,-0.0007673308
18588000,-3.073998e-05,0.00057886395,-0.031476196,-0.0001597227,0.0012951273,-0.00072721427
18596000,-3.0108342e-05,0.0005827305,-0.031498898,-0.00011804227,0.001251334,-0.00070402515
18604000,-2.9257302e-05,0.0005861378,-0.03152093,-0.00011935336,0.0011689981,-0.0006896397
18612000,-2.8718408e-05,0.0005891672,-0.031542547,-0.00015677235,0.0011270313,-0.0007098115
18620000,-2.8411783e-05,0.00059215294,-0.031563744,-0.00017613955,0.0011460683,-0.00072064594
18628000,-2.8102428e-05,0.00059523905,-0.031584788,-0.00016148886,0.0011509589,-0.0007647122
18636000,-2.7817092e-05,0.0005986381,-0.03159989,-0.0001856721,0.0011549948,-0.00076097855
18644000,-2.7705086e-05,0.0006020484,-0.031614874,-0.00019136298,0.0011746174,-0.0007882279
18652000,-2.8039216e-05,0.00060063245,-0.031626,-0.00015812795,0.0011921811,-0.0007820785
18660000,-2.8259787e-05,0.00059945375,-0.031636957,-0.00017833512,0.0011897965,-0.00079477526
18668000,-2.8872364e-05,0.0005983564,-0.03164792,-0.00023857747,0.0011905186,-0.00081406103
18676000,-2.9902101e-05,0.0005973511,-0.031658635,-0.0002842519,0.0011748666,-0.0007832242
18684000,-3.1204832e-05,0.0005964427,-0.03166923,-0.00029134337,0.0011685534,-0.0008189399
18692000,-3.2539494e-05,0.0005954098,-0.031702824,-0.0003043852,0.0011258569,-0.00084786053
18700000,-3.421082e-05,0.00059434894,-0.03173561,-0.00036250785,0.0011228618,-0.0008238543
18708000,-3.622972e-05,0.00059325306,-0.03176767,-0.0003723243,0.0010772463,-0.0008551003
18716000,-3.8156664e-05,0.0005920542,-0.03179905,-0.00034041985,0.0010779746,-0.0008466448
18724000,-3.985965e-05,0.0005910201,-0.031829853,-0.00032181895,0.0010610492,-0.0008949437
18732000,-4.136773e-05,0.0005898652,-0.03186038,-0.00027477392,0.0010380914,-0.00094954204
18740000,-4.2621075e-05,0.00058869325,-0.03188136,-0.0002682899,0.0010206106,-0.00092284003
18748000,-4.3855558e-05,0.00058751076,-0.031901658,-0.00023207848,0.0009981109,-0.00089366484
18756000,-4.4663444e-05,0.00058616634,-0.031921275,-0.00019834371,0.0009641793,-0.00086009
18764000,-4.535855e-05,0.00058474194,-0.031940565,-0.00018453955,0.00092789164,-0.000911381
18772000,-4.621105e-05,0.0005830631,-0.031959906,-0.00022871651,0.00091041496,-0.0009424621
18780000,-4.7245096e-05,0.00058152183,-0.03197906,-0.00022412249,0.00089363236,-0.0009873002
18788000,-4.8336246e-05,0.00058005715,-0.03200298,-0.00023187922,0.000904345,-0.0010175115
18796000,-4.9363633e-05,0.00057853654,-0.032026414,-0.00021817855,0.0008607364,-0.0010169355
18804000,-5.023295e-05,0.0005766587,-0.03204944,-0.00017606672,0.000783758,-0.0010194653
18812000,-5.096756e-05,0.0005743892,-0.032072186,-0.00018692548,0.00075149676,-0.0010672425
18820000,-5.173482e-05,0.00057215645,-0.032094695,-0.00017161174,0.0007400563,-0.0010768318
18828000,-5.221489e-05,0.00056986103,-0.032116927,-0.00012603613,0.0007209448,-0.0010925903
18836000,-5.244856e-05,0.00056755677,-0.032104682,-9.6651005e-05,0.0007121592,-0.0010928988
18844000,-5.2473566e-05,0.00056537916,-0.03209315,-8.5733824e-05,0.0007156361,-0.0011156123
18852000,-5.2635347e-05,0.00056327553,-0.03208229,-0.00011227192,0.0006990172,-0.0011531987
18864000,-5.2538173e-05,0.00055640226,-0.032068092,-0.0001215047,0.0006754373,-0.0012050744
18868000,-5.2490737e-05,0.00054936885,-0.03205485,-0.00011604805,0.0006319886,-0.0012479349
18876000,-5.250153e-05,0.00054218346,-0.032042358,-0.00012346635,0.0005755858,-0.0012477459
18884000,-5.257132e-05,0.0005348421,-0.032030694,-0.00013109721,0.00055312715,-0.0012905316
18892000,-3.791996e-05,0.0004143799,-0.030913666,-0.0001310809,0.0004943716,-0.0012370654
18900000,-3.8169488e-05,0.00040651867,-0.030902758,-0.00016782215,0.00045409866,-0.0012724582
18908000,-3.8525024e-05,0.00039866546,-0.030892178,-0.00016816384,0.00041918916,-0.0012097365
18916000,-3.8910355e-05,0.00039076258,-0.030881658,-0.00015222005,0.00041731482,-0.0011850193
18924000,0.000100807454,0.0005481528,-0.030692875,-0.00011532942,0.00039776057,-0.0011615765
18932000,0.0002367345,0.0007009085,-0.030509323,-7.962411e-05,0.00041039728,-0.0011234045
18940000,0.000368966,0.00084937765,-0.03130287,-4.875987e-05,0.00041738764,-0.0011217188
18948000,0.0004972173,0.0009933424,-0.032073557,-0.000109501736,0.0003619992,-0.0011157499
18956000,0.00062159414,0.0011328352,-0.032821864,-7.991073e-05,0.00036189062,-0.0011261733
18964000,0.000728915,0.0013113098,-0.033223316,-7.878357e-05,0.0003425215,-0.0011060836
18972000,0.0008329278,0.0014843338,-0.03361258,-0.00011094128,0.0003141375,-0.0010082965
18980000,0.0009337593,0.0016522761,-0.03398961,-0.00011283336,0.00032219687,-0.0008793679
18988000,0.0010314829,0.0018154556,-0.034233004,-0.00016633986,0.00031891098,-0.0008626302
18996000,0.0010892618,0.002012687,-0.03439489,-0.00022292517,0.00033282695,-0.00086062594
19004000,0.0011450555,0.0022042703,-0.03455162,-0.000225695,0.00034788344,-0.00080017437
19012000,0.0011991154,0.0023904766,-0.03470306,-0.00025092717,0.00035211365,-0.00070360804
19020000,0.0012510304,0.0025714235,-0.034849465,-0.000309348,0.00037798402,-0.0007149809
19028000,0.0012524029,0.0027380972,-0.034874514,-0.0003550253,0.00044249563,-0.00068169105
19036000,0.0012533298,0.002900471,-0.035118952,-0.00034968805,0.00049569504,-0.00061990914
19044000,0.0012542089,0.003058369,-0.035355642,-0.0003428926,0.00048186883,-0.0005727794
19052000,0.0012548807,0.0032116063,-0.03558497,-0.00035361518,0.0004593979,-0.0005824651
19060000,0.0012921779,0.0033186597,-0.0357531,-0.0003472454,0.00048617163,-0.0006027301
19068000,0.0013282546,0.0034230994,-0.03591594,-0.00035111283,0.0005749726,-0.0005607499
19076000,0.0013631565,0.0035249328,-0.03607343,-0.00035250818,0.0005739137,-0.0005209637
19084000,0.0013967338,0.0036239733,-0.036225587,-0.0003831181,0.00058942626,-0.00045996121
19092000,0.0014085607,0.0036281701,-0.036197186,-0.0004076911,0.0006162513,-0.0003827067
19100000,0.0014197456,0.003632466,-0.036168754,-0.00044478392,0.00062026875,-0.00036739244
19108000,0.0014301102,0.0036364913,-0.036140665,-0.00048653354,0.000568009,-0.00034442276
19116000,0.0014394968,0.0036400836,-0.03611271,-0.0005544666,0.0005280057,-0.0003202771
19124000,0.0014958272,0.0036061055,-0.036131248,-0.0005623514,0.00058440387,-0.0002317898
19132000,0.0015504196,0.003573228,-0.036148265,-0.00053818495,0.0005437823,-0.00018438126
19140000,0.0016033457,0.0035411422,-0.036330923,-0.0005252713,0.0005212202,-0.00016297164
19148000,0.0016545973,0.0035098295,-0.036507398,-0.00053989363,0.000483159,-7.7030214e-05
19156000,0.0017533806,0.0034431152,-0.036718994,-0.0005561128,0.0005088066,-2.0062223e-05
19164000,0.0018488866,0.0033785936,-0.03692369,-0.00060660276,0.00052228745,-2.0237912e-05
19172000,0.001941209,0.0033162017,-0.037121594,-0.0006137631,0.00054834876,5.6150617e-05
19180000,0.0020306418,0.0032558297,-0.037312582,-0.0006144103,0.0005545891,0.0001185328
19188000,0.0021500897,0.0031437825,-0.037568077,-0.000673544,0.0005277783,0.0001567316
19196000,0.0022654855,0.0030349288,-0.0378152,-0.00069234916,0.00052314723,0.00020060744
19204000,0.002377331,0.0029293294,-0.03805384,-0.00069332,0.00052847766,0.0003058082
19212000,0.0024856469,0.002827237,-0.038284287,-0.00071126,0.00059348607,0.00033434332
19220000,0.0025906141,0.0027285484,-0.038507074,-0.00070345413,0.00062590715,0.00038720606
19228000,0.0027371407,0.0025910945,-0.038723335,-0.0007459961,0.0006657452,0.00042768684
19236000,0.0028787898,0.0024580117,-0.038913965,-0.0007981905,0.0006656665,0.0004887075
19244000,0.0030157482,0.0023289516,-0.039097965,-0.0008484386,0.00069026183,0.00051359745
19252000,0.0031483916,0.0022039816,-0.0392756,-0.00083477277,0.0007183448,0.0005470194
19260000,0.0032824038,0.0020379776,-0.039436415,-0.00088809,0.0006746614,0.0006206359
19268000,0.0034121121,0.0018765542,-0.03959094,-0.00087779085,0.0006602961,0.00073388504
19276000,0.0035379205,0.0017198522,-0.03973928,-0.00089527335,0.0006319868,0.00080265774
19284000,0.0036597315,0.0015677775,-0.039882094,-0.00088364474,0.00064000423,0.00083272957
19292000,0.0038016308,0.001376088,-0.04002741,-0.0008610812,0.0006384888,0.0009086655
19300000,0.0039390754,0.0011900218,-0.04016693,-0.0009430706,0.00063962024,0.0009921502
19308000,0.0040719397,0.0010096718,-0.040300727,-0.0009320468,0.000661393,0.0010973698
19316000,0.0042010657,0.00083482475,-0.04042901,-0.00088899286,0.00067727047,0.0011691004
19324000,0.0043378784,0.00064257457,-0.040560722,-0.00089427683,0.0007031739,0.0012580343
19332000,0.0044705663,0.0004560954,-0.04068707,-0.0008969726,0.00068806787,0.0013126015
19340000,0.0045991307,0.00027500626,-0.040681407,-0.0009302676,0.0006530595,0.0014086788
19348000,0.0047234087,9.911112e-05,-0.04067409,-0.0009822197,0.00064882677,0.0015049725
19356000,0.0048746564,-8.1157275e-05,-0.04068248,-0.00097624684,0.0006322298,0.0015354131
19364000,0.005021383,-0.00025618257,-0.04068935,-0.00097258115,0.0006239789,0.0015874727
19372000,0.005163603,-0.00042591954,-0.04069458,-0.0009961431,0.00064268673,0.0016429286
19380000,0.005301524,-0.00059038494,-0.04069811,-0.0009762213,0.000680211,0.0017078269
19388000,0.0054711415,-0.00075349427,-0.040652797,-0.000960001,0.0007182463,0.0017371849
19396000,0.0056356336,-0.00091130316,-0.040607408,-0.0009852622,0.00077593914,0.0017909015
19404000,0.0057950327,-0.0010640816,-0.040562257,-0.0009852286,0.00077573274,0.0017667696
19412000,0.005949403,-0.0012122295,-0.040517464,-0.0010511217,0.0007661053,0.0017750227
19420000,0.0061243693,-0.0013485656,-0.04048063,-0.0010265642,0.00072824367,0.0018082161
19428000,0.0062941303,-0.0014808599,-0.04044336,-0.001043212,0.0007313418,0.0018920657
19436000,0.00645845,-0.0016089209,-0.04042323,-0.0010798604,0.0007638939,0.0018667657
19444000,0.006617421,-0.0017328302,-0.04040274,-0.0011410065,0.0007824669,0.0019128554
19452000,0.0068144957,-0.0018438237,-0.040373966,-0.0011812976,0.00077622914,0.0019854165
19460000,0.007005301,-0.0019513165,-0.04034473,-0.0012061023,0.00078753557,0.0020123231
19468000,0.007190066,-0.002055495,-0.040315002,-0.0012374421,0.0007800157,0.0020992428
19476000,0.007368943,-0.0021564905,-0.0402845,-0.0012592038,0.0007823526,0.0021591329
19484000,0.0075419643,-0.002254201,-0.04025373,-0.001294201,0.00080375676,0.0021814173
19492000,0.007753575,-0.0023291507,-0.04020582,-0.0013104484,0.0008155277,0.002294871
19500000,0.007958368,-0.0024016462,-0.04015772,-0.0013452953,0.00084729906,0.0023325635
19508000,0.008156659,-0.00247134,-0.0401098,-0.0013500375,0.00090726156,0.0023757112
19516000,0.008348602,-0.0025385076,-0.040061876,-0.0013806983,0.00091931265,0.0024274106
19524000,0.008566487,-0.0025741148,-0.039970145,-0.0014462612,0.00090035546,0.0024388742
19532000,0.008777068,-0.002608599,-0.03987983,-0.0014873467,0.0008998443,0.002494638
19540000,0.008980864,-0.002641943,-0.039821967,-0.0014864679,0.0008961626,0.0025454652
19548000,0.00917824,-0.0026738842,-0.03976448,-0.0014901212,0.0009416617,0.0025933308
19556000,0.009395767,-0.0026867583,-0.039675385,-0.0015501705,0.00091160275,0.002667249
19564000,0.009605983,-0.0026993786,-0.039587513,-0.0015895177,0.0008682593,0.0026848041
19572000,0.00980932,-0.0027120304,-0.039500847,-0.0016267924,0.0008022502,0.002747294
19580000,0.010006071,-0.002724387,-0.03941533,-0.0015866776,0.000835178,0.002772575
19588000,0.010220905,-0.0027240945,-0.0392105,-0.0016125683,0.0007873314,0.0027665787
19596000,0.010428528,-0.0027240969,-0.039010465,-0.001669319,0.0007647352,0.0028208725
19604000,0.010629257,-0.0027243104,-0.038814694,-0.0016713527,0.0007181151,0.0028766748
19612000,0.010823365,-0.0027251227,-0.03862293,-0.0017353895,0.0006173808,0.0029822125
19620000,0.011011005,-0.0027164475,-0.038373932,-0.0017683633,0.0006244562,0.0029738145
19628000,0.011192603,-0.002707924,-0.038130924,-0.0017636776,0.0006280755,0.0030408332
19636000,0.011367987,-0.0026998708,-0.037811905,-0.001831503,0.00057886244,0.0031094807
19644000,0.011536927,-0.0026925474,-0.037500218,-0.0019072711,0.0005235075,0.0032457667
19652000,0.011711095,-0.002688376,-0.037129506,-0.0019511759,0.0005393723,0.0033793598
19660000,0.011879256,-0.002684366,-0.03676766,-0.0019622603,0.00054975634,0.0034257732
19668000,0.0120416125,-0.002680306,-0.036414668,-0.0020004904,0.0005517222,0.0035019098
19676000,0.012198365,-0.0026763561,-0.036070243,-0.0020019743,0.00054919993,0.0035323536
19684000,0.0123519525,-0.0026793813,-0.035685882,-0.001985334,0.0005198788,0.0035760761
19692000,0.012500425,-0.0026824647,-0.03537695,-0.0019689936,0.0005176625,0.0035907065
19700000,0.0126440395,-0.0026855634,-0.035075694,-0.0019622697,0.0004700731,0.0036038696
19708000,0.0127826035,-0.0026886887,-0.034781724,-0.0019938457,0.0004974393,0.0036581298
19716000,0.012917261,-0.0026883055,-0.03445156,-0.0019817215,0.0004688857,0.0037297786
19724000,0.013047393,-0.0026881245,-0.034129456,-0.0019997922,0.0004696277,0.0037459969
19732000,0.013172822,-0.00268765,-0.03381498,-0.00204538,0.00052227377,0.0038321717
19740000,0.0132936165,-0.0026867155,-0.03352429,-0.0020918245,0.00056589744,0.0039491663
19748000,0.01340982,-0.0026857564,-0.033239976,-0.0021359578,0.0005207912,0.003995494
19756000,0.013528219,-0.0026860884,-0.03292924,-0.002106669,0.00047711446,0.0040171235
19764000,0.01364267,-0.0026866717,-0.032625943,-0.002129986,0.00044285136,0.004078572
19772000,0.013753179,-0.0026874,-0.032329857,-0.0020927852,0.00040866178,0.0041118446
19780000,0.013860157,-0.0026884435,-0.03204076,-0.002088759,0.00035583958,0.0041679563
19788000,0.013960186,-0.0026910913,-0.03170666,-0.0021012076,0.00032336637,0.004260946
19796000,0.014056906,-0.0026936461,-0.031380296,-0.002052904,0.00032373442,0.0043596253
19804000,0.014150423,-0.0026959868,-0.031061456,-0.002084908,0.00033430982,0.004423102
19812000,0.014240383,-0.0026979814,-0.03075014,-0.002118755,0.0003668219,0.0044664955
19820000,0.014325373,-0.0027110595,-0.030427516,-0.002105447,0.00047642025,0.0044871876
19828000,0.014407382,-0.0027229802,-0.030112728,-0.0021110587,0.00048784973,0.004530189
19836000,0.014486304,-0.0027343906,-0.029746711,-0.0021328686,0.00046839964,0.004587223
19844000,0.0145623125,-0.0027449469,-0.02938959,-0.0021150878,0.0005303168,0.00463159
19852000,0.014618163,-0.0027768381,-0.029023498,-0.0021014258,0.0005296232,0.004627948
19860000,0.014672032,-0.0028076004,-0.028666645,-0.0020791078,0.00051290577,0.0046635307
19868000,0.014723674,-0.0028372582,-0.028318346,-0.0021516583,0.0005118764,0.0047218306
19876000,0.01477293,-0.002865738,-0.027978346,-0.002175059,0.0005116231,0.004764196
19884000,0.014796828,-0.0029161589,-0.027633637,-0.0022259853,0.00056037016,0.0048261364
19892000,0.014819305,-0.0029645702,-0.027292341,-0.0022347595,0.00056616333,0.0048699602
19900000,0.014840674,-0.0030113463,-0.026959255,-0.0022351325,0.00056041137,0.0049013696
19908000,0.014860997,-0.0030564659,-0.026633993,-0.0022007003,0.0005816292,0.0049766046
19916000,0.014865866,-0.0031299405,-0.02629909,-0.0022023069,0.0005336307,0.00500256
19924000,0.0148702925,-0.0032013964,-0.025972009,-0.002145229,0.00050641684,0.00508503
19932000,0.01487457,-0.0032707597,-0.025652483,-0.0021338223,0.0005013774,0.0051134857
19940000,0.014878318,-0.0033379777,-0.02539368,-0.002158852,0.00050068955,0.005128825
19948000,0.014863884,-0.0034280273,-0.025127009,-0.002158921,0.000482623,0.005148244
19956000,0.014849465,-0.003515701,-0.02486667,-0.002175318,0.0004267035,0.005140109
19964000,0.014835032,-0.0036011748,-0.024612263,-0.0021686752,0.0003887518,0.005192003
19972000,0.014820635,-0.0036843114,-0.024363622,-0.0021824662,0.00038395255,0.0051798904
19980000,0.014795915,-0.003785241,-0.024112135,-0.0021978267,0.00036314834,0.0052031083
19988000,0.01477162,-0.0038835602,-0.023829073,-0.0021760412,0.00033360743,0.0052241245
19996000,0.014747876,-0.003979152,-0.023552284,-0.002118846,0.0003286666,0.0053131655
20004000,0.014725075,-0.004072192,-0.02328153,-0.0020671543,0.0003145445,0.0053654327
20012000,0.014702719,-0.004162766,-0.02301684,-0.0020590464,0.00027670685,0.0054063117
20020000,0.014675472,-0.00427039,-0.022753552,-0.0019635535,0.0002879262,0.0054260646
20028000,0.014649463,-0.004375106,-0.022496313,-0.0018781567,0.00027777316,0.005459183
20036000,0.01462458,-0.004477007,-0.022244811,-0.0018007038,0.0002661884,0.005479331
20044000,0.014600635,-0.004576259,-0.021999016,-0.0017955917,0.0002600193,0.0055139535
20052000,0.014577496,-0.004691234,-0.021776065,-0.0017850031,0.0002411892,0.0055598505
20060000,0.014555315,-0.0048033334,-0.021557793,-0.0017222627,0.00020194631,0.005611756
20068000,0.014534054,-0.0049128477,-0.021343946,-0.0016767514,0.00016308537,0.005672012
20076000,0.014513529,-0.005019766,-0.02113454,-0.0016791831,0.00013304103,0.005703332
20084000,0.014493533,-0.0051451856,-0.020948678,-0.0016624981,9.1615584e-05,0.0057624816
20092000,0.014474106,-0.005267799,-0.020757824,-0.0016677342,3.9610757e-05,0.0058137816
20100000,0.014455265,-0.0053876867,-0.020571068,-0.0016297371,4.968846e-06,0.0058172187
20108000,0.014436964,-0.0055048037,-0.020388216,-0.0016215605,-1.25948245e-05,0.0058312644
20116000,0.014403193,-0.00563451,-0.02023597,-0.0016258818,-2.4185825e-05,0.005825346
20124000,0.014370291,-0.00576115,-0.020086631,-0.0015867661,-5.7031437e-05,0.0058667557
20132000,0.01433841,-0.005885106,-0.019940034,-0.0015700398,-0.0001084752,0.0058947816
20140000,0.014307395,-0.006006305,-0.01970084,-0.0015471574,-0.00013697485,0.0058772317
20148000,0.014260119,-0.006147685,-0.019494414,-0.001521167,-0.0002394686,0.005905383
20156000,0.014214368,-0.006286466,-0.0192924,-0.0014597153,-0.00032591453,0.005969189
20164000,0.014169905,-0.0064227604,-0.019094333,-0.0014268658,-0.00040093815,0.0060473834
20172000,0.014126728,-0.006556146,-0.018900022,-0.0014179607,-0.00041795208,0.006129933
20180000,0.014074879,-0.0067116264,-0.01874207,-0.0014299878,-0.0005295459,0.0061437455
20188000,0.014024245,-0.006864652,-0.018578336,-0.0014147105,-0.0006741861,0.006170476
20196000,0.013974667,-0.007015442,-0.018417701,-0.0014362993,-0.0008221504,0.00623533
20204000,0.013926242,-0.0071639074,-0.018260002,-0.0014223311,-0.0009238799,0.0062818243
20212000,0.013876724,-0.007329187,-0.018138349,-0.0014059739,-0.0010324509,0.0063261176
20220000,0.013828426,-0.007491569,-0.01801899,-0.0013586293,-0.0011123401,0.0063019674
20228000,0.013781365,-0.007651337,-0.017901823,-0.0013507969,-0.0012354938,0.0063265925
20236000,0.013735196,-0.0078084753,-0.017801091,-0.0013727236,-0.0013551554,0.0063457773
20244000,0.013687489,-0.007979071,-0.017726332,-0.0013481469,-0.0014795157,0.006329916
20252000,0.013640552,-0.008147173,-0.017652377,-0.0013915591,-0.001596024,0.006352915
20260000,0.013594302,-0.0083122775,-0.017579153,-0.0013870389,-0.001621271,0.0063860095
20268000,0.013548852,-0.008474422,-0.017506644,-0.0013946174,-0.0017222767,0.006392847
20276000,0.013504043,-0.008633995,-0.017435268,-0.0014438765,-0.0018054554,0.0063092774
20284000,0.013460193,-0.008811261,-0.017385945,-0.0014526605,-0.0019235105,0.0062768734
20292000,0.013417026,-0.008985955,-0.017351687,-0.0014932522,-0.0020744505,0.0063040825
20300000,0.013374098,-0.0091581335,-0.017317131,-0.0015180609,-0.0021899384,0.006306451
20308000,0.0133317355,-0.009327759,-0.017282382,-0.0015272596,-0.0022691672,0.006301984
20316000,0.013289583,-0.009509934,-0.017272279,-0.0015218956,-0.0023493164,0.006323862
20324000,0.01324796,-0.00968936,-0.017260984,-0.0015447779,-0.0024970209,0.006373102
20332000,0.013206709,-0.009866592,-0.017248482,-0.0015793277,-0.0026893052,0.006396731
20340000,0.013165949,-0.010041544,-0.017253652,-0.0015742305,-0.0027838026,0.0064168954
20348000,0.013116498,-0.0102230655,-0.017279848,-0.0016233238,-0.002869448,0.0063577434
20356000,0.013067588,-0.010401904,-0.017304033,-0.0016317691,-0.0030017502,0.006387996
20364000,0.013019393,-0.01057821,-0.017326161,-0.0016406896,-0.0030924038,0.0064092283
20372000,0.012971797,-0.010751926,-0.017346188,-0.0016758428,-0.0032054142,0.006428094
20380000,0.012902226,-0.01093751,-0.017398253,-0.001700796,-0.003328442,0.006471064
20388000,0.012833869,-0.01112049,-0.017463505,-0.0017200977,-0.0034287618,0.0064524915
20396000,0.012766566,-0.011300836,-0.017525733,-0.0017589366,-0.003534683,0.006447121
20404000,0.012700425,-0.011478596,-0.017584726,-0.0017593743,-0.0036220553,0.006479226
20412000,0.012610851,-0.011662943,-0.017667666,-0.0017723221,-0.0037484993,0.006424639
20420000,0.012523001,-0.011845071,-0.017747149,-0.0017863988,-0.0038958518,0.006442469
20428000,0.012437109,-0.012025064,-0.01782307,-0.001752938,-0.004032783,0.006451463
20436000,0.012353169,-0.0122029,-0.01785256,-0.0017649516,-0.0041414485,0.0064857206
20444000,0.0122450655,-0.0123810535,-0.017894253,-0.0018946282,-0.0042709336,0.0064322404
20452000,0.012138637,-0.012557271,-0.017933816,-0.0019281183,-0.0044118394,0.006429439
20460000,0.012034536,-0.012731613,-0.017971039,-0.0019124052,-0.0045563607,0.006450194
20468000,0.011932737,-0.012904101,-0.018005684,-0.0019004125,-0.0046776314,0.0064844186
20476000,0.011815852,-0.013067828,-0.018049166,-0.0018609504,-0.0047434904,0.006497133
20484000,0.01170184,-0.013229716,-0.01809004,-0.0018562372,-0.00489633,0.006545657
20492000,0.01159035,-0.0133903,-0.018116176,-0.0018874978,-0.005027555,0.006527257
20500000,0.011481295,-0.013549365,-0.018140554,-0.0018721703,-0.0051775617,0.0064999443
20508000,0.011356635,-0.013696735,-0.018173516,-0.0018794243,-0.00531053,0.006479172
20516000,0.01123471,-0.013842822,-0.01820466,-0.001925559,-0.005410025,0.006415654
20524000,0.011115451,-0.013987569,-0.018234089,-0.001946014,-0.0054981927,0.006416666
20532000,0.0109993145,-0.014130815,-0.018261239,-0.001875839,-0.0055547385,0.006491223
20540000,0.010886169,-0.014272476,-0.01824665,-0.001903908,-0.0056137135,0.0065002036
20552000,0.010752245,-0.014412961,-0.018253088,-0.0019305676,-0.0057694027,0.0064958483
20560000,0.010621769,-0.01455283,-0.018258363,-0.0018823493,-0.005893672,0.00645717
20568000,0.010494683,-0.014691571,-0.018262327,-0.0018988854,-0.005960548,0.0065061883
20576000,0.01037075,-0.014829215,-0.018264756,-0.0018841131,-0.0060876864,0.0065161986
20584000,0.0102237575,-0.014958155,-0.018299311,-0.0018768153,-0.006224378,0.0065237964
20596000,0.010080514,-0.0150864795,-0.018360972,-0.0018871846,-0.0063064783,0.0064953687
20600000,0.009940844,-0.015214246,-0.018419728,-0.00186958,-0.0064246804,0.00649907
20608000,0.00980498,-0.015341349,-0.018475592,-0.0018491531,-0.006527343,0.006529671
20616000,0.009648003,-0.015459431,-0.018554822,-0.0019049756,-0.006616837,0.006496466
20624000,0.009494769,-0.015577395,-0.018630475,-0.0019047699,-0.0067857066,0.006551876
20632000,0.009345354,-0.01569526,-0.018702567,-0.0019192097,-0.006860428,0.006564719
20640000,0.009199561,-0.015812285,-0.018770948,-0.0019338201,-0.0068998956,0.0065556024
20648000,0.009040332,-0.015929671,-0.018864945,-0.0019029513,-0.007045268,0.0066263126
20656000,0.008885049,-0.016047236,-0.018954635,-0.0019523929,-0.0071802037,0.0066637173
20664000,0.008733373,-0.016165026,-0.019040242,-0.0019760935,-0.0073575554,0.0066890116
20672000,0.008585215,-0.016283102,-0.019122168,-0.0020256233,-0.007465346,0.0066726995
20680000,0.008421978,-0.016401086,-0.019224077,-0.002034309,-0.0075839213,0.006676048
20688000,0.008262752,-0.016519055,-0.019321844,-0.00202991,-0.007666249,0.006694088
20696000,0.008107642,-0.016637046,-0.019447252,-0.0019914096,-0.007802581,0.0067148693
20704000,0.007956377,-0.01675552,-0.019567892,-0.0019910736,-0.00797461,0.006711889
20712000,0.0077864174,-0.016880246,-0.01971215,-0.0020244273,-0.008180398,0.006688232
20720000,0.007620337,-0.017005641,-0.019851327,-0.002036396,-0.008320381,0.006658134
20728000,0.007457669,-0.0171317,-0.019985706,-0.0021368254,-0.008530405,0.006608682
20736000,0.0072981636,-0.017258484,-0.020115376,-0.0021920507,-0.008674893,0.0065740785
20744000,0.0071420334,-0.017385611,-0.020209119,-0.0022210141,-0.008808838,0.00654229
20752000,0.0069786613,-0.017516064,-0.020311952,-0.0022752448,-0.009007856,0.0065313783
20760000,0.006818521,-0.017647464,-0.02041091,-0.0023310091,-0.009192253,0.00647649
20768000,0.0066614547,-0.017779537,-0.020506531,-0.0024042185,-0.009335928,0.0063768835
20776000,0.0065011075,-0.017910356,-0.020604536,-0.0024669676,-0.009533075,0.006347834
20784000,0.0063438145,-0.018042415,-0.020698667,-0.0025157477,-0.009754316,0.006382153
20792000,0.0061896597,-0.018175682,-0.020766065,-0.0025076305,-0.009942205,0.0064163134
20800000,0.0060387957,-0.018309964,-0.020830303,-0.0025066405,-0.010131834,0.0064076236
20808000,0.005891017,-0.018444981,-0.020891786,-0.002528122,-0.010258751,0.006367686
20816000,0.005743207,-0.018574676,-0.0209544,-0.0025972142,-0.010416385,0.0064333365
20824000,0.005597687,-0.018705148,-0.021013841,-0.0026819487,-0.010516978,0.0064189136
20832000,0.0054542054,-0.018836189,-0.02107045,-0.0027889842,-0.010638152,0.006425403
20840000,0.00531269,-0.018968025,-0.021120042,-0.0028294185,-0.010789271,0.0064105177
20848000,0.005163829,-0.019091666,-0.021162406,-0.0029061823,-0.011016666,0.0064530293
20856000,0.005016811,-0.019216942,-0.021202147,-0.0029938815,-0.011194278,0.0064514265
20864000,0.0048718536,-0.019343581,-0.021239385,-0.0030809813,-0.011341743,0.0064544347
20872000,0.0047286116,-0.01947148,-0.021274567,-0.0031768286,-0.011508703,0.0064151464
20880000,0.0045907027,-0.019588271,-0.021298975,-0.0032685727,-0.011629052,0.0064301095
20888000,0.0044542584,-0.019706385,-0.021321252,-0.003379354,-0.011768933,0.006430078
20896000,0.004318938,-0.019825922,-0.021338403,-0.0034993044,-0.0119142225,0.0063998895
20904000,0.0041848943,-0.019946977,-0.0213539,-0.0035910115,-0.012096637,0.0063962927
20912000,0.004051766,-0.020052204,-0.021362707,-0.0036689232,-0.012224463,0.0064479536
20920000,0.003919843,-0.020158999,-0.02136974,-0.003785306,-0.012340091,0.006438928
20928000,0.0037886773,-0.02026727,-0.021374822,-0.0039237384,-0.012474354,0.00650794
20936000,0.003658525,-0.02037726,-0.021378085,-0.00398565,-0.012639395,0.0064928606
20944000,0.0035234452,-0.020464,-0.021335706,-0.004025174,-0.012752234,0.00649692
20952000,0.0033897131,-0.020552354,-0.021292761,-0.004084397,-0.012810451,0.0065656784
20960000,0.0032572006,-0.020642163,-0.021248996,-0.00417541,-0.012916666,0.006622002
20968000,0.003125573,-0.020733826,-0.021204978,-0.004278014,-0.013037526,0.0065890425
20976000,0.0029995786,-0.020796556,-0.021152392,-0.0044506122,-0.013064745,0.006615845
20984000,0.0028738517,-0.02086112,-0.021099806,-0.0045848363,-0.013145543,0.0066116904
20992000,0.0027485162,-0.02092752,-0.021041662,-0.0046970635,-0.013194623,0.006576263
21000000,0.0026237813,-0.020995557,-0.02098377,-0.004807947,-0.0132865785,0.0066021853
21008000,0.0025021355,-0.021038529,-0.020923719,-0.0049774055,-0.013298445,0.0065889023
21016000,0.0023804,-0.021083307,-0.020863965,-0.0051385798,-0.013337893,0.006569277
21024000,0.0022587124,-0.02112958,-0.02080451,-0.005252593,-0.013310313,0.0065841964
21032000,0.0021377031,-0.021177249,-0.020744666,-0.005285434,-0.013331013,0.0066897343
21040000,0.002029305,-0.021202449,-0.020683661,-0.005353124,-0.013357092,0.006721791
21048000,0.0019212494,-0.02122947,-0.020622537,-0.0054193377,-0.013329125,0.0067450767
21056000,0.0018134587,-0.021258263,-0.020561501,-0.0055152746,-0.01339739,0.0067546754
21064000,0.0017056834,-0.021289125,-0.020500302,-0.005620447,-0.013415734,0.0068174982
21072000,0.0015978649,-0.021321822,-0.020438984,-0.0057194643,-0.013469246,0.0068018963
21080000,0.001488096,-0.021335877,-0.020379335,-0.0057635494,-0.01345463,0.0068681147
21088000,0.0013787963,-0.021351611,-0.020318985,-0.0058291173,-0.013426321,0.0069663473
21096000,0.0012699924,-0.021369046,-0.02025716,-0.0058510876,-0.013433388,0.006986559
21104000,0.0011616903,-0.021388145,-0.02019526,-0.005932563,-0.013408712,0.0070248498
21112000,0.001057924,-0.021392131,-0.020137891,-0.0060345763,-0.0133627,0.007071935
21120000,0.0009539663,-0.021397924,-0.02008006,-0.0061537586,-0.013359217,0.007115639
21128000,0.00085001107,-0.021405427,-0.02002202,-0.006220353,-0.01329531,0.0070776492
21136000,0.0007462535,-0.02141432,-0.01996392,-0.006309108,-0.013254796,0.0071247104
21144000,0.0006452368,-0.021417255,-0.019985273,-0.0063866097,-0.0132693555,0.0071324906
21152000,0.0005443676,-0.021422122,-0.020004004,-0.00644269,-0.013239775,0.007182065
21160000,0.00044377954,-0.021428602,-0.020020142,-0.00647542,-0.013209161,0.0071964194
21168000,0.00034340247,-0.021436963,-0.020033479,-0.0065603554,-0.013229334,0.007301084
21176000,0.00024578552,-0.021434851,-0.020061567,-0.0066213286,-0.0131862955,0.0073577203
21184000,0.0001482703,-0.021434588,-0.020086393,-0.006685884,-0.013186686,0.0074302377
21192000,5.0652274e-05,-0.02143623,-0.020103693,-0.0067886715,-0.013150169,0.0074485233
21200000,-4.7226204e-05,-0.02143966,-0.020118415,-0.0069253403,-0.013123366,0.0074747815
21208000,-0.00014037339,-0.021433325,-0.020147368,-0.0070137884,-0.013112686,0.007522751
21216000,-0.00023352746,-0.02142921,-0.02017343,-0.0070546516,-0.013093067,0.0075387177
21224000,-0.00032659463,-0.02142715,-0.020196572,-0.0071017924,-0.013081314,0.0075848415
21232000,-0.00041950285,-0.021427136,-0.020216659,-0.0071487287,-0.013080618,0.007650156
21240000,-0.0005173652,-0.021418696,-0.0202367,-0.0071851355,-0.013050111,0.007675181
21248000,-0.0006151657,-0.021412574,-0.020253956,-0.007269636,-0.013062741,0.0077271326
21256000,-0.0007128131,-0.021408875,-0.02026859,-0.007320817,-0.013085252,0.00770309
21264000,-0.00081039267,-0.021407388,-0.020281121,-0.007385985,-0.01305206,0.0076890606
21272000,-0.00091637083,-0.02139633,-0.020304158,-0.00741902,-0.013023495,0.0077629406
21280000,-0.0010219613,-0.021387596,-0.020324066,-0.007483994,-0.01302038,0.007816141
21288000,-0.0011272794,-0.021381417,-0.020341039,-0.0075474367,-0.013053908,0.007858743
21296000,-0.0012321121,-0.021377854,-0.020372495,-0.0075586303,-0.013060666,0.007860859
21304000,-0.001338032,-0.021374738,-0.02041395,-0.007575952,-0.013023337,0.007913923
21312000,-0.0014433975,-0.02137393,-0.020451918,-0.0076206317,-0.013038913,0.007920639
21320000,-0.0015480381,-0.021375777,-0.02048695,-0.007637636,-0.013087697,0.007877928
21328000,-0.0016521497,-0.02137986,-0.020519048,-0.0076906895,-0.013045922,0.00788403
21336000,-0.001755718,-0.021386247,-0.020547852,-0.0077383243,-0.013089584,0.00796375
21344000,-0.0018556078,-0.021391293,-0.020603701,-0.0077396096,-0.01306144,0.0079730395
21352000,-0.0019545702,-0.021398483,-0.020655692,-0.007731568,-0.013062836,0.007993295
21360000,-0.0020529602,-0.02140769,-0.020703793,-0.007787276,-0.013023895,0.008035054
21368000,-0.0021509454,-0.02141894,-0.020748153,-0.007789434,-0.013052982,0.008029119
21376000,-0.0022421235,-0.021424126,-0.020789698,-0.007783262,-0.013117909,0.008090916
21384000,-0.0023328175,-0.021432225,-0.020826966,-0.007828749,-0.013184107,0.008201854
21392000,-0.0024234985,-0.021442795,-0.020869076,-0.007922315,-0.0131931575,0.008199257
21400000,-0.0025140925,-0.021455685,-0.020907655,-0.0079408465,-0.013207052,0.0082313
21408000,-0.0025803274,-0.021460554,-0.02094756,-0.007968675,-0.013247776,0.008310126
21416000,-0.002646686,-0.02146807,-0.020983502,-0.007981553,-0.013254884,0.00834986
21424000,-0.002713095,-0.021478064,-0.02101545,-0.007997119,-0.013269844,0.008434849
21432000,-0.002779732,-0.02149024,-0.021043435,-0.008040536,-0.013244438,0.008493302
21440000,-0.00282369,-0.021496007,-0.02106157,-0.008019868,-0.01326871,0.008496247
21448000,-0.002868138,-0.02150432,-0.0210765,-0.008062957,-0.013281208,0.008512272
21456000,-0.002913185,-0.021515178,-0.021088257,-0.008048661,-0.013300449,0.008573784
21464000,-0.002958529,-0.021528576,-0.021096617,-0.008061918,-0.013344524,0.008643021
21472000,-0.002982463,-0.021539083,-0.02112414,-0.008025709,-0.013407644,0.008754593
21480000,-0.0030068902,-0.021552367,-0.021147355,-0.00799265,-0.013436356,0.008881709
21488000,-0.0030318412,-0.021568337,-0.021166459,-0.007942953,-0.013494633,0.008976215
21496000,-0.0030572254,-0.021586841,-0.021157756,-0.007917917,-0.013492199,0.009043289
21504000,-0.003071804,-0.021608733,-0.021174893,-0.007887905,-0.013570171,0.009126823
21512000,-0.003087377,-0.021633295,-0.021188214,-0.007903134,-0.0136006875,0.009216431
21520000,-0.003103788,-0.021660639,-0.021198094,-0.007871724,-0.013702182,0.009269259
21528000,-0.003120689,-0.021690886,-0.021204531,-0.00780388,-0.013782944,0.009353447
21536000,-0.003125433,-0.02171624,-0.021231413,-0.0077613886,-0.013823636,0.00944471
21544000,-0.003131002,-0.021744186,-0.021254405,-0.0077358847,-0.013861819,0.009457731
21552000,-0.0031374863,-0.021774907,-0.021274015,-0.0076951655,-0.013955072,0.009513215
21560000,-0.0031446565,-0.02180826,-0.021290123,-0.007656607,-0.013978523,0.009551249
21568000,-0.0031431587,-0.021832127,-0.021324784,-0.00758912,-0.01403863,0.009562307
21576000,-0.003142673,-0.021858603,-0.0213556,-0.007589466,-0.014029687,0.009629721
21584000,-0.0031433066,-0.021887556,-0.02138272,-0.0075668055,-0.014092496,0.009641799
21592000,-0.003144848,-0.0219193,-0.02141498,-0.007528914,-0.014144629,0.009689622
21600000,-0.0031474493,-0.02195375,-0.021443292,-0.007547904,-0.014203797,0.009762064
21608000,-0.0031209926,-0.021974515,-0.021481395,-0.0075170672,-0.014228462,0.0097897705
21620000,-0.0030958734,-0.021998083,-0.021515876,-0.007457486,-0.014267721,0.009837258
21624000,-0.0030721517,-0.022024153,-0.021546647,-0.0074144057,-0.014277452,0.009829913
21632000,-0.003049436,-0.02205275,-0.021574005,-0.007314953,-0.0143055115,0.009891043
21640000,-0.003012976,-0.022079416,-0.021586418,-0.007263237,-0.014357968,0.009884398
21648000,-0.0029780916,-0.022108696,-0.02159606,-0.007227449,-0.014394498,0.009893887
21656000,-0.0029445626,-0.022140523,-0.021602944,-0.007124724,-0.014402293,0.009911643
21664000,-0.0029121405,-0.022174655,-0.021606997,-0.0070792683,-0.014446469,0.009957427
21672000,-0.00287896,-0.022193199,-0.021624967,-0.007041007,-0.014530933,0.009976694
21680000,-0.002847014,-0.022214983,-0.021640286,-0.006947915,-0.014612878,0.00994043
21688000,-0.0028160599,-0.022239774,-0.021652624,-0.0068711797,-0.014668913,0.010003148
21696000,-0.0027863553,-0.02226743,-0.021660358,-0.0068286853,-0.014726558,0.010029346
21704000,-0.0027559595,-0.022275025,-0.021691889,-0.0067777964,-0.014725851,0.01002326
21712000,-0.0027266394,-0.022285657,-0.02172029,-0.0067024217,-0.014805296,0.0100390725
21720000,-0.0026983705,-0.0222997,-0.021745518,-0.006664194,-0.01489191,0.01005945
21728000,-0.0026713565,-0.022316974,-0.021767512,-0.006632717,-0.014932216,0.010103453
21736000,-0.002649325,-0.022310121,-0.021813571,-0.006550037,-0.014987756,0.010075731
21744000,-0.0026283409,-0.022306554,-0.021851778,-0.006534426,-0.014961182,0.010070731
21752000,-0.002608261,-0.022306012,-0.021887004,-0.006455405,-0.014985811,0.010031253
21760000,-0.002588937,-0.022308385,-0.021919236,-0.006407928,-0.014969754,0.010029153
21768000,-0.002567577,-0.022287296,-0.021969676,-0.006357855,-0.014945894,0.010000815
21776000,-0.002547001,-0.02226942,-0.022017121,-0.0062835463,-0.014926786,0.009918132
21784000,-0.002526979,-0.022254793,-0.022061452,-0.006173483,-0.014943053,0.009941577
21792000,-0.0025077956,-0.022243403,-0.022114605,-0.0061833896,-0.014939988,0.009964252
21800000,-0.0024823786,-0.022219365,-0.022196844,-0.006074382,-0.014929335,0.009920203
21808000,-0.0024576045,-0.022198444,-0.022275358,-0.006021996,-0.014867031,0.009858362
21816000,-0.0024334127,-0.022180349,-0.022349834,-0.0058755227,-0.014838078,0.009894315
21824000,-0.0024094374,-0.022165079,-0.022419974,-0.005764157,-0.014782624,0.0099119
21832000,-0.0023789245,-0.02213092,-0.022520348,-0.0057155727,-0.014741644,0.009848468
21840000,-0.0023491057,-0.022099795,-0.022586271,-0.0056750835,-0.014726155,0.009771877
21848000,-0.0023202747,-0.022071814,-0.022648871,-0.0056111882,-0.014691488,0.009771061
21856000,-0.002292493,-0.0220467,-0.022707894,-0.005575605,-0.014606885,0.009770667
21864000,-0.0022657076,-0.022024242,-0.02276358,-0.0055218334,-0.014591552,0.009759143
21872000,-0.002233918,-0.021983845,-0.022830367,-0.0054714326,-0.014540151,0.009687334
21880000,-0.00220342,-0.021946443,-0.02289395,-0.0054492713,-0.014497587,0.009666097
21888000,-0.0021740731,-0.021912167,-0.022954449,-0.005398983,-0.0144601865,0.009609924
21896000,-0.002145708,-0.021880632,-0.022992015,-0.0053214966,-0.014393755,0.009585199
21904000,-0.0021030768,-0.021829123,-0.02304022,-0.005218618,-0.014378104,0.009468761
21912000,-0.0020615074,-0.021780776,-0.023086041,-0.0051412024,-0.01431041,0.009449726
21920000,-0.0020210883,-0.021735594,-0.023128957,-0.0050980025,-0.01429518,0.009477076
21928000,-0.001982115,-0.021693489,-0.02316925,-0.005063605,-0.01423703,0.009419857
21936000,-0.0019346917,-0.02163591,-0.023217663,-0.0049413443,-0.014142209,0.009353514
21944000,-0.0018881296,-0.021581275,-0.02326344,-0.0048664045,-0.014084533,0.009338126
21952000,-0.0018427446,-0.021529578,-0.023306504,-0.004755095,-0.013992264,0.009311659
21960000,-0.0017982977,-0.021480652,-0.02334693,-0.0046997825,-0.013915352,0.009316145
21968000,-0.0017450225,-0.021407008,-0.02339682,-0.004679305,-0.01386562,0.009224948
21976000,-0.0016937145,-0.021336388,-0.023444518,-0.004695169,-0.013713063,0.0091379415
21984000,-0.0016440274,-0.021268627,-0.023490101,-0.004661337,-0.01366238,0.009031985
21992000,-0.0015960182,-0.021204203,-0.023527145,-0.004661619,-0.013608839,0.008959037
22000000,-0.0015265526,-0.021113943,-0.0235665,-0.004576274,-0.013526849,0.0089552915
22008000,-0.0014586166,-0.021027159,-0.02360323,-0.0045160963,-0.013423025,0.008956701
22016000,-0.001392507,-0.02094331,-0.023637548,-0.0044868398,-0.013278614,0.008908177
22024000,-0.0013280902,-0.02086243,-0.023669675,-0.0044243014,-0.013192768,0.0088985525
22032000,-0.0012594546,-0.020760737,-0.02370213,-0.0042982018,-0.0130679635,0.0088978885
22040000,-0.0011919513,-0.020662189,-0.0237526,-0.0042073783,-0.012970034,0.008851831
22048000,-0.001125984,-0.020567039,-0.023800284,-0.0041423496,-0.012884752,0.008843641
22056000,-0.0010615125,-0.02047499,-0.023845151,-0.004103795,-0.012724094,0.008829913
22064000,-0.0010029214,-0.020364307,-0.023895219,-0.0041065942,-0.012542096,0.008845306
22072000,-0.0009457403,-0.020256791,-0.023942232,-0.004016516,-0.0124279875,0.008811256
22080000,-0.00088996993,-0.020152511,-0.023986533,-0.003984423,-0.012311704,0.008784481
22088000,-0.0008356071,-0.020051353,-0.024028316,-0.0039406493,-0.012169224,0.008721465
22096000,-0.0007794514,-0.019947363,-0.024074972,-0.003843298,-0.012044721,0.008742394
22104000,-0.00072427606,-0.019846551,-0.02411823,-0.0037604696,-0.011928848,0.008802434
22112000,-0.00067014614,-0.019748637,-0.024158552,-0.003679298,-0.011794784,0.008765519
22120000,-0.00061727216,-0.0196537,-0.024196535,-0.0036463456,-0.011721637,0.008677086
22128000,-0.00056597916,-0.019562073,-0.024232,-0.0036463067,-0.011666989,0.0086759245
22136000,-0.0005175986,-0.019472482,-0.024278715,-0.003591463,-0.011584766,0.0086791245
22144000,-0.00047034264,-0.01938579,-0.024370998,-0.0035418994,-0.01147694,0.008659462
22152000,-0.00042410663,-0.019301888,-0.024459198,-0.003475773,-0.011393566,0.008651906
22160000,-0.00037895876,-0.019220743,-0.024543196,-0.0034312597,-0.011296923,0.008631821
22168000,-0.00033719742,-0.019129137,-0.024625942,-0.0033771854,-0.011210649,0.00859983
22176000,-0.00029634646,-0.019040396,-0.024704695,-0.0033150006,-0.011112413,0.008603123
22184000,-0.00025627174,-0.018954443,-0.024779528,-0.0032431541,-0.011023501,0.008564348
22192000,-0.00021693387,-0.018871509,-0.024843827,-0.0031705128,-0.010979558,0.008554458
22204000,-0.0001721395,-0.018784404,-0.024915278,-0.0031297128,-0.010922666,0.008588339
22212000,-0.00012834443,-0.018700177,-0.024983034,-0.0030742933,-0.010808509,0.008549128
22220000,-8.549095e-05,-0.018618695,-0.025047392,-0.00302001,-0.010760897,0.008522135
22228000,-4.3529944e-05,-0.018540211,-0.025108263,-0.0029611369,-0.0107161775,0.008531497
22236000,2.3324124e-05,-0.018458592,-0.02517885,-0.0028655813,-0.010672294,0.008510117
22244000,8.9182926e-05,-0.018379662,-0.025244772,-0.0027896701,-0.010607828,0.008509388
22252000,0.00015376216,-0.018303448,-0.025306866,-0.0027079664,-0.010508868,0.008564711
22260000,0.00021695689,-0.01822982,-0.025365219,-0.002716307,-0.010416947,0.008574401
22268000,0.00029877204,-0.018160414,-0.025437593,-0.00268737,-0.010344594,0.008639878
22276000,0.00037886936,-0.018093528,-0.0255059,-0.0026270426,-0.010261646,0.008649926
22284000,0.00045759368,-0.018029267,-0.025570482,-0.0025125649,-0.010215961,0.008653094
22292000,0.00053513446,-0.017967675,-0.025631696,-0.002445635,-0.010172211,0.008634253
22300000,0.0006402902,-0.01790351,-0.025716022,-0.0024135,-0.010132846,0.008586384
22308000,0.00074345514,-0.017841872,-0.025796622,-0.002295225,-0.010054579,0.008571241
22316000,0.0008452365,-0.017782794,-0.025873348,-0.002163544,-0.010022987,0.008560615
22324000,0.00094546523,-0.017726386,-0.025946394,-0.0020776987,-0.009970648,0.008513282
22332000,0.0010577296,-0.01766182,-0.026023075,-0.0020048614,-0.009864681,0.008450203
22340000,0.001167878,-0.017599784,-0.02609621,-0.0019447166,-0.009814941,0.008431185
22348000,0.001276185,-0.017540155,-0.026203662,-0.0018572796,-0.009726247,0.0084441425
22356000,0.0013827514,-0.017483037,-0.026306331,-0.0017499254,-0.009699428,0.008444995
22364000,0.0015160118,-0.017412076,-0.026417136,-0.001653414,-0.009679029,0.008472246
22372000,0.0016470007,-0.017343832,-0.02652286,-0.0015691976,-0.009580517,0.008505019
22380000,0.00177618,-0.017278312,-0.026623562,-0.0014055064,-0.00955706,0.008574889
22388000,0.0019038238,-0.017215667,-0.026719645,-0.0012449878,-0.00949992,0.008533272
22396000,0.0020301882,-0.017155305,-0.026808828,-0.0010582386,-0.009389664,0.008517176
22404000,0.0021763803,-0.017087184,-0.026909098,-0.0009424357,-0.009346412,0.008456161
22412000,0.002320523,-0.017021809,-0.027004987,-0.0007917923,-0.009287077,0.008464667
22420000,0.002462736,-0.016959284,-0.027096793,-0.000676392,-0.009249692,0.008411239
22428000,0.0026028987,-0.01689952,-0.02718465,-0.0005554405,-0.009225361,0.008379373
22436000,0.0027368953,-0.016823094,-0.02727373,-0.00044230747,-0.009181451,0.008427085
22444000,0.0028692083,-0.016749548,-0.027336746,-0.00032752764,-0.009090701,0.008332232
22452000,0.002999758,-0.016678745,-0.02739741,-0.0002211768,-0.009025415,0.008184817
22460000,0.0031284967,-0.016610278,-0.027455837,-0.00012353678,-0.008880339,0.008062232
22468000,0.0032490974,-0.016524239,-0.027515516,-6.954784e-05,-0.008854739,0.008015062
22476000,0.0033678205,-0.016441409,-0.027572125,-2.1146407e-06,-0.008784186,0.0080083655
22484000,0.003484666,-0.016361428,-0.027625486,6.908008e-05,-0.008699904,0.007998839
22492000,0.0035999252,-0.016284108,-0.027676076,0.00017725202,-0.008605165,0.00793121
22500000,0.00369637,-0.016196646,-0.027722657,0.00029008344,-0.008553693,0.0079004755
22508000,0.003791622,-0.016112484,-0.02776657,0.00033999377,-0.008524868,0.007875829
22516000,0.003885072,-0.016031228,-0.027807772,0.00034237924,-0.008417211,0.007853914
22524000,0.003977125,-0.015952647,-0.027846158,0.0004093293,-0.008339439,0.007861906
22532000,0.0040560653,-0.015865179,-0.027887106,0.00034915408,-0.008241756,0.007852815
22540000,0.004133461,-0.015780656,-0.027925193,0.00042318078,-0.008189565,0.007857564
22548000,0.004209848,-0.015699187,-0.027951911,0.00046398008,-0.008135792,0.007813636
22556000,0.004284819,-0.0156204095,-0.027976513,0.0004895735,-0.008032223,0.007789031
22564000,0.0043495507,-0.015538629,-0.02801077,0.0005829391,-0.007993514,0.007773399
22572000,0.004413639,-0.015460064,-0.028042316,0.00067831366,-0.007994463,0.007795554
22580000,0.004476819,-0.015384842,-0.028071612,0.000697258,-0.008019813,0.007715435
22588000,0.004538686,-0.015312965,-0.028098688,0.00071190443,-0.008018054,0.0077293837
22596000,0.0045985696,-0.01522967,-0.028133214,0.0007471535,-0.0079594385,0.0077673923
22604000,0.0046572867,-0.0151491705,-0.028164819,0.0007581264,-0.007880339,0.007762724
22612000,0.0047148685,-0.01507133,-0.028193891,0.0008081765,-0.0078076846,0.0077628964
22620000,0.0047714133,-0.014996082,-0.028220236,0.0008256592,-0.007720104,0.0077858153
22628000,0.0048296116,-0.014906865,-0.028234959,0.0008042084,-0.00762236,0.007775154
22636000,0.0048864144,-0.014820577,-0.028247401,0.0008301159,-0.0075997375,0.007768207
22644000,0.0049419743,-0.014737461,-0.028295264,0.0008878729,-0.00753791,0.007753306
22652000,0.0049964604,-0.014657136,-0.028339848,0.0009122281,-0.0074928105,0.0077983756
22660000,0.0050496827,-0.0145796435,-0.028381243,0.00093100197,-0.0074473247,0.007765923
22668000,0.0051068617,-0.014472831,-0.028428406,0.0009438994,-0.0074111545,0.0076839314
22676000,0.005162643,-0.014369494,-0.028472975,0.0009510863,-0.007363303,0.007635139
22684000,0.005216865,-0.014269408,-0.028514683,0.000918289,-0.007315467,0.0076362407
22692000,0.005269597,-0.014172239,-0.028553486,0.0009130955,-0.0072175623,0.007621183
22700000,0.0053265006,-0.014050703,-0.028596088,0.0009656586,-0.0071412446,0.007593911
22708000,0.005382291,-0.013932289,-0.028635994,0.000980874,-0.0070337774,0.0075634997
22716000,0.0054367413,-0.013817242,-0.028673142,0.0009858554,-0.007004779,0.0075587113
22724000,0.00548947,-0.013705345,-0.02870734,0.0009146043,-0.006881822,0.0075711585
22732000,0.0055460557,-0.013582287,-0.028746113,0.0009337601,-0.0068057408,0.0075622154
22740000,0.0056014126,-0.0134624755,-0.028782234,0.0009746664,-0.006719555,0.0074982666
22748000,0.0056555686,-0.0133456355,-0.028808087,0.00096964167,-0.00658093,0.007514175
22756000,0.005708146,-0.0132314125,-0.028831348,0.0009668608,-0.0064788144,0.0075054658
22764000,0.0057624853,-0.013117645,-0.028859124,0.0009921876,-0.006308532,0.0075357594
22772000,0.0058154357,-0.013006196,-0.028884009,0.0009954795,-0.0061742635,0.007525564
22780000,0.005867086,-0.012897231,-0.028906345,0.0009815344,-0.006052376,0.0075410614
22788000,0.005917118,-0.01279078,-0.028926283,0.0009620507,-0.005968308,0.0075004133
22796000,0.005965253,-0.012702769,-0.028951392,0.0009644094,-0.005884843,0.0074965837
22804000,0.0060121217,-0.012617227,-0.028973997,0.00097603636,-0.005853306,0.007459757
22812000,0.006057907,-0.012534083,-0.028994322,0.00097482995,-0.0057689473,0.0074465927
22820000,0.0061021172,-0.012453088,-0.029012248,0.0009257632,-0.0056961044,0.007450409
22828000,0.0061438773,-0.01237838,-0.029046506,0.0009446864,-0.0055896826,0.00740906
22836000,0.0061843772,-0.01230534,-0.02907814,0.00092055066,-0.005505531,0.0073979693
22844000,0.006223469,-0.012234455,-0.029062405,0.0008886901,-0.0054586274,0.0074085947
22852000,0.006261287,-0.012165432,-0.029044911,0.0008916458,-0.0053732716,0.0074873907
22860000,0.006311943,-0.012107013,-0.02904123,0.0009144441,-0.005318713,0.007525426
22868000,0.006361303,-0.012050426,-0.029035494,0.00095416425,-0.0052672164,0.0075548175
22876000,0.0064096362,-0.011995618,-0.029027835,0.0009885834,-0.005226643,0.0075750025
22884000,0.0064566657,-0.011942914,-0.029018417,0.0009971339,-0.0052683917,0.0075958255
22892000,0.0065240185,-0.011891461,-0.029036164,0.0009910234,-0.005243785,0.0076225433
22900000,0.0065893307,-0.011841765,-0.029054597,0.00097102404,-0.005201998,0.0076305284
22908000,0.006652922,-0.01179376,-0.029070571,0.0009863203,-0.005143305,0.0076363115
22916000,0.006714763,-0.011747593,-0.029084548,0.0009833362,-0.0051460466,0.007585562
22924000,0.0067750397,-0.0117033,-0.02909644,0.0009940667,-0.0051191216,0.0076069767
22932000,0.00684196,-0.011652007,-0.029130742,0.0010205122,-0.005105173,0.007643735
22940000,0.0069074365,-0.011602742,-0.029162258,0.0010947083,-0.005075398,0.007611043
22948000,0.006971663,-0.011555213,-0.029199988,0.0011195699,-0.005018937,0.0075903223
22956000,0.007034318,-0.011509292,-0.02923511,0.0011376465,-0.004990976,0.0075382553
22964000,0.007107736,-0.011465669,-0.029294193,0.0011730196,-0.0049853404,0.007491232
22972000,0.0071795685,-0.011423802,-0.029350162,0.0012192363,-0.0049603996,0.007486008
22980000,0.0072499025,-0.011383547,-0.029402822,0.0012706644,-0.0048950687,0.007508936
22988000,0.007319074,-0.011344818,-0.02945228,0.0013674678,-0.0048782667,0.0074711973
22996000,0.007398165,-0.011313584,-0.029533103,0.001381461,-0.0048419223,0.007440343
23004000,0.007475412,-0.011283956,-0.029610306,0.001414925,-0.0048550395,0.007407914
23012000,0.0075510396,-0.011255867,-0.029684097,0.0014517939,-0.0048217163,0.0073510213
23020000,0.0076254187,-0.011229168,-0.029754385,0.0015744929,-0.004787855,0.0073763
23028000,0.0077016763,-0.011209609,-0.029854283,0.001640983,-0.004775096,0.0073935017
23036000,0.0077765323,-0.011191223,-0.029949754,0.0016889359,-0.0047262823,0.0074108685
23044000,0.007850126,-0.011174069,-0.030058935,0.0017918928,-0.0047513256,0.0074157817
23052000,0.007922675,-0.01115842,-0.030163452,0.0018387443,-0.0047512017,0.0074184877
23060000,0.007991249,-0.011133786,-0.030287564,0.001816156,-0.0047251354,0.007346182
23068000,0.008058114,-0.011110458,-0.03040731,0.0018095545,-0.0047010677,0.0072887326
23076000,0.008123526,-0.011088222,-0.03052269,0.001829885,-0.0046189167,0.00723888
23084000,0.008187459,-0.011066668,-0.030633748,0.001857511,-0.00452125,0.0072026434
23092000,0.008236409,-0.011055621,-0.030756637,0.0019096478,-0.004542959,0.0071604354
23100000,0.008284555,-0.011045845,-0.030868232,0.0019346555,-0.0045271628,0.007052286
23108000,0.008331515,-0.011037151,-0.030976072,0.0019147675,-0.004513603,0.006964541
23116000,0.008377297,-0.011029516,-0.031080097,0.0019196183,-0.004501495,0.0069040847
23124000,0.008408279,-0.011041041,-0.031188682,0.0019387862,-0.004556016,0.0068320823
23128000,0.0084616905,-0.011108898,-0.031210259,0.0019241072,-0.0046275957,0.0068934057
23136000,0.008490805,-0.011122844,-0.03131014,0.0018924149,-0.0046599978,0.0068593468
23144000,0.008518862,-0.01113775,-0.031379774,0.0018497902,-0.004651316,0.0068501253
23152000,0.008532182,-0.011153518,-0.03145355,0.0018101106,-0.004668568,0.006872902
23160000,0.008544357,-0.011170146,-0.0315236,0.0017012157,-0.004658678,0.006919071
23168000,0.008555171,-0.011187379,-0.031590313,0.0016186673,-0.004656793,0.0068716137
23176000,0.008564977,-0.011205465,-0.031654164,0.0015469574,-0.004682181,0.0067998264
23184000,0.008573719,-0.01122448,-0.03171526,0.0014924806,-0.004715023,0.0067681544
23192000,0.00857573,-0.011247894,-0.03176728,0.0014589006,-0.0047409306,0.0067733577
23200000,0.008576904,-0.011272082,-0.031816304,0.001373156,-0.0047509978,0.0067966604
23208000,0.008577302,-0.011296808,-0.031862184,0.0013759019,-0.00473609,0.0068312683
23216000,0.008577342,-0.011322249,-0.03190528,0.0013419165,-0.004770059,0.0068074916
23224000,0.008578136,-0.011347325,-0.03195584,0.0012719072,-0.0048026736,0.006789496
23232000,0.008578258,-0.011373269,-0.03200364,0.0012706837,-0.0048182853,0.006765829
23240000,0.00857784,-0.011399963,-0.032013893,0.0012280418,-0.0048824945,0.0068125906
23248000,0.008576717,-0.011427377,-0.03202206,0.0011930149,-0.0048558516,0.0068272348
23256000,0.008575523,-0.011443321,-0.032036453,0.0011587113,-0.0049186163,0.006814051
23264000,0.00857377,-0.011460624,-0.032048658,0.0011516829,-0.0049529844,0.0068423674
23272000,0.008571376,-0.011479114,-0.03205885,0.0011204815,-0.0049919505,0.0068423063
23280000,0.008582157,-0.011455781,-0.032148182,0.0010735358,-0.0049577653,0.00685117
23288000,0.008589419,-0.011441793,-0.032220557,0.0010942419,-0.0049455045,0.006854044
23296000,0.00859411,-0.011434871,-0.03227994,0.0010426533,-0.0049156984,0.006809749
23304000,0.00859636,-0.011433238,-0.032329217,0.0009868159,-0.004836774,0.0067657284
23312000,0.008598415,-0.0114149945,-0.032401785,0.0009726263,-0.004790132,0.0067789857
23320000,0.008598976,-0.011401282,-0.032465816,0.0009597823,-0.0047980407,0.006722534
23328000,0.008598031,-0.01139148,-0.03249772,0.0008536616,-0.0048037674,0.006645233
23336000,0.008595425,-0.011385123,-0.032524914,0.00078100356,-0.0048408494,0.0066477596
23344000,0.008590446,-0.0113698775,-0.03256373,0.0007145732,-0.004857347,0.0066568796
23352000,0.008584373,-0.011357395,-0.032598153,0.0006723128,-0.004825484,0.006652307
23360000,0.008577377,-0.011347207,-0.03262861,0.00062552566,-0.004826589,0.0066771857
23368000,0.008569656,-0.01133925,-0.03265536,0.00060256827,-0.004817395,0.006692129
23376000,0.008551614,-0.01133251,-0.032694712,0.00054898945,-0.004797987,0.006714455
23384000,0.0085329665,-0.011327285,-0.03271,0.0004960324,-0.004735719,0.0067177834
23392000,0.00851392,-0.01132343,-0.032722756,0.0004881571,-0.0047319653,0.0067057083
23400000,0.008494535,-0.01132129,-0.032733202,0.00044979007,-0.0047544567,0.0067334576
23408000,0.0084633855,-0.011326746,-0.03275332,0.00041894306,-0.00476946,0.0067678005
23416000,0.00843202,-0.011333388,-0.032771155,0.00036531783,-0.0047441353,0.0067205653
23424000,0.008400361,-0.01134123,-0.03278677,0.00031450507,-0.0047733346,0.0067143044
23432000,0.008368599,-0.011350605,-0.032795534,0.0002994565,-0.004787857,0.0066513387
23440000,0.008317671,-0.011360243,-0.032817394,0.00023346422,-0.0047579887,0.006589051
23448000,0.00826659,-0.011371148,-0.032837182,0.00013610051,-0.004835575,0.006589948
23456000,0.008215202,-0.011383544,-0.03285472,4.2932064e-05,-0.004834027,0.006578242
23464000,0.008163483,-0.011396866,-0.032870337,-7.519241e-05,-0.004820479,0.0065364162
23472000,0.008101999,-0.011404611,-0.032898426,-0.00011306578,-0.0048402827,0.006543235
23480000,0.008040892,-0.011413742,-0.032911435,-0.00016304526,-0.0048591485,0.0065447865
23488000,0.007979953,-0.011424077,-0.032922402,-0.0002359717,-0.004873137,0.0065541677
23496000,0.007919085,-0.0114354445,-0.032931164,-0.00031221315,-0.004843191,0.0066256546
23504000,0.007854952,-0.011425214,-0.03295414,-0.00034234085,-0.004798241,0.006613656
23512000,0.0077911047,-0.011416514,-0.03297521,-0.00043925966,-0.004851254,0.006563555
23520000,0.007727178,-0.011409628,-0.032994464,-0.0005216524,-0.0048671397,0.0065592155
23528000,0.007663379,-0.011404397,-0.03301154,-0.0005722668,-0.0049222703,0.006514697
23536000,0.0075770523,-0.011397777,-0.03304988,-0.0006281949,-0.004968113,0.0065292474
23544000,0.0074913274,-0.011392745,-0.033085898,-0.00068252144,-0.0049556927,0.0064835134
23552000,0.0074062687,-0.011388937,-0.03312005,-0.00077132,-0.0049511595,0.006392295
23560000,0.0073215035,-0.01138663,-0.033152565,-0.0008754773,-0.00499787,0.0063520214
23568000,0.0072371117,-0.011386055,-0.0331828,-0.0009675033,-0.005048623,0.0063699665
23576000,0.0071293334,-0.01137576,-0.033239573,-0.0010766821,-0.00500029,0.006332663
23584000,0.0070224297,-0.011366668,-0.03328675,-0.0011667111,-0.0049886676,0.006244896
23592000,0.006916279,-0.011358927,-0.03333208,-0.0012762899,-0.0049669244,0.0061591
23600000,0.0068108686,-0.011352321,-0.03337589,-0.0013580833,-0.004943219,0.006036325
23608000,0.0066858917,-0.011334971,-0.033439815,-0.001418646,-0.004979552,0.0059671397
23616000,0.0065621445,-0.011319258,-0.033501476,-0.0015316696,-0.004961782,0.0058795456
23624000,0.0064392397,-0.011304845,-0.033561036,-0.0016733453,-0.0049380995,0.0058371285
23632000,0.006317069,-0.011291596,-0.033624664,-0.0018205718,-0.0049173054,0.005795449
23640000,0.0061858827,-0.011266242,-0.033705205,-0.0019392713,-0.004836905,0.005722121
23648000,0.0060555055,-0.01124197,-0.033783108,-0.0021103194,-0.0047644232,0.00568231
23656000,0.005925903,-0.011218891,-0.03385821,-0.0022362892,-0.0047300123,0.0056597525
23664000,0.0057970393,-0.011197242,-0.03393063,-0.0023874356,-0.0047128308,0.005646649
23672000,0.005682858,-0.011172837,-0.034006566,-0.002486528,-0.004698381,0.005668303
23680000,0.005569488,-0.011149754,-0.034076095,-0.0025545172,-0.0046566986,0.005573368
23688000,0.005457005,-0.011128053,-0.034143582,-0.0026219368,-0.0046450594,0.0054748366
23696000,0.0053455145,-0.011107727,-0.034209177,-0.0026681959,-0.0046310015,0.005401834
23704000,0.005243923,-0.011091728,-0.034265324,-0.0027423122,-0.0045940056,0.005345371
23712000,0.005142647,-0.011076606,-0.034319445,-0.0028737057,-0.0045196656,0.0053179422
23720000,0.0050414833,-0.011062505,-0.03437157,-0.0030040648,-0.0045025484,0.0052901986
23728000,0.0049406905,-0.011049364,-0.03441623,-0.0030658985,-0.0044346927,0.0052424977
23736000,0.004865498,-0.01102106,-0.03444229,-0.0030932531,-0.0043961867,0.0052111815
23744000,0.004790374,-0.010994296,-0.034466922,-0.0031923554,-0.004384975,0.005199004
23752000,0.0047151065,-0.010968447,-0.03449048,-0.0032735206,-0.0042887065,0.0051250583
23760000,0.00463994,-0.010943631,-0.034513116,-0.0033124457,-0.0042497027,0.005065233
23768000,0.0045827082,-0.010908283,-0.034515128,-0.00332125,-0.004197752,0.005058478
23776000,0.0045255283,-0.010874321,-0.0345165,-0.0033491445,-0.004172168,0.00501441
23784000,0.0044684997,-0.010841917,-0.03451605,-0.0033586656,-0.004169435,0.005049778
23792000,0.0044116485,-0.0108110625,-0.03451474,-0.0033779023,-0.0041510635,0.0050444165
23800000,0.004385789,-0.010780356,-0.03448689,-0.0033676776,-0.004109853,0.005076054
23808000,0.004359526,-0.010750856,-0.03445871,-0.0033852444,-0.0040644556,0.005073347
23816000,0.0043327124,-0.010722511,-0.034430534,-0.00343342,-0.0040000426,0.00504455
23824000,0.004305335,-0.010695265,-0.034402236,-0.0034519928,-0.0039638435,0.005046689
23832000,0.004277542,-0.010669049,-0.034379274,-0.003511311,-0.0039081182,0.005040765
23840000,0.004271194,-0.01063634,-0.034337893,-0.0034955041,-0.0038731901,0.005019662
23848000,0.0042643137,-0.0106052235,-0.034296513,-0.0034959174,-0.0038805266,0.0050634667
23856000,0.0042568375,-0.010575541,-0.034255072,-0.0034808016,-0.0038522927,0.0050424146
23864000,0.0042490046,-0.010547254,-0.0342139,-0.0034401347,-0.0038597796,0.0050127087
23872000,0.00425893,-0.010515509,-0.034146264,-0.0033845622,-0.003841186,0.0050154855
23880000,0.0042684474,-0.010485302,-0.03408137,-0.0033151591,-0.0038403384,0.0049915877
23888000,0.004277332,-0.010456367,-0.034017235,-0.003338219,-0.003779911,0.004992874
23896000,0.0042854333,-0.010428698,-0.033953488,-0.0032772473,-0.0037781564,0.005026072
23904000,0.0043134918,-0.010402709,-0.03387353,-0.0032583924,-0.0037400373,0.004991184
23912000,0.00434042,-0.010378176,-0.033794656,-0.00324754,-0.0037596466,0.005001801
23920000,0.0043663657,-0.010354959,-0.03371662,-0.0031956537,-0.0036994407,0.004994743
23928000,0.0043915403,-0.010332651,-0.03363706,-0.0031645128,-0.0036539233,0.004995102
23936000,0.004438407,-0.010305272,-0.033550113,-0.0030752618,-0.003650843,0.005011382
23944000,0.0044842223,-0.010279114,-0.033464074,-0.003018624,-0.0035916325,0.0050293636
23952000,0.004529042,-0.010254213,-0.033378974,-0.0029371665,-0.0036048654,0.005038798
23960000,0.0045728595,-0.010230821,-0.033294737,-0.002900837,-0.003574555,0.0050831204
23972000,0.0046325848,-0.010200689,-0.03320481,-0.0028472359,-0.003521467,0.005073369
23976000,0.004691139,-0.010171708,-0.03311622,-0.0027450398,-0.0034808312,0.005050802
23984000,0.004748545,-0.010144244,-0.033032387,-0.0026813752,-0.0035131427,0.0050032334
23992000,0.004804713,-0.010118449,-0.032949775,-0.0026367148,-0.0035252844,0.0050107907
24000000,0.0048745056,-0.0100737065,-0.032862246,-0.0025740473,-0.0035167239,0.005022994
24008000,0.004942747,-0.010030689,-0.032775477,-0.0025288595,-0.0035046602,0.005107163
24016000,0.0050092237,-0.009989326,-0.03268914,-0.0025137824,-0.0034554685,0.0051449807
24024000,0.0050739464,-0.009949576,-0.03260374,-0.0024908932,-0.0034739894,0.005128108
24032000,0.0051566404,-0.009885588,-0.032475427,-0.0024483365,-0.0033996236,0.005169193
24040000,0.0052370373,-0.009823283,-0.032348648,-0.002480004,-0.0033307644,0.00524952
24048000,0.005315109,-0.00976241,-0.032223403,-0.0024662488,-0.003235641,0.005322673
24056000,0.0053915037,-0.009703142,-0.032099575,-0.002365372,-0.0031985694,0.0053994237
24064000,0.0054777083,-0.009621647,-0.031966016,-0.0023250354,-0.003125617,0.005431948
24072000,0.0055619543,-0.00954207,-0.031834513,-0.0022599408,-0.0030460244,0.0054544997
24080000,0.0056444425,-0.0094641745,-0.031714767,-0.0021925587,-0.0029549147,0.0054279184
24088000,0.0057254303,-0.009387985,-0.031596884,-0.0020930888,-0.0028665643,0.0054664738
24096000,0.0058045713,-0.00931334,-0.03148043,-0.0020944313,-0.002764251,0.0054993574
24104000,0.005891192,-0.009219158,-0.031364247,-0.0020925463,-0.0026340233,0.0055106366
24112000,0.0059755333,-0.00912666,-0.031249493,-0.00207113,-0.0025281918,0.0055819317
24120000,0.0060580554,-0.009035936,-0.031135738,-0.0019756919,-0.0024430128,0.0056804507
24128000,0.0061387457,-0.008946874,-0.031016305,-0.0019614242,-0.0023342287,0.005728574
24136000,0.00623485,-0.008829118,-0.03089875,-0.0019143247,-0.0022047262,0.005763768
24144000,0.006328894,-0.008713154,-0.030782849,-0.0018458051,-0.0020496494,0.00573994
24152000,0.006420923,-0.008598912,-0.030669063,-0.0017670608,-0.0019202717,0.005678339
24160000,0.006511144,-0.008486528,-0.030557245,-0.001688337,-0.0018254099,0.005646972
24168000,0.0066128336,-0.008347311,-0.030440614,-0.001611034,-0.0017078689,0.0056379978
24176000,0.0067123864,-0.008210449,-0.030325577,-0.0015516412,-0.0016174343,0.005664565
24184000,0.006809637,-0.008075672,-0.030208126,-0.0015107372,-0.0014638371,0.0056612026
24192000,0.006904896,-0.007942902,-0.030092403,-0.0014134161,-0.001349977,0.0056692366
24200000,0.006999207,-0.0078000207,-0.029974625,-0.0013842401,-0.0011610076,0.005698151
24208000,0.00709129,-0.007658734,-0.02985835,-0.0013252891,-0.0009917669,0.005710904
24216000,0.007181442,-0.0075194878,-0.029743597,-0.0012422198,-0.00090804754,0.0057585575
24224000,0.0072697382,-0.0073821745,-0.02963008,-0.0011812004,-0.00072126155,0.0058046062
24232000,0.007357035,-0.007228942,-0.029501647,-0.0011553038,-0.00056149595,0.0058170394
24240000,0.0074420227,-0.007077653,-0.029375434,-0.001137657,-0.00041953477,0.0057680313
24248000,0.007524737,-0.0069283107,-0.029251382,-0.0011345707,-0.00025807554,0.0057782703
24256000,0.007605229,-0.0067806626,-0.029128984,-0.0011131879,-0.00010202147,0.00580866
24264000,0.007701399,-0.0066210665,-0.029021174,-0.0010812941,6.1546714e-05,0.005831311
24272000,0.0077951765,-0.006463364,-0.028914645,-0.0010457248,0.00021608142,0.0058470075
24280000,0.007886561,-0.0063075046,-0.028816685,-0.001010898,0.00035929884,0.0058662826
24288000,0.007975878,-0.0061532115,-0.028719783,-0.00094884704,0.0005498164,0.005883569
24296000,0.008067768,-0.0059985593,-0.028638527,-0.0008959118,0.00068084314,0.0058833663
24304000,0.008157299,-0.0058456794,-0.02855815,-0.0008793748,0.0008227005,0.005896167
24312000,0.008244313,-0.0056947097,-0.02847834,-0.0008918768,0.00091272354,0.0059189447
24324000,0.008329004,-0.0055457605,-0.028399453,-0.00083721906,0.0009956135,0.005864587
24328000,0.008419149,-0.0054057753,-0.028306872,-0.00082016626,0.0011210947,0.005834024
24336000,0.00850658,-0.005267304,-0.028215602,-0.00083638454,0.0012255163,0.005841005
24344000,0.008591807,-0.0051306495,-0.02812548,-0.0007671308,0.001290232,0.0058186385
24352000,0.0086747715,-0.0049955915,-0.028036669,-0.00078652654,0.0013960779,0.0057833157
24360000,0.008755341,-0.0048622303,-0.027949318,-0.0007537039,0.0014942809,0.0057414547
24368000,0.008849951,-0.00472635,-0.027876839,-0.0006839743,0.0016355253,0.0056684115
24376000,0.00894231,-0.004591798,-0.027805448,-0.00065495935,0.0017333595,0.005636614
24384000,0.009032186,-0.004458755,-0.027731568,-0.0006493877,0.0018549137,0.0056411745
24392000,0.009119429,-0.0043270187,-0.027658194,-0.0006686055,0.0019695628,0.005673262
24400000,0.0092066005,-0.004196068,-0.027611107,-0.00066278386,0.0020855437,0.005720738
24408000,0.009291558,-0.0040664896,-0.02756387,-0.0006168217,0.0021860527,0.0057105236
24416000,0.009374096,-0.0039382037,-0.02751699,-0.00065519445,0.0022735256,0.0056592086
24424000,0.009454288,-0.003811187,-0.027470604,-0.0006189821,0.0024197607,0.0056088846
24432000,0.009522355,-0.0036697786,-0.027497143,-0.0006252973,0.0025644142,0.0055704196
24440000,0.0095884465,-0.0035297123,-0.027522236,-0.0006202445,0.0026851497,0.005488555
24448000,0.009652519,-0.0033909737,-0.02754639,-0.0006262867,0.0028268676,0.0053968052
24456000,0.009714595,-0.003253291,-0.027569205,-0.00064618327,0.0029785756,0.005381039
24464000,0.009753108,-0.0030942378,-0.02761601,-0.0006743203,0.0031389466,0.005307905
24472000,0.0097901095,-0.002936716,-0.02766122,-0.00068922335,0.0032778394,0.005220971
24480000,0.009825682,-0.00278054,-0.027705789,-0.0007010183,0.0034489343,0.00514344
24488000,0.00985996,-0.0026256284,-0.027748689,-0.00069621694,0.003610881,0.0050976914
24496000,0.009882241,-0.002452756,-0.027822763,-0.00072914246,0.0037881583,0.0050870245
24504000,0.009903297,-0.0022817396,-0.027894348,-0.0007507618,0.003898812,0.0050101746
24512000,0.009923317,-0.0021125998,-0.027963787,-0.0007607608,0.004014247,0.004917255
24520000,0.009942217,-0.0019449191,-0.028031275,-0.00078133657,0.0042264634,0.0048518847
24528000,0.009960126,-0.0017785438,-0.028117672,-0.0008051992,0.0043869335,0.0048032184
24536000,0.009971331,-0.0016057872,-0.028232008,-0.0008126414,0.0045422404,0.0047129607
24544000,0.009981648,-0.0014344481,-0.02834335,-0.0008506877,0.004729734,0.004605147
24552000,0.009991088,-0.0012645294,-0.028451815,-0.000855943,0.004892472,0.0044993814
24560000,0.00999519,-0.0010898525,-0.02858977,-0.0009440942,0.005019948,0.0044677127
24568000,0.009998185,-0.0009168814,-0.028723866,-0.0010012228,0.0051757484,0.0043680365
24576000,0.010000034,-0.0007453406,-0.028854653,-0.001087391,0.0053345133,0.0042519756
24584000,0.010000902,-0.0005752118,-0.028991893,-0.0011271898,0.0054905196,0.004210415
24592000,0.009994314,-0.00040195533,-0.029131457,-0.0011430153,0.005624756,0.0041527785
24600000,0.009987351,-0.00023016437,-0.029267162,-0.0011387946,0.0057771173,0.004108322
24608000,0.009980178,-6.0012182e-05,-0.029399276,-0.001102198,0.005875723,0.003997948
24616000,0.009972775,0.00010825682,-0.029527813,-0.0011300055,0.005946544,0.0039832606
24624000,0.009964773,0.00027474473,-0.02965267,-0.0011591465,0.0060686274,0.0039055338
24632000,0.009964592,0.00044401546,-0.029803231,-0.0011835904,0.0062118587,0.0038372371
24640000,0.009963956,0.0006119461,-0.029949844,-0.0011417583,0.0063573704,0.003728017
24648000,0.009962926,0.00077829417,-0.03009285,-0.0011848742,0.006449698,0.0036243107
24656000,0.009961223,0.00094271015,-0.030232176,-0.0011970156,0.00648713,0.0035436747
24664000,0.009980958,0.0010953841,-0.030362904,-0.0011766123,0.0065776818,0.0034651894
24672000,0.010000168,0.0012462778,-0.030490085,-0.0011238767,0.006587645,0.0034339866
24680000,0.010018802,0.001395418,-0.030613557,-0.0011172518,0.0066955425,0.003363867
24688000,0.010036634,0.0015434265,-0.030733794,-0.0011098776,0.006811709,0.0033065865
24696000,0.010087382,0.0016766641,-0.030846313,-0.0010151203,0.0068932925,0.0032969485
24704000,0.010137376,0.0018085705,-0.030955598,-0.0009442665,0.0069317124,0.0032072389
24712000,0.010186253,0.0019394732,-0.031061873,-0.00093644916,0.007067284,0.0031882483
24720000,0.010233938,0.0020696195,-0.03116481,-0.0009027245,0.0071576037,0.0031680898
24728000,0.010306207,0.002174701,-0.03126836,-0.0008750501,0.0072309216,0.0031619116
24736000,0.010377044,0.0022791815,-0.03136845,-0.0007752081,0.0072787465,0.0031690688
24744000,0.010446932,0.002382941,-0.031465292,-0.0007158116,0.0073403106,0.0031647095
24752000,0.010515297,0.0024861929,-0.03155899,-0.0007092159,0.007423466,0.003122098
24760000,0.010601945,0.0025811424,-0.031658888,-0.00070073764,0.007506848,0.0030815843
24768000,0.01068671,0.0026759335,-0.03175576,-0.0006523067,0.0075866436,0.0030463962
24776000,0.010769817,0.0027703051,-0.031849682,-0.0006531604,0.0076367264,0.0030012715
24784000,0.010851391,0.002864116,-0.031940833,-0.00056529697,0.0076702754,0.0029367942
24792000,0.010953696,0.0029391977,-0.032051012,-0.000527991,0.007729005,0.0028524457
24800000,0.011054257,0.003014137,-0.032158002,-0.00044666434,0.0077350205,0.002852321
24808000,0.0111531215,0.0030888624,-0.03226152,-0.0004090761,0.00782527,0.0028347543
24816000,0.011250351,0.003163642,-0.032361686,-0.00034193916,0.007855565,0.0028177814
24824000,0.011352071,0.0032158338,-0.032481402,-0.00023161375,0.0079221,0.0027859942
24832000,0.011452528,0.0032684747,-0.032597348,-0.00015419922,0.007940577,0.002804167
24840000,0.011551625,0.0033213892,-0.032709613,-4.9043192e-05,0.008010965,0.0027593493
24848000,0.011649573,0.0033748066,-0.032818347,4.866015e-05,0.008077245,0.0027991647
24856000,0.0117438575,0.0034160651,-0.032946557,0.00013473576,0.008102129,0.0027603603
24864000,0.011837091,0.003457682,-0.03307104,0.00025966263,0.00811027,0.0027370842
24872000,0.011929522,0.003499648,-0.03319183,0.00034508185,0.008145279,0.0026776711
24880000,0.012020751,0.0035419727,-0.03330934,0.00041391345,0.008131787,0.002610055
24888000,0.012110946,0.0035844687,-0.033423588,0.00050916267,0.008160155,0.0025539724
24896000,0.012219313,0.0036112715,-0.033557624,0.0005664239,0.008230022,0.0024863072
24904000,0.01232619,0.0036389022,-0.033687815,0.00063898717,0.008228882,0.0024542618
24912000,0.012431617,0.0036670892,-0.03381434,0.0007030288,0.008267766,0.0024332243
24920000,0.01253568,0.0036962037,-0.033937246,0.0007822467,0.008312832,0.002359612
24928000,0.012660599,0.0037019036,-0.03408222,0.0009254555,0.008262953,0.0023137138
24936000,0.012784092,0.0037082334,-0.034222975,0.001013492,0.008220512,0.0023119338
24944000,0.012905748,0.0037154166,-0.034359545,0.001050882,0.008257094,0.00228173
24952000,0.013025707,0.0037237448,-0.034492582,0.0011658254,0.0082649775,0.0022049344
24960000,0.013165985,0.003711272,-0.034640476,0.0012799659,0.008246379,0.0021804955
24968000,0.01330454,0.003700383,-0.034784228,0.0014203747,0.008302286,0.0021489903
24976000,0.013441636,0.0036908363,-0.03492415,0.001553594,0.008271483,0.0020897456
24984000,0.0135767665,0.003682264,-0.035060495,0.0015947398,0.008231856,0.001986121
24992000,0.01373399,0.003650164,-0.0352142,0.0016868832,0.008179034,0.0018895075
25000000,0.013889019,0.0036193826,-0.03536412,0.0018065219,0.008117531,0.0018193373
25008000,0.014042286,0.0035895598,-0.03551051,0.0019675,0.008017354,0.0017098575
25016000,0.014193716,0.0035607175,-0.035653353,0.0020732419,0.007969765,0.0016496264
25024000,0.014353298,0.0035100202,-0.0358077,0.0021345653,0.007876501,0.0015667431
25032000,0.0145104965,0.0034605362,-0.035986766,0.002243993,0.0077747284,0.0015300494
25040000,0.01466563,0.0034124234,-0.036161333,0.002310967,0.0077155367,0.0014565976
25048000,0.014818402,0.0033656454,-0.03633131,0.0024054416,0.007647602,0.0014359622
25056000,0.014978199,0.0033003814,-0.03651814,0.0025548143,0.0075578853,0.0013957496
25064000,0.0151359765,0.0032367997,-0.03670019,0.002631032,0.0075062215,0.0013263284
25072000,0.015291581,0.003174857,-0.03687802,0.0027296892,0.00740901,0.001216255
25080000,0.01544522,0.0031142384,-0.037064314,0.0028268518,0.0073277415,0.0011714997
25088000,0.015620185,0.0030468225,-0.037248448,0.0029471447,0.007282339,0.0011015916
25096000,0.015792707,0.0029810506,-0.03742796,0.0030208232,0.0072107706,0.0010647106
25104000,0.015962984,0.0029169158,-0.037602887,0.003150092,0.0071632126,0.0010363208
25112000,0.016131103,0.0028546369,-0.03777346,0.0032529985,0.00713856,0.000957366
25120000,0.016329333,0.0027937829,-0.03793575,0.003405547,0.0070436327,0.0008939194
25128000,0.016525028,0.002734023,-0.038094044,0.0035366276,0.0069179274,0.00084765075
25136000,0.016718175,0.0026754353,-0.038248494,0.003652991,0.006865465,0.00078288803
25144000,0.016908955,0.0026182733,-0.03839925,0.0037926123,0.006797484,0.0007305772
25152000,0.01709727,0.0025624002,-0.03854637,0.0039041738,0.006690482,0.0006603195
25160000,0.017300118,0.0025070342,-0.038686037,0.0040325206,0.0065642926,0.0006615111
25168000,0.017500525,0.0024528096,-0.038822055,0.0041870065,0.006528162,0.00060080795
25176000,0.017698405,0.0024001088,-0.038954526,0.004300637,0.006486697,0.00063664705
25184000,0.017893579,0.0023487469,-0.039083287,0.0043922346,0.0064338427,0.0005968744
25192000,0.018095192,0.002291363,-0.039199308,0.004497434,0.006360511,0.00053693925
25200000,0.018294154,0.0022353942,-0.039312437,0.004628646,0.0063295956,0.0004989328
25208000,0.018490609,0.0021811128,-0.039422557,0.0047089793,0.0063132383,0.0005083689
25216000,0.018684281,0.002128297,-0.039529502,0.0047921473,0.0062656524,0.0005176612
25224000,0.018875724,0.002075905,-0.039623126,0.0048996313,0.006199058,0.00048196543
25232000,0.01906473,0.0020246862,-0.039714366,0.0049817264,0.0061614253,0.00045468129
25240000,0.01925098,0.0019752213,-0.039803088,0.0050136247,0.006171919,0.00044746834
25248000,0.019434815,0.0019271754,-0.03988935,0.0051576123,0.006114684,0.0004391378
25256000,0.019616993,0.0018755081,-0.039976105,0.0052421247,0.0060081906,0.00042717415
25264000,0.019797137,0.0018249833,-0.040060535,0.005394682,0.0059751556,0.0003886675
25272000,0.019975416,0.001775882,-0.040142864,0.0055076163,0.0059177163,0.00033976434
25280000,0.020151475,0.0017281125,-0.04024677,0.005551302,0.0058957604,0.00031676906
25288000,0.020308215,0.0016660637,-0.040349126,0.005663586,0.0058559817,0.00026190467
25296000,0.020463249,0.001605494,-0.040449068,0.005731178,0.005789551,0.00019039508
25304000,0.020616822,0.0015465193,-0.040546104,0.0058620553,0.0057821167,0.00023222314
25312000,0.020768784,0.001489435,-0.040640235,0.0059225336,0.0057701105,0.00020236986
25320000,0.020902928,0.0014221733,-0.04073006,0.0059900903,0.0056462213,0.00024218672
25328000,0.021035772,0.0013561065,-0.040827006,0.006051831,0.005580942,0.00020567371
25336000,0.021167213,0.0012915942,-0.040921435,0.006106477,0.0055054603,0.00014911783
25344000,0.021297531,0.001228481,-0.041013315,0.00620956,0.0054472946,0.00015595029
25352000,0.021410953,0.0011603187,-0.041097358,0.006251498,0.00541799,0.00021495244
25360000,0.021523327,0.0010938412,-0.041178674,0.006282052,0.0053488635,0.000165012
25368000,0.021634571,0.0010288464,-0.04125783,0.006331245,0.0053130942,0.0001592985
25376000,0.021744864,0.0009659243,-0.04133457,0.0063859085,0.005355769,0.00014290216
25384000,0.02183476,0.0008904865,-0.04140906,0.006369238,0.005307981,0.0001533227
25392000,0.021923784,0.0008168758,-0.041481033,0.0063926373,0.00526604,0.0001942019
25400000,0.022011843,0.0007449406,-0.041550443,0.0063745463,0.0052009746,0.00022789184
25408000,0.022099018,0.0006744372,-0.04161744,0.006384292,0.005093674,0.00022330174
25416000,0.022185538,0.0006053503,-0.041682422,0.0064571076,0.0050576376,0.00018981297
25424000,0.022255858,0.00052458636,-0.041739494,0.006490489,0.004962875,0.00013018132
25432000,0.022325773,0.0004455841,-0.041841492,0.006476224,0.004922773,0.00014261389
25440000,0.02239504,0.00036817716,-0.041940317,0.0064891255,0.004834159,0.00013268877
25448000,0.022463975,0.0002923567,-0.042036116,0.0065072724,0.004781112,0.00013406959
25456000,0.022520095,0.00020564394,-0.042123318,0.0065048826,0.0047357753,0.00015886991
25464000,0.022576302,0.0001206341,-0.04220754,0.0065713404,0.0046204254,0.00018076504
25476000,0.022632482,3.7041587e-05,-0.042288855,0.006556117,0.0045180744,0.00020128045
25480000,0.022688339,-4.5057703e-05,-0.04237251,0.006576092,0.0044553764,0.0002112323
25488000,0.022727389,-0.00013889928,-0.042438418,0.0066100936,0.0043346863,0.00025846274
25496000,0.022766558,-0.00023120813,-0.04250194,0.0065827733,0.004263922,0.00023250715
25504000,0.022805791,-0.0003217335,-0.04256326,0.0065949005,0.0041887527,0.0002431899
25512000,0.022845186,-0.00041045828,-0.042622417,0.0066116014,0.004133747,0.00025122234
25520000,0.022867877,-0.0005126911,-0.04266298,0.006650265,0.0040618237,0.000274533
25528000,0.022891067,-0.00061294256,-0.04270965,0.0066282284,0.0039937096,0.0002808089
25536000,0.022914503,-0.00071143545,-0.04275419,0.0066094236,0.0039058642,0.0003421366
25544000,0.022938414,-0.0008083078,-0.04279661,0.0066223615,0.0037809997,0.00034662656
25552000,0.022946848,-0.00091535517,-0.042821094,0.006615278,0.0036136766,0.00037980883
25560000,0.022955911,-0.0010208347,-0.04284379,0.0065756664,0.0035364586,0.00045787173
25568000,0.022965545,-0.0011245451,-0.042864606,0.006555026,0.003428105,0.00051678816
25576000,0.02297567,-0.0012267394,-0.042883947,0.006523041,0.003307175,0.00051103526
25584000,0.022976138,-0.0013410881,-0.04290214,0.0065494156,0.003174195,0.0005438371
25592000,0.022977524,-0.0014540611,-0.04291895,0.0064874613,0.003028008,0.0005395077
25600000,0.0229795,-0.0015652155,-0.042934462,0.006452173,0.0029557715,0.0005784453
25608000,0.022982119,-0.001674592,-0.0429485,0.006406067,0.0028725439,0.00062774355
25616000,0.022985391,-0.001782122,-0.042961195,0.006381388,0.0027895865,0.0006343395
25624000,0.022981409,-0.0019035864,-0.04297699,0.006379765,0.0026995395,0.00063431327
25632000,0.022978704,-0.0020230622,-0.042995542,0.006420453,0.002608176,0.0006694547
25640000,0.022977298,-0.0021406577,-0.0430125,0.0064079002,0.0025399008,0.00071749056
25648000,0.02297967,-0.0022633357,-0.043029606,0.0063924133,0.0024491015,0.00074577535
25656000,0.022983043,-0.0023844074,-0.043045342,0.006383451,0.0022746054,0.0007464637
25664000,0.022987343,-0.0025041257,-0.043060005,0.006378002,0.0021935508,0.00074567617
25672000,0.02299269,-0.0026217655,-0.04307325,0.0063754893,0.0021212169,0.000801615
25680000,0.022998711,-0.002737936,-0.043084905,0.006354643,0.0019645265,0.00086766353
25688000,0.022983955,-0.0028812045,-0.04310693,0.0063215503,0.0018580599,0.0009799306
25696000,0.022970166,-0.0030224647,-0.04312733,0.006262787,0.0017175338,0.000957225
25704000,0.022957664,-0.0031618073,-0.04314652,0.006294571,0.0016202184,0.0009609308
25712000,0.02294678,-0.0032989199,-0.043164432,0.006326461,0.0015519854,0.00093710603
25720000,0.022892132,-0.0034602992,-0.043197975,0.0062924107,0.0014513456,0.000960308
25728000,0.02283932,-0.003619151,-0.043246344,0.006214564,0.0013484914,0.00097389455
25736000,0.022788122,-0.0037757743,-0.043292835,0.0061497013,0.0012446973,0.00090486143
25744000,0.022738649,-0.003929927,-0.043337718,0.0060819034,0.0011395471,0.0009109194
25752000,0.022656282,-0.0041079563,-0.04339564,0.0060153585,0.0009335132,0.0009137203
25760000,0.022576472,-0.004284144,-0.043451488,0.006000856,0.00076398574,0.00089361396
25768000,0.02249918,-0.0044578654,-0.043505386,0.0059644715,0.00065981114,0.00086258806
25776000,0.022424204,-0.004629273,-0.043557182,0.0059233955,0.00051278155,0.0008860324
25784000,0.022321487,-0.0048100282,-0.043631822,0.00585778,0.0003280581,0.0008983391
25792000,0.022221364,-0.004988736,-0.043703675,0.0057913545,0.00016803098,0.00090876414
25800000,0.022123853,-0.005165482,-0.043772787,0.005734097,-2.6054418e-05,0.0009451865
25808000,0.022028701,-0.0053404165,-0.04383938,0.00561859,-0.00019151739,0.0009114306
25816000,0.021905478,-0.0055233953,-0.043903574,0.005502203,-0.000324693,0.00090374297
25824000,0.021785038,-0.0057043466,-0.043965414,0.0054186075,-0.0005173702,0.00092140964
25832000,0.0216673,-0.0058836713,-0.04402478,0.0053555765,-0.00072632445,0.0009337406
25840000,0.021552147,-0.006061419,-0.044081718,0.0052399496,-0.0009033347,0.0009785906
25848000,0.021392114,-0.0062476997,-0.044143423,0.0050688223,-0.0010767331,0.0010188966
25856000,0.021234917,-0.0064322203,-0.044202447,0.004936742,-0.0012490548,0.0010660501
25864000,0.021080647,-0.006614792,-0.044259205,0.0048056096,-0.0013888032,0.0010368312
25872000,0.0209293,-0.0067953784,-0.044313893,0.004683163,-0.0015183648,0.0010330514
25880000,0.020754144,-0.006989902,-0.044380963,0.004507051,-0.0016203291,0.0010308308
25888000,0.020581825,-0.007182094,-0.04444544,0.0043478007,-0.0017499784,0.0010761832
25896000,0.020412814,-0.0073720836,-0.044507354,0.0042826696,-0.0018705789,0.0010574178
25904000,0.020246893,-0.007559953,-0.044567183,0.0041325446,-0.0020106828,0.0010432376
25912000,0.020062637,-0.0077618025,-0.04463078,0.0039308616,-0.0022333695,0.0009888955
25920000,0.019881168,-0.007962116,-0.044692233,0.0037573113,-0.0024395771,0.0009892893
25928000,0.019702341,-0.0081606135,-0.044751644,0.0035775902,-0.002637906,0.0009427818
25936000,0.01952633,-0.008357369,-0.044809,0.0034483406,-0.0027851914,0.0009558235
25944000,0.019353144,-0.008552133,-0.04486397,0.0032949855,-0.0029539522,0.00098249
25952000,0.019170271,-0.008770853,-0.044916213,0.0030853916,-0.003156497,0.0010159409
25960000,0.018989991,-0.0089874165,-0.04496646,0.0029330112,-0.0033063048,0.0009527359
25968000,0.018812263,-0.009201699,-0.045015037,0.0027659158,-0.0034574834,0.00097119494
25976000,0.018637093,-0.009413917,-0.045061544,0.0026190826,-0.0036592446,0.000980866
25984000,0.0184475,-0.009642912,-0.045103326,0.0024593144,-0.003858456,0.0009468317
25992000,0.018260622,-0.009869627,-0.04514344,0.0022716022,-0.004014132,0.0009670751
26000000,0.01807585,-0.010094136,-0.04518172,0.0020667724,-0.004186904,0.0009853673
26008000,0.017893715,-0.010316355,-0.045217916,0.0019387717,-0.004344277,0.0010366228
26016000,0.017691921,-0.010541752,-0.045250565,0.0017822445,-0.004532999,0.0010129471
26024000,0.017493017,-0.0107653905,-0.04528171,0.0016387631,-0.004780422,0.0010265844
26032000,0.01729714,-0.010987667,-0.045332715,0.0015117363,-0.005010039,0.0011102144
26040000,0.017104018,-0.011208243,-0.045381457,0.0013462254,-0.0051879054,0.0010768
26048000,0.01688939,-0.0114099905,-0.045432925,0.0011602049,-0.0053424365,0.0010102965
26056000,0.0166776,-0.011610193,-0.045482695,0.0009912684,-0.0054995194,0.0010255275
26064000,0.016468823,-0.011808709,-0.045530275,0.0008327292,-0.005608385,0.001012627
26072000,0.016262883,-0.01200534,-0.04557611,0.0006597048,-0.0057106023,0.0009817987
26080000,0.016044585,-0.012175429,-0.045627475,0.0005227615,-0.0058751646,0.00095798407
26088000,0.015829263,-0.012344587,-0.045676887,0.0003013247,-0.0059941993,0.0009722073
26096000,0.015616331,-0.012512824,-0.045724273,7.903999e-05,-0.0061454154,0.0009579458
26104000,0.015405743,-0.012680163,-0.04576978,-0.00013481357,-0.0062639755,0.00095100014
26112000,0.015203215,-0.012827273,-0.045809403,-0.00025918084,-0.006386411,0.00089823274
26120000,0.015003218,-0.012973839,-0.04584773,-0.00047189085,-0.0064908583,0.0008584123
26128000,0.014805392,-0.013119661,-0.04588458,-0.0006506053,-0.006582537,0.0008489254
26136000,0.014609825,-0.013264618,-0.045919895,-0.00082270394,-0.0066593057,0.00084185554
26144000,0.014420181,-0.013393543,-0.045940325,-0.000984438,-0.006816706,0.0008434389
26152000,0.014232662,-0.013522428,-0.045959532,-0.0011528993,-0.006904765,0.00085097493
26160000,0.014047226,-0.01365073,-0.04597749,-0.0013129772,-0.006970565,0.0008592615
26168000,0.013863833,-0.013778648,-0.04599437,-0.0014794114,-0.007097658,0.0008596809
26176000,0.013698251,-0.013895844,-0.04600434,-0.0015856151,-0.007176007,0.00084040035
26184000,0.013534903,-0.014012682,-0.046013355,-0.001654629,-0.007241278,0.0008693839
26192000,0.0133737195,-0.014129389,-0.046021312,-0.0017464058,-0.007358616,0.00089570234
26200000,0.01321436,-0.0142458705,-0.046028256,-0.001893981,-0.0074125924,0.0009088285
26208000,0.013056798,-0.014362203,-0.04603395,-0.0019860545,-0.007564863,0.0010116522
26216000,0.012913134,-0.014459744,-0.04603775,-0.0021274935,-0.007692372,0.0010260816
26224000,0.012770759,-0.014557614,-0.046040997,-0.00223221,-0.007798848,0.0009852897
26232000,0.012630293,-0.014655769,-0.04604359,-0.002276429,-0.007876117,0.0009970056
26240000,0.012491629,-0.014754185,-0.046045467,-0.0023646438,-0.007987546,0.0009938794
26248000,0.0123799965,-0.014833174,-0.046043754,-0.0024417178,-0.008031172,0.0009733834
26256000,0.012269657,-0.014912676,-0.04604146,-0.0025085802,-0.008143883,0.0009925807
26264000,0.01216043,-0.01499319,-0.04603845,-0.0025876057,-0.008281954,0.0009802538
26272000,0.0120523665,-0.015074048,-0.046035364,-0.0026519075,-0.008281798,0.00091177376
26280000,0.011969028,-0.0151258465,-0.04602292,-0.0027569593,-0.008268056,0.0009610937
26288000,0.011886087,-0.015178207,-0.046009645,-0.0028487344,-0.008304475,0.0010111012
26296000,0.011803969,-0.015231447,-0.04599592,-0.002850436,-0.008380319,0.0010085099
26304000,0.011722916,-0.015285623,-0.04598181,-0.0028888008,-0.008400334,0.0010443039
26312000,0.011653195,-0.015326791,-0.045972407,-0.0029074477,-0.008423591,0.0009997215
26320000,0.011584432,-0.015369004,-0.045962766,-0.002910422,-0.008484738,0.0010050223
26328000,0.011516726,-0.015412283,-0.045965254,-0.0028829551,-0.008517775,0.0010276657
26336000,0.011450251,-0.015456099,-0.045966893,-0.0028795227,-0.008467057,0.0010024975
26344000,0.011403402,-0.015495776,-0.045963436,-0.0028619482,-0.008473536,0.0010391971
26352000,0.011357231,-0.015536283,-0.045959115,-0.0028666817,-0.008498534,0.0010824874
26360000,0.01131163,-0.015577605,-0.045953766,-0.0029032198,-0.0085353125,0.001110199
26368000,0.011266523,-0.015619914,-0.04594773,-0.002917624,-0.00857058,0.001143145
26376000,0.011241488,-0.01565261,-0.045931578,-0.0029261496,-0.008567902,0.0011113572
26384000,0.011216875,-0.015686413,-0.04591532,-0.0029005117,-0.008636585,0.0011075523
26392000,0.011192682,-0.015721368,-0.045898795,-0.0028961655,-0.008677403,0.0011113164
26400000,0.011169014,-0.01575744,-0.045882,-0.0028803074,-0.008712939,0.0010702687
26408000,0.011148708,-0.01578029,-0.045868143,-0.0028691632,-0.008714689,0.0010724778
26416000,0.011129213,-0.015804026,-0.04585363,-0.0027837404,-0.008700384,0.0011261944
26424000,0.011110492,-0.015828695,-0.045838445,-0.0027696593,-0.008721731,0.0011574237
26432000,0.011092346,-0.01585444,-0.045826137,-0.0027254065,-0.008708206,0.001188484
26440000,0.011076931,-0.015873985,-0.045811757,-0.002700417,-0.008705391,0.001217424
26448000,0.011062242,-0.015894674,-0.04579684,-0.0026281704,-0.008741274,0.0012326307
26456000,0.011048447,-0.015916811,-0.04578118,-0.0025698142,-0.00877689,0.0012922307
26464000,0.011035443,-0.015939942,-0.045764834,-0.0025118697,-0.008740329,0.0013237718
26472000,0.011023401,-0.015963707,-0.04574786,-0.002403222,-0.008731223,0.0013698349
26480000,0.011023466,-0.015981087,-0.045740843,-0.002365988,-0.0087413415,0.0013984316
26488000,0.011023744,-0.015999576,-0.0457332,-0.0023571432,-0.008745299,0.0013816102
26496000,0.011024437,-0.01601908,-0.045725003,-0.0023010494,-0.008703528,0.0013968876
26504000,0.011025588,-0.016039401,-0.045716062,-0.0022699542,-0.008694858,0.0014088314
26512000,0.01103143,-0.016058298,-0.045716897,-0.0021713686,-0.008749111,0.0014067674
26520000,0.011037898,-0.016078329,-0.04571663,-0.0021418845,-0.008710054,0.0014680147
26528000,0.011044836,-0.016099403,-0.045715302,-0.0020600508,-0.008728772,0.0014748734
26536000,0.011052459,-0.016121712,-0.045713067,-0.0019741843,-0.008763457,0.001506747
26544000,0.011059004,-0.016149515,-0.04572174,-0.001938019,-0.008765894,0.0015277156
26552000,0.011065818,-0.016178131,-0.045729443,-0.0019263418,-0.00875287,0.0014881118
26560000,0.011072939,-0.016207922,-0.045736417,-0.00188329,-0.008824726,0.0014889219
26568000,0.011080512,-0.016238874,-0.045742318,-0.0018279946,-0.008818828,0.0015134175
26576000,0.011084848,-0.016276427,-0.045758963,-0.0017575996,-0.008866954,0.0015353827
26584000,0.011089665,-0.016314821,-0.045774385,-0.0017561883,-0.008838102,0.0015093503
26592000,0.011094812,-0.016353719,-0.04578869,-0.0017143851,-0.008802222,0.0015363073
26600000,0.011100526,-0.01639334,-0.04580179,-0.0016534488,-0.008847522,0.0015289746
26608000,0.011116433,-0.016435593,-0.045828953,-0.0015723279,-0.008929023,0.0015156269
26616000,0.011132889,-0.016479034,-0.045854494,-0.0015121395,-0.008948053,0.0015624572
26624000,0.011149796,-0.016523266,-0.045878693,-0.0014400564,-0.008979456,0.0015187457
26632000,0.011167171,-0.016568748,-0.045901775,-0.0013974431,-0.009055898,0.0015058973
26640000,0.011191565,-0.016611641,-0.045935616,-0.0013609596,-0.009041008,0.0014878145
26648000,0.011215835,-0.01665556,-0.045967907,-0.0013520471,-0.009099693,0.0014930719
26656000,0.011240282,-0.016700538,-0.045998633,-0.0012848066,-0.009091441,0.0015093308
26664000,0.011264928,-0.016746271,-0.046027705,-0.001249629,-0.009105328,0.0015420077
26672000,0.011307343,-0.016793268,-0.046057254,-0.0012310084,-0.009110354,0.0015810865
26680000,0.011349389,-0.016841315,-0.04610701,-0.0011798168,-0.009143018,0.0015673082
26688000,0.011391382,-0.016890436,-0.0461545,-0.0011148063,-0.009208821,0.001610405
26696000,0.011433376,-0.016940922,-0.046199992,-0.0010199876,-0.009288145,0.0015906707
26704000,0.01149003,-0.016982974,-0.046256125,-0.00093383976,-0.009337161,0.0016311249
26712000,0.011546496,-0.017026193,-0.046310022,-0.00086070603,-0.0093390485,0.0015904404
26720000,0.01160268,-0.017070461,-0.046362177,-0.0007769132,-0.009363628,0.00155618
26728000,0.011658527,-0.017116128,-0.046412513,-0.00073766615,-0.009432682,0.0015151155
26736000,0.011713914,-0.017163048,-0.046461195,-0.00068590196,-0.009448067,0.0014794715
26744000,0.011781378,-0.017209457,-0.04652816,-0.0005611608,-0.009512985,0.0014469204
26752000,0.011848743,-0.017257053,-0.04659295,-0.00043567858,-0.009507754,0.0013888186
26760000,0.011916155,-0.017305443,-0.046656966,-0.00029573427,-0.009489843,0.0010325002
26768000,0.011983524,-0.01735503,-0.046722814,-0.00018830187,-0.009555306,0.0003804031
26776000,0.012067699,-0.017412566,-0.04681416,-0.00015248,-0.009626572,-0.00056279346
26784000,0.012150979,-0.01747153,-0.046911076,-7.50675e-05,-0.009689476,-0.0016721699
26792000,0.0122335525,-0.01753188,-0.04701586,2.2028697e-05,-0.009781358,-0.0032264811
26800000,0.012315622,-0.017593643,-0.047132194,0.00011217863,-0.009841608,-0.005166868
26808000,0.012416606,-0.017667217,-0.047282904,0.00022996891,-0.009946103,-0.0074199648
26816000,0.012516681,-0.017741853,-0.047449514,0.00033722373,-0.0099598365,-0.009841611
26824000,0.012616086,-0.017817374,-0.047633097,0.00043356168,-0.010012556,-0.012402025
26832000,0.012714842,-0.017893726,-0.047835752,0.0005898007,-0.010041253,-0.015328489
26840000,0.012820861,-0.0179839,-0.048084334,0.0006760711,-0.0101613775,-0.018677456
26848000,0.012925885,-0.018075185,-0.04835756,0.00078467635,-0.010215477,-0.022248631
26856000,0.013030241,-0.018167166,-0.04865682,0.0009106109,-0.010271587,-0.025981445
26864000,0.013133561,-0.018259734,-0.0489832,0.0009485224,-0.010283575,-0.02975833
26872000,0.013236502,-0.018347122,-0.049372673,0.0010816603,-0.01029122,-0.03383729
26880000,0.013338995,-0.018434959,-0.049792543,0.0012223958,-0.010286579,-0.038269114
26888000,0.013440945,-0.018523488,-0.05024506,0.0013279462,-0.010346755,-0.042892747
26896000,0.0135421315,-0.018612897,-0.05073124,0.0014123867,-0.010393297,-0.047563635
26904000,0.013653213,-0.018698696,-0.05129932,0.0015224254,-0.010374247,-0.052307382
26912000,0.013763595,-0.018784821,-0.05190149,0.0016429215,-0.010349405,-0.057283774
26920000,0.013873084,-0.018871311,-0.05254075,0.0017188999,-0.010297023,-0.06263449
26928000,0.013981779,-0.018957822,-0.05321893,0.0018381783,-0.010254203,-0.068078265
26936000,0.014091785,-0.019034483,-0.05399646,0.0018898506,-0.010207412,-0.07360409
26944000,0.014200619,-0.0191115,-0.05481252,0.0019329252,-0.010152881,-0.079087056
26952000,0.014308482,-0.019188823,-0.05566767,0.0020625868,-0.010115023,-0.08476781
26960000,0.014415814,-0.019266622,-0.05656421,0.0021581717,-0.010078947,-0.09073246
26968000,0.0145170605,-0.019321086,-0.057566687,0.002222316,-0.010011264,-0.09680873
26976000,0.014617314,-0.01937634,-0.058611393,0.0022815336,-0.009986836,-0.1029303
26984000,0.014716849,-0.019432556,-0.059699386,0.002393662,-0.00992644,-0.10901
26992000,0.014815532,-0.019489087,-0.06083016,0.0024302432,-0.009791442,-0.11524581
27000000,0.014913225,-0.019545699,-0.062005922,0.0024846816,-0.009655013,-0.12172117
27008000,0.015015813,-0.019590518,-0.06328295,0.0025204069,-0.009527263,-0.12825136
27016000,0.015117282,-0.019635854,-0.064605325,0.0025797195,-0.009442989,-0.13481846
27024000,0.015217628,-0.019681878,-0.06597294,0.0026010952,-0.009387885,-0.14129263
27032000,0.015316765,-0.01972866,-0.067386314,0.0026705926,-0.00930755,-0.14797492
27040000,0.015415863,-0.01974849,-0.068905786,0.0026886433,-0.009177133,-0.154854
27048000,0.015513676,-0.019769287,-0.07047257,0.0027607551,-0.0090962015,-0.16176218
27056000,0.015610543,-0.019791367,-0.07208675,0.002813742,-0.009046144,-0.16859691
27064000,0.015706392,-0.019814402,-0.07374808,0.002847953,-0.008926782,-0.17541382
27072000,0.015809242,-0.019807518,-0.07551783,0.0028920982,-0.0087642465,-0.18232653
27080000,0.015910879,-0.01980148,-0.07733548,0.0029326018,-0.0085692,-0.18947409
27088000,0.016011443,-0.019796234,-0.07920161,0.0029809622,-0.008422252,-0.19656138
27096000,0.016110672,-0.01979184,-0.0811165,0.0029914384,-0.008258187,-0.20368664
27104000,0.016211942,-0.019756326,-0.08313206,0.0030857283,-0.008080662,-0.21072634
27112000,0.016312236,-0.019722026,-0.085195124,0.0031311975,-0.007896507,-0.21785803
27120000,0.016411431,-0.019688949,-0.087307364,0.003202132,-0.007697005,-0.22520003
27128000,0.01650956,-0.019656833,-0.08948231,0.0032076468,-0.0075031854,-0.23253326
27136000,0.016620664,-0.019601434,-0.09175247,0.0031696858,-0.0072665345,-0.23987553
27144000,0.016730132,-0.019547472,-0.0940713,0.003223255,-0.00711679,-0.24712183
27152000,0.016838605,-0.019495122,-0.09643906,0.003307252,-0.0069517507,-0.25449046
27160000,0.016946,-0.019443905,-0.098857254,0.0033593713,-0.0067091617,-0.26195088
27168000,0.017058132,-0.019375315,-0.10137719,0.0033868873,-0.0065276767,-0.26939267
27176000,0.017168824,-0.019308526,-0.1039466,0.0034034245,-0.0063753575,-0.27677202
27184000,0.01727789,-0.019243054,-0.10656485,0.0033944906,-0.006135921,-0.28405154
27192000,0.017385138,-0.019178826,-0.10923222,0.0034070103,-0.005931667,-0.29146108
27200000,0.017503353,-0.019096578,-0.1120016,0.0034590138,-0.0057156147,-0.29905415
27208000,0.017620223,-0.019015633,-0.11482152,0.0035047769,-0.005487823,-0.3066809
27216000,0.017735552,-0.01893615,-0.11769211,0.0035257516,-0.0053024027,-0.31420466
27224000,0.017849524,-0.018858204,-0.12061262,0.0035610164,-0.0051338375,-0.3216076
27232000,0.017966753,-0.018778453,-0.12363595,0.0035389233,-0.00496715,-0.3291227
27240000,0.018082287,-0.01870032,-0.1267094,0.0035722358,-0.004822606,-0.33674848
27248000,0.018196315,-0.018623695,-0.12983331,0.003561689,-0.004619405,-0.3443307
27256000,0.018308535,-0.018548064,-0.1330075,0.0035197092,-0.0043871985,-0.3518539
27264000,0.018418897,-0.018473636,-0.13623169,0.0035694218,-0.004212414,-0.35928884
27272000,0.018525379,-0.018390184,-0.13956389,0.0035749378,-0.0040152096,-0.36681274
27280000,0.018630223,-0.018307742,-0.14295688,0.0035387524,-0.0037884756,-0.37446547
27288000,0.018733459,-0.018226547,-0.14639997,0.003540059,-0.0036067283,-0.38205698
27296000,0.01883562,-0.01814635,-0.14989322,0.003622424,-0.0034054553,-0.38964304
27304000,0.018932844,-0.018057123,-0.15349165,0.0036493305,-0.0032138978,-0.39704287
27312000,0.01902886,-0.017969104,-0.15713808,0.0036463316,-0.0030292668,-0.40457875
27320000,0.019123597,-0.017882474,-0.16083413,0.0036397425,-0.0028687092,-0.41220257
27328000,0.019217066,-0.01779731,-0.16460708,0.0037001022,-0.00268862,-0.41984308
27336000,0.019298906,-0.017697359,-0.16849479,0.003688947,-0.0025095027,-0.42743957
27344000,0.019379666,-0.017598746,-0.17243028,0.0036407264,-0.002315711,-0.43496034
27352000,0.019458733,-0.017501254,-0.17641324,0.003517046,-0.0020942101,-0.44248086
27360000,0.019536197,-0.01740495,-0.1804448,0.0034557178,-0.001911116,-0.4501319
27368000,0.019587617,-0.017285366,-0.18458343,0.0034449666,-0.0017569447,-0.4578168
27376000,0.019638622,-0.01716771,-0.18877035,0.0034189804,-0.0016042523,-0.465429
27384000,0.019689037,-0.01705186,-0.19300479,0.0033570984,-0.0014006698,-0.4728805
27392000,0.019738581,-0.016937122,-0.19728667,0.003279185,-0.0011626892,-0.48040628
27400000,0.019764118,-0.016799532,-0.20168328,0.0031646155,-0.0009638749,-0.48802885
27412000,0.019788954,-0.016663602,-0.20612743,0.0030470975,-0.00072443904,-0.49563044
27416000,0.019813308,-0.016529351,-0.21061921,0.0029881212,-0.00055961765,-0.5031712
27424000,0.019837273,-0.016397145,-0.21515849,0.0028747155,-0.00040971383,-0.5107319
27432000,0.019849857,-0.01623388,-0.21980807,0.0027916115,-0.0001346966,-0.5183773
27440000,0.019862302,-0.016072318,-0.22450483,0.002692173,0.00012090872,-0.5259038
27448000,0.019874344,-0.015912352,-0.22924829,0.0025990785,0.00038580986,-0.5334116
27456000,0.01988619,-0.01575397,-0.23403904,0.0025079886,0.0006404467,-0.54092455
27464000,0.01988368,-0.015551821,-0.23892733,0.002429838,0.0008286701,-0.5482377
27472000,0.019881139,-0.0153527055,-0.24386054,0.002364,0.0010617869,-0.5556067
27480000,0.019878786,-0.0151559785,-0.24886131,0.0022585613,0.0013007141,-0.56318295
27488000,0.019876407,-0.014961595,-0.25390908,0.00220153,0.0015380278,-0.5707037
27496000,0.019866101,-0.014721929,-0.25906554,0.0021115334,0.0018299867,-0.5781111
27504000,0.01985584,-0.014484778,-0.26426658,0.0019845176,0.0021620465,-0.5854277
27512000,0.019845344,-0.014250306,-0.26951283,0.0018622713,0.002395342,-0.59293073
27520000,0.019834755,-0.014018597,-0.27480593,0.0017487479,0.0026593274,-0.6004959
27528000,0.01982396,-0.013789367,-0.280169,0.0016202894,0.002941577,-0.6080525
27536000,0.01981536,-0.013528685,-0.28563142,0.0015236026,0.003228596,-0.6154792
27544000,0.0198066,-0.0132712005,-0.29113802,0.0014225176,0.0035066847,-0.6227
27552000,0.0197979,-0.013016628,-0.29668823,0.0013632078,0.0037422043,-0.6299724
27560000,0.019789195,-0.012764953,-0.30228356,0.0012551075,0.0039963205,-0.63738453
27568000,0.01979258,-0.012489816,-0.30798465,0.0011779569,0.0042228326,-0.6447879
27576000,0.019795714,-0.012217784,-0.3137301,0.0010876643,0.0045275874,-0.6520771
27584000,0.019798588,-0.011948511,-0.3195205,0.001006185,0.0048026177,-0.65917355
27592000,0.019801227,-0.011682147,-0.3253537,0.00093739165,0.005059212,-0.66631943
27600000,0.01980223,-0.011392149,-0.33128962,0.0008555327,0.005375134,-0.67361796
27608000,0.019802844,-0.011105532,-0.33726922,0.00073908357,0.0056178323,-0.6809209
27616000,0.019803133,-0.010822115,-0.34329256,0.0006755418,0.00587078,-0.6881149
27624000,0.019803304,-0.010541768,-0.34935918,0.0006039652,0.006099656,-0.6951992
27632000,0.01978665,-0.010234297,-0.35552314,0.00051443715,0.006353699,-0.70235735
27640000,0.019769983,-0.009930202,-0.36173037,0.00041378124,0.0066333646,-0.70964354
27648000,0.01975312,-0.009629193,-0.3679814,0.00030009777,0.006886281,-0.71686375
27656000,0.019736059,-0.009331762,-0.3742762,0.00018694163,0.0070682378,-0.72405374
27664000,0.019708313,-0.009008316,-0.3806505,7.430328e-05,0.0072322064,-0.7310646
27672000,0.019680392,-0.008688906,-0.38706645,-8.500417e-05,0.0074650655,-0.73809314
27680000,0.019652145,-0.008373366,-0.3935298,-0.0002119974,0.0077054724,-0.7452945
27688000,0.019623792,-0.008061383,-0.40003714,-0.00031453182,0.007925157,-0.7524863
27696000,0.01959664,-0.0077252793,-0.40661785,-0.0004282228,0.008184376,-0.7595775
27704000,0.019569471,-0.0073928856,-0.41324088,-0.0005110622,0.008440167,-0.76645714
27712000,0.019542398,-0.0070641837,-0.41990545,-0.0005906278,0.008663833,-0.7733599
27720000,0.01951504,-0.006739187,-0.4266133,-0.00073635136,0.0089083,-0.78046197
27728000,0.0194869,-0.0063852086,-0.43339768,-0.00082265417,0.009193331,-0.78758883
27736000,0.01945844,-0.00603504,-0.44022533,-0.0009629405,0.009441273,-0.79456836
27744000,0.019429559,-0.005688927,-0.44709554,-0.0010733467,0.009646923,-0.80140954
27752000,0.019400433,-0.0053471364,-0.45400795,-0.0011764597,0.009833125,-0.80831075
27760000,0.019365197,-0.0049855146,-0.46099052,-0.0013026027,0.010063556,-0.8153656
27768000,0.019329457,-0.0046280576,-0.46801683,-0.0014555164,0.010263325,-0.8223821
27776000,0.019293113,-0.004274935,-0.4750869,-0.0016112551,0.010450671,-0.8293651
27784000,0.019256072,-0.003925999,-0.48220012,-0.0017667252,0.010630471,-0.8361019
27792000,0.0192185,-0.0035811348,-0.48935536,-0.0019055177,0.010817164,-0.842874
27800000,0.019177068,-0.003199071,-0.49658504,-0.0020257905,0.011027062,-0.8498897
27808000,0.019134957,-0.0028214413,-0.5038587,-0.0022326678,0.0112553695,-0.85680723
27816000,0.019092051,-0.0024481076,-0.51117516,-0.002360251,0.011448457,-0.8634323
27824000,0.019048935,-0.0020793232,-0.5185319,-0.0024505656,0.011664963,-0.8697115
27832000,0.019001883,-0.00167189,-0.5259615,-0.0025994168,0.0118673025,-0.87575454
27840000,0.018954193,-0.0012696082,-0.53342736,-0.0027650998,0.012023992,-0.8816525
27848000,0.018905662,-0.00087227667,-0.5409275,-0.0029494248,0.01224044,-0.8871501
27856000,0.018856369,-0.00047953476,-0.5484588,-0.0031012192,0.01243178,-0.892201
27864000,0.01879588,-7.778157e-05,-0.5560502,-0.0032692733,0.012617921,-0.896915
27872000,0.018734934,0.00031886974,-0.56366587,-0.003410974,0.012729677,-0.90116304
27880000,0.018673621,0.0007102331,-0.5713037,-0.003543616,0.012848299,-0.90523523
27888000,0.018612,0.0010962472,-0.5789622,-0.003684292,0.012928582,-0.90896314
27896000,0.01852999,0.0014755308,-0.5866759,-0.0038158104,0.013002638,-0.91226596
27904000,0.018447671,0.0018495468,-0.59440327,-0.00403986,0.013057096,-0.9151747
27912000,0.018364811,0.0022183869,-0.6021415,-0.004203413,0.013122114,-0.91776735
27920000,0.018281732,0.0025823517,-0.60988903,-0.0043680114,0.013209597,-0.92012817
27928000,0.01818164,0.0029401488,-0.6176665,-0.0045193704,0.013240478,-0.92213506
27936000,0.018081695,0.0032923284,-0.6254474,-0.004651158,0.0131623605,-0.923674
27944000,0.017982226,0.0036391518,-0.6332288,-0.004753634,0.013150429,-0.9248853
27952000,0.01788341,0.0039803083,-0.64100885,-0.0048189415,0.013036859,-0.9259473
27960000,0.017791249,0.0043229745,-0.648808,-0.004965708,0.012894352,-0.9269628
27968000,0.01769935,0.004659372,-0.65660524,-0.0050465167,0.01272148,-0.92804223
27976000,0.017607842,0.0049894964,-0.66440094,-0.005125139,0.012571993,-0.92905456
27984000,0.017516956,0.0053133215,-0.6721947,-0.0051613227,0.012340637,-0.9300141
27992000,0.017437307,0.0056352257,-0.6799917,-0.0052039996,0.012064876,-0.9311285
28000000,0.017357983,0.0059501827,-0.6877892,-0.0052633705,0.011791261,-0.9324781
28008000,0.017279318,0.0062580034,-0.69558847,-0.0052667474,0.01147074,-0.9338702
28016000,0.017201249,0.006558588,-0.70338964,-0.005290144,0.0111360615,-0.93520576
28024000,0.017136838,0.0068536103,-0.71118426,-0.005308553,0.010744797,-0.9363475
28032000,0.0170733,0.0071407706,-0.71897995,-0.0052669365,0.010302956,-0.93770117
28040000,0.017010601,0.007419717,-0.72677934,-0.0052023665,0.009814197,-0.9392787
28048000,0.016949078,0.0076901526,-0.73458326,-0.005114023,0.00927123,-0.940827
28056000,0.01688861,0.007952016,-0.74239135,-0.005023776,0.008757716,-0.9423255
28064000,0.016831534,0.008199133,-0.75018895,-0.0048613274,0.008150517,-0.9437399
28072000,0.016776022,0.008437309,-0.75799096,-0.0047335923,0.0075518982,-0.9452767
28080000,0.016722323,0.008666369,-0.7657989,-0.0045164987,0.006867589,-0.9469931
28088000,0.016670607,0.008886105,-0.77361405,-0.0043610716,0.0061817584,-0.94871664
28096000,0.016618649,0.009085811,-0.7814127,-0.00422371,0.0054615713,-0.95045394
28104000,0.0165691,0.009276311,-0.78921866,-0.004017442,0.004704852,-0.95203334
28112000,0.01652189,0.009457094,-0.7970315,-0.0037682343,0.003911386,-0.95366615
28120000,0.01647728,0.009628016,-0.8048525,-0.0034884491,0.003099849,-0.95550025
28128000,0.01643991,0.00978861,-0.81267357,-0.003142609,0.002338612,-0.95732373
28136000,0.016405504,0.009939716,-0.8205037,-0.002852297,0.0015736115,-0.9591166
28144000,0.016373903,0.010081355,-0.8283423,-0.002549005,0.0007627606,-0.9607118
28152000,0.01634507,0.010213429,-0.83618903,-0.0022785794,-2.5798123e-05,-0.9624884
28160000,0.016321288,0.010323376,-0.84403765,-0.0019088489,-0.0008524161,-0.96443826
28168000,0.016301807,0.010424682,-0.85189724,-0.0015057791,-0.0016442135,-0.9663845
28176000,0.016285786,0.010516499,-0.8597677,-0.0011394675,-0.0025428522,-0.9682864
28184000,0.016272984,0.010598588,-0.86765075,-0.0007910705,-0.0033831252,-0.9700329
28192000,0.01626973,0.010668801,-0.87554216,-0.00040759717,-0.00416846,-0.9718614
28200000,0.016269935,0.010730209,-0.88344467,1.0377669e-05,-0.004965679,-0.9738649
28208000,0.016273687,0.010782464,-0.8913591,0.00041926876,-0.0058153993,-0.9758985
28216000,0.016281005,0.010825749,-0.89928555,0.00082594034,-0.0066194874,-0.97787935
28224000,0.016297461,0.010861049,-0.90722406,0.0012399089,-0.0073957564,-0.979642
28232000,0.016317677,0.010888205,-0.91517305,0.0017251943,-0.00809784,-0.9815739
28240000,0.016342534,0.010908412,-0.9231343,0.0021561834,-0.008805775,-0.98366296
28248000,0.016370865,0.010920866,-0.9311085,0.0025546963,-0.009471484,-0.98570967
28256000,0.016416704,0.010935026,-0.93910646,0.0029329115,-0.010050549,-0.98770505
28264000,0.016465558,0.010942375,-0.94711566,0.0033609448,-0.010603076,-0.9895072
28272000,0.01651766,0.010942997,-0.9551363,0.0037860062,-0.011161912,-0.9915655
28280000,0.016572999,0.010937147,-0.963171,0.004219577,-0.011676731,-0.9937317
28288000,0.016632317,0.010921802,-0.9712342,0.004670119,-0.012141917,-0.99584895
28296000,0.016694615,0.010900919,-0.97931015,0.005017702,-0.012551184,-0.99791175
28304000,0.01675949,0.010875188,-0.98739827,0.0053654746,-0.012860092,-0.9998319
28312000,0.016827852,0.010846575,-0.9954982,0.0057309032,-0.013109785,-1.0018802
28320000,0.016898887,0.010814226,-1.0036117,0.0061021503,-0.013318708,-1.0040753
28328000,0.016973002,0.010772342,-1.0117718,0.0063872105,-0.01349051,-1.0062369
28336000,0.017049292,0.010727894,-1.0199447,0.00672259,-0.013569657,-1.0083587
28344000,0.017127877,0.010681187,-1.0281298,0.0069995257,-0.013625038,-1.0103211
28352000,0.017208293,0.01063263,-1.0363265,0.00723741,-0.013631016,-1.0123341
28360000,0.017300518,0.010574269,-1.0445685,0.0074314303,-0.0135981105,-1.0145066
28368000,0.017393826,0.01051486,-1.0528233,0.007637234,-0.013551551,-1.0166855
28376000,0.017488152,0.010454621,-1.0610906,0.0077924277,-0.013464912,-1.0187413
28384000,0.017583847,0.010395322,-1.0693758,0.007948055,-0.013296044,-1.0206872
28392000,0.017686743,0.01031507,-1.0776902,0.008135238,-0.013071981,-1.0227383
28400000,0.01779035,0.0102358125,-1.0860171,0.008263411,-0.012838494,-1.0249432
28408000,0.017894283,0.010158094,-1.0943569,0.00832939,-0.0124870455,-1.0271447
28416000,0.017998096,0.010082501,-1.1027092,0.00838748,-0.012117838,-1.0292007
28424000,0.018119281,0.010001149,-1.1110984,0.008449996,-0.011648251,-1.0311047
28432000,0.018240111,0.009923196,-1.1195104,0.008499948,-0.011129583,-1.0331659
28440000,0.018360272,0.009848902,-1.1279343,0.008492779,-0.010593256,-1.0353502
28448000,0.018479664,0.00977934,-1.1363708,0.008477145,-0.009978513,-1.0375446
28456000,0.018615782,0.009710734,-1.1448427,0.008434706,-0.0092840055,-1.0396343
28464000,0.018750414,0.009647065,-1.1533257,0.008388836,-0.008600122,-1.0415794
28472000,0.01888334,0.0095887715,-1.1618189,0.008276851,-0.007851127,-1.0435989
28480000,0.019013915,0.009535828,-1.1703236,0.00809224,-0.0071094558,-1.0456834
28488000,0.019154878,0.009486791,-1.1788583,0.007926944,-0.0063695805,-1.047812
28496000,0.01929308,0.0094433995,-1.187404,0.0077351946,-0.005563569,-1.0497864
28504000,0.019428534,0.009406111,-1.1959599,0.0075497227,-0.004748337,-1.0516084
28512000,0.019560812,0.0093747135,-1.2045252,0.007272757,-0.003955681,-1.0534945
28520000,0.019711263,0.009354187,-1.2131236,0.007011004,-0.0031516745,-1.0556111
28528000,0.019857917,0.00933933,-1.2217355,0.006749513,-0.002396407,-1.0577061
28536000,0.020001007,0.009329822,-1.2303585,0.0065270183,-0.0016693379,-1.0596786
28544000,0.020140795,0.009325456,-1.2389916,0.0063089826,-0.0009557709,-1.0614964
28552000,0.02029793,0.0093315635,-1.2476451,0.0060887164,-0.00024151772,-1.0634395
28560000,0.020451006,0.009342375,-1.2563097,0.0057927044,0.00039718184,-1.0655178
28568000,0.02059995,0.009357608,-1.2649857,0.0055310777,0.0010298528,-1.067504
28576000,0.020744843,0.009377134,-1.2736722,0.005243552,0.0016481883,-1.0693525
28584000,0.02088564,0.009400708,-1.2823685,0.0049857157,0.0021942756,-1.0711038
28592000,0.021023698,0.009427647,-1.2910849,0.004775803,0.002744979,-1.0729804
28600000,0.021158202,0.009458243,-1.2998118,0.004543737,0.0032669324,-1.0749122
28608000,0.021288922,0.009492052,-1.30855,0.0042849397,0.0037155051,-1.076912
28616000,0.021416076,0.00952875,-1.3172994,0.0040748958,0.0041416474,-1.0788118
28624000,0.021543013,0.009576351,-1.3260665,0.003865296,0.0045566726,-1.0805484
28632000,0.021666335,0.009626319,-1.3348433,0.0036034347,0.004924844,-1.0823787
28640000,0.021785785,0.00967846,-1.343631,0.003346024,0.005272617,-1.0843607
28648000,0.021901509,0.00973237,-1.3524303,0.0030950205,0.005545884,-1.0862763
28656000,0.021991083,0.009789685,-1.361251,0.0028291857,0.005864254,-1.0881464
28664000,0.022077067,0.009847359,-1.3700821,0.0026204088,0.0060966597,-1.0899293
28672000,0.022160117,0.009905883,-1.3789232,0.0023805583,0.006255192,-1.0917203
28680000,0.022240316,0.009964987,-1.3877754,0.0021910537,0.006392314,-1.0936633
28688000,0.022302836,0.010022682,-1.396646,0.0019484016,0.006504557,-1.0956227
28696000,0.022362474,0.010080562,-1.4055281,0.0017052738,0.006596031,-1.0974755
28704000,0.022419702,0.010138463,-1.4144201,0.0015067777,0.006629761,-1.099115
28712000,0.022474105,0.010195712,-1.4233216,0.0011855467,0.006596464,-1.100857
28720000,0.022499008,0.010243202,-1.4322424,0.00090036116,0.006559833,-1.1027586
28728000,0.022521326,0.010289208,-1.4411842,0.0006285718,0.006565734,-1.1046517
28736000,0.022541326,0.010334866,-1.450137,0.00039048755,0.0065302514,-1.1064935
28744000,0.022559127,0.010379675,-1.4590999,0.00013226474,0.006436405,-1.1081581
28752000,0.022547375,0.010413161,-1.468072,-0.00012241605,0.0063201943,-1.1099529
28760000,0.022533864,0.01044563,-1.4770559,-0.0003885801,0.00620794,-1.1119473
28768000,0.022518508,0.01047718,-1.4860519,-0.00065464934,0.0060910336,-1.1138598
28776000,0.022501608,0.01050786,-1.4950594,-0.0008544537,0.00599805,-1.1157025
28784000,0.022480585,0.010521216,-1.5040774,-0.001103791,0.005878386,-1.1173258
28792000,0.022457767,0.010533882,-1.5131052,-0.0013390727,0.0057125874,-1.1190593
28800000,0.022433463,0.010544602,-1.5221446,-0.0015947873,0.005512141,-1.1209408
28808000,0.022407183,0.010554058,-1.5311954,-0.0018809399,0.0053071347,-1.1227254
28816000,0.022366216,0.010548914,-1.5402396,-0.0021156215,0.005041241,-1.1244521
28824000,0.022324024,0.010542103,-1.5492942,-0.0023064516,0.004744825,-1.1259792
28832000,0.022280894,0.010533392,-1.5583602,-0.0024717646,0.00445322,-1.1275762
28840000,0.02223669,0.010522872,-1.5674374,-0.0026721146,0.004135171,-1.129365
28848000,0.02219126,0.010510075,-1.5765264,-0.0028657934,0.0037600447,-1.1311463
28856000,0.022134967,0.010499533,-1.5856104,-0.003130586,0.0034262205,-1.1328616
28864000,0.022077356,0.010486888,-1.5947056,-0.003339455,0.0031162095,-1.134397
28872000,0.022018895,0.010471351,-1.6038114,-0.0035739688,0.0027001984,-1.1360347
28880000,0.021959132,0.010452953,-1.6129292,-0.0037963856,0.0023065126,-1.1378021
28892000,0.021883275,0.010420546,-1.6220548,-0.0039968537,0.0019482152,-1.1395614
28896000,0.021806495,0.010385949,-1.6311928,-0.004224846,0.0016132506,-1.1412812
28904000,0.021728646,0.010348975,-1.6403426,-0.0044549243,0.0012181707,-1.1428965
28912000,0.021649897,0.010309652,-1.649504,-0.004660484,0.0008487376,-1.1445192
28920000,0.021545693,0.010258226,-1.6586622,-0.004938055,0.00036792958,-1.1460838
28928000,0.021440746,0.010204015,-1.6678722,-0.0051755887,-2.9162467e-05,-1.1476094
28936000,0.021335017,0.010147292,-1.677092,-0.005396937,-0.00045464354,-1.149065
28944000,0.021229798,0.010087901,-1.6863217,-0.0055629686,-0.00084578816,-1.1505939
28952000,0.021098709,0.010013745,-1.6955576,-0.00579342,-0.0012617994,-1.1521941
28960000,0.020967534,0.009937179,-1.7048049,-0.0060201217,-0.0016807662,-1.1538928
28968000,0.020836234,0.009857967,-1.7140645,-0.0062181284,-0.0021256583,-1.1556525
28976000,0.02070493,0.009776437,-1.7233357,-0.0064297123,-0.002508629,-1.1572367
28984000,0.020544255,0.009684607,-1.7326286,-0.0066553266,-0.0029611802,-1.1587003
28992000,0.020384172,0.009590134,-1.7419314,-0.006861451,-0.0034122937,-1.1602796
29000000,0.020224266,0.009493137,-1.751246,-0.00711879,-0.003843968,-1.1619954
29008000,0.020064253,0.009393729,-1.7605722,-0.007359942,-0.0042536194,-1.1636639
29016000,0.019868053,0.009271345,-1.7699238,-0.0075333677,-0.004685568,-1.1652288
29024000,0.01967303,0.009146925,-1.7792854,-0.007738744,-0.0051024803,-1.1666783
29032000,0.019478837,0.009020361,-1.7886568,-0.007985685,-0.00555635,-1.1682178
29040000,0.019285217,0.008891501,-1.7980391,-0.008236257,-0.005992096,-1.1698413
29048000,0.019060373,0.008746747,-1.807447,-0.008513035,-0.0064133243,-1.1715289
29056000,0.018836671,0.008600286,-1.8168658,-0.0087207295,-0.0068124235,-1.1731149
29064000,0.018614331,0.008451892,-1.8262944,-0.008923831,-0.0072486517,-1.1745092
29072000,0.018393148,0.008301447,-1.8357325,-0.00918764,-0.00770681,-1.1760384
29080000,0.018152483,0.008142238,-1.8451922,-0.009442747,-0.008129692,-1.1776742
29088000,0.017912924,0.007980872,-1.8546627,-0.009710947,-0.008642199,-1.1793114
29096000,0.017674433,0.007817058,-1.8641438,-0.009943166,-0.009096662,-1.1808434
29104000,0.017437292,0.007651243,-1.8736343,-0.010146809,-0.009518575,-1.182174
29112000,0.017201485,0.0074833906,-1.8831334,-0.010348132,-0.009963554,-1.1835743
29120000,0.01694147,0.007321522,-1.8926415,-0.010514017,-0.010401143,-1.1851423
29128000,0.016683249,0.0071577528,-1.9021852,-0.0107317185,-0.010787791,-1.1867367
29136000,0.016426487,0.00699178,-1.9117389,-0.010965361,-0.0111861145,-1.188233
29144000,0.016170975,0.0068241586,-1.9213014,-0.011210513,-0.011530893,-1.1895254
29152000,0.015903182,0.0066570914,-1.9308722,-0.011415917,-0.011936272,-1.1909558
29160000,0.015637051,0.006488026,-1.9404528,-0.011638811,-0.012273938,-1.192513
29168000,0.015372408,0.0063172327,-1.9500437,-0.011854268,-0.012640888,-1.1940415
29176000,0.015109144,0.0061445762,-1.9596441,-0.01208863,-0.012997443,-1.1955237
29184000,0.01484428,0.0059718224,-1.9692597,-0.0122553455,-0.013372593,-1.1968135
29192000,0.014581146,0.005796856,-1.9788837,-0.012432742,-0.01378145,-1.198185
29200000,0.014319484,0.00561979,-1.9885168,-0.012623801,-0.014133122,-1.1996672
29208000,0.014059576,0.005440834,-1.9981599,-0.012762933,-0.0144671695,-1.2011548
29216000,0.013796269,0.005268547,-2.0078118,-0.012886254,-0.014804362,-1.202599
29224000,0.013535449,0.0050945347,-2.017473,-0.01305216,-0.015141895,-1.2038568
29232000,0.013276129,0.0049183397,-2.0271423,-0.013223567,-0.015505039,-1.205226
29240000,0.013018537,0.004740194,-2.0368211,-0.01333135,-0.015795523,-1.2066835
29248000,0.012753584,0.0045598764,-2.0465126,-0.013459567,-0.016098991,-1.2081319
29256000,0.012490585,0.0043774773,-2.056214,-0.01356492,-0.016450612,-1.2095606
29264000,0.012229476,0.004192854,-2.065924,-0.013698305,-0.01682281,-1.2107432
29272000,0.011969973,0.004006297,-2.075642,-0.013862455,-0.017082822,-1.2120775
29280000,0.011693107,0.0038267327,-2.085377,-0.013996285,-0.017351927,-1.2135662
29288000,0.011418864,0.0036456557,-2.0951216,-0.014122523,-0.017639179,-1.2150071
29296000,0.01114679,0.0034625628,-2.1048758,-0.014218057,-0.017945541,-1.2163346
29304000,0.010876934,0.0032774159,-2.114638,-0.01428514,-0.01824732,-1.2175353
29312000,0.010585608,0.0030986618,-2.1244197,-0.014412659,-0.018512286,-1.2187933
29320000,0.010296708,0.0029180576,-2.13421,-0.014509401,-0.018738398,-1.2202551
29328000,0.010010314,0.002735815,-2.1440315,-0.014596904,-0.018990673,-1.2217083
29336000,0.009726362,0.0025518555,-2.1538618,-0.014717413,-0.019195454,-1.2230885
29344000,0.009442657,0.0023819574,-2.1637053,-0.014815944,-0.01937153,-1.2242899
29352000,0.0091614425,0.0022103763,-2.1735566,-0.014886585,-0.019580852,-1.2255664
29360000,0.00888321,0.0020370472,-2.1834164,-0.014955418,-0.019829463,-1.2270048
29368000,0.008607596,0.0018617309,-2.1932852,-0.014998686,-0.020059807,-1.2283595
29376000,0.008334844,0.0016844698,-2.2031627,-0.0149667645,-0.020266766,-1.2296836
29384000,0.008063663,0.0015221069,-2.2130532,-0.015009019,-0.02046031,-1.2308534
29392000,0.0077951215,0.0013575281,-2.2229512,-0.015028978,-0.020678315,-1.2321005
29400000,0.00752919,0.0011907999,-2.2328577,-0.015049951,-0.020879805,-1.2334907
29408000,0.0072661676,0.0010221396,-2.242773,-0.015004852,-0.02104209,-1.2348293
29416000,0.007007342,0.0008676214,-2.2527037,-0.015043122,-0.021181766,-1.2358146
29424000,0.006750958,0.00071150175,-2.2626386,-0.015068665,-0.021252124,-1.2365239
29432000,0.0064975773,0.00055396673,-2.2725763,-0.015007795,-0.021417258,-1.2370367
29440000,0.006247121,0.0003944646,-2.2825155,-0.015004933,-0.021536097,-1.2373054
29448000,0.005982083,0.00025273015,-2.292444,-0.014997325,-0.021621337,-1.2372495
29456000,0.0057199188,0.00010905077,-2.3023686,-0.015017853,-0.021733403,-1.2367885
29464000,0.005460432,-3.6584464e-05,-2.3122869,-0.0150059275,-0.021828989,-1.2360078
29472000,0.005204003,-0.0001841133,-2.322196,-0.014960572,-0.02195035,-1.2349261
29480000,0.0049238377,-0.0003189107,-2.3320773,-0.014913058,-0.022068473,-1.2335261
29488000,0.004646897,-0.00045573968,-2.3419452,-0.014967882,-0.022125693,-1.2318196
29496000,0.004373087,-0.00059437554,-2.3517973,-0.014935129,-0.022200843,-1.2297919
29504000,0.0041028084,-0.000734552,-2.3616307,-0.014910151,-0.022253532,-1.2273979
29512000,0.0038159147,-0.0008707002,-2.3714242,-0.014862165,-0.022282185,-1.2249793
29520000,0.0035330553,-0.0010084283,-2.3811984,-0.014799785,-0.02231483,-1.2226208
29528000,0.0032539668,-0.001147936,-2.390953,-0.014737398,-0.02239465,-1.220196
29536000,0.0029787382,-0.0012892882,-2.4006875,-0.014705309,-0.02245651,-1.2175901
29544000,0.0026976285,-0.001423886,-2.4103827,-0.014631992,-0.022497011,-1.21485
29552000,0.0024204815,-0.0015602048,-2.420056,-0.01458935,-0.022525536,-1.2121423
29560000,0.0021469295,-0.0016982186,-2.429709,-0.014565139,-0.022572726,-1.2096605
29568000,0.0018770513,-0.0018377508,-2.439342,-0.014492137,-0.02264078,-1.2071573
29576000,0.0015940503,-0.0019768723,-2.448935,-0.014437964,-0.022710422,-1.2044628
29584000,0.0013150368,-0.0021178615,-2.4585066,-0.014376222,-0.022758514,-1.2016115
29592000,0.0010399383,-0.0022602908,-2.4680557,-0.014319327,-0.02274738,-1.1988623
29600000,0.0007687788,-0.0024042944,-2.4775846,-0.014236609,-0.022847733,-1.1963148
29608000,0.0004806763,-0.0025392065,-2.4870706,-0.014133283,-0.022881087,-1.1938049
29616000,0.00019720134,-0.0026756558,-2.4965372,-0.014015929,-0.022874605,-1.1911839
29624000,-8.181677e-05,-0.0028134456,-2.505983,-0.013915684,-0.022851445,-1.1883816
29632000,-0.00035665522,-0.0029524013,-2.515408,-0.01384671,-0.022837365,-1.1857245
29640000,-0.00062721124,-0.0030926138,-2.5248134,-0.013686754,-0.022872036,-1.1832757
29648000,-0.000906161,-0.0032241873,-2.5341694,-0.013567221,-0.022860859,-1.180787
29656000,-0.0011806677,-0.003357078,-2.5435069,-0.013467867,-0.022823581,-1.1782124
29664000,-0.0014507652,-0.003491534,-2.552825,-0.013338864,-0.022892052,-1.175543
29672000,-0.00171633,-0.0036274476,-2.5621233,-0.0131866485,-0.022800537,-1.1729264
29680000,-0.0019962946,-0.003770736,-2.5713756,-0.0130628375,-0.022776172,-1.1705599
29688000,-0.0022719076,-0.0039151204,-2.580611,-0.013007656,-0.022763615,-1.1681814
29696000,-0.002543066,-0.004060715,-2.5898292,-0.0128721725,-0.022759605,-1.1657058
29704000,-0.002809782,-0.004207511,-2.5990286,-0.012788389,-0.022770047,-1.1630151
29712000,-0.0030918953,-0.004355599,-2.6081862,-0.012682148,-0.022735136,-1.1604271
29720000,-0.0033690976,-0.004504983,-2.6173267,-0.012550192,-0.0227877,-1.1581211
29728000,-0.0036416475,-0.004655686,-2.6264515,-0.012454544,-0.022761013,-1.1558535
29736000,-0.0039094603,-0.004807104,-2.63556,-0.012292475,-0.022700224,-1.1534508
29744000,-0.004187248,-0.0049554906,-2.6446347,-0.012181613,-0.022655519,-1.1508435
29752000,-0.0044598146,-0.0051048617,-2.6536915,-0.011970688,-0.02264033,-1.1483653
29760000,-0.004727392,-0.0052551,-2.6627321,-0.011884192,-0.022588167,-1.1461854
29768000,-0.004990478,-0.005406072,-2.6717584,-0.011794111,-0.022542968,-1.1440313
29776000,-0.0052682497,-0.0055499994,-2.680742,-0.011637222,-0.022477187,-1.1416061
29784000,-0.005540848,-0.005694559,-2.6897087,-0.011453827,-0.02244565,-1.1390795
29792000,-0.0058082384,-0.0058400882,-2.6986587,-0.011302656,-0.022412805,-1.1367131
29800000,-0.006070346,-0.00598679,-2.7075934,-0.011112627,-0.022413054,-1.134513
29808000,-0.0063483096,-0.0061294646,-2.7164893,-0.010980295,-0.022378597,-1.1323404
29816000,-0.006620908,-0.00627322,-2.7253704,-0.010802859,-0.022347234,-1.1300045
29824000,-0.0068879016,-0.0064180456,-2.7342358,-0.010609351,-0.02231405,-1.1275513
29832000,-0.0071494766,-0.0065638847,-2.7430875,-0.010426356,-0.022284709,-1.1252155
29840000,-0.0074098506,-0.0066970033,-2.7519016,-0.010274695,-0.022210402,-1.1230892
29848000,-0.0076652262,-0.0068309656,-2.7607024,-0.010072791,-0.022188632,-1.1209614
29856000,-0.007915228,-0.006966259,-2.7694888,-0.009884052,-0.022169698,-1.1186799
29864000,-0.00816007,-0.007102644,-2.7782598,-0.009724624,-0.022077248,-1.1162274
29872000,-0.008410051,-0.0072460813,-2.7869942,-0.009583333,-0.022056544,-1.1139114
29880000,-0.0086549865,-0.007390737,-2.795715,-0.00941795,-0.022054862,-1.1118249
29888000,-0.00889473,-0.0075363717,-2.804423,-0.009220929,-0.021976713,-1.1097559
29896000,-0.0091292765,-0.007682663,-2.8131173,-0.009043633,-0.021914853,-1.1075245
29904000,-0.009358769,-0.007829717,-2.8217962,-0.008865945,-0.021867655,-1.1050656
29912000,-0.009601243,-0.007990524,-2.8304315,-0.0086555015,-0.021873266,-1.102775
29920000,-0.009838596,-0.008152106,-2.8390536,-0.008450146,-0.02189284,-1.1007223
29928000,-0.010070573,-0.008314541,-2.847671,-0.008266679,-0.021873536,-1.0986339
29936000,-0.010297372,-0.0084776925,-2.8562746,-0.008071038,-0.021858416,-1.0963812
29944000,-0.010536492,-0.008663053,-2.864828,-0.007870518,-0.021864949,-1.0939413
29952000,-0.010770098,-0.0088488,-2.8733668,-0.0076985476,-0.021873264,-1.0916616
29960000,-0.010998448,-0.0090350285,-2.8818924,-0.0075187148,-0.021873787,-1.0896555
29968000,-0.011221357,-0.009221645,-2.8904061,-0.007294242,-0.02190679,-1.0875813
29976000,-0.011455569,-0.009428654,-2.8988729,-0.007081328,-0.02192964,-1.0852869
29984000,-0.011684315,-0.009635709,-2.9073255,-0.00693786,-0.021951614,-1.0828854
29992000,-0.011908295,-0.0098427385,-2.915764,-0.0067505403,-0.022000445,-1.0806851
30000000,-0.01212675,-0.010050134,-2.92419,-0.006511263,-0.022063721,-1.0786332
30008000,-0.012353863,-0.010271353,-2.932574,-0.0062784567,-0.022111116,-1.0765383
30016000,-0.012575299,-0.010492535,-2.9409459,-0.0060896454,-0.022126287,-1.0743351
30024000,-0.012791344,-0.010713396,-2.949304,-0.0059038396,-0.022120792,-1.0719205
30032000,-0.013002077,-0.010934017,-2.9576693,-0.005726729,-0.022142978,-1.0696325
30040000,-0.013200726,-0.011165873,-2.9659884,-0.0054974216,-0.022146778,-1.0675236
30048000,-0.013393999,-0.0113971485,-2.9742956,-0.0052621467,-0.022139415,-1.0654153
30056000,-0.013582041,-0.011627786,-2.98259,-0.0050401227,-0.022124914,-1.0631546
30064000,-0.013765578,-0.011857631,-2.9908705,-0.0048020296,-0.022129918,-1.0607668
30072000,-0.0139274,-0.012092261,-2.9991047,-0.004480589,-0.022109369,-1.0584399
30080000,-0.014083646,-0.012326044,-3.0073314,-0.0041480553,-0.022061735,-1.0563848
30088000,-0.014234748,-0.012558748,-3.0155463,-0.0038782065,-0.021996792,-1.0542792
30096000,-0.014381061,-0.012790686,-3.0237484,-0.003633309,-0.021996886,-1.0520191
30104000,-0.014513332,-0.013030235,-3.0319052,-0.003367558,-0.022023655,-1.0496752
30112000,-0.014640928,-0.013269063,-3.0400493,-0.0030567131,-0.022006037,-1.0475996
30120000,-0.014763731,-0.0135069955,-3.048183,-0.0027743226,-0.021957045,-1.0456401
30128000,-0.014882748,-0.013743594,-3.0563056,-0.0025203235,-0.021926291,-1.0436407
30136000,-0.014978603,-0.013982695,-3.0643706,-0.0022011662,-0.02189915,-1.0414078
30144000,-0.015070263,-0.014220853,-3.072423,-0.0019316503,-0.02184577,-1.0390486
30152000,-0.015157918,-0.01445789,-3.0804625,-0.0016697522,-0.021813096,-1.036747
30160000,-0.015241522,-0.014694126,-3.0884902,-0.0013522666,-0.021810729,-1.0346885
30168000,-0.015320628,-0.0149293225,-3.096507,-0.0010077623,-0.021740466,-1.0326141
30176000,-0.015387666,-0.01516735,-3.1044765,-0.0007080271,-0.02167288,-1.030325
30184000,-0.015450465,-0.015404057,-3.1124334,-0.00035113646,-0.021613091,-1.0278769
30192000,-0.015509025,-0.015639639,-3.1203773,-3.1876498e-05,-0.021550171,-1.0255783
30200000,-0.015564333,-0.015873363,-3.1283095,0.00030378232,-0.021447783,-1.023493
30208000,-0.015605761,-0.016100612,-3.1362033,0.00069677696,-0.021329366,-1.0213754
30216000,-0.01564315,-0.01632648,-3.1440856,0.0010331037,-0.021269897,-1.0191208
30224000,-0.0156766,-0.016551245,-3.1519556,0.0013458487,-0.021199184,-1.0167278
30232000,-0.015706412,-0.01677474,-3.1598127,0.0016556807,-0.02110043,-1.0144155
30240000,-0.015726466,-0.016999694,-3.167627,0.0019868263,-0.021077655,-1.0122433
30248000,-0.015742641,-0.017223747,-3.175431,0.002369973,-0.021019252,-1.0101285
30256000,-0.015754754,-0.017446728,-3.1832237,0.0027407156,-0.020977005,-1.0078331
30264000,-0.015762974,-0.01766875,-3.1910033,0.0030867322,-0.02093294,-1.0054294
30272000,-0.015767345,-0.017885886,-3.1987276,0.0034626664,-0.020852849,-1.00308
30280000,-0.015767962,-0.018101642,-3.2064407,0.0037748043,-0.020728283,-1.0009755
30288000,-0.015765226,-0.018315684,-3.214144,0.00407038,-0.020576715,-0.9988568
30296000,-0.015759079,-0.018528186,-3.2218363,0.0043826383,-0.020478414,-0.99659526
30304000,-0.01575628,-0.018738985,-3.2294753,0.004716562,-0.02038617,-0.99417967
30312000,-0.015749441,-0.018948434,-3.2371032,0.005086935,-0.020289548,-0.99202234
30320000,-0.015738998,-0.01915646,-3.244722,0.005386431,-0.020165337,-0.98998356
30328000,-0.015724929,-0.01936291,-3.252358,0.0057152836,-0.020050863,-0.9878949
30336000,-0.01573004,-0.01955381,-3.2599454,0.005991895,-0.019921528,-0.98566264
30344000,-0.015732232,-0.019743314,-3.2675211,0.0062700757,-0.019828368,-0.9832602
30352000,-0.01573057,-0.019931547,-3.2750843,0.0065749274,-0.019667542,-0.98091286
30360000,-0.01572487,-0.020118201,-3.2826357,0.0069155167,-0.0195092,-0.9787288
30368000,-0.015749127,-0.020291192,-3.2901454,0.0071850717,-0.019314537,-0.9765775
30376000,-0.015768902,-0.020462608,-3.2976446,0.0074851657,-0.019148696,-0.9743016
30384000,-0.015784338,-0.02063292,-3.3051314,0.007768439,-0.019003766,-0.971832
30392000,-0.015795238,-0.020801947,-3.3126056,0.008095253,-0.018834263,-0.96953857
30400000,-0.015823718,-0.020953795,-3.3200433,0.008343531,-0.018650608,-0.9673782
30408000,-0.015848763,-0.021104246,-3.327471,0.008576354,-0.01844033,-0.96524054
30416000,-0.015869377,-0.021253387,-3.3348875,0.0088552525,-0.018267646,-0.96292675
30424000,-0.01588529,-0.02140148,-3.3422918,0.009171829,-0.018100228,-0.9604874
30432000,-0.015896711,-0.021548307,-3.3496833,0.00942408,-0.017894035,-0.9581101
30440000,-0.01593367,-0.02166993,-3.3570266,0.009655161,-0.01767029,-0.9558434
30448000,-0.015966143,-0.021790829,-3.3643591,0.009855075,-0.017515568,-0.953613
30456000,-0.015994437,-0.021911183,-3.3716803,0.010018471,-0.017358558,-0.9512421
30464000,-0.016018819,-0.022031078,-3.3789887,0.010203985,-0.017218946,-0.94877124
30472000,-0.016055102,-0.022139562,-3.3862562,0.01036928,-0.017020535,-0.9463614
30480000,-0.016088184,-0.022247134,-3.3935125,0.010530098,-0.016842823,-0.9441095
30488000,-0.01611706,-0.022354182,-3.4007578,0.010734608,-0.016643338,-0.94190884
30496000,-0.016141664,-0.022460366,-3.4079916,0.010922325,-0.01644474,-0.9395178
30504000,-0.016179433,-0.022560436,-3.4151728,0.011114488,-0.016266491,-0.936962
30512000,-0.01621264,-0.022659605,-3.4223413,0.011320437,-0.016006693,-0.93451166
30520000,-0.016241506,-0.022757683,-3.4294987,0.0114849415,-0.015798721,-0.9323595
30528000,-0.01626627,-0.022854976,-3.436656,0.011644187,-0.015590386,-0.9301632
30536000,-0.016294537,-0.022949759,-3.4437754,0.011767242,-0.015367274,-0.9277888
30544000,-0.016318947,-0.02304336,-3.4508824,0.011891065,-0.015106937,-0.9252802
30552000,-0.016340356,-0.023135865,-3.4579766,0.012041762,-0.014918469,-0.92287874
30560000,-0.016357714,-0.023227502,-3.465059,0.012237518,-0.014689714,-0.9206392
30568000,-0.01639169,-0.023314647,-3.4721022,0.012372613,-0.014441421,-0.9183997
30576000,-0.01642141,-0.023400737,-3.4791338,0.012507881,-0.014196232,-0.916036
30584000,-0.016447147,-0.023485573,-3.4861648,0.012675195,-0.013951869,-0.91354465
30592000,-0.016468426,-0.023569554,-3.4931827,0.012869103,-0.0137686655,-0.91120726
30600000,-0.016493445,-0.023642771,-3.50016,0.013045084,-0.013540475,-0.9090064
30608000,-0.016513806,-0.023714975,-3.5071268,0.013286607,-0.013307842,-0.90676194
30616000,-0.016529512,-0.02378629,-3.5140817,0.0134484805,-0.013037198,-0.90437704
30624000,-0.016542226,-0.023856282,-3.521024,0.013561836,-0.0128200725,-0.9018978
30632000,-0.016544007,-0.023919864,-3.527935,0.01369865,-0.012605362,-0.8994696
30640000,-0.016542071,-0.023982717,-3.5348344,0.013829116,-0.012408416,-0.89721644
30648000,-0.016536495,-0.024044888,-3.5417223,0.013987156,-0.0121723935,-0.894974
30656000,-0.016527088,-0.024105985,-3.5485983,0.0141516235,-0.011928083,-0.89259744
30664000,-0.016501978,-0.024143912,-3.555445,0.014332871,-0.011649305,-0.8900762
30672000,-0.016473114,-0.024180992,-3.5622783,0.014543857,-0.0113787595,-0.8877217
30680000,-0.016440483,-0.024217412,-3.5691004,0.014719936,-0.01115378,-0.8856098
30688000,-0.016405333,-0.024253393,-3.575912,0.014858738,-0.010962865,-0.8835012
30696000,-0.016366811,-0.024288861,-3.5827124,0.015037367,-0.010713049,-0.8812936
30704000,-0.016315222,-0.024304036,-3.5894842,0.015202249,-0.010464998,-0.878783
30712000,-0.016260412,-0.024318958,-3.5962422,0.015380047,-0.010224828,-0.87638324
30720000,-0.01620218,-0.024333429,-3.6029885,0.015576099,-0.009961412,-0.8742971
30728000,-0.016140763,-0.024347333,-3.609733,0.015746696,-0.009698314,-0.8721637
30736000,-0.016071655,-0.024342613,-3.6164343,0.015958928,-0.009468205,-0.86985874
30744000,-0.015999356,-0.0243381,-3.6231225,0.01612946,-0.009263802,-0.8673509
30752000,-0.015924053,-0.024333727,-3.629797,0.016297454,-0.009047213,-0.86497283
30760000,-0.015846483,-0.024329232,-3.6364594,0.016481366,-0.008820929,-0.86280316
30768000,-0.015759462,-0.02430035,-3.6430862,0.016681973,-0.00856966,-0.86062866
30776000,-0.015669063,-0.024271825,-3.6497014,0.01692296,-0.008363127,-0.85831213
30784000,-0.015575327,-0.024243772,-3.6563034,0.017145962,-0.008151739,-0.85579675
30792000,-0.015478653,-0.02421586,-3.6628914,0.017290385,-0.007893798,-0.85337645
30800000,-0.015385639,-0.02416472,-3.6694393,0.017504685,-0.0076148263,-0.8511592
30808000,-0.015289403,-0.024114061,-3.675976,0.017694095,-0.007410223,-0.84894156
30816000,-0.015190026,-0.024064267,-3.6825008,0.01789446,-0.007217504,-0.8465871
30824000,-0.015087496,-0.024014952,-3.689012,0.018111069,-0.0069574392,-0.84404224
30832000,-0.014981664,-0.023940668,-3.695512,0.01828043,-0.0066690585,-0.8415905
30840000,-0.014872923,-0.023866767,-3.7019992,0.018463278,-0.0063709873,-0.8393578
30848000,-0.014761149,-0.023793424,-3.7084742,0.018693708,-0.006139489,-0.8370944
30856000,-0.0146464985,-0.023720555,-3.7149353,0.01882649,-0.0058294064,-0.8345986
30864000,-0.014541291,-0.023613784,-3.7213597,0.01894658,-0.0055393972,-0.83192164
30872000,-0.014433283,-0.023507794,-3.727769,0.019140808,-0.005234957,-0.8294389
30880000,-0.014322123,-0.023402615,-3.734165,0.01933277,-0.0049438966,-0.8271639
30888000,-0.014208224,-0.023298198,-3.7405484,0.019480264,-0.004654006,-0.82481813
30896000,-0.014089613,-0.02317075,-3.7468948,0.01967568,-0.0043546404,-0.82223314
30904000,-0.013969024,-0.023044286,-3.7532263,0.019800402,-0.004038312,-0.81954604
30912000,-0.013846366,-0.022918468,-3.759542,0.019912837,-0.0036780327,-0.81702477
30920000,-0.01372136,-0.022793394,-3.7658443,0.020043878,-0.003415591,-0.8146993
30928000,-0.013587886,-0.022643888,-3.7721148,0.020176316,-0.0030816537,-0.8123893
30936000,-0.013452242,-0.022495579,-3.7783718,0.020328805,-0.0028050428,-0.809896
30944000,-0.013314606,-0.022348786,-3.7846138,0.020424891,-0.002579092,-0.8072565
30952000,-0.013174858,-0.02220357,-3.7908406,0.020595424,-0.0022908614,-0.80474883
30960000,-0.01303275,-0.022059426,-3.7970538,0.020760188,-0.0020131278,-0.80244386
30968000,-0.012879509,-0.0218835,-3.803227,0.020898918,-0.0016947958,-0.80007327
30976000,-0.01272453,-0.021708986,-3.8093865,0.021023082,-0.0014118777,-0.79759496
30984000,-0.012567722,-0.021536347,-3.8155308,0.021167506,-0.001159121,-0.79485846
30992000,-0.01240926,-0.021365533,-3.821659,0.021259865,-0.00091238174,-0.7922724
31000000,-0.012239988,-0.021171462,-3.8277578,0.021336872,-0.00063710194,-0.78987783
31008000,-0.012069421,-0.020979531,-3.8338432,0.021469424,-0.00038276147,-0.7874861
31016000,-0.011897484,-0.0207894,-3.8399143,0.021579573,-7.0627924e-05,-0.78487813
31024000,-0.011724124,-0.02060083,-3.8459692,0.021704707,0.00022690558,-0.782199
31032000,-0.011551349,-0.02039368,-3.8520002,0.02188125,0.0005348506,-0.7795745
31040000,-0.011377365,-0.020188399,-3.858017,0.022041101,0.00085068407,-0.77726763
31048000,-0.011201709,-0.01998456,-3.8640203,0.022190437,0.001195941,-0.7748396
31056000,-0.011024452,-0.019782478,-3.870009,0.022298915,0.0014461244,-0.77229124
31064000,-0.010842272,-0.019573584,-3.8759604,0.022403836,0.0016599263,-0.7695381
31072000,-0.010659001,-0.019366987,-3.881896,0.02249641,0.0019321891,-0.7669363
31080000,-0.010474396,-0.01916205,-3.887817,0.022614615,0.0022353383,-0.76452744
31088000,-0.010288732,-0.01895897,-3.8937235,0.022697223,0.0024585654,-0.7621021
31096000,-0.010089431,-0.018745933,-3.899603,0.022863591,0.0026946147,-0.7595679
31104000,-0.009888875,-0.018535208,-3.9054666,0.022978777,0.002893744,-0.75690943
31112000,-0.009687872,-0.0183266,-3.911314,0.023120565,0.0031514133,-0.7542883
31120000,-0.009485793,-0.018119916,-3.9171462,0.023247939,0.0033790858,-0.75190634
31128000,-0.009285504,-0.01790797,-3.9229383,0.02335857,0.0035925272,-0.7494875
31136000,-0.009084353,-0.017698536,-3.9287157,0.023419516,0.0037416308,-0.7468891
31144000,-0.008882848,-0.017491437,-3.9344773,0.0234442,0.0039445884,-0.7441467
31152000,-0.008680664,-0.01728638,-3.9402223,0.023569897,0.0041652154,-0.7415725
31160000,-0.008476459,-0.017062763,-3.9459338,0.023663247,0.0043660244,-0.73919713
31168000,-0.008271612,-0.01684189,-3.9516315,0.023728948,0.004498714,-0.7367797
31176000,-0.008066283,-0.016623938,-3.957315,0.023792619,0.0046374234,-0.73422796
31184000,-0.007860785,-0.01640845,-3.9629822,0.0238721,0.0048521287,-0.7314315
31192000,-0.0076311887,-0.016166389,-3.9686055,0.023944177,0.005036216,-0.7288068
31200000,-0.007401503,-0.01592748,-3.974215,0.02403383,0.005195164,-0.7264468
31208000,-0.007171842,-0.015691325,-3.9798112,0.024060242,0.0054060197,-0.7240298
31216000,-0.006942476,-0.015457763,-3.9853926,0.024109423,0.0056069023,-0.72143835
31224000,-0.0067131124,-0.015226939,-3.9909582,0.024179867,0.0057318495,-0.7187387
31232000,-0.0064745145,-0.014982062,-3.9964886,0.024267776,0.0058718733,-0.71604025
31240000,-0.0062362365,-0.014740507,-4.002004,0.024291657,0.0059764087,-0.7135794
31248000,-0.0059988163,-0.014502441,-4.007505,0.024326233,0.0060581136,-0.71111614
31256000,-0.0057620285,-0.014267853,-4.012991,0.024302702,0.006159923,-0.7084814
31264000,-0.0055200253,-0.014015436,-4.018455,0.024328522,0.0062883804,-0.7057081
31272000,-0.0052786423,-0.013766457,-4.0239024,0.02434747,0.0064191474,-0.7030273
31280000,-0.005037917,-0.013521054,-4.0293407,0.024379097,0.0065000444,-0.7005847
31288000,-0.0047976677,-0.013279202,-4.034764,0.02440817,0.0065944656,-0.6980428
31296000,-0.004559163,-0.013015526,-4.0401764,0.024368493,0.0067213494,-0.69535893
31304000,-0.004321569,-0.012755651,-4.045572,0.024359982,0.0068168207,-0.6926486
31312000,-0.004084826,-0.012499758,-4.050949,0.024368493,0.006866423,-0.6899108
31320000,-0.0038486372,-0.012247896,-4.0563097,0.024422877,0.0069200653,-0.6873552
31328000,-0.0036124622,-0.011964237,-4.0616617,0.024412433,0.0070412336,-0.6848269
31336000,-0.0033769219,-0.011684839,-4.0669966,0.024428016,0.007123323,-0.6821252
31344000,-0.0031420053,-0.011409717,-4.072313,0.024442034,0.0071969586,-0.67926335
31352000,-0.0029079355,-0.0111387195,-4.0776086,0.024398861,0.007307566,-0.67613256
31360000,-0.002688901,-0.010834577,-4.0828876,0.024411814,0.0074027944,-0.67268795
31368000,-0.002470418,-0.010535062,-4.088142,0.02436974,0.0075224643,-0.6690008
31376000,-0.0022527133,-0.010240048,-4.093368,0.024302242,0.0075822193,-0.6649306
31384000,-0.0020358867,-0.009949802,-4.0985665,0.024256753,0.007643851,-0.66058594
31392000,-0.0018400612,-0.009635835,-4.1037354,0.024173647,0.007803406,-0.6559373
31400000,-0.00164477,-0.009326347,-4.1088686,0.024114821,0.007917145,-0.6508507
31408000,-0.0014498484,-0.009021448,-4.1139617,0.024083786,0.008014203,-0.6453306
31416000,-0.0012553007,-0.008720934,-4.119012,0.02401463,0.008139213,-0.6394484
31424000,-0.0010724018,-0.008390345,-4.124015,0.024006268,0.0082278075,-0.63327724
31432000,-0.0008896297,-0.008064754,-4.12897,0.023921046,0.008335251,-0.6268408
31440000,-0.0007072843,-0.0077440934,-4.1338744,0.023847418,0.008432259,-0.6199371
31448000,-0.0005254215,-0.0074283266,-4.1387243,0.023753267,0.008496627,-0.6125891
31456000,-0.0003502924,-0.0070970054,-4.1435056,0.023645736,0.00859379,-0.60491157
31464000,-0.00017572168,-0.006770516,-4.148227,0.023505118,0.008719946,-0.5969715
31472000,-1.9220965e-06,-0.0064485776,-4.1528873,0.023397582,0.008854262,-0.588778
31480000,0.0001712038,-0.006131637,-4.157482,0.023266863,0.008849976,-0.58018035
31488000,0.00034358172,-0.0058200257,-4.16201,0.02313684,0.008879767,-0.5712258
31496000,0.0005246683,-0.0054981182,-4.1664395,0.023005432,0.009001731,-0.5619899
31504000,0.0007045183,-0.0051808045,-4.170797,0.022844484,0.009083678,-0.5524995
31512000,0.00088329497,-0.00486841,-4.175081,0.022722112,0.009137305,-0.54276085
31520000,0.0010610924,-0.004560839,-4.179288,0.022595322,0.009183937,-0.53262085
31528000,0.001229706,-0.004239338,-4.183364,0.022467056,0.009214392,-0.522065
31536000,0.001397385,-0.003922989,-4.1873584,0.022325516,0.009284323,-0.51127267
31544000,0.001564034,-0.0036115965,-4.1912694,0.022173261,0.009321912,-0.50022024
31552000,0.0017298493,-0.003304944,-4.1950955,0.022049092,0.009410912,-0.48892283
31560000,0.0018844503,-0.0029750569,-4.198757,0.021888979,0.009466042,-0.4772684
31568000,0.0020382346,-0.002650212,-4.2023306,0.021730406,0.009576782,-0.465354
31576000,0.0021910537,-0.0023306229,-4.2058125,0.021581592,0.009562338,-0.45308995
31584000,0.0023430432,-0.0020165003,-4.209207,0.021407744,0.009576339,-0.44082174
31592000,0.0024919715,-0.0016751515,-4.21242,0.021274637,0.009611349,-0.42825425
31600000,0.002640468,-0.0013392535,-4.2155385,0.02113079,0.009687181,-0.4154597
31608000,0.0027880995,-0.0010087707,-4.2185607,0.020967904,0.009725008,-0.4025613
31616000,0.0029346445,-0.0006838132,-4.221487,0.020761954,0.009775004,-0.38975462
31624000,0.0030661304,-0.00033878494,-4.224209,0.020553296,0.009827603,-0.3772582
31632000,0.0031965403,5.830446e-07,-4.2268486,0.020333089,0.009903889,-0.36521453
31640000,0.0033256675,0.0003344519,-4.229402,0.020084575,0.009946934,-0.35358205
31648000,0.0034535027,0.0006629118,-4.2318726,0.019870108,0.010000609,-0.34236023
31656000,0.003586822,0.0010047618,-4.234149,0.019637557,0.010011872,-0.3315564
31664000,0.0037185308,0.0013405824,-4.2363515,0.019380812,0.010018108,-0.32119954
31672000,0.0038490517,0.0016705507,-4.238484,0.019145958,0.010012989,-0.31136087
31680000,0.0039782,0.0019946115,-4.2405496,0.018938763,0.009995554,-0.30197164
31688000,0.004110955,0.0023346045,-4.2424355,0.018735487,0.01004639,-0.29301712
31696000,0.0042422866,0.0026688098,-4.2442646,0.018521482,0.010062139,-0.2846025
31704000,0.0043722126,0.002996973,-4.24604,0.018318657,0.010024123,-0.276517
31712000,0.004500661,0.0033190106,-4.247764,0.018089363,0.009988247,-0.2688653
31720000,0.0046256036,0.003657336,-4.2493286,0.017863529,0.009979307,-0.26158234
31728000,0.0047490275,0.003989368,-4.250851,0.01763208,0.00994098,-0.25480044
31736000,0.0048709526,0.004315005,-4.2523346,0.0174241,0.009871914,-0.24841592
31744000,0.004992264,0.00463458,-4.2537813,0.017254757,0.009868963,-0.24241616
31756000,0.0051123085,0.00494831,-4.255195,0.017045071,0.009840803,-0.23677152
31760000,0.005233289,0.005269996,-4.2564845,0.016816685,0.009784773,-0.23147348
31768000,0.005352747,0.005585621,-4.2577477,0.016595013,0.009766072,-0.2265674
31776000,0.00547069,0.0058952784,-4.258988,0.016381681,0.009692174,-0.22210667
31784000,0.0055871126,0.0061985524,-4.2602067,0.016144287,0.009590298,-0.21792927
31792000,0.0057088104,0.006498668,-4.2613215,0.015992759,0.009535109,-0.21397714
31800000,0.005829287,0.0067925043,-4.2624216,0.015819548,0.009369365,-0.2103371
31808000,0.0059491196,0.007080213,-4.2635083,0.015669953,0.009291423,-0.20703124
31816000,0.0060674846,0.007361816,-4.2645845,0.015428003,0.009133925,-0.20407777
31824000,0.0061950656,0.007636972,-4.2655888,0.015247517,0.009067364,-0.20134282
31832000,0.0063209864,0.00790688,-4.2665877,0.015033808,0.00903309,-0.19890366
31840000,0.0064450307,0.008171256,-4.2675834,0.01482267,0.008921385,-0.1968325
31848000,0.006567542,0.008429804,-4.268578,0.014662801,0.00877334,-0.19495054
31856000,0.0067027267,0.008659748,-4.2695227,0.014474947,0.008573189,-0.19338754
31864000,0.006835812,0.008883893,-4.27047,0.01421702,0.008377866,-0.19200571
31872000,0.006966531,0.009102379,-4.271423,0.014000558,0.00817147,-0.19091484
31880000,0.0070959865,0.00931546,-4.2723823,0.013812594,0.007997931,-0.19007818
31888000,0.007228571,0.009498978,-4.273309,0.013600793,0.007744019,-0.18951876
31896000,0.00735892,0.00967704,-4.274247,0.013373725,0.0074764476,-0.18914354
31908000,0.007487276,0.009849889,-4.275197,0.013217803,0.007235316,-0.18893932
31916000,0.0076140515,0.010017482,-4.2761607,0.0130587835,0.0069917133,-0.18911438
31924000,0.007752243,0.010167553,-4.2771144,0.012930741,0.0067507504,-0.18947616
31932000,0.007888652,0.0103127025,-4.2780848,0.012763721,0.006481787,-0.19001222
31940000,0.008022957,0.010452911,-4.2790747,0.012596299,0.0062023588,-0.19082016
31948000,0.008155405,0.010588151,-4.280085,0.012445522,0.0059414716,-0.19178678
31956000,0.008305712,0.010698653,-4.281088,0.012313058,0.0056628394,-0.19287254
31964000,0.008453966,0.010804464,-4.282113,0.012214312,0.005333672,-0.19398984
31972000,0.008600095,0.010905463,-4.283161,0.012021798,0.005013598,-0.19534317
31980000,0.008743807,0.01100167,-4.2842336,0.011855159,0.0046809446,-0.19689582
31988000,0.008904031,0.011078906,-4.285319,0.011693724,0.004356793,-0.19857666
31996000,0.009061799,0.0111516835,-4.2864304,0.011565566,0.003996446,-0.20035705
32004000,0.009217248,0.011219484,-4.2875686,0.011449518,0.003551711,-0.20215262
32012000,0.009370578,0.011282225,-4.2887335,0.011350482,0.0031872608,-0.20411451
32020000,0.0095219575,0.011340797,-4.2899265,0.0112664495,0.0029077823,-0.20619853
32028000,0.009690318,0.011393858,-4.29114,0.011152646,0.0026093323,-0.2084362
32036000,0.009856116,0.011442542,-4.292384,0.011027052,0.002214533,-0.2106815
32044000,0.0100195715,0.011486716,-4.2936573,0.010970034,0.0018661644,-0.21298283
32052000,0.010181012,0.011526434,-4.29496,0.010863968,0.001480747,-0.21534981
32060000,0.0103414925,0.011569507,-4.2962484,0.010768872,0.0010864738,-0.21775603
32068000,0.0104993535,0.011605142,-4.2975793,0.010739784,0.000728195,-0.22018358
32076000,0.0106546385,0.011634268,-4.29895,0.010617351,0.0003605058,-0.22260585
32084000,0.010809344,0.01165659,-4.3003793,0.010506929,-1.5829883e-05,-0.22500186
32092000,0.010962523,0.011673452,-4.301842,0.010424913,-0.00041733176,-0.22734274
32100000,0.011113513,0.01168459,-4.3033376,0.010349087,-0.0008779123,-0.22973359
32108000,0.011262164,0.01169023,-4.3048635,0.010225879,-0.0012900014,-0.2321141
32116000,0.011406197,0.011704538,-4.306432,0.010168192,-0.0016805974,-0.23449156
32124000,0.01154854,0.0117136035,-4.308028,0.010107472,-0.002135023,-0.23672257
32132000,0.011688948,0.011717359,-4.3096576,0.009966862,-0.0025154944,-0.23886512
32140000,0.011827189,0.011716665,-4.3113127,0.009844817,-0.0029010687,-0.24090637
32148000,0.011963165,0.01171116,-4.312991,0.009682456,-0.0032928772,-0.24289101
32156000,0.012098275,0.011709916,-4.3147125,0.009605812,-0.0036941422,-0.24478707
32164000,0.012232478,0.011704305,-4.3164554,0.009493048,-0.004070427,-0.24654126
32172000,0.0123647535,0.011694351,-4.3182187,0.009381918,-0.0044217836,-0.24824747
32180000,0.0124952635,0.011680085,-4.3200126,0.00929246,-0.0048146397,-0.24980146
32188000,0.012633861,0.011666324,-4.3218474,0.009199588,-0.005197395,-0.25128984
32196000,0.01277065,0.01164833,-4.3236985,0.0091242585,-0.0055568055,-0.25264207
32204000,0.012905795,0.011626015,-4.3255653,0.009045044,-0.005963111,-0.25395444
32212000,0.0130388625,0.011599159,-4.3274465,0.008908154,-0.006373558,-0.25508162
32220000,0.013171663,0.011569349,-4.329366,0.008872998,-0.006730725,-0.25611243
32228000,0.013303759,0.011536067,-4.3313093,0.008765547,-0.007044721,-0.25699237
32236000,0.013434105,0.011499069,-4.333262,0.008718205,-0.0073904623,-0.25778243
32244000,0.013563138,0.011458184,-4.3352246,0.008684799,-0.0077378564,-0.25850016
32252000,0.013701238,0.01141109,-4.337215,0.008625724,-0.00809527,-0.25908628
32260000,0.013837769,0.011360505,-4.339212,0.008583395,-0.008377138,-0.25954777
32268000,0.013972816,0.011306667,-4.341215,0.008562166,-0.008690632,-0.25998005
32276000,0.01410626,0.0112492945,-4.343224,0.008467161,-0.009030393,-0.26028383
32284000,0.014265002,0.011191436,-4.345266,0.0083933715,-0.009384322,-0.26049167
32292000,0.014421504,0.0111299595,-4.3473105,0.008321593,-0.009715918,-0.26065955
32300000,0.014576428,0.011065411,-4.3493586,0.00822686,-0.010024695,-0.2607879
32308000,0.014729055,0.0109977145,-4.351409,0.0081500355,-0.010304523,-0.26078236
32316000,0.014892106,0.010931991,-4.353486,0.008111509,-0.010582328,-0.2607223
32324000,0.015052907,0.010863059,-4.355564,0.008036372,-0.010881185,-0.26056015
32332000,0.015211022,0.010790729,-4.357641,0.007907017,-0.011199621,-0.260321
32340000,0.015366581,0.010715187,-4.3597174,0.007852179,-0.011482845,-0.26008576
32348000,0.0155352475,0.01064924,-4.3618116,0.007794967,-0.011785754,-0.25977764
32356000,0.015701199,0.010579786,-4.363903,0.007688638,-0.012092359,-0.25936985
32364000,0.01586451,0.010507054,-4.3659916,0.0076432345,-0.012351242,-0.25897506
32372000,0.016026512,0.010431507,-4.3680778,0.007605326,-0.012637857,-0.25848457
32380000,0.016201602,0.010364555,-4.370165,0.007533321,-0.012870768,-0.25793278
32388000,0.01637393,0.010294479,-4.372248,0.007480711,-0.013127728,-0.2573416
32396000,0.016543653,0.01022119,-4.3743267,0.007411925,-0.013380345,-0.25668848
32404000,0.016710537,0.010144693,-4.3764005,0.007306926,-0.01364826,-0.25603428
32412000,0.016874751,0.010065014,-4.3784685,0.007271189,-0.013888645,-0.25524196
32420000,0.017064925,0.009980494,-4.380537,0.0072610397,-0.014165169,-0.25450027
32428000,0.017252367,0.009893062,-4.3826,0.0072398945,-0.0143742645,-0.25370196
32436000,0.017436735,0.009802947,-4.384656,0.0071530044,-0.014597846,-0.2529008
32444000,0.017618837,0.009710239,-4.386706,0.0070664417,-0.014854874,-0.2520218
32452000,0.017835036,0.009619221,-4.3887396,0.0070475833,-0.015008947,-0.25107694
32460000,0.018048026,0.009525897,-4.3907666,0.007055136,-0.015168737,-0.2501537
32468000,0.018257715,0.009430424,-4.392786,0.007031666,-0.015306348,-0.24924152
32476000,0.018464556,0.009332967,-4.3947988,0.007084071,-0.0154527575,-0.24829999
32484000,0.018705225,0.009236814,-4.3967915,0.0070827347,-0.015659396,-0.24726439
32492000,0.018942172,0.009138218,-4.3987765,0.0070896223,-0.015855938,-0.24627146
32500000,0.019175233,0.009036999,-4.4007545,0.0070361793,-0.016054882,-0.24523064
32508000,0.019405544,0.008933974,-4.4027243,0.007110586,-0.016176537,-0.24417047
32516000,0.019650528,0.008835278,-4.4046535,0.0070935334,-0.016382923,-0.24309775
32524000,0.019891465,0.008734047,-4.4065757,0.0070802933,-0.016563106,-0.24201292
32532000,0.020128405,0.008630595,-4.40849,0.0070086964,-0.0167184,-0.24091154
32540000,0.02036104,0.008524743,-4.4103975,0.006933473,-0.016870894,-0.2398126
32548000,0.0206024,0.00841784,-4.4122653,0.006844445,-0.016989723,-0.23873575
32556000,0.020839378,0.008308873,-4.4141264,0.0067799264,-0.017149255,-0.23767482
32564000,0.02107196,0.008197655,-4.4159813,0.006671153,-0.017315507,-0.23654784
32572000,0.021300158,0.00808443,-4.4178286,0.0066061695,-0.01743719,-0.23538683
32580000,0.021539053,0.007964603,-4.4196553,0.0065890453,-0.01760639,-0.23421486
32588000,0.02177402,0.007842938,-4.421475,0.006580724,-0.017736053,-0.23308805
32596000,0.022004874,0.0077195633,-4.423288,0.0064906315,-0.017848676,-0.2319669
32604000,0.022231376,0.007594436,-4.4250937,0.006410884,-0.017998762,-0.23080432
32612000,0.022472676,0.0074657006,-4.4268804,0.0063850763,-0.018094456,-0.22961889
32620000,0.022709768,0.0073358463,-4.4286604,0.006357806,-0.018159352,-0.22849873
32628000,0.022942612,0.007204516,-4.4304338,0.0062730866,-0.018306848,-0.22738397
32636000,0.02317082,0.007071236,-4.4322004,0.0061598006,-0.018476939,-0.22621298
32644000,0.023414638,0.006942282,-4.433953,0.006056434,-0.018562695,-0.22506233
32652000,0.02365412,0.0068120486,-4.435698,0.005962811,-0.01868301,-0.22391422
32660000,0.023888808,0.0066800043,-4.437436,0.005870488,-0.018838279,-0.22280365
32668000,0.024119053,0.0065463022,-4.4391675,0.0058276113,-0.018933771,-0.22165096
32676000,0.02434479,0.006411445,-4.4408917,0.005722864,-0.018969791,-0.22054577
32684000,0.024580661,0.00629165,-4.4426074,0.005625073,-0.019056775,-0.21944836
32692000,0.02481173,0.006170211,-4.4443164,0.00553912,-0.019141065,-0.21833386
32700000,0.025037833,0.0060471767,-4.446018,0.005412204,-0.019253401,-0.21727042
32708000,0.025259303,0.005922227,-4.4477134,0.005340659,-0.019360876,-0.21612774
32716000,0.025480958,0.005810279,-4.4494085,0.0052419733,-0.019413285,-0.21505372
32724000,0.025698565,0.00569671,-4.4510965,0.005169567,-0.019487303,-0.21394476
32732000,0.025911778,0.0055816188,-4.452797,0.005071324,-0.019537132,-0.21291146
32740000,0.026119934,0.005464954,-4.4544907,0.0048697125,-0.019612623,-0.21193919
32748000,0.026349422,0.005366953,-4.4561906,0.0047195796,-0.019613307,-0.21091357
32756000,0.026573548,0.005267504,-4.457883,0.0045828745,-0.019638062,-0.20987885
32764000,0.026792362,0.0051667267,-4.4595675,0.004436595,-0.01960905,-0.20879567
32772000,0.027006123,0.0050648074,-4.461244,0.004325021,-0.019596888,-0.20772149
32780000,0.027235102,0.0049940967,-4.462923,0.0042430907,-0.019558676,-0.20670551
32788000,0.027459381,0.0049216175,-4.4645944,0.0040932246,-0.01956442,-0.20572786
32796000,0.02767783,0.004847227,-4.466258,0.0038769,-0.019575538,-0.20467551
32804000,0.02789072,0.0047711227,-4.4679136,0.0037251026,-0.019549625,-0.20362502
32812000,0.028121121,0.004709544,-4.469557,0.003657657,-0.019491328,-0.20256522
32820000,0.028346246,0.004646594,-4.4711924,0.0035228673,-0.019398423,-0.20156662
32828000,0.0285658,0.0045822975,-4.472831,0.0033708331,-0.019365925,-0.20059282
32836000,0.028779922,0.004516166,-4.4744616,0.0032369622,-0.019347029,-0.19954638
32844000,0.029018532,0.004454067,-4.4760685,0.0031193248,-0.019297885,-0.1985017
32852000,0.02925124,0.0043903855,-4.4776673,0.002961769,-0.019261893,-0.19741109
32860000,0.029478846,0.004325133,-4.4792585,0.0028616744,-0.0192067,-0.1963961
32868000,0.029701017,0.0042584776,-4.480842,0.0027610317,-0.019172188,-0.19536427
32876000,0.0299285,0.004196461,-4.4824033,0.0026118793,-0.019125834,-0.19430237
32884000,0.03015015,0.0041331495,-4.4839563,0.0024765108,-0.019043025,-0.19324957
32892000,0.03036615,0.0040686615,-4.4855027,0.0023203786,-0.018968076,-0.19223043
32900000,0.030576635,0.004003043,-4.4870415,0.0021995278,-0.018910475,-0.1912536
32908000,0.030792978,0.0039366144,-4.4885597,0.002097693,-0.018835733,-0.19027048
32916000,0.031003924,0.0038689706,-4.4900703,0.0019582512,-0.018806402,-0.18924072
32924000,0.031209575,0.003800134,-4.491575,0.0018628702,-0.01873706,-0.18827415
32932000,0.031410515,0.0037299402,-4.493078,0.0016779068,-0.01869829,-0.18730311
32940000,0.03160613,0.003658451,-4.494575,0.0015801764,-0.018675044,-0.18630618
32948000,0.031808298,0.0035899058,-4.496054,0.0014331122,-0.018610882,-0.18532023
32956000,0.032005273,0.0035203667,-4.497526,0.0013163381,-0.01852483,-0.18428938
32964000,0.032197043,0.0034498284,-4.4989915,0.0011618119,-0.018462278,-0.1833137
32972000,0.03238359,0.0033781845,-4.50045,0.0010016279,-0.018395914,-0.18233183
32980000,0.03257635,0.0032988843,-4.5018916,0.0009049092,-0.018316906,-0.18137129
32988000,0.03276416,0.0032189125,-4.5033264,0.00077350467,-0.018232716,-0.1803612
32996000,0.032946777,0.0031381054,-4.5047545,0.0005781492,-0.018161241,-0.17938897
33004000,0.033124387,0.0030564524,-4.506176,0.0003885109,-0.018076366,-0.17842221
33012000,0.033315256,0.0029885601,-4.50757,0.0002922783,-0.018053565,-0.17738642
33020000,0.033501174,0.0029195838,-4.508957,0.0001612198,-0.017954174,-0.17645091
33028000,0.033681538,0.0028494445,-4.5103383,-6.0734055e-05,-0.01793372,-0.17554775
33036000,0.033856504,0.002777846,-4.5117135,-0.00022045654,-0.01790457,-0.1745513
33044000,0.03404198,0.0027130852,-4.5130596,-0.0003780997,-0.017787138,-0.17364842
33052000,0.034222133,0.0026473315,-4.5144,-0.00050606095,-0.017715717,-0.17265737
33060000,0.034397397,0.002580474,-4.5157347,-0.0006344393,-0.017662328,-0.17177022
33068000,0.034567658,0.0025120196,-4.517064,-0.0008967094,-0.017621255,-0.17084894
33076000,0.034749895,0.0024394845,-4.51836,-0.0010951377,-0.01761402,-0.16994646
33084000,0.034926515,0.0023658408,-4.519651,-0.0012620606,-0.017516157,-0.16902523
33092000,0.035097875,0.0022915336,-4.5209374,-0.0014072863,-0.017405085,-0.16816717
33100000,0.035264123,0.0022163151,-4.522219,-0.0015314767,-0.017336303,-0.1672867
33108000,0.035431087,0.002129361,-4.5234723,-0.0017267857,-0.01723663,-0.16639136
33116000,0.035592746,0.0020415513,-4.5247207,-0.0018730283,-0.017224174,-0.1654696
33124000,0.035749387,0.0019527777,-4.525965,-0.0020379953,-0.01717613,-0.16456136
33132000,0.03590099,0.0018630751,-4.527205,-0.0021902472,-0.01715419,-0.16370702
33140000,0.03605047,0.0017602282,-4.528411,-0.0024257551,-0.017112767,-0.16286117
33148000,0.03619501,0.0016567304,-4.529614,-0.0025357779,-0.017095618,-0.1620042
33156000,0.036334958,0.0015523854,-4.530813,-0.0027046108,-0.017096201,-0.16114935
33164000,0.036469888,0.0014472458,-4.5320086,-0.0029250295,-0.017065361,-0.16029733
33172000,0.036604136,0.0013335891,-4.5331736,-0.0031431043,-0.017092407,-0.15951534
33180000,0.036733404,0.0012190831,-4.5343366,-0.0033309662,-0.017090594,-0.1587544
33188000,0.03685791,0.0011038643,-4.5354967,-0.00351413,-0.017082632,-0.15795766
33196000,0.036977824,0.0009878232,-4.5366545,-0.0036899974,-0.017096356,-0.15722555
33204000,0.037092917,0.00087115733,-4.5378094,-0.003907145,-0.017074894,-0.15647312
33212000,0.037199393,0.00073528045,-4.53894,-0.0040457314,-0.017115701,-0.15574224
33220000,0.037301466,0.00059892976,-4.5400686,-0.004280249,-0.01711177,-0.15500587
33228000,0.037399158,0.00046214144,-4.5412126,-0.004440597,-0.017138915,-0.15426408
33236000,0.037492804,0.00032501572,-4.5423536,-0.0046174256,-0.017094469,-0.15353186
33244000,0.037575465,0.00014439889,-4.5434623,-0.004836311,-0.01708173,-0.15272827
33252000,0.03765407,-3.5818164e-05,-4.544568,-0.005022192,-0.0171302,-0.1519948
33260000,0.03772881,-0.0002158814,-4.5456715,-0.005220502,-0.017172674,-0.1512173
33268000,0.037799306,-0.00039583462,-4.546772,-0.0054826913,-0.01720647,-0.15049772
33276000,0.037851036,-0.00061570335,-4.547846,-0.0057349517,-0.017306289,-0.14982952
33284000,0.03789952,-0.0008355435,-4.5489316,-0.0059577753,-0.01743827,-0.14913145
33292000,0.037944436,-0.001055063,-4.550015,-0.0061617712,-0.017514395,-0.14846687
33300000,0.03798579,-0.0012739454,-4.5510964,-0.0063938014,-0.017585333,-0.14781673
33308000,0.038005527,-0.0015292218,-4.552147,-0.006674941,-0.01773445,-0.14712286
33316000,0.03802217,-0.0017839252,-4.553196,-0.0068454496,-0.0178903,-0.14642282
33324000,0.038035776,-0.0020379974,-4.5542436,-0.007089546,-0.018024743,-0.14575051
33332000,0.038046308,-0.0022911956,-4.5552893,-0.007284391,-0.018118348,-0.14505018
33340000,0.038035646,-0.00255698,-4.5563073,-0.007492858,-0.018257434,-0.14441131
33348000,0.0380231,-0.002822222,-4.5573244,-0.007713504,-0.018405776,-0.14383517
33356000,0.038007934,-0.0030869942,-4.558341,-0.007934346,-0.018567946,-0.14321566
33364000,0.037990186,-0.0033508872,-4.559356,-0.0081208125,-0.018671393,-0.14257257
33372000,0.03794731,-0.0036274903,-4.560353,-0.008361155,-0.018745955,-0.14192688
33380000,0.037902135,-0.0039026637,-4.5613594,-0.008602469,-0.018821437,-0.14134243
33388000,0.037854824,-0.0041766595,-4.562365,-0.008806285,-0.01892329,-0.14080822
33396000,0.03780526,-0.0044494146,-4.5633707,-0.009097743,-0.018989775,-0.14026026
33404000,0.037731495,-0.0047312225,-4.564373,-0.009396834,-0.019086765,-0.13967909
33412000,0.037655544,-0.005011818,-4.5653744,-0.009674566,-0.019167347,-0.13912588
33420000,0.037578188,-0.0052913907,-4.566375,-0.009944011,-0.019249434,-0.1386231
33428000,0.037498616,-0.0055696755,-4.567374,-0.010243303,-0.019308459,-0.13800472
33436000,0.037410036,-0.00584639,-4.5683637,-0.010568262,-0.01938452,-0.13748132
33444000,0.037318997,-0.0061218976,-4.569352,-0.010877463,-0.019442787,-0.13690914
33452000,0.037225846,-0.0063963635,-4.570339,-0.011170146,-0.019564541,-0.13636316
33460000,0.03713051,-0.0066697756,-4.571326,-0.0114480695,-0.019615661,-0.13582318
33468000,0.037032988,-0.0069419453,-4.572311,-0.011730445,-0.019667877,-0.13527712
33476000,0.0369304,-0.0072135055,-4.573279,-0.01203177,-0.01973423,-0.13477431
33484000,0.03682563,-0.00748393,-4.574247,-0.012298668,-0.019783923,-0.13423908
33492000,0.036719766,-0.007753523,-4.5752134,-0.012531279,-0.019850513,-0.13373938
33500000,0.036612056,-0.0080218855,-4.57618,-0.0127927195,-0.01986319,-0.1333061
33508000,0.03649649,-0.008301007,-4.577133,-0.013066567,-0.019900542,-0.13279498
33516000,0.03637918,-0.008578659,-4.578086,-0.013292321,-0.019940425,-0.1323071
33524000,0.03626022,-0.008854962,-4.5790377,-0.01355542,-0.020004174,-0.13174036
33532000,0.036139388,-0.009129777,-4.579996,-0.013823288,-0.020011052,-0.13125552
33540000,0.03601443,-0.009422443,-4.5809402,-0.014087683,-0.02002505,-0.1308424
33548000,0.035887964,-0.00971293,-4.581884,-0.014306509,-0.020011887,-0.13036057
33556000,0.03575992,-0.0100015,-4.582827,-0.014551151,-0.020054426,-0.12982318
33564000,0.035630856,-0.010288546,-4.583769,-0.0147720445,-0.020041946,-0.12931043
33572000,0.03549649,-0.010600675,-4.5847015,-0.015007982,-0.020043496,-0.12882954
33580000,0.035360646,-0.010910402,-4.5856338,-0.015269743,-0.02008352,-0.12836212
33588000,0.03522293,-0.011218034,-4.5865655,-0.015537592,-0.020134855,-0.1278793
33596000,0.03508369,-0.011523591,-4.5874963,-0.015752766,-0.020181268,-0.12740175
33604000,0.03493647,-0.011857039,-4.5884137,-0.015984533,-0.020227108,-0.12691213
33612000,0.034788076,-0.0121877855,-4.58933,-0.016164856,-0.020266438,-0.12639168
33624000,0.0346388,-0.012515794,-4.5902457,-0.016336834,-0.020270148,-0.12588097
33632000,0.034489114,-0.012841492,-4.5911765,-0.016537653,-0.020320257,-0.12543608
33640000,0.034323264,-0.013177997,-4.59209,-0.016752796,-0.020318212,-0.124992035
33648000,0.034156624,-0.01351171,-4.593003,-0.016955381,-0.020394754,-0.124393836
33656000,0.03398911,-0.013842976,-4.593913,-0.017160008,-0.020443631,-0.12382304
33664000,0.033820726,-0.014171438,-4.594822,-0.017386332,-0.020423697,-0.12324173
33672000,0.033633847,-0.014492178,-4.595715,-0.017661678,-0.02034274,-0.122650005
33680000,0.033446174,-0.014809782,-4.596607,-0.01787483,-0.02033043,-0.12227044
33688000,0.033258043,-0.015124636,-4.5975,-0.018052941,-0.020310936,-0.12198934
33696000,0.033069395,-0.015436658,-4.598393,-0.018260038,-0.020281311,-0.12160549
33704000,0.03287377,-0.015730375,-4.599265,-0.018474594,-0.020197656,-0.12110749
33712000,0.032677833,-0.01602125,-4.600136,-0.018637257,-0.020116303,-0.12047806
33720000,0.032481518,-0.01630929,-4.601005,-0.018831942,-0.02002857,-0.11997965
33728000,0.032285046,-0.0165946,-4.601874,-0.01895786,-0.019965744,-0.11945881
33736000,0.032088492,-0.016877344,-4.6027412,-0.0191021,-0.019893665,-0.11898131
33744000,0.03188699,-0.017139267,-4.6035905,-0.019282155,-0.019820835,-0.118487895
33752000,0.031685125,-0.017399043,-4.6044393,-0.019466382,-0.01975533,-0.11797339
33760000,0.0314828,-0.01765648,-4.6052876,-0.019641137,-0.019624867,-0.117577195
33768000,0.031280085,-0.017911343,-4.606136,-0.019822204,-0.01952922,-0.11721371
33776000,0.031063354,-0.018132212,-4.606968,-0.020032808,-0.019360185,-0.11676553
33784000,0.030846369,-0.018350912,-4.6078,-0.02020197,-0.019211294,-0.11630185
33792000,0.030629087,-0.01856738,-4.608631,-0.020399896,-0.01901677,-0.11584103
33800000,0.03041131,-0.018781487,-4.6094627,-0.02061046,-0.018894183,-0.115445934
33808000,0.03017193,-0.018976333,-4.61029,-0.020791285,-0.018750403,-0.11500191
33816000,0.02993268,-0.01916914,-4.611117,-0.020972572,-0.01854055,-0.114537805
33824000,0.029693436,-0.019359844,-4.6119437,-0.021158678,-0.018372186,-0.11415383
33832000,0.029454133,-0.01954823,-4.6127715,-0.021348042,-0.018126834,-0.1137371
33840000,0.0291971,-0.019710358,-4.6135917,-0.021486565,-0.017973961,-0.11336582
33848000,0.02894059,-0.019871324,-4.6144123,-0.02169908,-0.017735448,-0.11297919
33856000,0.028684264,-0.020029917,-4.6152325,-0.021861028,-0.017446274,-0.11261984
33864000,0.02842832,-0.020186288,-4.6160526,-0.022014577,-0.01720971,-0.11221562
33872000,0.028154628,-0.02032861,-4.6168747,-0.022186425,-0.016904607,-0.111762546
33880000,0.027881434,-0.020468842,-4.6176963,-0.022374686,-0.016690465,-0.11134743
33888000,0.027608471,-0.020607304,-4.61852,-0.02258638,-0.016443988,-0.11095559
33896000,0.027335895,-0.020743908,-4.619343,-0.022741433,-0.016216278,-0.110558376
33904000,0.027042115,-0.020872466,-4.62017,-0.022935946,-0.015904827,-0.11010181
33912000,0.026748894,-0.020999152,-4.6209955,-0.023147762,-0.015586127,-0.10967906
33920000,0.026456296,-0.021123443,-4.6218204,-0.023289679,-0.015311607,-0.10934848
33928000,0.026164621,-0.021245522,-4.622645,-0.02345208,-0.015014644,-0.10898057
33936000,0.025864087,-0.021352429,-4.6234756,-0.023602748,-0.014706842,-0.10859219
33944000,0.02556461,-0.021457143,-4.6243057,-0.023728937,-0.0144065535,-0.10823403
33952000,0.025265984,-0.02155969,-4.625134,-0.023922205,-0.014103945,-0.10784943
33960000,0.02496792,-0.02166004,-4.625962,-0.024063937,-0.013796722,-0.10755244
33968000,0.024666972,-0.021746205,-4.6267962,-0.024218176,-0.013470592,-0.10721784
33976000,0.024366766,-0.021830244,-4.6276293,-0.02434556,-0.013159472,-0.10681047
33984000,0.024067169,-0.021912966,-4.628464,-0.02452184,-0.012891595,-0.106431864
33992000,0.023767767,-0.0219938,-4.6292973,-0.024733057,-0.012582986,-0.105973005
34000000,0.02346901,-0.022072809,-4.630128,-0.02481584,-0.012341039,-0.105614446
34008000,0.023175519,-0.022135695,-4.630965,-0.02482664,-0.012012218,-0.10526461
34016000,0.022883324,-0.022196826,-4.6318,-0.024884854,-0.011743041,-0.10487397
34024000,0.02259218,-0.022256533,-4.632633,-0.02494242,-0.011474853,-0.104492486
34032000,0.022302203,-0.022314448,-4.6334662,-0.024994085,-0.0111271385,-0.104023024
34040000,0.022020565,-0.022366226,-4.634301,-0.025120426,-0.010782316,-0.10360846
34048000,0.021739451,-0.02241614,-4.6351337,-0.025160115,-0.010490417,-0.103226595
34056000,0.021459008,-0.022464965,-4.635964,-0.025206992,-0.0102177095,-0.10282435
34064000,0.021179529,-0.022512238,-4.636791,-0.025223495,-0.009926386,-0.10236291
34072000,0.020900318,-0.022570519,-4.637614,-0.025274014,-0.009655423,-0.10186426
34080000,0.02062175,-0.022626704,-4.6384335,-0.025337435,-0.009333873,-0.10142547
34088000,0.020344062,-0.022681061,-4.6392565,-0.02535208,-0.009087623,-0.10103983
34096000,0.02006725,-0.022733485,-4.640077,-0.02537772,-0.008761995,-0.10063084
34104000,0.019789513,-0.02279494,-4.640898,-0.025379084,-0.008466912,-0.10015915
34112000,0.019512665,-0.022854414,-4.641716,-0.025431134,-0.0082212845,-0.099701844
34120000,0.019236548,-0.022911688,-4.642531,-0.025450397,-0.007916899,-0.0992765
34128000,0.018960966,-0.02296717,-4.6433425,-0.025487907,-0.007607135,-0.09888187
34136000,0.018690102,-0.023031842,-4.6441593,-0.025475647,-0.007284472,-0.09839525
34144000,0.01842043,-0.023094336,-4.644972,-0.025462443,-0.007076644,-0.09785085
34152000,0.018151646,-0.023154816,-4.64578,-0.025484754,-0.006811893,-0.09733583
34160000,0.017883671,-0.023212997,-4.646585,-0.02549903,-0.0065228064,-0.09693093
34168000,0.017606514,-0.02327846,-4.647371,-0.025510656,-0.0061564315,-0.09657769
34176000,0.017330486,-0.023340952,-4.6481543,-0.025519082,-0.0058528804,-0.09614605
34184000,0.017055403,-0.02340097,-4.648953,-0.025539288,-0.0056167087,-0.09572561
34192000,0.016781047,-0.023459211,-4.6497483,-0.025505284,-0.0053670486,-0.09524096
34200000,0.016498884,-0.023527006,-4.6505265,-0.025499707,-0.0052070464,-0.09483311
34208000,0.016217973,-0.023593089,-4.651302,-0.025501778,-0.0050343703,-0.09450669
34216000,0.015938444,-0.023657057,-4.6520753,-0.025470978,-0.0047933175,-0.09406848
34224000,0.015660483,-0.02371883,-4.6528444,-0.025431426,-0.004587354,-0.093528844
34232000,0.0153811695,-0.02379296,-4.653613,-0.025419561,-0.004329769,-0.09302529
34240000,0.015103402,-0.023864582,-4.6543784,-0.025375891,-0.0041376324,-0.09255673
34248000,0.014827204,-0.023933902,-4.65514,-0.025330897,-0.0039172745,-0.09210307
34256000,0.014552813,-0.024000948,-4.655898,-0.02522976,-0.0037311816,-0.09169522
34264000,0.01427967,-0.024066009,-4.6566534,-0.02519257,-0.003498815,-0.091246665
34272000,0.01399956,-0.024152976,-4.6574078,-0.025104651,-0.0033215634,-0.090731256
34280000,0.013721681,-0.02423729,-4.6581583,-0.024997886,-0.003093391,-0.09024293
34288000,0.013445779,-0.024318486,-4.658916,-0.0249038,-0.0028347005,-0.08987012
34296000,0.013172286,-0.024397066,-4.6596694,-0.024759563,-0.0026683721,-0.08942016
34304000,0.0128929345,-0.024495056,-4.6604176,-0.024719229,-0.002535902,-0.08897669
34312000,0.012615151,-0.024590524,-4.661161,-0.024728417,-0.002364076,-0.08847599
34320000,0.01233888,-0.024683313,-4.661901,-0.02465429,-0.0022151077,-0.08808639
34328000,0.012064617,-0.024773581,-4.662638,-0.02457921,-0.002060042,-0.087745994
34336000,0.011794418,-0.024873251,-4.6633797,-0.024498256,-0.0019520334,-0.08736801
34344000,0.011525938,-0.024970517,-4.6641173,-0.024419906,-0.0018156102,-0.08684567
34352000,0.011259241,-0.025065325,-4.6648498,-0.024380777,-0.0016928002,-0.08629624
34360000,0.010994135,-0.025157636,-4.665579,-0.024270788,-0.0015426995,-0.08591191
34368000,0.010725718,-0.025258237,-4.6662993,-0.024117656,-0.0014267883,-0.08554484
34376000,0.010459455,-0.025356345,-4.6670165,-0.024020659,-0.0013073379,-0.08510716
34384000,0.010195282,-0.025452148,-4.667735,-0.023911543,-0.0012185203,-0.08464745
34392000,0.009932821,-0.025545666,-4.6684494,-0.023880599,-0.0011045017,-0.08410757
34400000,0.009671425,-0.025650669,-4.6691465,-0.023775578,-0.0009668316,-0.08364353
34408000,0.009411566,-0.025753058,-4.6698403,-0.023635313,-0.000857979,-0.08321182
34416000,0.009153737,-0.025852941,-4.670531,-0.023551894,-0.0007306404,-0.08281953
34424000,0.00889758,-0.025950354,-4.6712174,-0.023483591,-0.0006444625,-0.08233988
34432000,0.0086486405,-0.02604976,-4.67187,-0.023307785,-0.0005438179,-0.08183814
34440000,0.008402014,-0.026146794,-4.6725197,-0.023132814,-0.0004357535,-0.08143333
34448000,0.008157946,-0.02624115,-4.6731668,-0.022925248,-0.00028517417,-0.08100697
34456000,0.007916061,-0.026332924,-4.6738114,-0.02280797,-0.00017894182,-0.080605015
34464000,0.0076709925,-0.026427126,-4.6744304,-0.022649856,-0.00011932155,-0.08011247
34472000,0.0074275807,-0.026519045,-4.6750464,-0.022479793,1.4642283e-06,-0.07959225
34480000,0.007186714,-0.026608625,-4.67566,-0.022282569,7.304365e-05,-0.0791753
34488000,0.006948503,-0.026695913,-4.676281,-0.02208166,0.0001723596,-0.078810506
34496000,0.006699048,-0.026794428,-4.676887,-0.02188728,0.00030719282,-0.07836873
34504000,0.006452243,-0.026889943,-4.67749,-0.021738365,0.00043934747,-0.07790274
34512000,0.0062082335,-0.026982721,-4.678091,-0.02151117,0.0005672227,-0.07747812
34520000,0.0059669344,-0.027072795,-4.6786895,-0.021370063,0.0006725648,-0.077035196
34528000,0.005728087,-0.027160559,-4.6792865,-0.021204498,0.00072650035,-0.07672831
34536000,0.0054777786,-0.027251378,-4.6798754,-0.021041274,0.0008099171,-0.07635793
34544000,0.0052296156,-0.02733978,-4.6804624,-0.020863362,0.0008745446,-0.075973935
34552000,0.0049844687,-0.027425544,-4.6810474,-0.02065361,0.0010522378,-0.07554417
34560000,0.0047426135,-0.027508207,-4.6816306,-0.020433327,0.0011865689,-0.07524592
34568000,0.0044835135,-0.027595872,-4.6821985,-0.020304618,0.0013038462,-0.074994616
34576000,0.0042274874,-0.027680768,-4.682765,-0.020129755,0.0014253577,-0.07460937
34584000,0.003974593,-0.027762705,-4.6833363,-0.01997334,0.0015938535,-0.074211404
34592000,0.0037250076,-0.02784153,-4.6839056,-0.019739795,0.0017503162,-0.07379607
34600000,0.0034668907,-0.027931249,-4.6844583,-0.019552346,0.0019030839,-0.07344037
34608000,0.0032118426,-0.028017769,-4.6850095,-0.01945499,0.0020057596,-0.073173895
34616000,0.002958873,-0.028101465,-4.68556,-0.01929037,0.0021228835,-0.072856724
34624000,0.0027091024,-0.028182458,-4.6861095,-0.019145658,0.0021840765,-0.072433814
34632000,0.0024438582,-0.028275747,-4.6866474,-0.019015374,0.00227359,-0.07201581
34640000,0.002181643,-0.028366247,-4.6871843,-0.018906077,0.0023384,-0.07168179
34648000,0.0019227561,-0.02845398,-4.6877203,-0.018751094,0.0023993822,-0.07141606
34656000,0.0016673119,-0.028539125,-4.6882553,-0.018551478,0.0024576727,-0.07103513
34664000,0.001398388,-0.028631799,-4.688784,-0.018393168,0.0025411427,-0.07068492
34672000,0.001133194,-0.028721329,-4.689311,-0.018212188,0.0026525115,-0.07025905
34680000,0.00087202457,-0.028807722,-4.6898365,-0.017996877,0.0027400267,-0.069911115
34688000,0.0006138753,-0.02889121,-4.690361,-0.017839916,0.0027980811,-0.0695884
34696000,0.00037013314,-0.02899523,-4.690879,-0.017677141,0.0028303505,-0.069261335
34704000,0.00012989891,-0.02909619,-4.691395,-0.017478468,0.0029156036,-0.06886356
34712000,-0.00010693193,-0.029193753,-4.6919093,-0.017316744,0.0029874726,-0.06846241
34720000,-0.00034058632,-0.029288005,-4.6924224,-0.017162984,0.0031253605,-0.06815514
34728000,-0.0005504117,-0.029386481,-4.6929274,-0.016910858,0.003192274,-0.067909285
34736000,-0.00075675576,-0.029481592,-4.693441,-0.016666805,0.0032893047,-0.06759546
34744000,-0.0009595701,-0.029573249,-4.6939526,-0.016385926,0.0034161091,-0.06727908
34752000,-0.0011598349,-0.029661328,-4.6944633,-0.01616864,0.0035072728,-0.066970594
34760000,-0.001341543,-0.02976037,-4.6949744,-0.01586763,0.0036058251,-0.066747636
34768000,-0.001520021,-0.029855764,-4.695485,-0.015628327,0.0036977734,-0.066533424
34776000,-0.0016954639,-0.029947734,-4.6959944,-0.015347083,0.0037872242,-0.06626435
34784000,-0.0018676296,-0.030036245,-4.69651,-0.015070941,0.003883747,-0.0659359
34792000,-0.002036575,-0.030121537,-4.6970224,-0.01479276,0.0039369524,-0.06558546
34800000,-0.0021953376,-0.030226467,-4.697536,-0.014526055,0.0039618313,-0.06530667
34808000,-0.0023512898,-0.03032794,-4.6980486,-0.014303895,0.0040381486,-0.06511542
34816000,-0.0025045103,-0.03042605,-4.6985598,-0.014034831,0.0040678657,-0.06486616
34824000,-0.002655237,-0.03052089,-4.6990695,-0.013718371,0.004105154,-0.06462407
34832000,-0.002785992,-0.030636271,-4.6995745,-0.013448497,0.00417054,-0.06433508
34840000,-0.0029140778,-0.030747589,-4.700078,-0.013175865,0.0043197353,-0.06409451
34848000,-0.0030393277,-0.030854702,-4.70058,-0.012865521,0.004397463,-0.06388269
34856000,-0.0031615512,-0.03095811,-4.7010818,-0.012563157,0.004467299,-0.0636416
34864000,-0.003268636,-0.03107936,-4.701572,-0.012227604,0.0045831846,-0.063306615
34872000,-0.00337281,-0.031196238,-4.7020607,-0.011918784,0.0046688206,-0.06291373
34880000,-0.0034744514,-0.031309232,-4.7025476,-0.011643315,0.0047164755,-0.06266745
34888000,-0.0035736572,-0.031418428,-4.703046,-0.011368295,0.0047936128,-0.062433485
34896000,-0.003661829,-0.031544976,-4.703534,-0.011095774,0.00487051,-0.062158477
34904000,-0.003748149,-0.031667385,-4.704021,-0.010880941,0.0049198885,-0.061831195
34912000,-0.0038325717,-0.031785924,-4.7045054,-0.010644093,0.0049624615,-0.06149274
34920000,-0.003914854,-0.031900704,-4.7049885,-0.010357009,0.005011633,-0.06123383
34928000,-0.003975892,-0.03202481,-4.705474,-0.010020552,0.005107179,-0.06100498
34936000,-0.004034552,-0.03214479,-4.7059646,-0.009658289,0.0051500243,-0.06072103
34944000,-0.00409072,-0.03226065,-4.706453,-0.009323176,0.0052659293,-0.06042478
34952000,-0.0041447137,-0.03237243,-4.706939,-0.009007069,0.0053159143,-0.060102604
34960000,-0.004180772,-0.03248977,-4.707426,-0.008657793,0.005396589,-0.059887104
34968000,-0.004216007,-0.03260271,-4.707912,-0.008406474,0.005472483,-0.05968493
34976000,-0.0042498307,-0.032711755,-4.7083964,-0.008103878,0.005542439,-0.059482235
34984000,-0.0042817025,-0.032816816,-4.708879,-0.0077750445,0.0056324154,-0.059186477
34992000,-0.0043187495,-0.03291951,-4.7093596,-0.0075134896,0.0057398775,-0.05885431
35000000,-0.004354463,-0.033018336,-4.7098384,-0.007279138,0.0057962304,-0.058596894
35008000,-0.004388595,-0.033113245,-4.710315,-0.006980757,0.005928279,-0.05840555
35016000,-0.004420756,-0.033204164,-4.7107906,-0.0066774357,0.0060376427,-0.058141556
35024000,-0.004438061,-0.033301644,-4.7112727,-0.0063811336,0.006095091,-0.057862267
35032000,-0.004454797,-0.033395473,-4.7117767,-0.00611139,0.006131734,-0.0575612
35040000,-0.004470317,-0.03348571,-4.7122784,-0.0058934917,0.0062026223,-0.05732264
35048000,-0.0044847243,-0.033572134,-4.7127776,-0.0056109787,0.0063315905,-0.057128966
35056000,-0.004497754,-0.033654436,-4.7132745,-0.0053667957,0.0064532715,-0.056965243
35064000,-0.00449638,-0.03374817,-4.7137756,-0.0050346456,0.006455185,-0.05667848
35072000,-0.004493405,-0.033838738,-4.714273,-0.0047247894,0.00645591,-0.05639011
35080000,-0.0044892374,-0.033925943,-4.7147684,-0.0044882856,0.0064967354,-0.0561702
35088000,-0.0044841035,-0.034009583,-4.715261,-0.004225135,0.006581976,-0.055935264
35096000,-0.0044599213,-0.034101527,-4.7157645,-0.003897309,0.006633811,-0.055710617
35104000,-0.004435691,-0.03418968,-4.7162657,-0.0036358058,0.0066927355,-0.05548774
35112000,-0.0044105966,-0.03427396,-4.7167635,-0.0033831745,0.0067966958,-0.055246934
35120000,-0.0043847314,-0.034354407,-4.7172594,-0.003105687,0.0068870126,-0.055060767
35128000,-0.0043519083,-0.03443776,-4.717759,-0.0028531305,0.006951185,-0.054872695
35136000,-0.00431803,-0.03451712,-4.7182727,-0.0025128773,0.0070755333,-0.054590944
35144000,-0.004283184,-0.03459264,-4.718783,-0.0022914957,0.007177224,-0.054312523
35152000,-0.0042478777,-0.034664117,-4.71929,-0.0020529318,0.007315735,-0.054004733
35160000,-0.0042036553,-0.034733742,-4.719787,-0.0017595177,0.0074074524,-0.053777825
35168000,-0.004158677,-0.034799367,-4.7202816,-0.001487898,0.00756016,-0.053563293
35176000,-0.0041137324,-0.03486096,-4.7207737,-0.0011942821,0.007651181,-0.053341802
35184000,-0.0040677744,-0.03491888,-4.7212653,-0.00092000526,0.00777723,-0.05300796
35192000,-0.0039954693,-0.034980964,-4.7217455,-0.00069428544,0.007912411,-0.052729845
35200000,-0.0039228904,-0.03503912,-4.722223,-0.00042514625,0.00806222,-0.05247875
35208000,-0.0038500454,-0.035093177,-4.7226977,-0.00014110356,0.008209986,-0.052298736
35216000,-0.0037767012,-0.035143457,-4.72317,0.00011778124,0.008314501,-0.05204396
35224000,-0.003684137,-0.03519902,-4.723634,0.00035390747,0.008413846,-0.051760897
35232000,-0.0035915968,-0.03525081,-4.724095,0.0006336495,0.008526288,-0.051415466
35240000,-0.0034987968,-0.035299074,-4.7245526,0.0009359053,0.008617718,-0.051201362
35248000,-0.0034064814,-0.03534366,-4.725008,0.0012203561,0.008724171,-0.05095812
35256000,-0.0033173647,-0.035394993,-4.725447,0.00145941,0.008803492,-0.05064812
35264000,-0.0032277291,-0.035442702,-4.725883,0.0017763637,0.008908129,-0.050321516
35272000,-0.0031376227,-0.035486694,-4.7263165,0.0020444402,0.009038547,-0.0499877
35280000,-0.0030469422,-0.0355269,-4.7267466,0.0023294375,0.009159089,-0.049681958
35288000,-0.0029472725,-0.035573293,-4.7271585,0.0026215555,0.009309817,-0.049414027
35296000,-0.0028474785,-0.03561556,-4.727568,0.0028401704,0.009450038,-0.049153555
35304000,-0.0027473352,-0.035653844,-4.727976,0.0031343086,0.009621829,-0.04885515
35312000,-0.0026476886,-0.03568837,-4.728381,0.0033762096,0.009673794,-0.048460808
35320000,-0.0025480143,-0.035719506,-4.7287836,0.0035694437,0.0097972695,-0.04818483
35328000,-0.002445834,-0.035753198,-4.729175,0.0038157983,0.009962491,-0.047982883
35336000,-0.002343394,-0.035782963,-4.729565,0.0040351236,0.010076571,-0.047752075
35344000,-0.0022410227,-0.035808943,-4.7299533,0.00422589,0.010245052,-0.047505956
35352000,-0.0021386934,-0.035831127,-4.7303405,0.0044008163,0.010369677,-0.04725971
35360000,-0.002031673,-0.03585652,-4.730733,0.0046090856,0.010465476,-0.047072902
35368000,-0.0019246524,-0.035878323,-4.7311244,0.004806572,0.010588362,-0.046856023
35376000,-0.0018177629,-0.035896398,-4.731514,0.004975175,0.010731345,-0.04662673
35384000,-0.0017117879,-0.035910703,-4.7319036,0.005168503,0.010870426,-0.04635678
35392000,-0.001605635,-0.035910215,-4.7322936,0.0053462097,0.010997792,-0.0461323
35400000,-0.0014996214,-0.03590671,-4.7326813,0.005520262,0.011065421,-0.04592794
35408000,-0.0013935268,-0.035900183,-4.733068,0.0056906184,0.011210706,-0.045740016
35416000,-0.001287647,-0.035890188,-4.733453,0.0058200583,0.011379016,-0.04547964
35424000,-0.0011924255,-0.03586979,-4.7338533,0.005975641,0.011480007,-0.045210466
35432000,-0.0010968082,-0.035846345,-4.734252,0.006165355,0.0116390465,-0.045001607
35440000,-0.0010009442,-0.03581956,-4.734648,0.006312014,0.011839862,-0.044732764
35448000,-0.0009049834,-0.035789315,-4.735042,0.006459789,0.012047326,-0.04445417
35456000,-0.0008193534,-0.035760053,-4.7354527,0.0065634893,0.012194656,-0.044289216
35464000,-0.00073373417,-0.03572771,-4.7358603,0.0066852467,0.0123649845,-0.044023953
35472000,-0.00064781285,-0.03569225,-4.7362657,0.006809471,0.012485206,-0.04378642
35480000,-0.0005619161,-0.03565353,-4.736668,0.006896252,0.012709563,-0.043584928
35488000,-0.0004761688,-0.035609547,-4.737081,0.006997135,0.012870648,-0.043389525
35496000,-0.0003904667,-0.03556269,-4.737491,0.0070720124,0.012990619,-0.043209154
35504000,-0.00030496455,-0.035512865,-4.7378983,0.0071404646,0.013183478,-0.04302178
35512000,-0.00021954418,-0.03545981,-4.738303,0.007245321,0.013370125,-0.0427654
35520000,-0.00014282177,-0.03540386,-4.738709,0.007367321,0.0135527495,-0.04249642
35528000,-6.640244e-05,-0.03534474,-4.739112,0.0074679945,0.013761642,-0.042265687
35536000,9.959201e-06,-0.0352824,-4.7395225,0.0075156814,0.013951398,-0.042101968
35544000,8.633639e-05,-0.03521719,-4.7399306,0.007572636,0.01407067,-0.041889984
35552000,0.00016155094,-0.03514558,-4.7403407,0.007651871,0.014304323,-0.041667834
35560000,0.00023693251,-0.035070814,-4.740748,0.007727188,0.014484304,-0.041494973
35568000,0.00031248372,-0.03499324,-4.741153,0.007828759,0.014659133,-0.041289728
35576000,0.0003881101,-0.034912713,-4.741554,0.007853317,0.01486487,-0.041052233
35584000,0.0004632997,-0.0348294,-4.7419524,0.0078604035,0.015012315,-0.040866856
35592000,0.00053886406,-0.034739435,-4.7423463,0.007956187,0.015195582,-0.04061666
35600000,0.00061462744,-0.034646805,-4.7427373,0.008012325,0.015376469,-0.040338136
35608000,0.0006901047,-0.034551367,-4.7431245,0.008006511,0.015578479,-0.040125623
35616000,0.000765142,-0.034453593,-4.7435093,0.00802743,0.015670836,-0.039908256
35624000,0.0008385164,-0.034352396,-4.7438917,0.008071975,0.015847746,-0.03964604
35632000,0.00091185264,-0.03424876,-4.744271,0.008099212,0.016008249,-0.039383534
35640000,0.0009849073,-0.034142405,-4.7446465,0.008114001,0.01623571,-0.039105482
35648000,0.0010578561,-0.03403316,-4.745019,0.008153041,0.0164608,-0.038884383
35656000,0.0011247535,-0.033913568,-4.745395,0.008163737,0.016648402,-0.03874243
35664000,0.0011909218,-0.033791494,-4.745769,0.008160248,0.016853804,-0.038511716
35672000,0.0012569553,-0.033667248,-4.7461395,0.008186566,0.016995637,-0.03827583
35680000,0.0013229038,-0.033541087,-4.7465076,0.008181763,0.01715756,-0.038072057
35688000,0.0013822446,-0.033419207,-4.7468805,0.008221512,0.017373597,-0.03788909
35696000,0.0014418311,-0.033294845,-4.747251,0.008233073,0.01754307,-0.037692294
35704000,0.0015014131,-0.033168342,-4.7476187,0.008224259,0.017695207,-0.037470084
35712000,0.0015608676,-0.033039663,-4.747983,0.008210408,0.01785927,-0.037221044
35720000,0.0016123905,-0.03290879,-4.748349,0.008203333,0.01801602,-0.037020363
35728000,0.0016639265,-0.032775827,-4.7487125,0.008176181,0.018169783,-0.036782235
35736000,0.0017154955,-0.03264111,-4.749103,0.008268866,0.018292155,-0.036548708
35744000,0.0017674768,-0.0325045,-4.7494903,0.008226107,0.0184283,-0.03634629
35752000,0.0018028051,-0.032382376,-4.749884,0.008199973,0.018565765,-0.036154542
35760000,0.0018385767,-0.032258183,-4.750274,0.008212375,0.018673923,-0.035988178
35768000,0.0018748468,-0.032132175,-4.750661,0.008175457,0.01874186,-0.035775796
35776000,0.0019115425,-0.03200464,-4.751044,0.008179013,0.01881979,-0.035614114
35784000,0.0019503437,-0.031889036,-4.7514286,0.0081694955,0.018969601,-0.035424355
35792000,0.0019895772,-0.03177141,-4.7518096,0.008170619,0.01902095,-0.035247695
35800000,0.0020294243,-0.031652063,-4.7521873,0.008184618,0.0190953,-0.03498802
35808000,0.0020691957,-0.031531055,-4.7525606,0.008139093,0.019152962,-0.03477848
35816000,0.0021126065,-0.03141033,-4.752942,0.008050032,0.019210406,-0.03457771
35824000,0.0021555214,-0.0312879,-4.7533197,0.007946525,0.019275364,-0.03436512
35832000,0.0021985841,-0.031163719,-4.753708,0.007984815,0.01937411,-0.034138385
35840000,0.002242285,-0.031037685,-4.7540927,0.007982617,0.019473819,-0.03401304
35848000,0.0022858544,-0.030910116,-4.7544727,0.0078895055,0.01947821,-0.03375388
35856000,0.0023283705,-0.030777527,-4.754857,0.007867061,0.019487044,-0.033597205
35864000,0.0023710306,-0.030643832,-4.7552366,0.007835205,0.019532925,-0.033324927
35872000,0.0024136452,-0.03050899,-4.755612,0.007845441,0.019566918,-0.03304082
35880000,0.00245669,-0.030372715,-4.7559824,0.007836814,0.019687437,-0.032775447
35888000,0.0024939785,-0.030224964,-4.7563553,0.007851575,0.019774811,-0.032497067
35896000,0.0025319487,-0.03007606,-4.756724,0.0078983065,0.019832054,-0.03230948
35904000,0.0025706862,-0.029926313,-4.7570887,0.007886828,0.019872757,-0.032107275
35912000,0.0026095987,-0.029775511,-4.7574487,0.007843781,0.019960681,-0.031786487
35920000,0.0026391265,-0.029620899,-4.757802,0.0077825575,0.020026403,-0.031559154
35928000,0.002668801,-0.02946545,-4.7581515,0.0077319024,0.020087285,-0.0313669
35936000,0.0026989002,-0.029308707,-4.758497,0.007691237,0.020226736,-0.031160692
35944000,0.0027290655,-0.029150875,-4.7588396,0.007639675,0.02027984,-0.031011637
35952000,0.0027362017,-0.02898761,-4.7591825,0.007590634,0.020329848,-0.03079101
35960000,0.002744242,-0.02882372,-4.7595215,0.007548589,0.020375375,-0.030555006
35968000,0.0027530268,-0.028659198,-4.759856,0.007492594,0.02039158,-0.030331295
35976000,0.0027622567,-0.028494174,-4.7601876,0.007381987,0.020413304,-0.030097287
35984000,0.002760766,-0.028332993,-4.760532,0.00731125,0.020457922,-0.029874254
35992000,0.0027600357,-0.028171113,-4.7608724,0.00724441,0.020508202,-0.029662022
36000000,0.0027600012,-0.028008224,-4.761209,0.0071499017,0.020590462,-0.029498583
36008000,0.002760508,-0.027844464,-4.7615423,0.0070772436,0.020626452,-0.029364433
36016000,0.0027530987,-0.027688947,-4.7618823,0.0070036775,0.020694328,-0.02917045
36024000,0.0027464991,-0.027532626,-4.762218,0.0069410633,0.0206959,-0.02888435
36032000,0.0027407706,-0.02737571,-4.762604,0.006878798,0.020698156,-0.02868044
36040000,0.0027359037,-0.027218373,-4.762985,0.0068472023,0.0206912,-0.028503103
36048000,0.0027160102,-0.027062746,-4.763368,0.0068693436,0.02070158,-0.02827458
36056000,0.0026975698,-0.02690649,-4.763745,0.0068136,0.020728318,-0.028005058
36064000,0.002680345,-0.026749773,-4.764116,0.0067758756,0.020686978,-0.027718488
36072000,0.0026641788,-0.026592655,-4.7644815,0.006692997,0.020716812,-0.027520737
36080000,0.0026350452,-0.026448656,-4.764853,0.0066047166,0.020705445,-0.027283732
36088000,0.0026069537,-0.026304014,-4.7652245,0.0065517346,0.020698268,-0.027063835
36096000,0.0025802648,-0.02615875,-4.765591,0.0064875497,0.02067844,-0.02684581
36104000,0.0025547203,-0.026012909,-4.7659526,0.0064152684,0.020653034,-0.026652344
36112000,0.0025302772,-0.025866685,-4.766309,0.006341396,0.020632658,-0.026441876
36120000,0.0025168255,-0.025732914,-4.7666717,0.006279243,0.020600308,-0.026201095
36128000,0.0025047262,-0.025598504,-4.767029,0.006288754,0.020556873,-0.025937596
36136000,0.0024935275,-0.025463793,-4.76739,0.006182437,0.020474203,-0.025665233
36144000,0.0024833009,-0.025328651,-4.7677445,0.0061832615,0.020454746,-0.0253924
36152000,0.0024928104,-0.025187828,-4.768108,0.0062201708,0.020469869,-0.025155427
36160000,0.0025032617,-0.02504652,-4.7684655,0.0061933333,0.020405479,-0.02490899
36168000,0.002514471,-0.024905028,-4.768818,0.006171815,0.020358315,-0.02470219
36176000,0.0025263675,-0.024763243,-4.7691646,0.006121356,0.02032559,-0.02439966
36184000,0.0025535272,-0.024616944,-4.769532,0.006110422,0.0202761,-0.024118328
36192000,0.0025813433,-0.02447065,-4.7698936,0.0061168484,0.02020233,-0.02385253
36200000,0.0026097128,-0.024324505,-4.770249,0.006110393,0.020132303,-0.02358308
36208000,0.0026386979,-0.024178399,-4.770598,0.006107757,0.020081213,-0.023300221
36216000,0.0026833932,-0.024035279,-4.7709513,0.006135951,0.020041628,-0.02301932
36224000,0.002728538,-0.023892209,-4.771298,0.0061622052,0.019952934,-0.022722276
36232000,0.0027743147,-0.023749417,-4.7716618,0.0061882897,0.019868692,-0.022410456
36240000,0.0028206233,-0.023606833,-4.772019,0.006226863,0.019784613,-0.022118079
36248000,0.0028857826,-0.023477314,-4.7723804,0.0062812455,0.019681735,-0.021829152
36256000,0.0029513547,-0.023347724,-4.7727346,0.0063072643,0.01962999,-0.021465441
36264000,0.0030170402,-0.023217926,-4.773082,0.006352813,0.01957642,-0.021135611
36272000,0.0030832281,-0.02308807,-4.7734222,0.0064162225,0.019493472,-0.020798864
36280000,0.003175154,-0.022971136,-4.773773,0.0064559355,0.019400012,-0.020483457
36288000,0.0032667478,-0.022854138,-4.7741175,0.006477457,0.019290816,-0.02016011
36296000,0.0033580305,-0.022737328,-4.774455,0.006504731,0.01915091,-0.019796133
36304000,0.0034493282,-0.022620803,-4.7747846,0.006586279,0.019001639,-0.019423919
36312000,0.0035678635,-0.022506455,-4.7751193,0.0066642934,0.018848954,-0.019037588
36320000,0.003685823,-0.022392575,-4.7754464,0.006696849,0.018700315,-0.01868509
36328000,0.003803323,-0.022279175,-4.7757664,0.006784562,0.018551331,-0.0183524
36336000,0.003920508,-0.022166247,-4.776079,0.0068618977,0.018397579,-0.018013926
36344000,0.0040733456,-0.022061324,-4.7763944,0.0069494825,0.01823155,-0.017618988
36352000,0.004225221,-0.02195674,-4.776702,0.007047266,0.018115317,-0.01726784
36360000,0.0043762997,-0.021852348,-4.777003,0.0071380907,0.01797209,-0.016893633
36368000,0.004526729,-0.021748144,-4.777296,0.0072726686,0.017863628,-0.016469166
36376000,0.0046765953,-0.02164424,-4.777582,0.0073832604,0.01772093,-0.016093008
36384000,0.004849727,-0.021538496,-4.777874,0.0075136535,0.017575374,-0.015745724
36392000,0.0050217765,-0.02143357,-4.7781587,0.0076230275,0.017345011,-0.01539101
36400000,0.005192802,-0.021329833,-4.7784367,0.0077267196,0.017150855,-0.0150682675
36408000,0.0053627654,-0.021226648,-4.7787085,0.007826114,0.017038,-0.014692959
36416000,0.0055477507,-0.021110851,-4.778989,0.007955769,0.016903538,-0.014324345
36424000,0.0057317233,-0.020995624,-4.7792625,0.008090581,0.016825067,-0.013958033
36432000,0.005914756,-0.020880714,-4.779529,0.008227546,0.016727056,-0.013580931
36440000,0.0060969596,-0.02076631,-4.779789,0.0083656395,0.016617345,-0.013273959
36448000,0.006279123,-0.020634692,-4.7800546,0.008495243,0.016542466,-0.012974862
36456000,0.0064602615,-0.020503819,-4.780314,0.008590299,0.016470317,-0.012598733
36464000,0.0066402545,-0.020373646,-4.7805657,0.008679331,0.016364945,-0.01221369
36472000,0.0068192002,-0.020244457,-4.7808113,0.008803975,0.01625417,-0.01191462
36480000,0.0070055705,-0.020114014,-4.781067,0.0089329295,0.01613806,-0.011595237
36488000,0.0071908887,-0.019984346,-4.7813163,0.009024459,0.016091563,-0.011342984
36496000,0.007375031,-0.019855246,-4.7815595,0.009126115,0.015986744,-0.011075883
36504000,0.0075583416,-0.019726941,-4.781796,0.009257092,0.015909268,-0.010717131
36512000,0.0077662277,-0.019586505,-4.782049,0.009430894,0.015823917,-0.01043921
36520000,0.007972917,-0.019447,-4.782296,0.009538621,0.015753971,-0.010164618
36528000,0.008177901,-0.01930867,-4.7825365,0.009594961,0.015619761,-0.009838142
36536000,0.00838092,-0.01917153,-4.7827554,0.009619342,0.015535963,-0.009510704
36544000,0.008611776,-0.01903049,-4.7829995,0.009725093,0.01545171,-0.009171657
36552000,0.008840847,-0.018890426,-4.7832365,0.009870897,0.01539589,-0.008910478
36560000,0.009067923,-0.01875114,-4.7834673,0.009945464,0.015335528,-0.008662121
36568000,0.009292895,-0.018612776,-4.783692,0.010006443,0.015267117,-0.008359153
36576000,0.009530881,-0.018471751,-4.7839403,0.010118692,0.015210943,-0.00804633
36584000,0.009766963,-0.018331654,-4.784186,0.010234807,0.015139082,-0.0077908193
36592000,0.010000696,-0.018192297,-4.7844243,0.010280398,0.015109674,-0.0075055906
36600000,0.010232018,-0.018053627,-4.7846565,0.010342026,0.015040059,-0.00722882
36608000,0.0104794,-0.01789678,-4.7849073,0.01044727,0.014960065,-0.006928995
36616000,0.010724387,-0.017741293,-4.785151,0.010501982,0.014893175,-0.006652862
36624000,0.010966849,-0.01758697,-4.7853875,0.010592684,0.014852541,-0.006415899
36632000,0.01120687,-0.017433599,-4.785585,0.010641758,0.014825168,-0.006122083
36640000,0.011444399,-0.017281253,-4.785776,0.010697064,0.014754122,-0.005866008
36648000,0.0117051145,-0.0170992,-4.785972,0.0107861515,0.014716567,-0.005556565
36656000,0.011963209,-0.0169186,-4.786162,0.0108937565,0.014692016,-0.0052646836
36664000,0.012218668,-0.016739743,-4.786346,0.010956155,0.014625993,-0.0050591785
36672000,0.012471333,-0.016562382,-4.7865252,0.011006059,0.0146201225,-0.0048639686
36680000,0.012743891,-0.016362242,-4.786716,0.0110930465,0.014566773,-0.0046071066
36688000,0.013013535,-0.016164407,-4.7869124,0.011165088,0.014499374,-0.00436559
36696000,0.013280054,-0.0159683,-4.787103,0.011218529,0.014515591,-0.004113498
36704000,0.013543608,-0.015773915,-4.787287,0.011267501,0.014477592,-0.0038600902
36712000,0.013820345,-0.015555327,-4.7874756,0.011347328,0.014484658,-0.0036300763
36720000,0.014093571,-0.015338935,-4.7876573,0.011307861,0.014461333,-0.00332686
36728000,0.014362928,-0.015124406,-4.787833,0.011291322,0.014499296,-0.003053521
36736000,0.014628874,-0.014911995,-4.7880077,0.011333676,0.014448548,-0.0028736128
36744000,0.014898124,-0.014655168,-4.7881866,0.011404849,0.014503456,-0.0026418495
36752000,0.015164416,-0.014400845,-4.788359,0.011462839,0.014538511,-0.002398921
36760000,0.0154273445,-0.014149188,-4.7885265,0.011450186,0.014554787,-0.0021815144
36768000,0.015686627,-0.013900208,-4.788688,0.011401129,0.014560277,-0.0019966227
36776000,0.015947014,-0.013620275,-4.788844,0.011444044,0.014602141,-0.0017273133
36784000,0.016204897,-0.013343404,-4.7890124,0.011521617,0.014636615,-0.0014799343
36792000,0.016459655,-0.013069408,-4.789175,0.011513359,0.014687618,-0.001266316
36800000,0.016711026,-0.012798323,-4.789332,0.011502813,0.014701177,-0.0010821564
36808000,0.016972115,-0.012504421,-4.7894893,0.011523976,0.014799066,-0.0009269384
36816000,0.017229859,-0.01221362,-4.7896414,0.011513086,0.0148125235,-0.0007125392
36824000,0.017483916,-0.011926071,-4.7897887,0.011451719,0.014860147,-0.0005352093
36832000,0.017734218,-0.011641549,-4.789954,0.011400197,0.014882535,-0.0003153025
36840000,0.018001407,-0.011329435,-4.790108,0.011381511,0.014926451,-0.00012952677
36848000,0.01826459,-0.011020724,-4.790257,0.01132958,0.014966647,9.113521e-05
36856000,0.018524151,-0.01071569,-4.7904,0.011282748,0.014977626,0.000351013
36864000,0.018779958,-0.010414225,-4.7905374,0.01127391,0.014998462,0.0005424107
36872000,0.019036273,-0.010103702,-4.7906585,0.011255092,0.015048871,0.00077314174
36880000,0.019289007,-0.009796524,-4.790775,0.011246703,0.015102235,0.00097273866
36888000,0.01953817,-0.00949258,-4.7908883,0.0111806,0.015160703,0.0011439711
36896000,0.0197836,-0.009191795,-4.790997,0.011146509,0.015203416,0.0013123633
36904000,0.020025555,-0.0088943355,-4.7911015,0.011091776,0.015215366,0.0015330419
36912000,0.02027309,-0.00859428,-4.7911954,0.010986749,0.015258213,0.0017284554
36920000,0.020516703,-0.008297187,-4.7912846,0.010929254,0.015312022,0.001955108
36928000,0.020757051,-0.008003502,-4.79137,0.010873166,0.015298749,0.0021095853
36936000,0.02099388,-0.007713034,-4.79142,0.010831765,0.0153318085,0.0022762679
36944000,0.021253213,-0.0074047805,-4.7914524,0.01078532,0.015365375,0.0024779767
36952000,0.021508401,-0.0070999986,-4.791482,0.010702014,0.015382501,0.0026673558
36960000,0.021759324,-0.0067988257,-4.7915087,0.010613459,0.01535894,0.0028309228
36968000,0.02200636,-0.006501519,-4.791533,0.010570739,0.015298108,0.0029678922
36976000,0.02227042,-0.006185758,-4.7915473,0.010514222,0.015269806,0.003164677
36984000,0.022530118,-0.0058740606,-4.7915297,0.010430596,0.015241237,0.0033002885
36992000,0.022785924,-0.0055664307,-4.7915106,0.01034631,0.015223796,0.0034169697
37000000,0.023037264,-0.0052627297,-4.79149,0.010227859,0.01519715,0.0035432559
37008000,0.023307763,-0.004941336,-4.791468,0.010124001,0.015203411,0.0036854567
37016000,0.023573384,-0.004624243,-4.791445,0.0100156,0.015145748,0.0038200924
37024000,0.023833953,-0.004311259,-4.79142,0.009891803,0.015144235,0.0039526485
37032000,0.02408987,-0.0040023196,-4.791424,0.009799065,0.0150882825,0.0040427186
37040000,0.024372287,-0.003679185,-4.791417,0.009716199,0.015004463,0.004133124
37048000,0.024649601,-0.0033605867,-4.791409,0.009632656,0.014983018,0.004188567
37056000,0.024921892,-0.0030461897,-4.7913995,0.009532637,0.014942285,0.00428489
37064000,0.025189525,-0.002736182,-4.791393,0.009375431,0.014884861,0.0022492346
37072000,0.025494033,-0.0024115364,-4.7914133,0.00918993,0.014802675,-0.0048675584
37080000,0.02579218,-0.0020914949,-4.791482,0.009031439,0.014784843,-0.009927914
37088000,0.026084198,-0.0017760274,-4.791576,0.008886228,0.014679339,-0.013461866
37096000,0.026370727,-0.0014650663,-4.7916927,0.008848302,0.014628832,-0.015746173
37104000,0.02668871,-0.0011717258,-4.7918158,0.0088936,0.014558801,-0.01714127
37112000,0.02700208,-0.0008824365,-4.7919474,0.009029296,0.014478127,-0.017868673
37120000,0.02731174,-0.000597336,-4.792083,0.009306022,0.014383725,-0.01807445
37128000,0.027619293,-0.0003162449,-4.7922187,0.00976104,0.01429126,-0.017966475
37136000,0.02795751,-4.32176e-05,-4.792361,0.010456626,0.01418678,-0.017649584
37144000,0.028295834,0.00022568388,-4.792499,0.011195223,0.0140584465,-0.016973227
37152000,0.028635142,0.0004905387,-4.7926307,0.012069144,0.013929367,-0.016033988
37160000,0.028976332,0.0007516582,-4.7927585,0.0130385915,0.0138846,-0.017012909
37168000,0.02932065,0.0010090681,-4.7929406,0.014122591,0.013728834,-0.030110115
37176000,0.029699923,0.0012512332,-4.7932606,0.015263134,0.01361008,-0.051647346
37184000,0.030082725,0.0014896272,-4.7937617,0.016421778,0.013423323,-0.07805176
37192000,0.030469496,0.0017237434,-4.794485,0.017689792,0.0132245915,-0.106945336
37200000,0.030862246,0.0019540307,-4.7954445,0.019306384,0.013070792,-0.13667218
37208000,0.031300377,0.0021787253,-4.796659,0.021425683,0.0128554385,-0.16601685
37216000,0.031751875,0.0023994283,-4.7981043,0.024197234,0.012679948,-0.19441521
37224000,0.032222748,0.0026162267,-4.799772,0.027789159,0.012472152,-0.22148411
37232000,0.032720603,0.002829097,-4.801664,0.032439757,0.012291107,-0.24705945
37240000,0.033285946,0.0030347896,-4.803822,0.03820361,0.012047053,-0.27098754
37248000,0.033895273,0.0032365914,-4.8061624,0.045032576,0.011871835,-0.29300928
37256000,0.034557145,0.0034347097,-4.8086686,0.05292857,0.011666123,-0.3131579
37264000,0.035280332,0.0036287538,-4.811327,0.06193069,0.011407622,-0.33144045
37272000,0.036117766,0.0038090202,-4.814244,0.07199267,0.01117886,-0.34783337
37280000,0.03703297,0.003985653,-4.8172793,0.08315965,0.010970794,-0.3623993
37288000,0.03803461,0.0041586957,-4.8204226,0.09530328,0.01073813,-0.3751228
37296000,0.039130505,0.0043279976,-4.823656,0.108440265,0.010498408,-0.38617146
37304000,0.040376104,0.0044678445,-4.827136,0.122520104,0.010223828,-0.39558536
37312000,0.041730266,0.004604389,-4.830676,0.13749547,0.01000026,-0.40342355
37320000,0.04320014,0.0047378764,-4.8342643,0.15330969,0.009761297,-0.40970415
37328000,0.04479223,0.0048681702,-4.837889,0.16990143,0.009507172,-0.41452584
37336000,0.0465882,0.0049752104,-4.8416758,0.18735512,0.009242944,-0.41808933
37344000,0.048516072,0.005082895,-4.8454747,0.2055172,0.009010551,-0.42035618
37352000,0.050583314,0.005188087,-4.849276,0.22431421,0.008828084,-0.42136723
37360000,0.05279506,0.0052906545,-4.8530707,0.24373637,0.008564199,-0.42130813
37368000,0.0552721,0.005375364,-4.8569713,0.26384193,0.008284369,-0.42028242
37376000,0.057901885,0.005457395,-4.8608475,0.28455895,0.00805533,-0.4183706
37384000,0.060689066,0.0055369628,-4.8646874,0.30580345,0.0077998475,-0.4155136
37392000,0.063637815,0.0056139342,-4.8684897,0.32751518,0.007566626,-0.41187125
37400000,0.06690142,0.005661547,-4.8723264,0.34982008,0.007348617,-0.40755916
37408000,0.07033195,0.0057073273,-4.8761125,0.37254134,0.0071166847,-0.40257695
37416000,0.07393219,0.0057618613,-4.879843,0.39569536,0.0069320723,-0.3969667
37424000,0.07770615,0.005814819,-4.883514,0.4191344,0.006773056,-0.3907381
37432000,0.081656255,0.0058660572,-4.8871174,0.44287685,0.0065723425,-0.38399827
37440000,0.08597471,0.0058772396,-4.890685,0.46716723,0.0063117146,-0.37686265
37448000,0.090472765,0.0058867643,-4.894182,0.49180102,0.0060465815,-0.36934316
37456000,0.095153205,0.0058948775,-4.8976054,0.51672494,0.005816447,-0.36148918
37464000,0.1000183,0.005901404,-4.900954,0.5418322,0.0055591045,-0.35336196
37472000,0.10527209,0.005879773,-4.90422,0.5674265,0.0053048893,-0.34494576
37480000,0.110712215,0.0058569107,-4.9074073,0.5932241,0.0050097653,-0.3362935
37488000,0.11634041,0.005832656,-4.9105163,0.6191612,0.0047515924,-0.32750568
37496000,0.122158825,0.005807342,-4.9135437,0.6453716,0.004526629,-0.31859177
37504000,0.12838466,0.005743163,-4.9164596,0.67185616,0.004221867,-0.30958402
37512000,0.13480116,0.0056782253,-4.9192934,0.69860935,0.0039807674,-0.3005082
37520000,0.1414105,0.0056125983,-4.9220457,0.7255195,0.0036673665,-0.2914006
37528000,0.14821422,0.0055457503,-4.924716,0.7525124,0.0033506001,-0.28224984
37536000,0.15542905,0.0054343767,-4.92724,0.7798109,0.0030265462,-0.27311546
37544000,0.16283742,0.0053221486,-4.9296837,0.8071617,0.0026450919,-0.26395127
37552000,0.17044093,0.005209175,-4.9320474,0.83469754,0.0023430511,-0.2547741
37560000,0.17824124,0.005095465,-4.9343314,0.8622863,0.002005285,-0.24567486
37568000,0.18648511,0.00492767,-4.936457,0.8900853,0.0015605306,-0.23657466
37576000,0.19492355,0.004758652,-4.938506,0.91793585,0.0010750319,-0.2276119
37584000,0.2035577,0.0045880056,-4.9404793,0.9458465,0.000554198,-0.21878938
37592000,0.21238834,0.0044157314,-4.9423776,0.9737431,0.000116768584,-0.21002467
37600000,0.22165997,0.0041798176,-4.944131,1.0018939,-0.00046920055,-0.20140775
37608000,0.23112597,0.0039420873,-4.945813,1.0300206,-0.0010105376,-0.1928922
37616000,0.24078684,0.0037027462,-4.9474254,1.0581142,-0.0015634362,-0.1845632
37624000,0.25064304,0.0034612385,-4.9489694,1.0861498,-0.002131747,-0.17641845
37632000,0.26093456,0.003169551,-4.9503846,1.1143909,-0.0028404915,-0.16838607
37640000,0.27141878,0.0028745332,-4.951736,1.1425674,-0.0035809749,-0.16053145
37648000,0.28209564,0.0025757616,-4.9530234,1.1706189,-0.00438354,-0.15281443
37656000,0.2929651,0.0022727223,-4.9542494,1.198606,-0.0051634237,-0.14536712
37664000,0.3042781,0.001921288,-4.955332,1.2267579,-0.006035143,-0.13802533
37672000,0.3157803,0.0015646485,-4.9563565,1.254762,-0.0069702794,-0.13085982
37680000,0.3274716,0.0012023752,-4.957326,1.2826909,-0.007900188,-0.123890206
37688000,0.33935195,0.0008342954,-4.958237,1.3104402,-0.0088368645,-0.11708994
37696000,0.35142097,0.00045999477,-4.959095,1.3381267,-0.009831714,-0.110484265
37704000,0.36391336,2.4286182e-05,-4.9598246,1.3659048,-0.011060368,-0.104016125
37712000,0.3765908,-0.0004199744,-4.960505,1.3935331,-0.012243562,-0.0977708
37720000,0.3894527,-0.0008727696,-4.961139,1.4209387,-0.013464659,-0.0917989
37728000,0.40249813,-0.0013347878,-4.961729,1.4481502,-0.0147285545,-0.086054325
37736000,0.41596004,-0.0018532606,-4.962231,1.475418,-0.016181115,-0.08045253
37744000,0.42960072,-0.0023830405,-4.9626923,1.502451,-0.017626222,-0.075078085
37752000,0.44341952,-0.0029240723,-4.9631143,1.529314,-0.019049622,-0.06985936
37760000,0.45741567,-0.003476519,-4.963498,1.5559726,-0.020491242,-0.064824834
37768000,0.47180918,-0.004088482,-4.963788,1.5826012,-0.02214365,-0.059896376
37776000,0.486375,-0.004714117,-4.9640436,1.6090214,-0.023771334,-0.055245545
37784000,0.50111246,-0.005353501,-4.9642663,1.6352427,-0.025422754,-0.05075145
37792000,0.51602036,-0.0060069724,-4.964458,1.6611586,-0.027091987,-0.046537485
37800000,0.531301,-0.0067142523,-4.9645824,1.6870072,-0.029027231,-0.04244672
37808000,0.5467466,-0.007438277,-4.964679,1.7126124,-0.03094003,-0.038475145
37816000,0.56235605,-0.00817912,-4.9647484,1.7379466,-0.032851886,-0.034720037
37824000,0.578128,-0.00893663,-4.964793,1.7630203,-0.034717213,-0.031201297
37832000,0.5942776,-0.00977039,-4.9647856,1.788038,-0.036866523,-0.02784019
37840000,0.6105843,-0.010623595,-4.9647565,1.8128091,-0.039029554,-0.024645258
37848000,0.62704676,-0.011496231,-4.964707,1.8372719,-0.041160606,-0.02166827
37856000,0.6436635,-0.012388275,-4.964638,1.8614912,-0.043298963,-0.018817004
37864000,0.6606264,-0.013356756,-4.9645224,1.8856212,-0.045712788,-0.016096389
37872000,0.67773813,-0.01434721,-4.9643903,1.9093798,-0.048068844,-0.013594363
37880000,0.69499695,-0.015359211,-4.964244,1.9328874,-0.050437544,-0.01131453
37888000,0.7124016,-0.016393157,-4.964074,1.9560751,-0.052827526,-0.009072753
37896000,0.7301195,-0.017534044,-4.9638653,1.9790887,-0.055507768,-0.006945356
37904000,0.7479773,-0.018699456,-4.963645,2.0017915,-0.05814917,-0.00493221
37912000,0.7659734,-0.019889075,-4.9634137,2.0241742,-0.060750626,-0.0030285956
37920000,0.78410614,-0.021102933,-4.963173,2.046273,-0.063393295,-0.0012632739
37928000,0.80253386,-0.022429438,-4.9629,2.0682392,-0.0663622,0.00033837892
37936000,0.82109284,-0.023783075,-4.9626174,2.089855,-0.06929529,0.0017934309
37944000,0.83978146,-0.025162948,-4.962329,2.1112115,-0.072087094,0.003074483
37952000,0.8585984,-0.026568465,-4.9620357,2.1322224,-0.074876495,0.0042426377
37960000,0.87754184,-0.02799928,-4.961738,2.1529372,-0.077604845,0.0053517837
37968000,0.8967504,-0.029539913,-4.961418,2.173404,-0.080671266,0.0063771196
37976000,0.91607964,-0.031108469,-4.961096,2.1935909,-0.08368926,0.007245673
37984000,0.93552774,-0.032703847,-4.9607763,2.2133808,-0.08661444,0.008036541
37992000,0.9550925,-0.03432573,-4.960456,2.2328572,-0.0895294,0.008736626
38000000,0.97489023,-0.03604058,-4.9601154,2.2522056,-0.092681944,0.009383116
38008000,0.9948001,-0.03778314,-4.959775,2.2712293,-0.09571158,0.009987189
38016000,1.0148205,-0.03955284,-4.9594345,2.2899473,-0.09873522,0.010540236
38024000,1.0349495,-0.04134879,-4.9590955,2.3083324,-0.10161321,0.010930891
38032000,1.0552807,-0.043245893,-4.958748,2.3265257,-0.10471462,0.011230119
38040000,1.0757158,-0.045170203,-4.9584026,2.3443522,-0.10778913,0.011452247
38048000,1.0962528,-0.047120757,-4.958061,2.3619103,-0.11074429,0.011556824
38056000,1.1168907,-0.049096506,-4.9577236,2.3792071,-0.11364886,0.011587329
38064000,1.1377051,-0.051145475,-4.9573774,2.3962407,-0.11666311,0.0115700485
38072000,1.1586156,-0.05321955,-4.9570365,2.412965,-0.11958376,0.01148079
38080000,1.1796204,-0.055317514,-4.956701,2.429359,-0.12239974,0.011382461
38088000,1.2007177,-0.05743843,-4.956375,2.44545,-0.12516122,0.011177078
38096000,1.2219875,-0.05961841,-4.956054,2.4613562,-0.12785329,0.010913246
38104000,1.2433455,-0.06181968,-4.95574,2.4769592,-0.13053587,0.0106558055
38112000,1.2647899,-0.06404109,-4.9554315,2.4922526,-0.1330437,0.010381712
38120000,1.2863196,-0.06628104,-4.95513,2.507318,-0.13539812,0.010013127
38128000,1.3079934,-0.06857414,-4.9548326,2.5220647,-0.13777782,0.009662909
38136000,1.329748,-0.07088391,-4.9545217,2.536599,-0.1400529,0.009278651
38144000,1.3515822,-0.07320908,-4.954219,2.5508132,-0.14221999,0.008797863
38152000,1.3734937,-0.07554828,-4.9539247,2.5647075,-0.14426543,0.0082653705
38160000,1.3955389,-0.077920616,-4.9536433,2.578419,-0.14624827,0.0077515026
38168000,1.417658,-0.08030438,-4.9533706,2.5918863,-0.14813276,0.007207792
38176000,1.4398494,-0.08269829,-4.9531064,2.6050928,-0.14986283,0.0066192485
38184000,1.4621121,-0.08510044,-4.9528418,2.6180556,-0.15141536,0.006098888
38192000,1.484468,-0.08753104,-4.952598,2.6307635,-0.1529358,0.00554827
38200000,1.5068914,-0.08996734,-4.9523635,2.6431313,-0.15436421,0.004935889
38208000,1.5293804,-0.09240824,-4.9521375,2.6552422,-0.15571116,0.0042948467
38216000,1.551934,-0.09485221,-4.9519205,2.6671357,-0.15688063,0.0036493903
38224000,1.5745511,-0.097297385,-4.951712,2.678829,-0.15787238,0.0029618433
38232000,1.5972443,-0.099755436,-4.951525,2.6903505,-0.1587709,0.0022708129
38240000,1.6199986,-0.102211684,-4.951347,2.7015827,-0.15959726,0.0016015703
38248000,1.642812,-0.10466499,-4.951177,2.7125435,-0.16028032,0.000966087
38256000,1.6656835,-0.10711373,-4.9510155,2.723285,-0.16082409,0.0003170536
38264000,1.6886045,-0.109560095,-4.950864,2.7337291,-0.16124777,-0.00034288023
38272000,1.7115806,-0.111998975,-4.9507203,2.7439938,-0.16155341,-0.00097633107
38280000,1.7346108,-0.11442926,-4.950585,2.7540247,-0.16178916,-0.0016020918
38288000,1.7576935,-0.11684958,-4.9504623,2.7638438,-0.16189529,-0.002184633
38296000,1.7808123,-0.11925918,-4.9503365,2.773457,-0.16182509,-0.0027985063
38304000,1.8039814,-0.12165548,-4.950218,2.782832,-0.16160291,-0.00342215
38312000,1.8271999,-0.12403711,-4.950108,2.7920246,-0.16128978,-0.0040005543
38320000,1.8504667,-0.1264035,-4.950006,2.800979,-0.16096364,-0.004634259
38328000,1.8737544,-0.1287606,-4.9499063,2.8097148,-0.1604744,-0.0052795666
38336000,1.8970882,-0.13109998,-4.949836,2.8182752,-0.15995999,-0.0058622793
38344000,1.9204674,-0.13342103,-4.9497724,2.8267074,-0.1593179,-0.006436255
38352000,1.9438909,-0.13572213,-4.9497156,2.8348935,-0.15852039,-0.006996089
38360000,1.9673299,-0.13800324,-4.949656,2.8428895,-0.1575705,-0.0075566955
38368000,1.990811,-0.14026166,-4.9496036,2.8506484,-0.15654533,-0.008115385
38376000,2.0143332,-0.14249681,-4.9495583,2.858337,-0.15546782,-0.008649557
38384000,2.0378964,-0.14470793,-4.9495215,2.8658397,-0.15431993,-0.009130621
38392000,2.061449,-0.14686905,-4.94948,2.8730984,-0.15301071,-0.009602125
38400000,2.0850406,-0.14900427,-4.9494452,2.8801355,-0.15163988,-0.01012421
38408000,2.1086695,-0.15111259,-4.9494166,2.8870366,-0.15014058,-0.010645317
38416000,2.1323357,-0.15319304,-4.949395,2.8938115,-0.14857464,-0.011149539
38424000,2.1559825,-0.15522052,-4.9493732,2.9003305,-0.1469105,-0.011663901
38432000,2.179665,-0.15721872,-4.9493656,2.906704,-0.14513528,-0.01211094
38440000,2.2033825,-0.15918675,-4.9493637,2.912999,-0.14330281,-0.012539472
38448000,2.227134,-0.16112432,-4.9493675,2.9190772,-0.14143547,-0.012935367
38456000,2.2508717,-0.16298899,-4.949367,2.924961,-0.13941266,-0.01335001
38464000,2.2746418,-0.16482171,-4.949373,2.9307225,-0.1373077,-0.01374772
38472000,2.2984443,-0.16662182,-4.949384,2.9364269,-0.13516155,-0.014180193
38480000,2.3222783,-0.16838905,-4.949401,2.942018,-0.1329474,-0.014536871
38488000,2.346143,-0.17012283,-4.949416,2.9474177,-0.1306981,-0.014863699
38496000,2.3699634,-0.17178656,-4.949429,2.9526412,-0.12827848,-0.015197905
38504000,2.3938138,-0.17341557,-4.949447,2.9577286,-0.12582669,-0.015521316
38512000,2.4176934,-0.17500971,-4.94947,2.9627147,-0.123350725,-0.015821822
38520000,2.4416015,-0.17656867,-4.949498,2.967541,-0.12082497,-0.01608938
38528000,2.465461,-0.17806335,-4.9495215,2.9721904,-0.118228994,-0.016413737
38536000,2.4893484,-0.1795223,-4.949552,2.9767106,-0.1155816,-0.016683629
38544000,2.5132627,-0.18094535,-4.949587,2.9811378,-0.112903975,-0.016955657
38552000,2.5372033,-0.18233213,-4.9496264,2.985488,-0.11021372,-0.01726308
38560000,2.561093,-0.18364736,-4.949664,2.9896126,-0.10744309,-0.017557617
38568000,2.5850086,-0.1849264,-4.949707,2.9937208,-0.104673,-0.01787809
38576000,2.60895,-0.18616925,-4.9497557,2.9977078,-0.10188411,-0.01820336
38584000,2.6329162,-0.187376,-4.9498057,3.0015953,-0.09910401,-0.018521229
38592000,2.656821,-0.18853235,-4.9498615,3.0053284,-0.09625782,-0.01875582
38600000,2.680751,-0.18965241,-4.9499216,3.0089605,-0.09338985,-0.018999528
38608000,2.7047052,-0.19073634,-4.9499865,3.012519,-0.090536796,-0.019212926
38616000,2.728683,-0.19178443,-4.950055,3.0160012,-0.087704286,-0.019443268
38624000,2.7525928,-0.19278306,-4.95013,3.0192149,-0.08486582,-0.019675683
38632000,2.7765257,-0.19374628,-4.950173,3.0223768,-0.082004696,-0.01991711
38640000,2.800481,-0.19467424,-4.9502206,3.0254831,-0.07914182,-0.020121317
38648000,2.8244586,-0.19556688,-4.950273,3.0285199,-0.076236516,-0.020293761
38656000,2.8483646,-0.19642441,-4.950345,3.031404,-0.07336589,-0.02049254
38664000,2.872293,-0.19724712,-4.950422,3.0341878,-0.0705041,-0.020755611
38672000,2.8962429,-0.19803554,-4.950503,3.0369356,-0.06770251,-0.020903165
38680000,2.920214,-0.19879025,-4.9505877,3.0396168,-0.06493439,-0.021061111
38688000,2.9441147,-0.19952092,-4.9507065,3.0421157,-0.062161606,-0.021179147
38696000,2.9680364,-0.2002181,-4.950828,3.0445507,-0.059374254,-0.021373466
38704000,2.9919786,-0.20088208,-4.950953,3.0469222,-0.05662129,-0.02155848
38712000,3.0159411,-0.20151359,-4.951081,3.0492747,-0.0539164,-0.021689095
38720000,3.0398312,-0.20211561,-4.9512296,3.0513995,-0.0511689,-0.021804664
38728000,3.0637412,-0.20268525,-4.9513803,3.0535078,-0.048435107,-0.021931374
38736000,3.0876708,-0.203223,-4.951521,3.0555754,-0.045704845,-0.02199517
38744000,3.11162,-0.20372935,-4.9516635,3.0576422,-0.043066703,-0.022075841
38752000,3.1355882,-0.20420519,-4.951808,3.0596719,-0.04047386,-0.022202035
38760000,3.159476,-0.20466386,-4.9519763,3.061511,-0.03783789,-0.022255635
38768000,3.1833835,-0.20509209,-4.952146,3.06337,-0.035247907,-0.022362275
38776000,3.2073102,-0.20549051,-4.9523177,3.0651484,-0.032686427,-0.022461325
38784000,3.2312555,-0.20585977,-4.952483,3.066914,-0.03018764,-0.02251217
38792000,3.2551258,-0.20621444,-4.9526696,3.0685055,-0.027679399,-0.022556525
38800000,3.279015,-0.20654033,-4.9528565,3.0700412,-0.025203373,-0.02263223
38808000,3.3029227,-0.20683798,-4.9530444,3.0715814,-0.022758592,-0.022672512
38816000,3.326849,-0.20710774,-4.9532332,3.0730648,-0.020315133,-0.022701422
38824000,3.3506937,-0.2073547,-4.953439,3.0744696,-0.01792595,-0.02274796
38832000,3.3745577,-0.20757465,-4.9536386,3.075875,-0.015546664,-0.022799348
38840000,3.3984406,-0.20776775,-4.9538383,3.0772052,-0.013161655,-0.022865936
38848000,3.4223418,-0.2079344,-4.954039,3.0785165,-0.010847755,-0.022904592
38856000,3.4461768,-0.20807675,-4.954253,3.0796692,-0.008559848,-0.023008201
38864000,3.4700298,-0.20819357,-4.954468,3.0808387,-0.0062799854,-0.0230173
38872000,3.4939013,-0.20828524,-4.954682,3.0819502,-0.0040358244,-0.022981709
38880000,3.5177903,-0.20835231,-4.9548955,3.083065,-0.0018082563,-0.022957642
38888000,3.5416324,-0.20838375,-4.9551086,3.0841591,0.00045422703,-0.02296675
38896000,3.5654924,-0.20839126,-4.955322,3.0851555,0.0026312796,-0.022958685
38904000,3.5893703,-0.2083755,-4.9555345,3.086156,0.0047347494,-0.022931091
38912000,3.6132655,-0.20833683,-4.955747,3.0871265,0.006902555,-0.02292958
38920000,3.6371145,-0.2082907,-4.955964,3.088029,0.009052928,-0.022924105
38928000,3.6609814,-0.20822166,-4.9561806,3.0889657,0.011138447,-0.022876013
38936000,3.6848657,-0.20813039,-4.9564123,3.0898497,0.013185294,-0.022798464
38944000,3.708767,-0.20801753,-4.956643,3.09065,0.015149235,-0.022725753
38952000,3.7326105,-0.20789753,-4.9568825,3.0913796,0.017116394,-0.022682814
38960000,3.7564712,-0.20775639,-4.957121,3.092177,0.019044774,-0.02262807
38968000,3.7803495,-0.2075942,-4.9573574,3.0929642,0.021017315,-0.02258178
38976000,3.8042443,-0.20741136,-4.957593,3.0936944,0.022918925,-0.022443946
38984000,3.828082,-0.20722042,-4.9578347,3.0943432,0.02477129,-0.022355909
38992000,3.8519368,-0.2070097,-4.9580746,3.0949397,0.026559494,-0.022295838
39000000,3.8758085,-0.20677957,-4.9583135,3.0956206,0.028386496,-0.022260316
39008000,3.899697,-0.2065301,-4.9585505,3.0962956,0.03015806,-0.022186805
39016000,3.9236026,-0.20626195,-4.9587865,3.0969296,0.031883784,-0.0220803
39024000,3.9474475,-0.20599863,-4.9590225,3.097436,0.033584733,-0.022028655
39032000,3.9713094,-0.20571679,-4.9592495,3.097958,0.035265353,-0.021965485
39040000,3.995188,-0.2054169,-4.959475,3.0985317,0.036910344,-0.021855315
39048000,4.019084,-0.20509942,-4.9596996,3.099113,0.03852961,-0.021792715
39056000,4.042928,-0.20477752,-4.9599204,3.0996327,0.040138654,-0.021650385
39064000,4.0667906,-0.20443837,-4.9601393,3.1001437,0.041684583,-0.02151459
39072000,4.0906696,-0.20408227,-4.9603567,3.1006618,0.043268602,-0.021393377
39080000,4.114566,-0.20370944,-4.9605727,3.1011972,0.04479542,-0.021226648
39088000,4.138406,-0.20333265,-4.96079,3.1015952,0.046300225,-0.02114447
39096000,4.162255,-0.20294073,-4.9610076,3.101993,0.047774587,-0.021034034
39104000,4.1861205,-0.20253281,-4.961223,3.1023765,0.049248725,-0.020869294
39112000,4.2100024,-0.20210914,-4.9614367,3.102755,0.05069367,-0.020718
39120000,4.233821,-0.20167713,-4.9616446,3.1031187,0.05217778,-0.020564375
39128000,4.2576575,-0.20122932,-4.9618506,3.103439,0.053629424,-0.020444011
39136000,4.2815104,-0.20076613,-4.9620647,3.1037621,0.055060912,-0.02036979
39144000,4.305381,-0.20028782,-4.962277,3.1041195,0.056485873,-0.020279916
39152000,4.3291807,-0.1998042,-4.962486,3.1043622,0.05781758,-0.02018927
39160000,4.3529983,-0.19930598,-4.962693,3.1046548,0.05917892,-0.020123536
39168000,4.376826,-0.19879444,-4.9629,3.1049552,0.06050219,-0.020010946
39176000,4.400671,-0.19826883,-4.9631057,3.1053107,0.0618038,-0.019884963
39184000,4.424442,-0.19774914,-4.9633055,3.1055658,0.06311337,-0.019770255
39192000,4.448231,-0.19721524,-4.9635034,3.1058424,0.064377315,-0.019644959
39200000,4.4720397,-0.19666778,-4.9637,3.1060996,0.06561567,-0.0194796
39208000,4.495866,-0.19610684,-4.9638944,3.1063213,0.06686057,-0.01928439
39216000,4.519615,-0.1955592,-4.964086,3.1064503,0.06811618,-0.019097742
39224000,4.543383,-0.19499813,-4.9642754,3.1066265,0.0692358,-0.018950408
39232000,4.567163,-0.19442503,-4.9644814,3.1068459,0.07039438,-0.018875469
39240000,4.590961,-0.1938391,-4.964685,3.1070426,0.071507074,-0.018690867
39248000,4.614694,-0.19326451,-4.9648666,3.1071475,0.07255984,-0.018523082
39256000,4.6384463,-0.19267698,-4.965047,3.1072657,0.073707364,-0.018369906
39264000,4.662217,-0.19207667,-4.9652257,3.1073518,0.074770786,-0.018257199
39272000,4.6860065,-0.19146433,-4.9654036,3.107528,0.075790755,-0.018102821
39284000,4.709814,-0.19083977,-4.965579,3.1076672,0.0768973,-0.017920211
39288000,4.733543,-0.19022623,-4.9657345,3.1077292,0.07797501,-0.017801227
39296000,4.7572913,-0.18960024,-4.965889,3.1077747,0.07899094,-0.01761232
39304000,4.781051,-0.18896317,-4.9660435,3.1078606,0.07997534,-0.017485669
39312000,4.8048296,-0.18831445,-4.966197,3.107964,0.08097663,-0.017360752
39320000,4.8285494,-0.18766387,-4.9663315,3.1080172,0.081932,-0.017155847
39328000,4.8522882,-0.1870017,-4.966465,3.1081183,0.082934946,-0.016991867
39336000,4.876047,-0.1863282,-4.966602,3.1082647,0.08383687,-0.016796147
39344000,4.899825,-0.18564366,-4.9667373,3.108361,0.08480985,-0.016646033
39352000,4.9235406,-0.18495746,-4.966866,3.1083937,0.085685536,-0.016557768
39360000,4.947276,-0.18426071,-4.966995,3.1084747,0.08658286,-0.016377714
39368000,4.971031,-0.18355337,-4.967122,3.1085732,0.08744805,-0.016215516
39376000,4.9947987,-0.18283632,-4.9672494,3.1085994,0.08833663,-0.016092276
39384000,5.0185075,-0.18212612,-4.9673786,3.108549,0.089202665,-0.015958115
39392000,5.0422354,-0.18140532,-4.9675074,3.1085322,0.0900593,-0.01580654
39400000,5.0659823,-0.1806743,-4.9676347,3.1084871,0.09090452,-0.0156831
39408000,5.089748,-0.17993319,-4.9677615,3.1085303,0.091730475,-0.015541666
39416000,5.113462,-0.17919813,-4.9678946,3.108513,0.092563696,-0.015454011
39424000,5.137195,-0.17845339,-4.9680266,3.1085398,0.09328355,-0.01535654
39432000,5.1609483,-0.1776992,-4.968166,3.108542,0.09406484,-0.015258637
39440000,5.18472,-0.17693539,-4.968304,3.1085494,0.09483879,-0.015170316
39448000,5.2084312,-0.17617966,-4.968439,3.1084778,0.095585,-0.014995998
39456000,5.2321615,-0.17541432,-4.968573,3.1084929,0.09633043,-0.014897281
39464000,5.255912,-0.17463982,-4.968706,3.108532,0.09704471,-0.014814722
39472000,5.2796817,-0.17385627,-4.9688387,3.1085455,0.09774107,-0.014748229
39480000,5.3034077,-0.17308182,-4.968972,3.1085095,0.09842961,-0.01463803
39488000,5.327153,-0.17229821,-4.9691195,3.1084847,0.09912593,-0.014555459
39496000,5.350918,-0.1715055,-4.9692655,3.108468,0.099880084,-0.014487456
39504000,5.374702,-0.17070355,-4.96941,3.1085188,0.10059714,-0.014408856
39512000,5.3984427,-0.16992402,-4.969564,3.1084938,0.10131271,-0.014309857
39520000,5.422203,-0.16913512,-4.969716,3.1084924,0.10195914,-0.014211136
39528000,5.4459825,-0.16833763,-4.9698668,3.1085088,0.10258022,-0.01412392
39536000,5.469781,-0.16753165,-4.9700146,3.1085215,0.1031753,-0.014043133
39544000,5.4935985,-0.1667175,-4.970161,3.1085343,0.1037705,-0.013934339
39552000,5.517371,-0.16594106,-4.970303,3.108578,0.10433859,-0.013797596
39560000,5.541164,-0.1651559,-4.9704432,3.1085796,0.10488132,-0.013729909
39568000,5.5649753,-0.16436248,-4.9705825,3.108625,0.10539604,-0.013663494
39576000,5.5888057,-0.16356102,-4.9707203,3.1086922,0.10588948,-0.01356343
39584000,5.6125774,-0.16279615,-4.9708667,3.108699,0.106382914,-0.013449645
39592000,5.6363688,-0.1620226,-4.9710116,3.1087227,0.10688622,-0.013376586
39600000,5.6601796,-0.16124064,-4.971155,3.1087446,0.10733266,-0.013331289
39608000,5.684009,-0.16045043,-4.9712973,3.10872,0.10783753,-0.013244475
39616000,5.707784,-0.15967621,-4.9714417,3.1086922,0.108255215,-0.0131588355
39624000,5.731579,-0.15889378,-4.9715843,3.108722,0.108708635,-0.013056123
39632000,5.755393,-0.1581032,-4.9717116,3.1087627,0.10914911,-0.013018026
39640000,5.7792263,-0.15730464,-4.9718375,3.1088524,0.10959813,-0.01296641
39648000,5.803005,-0.1565185,-4.9719567,3.108853,0.11006298,-0.012910831
39656000,5.826799,-0.15572427,-4.972076,3.1088545,0.110554665,-0.012795372
39664000,5.850611,-0.15492152,-4.9721937,3.1088116,0.1110473,-0.012693061
39672000,5.8744426,-0.15411074,-4.9723105,3.1087952,0.11145599,-0.012591559
39680000,5.898221,-0.1533043,-4.972416,3.1087542,0.111778356,-0.012432434
39688000,5.922019,-0.1524904,-4.972537,3.10873,0.11221122,-0.012311756
39696000,5.9458356,-0.15166879,-4.972657,3.1087132,0.11261158,-0.01223574
39704000,5.9696712,-0.15083991,-4.972776,3.1086957,0.112981014,-0.012072649
39712000,5.993452,-0.15001217,-4.9728913,3.1086626,0.1133675,-0.011990693
39720000,6.0172524,-0.14917709,-4.973006,3.1086383,0.113761514,-0.011959343
39728000,6.0410666,-0.14833531,-4.9731207,3.1086233,0.11409214,-0.011936452
39736000,6.0648994,-0.14748657,-4.973215,3.1085548,0.11452126,-0.011854103
39744000,6.088751,-0.1466305,-4.9733095,3.1085584,0.11491377,-0.011817302
39752000,6.1125255,-0.14577161,-4.973399,3.108477,0.115261205,-0.01177502
39760000,6.136319,-0.14490603,-4.9734883,3.108426,0.11565396,-0.011730145
39768000,6.1601324,-0.14403357,-4.9735775,3.1084023,0.116019264,-0.011644878
39776000,6.1838846,-0.14316647,-4.973665,3.108231,0.11633553,-0.011564273
39784000,6.207656,-0.14229296,-4.973742,3.1080716,0.1166727,-0.011488015
39796000,6.231442,-0.14141308,-4.9738197,3.1080322,0.11703105,-0.01142822
39804000,6.255247,-0.14052656,-4.973897,3.1079383,0.11740855,-0.011328135
39812000,6.2790713,-0.13963372,-4.973974,3.107909,0.11771721,-0.01120921
39820000,6.30282,-0.13872512,-4.9740467,3.1077735,0.11802356,-0.011067372
39828000,6.3265886,-0.1378105,-4.9741197,3.1076553,0.118388794,-0.011044895
39836000,6.350376,-0.13688986,-4.974217,3.10761,0.11873581,-0.010976281
39844000,6.3741837,-0.13596337,-4.974314,3.1075552,0.11905731,-0.01089604
39852000,6.3979344,-0.13502072,-4.974407,3.107477,0.11940401,-0.010784847
39860000,6.4217057,-0.13407235,-4.9744997,3.1074107,0.1197795,-0.010716151
39868000,6.445492,-0.13311853,-4.974592,3.1073456,0.120116085,-0.01065993
39876000,6.469297,-0.13215947,-4.9746842,3.1072652,0.12041605,-0.010660193
39884000,6.49306,-0.13117972,-4.9747787,3.1071205,0.12075419,-0.010583233
39892000,6.5168424,-0.13019493,-4.974872,3.107071,0.12112395,-0.010549465
39900000,6.5406446,-0.12920484,-4.974965,3.1070254,0.12150638,-0.010551537
39912000,6.5644665,-0.12820986,-4.975058,3.107009,0.12181776,-0.010558888
39920000,6.588252,-0.12718529,-4.9751644,3.1068761,0.1221641,-0.010536027
39928000,6.612057,-0.12615617,-4.97527,3.1068325,0.12256039,-0.010520663
39936000,6.6358814,-0.12512256,-4.975374,3.1067603,0.12290315,-0.010467205
39944000,6.6597195,-0.12408469,-4.9754987,3.1067026,0.12327258,-0.010424972
39952000,6.6835346,-0.123025574,-4.9756417,3.1066139,0.12365909,-0.0103979185
39960000,6.707369,-0.12196235,-4.975783,3.1065295,0.12403957,-0.010364633
39968000,6.7312217,-0.12089518,-4.9759226,3.1064997,0.124369964,-0.01040111
39976000,6.7550926,-0.11982426,-4.9760613,3.1064677,0.124711365,-0.010350808
39984000,6.7789283,-0.118746966,-4.9762087,3.1063917,0.12512507,-0.010290495
39992000,6.8027825,-0.11766571,-4.9763513,3.106345,0.12544587,-0.010248551
40000000,6.826655,-0.11658105,-4.9764924,3.1062858,0.12577307,-0.010257633
40008000,6.8505454,-0.115492426,-4.976632,3.1062284,0.12616757,-0.010227167
40016000,6.874399,-0.11439384,-4.976786,3.1061418,0.12649459,-0.0101827895
40024000,6.8982716,-0.113291875,-4.976938,3.1060512,0.126801,-0.010178303
40032000,6.9221616,-0.11218652,-4.977088,3.1060033,0.12714538,-0.010189622
40040000,6.9460692,-0.11107771,-4.977194,3.1059647,0.12747353,-0.010208038
40048000,6.9699945,-0.10996524,-4.977299,3.1059525,0.12786378,-0.01016717
40056000,6.9938684,-0.108844064,-4.9774137,3.10588,0.12813832,-0.010111034
40064000,7.01776,-0.107719965,-4.977527,3.1058235,0.12844825,-0.010012335
40072000,7.04167,-0.10659285,-4.977639,3.105854,0.12876262,-0.009948872
40080000,7.0655932,-0.105462424,-4.977751,3.105876,0.12908255,-0.009853533
40088000,7.089481,-0.10432316,-4.9778676,3.1058393,0.12938958,-0.009755272
40096000,7.1133866,-0.1031811,-4.9779854,3.1057842,0.129697,-0.009659164
40104000,7.13731,-0.10203599,-4.9781017,3.105727,0.13002947,-0.009560577
40112000,7.1612506,-0.100887984,-4.978216,3.1056852,0.13033631,-0.009405872
40120000,7.1851583,-0.09973979,-4.978341,3.105621,0.1305909,-0.009300694
40128000,7.209083,-0.098588966,-4.978464,3.105499,0.13086586,-0.009244283
40140000,7.2330246,-0.09743577,-4.9785857,3.1053834,0.13111319,-0.009139209
40148000,7.256982,-0.09628026,-4.978731,3.1051953,0.1313674,-0.0090470165
40156000,7.2809043,-0.095123425,-4.978881,3.1048877,0.13166124,-0.008896238
40164000,7.3048415,-0.093963854,-4.9790277,3.104581,0.13194129,-0.008745368
40172000,7.3287935,-0.09280201,-4.9791713,3.1041782,0.13215722,-0.0085983155
40180000,7.3527594,-0.09163829,-4.9793124,3.1037197,0.1323202,-0.008477011
40188000,7.37669,-0.090466,-4.9794593,3.1030982,0.13244839,-0.008356783
40196000,7.400633,-0.08929237,-4.979603,3.1024594,0.1326112,-0.00828338
40204000,7.4245872,-0.08811744,-4.979744,3.1016965,0.13276207,-0.0082030315
40212000,7.4485517,-0.08694115,-4.9798827,3.100812,0.13292491,-0.008109998
40220000,7.4724874,-0.08576418,-4.98002,3.0996885,0.13308643,-0.008066652
40228000,7.496427,-0.08458552,-4.980156,3.0984488,0.13325214,-0.008036191
40236000,7.520373,-0.08340533,-4.98029,3.0971344,0.1334477,-0.008063828
40244000,7.5443234,-0.08222356,-4.980422,3.0957131,0.1335937,-0.008049438
40252000,7.5682483,-0.08104918,-4.980548,3.0941334,0.13365951,-0.008100489
40260000,7.592176,-0.079873785,-4.9806733,3.0923433,0.1337912,-0.008212341
40268000,7.616104,-0.07869733,-4.9807982,3.0903673,0.13384505,-0.008272256
40276000,7.6400313,-0.07752036,-4.980922,3.0882363,0.13387407,-0.008332349
40284000,7.6639185,-0.07634872,-4.9810543,3.0859308,0.13391419,-0.008466703
40292000,7.687802,-0.07517636,-4.981187,3.0833585,0.13397129,-0.008725199
40300000,7.711676,-0.074002825,-4.981313,3.0806422,0.13404258,-0.008890425
40308000,7.735543,-0.07282861,-4.981439,3.077744,0.13408521,-0.009065315
40316000,7.7593727,-0.07166239,-4.9815936,3.0746303,0.13411343,-0.009358636
40324000,7.7831926,-0.07049559,-4.981749,3.0713627,0.13413896,-0.009656388
40332000,7.807,-0.069328286,-4.9819045,3.0678754,0.13411404,-0.009926084
40340000,7.830793,-0.06816093,-4.982061,3.064093,0.13404974,-0.01024174
40348000,7.8545694,-0.06699365,-4.98222,3.0600908,0.13401452,-0.010594034
40356000,7.878275,-0.06584924,-4.9823937,3.0558343,0.13395074,-0.010883061
40364000,7.901958,-0.064704314,-4.9825683,3.0513413,0.13384639,-0.011290389
40372000,7.925619,-0.06355953,-4.982744,3.0467138,0.13372913,-0.011662244
40380000,7.9492574,-0.062414918,-4.982921,3.041867,0.13360783,-0.012101262
40388000,7.9727964,-0.0612954,-4.983114,3.0367215,0.13343005,-0.012560883
40396000,7.9963083,-0.06017607,-4.9833207,3.0312252,0.1332419,-0.012971617
40404000,8.019791,-0.059057277,-4.983528,3.0255067,0.13300532,-0.013384693
40412000,8.0432415,-0.057939183,-4.9837365,3.0195851,0.13279924,-0.01383237
40420000,8.066579,-0.056830835,-4.9839644,3.013384,0.13253893,-0.014282608
40428000,8.089881,-0.055723004,-4.984193,3.0068934,0.13235253,-0.014720122
40436000,8.113147,-0.054615628,-4.9844217,3.0002363,0.13210285,-0.015169035
40444000,8.136374,-0.053509247,-4.9846473,2.9933977,0.13184227,-0.015651127
40452000,8.159467,-0.052416317,-4.984902,2.986189,0.13153504,-0.016187696
40460000,8.182517,-0.051324703,-4.9851575,2.978731,0.13119031,-0.016666826
40468000,8.205523,-0.050234918,-4.9854136,2.9710395,0.13079695,-0.01706623
40476000,8.228483,-0.049146947,-4.98567,2.9630892,0.13044584,-0.017502725
40484000,8.251298,-0.048070095,-4.9859524,2.9548333,0.13008629,-0.017961647
40492000,8.274064,-0.04699489,-4.9862347,2.9463198,0.12970379,-0.01833315
40500000,8.296778,-0.045921788,-4.9865155,2.9375527,0.12928258,-0.018690657
40508000,8.319442,-0.04485112,-4.9867954,2.9286146,0.12882537,-0.019047612
40516000,8.341946,-0.043799236,-4.987098,2.919357,0.12833317,-0.019390192
40524000,8.364393,-0.04274991,-4.9874005,2.9098752,0.12786375,-0.019739289
40532000,8.386782,-0.041703235,-4.987702,2.900179,0.1273455,-0.020058986
40540000,8.40911,-0.040659335,-4.988002,2.8902187,0.12684041,-0.020406637
40548000,8.431253,-0.0396355,-4.988307,2.8799174,0.12626703,-0.020724498
40556000,8.453333,-0.03861455,-4.988611,2.869432,0.12572658,-0.020959998
40564000,8.475347,-0.037596323,-4.9889135,2.8587372,0.12521894,-0.021211801
40572000,8.4972925,-0.036580864,-4.9892144,2.8478222,0.12465901,-0.02139911
40580000,8.519047,-0.035587173,-4.9895334,2.8366475,0.124003924,-0.021673605
40588000,8.540731,-0.034596544,-4.98985,2.8252225,0.12347886,-0.02188567
40596000,8.562344,-0.03360851,-4.9901657,2.8136241,0.122936726,-0.021999195
40604000,8.583882,-0.032623466,-4.990479,2.801842,0.12235192,-0.022138903
40612000,8.605345,-0.031641852,-4.9907894,2.7898686,0.12171404,-0.022223786
40620000,8.626586,-0.030684259,-4.9911156,2.7775545,0.12103391,-0.022373276
40628000,8.64775,-0.029730422,-4.991439,2.7650743,0.12030516,-0.022462633
40636000,8.668834,-0.028780574,-4.991759,2.7524292,0.11961102,-0.022457909
40644000,8.689848,-0.02783588,-4.9920654,2.7396326,0.11891526,-0.022501592
40656000,8.710623,-0.026904708,-4.9923873,2.7264636,0.118181124,-0.022548515
40660000,8.731315,-0.025977649,-4.9927063,2.7131374,0.117474936,-0.022540558
40668000,8.751923,-0.025054721,-4.993021,2.6996658,0.11673413,-0.02249111
40676000,8.772444,-0.024136096,-4.9933324,2.6860814,0.11598187,-0.02240158
40684000,8.792725,-0.023236299,-4.993647,2.6721554,0.11520823,-0.022277985
40692000,8.812919,-0.022340622,-4.993958,2.6580482,0.114479855,-0.022211313
40700000,8.833022,-0.021448929,-4.9942656,2.6437564,0.11375548,-0.02211579
40708000,8.853035,-0.020561378,-4.9945683,2.629357,0.11300843,-0.021903113
40716000,8.872812,-0.019695483,-4.9948697,2.614693,0.11222763,-0.021743026
40724000,8.892497,-0.01883427,-4.9951663,2.5998504,0.11137348,-0.02153146
40732000,8.912087,-0.017978203,-4.995458,2.5849473,0.110494964,-0.021290269
40740000,8.931583,-0.017127518,-4.9957447,2.569938,0.10960439,-0.020998845
40748000,8.950823,-0.016300604,-4.995984,2.5545824,0.1087086,-0.020715628
40756000,8.969966,-0.015479057,-4.9962196,2.5391302,0.10775173,-0.020434894
40764000,8.989011,-0.014663041,-4.9964514,2.523589,0.10684131,-0.020171339
40772000,9.0079565,-0.013852293,-4.996679,2.5079155,0.105960526,-0.019846207
40780000,9.026635,-0.013057654,-4.9968944,2.491972,0.10505326,-0.019472253
40788000,9.045233,-0.012271383,-4.9971027,2.475908,0.10412864,-0.019060478
40796000,9.063729,-0.011490869,-4.997296,2.4597588,0.103172965,-0.018681837
40804000,9.082123,-0.0107162455,-4.9974847,2.443496,0.10224617,-0.018299526
40812000,9.100238,-0.009957402,-4.9976673,2.4269664,0.10131369,-0.017879281
40820000,9.118251,-0.009204474,-4.9978456,2.4103792,0.10035051,-0.01743629
40832000,9.136159,-0.008457304,-4.9980197,2.3936884,0.09941579,-0.017060133
40836000,9.15396,-0.007715922,-4.9981894,2.3769073,0.09846635,-0.016684793
40844000,9.171475,-0.006985976,-4.998332,2.3598895,0.09751912,-0.016232526
40852000,9.188884,-0.006261985,-4.998471,2.3427448,0.09654264,-0.015803188
40860000,9.206208,-0.0055490793,-4.998603,2.3256464,0.095519036,-0.015318173
40876000,9.223424,-0.0048430148,-4.9987307,2.3084712,0.09449843,-0.014852926
40884000,9.240531,-0.004143843,-4.9988546,2.2911649,0.093467206,-0.014386493
40892000,9.257337,-0.0034607754,-4.9989796,2.273613,0.092427686,-0.013888327
40900000,9.274033,-0.0027848054,-4.9990997,2.2560043,0.09136732,-0.013467715
40908000,9.290619,-0.0021157498,-4.99923,2.2383337,0.09029747,-0.01302364
40916000,9.307094,-0.0014541011,-4.999356,2.2206595,0.089191936,-0.01256395
40924000,9.323257,-0.00080454187,-4.9994826,2.2027194,0.08813502,-0.012029742
40932000,9.339328,-0.00017070684,-4.9996023,2.1847818,0.087023206,-0.011578381
40940000,9.355287,0.00045557736,-4.9997177,2.16677,0.085916884,-0.011050754
40948000,9.371133,0.0010740852,-4.999828,2.1487439,0.08480581,-0.010526798
40956000,9.386656,0.0016833295,-4.999907,2.1305053,0.08372744,-0.009989883
40964000,9.402067,0.0022851692,-4.9999814,2.1122017,0.0826592,-0.009457204
40972000,9.417366,0.0028795418,-5.0000515,2.0939078,0.081557125,-0.008933092
40980000,9.432551,0.0034663035,-5.000118,2.07553,0.08045973,-0.008410593
40988000,9.44741,0.0040599583,-5.0001793,2.0569901,0.07941457,-0.007848336
40996000,9.462156,0.004646052,-5.0002365,2.0384586,0.078337714,-0.00735633
41004000,9.476815,0.005215401,-5.000292,2.0199623,0.077208444,-0.006852666
41012000,9.491361,0.0057763415,-5.0003424,2.0013936,0.076070234,-0.0063220593
41020000,9.505591,0.006348011,-5.0003953,1.982639,0.07502026,-0.0058008884
41028000,9.519709,0.0069112647,-5.0004435,1.9639122,0.073883325,-0.005284398
41036000,9.533713,0.007466066,-5.000487,1.945138,0.07281016,-0.00474613
41044000,9.547603,0.008012584,-5.0005264,1.9263892,0.07171827,-0.004210345
41052000,9.561176,0.008564264,-5.0005803,1.9074924,0.07064328,-0.0036951434
41060000,9.574637,0.009107555,-5.0006294,1.8886398,0.069581,-0.0032512338
41068000,9.587986,0.009642735,-5.0006742,1.8698047,0.068542905,-0.0027394642
41076000,9.601248,0.010158928,-5.0007114,1.8510476,0.06746292,-0.0022166034
41084000,9.614204,0.010678742,-5.0007467,1.832032,0.06642,-0.0016869707
41092000,9.627048,0.011190133,-5.0007772,1.8130903,0.065377414,-0.0011838579
41100000,9.639778,0.0116932,-5.0008035,1.7941583,0.06431623,-0.0007355232
41108000,9.652394,0.0121875405,-5.0008354,1.7752184,0.06319994,-0.00030698362
41116000,9.664712,0.012692845,-5.0008698,1.7561837,0.06219641,0.0002625752
41124000,9.676917,0.013190041,-5.0008993,1.737252,0.061212815,0.00076878996
41132000,9.68901,0.013679357,-5.000923,1.7183136,0.06023677,0.0012430936
41140000,9.700989,0.014160678,-5.000942,1.6994005,0.059244506,0.0017186812
41148000,9.712854,0.014634288,-5.000957,1.6805032,0.05830721,0.0021439476
41156000,9.724416,0.01511095,-5.0009747,1.6614419,0.057377346,0.0025794178
41164000,9.735865,0.015580328,-5.0009875,1.6424947,0.056497294,0.0029511475
41172000,9.747201,0.016042674,-5.000996,1.6236328,0.055607244,0.0034276624
41180000,9.758426,0.01649766,-5.001,1.6048037,0.05469585,0.0038026667
41188000,9.769353,0.016953442,-5.00101,1.585824,0.053870276,0.0041822754
41196000,9.7801695,0.017402308,-5.001015,1.5669405,0.052973058,0.004616347
41204000,9.7908745,0.017844053,-5.0010133,1.5480845,0.052045707,0.0050311014
41212000,9.801468,0.01827856,-5.0010066,1.5292896,0.051182732,0.0054639406
41220000,9.81175,0.0187165,-5.0010185,1.5103664,0.050385542,0.0058784084
41228000,9.821923,0.019148085,-5.0010257,1.4915543,0.049589798,0.0062777745
41236000,9.831986,0.019573446,-5.0010276,1.4728272,0.0487752,0.006685112
41244000,9.84194,0.019992564,-5.001025,1.4541707,0.048003826,0.007107858
41252000,9.851581,0.020423941,-5.0010147,1.4354353,0.047286768,0.0074976706
41260000,9.8611145,0.020849675,-5.0009995,1.4167565,0.04658354,0.007908984
41268000,9.870541,0.021269834,-5.00098,1.3981621,0.045841374,0.008239714
41276000,9.879858,0.021684414,-5.000956,1.3796763,0.045164526,0.008643869
41284000,9.888869,0.022115251,-5.000937,1.361097,0.044526394,0.008973573
41292000,9.897776,0.022540962,-5.0009136,1.3425899,0.043878563,0.009355225
41300000,9.906577,0.022961428,-5.0008855,1.3241467,0.04320792,0.00971898
41308000,9.915273,0.023376811,-5.0008717,1.3058178,0.042581912,0.010082817
41316000,9.923666,0.023812262,-5.000856,1.287493,0.04201866,0.010438625
41324000,9.931956,0.024243178,-5.000835,1.269219,0.04145908,0.010723985
41332000,9.940145,0.024669508,-5.00081,1.2509893,0.040896866,0.011047199
41340000,9.948229,0.025091588,-5.000781,1.2328626,0.0403737,0.011352394
41348000,9.956017,0.0255169,-5.0007477,1.2147267,0.039853264,0.011630891
41356000,9.963704,0.025938297,-5.00073,1.1967386,0.039350707,0.011911853
41364000,9.971292,0.026355583,-5.000708,1.1788483,0.038811963,0.012174698
41372000,9.978779,0.026769044,-5.0006814,1.1610287,0.038336985,0.012487463
41380000,9.985979,0.027197015,-5.00065,1.143225,0.03790175,0.0127557665
41388000,9.993082,0.02762164,-5.000614,1.1255096,0.037509557,0.013060763
41396000,10.000088,0.028042931,-5.000574,1.1078502,0.037049178,0.013318693
41404000,10.006995,0.028460901,-5.0005217,1.0903047,0.03665758,0.013552418
41412000,10.013804,0.028875828,-5.0004654,1.0728946,0.03624716,0.013788155
41420000,10.020345,0.029312056,-5.0004025,1.0554773,0.035847854,0.014043133
41428000,10.02679,0.029745065,-5.000335,1.0381925,0.035488717,0.014366587
41436000,10.03314,0.030175103,-5.000264,1.0210072,0.035124425,0.014624612
41444000,10.039395,0.030602157,-5.0001893,1.0039936,0.034799334,0.014944056
41452000,10.045394,0.03104928,-5.000135,0.98695093,0.034521725,0.015138417
41460000,10.0513,0.03149379,-5.0000763,0.97000355,0.034227796,0.015362679
41468000,10.057115,0.031935368,-5.000014,0.95327884,0.033927325,0.0156126665
41476000,10.062839,0.032374177,-4.999947,0.93667006,0.033615578,0.015855474
41484000,10.068327,0.032838758,-4.9998765,0.92001605,0.033328496,0.016097799
41492000,10.073726,0.033300586,-4.9998016,0.9035427,0.033105336,0.016352503
41500000,10.079037,0.03375958,-4.999723,0.88720566,0.03283678,0.016594933
41508000,10.084259,0.03421571,-4.9996424,0.8709561,0.032584883,0.016821615
41516000,10.089267,0.03469979,-4.9995627,0.85476047,0.03238005,0.017107544
41524000,10.094189,0.035181057,-4.9994793,0.8386964,0.03217149,0.017282322
41532000,10.099026,0.035659563,-4.9993925,0.82279193,0.031984046,0.017470462
41540000,10.103776,0.036135215,-4.999302,0.80702955,0.03173658,0.017681433
41548000,10.108335,0.036634043,-4.999211,0.7913172,0.03153176,0.017796025
41556000,10.112809,0.037129838,-4.9991164,0.77573836,0.031361673,0.01787884
41564000,10.117201,0.03762311,-4.9990196,0.76028466,0.03123053,0.018027242
41572000,10.1215105,0.038113732,-4.9989195,0.7449974,0.03106045,0.018165851
41580000,10.125643,0.038622938,-4.9988194,0.7297295,0.030925024,0.018218746
41588000,10.129695,0.03912942,-4.9987164,0.71455663,0.030785138,0.018336764
41596000,10.133666,0.039633296,-4.998611,0.6995948,0.030683119,0.018430326
41604000,10.137558,0.040134612,-4.9984975,0.68478376,0.030519964,0.018474821
41612000,10.141283,0.040649433,-4.998384,0.6700096,0.030360356,0.018488921
41620000,10.144931,0.041161347,-4.998269,0.6554062,0.030237379,0.018517584
41628000,10.148501,0.04167064,-4.9981523,0.6409564,0.030151693,0.018532205
41636000,10.151995,0.04217731,-4.998034,0.6266407,0.02997875,0.018547257
41644000,10.155334,0.042692013,-4.9979076,0.61249006,0.029813595,0.018547338
41652000,10.158599,0.0432038,-4.9977703,0.5983584,0.029710313,0.018566199
41660000,10.161788,0.043712523,-4.9976325,0.5844597,0.029519599,0.018526513
41668000,10.164904,0.04421801,-4.9974937,0.5706582,0.029374536,0.018523667
41676000,10.167946,0.04472029,-4.997355,0.55697906,0.029191986,0.018487275
41684000,10.170824,0.045246452,-4.997212,0.54338914,0.02908531,0.018448362
41692000,10.173632,0.045769263,-4.9970694,0.53004026,0.028946737,0.018368063
41700000,10.176368,0.046288516,-4.9969263,0.5167906,0.028766682,0.018362423
41708000,10.179052,0.046793226,-4.996803,0.5037399,0.028552856,0.01832347
41716000,10.181585,0.047323503,-4.9966774,0.49075967,0.028367342,0.01824523
41724000,10.18405,0.04785012,-4.9965515,0.4778701,0.02822693,0.018142153
41732000,10.186446,0.048372943,-4.996425,0.46510497,0.028051537,0.018092493
41740000,10.188774,0.048891775,-4.996299,0.45245907,0.027839411,0.017992241
41748000,10.190959,0.049431387,-4.9961596,0.43990186,0.027675068,0.01788746
41756000,10.193078,0.04996645,-4.9960165,0.4275354,0.027429292,0.017757824
41764000,10.195133,0.05049696,-4.9958735,0.4152982,0.02725307,0.01765787
41772000,10.19714,0.051013853,-4.9957304,0.403233,0.027059028,0.01748562
41780000,10.199003,0.05154989,-4.995581,0.39130878,0.02691404,0.017317561
41788000,10.200806,0.05208158,-4.995433,0.37955943,0.026709758,0.017156947
41796000,10.202546,0.052608706,-4.995286,0.36790276,0.026473835,0.017027415
41804000,10.2042265,0.053130943,-4.995133,0.3564521,0.02623494,0.016862892
41812000,10.205774,0.053672705,-4.994972,0.3450739,0.026072675,0.016700499
41820000,10.207263,0.054209698,-4.994813,0.33375216,0.025873039,0.016545111
41828000,10.2086935,0.054741714,-4.9946556,0.3226255,0.025641378,0.016444568
41836000,10.210067,0.05526896,-4.9944987,0.31169572,0.025455523,0.016352698
41844000,10.211339,0.05580833,-4.9943285,0.300799,0.025283271,0.016166976
41852000,10.212556,0.0563427,-4.994171,0.29009655,0.025040405,0.015958656
41860000,10.2137165,0.056871682,-4.9940157,0.2795472,0.024759037,0.01573584
41868000,10.214824,0.057395127,-4.993862,0.26916757,0.024479736,0.015526401
41876000,10.215831,0.05794761,-4.9937134,0.25882664,0.024265883,0.015295875
41884000,10.2167845,0.058494553,-4.9935665,0.24863671,0.02403772,0.015074139
41892000,10.217687,0.059035793,-4.9934216,0.23856094,0.023799494,0.0148750255
41900000,10.218536,0.05957102,-4.9932785,0.22857533,0.023469606,0.01467875
41908000,10.219307,0.0601234,-4.993145,0.21877223,0.023165237,0.014436303
41916000,10.220039,0.060662933,-4.9930134,0.20914453,0.022923805,0.0142030455
41924000,10.220723,0.061196458,-4.992884,0.19967297,0.022631804,0.013999413
41932000,10.221358,0.061723784,-4.9927564,0.19032098,0.022335527,0.0137652885
41940000,10.221944,0.062245045,-4.992631,0.1811436,0.022068687,0.013492129
41948000,10.22246,0.06277593,-4.9925127,0.17209482,0.021771077,0.013235109
41956000,10.22293,0.063300334,-4.9923787,0.1631299,0.021451313,0.0129172895
41964000,10.223352,0.06381784,-4.992248,0.15423907,0.021062624,0.012641839
41972000,10.223728,0.06432827,-4.99212,0.14550847,0.020713903,0.012366041
41980000,10.224038,0.064858295,-4.9919944,0.13687968,0.02043635,0.012086394
41988000,10.224317,0.06537605,-4.991872,0.1284583,0.020124003,0.011792243
41996000,10.22455,0.06588702,-4.9917517,0.120121494,0.019779347,0.011549661
42004000,10.22474,0.06639082,-4.991641,0.11186581,0.019388663,0.011273714
42012000,10.224857,0.06692284,-4.9915357,0.10375534,0.019057225,0.011015932
42020000,10.224934,0.067447394,-4.991433,0.09573569,0.018676456,0.010722548
42028000,10.224967,0.067964,-4.9913335,0.08788683,0.018296001,0.010452121
42036000,10.22496,0.06847333,-4.991236,0.0802105,0.017976487,0.010164985
42044000,10.224906,0.06899158,-4.991143,0.07260292,0.017582685,0.009871777
42052000,10.224823,0.06949684,-4.9910364,0.065067425,0.017112227,0.0096072
42060000,10.2247,0.06999377,-4.9909325,0.057680275,0.016696358,0.00938457
42068000,10.224538,0.07048269,-4.9908314,0.050426014,0.016301272,0.009162311
42076000,10.22434,0.07097708,-4.9907436,0.043383285,0.015864927,0.008862184
42084000,10.224106,0.071462855,-4.9906588,0.036430597,0.01541446,0.008580382
42092000,10.223835,0.071939975,-4.990577,0.029565597,0.014939684,0.008281079
42100000,10.223528,0.07240839,-4.9904985,0.02280004,0.014449817,0.007996431
42108000,10.223199,0.07288904,-4.9904337,0.016183253,0.013915635,0.0077207857
42116000,10.222835,0.07336033,-4.990371,0.009653818,0.01343664,0.007438311
42124000,10.222445,0.073819056,-4.990312,0.003272878,0.012982176,0.007106226
42132000,10.222021,0.07426894,-4.9902554,-0.0030168714,0.012492067,0.0068435245
42140000,10.221591,0.07473894,-4.990223,-0.0091745695,0.012001929,0.00663507
42148000,10.2211275,0.07519915,-4.990192,-0.015218924,0.011465542,0.006319487
42156000,10.220631,0.075649716,-4.9901724,-0.021169815,0.010937702,0.006000986
42164000,10.220101,0.07609035,-4.9901547,-0.02700054,0.010360114,0.0057351263
42172000,10.219566,0.07654342,-4.990166,-0.03270732,0.009851303,0.0054622167
42180000,10.219,0.07698669,-4.9901786,-0.038307324,0.009329055,0.005260002
42188000,10.218402,0.07741974,-4.9901915,-0.04382209,0.008737805,0.0049710823
42196000,10.217781,0.07783949,-4.990206,-0.049217213,0.008144854,0.00475319
42204000,10.217131,0.07824896,-4.9902225,-0.054531872,0.007574178,0.004556074
42212000,10.216478,0.07868117,-4.99028,-0.059718218,0.006994774,0.004310267
42220000,10.2157955,0.07910261,-4.990338,-0.064834096,0.0064157858,0.0040824176
42228000,10.215083,0.07951362,-4.9903955,-0.06986766,0.005842283,0.0038170277
42236000,10.214341,0.07991418,-4.9904537,-0.07479951,0.005271658,0.0035805253
42244000,10.213596,0.08033847,-4.990544,-0.07953994,0.004696337,0.0032890316
42252000,10.212824,0.08075206,-4.990641,-0.08418674,0.00415662,0.0030359752
42260000,10.212024,0.08115491,-4.990738,-0.088793926,0.003542788,0.0028394244
42268000,10.211204,0.08154419,-4.990833,-0.09328763,0.0029197596,0.002713861
42276000,10.210402,0.0819569,-4.9909573,-0.0976388,0.0023732847,0.0025270313
42288000,10.209572,0.082358725,-4.99108,-0.10192812,0.001805951,0.0023762933
42296000,10.208716,0.08274943,-4.9912004,-0.10609217,0.0012121552,0.0022717451
42304000,10.207835,0.08312912,-4.9913187,-0.11024874,0.00062146445,0.0021372046
42312000,10.206981,0.08353505,-4.9914656,-0.11424407,5.2856572e-05,0.0019036902
42320000,10.206102,0.0839296,-4.9916105,-0.11812719,-0.0005157897,0.0017001148
42328000,10.205198,0.084313296,-4.991753,-0.12191424,-0.0009929328,0.001550956
42340000,10.204277,0.08468427,-4.9918933,-0.12562497,-0.0015962279,0.0014220914
42348000,10.2033825,0.08507591,-4.992046,-0.12921621,-0.0021464152,0.0013205563
42356000,10.202464,0.08545622,-4.992195,-0.13277346,-0.0027089438,0.001232412
42364000,10.201522,0.085825115,-4.99237,-0.13628018,-0.0033011714,0.0011342051
42372000,10.200556,0.086182386,-4.9925413,-0.13970716,-0.0039330428,0.0010989641
42380000,10.199627,0.08654106,-4.992712,-0.14297572,-0.0044999802,0.0010520492
42388000,10.198675,0.08688865,-4.992879,-0.14615454,-0.005030746,0.0009591777
42396000,10.1977005,0.08722514,-4.9930425,-0.14933272,-0.0056295446,0.00089440256
42404000,10.196704,0.08755022,-4.993202,-0.15241314,-0.006234998,0.0008746416
42408000,10.191933,0.08767464,-4.993325,-0.16415876,-0.009710573,0.0011734824
42412000,10.191558,0.08801279,-4.9934745,-0.165365,-0.009851243,0.0011179185
42420000,10.190511,0.0883017,-4.993615,-0.16796894,-0.010453077,0.0011682863
42428000,10.189444,0.08857926,-4.993752,-0.1705368,-0.011094629,0.0012376658
42436000,10.188386,0.08891405,-4.9938984,-0.17298064,-0.011692589,0.0012656881
42444000,10.187319,0.08922637,-4.994036,-0.17540175,-0.012297184,0.0013162994
42452000,10.186238,0.08951897,-4.9941764,-0.17779408,-0.012850476,0.0013370232
42460000,10.185144,0.08979374,-4.99431,-0.18007053,-0.013461326,0.0013871496
42468000,10.184124,0.090062216,-4.9944215,-0.18221156,-0.01400251,0.0014786888
42476000,10.183086,0.090315096,-4.9945283,-0.18435422,-0.014685461,0.0015113917
42484000,10.182031,0.09055312,-4.994631,-0.18642214,-0.015308801,0.0015451644
42492000,10.180959,0.09077705,-4.99473,-0.18846126,-0.016022015,0.001598979
42500000,10.179945,0.09100226,-4.994815,-0.19036077,-0.016688291,0.0017111235
42508000,10.178913,0.091214426,-4.9948964,-0.19224826,-0.017282924,0.0018092338
42516000,10.177863,0.091414325,-4.994974,-0.1940642,-0.017895749,0.0018941624
42524000,10.176795,0.09160176,-4.995049,-0.19583271,-0.01856788,0.0019670331
42532000,10.175787,0.09179345,-4.995129,-0.19753976,-0.01923501,0.0020318858
42540000,10.174766,0.091971986,-4.9952064,-0.19918314,-0.019893864,0.0021040295
42552000,10.173725,0.092138365,-4.9953074,-0.20080213,-0.020598622,0.0021742035
42556000,10.172693,0.0925583,-4.9954996,-0.2023328,-0.021129332,-0.0036819514
42564000,10.171726,0.092853144,-4.9957147,-0.20381951,-0.021664718,-0.007997433
42572000,10.170758,0.09310001,-4.99598,-0.20527847,-0.02230899,-0.011903089
42580000,10.169879,0.09330491,-4.9962444,-0.20659833,-0.022932457,-0.01530415
42588000,10.168985,0.09347693,-4.9965544,-0.20778179,-0.023537632,-0.018405791
42596000,10.168073,0.09362183,-4.9969068,-0.20902072,-0.024164764,-0.02107396
42604000,10.167139,0.09374317,-4.997298,-0.21022591,-0.024836672,-0.023418589
42612000,10.16627,0.09384009,-4.997678,-0.2113622,-0.025506105,-0.02538309
42620000,10.165379,0.0939189,-4.9980927,-0.21239308,-0.026146123,-0.02702796
42628000,10.164466,0.0939813,-4.998507,-0.21341674,-0.02682577,-0.02844339
42636000,10.163531,0.094028674,-4.9989524,-0.21439335,-0.02749037,-0.029561793
42644000,10.162659,0.09406505,-4.9993734,-0.2152492,-0.028148405,-0.030447653
42652000,10.161764,0.094088554,-4.999822,-0.21612656,-0.028779797,-0.031109158
42660000,10.160854,0.09409931,-5.000296,-0.21696228,-0.029464997,-0.031571142
42668000,10.1599245,0.09409793,-5.000793,-0.21776001,-0.030175224,-0.031918243
42676000,10.159061,0.09409226,-5.001252,-0.21844757,-0.030883305,-0.032071896
42684000,10.158178,0.094075024,-5.0017405,-0.21908425,-0.031591933,-0.032028623
42692000,10.157278,0.094046906,-5.002248,-0.21971467,-0.03220321,-0.03187746
42700000,10.156359,0.09400843,-5.0027733,-0.22029889,-0.0328688,-0.031624857
42708000,10.155423,0.09395938,-5.0033145,-0.22093284,-0.03356903,-0.03118682
42716000,10.154555,0.093892016,-5.0038147,-0.22141032,-0.034252353,-0.030688886
42724000,10.15367,0.09381448,-5.004327,-0.22186443,-0.034948956,-0.03008587
42732000,10.152771,0.09372651,-5.0048566,-0.22233562,-0.03564825,-0.029384665
42740000,10.151855,0.09362857,-5.005394,-0.2227995,-0.036352713,-0.028617062
42748000,10.151007,0.093526065,-5.005879,-0.22317813,-0.037042707,-0.027773457
42756000,10.15014,0.09341368,-5.006369,-0.22349887,-0.037757996,-0.026909001
42764000,10.149258,0.09329125,-5.0068636,-0.2238493,-0.03846695,-0.025981398
42772000,10.148357,0.093159035,-5.007361,-0.22418755,-0.039157473,-0.02506256
42780000,10.147533,0.093014605,-5.007782,-0.22436936,-0.039858636,-0.024038572
42788000,10.146692,0.092860736,-5.0082054,-0.22458589,-0.04053603,-0.022992706
42796000,10.145834,0.09269756,-5.0086293,-0.22480643,-0.04119493,-0.021878175
42808000,10.144963,0.09252515,-5.009053,-0.22499502,-0.041885454,-0.020727979
42816000,10.144167,0.09234243,-5.0094013,-0.22505067,-0.042552892,-0.019609824
42824000,10.143353,0.09215091,-5.0097494,-0.22512236,-0.043190856,-0.018445732
42832000,10.142525,0.091950506,-5.0100894,-0.22520304,-0.043881822,-0.017262982
42840000,10.14168,0.09174108,-5.010428,-0.22529201,-0.04455878,-0.016113907
42848000,10.140914,0.09150094,-5.010682,-0.22523604,-0.04527005,-0.014836874
42856000,10.140131,0.0912525,-5.0109344,-0.22526786,-0.045888923,-0.013680079
42864000,10.139332,0.090996064,-5.011185,-0.22526102,-0.046585824,-0.012504552
42872000,10.138519,0.09073124,-5.011433,-0.22520399,-0.04722989,-0.011323071
42880000,10.137792,0.09043502,-5.011598,-0.2250327,-0.047868367,-0.010080858
42888000,10.137048,0.09013119,-5.0117497,-0.2248129,-0.04857504,-0.008860767
42896000,10.136289,0.08981968,-5.011899,-0.22463007,-0.04924321,-0.007743693
42904000,10.135512,0.08950047,-5.0120463,-0.22447091,-0.04992514,-0.0066849235
42912000,10.134841,0.089148864,-5.012123,-0.22422679,-0.050620954,-0.0055874432
42920000,10.134152,0.08878997,-5.0121975,-0.22391182,-0.051338796,-0.004466681
42928000,10.133448,0.088423975,-5.01227,-0.22363047,-0.052008167,-0.0033602754
42936000,10.132728,0.08805109,-5.012321,-0.22333206,-0.052677345,-0.002241633
42944000,10.132118,0.08766228,-5.0123115,-0.2229544,-0.053292863,-0.0011865598
42952000,10.131491,0.08726731,-5.012301,-0.22256887,-0.053913247,-0.00016832358
42960000,10.130847,0.08686578,-5.0122895,-0.22217456,-0.054588955,0.0007563554
42968000,10.130187,0.08645781,-5.012276,-0.22182457,-0.055211183,0.0017169238
42976000,10.129511,0.08604336,-5.012261,-0.22148184,-0.05587306,0.0026924012
42984000,10.128948,0.08561503,-5.0121894,-0.22103433,-0.056547694,0.0036747586
42992000,10.128368,0.085180566,-5.012116,-0.22058673,-0.057136334,0.004589324
43000000,10.127771,0.084740445,-5.012041,-0.22014228,-0.057690106,0.0054569277
43008000,10.127157,0.084294796,-5.0119653,-0.21971454,-0.058278378,0.006290416
43016000,10.126657,0.083845176,-5.0118275,-0.21915857,-0.05884638,0.0070460467
43024000,10.126139,0.083389856,-5.0116897,-0.21859677,-0.05942958,0.007800854
43032000,10.125604,0.08292874,-5.0115614,-0.21804142,-0.06005119,0.008553987
43040000,10.125051,0.08246151,-5.0114326,-0.2175259,-0.06070191,0.009245313
43048000,10.1246195,0.0819887,-5.01123,-0.21686338,-0.061277144,0.009979323
43056000,10.124169,0.08151061,-5.0110283,-0.21627125,-0.06180035,0.010623952
43064000,10.1237,0.08102727,-5.0108275,-0.21574455,-0.062351927,0.011224866
43072000,10.123214,0.08053884,-5.0106273,-0.21515869,-0.06284914,0.01180543
43080000,10.122866,0.08003468,-5.0103602,-0.21444334,-0.06334608,0.01236344
43088000,10.122499,0.07952615,-5.0101066,-0.21373701,-0.063842565,0.0129335085
43096000,10.122114,0.07901325,-5.009855,-0.21302202,-0.064275675,0.013412458
43104000,10.121711,0.07849601,-5.009605,-0.21232618,-0.06478556,0.013899221
43112000,10.121423,0.07797045,-5.0093026,-0.21159954,-0.06523603,0.014337916
43120000,10.121116,0.07744089,-5.009003,-0.21090446,-0.0656829,0.0147745
43128000,10.120788,0.07690735,-5.0087066,-0.21018404,-0.06610544,0.015100742
43136000,10.120441,0.07637001,-5.008447,-0.20940314,-0.06654379,0.01552352
43144000,10.120204,0.07583478,-5.008126,-0.20859362,-0.06695105,0.01592562
43152000,10.119947,0.075295955,-5.0078077,-0.20780493,-0.06735779,0.016186882
43160000,10.11967,0.074753605,-5.007493,-0.20704284,-0.067710616,0.016466077
43168000,10.119373,0.074207865,-5.0071816,-0.2063301,-0.06811321,0.016736267
43176000,10.119185,0.07366539,-5.006801,-0.205533,-0.06847295,0.017053157
43184000,10.118976,0.073119454,-5.00645,-0.20470767,-0.06882259,0.017318876
43192000,10.118746,0.072570354,-5.0061035,-0.20387599,-0.069166325,0.017524743
43200000,10.118496,0.07201808,-5.0057607,-0.20313857,-0.06948026,0.017719924
43208000,10.118338,0.071471564,-5.0053577,-0.20224875,-0.069764785,0.017885314
43216000,10.118158,0.070922084,-5.0049605,-0.20139064,-0.07007524,0.018031355
43224000,10.117959,0.07036987,-5.004568,-0.20059511,-0.07036955,0.018227937
43232000,10.11774,0.06981477,-5.0041847,-0.19988611,-0.07063959,0.018260647
43240000,10.117499,0.06925727,-5.003807,-0.19918576,-0.07084945,0.018325564
43248000,10.117349,0.06870347,-5.003375,-0.19837713,-0.07109653,0.018347593
43256000,10.117177,0.068147376,-5.00295,-0.19759437,-0.07130571,0.018368494
43264000,10.116984,0.06758897,-5.002532,-0.19684735,-0.07154777,0.018341374
43272000,10.116772,0.067028105,-5.0021205,-0.1961064,-0.07175914,0.018307967
43280000,10.1166315,0.06645593,-5.0016465,-0.19526914,-0.07193517,0.01826923
43288000,10.11647,0.0658822,-5.001171,-0.19449094,-0.072085775,0.01821805
43296000,10.116289,0.065307304,-5.0007043,-0.19374982,-0.07225503,0.018110104
43304000,10.116087,0.06473103,-5.0002456,-0.193012,-0.0723734,0.018040001
43312000,10.115956,0.06413058,-4.9997373,-0.19221778,-0.07256437,0.017969785
43320000,10.115805,0.06352919,-4.999238,-0.19142938,-0.07267606,0.017878618
43328000,10.115632,0.062927336,-4.998748,-0.190628,-0.072803155,0.01774147
43336000,10.11544,0.062324814,-4.9982767,-0.18990697,-0.07290429,0.017587766
43344000,10.11532,0.061702356,-4.9977427,-0.18911187,-0.073022045,0.017417286
43352000,10.115178,0.061079614,-4.9972196,-0.18836534,-0.07315567,0.017183498
43360000,10.115017,0.06045676,-4.996707,-0.18762769,-0.073272645,0.016972402
43368000,10.114836,0.05983387,-4.9962044,-0.18690433,-0.07337695,0.016724532
43376000,10.114725,0.059197098,-4.9956546,-0.18613714,-0.07344288,0.016525686
43384000,10.114594,0.05856064,-4.995112,-0.18537948,-0.07356898,0.01626777
43392000,10.114443,0.057924278,-4.9945803,-0.18469965,-0.073661454,0.016069777
43400000,10.114271,0.057288397,-4.994059,-0.18402155,-0.07370284,0.015752602
43412000,10.114165,0.05663689,-4.993509,-0.1832982,-0.07376308,0.0153979575
43420000,10.114039,0.055986162,-4.9929705,-0.18260248,-0.073831916,0.0150504755
43428000,10.113893,0.05533637,-4.9924445,-0.1819491,-0.07384184,0.014640978
43436000,10.113726,0.054688234,-4.9919586,-0.18133792,-0.07383535,0.014261566
43444000,10.113538,0.05404107,-4.991484,-0.18075643,-0.07389091,0.0138891945
43452000,10.113421,0.05339339,-4.9909773,-0.18010922,-0.07392815,0.013487072
43460000,10.113284,0.052747022,-4.9904823,-0.17944656,-0.07387575,0.01308199
43468000,10.113127,0.05210187,-4.989999,-0.17888469,-0.07392304,0.012684883
43476000,10.113034,0.051452402,-4.9894915,-0.17826314,-0.07388453,0.012300068
43484000,10.11292,0.0508046,-4.9889956,-0.17765407,-0.07384186,0.011956683
43492000,10.112784,0.050158266,-4.9884973,-0.17706314,-0.07380732,0.01154474
43500000,10.112629,0.049513597,-4.9880114,-0.17648049,-0.07373864,0.011074447
43512000,10.1124525,0.048870835,-4.9875374,-0.17595579,-0.07369634,0.010630817
43516000,10.11234,0.04823271,-4.98704,-0.17537287,-0.073621675,0.010160654
43524000,10.112206,0.047596335,-4.9865556,-0.174813,-0.073523134,0.00973192
43532000,10.112051,0.046961796,-4.986083,-0.1742759,-0.07342696,0.009242285
43540000,10.111876,0.046328843,-4.9856358,-0.17381519,-0.073383585,0.0038369272
43548000,10.111771,0.04571293,-4.985234,-0.17325406,-0.07329003,-0.0084985765
43556000,10.111643,0.04509836,-4.9849563,-0.17276622,-0.07319558,-0.024779135
43564000,10.111494,0.04448521,-4.9848285,-0.17231098,-0.07312425,-0.043627325
43572000,10.111324,0.043873306,-4.984866,-0.17189044,-0.07300886,-0.06388995
43580000,10.111231,0.043266542,-4.9850264,-0.17143242,-0.07266781,-0.08448687
43588000,10.1111145,0.042664655,-4.9853554,-0.17101024,-0.07189648,-0.10455203
43596000,10.110976,0.04207208,-4.985851,-0.17057167,-0.07045588,-0.1238723
43604000,10.110816,0.041494805,-4.9865065,-0.17015,-0.068186216,-0.1422126
43612000,10.110636,0.040939916,-4.9873133,-0.16972801,-0.06497459,-0.15954034
43620000,10.110525,0.04042764,-4.9882455,-0.16925845,-0.060785547,-0.17580897
43628000,10.110393,0.039953418,-4.9893117,-0.16876902,-0.05550775,-0.19083223
43636000,10.11024,0.03952575,-4.9905105,-0.16822965,-0.04917288,-0.20459709
43644000,10.110162,0.03917307,-4.9918437,-0.16759843,-0.041632954,-0.21694833
43652000,10.110064,0.03888514,-4.993278,-0.16697635,-0.032947592,-0.2279185
43660000,10.109944,0.038670998,-4.9948015,-0.1663684,-0.023119066,-0.23753963
43668000,10.109806,0.038539346,-4.9964046,-0.16570127,-0.0122184325,-0.24588482
43676000,10.109728,0.03851238,-4.998116,-0.164977,-0.00026986288,-0.25294465
43684000,10.109631,0.038584415,-4.9998846,-0.1642462,0.012710489,-0.25871566
43692000,10.109514,0.03876378,-5.0016923,-0.16352384,0.026724938,-0.2632701
43700000,10.109379,0.03905834,-5.003538,-0.1628068,0.04169019,-0.26672816
43708000,10.109308,0.039522808,-5.0054655,-0.16199243,0.05761618,-0.26913536
43716000,10.109218,0.040116478,-5.0074124,-0.16115941,0.07436698,-0.2705385
43724000,10.109109,0.040845904,-5.009371,-0.16041039,0.091994084,-0.2708847
43732000,10.108982,0.041717958,-5.011332,-0.15964063,0.11042833,-0.27032152
43740000,10.10892,0.04284402,-5.013333,-0.15875798,0.12965426,-0.26884848
43748000,10.10884,0.04412296,-5.0153217,-0.15790349,0.14966306,-0.26657623
43756000,10.108743,0.045560725,-5.0172925,-0.15699048,0.17030509,-0.2636177
43764000,10.108628,0.047162194,-5.0192385,-0.15610965,0.19158374,-0.25986204
43772000,10.108498,0.048932552,-5.021155,-0.1551983,0.21347758,-0.25553074
43780000,10.10844,0.051039156,-5.0230255,-0.15421231,0.23599932,-0.25052524
43788000,10.107129,0.055480935,-5.026783,-0.15299755,0.28282136,-0.23876004
43796000,10.10703,0.058133062,-5.0285125,-0.1520359,0.30689338,-0.23226303
43804000,10.106915,0.06097207,-5.030191,-0.15110372,0.3313227,-0.22540317
43812000,10.106877,0.06421182,-5.0317683,-0.15005943,0.35637027,-0.21811894
43820000,10.106822,0.06764232,-5.03329,-0.14907366,0.3818515,-0.21053092
43828000,10.1067505,0.07126667,-5.034754,-0.14808434,0.40763563,-0.20273583
43836000,10.106665,0.07508782,-5.0361595,-0.14710362,0.43377978,-0.19474927
43844000,10.10664,0.07935582,-5.037429,-0.14604694,0.46051162,-0.18659694
43852000,10.106599,0.083823085,-5.038638,-0.14499302,0.4875259,-0.1783576
43860000,10.106544,0.08849187,-5.0397863,-0.14399947,0.51475495,-0.17007904
43868000,10.106473,0.09336437,-5.0408735,-0.14304277,0.54221994,-0.161662
43876000,10.10646,0.09871909,-5.041809,-0.1419486,0.57022077,-0.15321521
43884000,10.106432,0.10427835,-5.0426846,-0.14093046,0.5983996,-0.14481117
43892000,10.106389,0.11004391,-5.04349,-0.1399056,0.62674,-0.13631776
43900000,10.106332,0.11601733,-5.044235,-0.13893615,0.6551902,-0.12791677
43908000,10.106341,0.12250993,-5.044826,-0.13789901,0.684172,-0.11959383
43916000,10.106337,0.12920994,-5.045359,-0.13683875,0.71328264,-0.11130421
43924000,10.106317,0.13611887,-5.0458355,-0.13581215,0.74246275,-0.1030783
43932000,10.106282,0.14323783,-5.0462556,-0.1347717,0.77172947,-0.09504064
43940000,10.106576,0.15117142,-5.046409,-0.13350706,0.80151576,-0.08701406
43948000,10.106791,0.15923901,-5.0465364,-0.13229156,0.8313143,-0.07916908
43956000,10.106943,0.16745839,-5.0466337,-0.13113163,0.8611043,-0.07147132
43964000,10.107123,0.17620069,-5.0465803,-0.12992264,0.8912192,-0.06387835
43972000,10.107258,0.18510683,-5.046495,-0.12875943,0.9213062,-0.056468863
43980000,10.107354,0.19418688,-5.046373,-0.12763837,0.95130837,-0.049202215
43988000,10.107418,0.20344879,-5.0462136,-0.12658139,0.98128843,-0.042071603
43996000,10.107533,0.21323738,-5.0459085,-0.12548576,1.0115379,-0.03513429
44004000,10.107621,0.22321133,-5.0455694,-0.12435574,1.0417309,-0.028477307
44012000,10.107687,0.23337497,-5.045196,-0.123330764,1.0717638,-0.02202353
44020000,10.107732,0.24373147,-5.044789,-0.12225626,1.1017102,-0.015745008
44028000,10.1077585,0.25428393,-5.04434,-0.12126698,1.1315967,-0.009652937
44036000,10.107853,0.2653578,-5.0437403,-0.12013135,1.1616828,-0.0036933357
44044000,10.107932,0.27662563,-5.043111,-0.11904616,1.1915851,0.0020166843
44052000,10.107994,0.28808853,-5.0424533,-0.1179946,1.2214139,0.007448166
44060000,10.108043,0.29974803,-5.0417686,-0.11691725,1.2510802,0.012693228
44068000,10.10816,0.31192344,-5.040953,-0.115781836,1.2809136,0.017780889
44076000,10.108263,0.32429117,-5.0401144,-0.11470419,1.3104999,0.022707442
44084000,10.108353,0.33685112,-5.0392656,-0.11361547,1.3399502,0.027357003
44092000,10.10843,0.3496036,-5.0383954,-0.11257405,1.3691751,0.031772476
44100000,10.108571,0.36285648,-5.037403,-0.11147597,1.3985227,0.036055684
44108000,10.1087,0.3762965,-5.036394,-0.11037368,1.4276192,0.04011466
44116000,10.108815,0.3899231,-5.03537,-0.10933564,1.4565098,0.04391856
44124000,10.108919,0.40373564,-5.0343313,-0.10830516,1.4851574,0.047575023
44132000,10.109095,0.41802603,-5.033161,-0.10714302,1.5138451,0.051088173
44140000,10.109259,0.4324965,-5.031981,-0.106055066,1.5422564,0.054413505
44148000,10.109409,0.44714588,-5.0307927,-0.10500375,1.570391,0.05752145
44156000,10.1095495,0.46197328,-5.0295973,-0.10399567,1.5982846,0.060350627
44164000,10.109764,0.4772773,-5.028304,-0.10291181,1.6261966,0.063064165
44172000,10.109966,0.49275273,-5.027008,-0.10185534,1.6537796,0.06559376
44180000,10.110157,0.5083985,-5.025701,-0.100808926,1.6811022,0.06789849
44188000,10.110335,0.52421343,-5.024393,-0.099781856,1.7081399,0.070040934
44196000,10.110576,0.5404827,-5.0230083,-0.098676704,1.735192,0.072014906
44204000,10.110804,0.5569146,-5.021627,-0.09755004,1.7618814,0.073779605
44212000,10.11102,0.5735076,-5.02025,-0.096535414,1.7882525,0.07540278
44220000,10.111224,0.5902604,-5.018878,-0.095581345,1.8143226,0.07689378
44228000,10.111488,0.6074597,-5.017439,-0.094497114,1.8403311,0.07823705
44236000,10.111741,0.6248117,-5.016009,-0.09349418,1.8660027,0.07931727
44244000,10.111982,0.6423149,-5.0145884,-0.09241999,1.8913903,0.080224104
44252000,10.112212,0.65996814,-5.013179,-0.09142549,1.916436,0.08103146
44260000,10.112493,0.67805266,-5.0117087,-0.0903436,1.9413769,0.081749916
44268000,10.112761,0.6962795,-5.0102525,-0.08937838,1.9659803,0.08227069
44276000,10.113017,0.71464735,-5.00881,-0.08840591,1.9902649,0.082676515
44284000,10.113263,0.7331547,-5.007375,-0.087441705,2.0142245,0.08292121
44292000,10.113498,0.75179994,-5.0059557,-0.08651393,2.0378137,0.08307367
44300000,10.113763,0.77082044,-5.0044866,-0.08553194,2.0612457,0.08312911
44308000,10.114017,0.78997165,-5.0030355,-0.08459273,2.0843267,0.08299064
44316000,10.114259,0.8092516,-5.0016036,-0.08370272,2.1070206,0.08279247
44324000,10.114491,0.82865864,-5.000191,-0.08291393,2.1293607,0.08247434
44332000,10.114741,0.8484198,-4.998716,-0.08206207,2.1516087,0.08209693
44340000,10.114982,0.8683014,-4.997262,-0.08121536,2.1734629,0.08167084
44348000,10.115211,0.8883016,-4.9958305,-0.080430344,2.1949823,0.081003755
44356000,10.115429,0.90841883,-4.994422,-0.07970077,2.2161164,0.08030081
44364000,10.115664,0.9288641,-4.992975,-0.078938015,2.2370462,0.079543196
44372000,10.115887,0.9494195,-4.9915533,-0.07821717,2.2577002,0.07870901
44380000,10.116099,0.9700834,-4.990161,-0.077524714,2.2779424,0.07781407
44388000,10.116302,0.99085414,-4.988793,-0.076869376,2.2978904,0.076815315
44396000,10.116524,1.0119065,-4.9873934,-0.07617581,2.317667,0.07575088
44404000,10.116735,1.0330598,-4.9860206,-0.075465955,2.3370566,0.07459803
44412000,10.116937,1.0543122,-4.984674,-0.07487481,2.3560748,0.07348572
44420000,10.117126,1.075662,-4.9833536,-0.07426755,2.3747778,0.07221721
44428000,10.117342,1.0972768,-4.982001,-0.07368058,2.3932636,0.07096363
44436000,10.117547,1.1189828,-4.980675,-0.07310746,2.4113593,0.06966056
44444000,10.11774,1.1407782,-4.979378,-0.07259057,2.429152,0.06824788
44452000,10.117923,1.162662,-4.9781094,-0.07206142,2.4467018,0.066808715
44460000,10.118129,1.1847724,-4.9768147,-0.071518034,2.463945,0.06538755
44468000,10.118323,1.2069654,-4.9755497,-0.07103411,2.4808733,0.06388226
44476000,10.118507,1.2292395,-4.9743133,-0.07052324,2.497445,0.062364105
44484000,10.11868,1.2515929,-4.973114,-0.07004863,2.5136585,0.060792588
44492000,10.118881,1.2741394,-4.971896,-0.06960439,2.529638,0.059279736
44500000,10.119071,1.2967601,-4.9707074,-0.06918244,2.5452983,0.057697754
44508000,10.119248,1.3194531,-4.969548,-0.06881419,2.5606208,0.056030545
44516000,10.119415,1.3422172,-4.968418,-0.06838739,2.575676,0.05435591
44524000,10.119614,1.3651552,-4.9672704,-0.06798449,2.5904436,0.05267987
44532000,10.1198,1.3881593,-4.966157,-0.06760854,2.6049194,0.050956596
44540000,10.119975,1.4112282,-4.9650726,-0.06725599,2.6191494,0.049203597
44548000,10.120138,1.4343609,-4.964019,-0.066963844,2.6330805,0.04743674
44556000,10.120289,1.4575555,-4.962994,-0.06670215,2.6466527,0.04565807
44564000,10.120474,1.4808869,-4.961946,-0.0663798,2.6600523,0.043878358
44572000,10.120646,1.5042765,-4.9609275,-0.06610029,2.673143,0.042146817
44580000,10.120807,1.5277224,-4.959943,-0.065852016,2.6859179,0.04044641
44588000,10.1209545,1.5512234,-4.9589868,-0.065643914,2.6984565,0.03873792
44596000,10.12114,1.5748434,-4.9580135,-0.06540174,2.7107499,0.037017006
44604000,10.121312,1.5985146,-4.95707,-0.06520695,2.722709,0.035292555
44612000,10.121472,1.6222354,-4.9561553,-0.064952,2.7344127,0.033566073
44620000,10.121619,1.6460043,-4.9552693,-0.064782545,2.7458208,0.03184222
44628000,10.1217985,1.6698735,-4.9543715,-0.06449316,2.7569976,0.030152481
44636000,10.121965,1.6937873,-4.953502,-0.064288825,2.7679734,0.028449595
44644000,10.12212,1.7177453,-4.9526615,-0.06413564,2.778729,0.026753582
44652000,10.122261,1.7417461,-4.9518495,-0.06407575,2.7892215,0.025024852
44660000,10.122433,1.7658365,-4.951045,-0.064003885,2.7995098,0.023377592
44668000,10.122591,1.7899666,-4.950268,-0.06388138,2.8095498,0.02178268
44676000,10.122736,1.8141351,-4.9495177,-0.063801885,2.8193488,0.020181397
44684000,10.122869,1.838341,-4.9488044,-0.06370621,2.828924,0.018535875
44692000,10.123018,1.8626149,-4.948092,-0.06359447,2.8382936,0.016881213
44700000,10.123156,1.8869232,-4.9474063,-0.06353568,2.8473883,0.015222748
44708000,10.12328,1.9112649,-4.9467473,-0.0634783,2.8562837,0.013573474
44716000,10.12339,1.9356388,-4.946114,-0.06339932,2.8649228,0.011965281
44728000,10.123507,1.9600601,-4.9454837,-0.063370265,2.8733525,0.010386095
44732000,10.12361,1.984511,-4.9448824,-0.06340817,2.8815534,0.008895953
44740000,10.123699,2.0089905,-4.9443064,-0.06342973,2.88954,0.0073920344
44748000,10.1237755,2.0334976,-4.9437537,-0.06352562,2.8973591,0.00592736
44756000,10.12384,2.0580418,-4.9432125,-0.063543,2.9049792,0.0044508805
44764000,10.123893,2.0826123,-4.942695,-0.06359166,2.9124599,0.003056472
44772000,10.123932,2.1072075,-4.9422,-0.06366782,2.9196713,0.0016632236
44784000,10.123959,2.1318266,-4.941728,-0.06379214,2.92677,0.00029499832
44792000,10.123975,2.1564758,-4.941245,-0.06393839,2.9336662,-0.0010769238
44804000,10.12398,2.1811473,-4.940785,-0.064070314,2.9404478,-0.0024147478
44808000,10.12397,2.2058408,-4.9403467,-0.064278156,2.94699,-0.0036941487
44820000,10.123948,2.2305548,-4.9399304,-0.06445245,2.9533916,-0.0049624955
44824000,10.123914,2.255289,-4.9395347,-0.064630225,2.9595642,-0.006166648
44832000,10.1238785,2.280034,-4.9391146,-0.06486412,2.96557,-0.0074712355
44844000,10.12383,2.3047974,-4.9387164,-0.065063216,2.9714093,-0.0086614825
44848000,10.123769,2.3295786,-4.9383388,-0.06525837,2.97717,-0.009880653
44856000,10.123695,2.3543768,-4.9379826,-0.06549184,2.9826932,-0.011030403
44864000,10.123614,2.3791835,-4.9376163,-0.06576634,2.9880884,-0.012138585
44872000,10.123521,2.4040055,-4.9372706,-0.06603694,2.9933105,-0.013237088
44880000,10.123415,2.4288423,-4.936945,-0.0662691,2.9983804,-0.014323857
44888000,10.123296,2.4536934,-4.9366236,-0.06657389,3.0033216,-0.0153445825
44896000,10.123173,2.4785461,-4.9362874,-0.06690225,3.0081832,-0.016287511
44904000,10.123036,2.5034127,-4.9359703,-0.067191325,3.0128915,-0.0172763
44912000,10.122889,2.528292,-4.9356728,-0.06755031,3.0174313,-0.018265428
44920000,10.122727,2.553183,-4.9353943,-0.06789662,3.0218399,-0.019173132
44932000,10.122564,2.5780687,-4.9351006,-0.06825758,3.026106,-0.020018673
44936000,10.122389,2.6029654,-4.934832,-0.06856502,3.0302515,-0.020862244
44944000,10.122201,2.6278727,-4.9345813,-0.06892776,3.034317,-0.021687038
44952000,10.122002,2.6527905,-4.9343476,-0.06925939,3.0382543,-0.022533003
44960000,10.121803,2.6777098,-4.934103,-0.06956798,3.04197,-0.023389025
44968000,10.1215925,2.7026377,-4.9338765,-0.06994312,3.0456314,-0.024190182
44976000,10.121369,2.727574,-4.9336667,-0.07037461,3.0492346,-0.024965316
44984000,10.121134,2.752519,-4.933472,-0.07083743,3.05269,-0.025723126
44992000,10.120886,2.7774603,-4.9332585,-0.071213886,3.056039,-0.02644223
45000000,10.1206255,2.802409,-4.933061,-0.07163572,3.0592628,-0.027133636
45008000,10.120355,2.8273642,-4.93288,-0.07202741,3.0624259,-0.027832123
45016000,10.120071,2.8523264,-4.9327145,-0.07244579,3.0655007,-0.028487902
45028000,10.119764,2.8772795,-4.932532,-0.072868474,3.0684752,-0.029127954
45032000,10.119446,2.9022388,-4.932377,-0.07325305,3.0713577,-0.029760238
45040000,10.119117,2.9272037,-4.932237,-0.07373386,3.074125,-0.030375645
45048000,10.118776,2.9521737,-4.932112,-0.074253276,3.076871,-0.031007802
45060000,10.118411,2.9771214,-4.9319696,-0.07469038,3.0794718,-0.03153838
45068000,10.118036,3.0020735,-4.931841,-0.07514631,3.081957,-0.03205417
45076000,10.11765,3.0270305,-4.9317265,-0.075613625,3.084458,-0.032595973
45084000,10.117254,3.0519922,-4.9316263,-0.07611108,3.0868547,-0.03313356
45092000,10.116848,3.0769584,-4.9315405,-0.07652102,3.0892115,-0.033650752
45100000,10.1164055,3.1018841,-4.931445,-0.07700593,3.0913744,-0.034141168
45108000,10.115954,3.126814,-4.931363,-0.077524826,3.0934658,-0.034612495
45116000,10.115493,3.1517477,-4.931294,-0.07799247,3.095534,-0.035106406
45124000,10.115022,3.1766849,-4.931238,-0.078444436,3.09752,-0.035649624
45132000,10.114529,3.2015896,-4.9311657,-0.078967765,3.0994015,-0.036096018
45140000,10.114026,3.2264981,-4.9310665,-0.07947149,3.101288,-0.03650289
45148000,10.113514,3.25141,-4.930981,-0.079960294,3.102983,-0.036928944
45156000,10.112993,3.2763245,-4.930909,-0.080452144,3.104652,-0.03738101
45164000,10.112458,3.3012085,-4.930826,-0.080946155,3.1062803,-0.03779269
45172000,10.111915,3.3260956,-4.9307566,-0.081458576,3.1078646,-0.03814602
45180000,10.111363,3.3509858,-4.9307,-0.08189955,3.1094327,-0.03853544
45188000,10.110803,3.375879,-4.9306617,-0.08249524,3.1109598,-0.038929462
45196000,10.110241,3.4007254,-4.9306126,-0.08302864,3.1123812,-0.03932583
45204000,10.109672,3.4255753,-4.9305763,-0.083507776,3.113775,-0.03969383
45212000,10.109139,3.4505017,-4.9304895,-0.08398268,3.1151009,-0.039984614
45220000,10.108587,3.4754121,-4.9304304,-0.08449082,3.1163843,-0.040288992
45228000,10.108033,3.500263,-4.930371,-0.08491532,3.1175585,-0.040573914
45236000,10.107465,3.5251064,-4.9303474,-0.08532366,3.118708,-0.040912237
45244000,10.106884,3.5499446,-4.930343,-0.08578219,3.1198275,-0.041206624
45252000,10.10629,3.5747795,-4.930355,-0.08625538,3.1209152,-0.041497793
45260000,10.10571,3.5995636,-4.930362,-0.08668025,3.1218648,-0.041801125
45268000,10.105119,3.6243472,-4.9303837,-0.08711225,3.1228232,-0.042088542
45276000,10.104518,3.649131,-4.930419,-0.0875207,3.1237392,-0.04240912
45284000,10.103908,3.6739154,-4.9304605,-0.08797343,3.124591,-0.042746034
45292000,10.103313,3.6986544,-4.930501,-0.08836671,3.125428,-0.04303641
45300000,10.10271,3.7233956,-4.9305534,-0.088769235,3.1262057,-0.0432919
45308000,10.1020975,3.7481384,-4.930617,-0.08924412,3.1269488,-0.04354732
45316000,10.101478,3.772884,-4.9306912,-0.089635484,3.1277175,-0.04381188
45324000,10.100847,3.797597,-4.93075,-0.09004686,3.128449,-0.044073775
45332000,10.10021,3.8223133,-4.930819,-0.09043881,3.1291566,-0.044322133
45340000,10.099566,3.8470328,-4.930898,-0.09083986,3.1298356,-0.044539202
45348000,10.098914,3.8717554,-4.9309874,-0.09123992,3.1305082,-0.04476887
45356000,10.098244,3.896461,-4.931061,-0.091592014,3.1311014,-0.044987954
45364000,10.097567,3.9211698,-4.931144,-0.09194095,3.1316843,-0.045149915
45372000,10.096884,3.9458814,-4.9312367,-0.09229951,3.1322265,-0.045301523
45380000,10.096194,3.9705958,-4.9313383,-0.092598364,3.1327927,-0.045476165
45388000,10.095501,3.9952781,-4.9314194,-0.09289894,3.1332722,-0.045663707
45396000,10.094802,4.0199637,-4.93151,-0.093173385,3.1337132,-0.045868956
45404000,10.094097,4.044652,-4.9316106,-0.09349156,3.1341615,-0.046079975
45412000,10.093388,4.069343,-4.9317203,-0.09379668,3.1345596,-0.046234157
45420000,10.092681,4.0940013,-4.931809,-0.09404294,3.1349154,-0.046363864
45428000,10.0919695,4.1186633,-4.931907,-0.094362356,3.1352973,-0.046487913
45436000,10.091252,4.143328,-4.932013,-0.09460584,3.1356251,-0.046616763
45444000,10.090531,4.167996,-4.9321275,-0.094905466,3.1359694,-0.04672933
45452000,10.089801,4.1926155,-4.932221,-0.09514436,3.1362112,-0.046860404
45460000,10.0890665,4.2172384,-4.932323,-0.095454276,3.136461,-0.046937462
45468000,10.088328,4.241865,-4.9324336,-0.095739,3.1367168,-0.04705315
45476000,10.0875845,4.266495,-4.932553,-0.09599455,3.1369526,-0.047175817
45484000,10.086837,4.2911286,-4.9326754,-0.096204594,3.137178,-0.04725702
45492000,10.086079,4.3156967,-4.932777,-0.096456446,3.1373296,-0.04731034
45500000,10.085316,4.3402696,-4.9328866,-0.09668043,3.137565,-0.04738836
45508000,10.08455,4.364847,-4.933005,-0.09689324,3.1377404,-0.047440045
45516000,10.08378,4.3894286,-4.9331307,-0.09708428,3.137894,-0.047468994
45524000,10.082992,4.4139366,-4.933244,-0.097288795,3.1379848,-0.04747978
45532000,10.0822,4.43845,-4.9333677,-0.097497396,3.1380796,-0.0475482
45540000,10.081406,4.4629683,-4.9334993,-0.09767407,3.1381686,-0.04763718
45548000,10.080608,4.4874926,-4.933639,-0.09791587,3.138255,-0.047651097
45556000,10.079795,4.5119395,-4.9337716,-0.09809426,3.138295,-0.047675535
45564000,10.0789795,4.536393,-4.9339113,-0.09827071,3.1383557,-0.04762996
45572000,10.078161,4.560853,-4.9340577,-0.0984719,3.1384633,-0.04761355
45580000,10.077341,4.58532,-4.9342113,-0.09865902,3.1385121,-0.047600497
45588000,10.076494,4.6097207,-4.9343405,-0.09882951,3.1384628,-0.04758349
45596000,10.0756445,4.6341286,-4.934477,-0.09899032,3.1384315,-0.047548205
45604000,10.074792,4.658543,-4.9346204,-0.09920614,3.1383202,-0.047537528
45612000,10.073936,4.682964,-4.9347706,-0.09940309,3.138258,-0.047562826
45620000,10.073063,4.707336,-4.9348974,-0.099578165,3.138134,-0.047501415
45628000,10.072188,4.7317147,-4.935032,-0.09975725,3.1380115,-0.04747497
45636000,10.071312,4.756101,-4.935185,-0.09995093,3.137962,-0.047428653
45644000,10.070434,4.7804937,-4.9353447,-0.10012985,3.137841,-0.04742482
45652000,10.069534,4.8048396,-4.935481,-0.10036157,3.1376903,-0.047381908
45660000,10.068632,4.829192,-4.935624,-0.10064999,3.1375623,-0.0473168
45668000,10.067728,4.853553,-4.935774,-0.10085469,3.1374862,-0.047281947
45676000,10.066821,4.877921,-4.9359303,-0.10105739,3.1373534,-0.047302634
45684000,10.065883,4.902246,-4.9360547,-0.10128298,3.1371531,-0.04725821
45692000,10.064943,4.9265785,-4.9361863,-0.10150525,3.1369956,-0.047201183
45700000,10.064003,4.950918,-4.9363246,-0.10172167,3.1368234,-0.047160886
45708000,10.063061,4.975266,-4.9364696,-0.10196374,3.136677,-0.0470741
45716000,10.062091,4.9995737,-4.936611,-0.10217272,3.136496,-0.04703478
45724000,10.061119,5.02389,-4.936759,-0.102396436,3.136329,-0.046983
45732000,10.060148,5.048214,-4.9368978,-0.10262504,3.1362035,-0.046965417
45740000,10.059176,5.0725465,-4.9370437,-0.10278645,3.1361055,-0.046915554
45748000,10.058202,5.096887,-4.937196,-0.102946855,3.1359916,-0.04689902
45756000,10.057197,5.1211944,-4.937345,-0.10311439,3.1358545,-0.046874743
45764000,10.056191,5.1455097,-4.937501,-0.10333266,3.1356764,-0.046842437
45772000,10.055185,5.1698337,-4.9376636,-0.10359854,3.1355371,-0.046849992
45780000,10.05418,5.1941657,-4.937832,-0.10379757,3.1353855,-0.04679017
45788000,10.0531435,5.2184606,-4.9379845,-0.10403041,3.1352377,-0.0467109
45796000,10.052107,5.242764,-4.938143,-0.1042552,3.1350534,-0.046654716
45804000,10.05107,5.2670765,-4.9383073,-0.10450574,3.134885,-0.046613276
45812000,10.050032,5.291397,-4.9384775,-0.104726836,3.134741,-0.046556655
45820000,10.048971,5.3156934,-4.9386325,-0.10492482,3.1346111,-0.04653293
45828000,10.047912,5.3399987,-4.938793,-0.105152585,3.1344938,-0.046463795
45836000,10.046853,5.364313,-4.9389725,-0.10531603,3.1344073,-0.04639838
45844000,10.045795,5.3886366,-4.9391565,-0.10546629,3.1343086,-0.0463336
45852000,10.044738,5.4129333,-4.9393215,-0.105691515,3.1342309,-0.046245888
45860000,10.043681,5.43724,-4.939492,-0.10586961,3.1341536,-0.046193205
45868000,10.042625,5.461556,-4.9396687,-0.10600689,3.1340744,-0.04618922
45876000,10.041571,5.4858813,-4.939851,-0.10615851,3.1339195,-0.046128556
45884000,10.040514,5.5101852,-4.9400005,-0.10631985,3.1337855,-0.046010695
45892000,10.039457,5.534498,-4.940156,-0.1065055,3.1336815,-0.045860473
45900000,10.038402,5.5588207,-4.940316,-0.106689766,3.133564,-0.045755133
45908000,10.037347,5.5831523,-4.940482,-0.106812514,3.1334672,-0.045667566
45916000,10.036305,5.6074743,-4.940617,-0.10690942,3.1333244,-0.04553452
45924000,10.035266,5.631805,-4.9407573,-0.10701215,3.133157,-0.045388006
45932000,10.034226,5.6561446,-4.9408913,-0.10713039,3.1330805,-0.045256734
45940000,10.033188,5.680493,-4.9410315,-0.10718515,3.132981,-0.045126732
45948000,10.0321665,5.7048225,-4.941143,-0.10726592,3.132838,-0.045050897
45956000,10.031142,5.7291617,-4.9412613,-0.10736077,3.1327562,-0.04498512
45964000,10.030118,5.75351,-4.9413857,-0.10743365,3.1327026,-0.04493309
45972000,10.029095,5.7778673,-4.941517,-0.10753112,3.1326218,-0.04486193
45980000,10.0281,5.8022,-4.941616,-0.107519984,3.1325061,-0.044750214
45988000,10.027105,5.8265414,-4.9417295,-0.10751348,3.1323664,-0.0445655
45996000,10.026111,5.850892,-4.9418497,-0.107560456,3.1323528,-0.044506513
46004000,10.025117,5.8752522,-4.9419756,-0.10753376,3.1322875,-0.044423137
46012000,10.024123,5.899622,-4.9421077,-0.10749073,3.1322458,-0.044323746
46020000,10.023167,5.9239597,-4.942197,-0.10739426,3.1321523,-0.044188008
46028000,10.022207,5.9483075,-4.9422927,-0.10732657,3.1320653,-0.044033863
46036000,10.021249,5.972665,-4.9424,-0.10724387,3.1320271,-0.043875616
46044000,10.02029,5.9970317,-4.942513,-0.107134365,3.1320283,-0.04376973
46052000,10.01936,6.021371,-4.942592,-0.1070221,3.131965,-0.043685634
46060000,10.01843,6.04572,-4.9426775,-0.106901474,3.1319046,-0.04356476
46068000,10.017499,6.070079,-4.94277,-0.106759,3.131786,-0.04349452
46076000,10.01657,6.0944467,-4.942869,-0.10663878,3.1316924,-0.043455716
46084000,10.015689,6.118788,-4.9429135,-0.10646357,3.1315725,-0.04333384
46092000,10.014805,6.143139,-4.9429655,-0.10623137,3.1314795,-0.0432151
46100000,10.013923,6.1674995,-4.9430246,-0.1059574,3.131479,-0.04316868
46108000,10.01304,6.1918707,-4.9430923,-0.10573364,3.1314628,-0.043168604
46116000,10.012226,6.216241,-4.9431286,-0.10546388,3.1313972,-0.043134354
46124000,10.011412,6.2406206,-4.943173,-0.10515977,3.1313293,-0.043093745
46132000,10.010597,6.26501,-4.9432,-0.10480711,3.131305,-0.04302506
46140000,10.009782,6.2894077,-4.943236,-0.104550846,3.131261,-0.04288804
46148000,10.009014,6.3138204,-4.9432454,-0.104214005,3.1311789,-0.04277155
46156000,10.0082445,6.338241,-4.943264,-0.10389393,3.1311252,-0.04266817
46164000,10.007472,6.362671,-4.9432907,-0.10353977,3.131092,-0.042633824
46172000,10.0067,6.3871093,-4.9433255,-0.10314371,3.1310833,-0.042533167
46180000,10.00598,6.4115515,-4.943329,-0.10273153,3.131155,-0.04248635
46188000,10.005258,6.436003,-4.9433265,-0.10231209,3.131144,-0.042418815
46196000,10.004535,6.4604626,-4.9433327,-0.10190892,3.131153,-0.04235815
46204000,10.003812,6.4849305,-4.943348,-0.101484574,3.1311138,-0.042305622
46212000,10.003123,6.509399,-4.9433274,-0.10102492,3.1311018,-0.042233713
46220000,10.002434,6.533876,-4.943316,-0.1005956,3.1311526,-0.042212345
46228000,10.001743,6.558361,-4.9433146,-0.10017079,3.1311634,-0.04218548
46236000,10.00105,6.5828547,-4.9433208,-0.09970021,3.131205,-0.042213123
46244000,10.000399,6.6073413,-4.943301,-0.09918584,3.1312099,-0.04218749
46252000,9.999747,6.631836,-4.9432917,-0.09868986,3.131231,-0.04217711
46260000,9.999095,6.656338,-4.943292,-0.09818879,3.13124,-0.042204857
46268000,9.998443,6.680848,-4.9433017,-0.0976107,3.1312492,-0.042237766
46276000,9.99779,6.7053657,-4.9433208,-0.09705789,3.131293,-0.042209547
46284000,9.997197,6.7298656,-4.9433193,-0.09651253,3.131328,-0.042271335
46292000,9.996603,6.7543736,-4.943328,-0.09596715,3.1313953,-0.0423044
46300000,9.996007,6.778889,-4.9433455,-0.09538825,3.131427,-0.042314757
46308000,9.995408,6.8034134,-4.9433722,-0.09486019,3.1314783,-0.042288247
46316000,9.994844,6.8279057,-4.943376,-0.09428598,3.1315446,-0.042287316
46324000,9.994279,6.852406,-4.9433894,-0.09373874,3.1315656,-0.042298872
46332000,9.993712,6.8769145,-4.9434443,-0.093169674,3.1316092,-0.042328775
46340000,9.993145,6.901431,-4.943507,-0.09255394,3.1316662,-0.042428285
46348000,9.9926195,6.9259257,-4.9435477,-0.091940716,3.1316693,-0.042450957
46356000,9.992093,6.950428,-4.9435973,-0.091348864,3.1316156,-0.04243828
46364000,9.991565,6.974938,-4.943655,-0.090794325,3.1315541,-0.042468995
46372000,9.991032,6.9994555,-4.9437213,-0.09022386,3.1315358,-0.04253667
46380000,9.990533,7.0239673,-4.943766,-0.08953252,3.1315215,-0.04253449
46388000,9.990033,7.048486,-4.9438167,-0.08893023,3.1315093,-0.042558566
46396000,9.9895315,7.0730124,-4.9438763,-0.08831808,3.1315327,-0.042634565
46404000,9.989029,7.0975466,-4.9439445,-0.0877109,3.1315598,-0.04269873
46412000,9.988558,7.1220684,-4.9439955,-0.08708761,3.131548,-0.04267601
46420000,9.988085,7.1465974,-4.9440546,-0.086442575,3.1314628,-0.042664636
46428000,9.98761,7.1711326,-4.944122,-0.08585646,3.1313586,-0.04261649
46436000,9.987133,7.1956744,-4.944195,-0.08526867,3.13124,-0.042557504
46444000,9.986674,7.220214,-4.9442563,-0.08462724,3.1310658,-0.04250562
46452000,9.986214,7.2447586,-4.944326,-0.08399513,3.130896,-0.042516
46460000,9.985752,7.2693086,-4.944403,-0.08337892,3.1305861,-0.042514954
46468000,9.985288,7.293863,-4.9444885,-0.08281387,3.13021,-0.042518284
46476000,9.984843,7.3184133,-4.944572,-0.08216248,3.1296804,-0.04249014
46484000,9.984398,7.342966,-4.944668,-0.08154406,3.1291783,-0.04249477
46492000,9.983951,7.3675213,-4.944771,-0.080923095,3.1286137,-0.042518027
46500000,9.983502,7.3920774,-4.9448814,-0.08032815,3.1278684,-0.042579766
46508000,9.983071,7.416612,-4.9449883,-0.07966705,3.126999,-0.04263976
46516000,9.982637,7.441147,-4.945103,-0.079042286,3.1260476,-0.042761788
46524000,9.982201,7.465679,-4.9452257,-0.07844111,3.1249158,-0.042883888
46532000,9.981764,7.4902086,-4.9453692,-0.07784976,3.1236496,-0.043039955
46540000,9.981326,7.5147333,-4.94552,-0.077205874,3.1222456,-0.043216467
46548000,9.980907,7.5392213,-4.9456654,-0.07658025,3.1206198,-0.043422714
46556000,9.980489,7.5637026,-4.945819,-0.0759872,3.1189156,-0.043684077
46564000,9.980068,7.588176,-4.9459805,-0.07532594,3.1170542,-0.043912776
46572000,9.979648,7.6126404,-4.94615,-0.07473714,3.1149921,-0.04412999
46580000,9.979236,7.6370716,-4.946314,-0.07416877,3.112663,-0.044398353
46588000,9.97882,7.6614914,-4.9464803,-0.07361634,3.1101718,-0.04465589
46596000,9.978402,7.685897,-4.9466543,-0.073025994,3.1075165,-0.044917364
46604000,9.977984,7.7102866,-4.9468365,-0.07240027,3.1046832,-0.045301583
46612000,9.977573,7.7346344,-4.947004,-0.07178464,3.101581,-0.045654967
46620000,9.977161,7.758963,-4.94718,-0.07121502,3.0982773,-0.04604245
46628000,9.976749,7.7832713,-4.947365,-0.07059192,3.0948048,-0.046409186
46636000,9.9763365,7.807557,-4.9475665,-0.06999867,3.091065,-0.046770815
46644000,9.97593,7.831785,-4.9477587,-0.06940375,3.0871067,-0.047164857
46652000,9.975522,7.8559885,-4.94796,-0.06877812,3.0829146,-0.047604572
46660000,9.975113,7.880164,-4.94817,-0.06822139,3.078532,-0.048037708
46668000,9.974704,7.9043107,-4.9483895,-0.06763591,3.0738826,-0.048525337
46676000,9.974306,7.9284015,-4.948596,-0.06709269,3.0689142,-0.048922405
46684000,9.973907,7.952459,-4.948817,-0.06655629,3.0637627,-0.049345903
46692000,9.973508,7.9764805,-4.9490466,-0.06596751,3.0583224,-0.04978285
46700000,9.973108,8.000464,-4.9492855,-0.065416135,3.0526676,-0.05020977
46708000,9.972725,8.024374,-4.9495,-0.064858064,3.0468016,-0.050619096
46716000,9.972341,8.048242,-4.9497247,-0.0643103,3.0407076,-0.051107995
46724000,9.971955,8.072069,-4.949958,-0.06372758,3.0343602,-0.051503167
46732000,9.971571,8.095852,-4.9501805,-0.06313519,3.0278058,-0.05194574
46740000,9.971185,8.119588,-4.950413,-0.06263288,3.0209584,-0.052379966
46748000,9.970813,8.143218,-4.9506226,-0.062087268,3.013818,-0.052831408
46756000,9.97044,8.166799,-4.9508424,-0.06154854,3.0064256,-0.05329453
46772000,9.970066,8.190327,-4.951072,-0.060965184,2.998869,-0.053763133
46776000,9.969709,8.213752,-4.9512806,-0.060453802,2.9909832,-0.05422998
46784000,9.969353,8.237121,-4.9515,-0.059928253,2.9828997,-0.054668464
46792000,9.968995,8.260433,-4.9517326,-0.0593685,2.9745765,-0.055102658
46800000,9.968638,8.283688,-4.951975,-0.058795005,2.965997,-0.05548955
46808000,9.968282,8.306881,-4.9522266,-0.058305193,2.9571502,-0.055891834
46816000,9.967945,8.329941,-4.952455,-0.057765637,2.9479668,-0.056296773
46824000,9.9676075,8.352937,-4.9526935,-0.05722146,2.93862,-0.056676954
46832000,9.967269,8.375865,-4.9529414,-0.05663278,2.929099,-0.057034954
46844000,9.966931,8.398726,-4.953214,-0.05606184,2.9192822,-0.05734966
46852000,9.966622,8.42143,-4.9534607,-0.05551565,2.9091542,-0.057686754
46860000,9.966312,8.444062,-4.953716,-0.055011082,2.8988438,-0.058005597
46868000,9.966002,8.46662,-4.95398,-0.05449514,2.888289,-0.0582792
46876000,9.965694,8.489107,-4.954251,-0.053978264,2.8775141,-0.058476593
46884000,9.965418,8.511419,-4.9544997,-0.053423647,2.8664992,-0.05865666
46892000,9.965139,8.533654,-4.9547534,-0.052867137,2.8553002,-0.058851756
46900000,9.96486,8.555811,-4.9550147,-0.052327257,2.8438897,-0.059081096
46908000,9.96458,8.577886,-4.9552846,-0.051781647,2.8322055,-0.059283495
46916000,9.964328,8.599773,-4.955536,-0.051201906,2.8201516,-0.05943265
46924000,9.964111,8.621522,-4.9557457,-0.050607156,2.8079295,-0.059547827
46932000,9.963884,8.643198,-4.9559755,-0.050019763,2.795537,-0.059700355
46940000,9.963656,8.664801,-4.956226,-0.049446803,2.7829485,-0.059840616
46948000,9.963446,8.686203,-4.956471,-0.048888784,2.7700856,-0.05992604
46956000,9.963229,8.707523,-4.95673,-0.04831363,2.757062,-0.06003832
46964000,9.963009,8.728759,-4.9569993,-0.04774161,2.7438142,-0.06004891
46972000,9.962784,8.749907,-4.9572787,-0.04718816,2.7303977,-0.060077894
46980000,9.962581,8.77085,-4.9575453,-0.046638295,2.716692,-0.06008884
46988000,9.962375,8.791703,-4.95782,-0.046068188,2.7028592,-0.060050853
46996000,9.962167,8.812463,-4.9581017,-0.045529306,2.6888099,-0.060034752
47004000,9.961956,8.833126,-4.9583907,-0.044979613,2.6746287,-0.05996166
47012000,9.961784,8.853561,-4.958669,-0.044402584,2.6601999,-0.059851598
47020000,9.96161,8.873899,-4.9589543,-0.04388456,2.6455333,-0.05977849
47028000,9.961433,8.894137,-4.9592447,-0.04340429,2.630759,-0.059722204
47040000,9.961254,8.914273,-4.959549,-0.042902254,2.6158857,-0.05960794
47044000,9.961103,8.934162,-4.9598475,-0.042330086,2.60072,-0.059449133
47052000,9.960951,8.953948,-4.9601502,-0.0418032,2.5853517,-0.05929768
47060000,9.960796,8.973629,-4.9604573,-0.04127221,2.5698752,-0.059090536
47068000,9.96064,8.993204,-4.9607677,-0.04076202,2.5543044,-0.05885485
47076000,9.960521,9.012522,-4.961064,-0.04021987,2.5384102,-0.058612373
47084000,9.960399,9.031732,-4.9613633,-0.039727364,2.5224383,-0.0583755
47092000,9.960275,9.050834,-4.9616666,-0.0392229,2.5064402,-0.05807017
47100000,9.960149,9.069827,-4.961972,-0.03868566,2.4902399,-0.05776826
47108000,9.960046,9.088547,-4.9622703,-0.038072765,2.4737997,-0.057421032
47116000,9.959942,9.107156,-4.962571,-0.037504353,2.4572535,-0.057168204
47124000,9.959836,9.125655,-4.9628744,-0.036940917,2.4405606,-0.056838036
47132000,9.959729,9.14404,-4.9631796,-0.03632589,2.4237432,-0.05650932
47140000,9.959641,9.162146,-4.9634547,-0.035785455,2.406667,-0.056066547
47148000,9.959563,9.180142,-4.963731,-0.03524223,2.3895648,-0.055647377
47156000,9.959484,9.198025,-4.964009,-0.03465945,2.3723752,-0.055135496
47164000,9.959403,9.215793,-4.9642873,-0.03412635,2.3551211,-0.05464122
47172000,9.959334,9.23328,-4.9645586,-0.033656362,2.3376508,-0.05413666
47184000,9.959263,9.250652,-4.9648314,-0.0331221,2.3200548,-0.053651854
47188000,9.959188,9.267908,-4.965106,-0.032701917,2.3023727,-0.05312552
47196000,9.959113,9.285047,-4.9653807,-0.03218644,2.2846618,-0.052555997
47204000,9.959036,9.302066,-4.965656,-0.03163546,2.2668836,-0.052121524
47216000,9.958979,9.3187895,-4.965934,-0.031183101,2.2488518,-0.051660035
47220000,9.958934,9.335399,-4.9662113,-0.03065247,2.230762,-0.051188402
47228000,9.958887,9.351889,-4.9664893,-0.030114891,2.2126484,-0.050663136
47236000,9.958838,9.368259,-4.966795,-0.029550929,2.1945205,-0.05017039
47244000,9.958804,9.384338,-4.967091,-0.029008485,2.176154,-0.04965167
47252000,9.958767,9.400297,-4.9673867,-0.028495194,2.1577747,-0.04918922
47260000,9.958729,9.416137,-4.9676814,-0.02796051,2.1393075,-0.04868541
47268000,9.958689,9.431855,-4.9679756,-0.027489638,2.1208146,-0.048139464
47276000,9.958666,9.447287,-4.9682517,-0.027006058,2.1020896,-0.04754263
47284000,9.95864,9.462599,-4.968526,-0.026553303,2.0834453,-0.04693203
47292000,9.95863,9.477794,-4.9687843,-0.026047204,2.0647943,-0.046310436
47300000,9.958616,9.492867,-4.969042,-0.025527198,2.046114,-0.045660485
47308000,9.958631,9.507661,-4.9692736,-0.025016624,2.027244,-0.04496946
47316000,9.958643,9.522334,-4.9695044,-0.024506778,2.0084264,-0.044340212
47324000,9.9586525,9.536886,-4.969734,-0.024042148,1.9895477,-0.043709
47332000,9.958661,9.551316,-4.9699626,-0.023516724,1.9706686,-0.04301988
47340000,9.958667,9.565622,-4.970213,-0.02303768,1.951848,-0.042366132
47348000,9.958708,9.579644,-4.9704347,-0.022591457,1.9329,-0.041648235
47360000,9.958762,9.593549,-4.9706526,-0.02210704,1.9139477,-0.040950373
47368000,9.958814,9.607332,-4.970869,-0.021644318,1.8949598,-0.040260553
47376000,9.958899,9.620826,-4.9710603,-0.02115824,1.8758311,-0.039617658
47384000,9.95898,9.634199,-4.9712505,-0.02066691,1.8566964,-0.03894525
47392000,9.959059,9.647451,-4.9714413,-0.02012294,1.8376362,-0.038258888
47400000,9.959136,9.660582,-4.97163,-0.019684974,1.8185089,-0.0376144
47408000,9.959241,9.673421,-4.971813,-0.019160336,1.799275,-0.036940403
47416000,9.959343,9.68614,-4.9719944,-0.018710949,1.7800851,-0.03630458
47424000,9.959442,9.698739,-4.972174,-0.018255888,1.7609457,-0.035663117
47432000,9.959557,9.711221,-4.972351,-0.017754944,1.7418399,-0.035035126
47440000,9.9597,9.723416,-4.972536,-0.01718079,1.7226375,-0.034361217
47448000,9.95984,9.735494,-4.9727187,-0.016613143,1.7034606,-0.033710226
47456000,9.959978,9.747451,-4.9728994,-0.016059138,1.6843379,-0.033096597
47464000,9.960114,9.759288,-4.973078,-0.015502052,1.6652654,-0.032472484
47472000,9.960247,9.771005,-4.9732533,-0.014976694,1.6462187,-0.03183839
47480000,9.960401,9.782449,-4.9734087,-0.014509055,1.6270558,-0.031191332
47488000,9.960551,9.793775,-4.973562,-0.014014426,1.6079224,-0.030545007
47496000,9.9607,9.80498,-4.9737163,-0.013547972,1.5888475,-0.029853016
47504000,9.960865,9.816071,-4.973867,-0.0130453715,1.569804,-0.029232102
47512000,9.961036,9.826898,-4.9739957,-0.012589143,1.5506954,-0.028639704
47520000,9.961204,9.837607,-4.9741225,-0.012072949,1.5317045,-0.028008077
47528000,9.9613695,9.848199,-4.9742475,-0.011598986,1.5128076,-0.027366504
47536000,9.961532,9.858672,-4.9743705,-0.011138928,1.4939238,-0.026781539
47544000,9.961697,9.868878,-4.9745193,-0.010664384,1.4749986,-0.026198843
47552000,9.961859,9.878968,-4.974665,-0.010277024,1.4561553,-0.025547348
47560000,9.962018,9.888941,-4.974808,-0.009943246,1.4373986,-0.024937702
47568000,9.962173,9.898799,-4.9749484,-0.009492109,1.4186878,-0.024298765
47572000,9.962264,9.919499,-4.9752626,-0.008822052,1.3824502,-0.02325103
47580000,9.962426,9.92884,-4.9753823,-0.00840623,1.3637971,-0.022689614
47588000,9.962586,9.938066,-4.9754915,-0.008012246,1.3452681,-0.022174394
47596000,9.962744,9.947178,-4.975599,-0.0075854543,1.32685,-0.021604383
47604000,9.962878,9.9560175,-4.9756966,-0.007204574,1.3083577,-0.021003006
47612000,9.963012,9.964746,-4.975792,-0.006824787,1.2899452,-0.020435441
47620000,9.963142,9.973363,-4.975886,-0.0064514936,1.2716314,-0.019943072
47628000,9.963271,9.981869,-4.9759774,-0.0061268094,1.2533983,-0.019399261
47636000,9.963396,9.990112,-4.976067,-0.0057417727,1.2351277,-0.018857602
47644000,9.96352,9.998246,-4.976155,-0.0053860634,1.2169728,-0.018331429
47652000,9.963643,10.006272,-4.97624,-0.005016926,1.1988906,-0.017808547
47660000,9.963763,10.014189,-4.976323,-0.004739429,1.1809512,-0.017292576
47668000,9.963866,10.021853,-4.976401,-0.0044555804,1.1629565,-0.016756838
47676000,9.963968,10.029412,-4.9764767,-0.0041365693,1.1450595,-0.016284
47684000,9.964068,10.036863,-4.97655,-0.0038108155,1.1272521,-0.015824972
47692000,9.964168,10.044209,-4.9766245,-0.003568662,1.1095984,-0.015409134
47700000,9.964235,10.051309,-4.9766974,-0.0033705614,1.0919472,-0.0149759175
47708000,9.964321,10.058309,-4.976768,-0.0031225516,1.0744426,-0.014590577
47716000,9.964406,10.065206,-4.976836,-0.002838907,1.0570148,-0.014134711
47724000,9.964559,10.071598,-4.976842,-0.0025061402,1.0394167,-0.013697588
47732000,9.964644,10.077833,-4.9768414,-0.0023181753,1.0218602,-0.01328839
47740000,9.964718,10.084046,-4.976852,-0.0021872555,1.0044605,-0.012784716
47748000,9.964781,10.0902195,-4.9768705,-0.0020067901,0.9872616,-0.012428884
47756000,9.964836,10.09634,-4.9768953,-0.0018710144,0.97020483,-0.012015838
47764000,9.964844,10.102265,-4.9769053,-0.0017671514,0.95320755,-0.01162075
47772000,9.964869,10.108127,-4.9769187,-0.0016493071,0.9363589,-0.011294513
47780000,9.964889,10.113913,-4.976928,-0.0015132598,0.91964257,-0.010917395
47788000,9.964907,10.119619,-4.9769406,-0.0013881838,0.90308887,-0.010581492
47796000,9.964878,10.125112,-4.976927,-0.0013914264,0.8865314,-0.010204498
47804000,9.964848,10.130519,-4.9769144,-0.0012983149,0.87012744,-0.009791726
47812000,9.964816,10.135841,-4.9769034,-0.0012828269,0.8538661,-0.009490046
47820000,9.964783,10.141075,-4.976894,-0.0012209403,0.83775634,-0.009160064
47828000,9.964691,10.14611,-4.9768863,-0.0012912491,0.8216693,-0.008808543
47836000,9.964599,10.151055,-4.9768786,-0.0013530685,0.8057222,-0.00851965
47844000,9.964525,10.155916,-4.9768715,-0.001360032,0.78989846,-0.008284468
47852000,9.964452,10.160687,-4.976865,-0.0013262372,0.77421737,-0.008012695
47860000,9.964338,10.165267,-4.976851,-0.0013879435,0.758605,-0.0077712666
47868000,9.964225,10.16976,-4.976838,-0.0015157117,0.74309725,-0.00761005
47876000,9.96411,10.174164,-4.976826,-0.001597821,0.7277014,-0.0074472716
47884000,9.963996,10.178478,-4.976817,-0.0017259682,0.7124144,-0.0072238795
47892000,9.963863,10.182609,-4.976783,-0.0018271994,0.6972215,-0.006934489
47900000,9.96373,10.186653,-4.976749,-0.0020351799,0.68216825,-0.0067170267
47908000,9.963614,10.190614,-4.9767156,-0.0021676186,0.66726255,-0.006486261
47916000,9.963498,10.194489,-4.976683,-0.0022561376,0.6524518,-0.006291267
47924000,9.963354,10.198194,-4.976626,-0.002365631,0.6377174,-0.006144495
47932000,9.96321,10.201814,-4.9765615,-0.00249345,0.6231319,-0.006006667
47940000,9.963066,10.205351,-4.976499,-0.0026215594,0.60870236,-0.0058189966
47948000,9.962921,10.208805,-4.9764385,-0.0027676763,0.5944372,-0.0056814365
47956000,9.962762,10.212092,-4.9763494,-0.002925626,0.5802305,-0.0055067753
47964000,9.962604,10.2153,-4.976262,-0.0030762495,0.5661249,-0.0053495974
47972000,9.962443,10.218427,-4.9761777,-0.003234811,0.5521779,-0.0052210367
47980000,9.962301,10.221477,-4.9761,-0.0033855336,0.5384154,-0.005160452
47988000,9.962158,10.224447,-4.9760256,-0.0034693214,0.5247801,-0.0051110475
47996000,9.961985,10.227276,-4.9759293,-0.0036312598,0.51124734,-0.005043383
48004000,9.961811,10.230027,-4.9758363,-0.00376355,0.4978547,-0.004964978
48012000,9.961637,10.232702,-4.975746,-0.003894874,0.48454127,-0.0048590894
48020000,9.961463,10.2353,-4.975659,-0.003995624,0.4713624,-0.004756305
48028000,9.9612875,10.237761,-4.975525,-0.0041309646,0.4582831,-0.004649184
48036000,9.961111,10.240147,-4.975395,-0.00424643,0.44538388,-0.0046017985
48044000,9.960936,10.242458,-4.9752693,-0.004339243,0.43256563,-0.004542102
48052000,9.960777,10.2447,-4.9751477,-0.004420112,0.42000264,-0.0045260796
48060000,9.960606,10.246814,-4.975005,-0.0044796816,0.40745842,-0.0044547194
48068000,9.960435,10.248857,-4.974868,-0.004571851,0.39508137,-0.004501938
48080000,9.960263,10.250828,-4.9747353,-0.0047218674,0.3828596,-0.0045109023
48084000,9.960092,10.252729,-4.974611,-0.0048639937,0.37075192,-0.0045799725
48092000,9.959906,10.254502,-4.974482,-0.0050056535,0.35871288,-0.0046128435
48100000,9.959721,10.2562065,-4.9743586,-0.0050925124,0.3467897,-0.0046896846
48108000,9.959535,10.257843,-4.97424,-0.005267496,0.3350189,-0.0047834064
48116000,9.959349,10.259412,-4.974127,-0.005362803,0.32342198,-0.004869653
48124000,9.959178,10.260854,-4.9740057,-0.0054953466,0.31187257,-0.0050021345
48132000,9.959006,10.262229,-4.9738927,-0.005569581,0.30046234,-0.0051215054
48140000,9.958835,10.263541,-4.973785,-0.00565151,0.2892455,-0.0052253883
48148000,9.958663,10.26479,-4.973682,-0.0057090353,0.2781969,-0.005376547
48156000,9.958507,10.265913,-4.9735813,-0.0057438025,0.26721725,-0.005484245
48164000,9.958349,10.266975,-4.973485,-0.0057658395,0.2563363,-0.005619265
48172000,9.958193,10.267977,-4.9733944,-0.0058137653,0.24562457,-0.0057644113
48180000,9.958037,10.268917,-4.9733067,-0.0058669527,0.23502885,-0.0059402804
48188000,9.957905,10.269753,-4.973228,-0.0058399285,0.2245628,-0.006089969
48196000,9.957772,10.270532,-4.9731545,-0.0057972376,0.21419826,-0.006268062
48204000,9.957641,10.271253,-4.973086,-0.005770686,0.20395693,-0.0064601675
48212000,9.95751,10.271915,-4.9730225,-0.0057315878,0.19391392,-0.006569082
48220000,9.957387,10.272477,-4.972951,-0.0056745363,0.18398097,-0.0066814166
48228000,9.957265,10.272983,-4.972862,-0.0055826507,0.17413753,-0.0068596425
48236000,9.957144,10.273435,-4.972778,-0.005527107,0.16443835,-0.0069544753
48244000,9.957023,10.273832,-4.9726996,-0.0055143824,0.1548777,-0.007185348
48252000,9.9569025,10.274178,-4.972627,-0.00550167,0.14548533,-0.0073742266
48260000,9.9567795,10.274435,-4.972544,-0.0053920085,0.13619648,-0.007543449
48268000,9.956657,10.274642,-4.972467,-0.005292144,0.12700748,-0.007752756
48276000,9.956537,10.274798,-4.972396,-0.0051923604,0.117944345,-0.007917642
48284000,9.956417,10.274903,-4.972329,-0.0051076896,0.10904837,-0.008057493
48292000,9.956293,10.274943,-4.9722533,-0.0050392253,0.10018861,-0.008265689
48300000,9.95617,10.274934,-4.972184,-0.004905721,0.09144866,-0.008538906
48308000,9.956048,10.274876,-4.972121,-0.004800465,0.08287644,-0.008716892
48316000,9.955928,10.27477,-4.9720626,-0.0046763155,0.07442379,-0.008900774
48324000,9.955795,10.274614,-4.971998,-0.004562337,0.066080205,-0.009118485
48332000,9.955675,10.274415,-4.9719405,-0.0044320733,0.057898987,-0.009275283
48340000,9.955558,10.27417,-4.971888,-0.0042790594,0.049890574,-0.0093903635
48348000,9.955441,10.27388,-4.971841,-0.004152464,0.041958846,-0.009518532
48356000,9.955314,10.273552,-4.9717813,-0.00404931,0.03418126,-0.009649263
48364000,9.955187,10.273179,-4.971728,-0.0039506485,0.026540859,-0.009882096
48372000,9.955062,10.272763,-4.97168,-0.0038474586,0.018970476,-0.010061627
48380000,9.954938,10.272305,-4.9716244,-0.0037363407,0.011503164,-0.010264109
48388000,9.954796,10.271807,-4.9715586,-0.0036568907,0.0042154198,-0.010472761
48396000,9.954656,10.271268,-4.971499,-0.0035864846,-0.0030003549,-0.010691847
48404000,9.954527,10.27069,-4.9714456,-0.003449894,-0.010066578,-0.01085713
48412000,9.954401,10.270072,-4.971398,-0.003305735,-0.017040377,-0.011044818
48420000,9.954264,10.269436,-4.9713454,-0.0032150415,-0.023846801,-0.011194691
48428000,9.954128,10.268761,-4.9712934,-0.003101126,-0.030581273,-0.011379633
48436000,9.953996,10.268047,-4.9712477,-0.0029688277,-0.037150834,-0.011588668
48444000,9.953864,10.267296,-4.9712076,-0.002890137,-0.043622542,-0.011710053
48452000,9.953716,10.266541,-4.9711537,-0.0027252375,-0.049997866,-0.011890683
48460000,9.953571,10.265747,-4.971106,-0.0026271553,-0.056261245,-0.012111249
48468000,9.953438,10.264919,-4.9710646,-0.0024991326,-0.062351227,-0.012323275
48476000,9.953305,10.264055,-4.9710293,-0.0024369042,-0.0683758,-0.012433583
48484000,9.953161,10.263195,-4.970978,-0.0023671885,-0.074220516,-0.012565868
48492000,9.953019,10.2623005,-4.970933,-0.0023029908,-0.0799457,-0.012748311
48500000,9.95288,10.261371,-4.9708943,-0.0022041902,-0.08563261,-0.01291818
48508000,9.952742,10.2604065,-4.9708614,-0.0021174191,-0.091182075,-0.013099942
48516000,9.952606,10.25941,-4.9708347,-0.0019517133,-0.09663952,-0.013257298
48524000,9.952458,10.258423,-4.970784,-0.0018105445,-0.101916865,-0.013362783
48532000,9.952313,10.257403,-4.970761,-0.0017002043,-0.107104875,-0.0135679245
48540000,9.952179,10.256354,-4.970743,-0.0016116151,-0.112241924,-0.013769571
48548000,9.952045,10.255273,-4.9707317,-0.0015135349,-0.11721196,-0.014002853
48556000,9.951896,10.254205,-4.970717,-0.0013773905,-0.12205075,-0.01418637
48564000,9.951749,10.253106,-4.970708,-0.0012961278,-0.1268144,-0.014344974
48572000,9.951604,10.251978,-4.970704,-0.0012070339,-0.13150261,-0.014444308
48580000,9.951462,10.250819,-4.9706883,-0.0010633968,-0.13608974,-0.014560241
48588000,9.951319,10.249688,-4.970656,-0.0009611844,-0.14051479,-0.014711396
48596000,9.9511795,10.2485285,-4.9706297,-0.0008162699,-0.144886,-0.014907206
48604000,9.951042,10.24734,-4.9706097,-0.0007062342,-0.14913581,-0.015075984
48612000,9.950913,10.246125,-4.9705954,-0.0005301204,-0.15333359,-0.01521858
48620000,9.950799,10.24496,-4.970565,-0.00041752262,-0.15738541,-0.01532074
48628000,9.950686,10.243766,-4.9705386,-0.0003105796,-0.16138154,-0.015493168
48636000,9.950576,10.242544,-4.9705186,-0.00016868298,-0.1652376,-0.0156562
48644000,9.950468,10.241296,-4.9705043,-6.7895016e-06,-0.16902065,-0.01579535
48652000,9.950377,10.240096,-4.9704885,0.00018840267,-0.17263044,-0.015973276
48660000,9.95029,10.238871,-4.9704785,0.00032766524,-0.17612864,-0.016140215
48668000,9.950204,10.237619,-4.9704742,0.0005578559,-0.17953163,-0.016205218
48676000,9.950121,10.236342,-4.970475,0.00076717435,-0.18291514,-0.016360035
48684000,9.950046,10.235042,-4.9704833,0.001013755,-0.1862171,-0.0165466
48692000,9.9499855,10.23379,-4.970493,0.0011784834,-0.1893488,-0.016687859
48700000,9.949926,10.232513,-4.970508,0.0013845426,-0.19245641,-0.016851578
48708000,9.94987,10.231213,-4.9705286,0.0015886874,-0.19544269,-0.016993761
48716000,9.949829,10.22996,-4.9705667,0.001743699,-0.19829594,-0.017133595
48724000,9.949791,10.228684,-4.9706097,0.0019829737,-0.20110735,-0.017246235
48732000,9.949754,10.227385,-4.970652,0.0022399507,-0.2037855,-0.017407464
48740000,9.949719,10.226062,-4.9707,0.0025555836,-0.20648263,-0.017549105
48748000,9.949692,10.224785,-4.970759,0.0027890806,-0.20907848,-0.017701289
48756000,9.949666,10.223485,-4.970823,0.0030571294,-0.21157205,-0.017840743
48764000,9.949642,10.222162,-4.9708905,0.0033136867,-0.21405844,-0.017937664
48772000,9.949621,10.220818,-4.9709625,0.0035969517,-0.2164128,-0.018091274
48780000,9.949602,10.219451,-4.9710307,0.0038526994,-0.21871376,-0.018194951
48788000,9.949591,10.218147,-4.9711175,0.004114006,-0.22090289,-0.0183068
48796000,9.949581,10.216821,-4.971208,0.004368608,-0.22309504,-0.018422714
48804000,9.949574,10.215473,-4.9713016,0.0046309982,-0.22517687,-0.01846531
48812000,9.949569,10.214105,-4.9713984,0.0048846994,-0.22720431,-0.01855942
48820000,9.949578,10.212815,-4.971517,0.005144448,-0.22907093,-0.018630885
48828000,9.949589,10.211506,-4.97167,0.005437754,-0.23095253,-0.018713618
48836000,9.949602,10.210175,-4.971824,0.005772575,-0.23273438,-0.018795796
48844000,9.949617,10.208824,-4.97198,0.00609444,-0.23451936,-0.018847482
48852000,9.949636,10.207549,-4.972156,0.0063315765,-0.23615803,-0.018953573
48860000,9.949658,10.206253,-4.9723334,0.0066286973,-0.23772088,-0.019074209
48868000,9.949681,10.204939,-4.9725127,0.0068533295,-0.23919241,-0.019204525
48876000,9.949707,10.203604,-4.972693,0.0071219164,-0.24070263,-0.019298267
48884000,9.949746,10.202335,-4.9728885,0.0074420883,-0.2420703,-0.0193803
48892000,9.94979,10.201047,-4.973085,0.0077578975,-0.24333742,-0.019405007
48900000,9.949837,10.199741,-4.9732814,0.008060015,-0.24462296,-0.019460322
48908000,9.949885,10.198416,-4.973479,0.008354222,-0.24587555,-0.01948897
48916000,9.949955,10.197164,-4.9737086,0.00865752,-0.2469635,-0.019539073
48924000,9.9500265,10.195893,-4.9739385,0.009008138,-0.24803834,-0.019622475
48932000,9.9501,10.194605,-4.974144,0.009331498,-0.24910511,-0.019668506
48940000,9.950176,10.193297,-4.9743495,0.009627526,-0.25008523,-0.019634156
48948000,9.950264,10.19206,-4.974594,0.009985296,-0.2509558,-0.019647721
48956000,9.950354,10.1908045,-4.974838,0.0103367325,-0.2517883,-0.01965629
48964000,9.950448,10.189532,-4.97508,0.010675326,-0.25258407,-0.019582922
48972000,9.950544,10.188244,-4.9753213,0.011013049,-0.25333798,-0.019550778
48980000,9.9506445,10.187036,-4.9756007,0.01133003,-0.25394976,-0.019436851
48988000,9.9507475,10.185809,-4.9758773,0.0116727585,-0.25457996,-0.019327844
48996000,9.950852,10.1845665,-4.976151,0.011989973,-0.2552,-0.019195335
49004000,9.950959,10.183307,-4.9764223,0.012353328,-0.2557751,-0.019102333
49012000,9.951049,10.182131,-4.976708,0.012703307,-0.2562248,-0.018997153
49020000,9.951142,10.180938,-4.976991,0.01305742,-0.25672048,-0.018916758
49028000,9.951241,10.179729,-4.977258,0.013365217,-0.25709245,-0.018826485
49036000,9.951341,10.178504,-4.977523,0.013709755,-0.25747985,-0.018671304
49044000,9.951444,10.177263,-4.9777846,0.014060687,-0.2578552,-0.018524304
49052000,9.951526,10.176101,-4.9780684,0.01431775,-0.25814453,-0.018413752
49060000,9.95161,10.174922,-4.978349,0.014598281,-0.25836387,-0.018271727
49068000,9.951697,10.173727,-4.9786267,0.014926258,-0.25857288,-0.018131973
49076000,9.951787,10.172518,-4.978901,0.015178817,-0.2587585,-0.018000621
49084000,9.951867,10.171376,-4.9791846,0.015426956,-0.25880694,-0.017908908
49092000,9.951949,10.170218,-4.9794645,0.015654542,-0.25886208,-0.017741567
49100000,9.952036,10.169046,-4.979741,0.015899414,-0.25895882,-0.017539127
49108000,9.952125,10.16786,-4.980014,0.016126428,-0.2590606,-0.01725805
49116000,9.9522,10.166742,-4.980298,0.016401058,-0.25899142,-0.017050149
49124000,9.952279,10.165609,-4.9805784,0.01661667,-0.25895783,-0.016868213
49132000,9.95236,10.164461,-4.9808474,0.016875133,-0.25890312,-0.016649008
49140000,9.952445,10.163299,-4.9811125,0.017127773,-0.25881737,-0.016448535
49148000,9.9525175,10.162195,-4.981377,0.01738841,-0.25864488,-0.016233351
49156000,9.952592,10.161077,-4.981638,0.017623018,-0.25840935,-0.01597382
49164000,9.95267,10.159945,-4.9818945,0.017820844,-0.2582779,-0.015774356
49172000,9.952752,10.158798,-4.982147,0.018074274,-0.25816596,-0.015585338
49180000,9.952838,10.157699,-4.982399,0.018298572,-0.25785133,-0.015333453
49188000,9.952926,10.156586,-4.9826465,0.018471532,-0.25755093,-0.015067999
49196000,9.953016,10.155459,-4.9828897,0.018675428,-0.25730294,-0.014858644
49204000,9.95311,10.154319,-4.983129,0.018877834,-0.25699013,-0.014664945
49212000,9.953209,10.153232,-4.9833593,0.019011928,-0.25665355,-0.014417991
49220000,9.953311,10.15213,-4.983586,0.01919452,-0.2563284,-0.014196999
49228000,9.953414,10.151015,-4.983796,0.019362872,-0.25594556,-0.013964559
49236000,9.95352,10.149888,-4.9840026,0.019525124,-0.2555428,-0.013731709
49244000,9.95363,10.14881,-4.984199,0.019711798,-0.2550852,-0.013471349
49252000,9.953744,10.147719,-4.984392,0.019918794,-0.25472215,-0.013254713
49260000,9.953858,10.146616,-4.9845824,0.020148493,-0.25432023,-0.012994776
49268000,9.953977,10.145499,-4.9847693,0.020339437,-0.2539256,-0.012715499
49276000,9.954092,10.144434,-4.9849405,0.020485656,-0.2534462,-0.012462541
49284000,9.954209,10.143355,-4.985106,0.020613428,-0.25298455,-0.0121721
49292000,9.954328,10.142264,-4.9852686,0.020764312,-0.25250658,-0.011907269
49300000,9.954449,10.141161,-4.9854283,0.020904545,-0.2520139,-0.011682307
49308000,9.954571,10.140046,-4.9855857,0.021000404,-0.25157326,-0.011443121
49316000,9.954697,10.138981,-4.9857316,0.02116053,-0.25105616,-0.011189285
49324000,9.954824,10.137903,-4.9858747,0.021279776,-0.25050148,-0.010960926
49332000,9.954953,10.136814,-4.986025,0.02145005,-0.25000146,-0.0107616
49340000,9.955084,10.135713,-4.9861727,0.021611806,-0.24948353,-0.010543061
49348000,9.955211,10.134665,-4.9862976,0.021695267,-0.24886423,-0.010306675
49356000,9.955338,10.133604,-4.986421,0.021821992,-0.2482288,-0.010086309
49364000,9.955467,10.132533,-4.986542,0.021947613,-0.2476684,-0.009858707
49372000,9.955597,10.131449,-4.9866614,0.022037439,-0.24714315,-0.009608848
49380000,9.9557,10.130408,-4.986746,0.0221239,-0.24650969,-0.009387716
49388000,9.955804,10.1293545,-4.986829,0.022152195,-0.24590412,-0.009218406
49396000,9.955909,10.12829,-4.986912,0.022226462,-0.2452667,-0.009087928
49404000,9.956016,10.127214,-4.9869933,0.022334808,-0.24466068,-0.008855326
49412000,9.956103,10.126175,-4.987047,0.022405237,-0.2440031,-0.008616373
49420000,9.956193,10.125125,-4.9871006,0.02242462,-0.24336822,-0.008451858
49428000,9.956284,10.1240635,-4.9871435,0.022429062,-0.24265593,-0.008265724
49436000,9.956375,10.122992,-4.987187,0.022449393,-0.24200647,-0.008116574
49444000,9.956451,10.121968,-4.9871974,0.022448583,-0.24126217,-0.0079449965
49452000,9.95653,10.1209345,-4.9872093,0.022413267,-0.24052644,-0.007788248
49460000,9.956608,10.119891,-4.9872217,0.02245295,-0.23975694,-0.0076206466
49468000,9.956689,10.118836,-4.9872346,0.022443496,-0.2390519,-0.0074320524
49476000,9.956754,10.11784,-4.9872184,0.02246127,-0.23831007,-0.0073115267
49484000,9.9568205,10.116831,-4.9872136,0.022445736,-0.23759831,-0.0071851662
49492000,9.956888,10.115812,-4.9872108,0.022467513,-0.23683569,-0.007083395
49500000,9.956958,10.114782,-4.987209,0.022441465,-0.23611905,-0.006966742
49508000,9.957018,10.113813,-4.9871907,0.022418035,-0.23535791,-0.006852523
49516000,9.957078,10.112834,-4.9871745,0.02237142,-0.23452505,-0.0067191785
49524000,9.95714,10.111845,-4.98716,0.02231465,-0.23368944,-0.0066859825
49532000,9.957204,10.110846,-4.9871655,0.022338733,-0.23295519,-0.0065804454
49540000,9.957241,10.109919,-4.98716,0.022281734,-0.23214962,-0.0065297903
49548000,9.957279,10.108981,-4.987157,0.022242766,-0.23132671,-0.006451248
49556000,9.957319,10.108032,-4.9871545,0.022177912,-0.23049489,-0.0063634245
49564000,9.957361,10.107073,-4.9871535,0.022149637,-0.22968824,-0.0062331157
49572000,9.957404,10.106104,-4.9871535,0.0220818,-0.22889121,-0.0061233835
49580000,9.95743,10.105195,-4.9871316,0.021994995,-0.22803675,-0.006111764
49588000,9.957457,10.104277,-4.987112,0.02191799,-0.22712699,-0.0060764966
49596000,9.957485,10.103348,-4.987095,0.021832926,-0.22627296,-0.006071177
49604000,9.957516,10.102408,-4.9870796,0.021758607,-0.22542572,-0.0060622618
49612000,9.9575405,10.10153,-4.9870486,0.021728668,-0.2245419,-0.0059927744
49620000,9.957568,10.100641,-4.98702,0.021624109,-0.2237067,-0.0059494134
49628000,9.957597,10.099741,-4.9869823,0.021580834,-0.2228371,-0.0059450795
49636000,9.957626,10.098831,-4.986947,0.02151552,-0.22192226,-0.005934243
49644000,9.957647,10.0979805,-4.986893,0.02144932,-0.22096342,-0.005891821
49652000,9.957669,10.09712,-4.986842,0.021321129,-0.22000885,-0.005877555
49660000,9.957693,10.096251,-4.986794,0.021243526,-0.21919021,-0.0058411276
49668000,9.957719,10.095369,-4.9867487,0.021165725,-0.21838018,-0.005839604
49676000,9.957739,10.094535,-4.9866776,0.0211157,-0.2173951,-0.005828946
49684000,9.957761,10.093691,-4.9866133,0.021081595,-0.21648592,-0.005846992
49692000,9.957784,10.092837,-4.986552,0.021008132,-0.21553373,-0.005867746
49700000,9.957809,10.091973,-4.9864945,0.020941304,-0.21458688,-0.0059071695
49708000,9.957821,10.0911455,-4.9864235,0.020920042,-0.21362121,-0.010665574
49716000,9.957835,10.090308,-4.986424,0.02095971,-0.21263765,-0.022252103
49724000,9.957851,10.089461,-4.9865375,0.021025283,-0.21164522,-0.03772478
49736000,9.957871,10.088606,-4.9867826,0.021067677,-0.21068072,-0.055531014
49740000,9.95789,10.087784,-4.9871354,0.020960657,-0.20972013,-0.07434027
49748000,9.957909,10.086952,-4.9876437,0.020533474,-0.20876466,-0.09318432
49756000,9.957925,10.086113,-4.988306,0.019651033,-0.20774019,-0.11144103
49764000,9.957932,10.085264,-4.989115,0.018045954,-0.20680709,-0.12887794
49772000,9.957924,10.084448,-4.9900556,0.015583429,-0.20584257,-0.14541888
49780000,9.957894,10.083623,-4.991127,0.012159958,-0.20484357,-0.16093822
49788000,9.957835,10.08279,-4.9923215,0.007730681,-0.20384115,-0.1752032
49796000,9.957739,10.081949,-4.9936304,0.0021926542,-0.20278762,-0.18836965
49804000,9.957584,10.081154,-4.995071,-0.0044927853,-0.20168285,-0.20032588
49812000,9.957374,10.08035,-4.9966054,-0.012266093,-0.2005969,-0.21095863
49820000,9.9571,10.079538,-4.9982233,-0.021070696,-0.19950166,-0.22032902
49828000,9.956754,10.078721,-4.999912,-0.031025765,-0.19839197,-0.22849247
49836000,9.956326,10.077896,-5.001664,-0.042038076,-0.19726062,-0.2354106
49844000,9.955773,10.077122,-5.003533,-0.0540875,-0.19614948,-0.24127924
49852000,9.955123,10.07634,-5.005446,-0.06714912,-0.19496894,-0.24605782
49860000,9.954369,10.075552,-5.0073943,-0.08117572,-0.19383998,-0.24972454
49868000,9.953501,10.074758,-5.0093694,-0.096057154,-0.19270225,-0.25235116
49876000,9.95245,10.074015,-5.0114155,-0.111838944,-0.19150817,-0.25399503
49884000,9.951273,10.073265,-5.0134516,-0.12849554,-0.19028947,-0.2548022
49892000,9.949965,10.07251,-5.0154915,-0.14597902,-0.1890469,-0.25479853
49904000,9.948518,10.071749,-5.017529,-0.16420747,-0.18781692,-0.25396
49912000,9.946828,10.07103,-5.019594,-0.18320487,-0.18654388,-0.25236693
49920000,9.944991,10.070305,-5.0216446,-0.20289384,-0.18528488,-0.25010967
49928000,9.943,10.069574,-5.0236735,-0.22319587,-0.18401222,-0.24720968
49936000,9.940849,10.068838,-5.02566,-0.24414289,-0.18280259,-0.24375048
49944000,9.938405,10.068145,-5.0276346,-0.26573038,-0.18155071,-0.23970413
49952000,9.935796,10.067446,-5.0295744,-0.2878167,-0.18028986,-0.23513417
49960000,9.933016,10.066741,-5.031476,-0.3103927,-0.17897677,-0.23009272
49968000,9.930062,10.066032,-5.0333357,-0.33353072,-0.17770426,-0.22468579
49976000,9.926751,10.065366,-5.035132,-0.35727844,-0.17631894,-0.21885584
49984000,9.923262,10.064694,-5.036872,-0.38140008,-0.17502195,-0.21259788
49996000,9.91959,10.064017,-5.038561,-0.40593764,-0.173718,-0.20607606
50004000,9.915731,10.063337,-5.0401974,-0.43083513,-0.17235264,-0.19918886
50012000,9.911466,10.062712,-5.0417457,-0.45629174,-0.171045,-0.19204693
50020000,9.907011,10.062081,-5.0432377,-0.48202577,-0.16970818,-0.1847641
50028000,9.902365,10.061446,-5.044672,-0.5080982,-0.16832818,-0.17724568
50036000,9.897525,10.060807,-5.046042,-0.5344182,-0.16700773,-0.16953458
50044000,9.892246,10.060218,-5.0473094,-0.56131047,-0.16567042,-0.16172178
50056000,9.886772,10.059624,-5.0485163,-0.5883938,-0.16430308,-0.1538158
50064000,9.8811,10.059025,-5.049662,-0.61570734,-0.16299354,-0.14580964
50068000,9.875227,10.058421,-5.0507464,-0.6431706,-0.161688,-0.13776782
50076000,9.869152,10.057814,-5.051768,-0.67084956,-0.16039543,-0.1296463
50084000,9.862629,10.057253,-5.0526676,-0.6989605,-0.15912539,-0.12156512
50092000,9.855903,10.056687,-5.053514,-0.7271968,-0.15778036,-0.113596044
50100000,9.848972,10.056118,-5.0543,-0.75552547,-0.15644135,-0.10557468
50108000,9.841836,10.055545,-5.055025,-0.7840376,-0.15512893,-0.097592026
50120000,9.834215,10.055016,-5.0556254,-0.8128518,-0.15378998,-0.08969427
50124000,9.826391,10.054482,-5.056168,-0.8417836,-0.15252198,-0.081855595
50132000,9.81836,10.053944,-5.056652,-0.87077886,-0.15122916,-0.074099205
50144000,9.810123,10.053401,-5.057076,-0.89977944,-0.14991409,-0.06650578
50148000,9.801397,10.0529,-5.057378,-0.92911106,-0.14853136,-0.058972176
50156000,9.792467,10.052396,-5.057625,-0.95843714,-0.14723857,-0.05156241
50164000,9.783331,10.051887,-5.05782,-0.9878751,-0.14599358,-0.044395305
50172000,9.773989,10.0513735,-5.0579634,-1.0172572,-0.14474808,-0.037377916
50180000,9.764134,10.050897,-5.0579853,-1.0468895,-0.14347441,-0.03044282
50188000,9.754077,10.050415,-5.0579762,-1.0764172,-0.14217588,-0.023679532
50196000,9.743816,10.049929,-5.0579205,-1.1059461,-0.14092696,-0.01714594
50204000,9.733353,10.049439,-5.0578194,-1.1354032,-0.13966855,-0.010783596
50212000,9.722373,10.048977,-5.0576043,-1.1650704,-0.13841417,-0.0045126043
50220000,9.711194,10.04851,-5.057348,-1.194635,-0.13716187,0.001529127
50228000,9.699816,10.0480385,-5.057051,-1.2240659,-0.13590516,0.007354576
50236000,9.688237,10.047564,-5.056709,-1.2534158,-0.13465841,0.012983148
50244000,9.676122,10.047117,-5.0562744,-1.2829832,-0.13346685,0.018445218
50252000,9.663811,10.046667,-5.0558057,-1.3124106,-0.132303,0.023754876
50260000,9.651307,10.046212,-5.0553026,-1.3415626,-0.13111797,0.028822146
50268000,9.638609,10.0457535,-5.054767,-1.3706182,-0.12998602,0.03371473
50276000,9.625392,10.045326,-5.0541496,-1.3997555,-0.1287794,0.03837628
50284000,9.611987,10.044895,-5.0535045,-1.4286829,-0.12760632,0.042845774
50292000,9.598396,10.04446,-5.0528274,-1.4574327,-0.12645711,0.047082353
50300000,9.584618,10.044022,-5.0521255,-1.4859725,-0.12533836,0.05107326
50308000,9.570347,10.043612,-5.051347,-1.5145476,-0.12421644,0.054944906
50316000,9.555895,10.043198,-5.0505466,-1.5428852,-0.12311429,0.0586215
50324000,9.541264,10.04278,-5.0497265,-1.5709733,-0.12203096,0.06211746
50332000,9.526454,10.042358,-5.0488873,-1.5988479,-0.120926425,0.06546106
50340000,9.51119,10.041959,-5.0479875,-1.6267371,-0.11985705,0.06865076
50348000,9.495754,10.041556,-5.0470724,-1.6543258,-0.11873816,0.07155506
50356000,9.480146,10.041149,-5.046143,-1.6816318,-0.11762242,0.07429464
50364000,9.464368,10.040739,-5.0452013,-1.7086676,-0.116602965,0.07688042
50372000,9.448421,10.040325,-5.044247,-1.7353674,-0.115573496,0.079230614
50380000,9.432051,10.039934,-5.043245,-1.7620608,-0.11454103,0.08144699
50388000,9.415518,10.03954,-5.0422254,-1.7884499,-0.11350416,0.08347357
50396000,9.398823,10.039142,-5.0411983,-1.8145298,-0.11246191,0.08539598
50404000,9.381968,10.03874,-5.0401654,-1.8403114,-0.11150036,0.087065645
50412000,9.364731,10.038351,-5.03909,-1.865969,-0.110493146,0.08861482
50420000,9.347341,10.037958,-5.038012,-1.8912574,-0.10948795,0.08996708
50428000,9.329799,10.037562,-5.036932,-1.9162463,-0.10856134,0.09118769
50436000,9.312105,10.037163,-5.035831,-1.94095,-0.1076193,0.09225092
50444000,9.294047,10.036772,-5.0346966,-1.9655813,-0.10664364,0.09324062
50452000,9.275845,10.036377,-5.0335646,-1.9897486,-0.10572153,0.09402493
50460000,9.2575,10.035979,-5.032435,-2.0136292,-0.104844026,0.094751164
50468000,9.239014,10.035579,-5.0313096,-2.0370896,-0.10394705,0.09530899
50476000,9.220184,10.035188,-5.030167,-2.060432,-0.10311783,0.0958076
50484000,9.2012205,10.034794,-5.0290303,-2.083449,-0.10230529,0.09614438
50492000,9.182125,10.034396,-5.02791,-2.1061344,-0.10152562,0.096366756
50500000,9.162897,10.033995,-5.026797,-2.1284783,-0.10071559,0.0964503
50508000,9.143337,10.03361,-5.0256906,-2.1506531,-0.09989512,0.09644374
50516000,9.123653,10.033223,-5.0245924,-2.1724722,-0.099106625,0.096306875
50524000,9.103847,10.032832,-5.023504,-2.1938884,-0.09837953,0.09604317
50532000,9.08392,10.032437,-5.0224247,-2.2149835,-0.09765188,0.09570503
50540000,9.06368,10.032077,-5.0213532,-2.235852,-0.09685878,0.09527027
50548000,9.043325,10.031713,-5.0202923,-2.256433,-0.09609467,0.09472479
50556000,9.02286,10.031344,-5.019243,-2.2766526,-0.09538897,0.094174586
50564000,9.002283,10.0309725,-5.0182047,-2.2965655,-0.09464399,0.09355436
50572000,8.981408,10.030643,-5.017164,-2.3162549,-0.0939014,0.09285074
50580000,8.960429,10.03031,-5.0161366,-2.3356125,-0.09312376,0.09205112
50588000,8.939347,10.029972,-5.015122,-2.3546026,-0.09234541,0.091225795
50596000,8.918165,10.029631,-5.0141196,-2.3732536,-0.09163937,0.090306945
50604000,8.896885,10.029285,-5.0131316,-2.3915424,-0.09093172,0.089346975
50612000,8.875337,10.028975,-5.0121455,-2.409615,-0.0901655,0.08836636
50620000,8.853697,10.02866,-5.011174,-2.4273338,-0.08948436,0.08728504
50628000,8.831966,10.02834,-5.010217,-2.444794,-0.08882016,0.086224586
50636000,8.810145,10.028017,-5.0092874,-2.4619143,-0.08819297,0.08516598
50644000,8.78807,10.02772,-5.008363,-2.4787676,-0.08756947,0.08399694
50652000,8.76591,10.027418,-5.0074534,-2.4952476,-0.08694966,0.08276082
50660000,8.74367,10.027112,-5.0065594,-2.5114427,-0.086323716,0.0814728
50668000,8.721351,10.026801,-5.005681,-2.5273764,-0.08571123,0.08019932
50676000,8.698815,10.026503,-5.00481,-2.543059,-0.08511035,0.0789084
50684000,8.676207,10.026199,-5.003955,-2.5584002,-0.08454325,0.07750898
50692000,8.653525,10.025891,-5.0031147,-2.5733943,-0.08394033,0.07620112
50700000,8.630774,10.0255785,-5.0022907,-2.5880182,-0.08343459,0.074859776
50708000,8.607828,10.025271,-5.00147,-2.6025033,-0.08287199,0.073480956
50716000,8.584817,10.024959,-5.000666,-2.616685,-0.08232941,0.07213782
50724000,8.561741,10.024643,-4.9998775,-2.6305664,-0.08179877,0.07081266
50732000,8.538603,10.024322,-4.9991045,-2.6441538,-0.081305884,0.06944253
50740000,8.515301,10.024001,-4.9983654,-2.6575046,-0.080796294,0.06811659
50748000,8.49194,10.023677,-4.9976416,-2.6705995,-0.080328904,0.06671488
50756000,8.468522,10.023348,-4.996933,-2.6833816,-0.0797965,0.06529775
50764000,8.445048,10.023015,-4.9962397,-2.6959124,-0.07933267,0.06387941
50772000,8.421426,10.022684,-4.9955707,-2.7082253,-0.07882763,0.06246774
50780000,8.397752,10.022349,-4.9949164,-2.7202454,-0.078408286,0.061022516
50788000,8.374028,10.022011,-4.994283,-2.7320137,-0.07799598,0.059588466
50796000,8.350255,10.0216675,-4.993665,-2.7434638,-0.07761866,0.05819535
50804000,8.326363,10.021334,-4.9930787,-2.754691,-0.07719854,0.056833293
50812000,8.302425,10.020995,-4.9925065,-2.765692,-0.07684144,0.05547794
50820000,8.278444,10.020652,-4.9919477,-2.7764952,-0.07651976,0.054146994
50828000,8.25442,10.020305,-4.9914026,-2.7870321,-0.07616333,0.052806135
50836000,8.230296,10.019987,-4.990868,-2.7973378,-0.07573655,0.051452696
50844000,8.206133,10.019665,-4.9903474,-2.8074224,-0.07537848,0.050086442
50852000,8.1819315,10.019338,-4.9898405,-2.8172326,-0.075004116,0.04870645
50860000,8.157693,10.019007,-4.9893475,-2.8267722,-0.07462842,0.047424056
50872000,8.133361,10.018698,-4.9888997,-2.836123,-0.07420674,0.046159163
50884000,8.108995,10.018385,-4.988464,-2.845269,-0.073797196,0.0449184
50888000,8.084597,10.018067,-4.98804,-2.8542035,-0.07344317,0.0436189
50896000,8.060167,10.017746,-4.9876256,-2.8628962,-0.07308602,0.042317886
50904000,8.0357065,10.01742,-4.9872236,-2.8713846,-0.07275325,0.041155133
50920000,8.011178,10.017128,-4.9868603,-2.8797622,-0.072363846,0.039950483
50924000,7.986621,10.016831,-4.9865074,-2.8878891,-0.071962096,0.03880064
50932000,7.962036,10.01653,-4.986165,-2.8958144,-0.07163848,0.03767298
50944000,7.937425,10.016225,-4.9858327,-2.903524,-0.07125542,0.0365694
50948000,7.912764,10.015948,-4.9855356,-2.911058,-0.07089222,0.035473112
50956000,7.888079,10.015667,-4.9852476,-2.9183707,-0.070577696,0.03442364
50964000,7.8633714,10.015381,-4.984969,-2.925501,-0.07019654,0.033308484
50972000,7.8386416,10.01509,-4.9846997,-2.932439,-0.06989417,0.032244265
50980000,7.8138785,10.014816,-4.9844685,-2.9392316,-0.06949703,0.031201381
50988000,7.7890954,10.014538,-4.9842453,-2.9458523,-0.06913387,0.030101761
51000000,7.7642927,10.014256,-4.9840474,-2.9523065,-0.06872624,0.029100696
51004000,7.7394705,10.013968,-4.9838567,-2.95863,-0.06837148,0.028149055
51016000,7.7146287,10.013709,-4.983697,-2.9647808,-0.06798629,0.027287476
51024000,7.6897693,10.013444,-4.9835434,-2.9707952,-0.06761664,0.026417466
51032000,7.6648927,10.013175,-4.983395,-2.9766183,-0.06725975,0.0256021
51036000,7.6399994,10.012901,-4.983253,-2.98227,-0.06695678,0.024709292
51044000,7.615093,10.012652,-4.983171,-2.987702,-0.066699825,0.023886956
51052000,7.590173,10.012399,-4.9830933,-2.9930043,-0.066363476,0.02303741
51060000,7.5652385,10.01214,-4.98302,-2.998211,-0.06608091,0.022232013
51068000,7.540118,10.011924,-4.9829464,-3.00336,-0.06573824,0.021441208
51076000,7.5150466,10.011722,-4.9829,-3.0083165,-0.06540225,0.020650191
51084000,7.489995,10.011504,-4.982858,-3.0131156,-0.065109245,0.019920701
51092000,7.4649568,10.011274,-4.982803,-3.017815,-0.064805694,0.019164924
51100000,7.439926,10.011035,-4.9827523,-3.0223813,-0.06445033,0.018471906
51108000,7.41492,10.01081,-4.982729,-3.026715,-0.06415189,0.017807145
51116000,7.389915,10.010576,-4.982708,-3.0309677,-0.06385716,0.017218811
51124000,7.3649087,10.010336,-4.98269,-3.035093,-0.0636108,0.016622167
51132000,7.3399005,10.010088,-4.982674,-3.039018,-0.06327941,0.016065074
51140000,7.314926,10.00986,-4.9826365,-3.0428696,-0.062983975,0.015563836
51148000,7.2899466,10.009625,-4.9826016,-3.0466208,-0.0627117,0.015044027
51156000,7.2649612,10.009385,-4.982569,-3.0502317,-0.062426656,0.014578647
51164000,7.2399707,10.00914,-4.982539,-3.0537503,-0.062124033,0.014127969
51172000,7.215007,10.008914,-4.9825163,-3.0571475,-0.061822288,0.013641958
51180000,7.1900373,10.008683,-4.9824963,-3.0604055,-0.06155227,0.0131949475
51188000,7.165061,10.008447,-4.9824777,-3.0635803,-0.061263643,0.012850244
51196000,7.1400795,10.008206,-4.982471,-3.066634,-0.061010078,0.012487579
51204000,7.115116,10.007983,-4.9824643,-3.0695596,-0.060717728,0.012170386
51212000,7.090147,10.007754,-4.982459,-3.0724208,-0.060452227,0.011862614
51220000,7.065173,10.007522,-4.9824553,-3.0751731,-0.06016328,0.011543501
51228000,7.040194,10.007285,-4.9824524,-3.0778959,-0.05980152,0.011199348
51236000,7.0152364,10.007049,-4.9824443,-3.080485,-0.059492815,0.010924017
51244000,6.9902744,10.006807,-4.98243,-3.0829709,-0.059256896,0.010666372
51252000,6.965308,10.006562,-4.9824166,-3.0853975,-0.059059776,0.010405375
51260000,6.940338,10.006312,-4.9824047,-3.0877612,-0.058857422,0.010188484
51268000,6.915402,10.006058,-4.982373,-3.089966,-0.0585834,0.009977235
51276000,6.8904624,10.005799,-4.982343,-3.0921063,-0.058328845,0.009741752
51284000,6.8655195,10.005538,-4.9823146,-3.094173,-0.05805383,0.009516425
51292000,6.8405733,10.005272,-4.982299,-3.096204,-0.057875223,0.009262351
51300000,6.8156238,10.005003,-4.982284,-3.098182,-0.05767328,0.008989238
51308000,6.7907267,10.004733,-4.982254,-3.1000855,-0.057535343,0.008801283
51316000,6.7658253,10.00446,-4.9822254,-3.1019423,-0.05730691,0.008599772
51324000,6.7409205,10.004184,-4.9821987,-3.1037335,-0.057073098,0.0083600655
51332000,6.7160125,10.003904,-4.982173,-3.105413,-0.056896172,0.008161468
51340000,6.6911535,10.003626,-4.982111,-3.1070547,-0.056706984,0.008017904
51348000,6.6662908,10.003344,-4.982051,-3.1085618,-0.056563344,0.007862714
51356000,6.6414285,10.003055,-4.9819937,-3.1099992,-0.05651862,0.007708514
51364000,6.616563,10.002762,-4.981938,-3.1114328,-0.056355216,0.007571738
51372000,6.591754,10.002454,-4.9818625,-3.1127045,-0.056160055,0.0074268295
51380000,6.566942,10.002143,-4.9817905,-3.1139793,-0.05607906,0.007201357
51388000,6.542127,10.001828,-4.981721,-3.1152432,-0.055925123,0.0070528104
51396000,6.5173097,10.001511,-4.981659,-3.1164284,-0.05577544,0.006859635
51404000,6.4925237,10.001183,-4.9815702,-3.1175647,-0.05569446,0.006708872
51412000,6.467735,10.000851,-4.9814844,-3.118676,-0.055629097,0.006583148
51420000,6.442945,10.000514,-4.9814014,-3.1197464,-0.05556141,0.006479969
51428000,6.418153,10.0001745,-4.9813213,-3.1208153,-0.055483468,0.006341729
51436000,6.3933945,9.9998255,-4.981215,-3.121823,-0.05545797,0.006232352
51444000,6.3686333,9.999474,-4.981105,-3.1227193,-0.055376396,0.006106594
51452000,6.3438697,9.999119,-4.9809985,-3.1235776,-0.055279285,0.0059528374
51460000,6.3191032,9.998761,-4.9808955,-3.1244688,-0.055179663,0.0057774554
51468000,6.2943788,9.998387,-4.9807806,-3.1252384,-0.055121172,0.0056413827
51476000,6.2696514,9.998011,-4.980669,-3.126003,-0.055054855,0.0055632796
51484000,6.2449217,9.997631,-4.9805613,-3.1267197,-0.05503967,0.005443118
51492000,6.2201915,9.997247,-4.980454,-3.1273818,-0.055030175,0.0053023146
51500000,6.1955037,9.996848,-4.980332,-3.127991,-0.055046555,0.0050802315
51508000,6.1708136,9.996446,-4.9802146,-3.1285896,-0.055035956,0.0048933853
51516000,6.1461205,9.996042,-4.980101,-3.1292217,-0.05500355,0.0047323965
51524000,6.121424,9.995635,-4.9799924,-3.12984,-0.05501362,0.0045333607
51532000,6.0967846,9.995202,-4.979864,-3.130345,-0.05501184,0.004374717
51540000,6.072141,9.994766,-4.9797506,-3.1308744,-0.05502604,0.0042339275
51548000,6.0474944,9.9943285,-4.979641,-3.1313598,-0.055029064,0.0040641306
51556000,6.022844,9.99389,-4.979536,-3.1318197,-0.05505707,0.0038548703
51564000,5.9981923,9.993446,-4.9794354,-3.1322968,-0.055093642,0.003654009
51572000,5.9736032,9.992986,-4.9793134,-3.1326075,-0.05507896,0.0034502458
51580000,5.911534,9.991865,-4.9791584,-3.134112,-0.05508723,0.0030246603
51588000,5.8869286,9.991402,-4.979048,-3.134396,-0.055097308,0.002876898
51596000,5.8623195,9.990937,-4.9789367,-3.1347077,-0.0550728,0.0027283502
51604000,5.8377786,9.990463,-4.9788203,-3.134927,-0.055104367,0.002551156
51612000,5.813233,9.989988,-4.9787083,-3.1351473,-0.055112127,0.0023382262
51620000,5.788683,9.9895115,-4.9786015,-3.1353848,-0.055089615,0.0021462587
51628000,5.764128,9.989035,-4.9784994,-3.1356745,-0.055129606,0.0019243925
51636000,5.7396407,9.988551,-4.9784055,-3.1358984,-0.055198845,0.0017124511
51644000,5.715148,9.988067,-4.9782877,-3.1359982,-0.055235717,0.001531138
51652000,5.69065,9.98758,-4.9781747,-3.1361272,-0.05525918,0.0013330033
51660000,5.6661468,9.987093,-4.978067,-3.1362755,-0.055266332,0.0011325759
51668000,5.6417027,9.986599,-4.977969,-3.136368,-0.055309936,0.00093877886
51676000,5.6172523,9.986104,-4.9778767,-3.1364172,-0.05527404,0.0007127387
51684000,5.5927963,9.985609,-4.9777884,-3.1365407,-0.055287804,0.0004771754
51692000,5.5683346,9.985112,-4.9777117,-3.1366441,-0.055254366,0.00023558112
51700000,5.5439186,9.98461,-4.9776425,-3.136701,-0.05523027,3.444528e-05
51708000,5.519497,9.984107,-4.9775777,-3.136696,-0.055202056,-0.00012650748
51716000,5.495069,9.9836035,-4.977517,-3.1366801,-0.055192687,-0.00037801458
51724000,5.4706354,9.9831,-4.977461,-3.1367276,-0.05520199,-0.0006025901
51732000,5.4462934,9.982641,-4.9773397,-3.1366184,-0.05515889,-0.000848577
51740000,5.4219484,9.982168,-4.97724,-3.136544,-0.05513836,-0.0009994773
51748000,5.397597,9.981686,-4.9771566,-3.1365414,-0.05513264,-0.0011504495
51756000,5.373309,9.981205,-4.977098,-3.1364448,-0.05509375,-0.0012827211
51764000,5.3490114,9.980719,-4.9770503,-3.1363466,-0.055016756,-0.0014950295
51772000,5.3247023,9.980227,-4.9770107,-3.1362612,-0.05498944,-0.0016999835
51780000,5.300381,9.979733,-4.976992,-3.1362343,-0.054957084,-0.0019211987
51788000,5.2761173,9.979259,-4.976998,-3.1361396,-0.05491349,-0.0021684014
51796000,5.251841,9.978782,-4.9770083,-3.1360211,-0.054823563,-0.002357818
51804000,5.227554,9.978303,-4.9770226,-3.135976,-0.054694735,-0.0025523081
51812000,5.203256,9.977823,-4.977041,-3.1358523,-0.054581836,-0.0027907074
51820000,5.1790266,9.977355,-4.9770846,-3.1356227,-0.05452324,-0.0030077018
51828000,5.1547885,9.976886,-4.9771657,-3.1354277,-0.05437758,-0.0031999892
51836000,5.1305404,9.976416,-4.977248,-3.1352904,-0.054299146,-0.0033928093
51844000,5.106282,9.9759445,-4.9773316,-3.1351638,-0.054189436,-0.0036038607
51852000,5.0821075,9.975481,-4.9774437,-3.1349185,-0.054071337,-0.0037917546
51864000,5.057923,9.975018,-4.977556,-3.1347332,-0.053969983,-0.0039160415
51872000,5.0337276,9.974553,-4.9776683,-3.1345332,-0.053902507,-0.0040883357
51880000,5.0095224,9.974089,-4.9777813,-3.1343598,-0.053792775,-0.0042001843
51888000,4.9853897,9.973633,-4.9779234,-3.1340811,-0.05368941,-0.0043694507
51896000,4.9612465,9.973177,-4.9780655,-3.133806,-0.053550072,-0.004542376
51904000,4.937095,9.972721,-4.9782076,-3.1335285,-0.05338354,-0.0047062454
51912000,4.9129333,9.972265,-4.9783487,-3.1333218,-0.053221192,-0.0048141703
51920000,4.8888454,9.971825,-4.978519,-3.1330214,-0.053027682,-0.0049156877
51928000,4.8647466,9.971384,-4.978688,-3.1327276,-0.052921295,-0.0050193714
51936000,4.8406367,9.970943,-4.978856,-3.1324496,-0.052738298,-0.0051109553
51944000,4.8165164,9.970503,-4.979023,-3.132168,-0.052580982,-0.0051867645
51952000,4.792386,9.970063,-4.9791884,-3.1318762,-0.052388974,-0.0052634585
51960000,4.768321,9.969641,-4.9793825,-3.1314745,-0.052150965,-0.005344785
51968000,4.7442455,9.969219,-4.979575,-3.1311698,-0.051950198,-0.005419616
51976000,4.720161,9.968798,-4.9797654,-3.1308134,-0.05176469,-0.0054621194
51984000,4.696066,9.968375,-4.9799614,-3.1305163,-0.051587198,-0.00556667
51992000,4.6720304,9.967969,-4.980166,-3.1302154,-0.051369626,-0.005716007
52000000,4.6479836,9.967562,-4.9803686,-3.129913,-0.05110473,-0.0057540038
52008000,4.623925,9.967156,-4.9805684,-3.1296256,-0.050904978,-0.0057843523
52016000,4.599979,9.966778,-4.980768,-3.1291628,-0.050699383,-0.0057649827
52024000,4.576008,9.966395,-4.9809637,-3.1287496,-0.05045186,-0.005758108
52032000,4.5520153,9.966011,-4.981186,-3.128363,-0.050138403,-0.0057145753
52040000,4.5280046,9.965624,-4.9814034,-3.127997,-0.04986472,-0.005704433
52048000,4.5040383,9.9652605,-4.9816065,-3.1275728,-0.04957982,-0.005688484
52056000,4.4800544,9.964895,-4.9818053,-3.1271434,-0.04930722,-0.0056571076
52064000,4.456055,9.964529,-4.982001,-3.1267672,-0.049008776,-0.005627186
52072000,4.432041,9.964163,-4.982193,-3.1264596,-0.048741594,-0.0055925585
52080000,4.4080124,9.963796,-4.9823756,-3.1261506,-0.04843459,-0.0055941995
52088000,4.384033,9.963456,-4.982536,-3.1257906,-0.048071746,-0.005504311
52096000,4.36004,9.963118,-4.9826927,-3.1254547,-0.047801558,-0.0053708917
52104000,4.3360343,9.962777,-4.982847,-3.1251142,-0.047503795,-0.005272068
52112000,4.3120165,9.962437,-4.9829993,-3.124848,-0.047198523,-0.0052193175
52120000,4.288048,9.962112,-4.9831367,-3.1245136,-0.04685548,-0.0050839894
52128000,4.2640657,9.961788,-4.9833026,-3.1241794,-0.046522774,-0.0049526207
52136000,4.2400713,9.961464,-4.9834657,-3.1238697,-0.046206944,-0.004902782
52144000,4.216064,9.96114,-4.9836264,-3.1236248,-0.045929033,-0.0048302338
52152000,4.192105,9.960828,-4.9837704,-3.123284,-0.045568194,-0.004719091
52160000,4.168133,9.960517,-4.9839115,-3.122977,-0.04514945,-0.0046553235
52168000,4.1441483,9.960207,-4.9840508,-3.1226716,-0.044764027,-0.0045932364
52176000,4.120151,9.959898,-4.9841876,-3.1224606,-0.04440026,-0.0044588703
52184000,4.096204,9.959597,-4.9843197,-3.1221778,-0.043997753,-0.004337437
52192000,4.072243,9.959295,-4.984449,-3.1219091,-0.043619823,-0.004169994
52200000,4.0482697,9.958996,-4.9845753,-3.121591,-0.043248907,-0.0040855994
52208000,4.0242834,9.958696,-4.9846997,-3.1213233,-0.042890865,-0.003954072
52216000,4.000328,9.958401,-4.9848166,-3.120992,-0.042553615,-0.0038551975
52224000,3.9763596,9.958105,-4.984931,-3.1206799,-0.042127207,-0.0037340065
52232000,3.9523787,9.957811,-4.9850607,-3.1204054,-0.041713465,-0.0036367662
52240000,3.9283853,9.957519,-4.985188,-3.1201258,-0.041314226,-0.0034629824
52248000,3.9044213,9.957229,-4.9853044,-3.1198373,-0.040937297,-0.0033309949
52256000,3.8804445,9.956939,-4.9854183,-3.1195765,-0.040589314,-0.0032374815
52264000,3.856455,9.956651,-4.9855304,-3.1193173,-0.040249076,-0.0031027063
52272000,3.8324528,9.956363,-4.9856396,-3.11911,-0.039900854,-0.0030034396
52280000,3.8084803,9.9560795,-4.9857435,-3.1188323,-0.039556947,-0.002911047
52288000,3.7844949,9.955797,-4.9858446,-3.1185856,-0.03918567,-0.0027884387
52296000,3.7604964,9.955516,-4.985944,-3.1184514,-0.038791317,-0.0026686708
52304000,3.7364848,9.955236,-4.986041,-3.1182466,-0.038403396,-0.0025724578
52312000,3.7125065,9.954958,-4.9861293,-3.118054,-0.038028773,-0.0025095253
52320000,3.6885161,9.95468,-4.986216,-3.117832,-0.03768294,-0.0024320756
52328000,3.664513,9.954405,-4.9862905,-3.1176488,-0.03728385,-0.0023626725
52336000,3.6404967,9.95413,-4.986364,-3.1174736,-0.036854353,-0.002290383
52344000,3.6164677,9.953858,-4.986436,-3.1173143,-0.0364136,-0.0022335262
52352000,3.5924878,9.953586,-4.986504,-3.1171124,-0.036010586,-0.0021131595
52360000,3.5684943,9.953315,-4.986571,-3.116971,-0.0356415,-0.0020328048
52368000,3.5444872,9.953046,-4.986636,-3.1168218,-0.03525669,-0.001997878
52376000,3.520467,9.952779,-4.9867005,-3.116633,-0.034847155,-0.0018977018
52384000,3.4964807,9.952511,-4.9867787,-3.1164172,-0.034492504,-0.0018032667
52392000,3.4724824,9.952244,-4.986855,-3.1162896,-0.034121655,-0.0017439022
52400000,3.44847,9.951979,-4.9869304,-3.116179,-0.033706855,-0.0017129165
52408000,3.4244444,9.951715,-4.9870043,-3.1160755,-0.033298988,-0.0016402254
52416000,3.4004335,9.951451,-4.987077,-3.1159563,-0.032891948,-0.0015594221
52424000,3.3764088,9.951188,-4.987149,-3.115836,-0.03255733,-0.0015083901
52432000,3.352371,9.950928,-4.9872136,-3.1156898,-0.03216147,-0.001424559
52440000,3.32832,9.950669,-4.987277,-3.1155946,-0.031734183,-0.0013476348
52448000,3.3042955,9.950418,-4.987343,-3.1154802,-0.031328183,-0.0012946946
52456000,3.2802575,9.950171,-4.987407,-3.1153939,-0.030896397,-0.0012120892
52464000,3.2562072,9.949924,-4.9874706,-3.1153247,-0.030490786,-0.001153348
52472000,3.2321436,9.94968,-4.987532,-3.115206,-0.030067079,-0.0010672372
52480000,3.208101,9.94944,-4.987609,-3.1150563,-0.029713498,-0.0009919007
52488000,3.1840456,9.949202,-4.987684,-3.1149359,-0.029322583,-0.0009983153
52496000,3.1599767,9.948966,-4.9877577,-3.1148524,-0.028956715,-0.0009847227
52504000,3.135895,9.948731,-4.9878297,-3.114781,-0.028608032,-0.00090732187
52512000,3.1118393,9.948497,-4.9879107,-3.1146502,-0.028198238,-0.00088791916
52520000,3.0877705,9.948265,-4.98799,-3.1145327,-0.02776021,-0.00082012755
52528000,3.0636902,9.948035,-4.9880633,-3.1144376,-0.02736523,-0.000783261
52536000,3.0395973,9.947808,-4.988135,-3.114396,-0.026937488,-0.0007379838
52544000,3.0155225,9.947578,-4.9882016,-3.1143157,-0.026538743,-0.00065330137
52552000,2.991435,9.9473505,-4.988266,-3.114175,-0.026156263,-0.00055041607
52560000,2.967335,9.947125,-4.988329,-3.1141012,-0.025746595,-0.00044037856
52568000,2.9432225,9.946903,-4.98839,-3.114058,-0.025364509,-0.00038066713
52576000,2.9191384,9.946691,-4.9884367,-3.1139567,-0.024938589,-0.00030409524
52584000,2.8950417,9.946482,-4.988481,-3.1138446,-0.024523318,-0.00023731872
52592000,2.8709326,9.946274,-4.988524,-3.1137042,-0.024157116,-9.004196e-05
52600000,2.8468132,9.946069,-4.9885654,-3.1135507,-0.02373071,5.0311963e-05
52608000,2.822682,9.945866,-4.988605,-3.1133974,-0.023293888,0.00013965637
52616000,2.798577,9.945673,-4.988632,-3.1131654,-0.02281336,0.00026314688
52624000,2.7744613,9.945482,-4.9886584,-3.1128983,-0.02237769,0.00039633265
52632000,2.7503345,9.945295,-4.98867,-3.112646,-0.021902302,0.00049645157
52640000,2.7261972,9.94511,-4.9886804,-3.1122847,-0.021492772,0.00062191935
52648000,2.702092,9.944934,-4.9886894,-3.1118107,-0.021088423,0.00078045717
52656000,2.6779776,9.94476,-4.988698,-3.1112564,-0.020629128,0.0008763137
52664000,2.653855,9.944589,-4.988706,-3.1106296,-0.020150447,0.00096419454
52672000,2.6297266,9.944419,-4.9887137,-3.1099286,-0.019678367,0.00096753455
52680000,2.6056356,9.944249,-4.988713,-3.1090732,-0.019251214,0.000918497
52688000,2.581539,9.944082,-4.988712,-3.1080508,-0.018795237,0.0008860288
52696000,2.557438,9.943917,-4.9887123,-3.1069648,-0.018393649,0.00079311023
52704000,2.5333338,9.943754,-4.9887133,-3.1057098,-0.01796671,0.0007129716
52712000,2.509273,9.943599,-4.988719,-3.104311,-0.017557746,0.0005871537
52720000,2.4852111,9.943444,-4.9887257,-3.102753,-0.017162662,0.00040700778
52728000,2.4611495,9.943293,-4.9887347,-3.1010396,-0.01678471,0.00020151581
52736000,2.4370897,9.943144,-4.9887457,-3.0991762,-0.0163247,3.772573e-05
52744000,2.4130657,9.943012,-4.9887543,-3.0971515,-0.015900329,-0.00016614559
52752000,2.3890455,9.9428835,-4.988764,-3.0949507,-0.015473264,-0.00031698708
52760000,2.3650315,9.942757,-4.9887753,-3.0925686,-0.015087295,-0.00054609135
52768000,2.3410246,9.942631,-4.9887896,-3.0900023,-0.014712716,-0.0008567277
52776000,2.317065,9.942531,-4.988801,-3.0871942,-0.014281302,-0.0011458813
52784000,2.2931159,9.942431,-4.9888124,-3.0842295,-0.013830271,-0.0014235189
52792000,2.2691789,9.942334,-4.9888268,-3.0810275,-0.0134379715,-0.0017041956
52804000,2.2452562,9.942238,-4.9888434,-3.0776813,-0.013043978,-0.0020431888
52808000,2.2213874,9.942174,-4.9888663,-3.0740726,-0.012588201,-0.0023976336
52816000,2.197536,9.94211,-4.9888926,-3.0702384,-0.012184389,-0.0027807662
52824000,2.173704,9.942048,-4.9889226,-3.0661857,-0.011780681,-0.0031880783
52832000,2.1498928,9.941987,-4.98896,-3.0619626,-0.011369495,-0.0035759886
52840000,2.126152,9.941947,-4.9890075,-3.05743,-0.010963636,-0.004036556
52848000,2.1024358,9.941909,-4.989059,-3.052689,-0.010507982,-0.0044731423
52856000,2.0787463,9.941871,-4.9891143,-3.047699,-0.0100776795,-0.004956249
52864000,2.0550854,9.941834,-4.9891734,-3.0424614,-0.009666187,-0.0054686274
52872000,2.0314553,9.941798,-4.989237,-3.0370631,-0.009217697,-0.006012254
52880000,2.0079122,9.941785,-4.989319,-3.0313587,-0.008781935,-0.006493954
52888000,1.9844027,9.941772,-4.989404,-3.0254827,-0.0083553,-0.0069731805
52896000,1.960929,9.94176,-4.9894934,-3.0192993,-0.007867087,-0.007516942
52904000,1.9374932,9.94175,-4.989587,-3.012982,-0.007401479,-0.008039566
52912000,1.9141642,9.941765,-4.989688,-3.0063605,-0.006938769,-0.008582863
52920000,1.8908757,9.941781,-4.9897933,-2.9995627,-0.006509268,-0.00909903
52928000,1.8676295,9.941797,-4.9898796,-2.9924924,-0.0060747014,-0.009578443
52936000,1.844428,9.941814,-4.98997,-2.9852328,-0.005607833,-0.010091933
52944000,1.8213573,9.941865,-4.9900618,-2.977671,-0.0051176194,-0.010611316
52952000,1.798334,9.941918,-4.9901576,-2.9698486,-0.0046600564,-0.0111492425
52960000,1.7753603,9.941972,-4.9902577,-2.9617703,-0.004197009,-0.011677714
52968000,1.7524388,9.942025,-4.9903626,-2.9534514,-0.003727488,-0.012197621
52976000,1.7296801,9.942121,-4.9904675,-2.9448884,-0.0032317224,-0.012659478
52984000,1.7069758,9.942216,-4.9905705,-2.9360292,-0.0027832426,-0.013150508
52992000,1.6843278,9.942311,-4.990678,-2.9269876,-0.0023092655,-0.013604792
53000000,1.6617384,9.942406,-4.990789,-2.9177327,-0.0018594166,-0.014038307
53008000,1.6393191,9.9425535,-4.990907,-2.908176,-0.001363311,-0.0144653255
53016000,1.6169608,9.942699,-4.9910297,-2.8983648,-0.0009037103,-0.014914917
53024000,1.5946643,9.942848,-4.991156,-2.8883991,-0.00040668494,-0.015382808
53032000,1.5724328,9.942996,-4.9912853,-2.8781836,0.00010265788,-0.015812725
53040000,1.5503879,9.943198,-4.991429,-2.8676908,0.0005447528,-0.016191134
53048000,1.52841,9.943399,-4.9915757,-2.8569708,0.0010119004,-0.01653155
53056000,1.5065012,9.943598,-4.9917254,-2.8460343,0.0014683886,-0.016880367
53064000,1.4846636,9.943795,-4.9918776,-2.8349361,0.0019886203,-0.017167864
53072000,1.4630293,9.944044,-4.9920573,-2.823495,0.002545295,-0.017461425
53080000,1.4414678,9.94429,-4.9922333,-2.811898,0.0030832791,-0.017733218
53088000,1.4199814,9.944534,-4.992411,-2.8000884,0.0035520156,-0.017987216
53096000,1.3985717,9.944777,-4.9925904,-2.7880898,0.004018249,-0.018227674
53104000,1.377369,9.945061,-4.9927845,-2.7757902,0.0045388537,-0.018489536
53112000,1.3562453,9.945343,-4.9929795,-2.76329,0.0050366903,-0.01864279
53120000,1.3352028,9.945622,-4.993175,-2.750524,0.0055041495,-0.018757408
53128000,1.3142433,9.945898,-4.9933643,-2.7376683,0.005977571,-0.018922511
53136000,1.2933682,9.946173,-4.993554,-2.7246628,0.0064106756,-0.0190855
53144000,1.2727058,9.946484,-4.9937577,-2.7113762,0.0068880576,-0.019199213
53152000,1.2521293,9.946793,-4.993961,-2.6979084,0.00731418,-0.019305915
53160000,1.2316409,9.947098,-4.9941645,-2.6842587,0.0077532493,-0.019424928
53168000,1.2112421,9.9474,-4.994368,-2.670513,0.008205066,-0.019474449
53176000,1.191065,9.947747,-4.994578,-2.6564324,0.008673822,-0.01955759
53184000,1.1709788,9.948091,-4.9948163,-2.6423237,0.009117093,-0.019625355
53192000,1.1509846,9.94843,-4.9950533,-2.6280048,0.009588319,-0.019611062
53200000,1.1310847,9.948767,-4.995289,-2.6135292,0.0099822,-0.019640448
53208000,1.111423,9.949145,-4.995522,-2.598743,0.010430682,-0.019602101
53216000,1.0918564,9.94952,-4.9957533,-2.5839233,0.010935205,-0.019567369
53224000,1.0723861,9.949892,-4.9959826,-2.568962,0.011363515,-0.019457249
53232000,1.0530142,9.950259,-4.996199,-2.553795,0.011783714,-0.019297056
53240000,1.0339016,9.95067,-4.996406,-2.538367,0.012213901,-0.019198202
53248000,1.0148879,9.9510765,-4.9966106,-2.522871,0.01263863,-0.0190531
53256000,0.99597436,9.951478,-4.9968133,-2.5072906,0.013021106,-0.0189001
53264000,0.9771621,9.951875,-4.9970136,-2.4915779,0.013357968,-0.01874344
53272000,0.95860976,9.952317,-4.9972067,-2.4755855,0.0137021495,-0.018516831
53280000,0.94015944,9.952753,-4.9974,-2.4595351,0.014026912,-0.0182618
53288000,0.92181253,9.953183,-4.99759,-2.443337,0.014396505,-0.018009916
53296000,0.9035705,9.9536085,-4.997777,-2.4270566,0.014767254,-0.017720856
53304000,0.88560903,9.954077,-4.9979496,-2.4105382,0.0150873475,-0.01742285
53312000,0.8677524,9.954537,-4.998119,-2.3939226,0.015459134,-0.017129565
53320000,0.8500021,9.954993,-4.998285,-2.3771458,0.015812138,-0.016761258
53328000,0.83235997,9.955442,-4.9984612,-2.3603065,0.016124211,-0.016379487
53336000,0.8149891,9.9559355,-4.9986305,-2.343322,0.016468018,-0.01608293
53344000,0.7977258,9.956423,-4.9987955,-2.326214,0.01675947,-0.015708616
53352000,0.7805713,9.9569025,-4.998957,-2.309038,0.01703766,-0.015356014
53360000,0.76352656,9.957376,-4.9991145,-2.2918541,0.017282989,-0.014964516
53368000,0.7467643,9.957876,-4.999259,-2.2744486,0.017626708,-0.014540084
53376000,0.7301112,9.958371,-4.9993997,-2.2569609,0.017912885,-0.014112441
53384000,0.7135689,9.9588585,-4.999545,-2.2393854,0.018196525,-0.013706741
53392000,0.69713837,9.959339,-4.9996867,-2.2217724,0.01846776,-0.01331224
53400000,0.6808202,9.959813,-4.999824,-2.2041657,0.018678563,-0.012873763
53408000,0.6647802,9.960318,-4.9999475,-2.1862884,0.018939551,-0.012440183
53416000,0.6488524,9.960814,-5.0000668,-2.168395,0.01921445,-0.012031482
53424000,0.6330379,9.961306,-5.000182,-2.1504478,0.01942238,-0.011582144
53432000,0.6173375,9.961789,-5.000308,-2.132489,0.019629102,-0.011113446
53440000,0.60192144,9.962298,-5.000419,-2.114313,0.019842094,-0.010663957
53448000,0.58661896,9.962802,-5.000526,-2.096141,0.020064574,-0.010149914
53456000,0.5714303,9.963297,-5.0006275,-2.0779738,0.020269707,-0.009653155
53464000,0.5563564,9.963785,-5.000725,-2.0598025,0.020475356,-0.009217411
53472000,0.5415643,9.964291,-5.000816,-2.0414178,0.02063821,-0.008754742
53480000,0.5268865,9.964788,-5.000894,-2.0229726,0.020788664,-0.008247808
53488000,0.51232386,9.96528,-5.0009675,-2.00455,0.020955218,-0.00777073
53496000,0.49787697,9.965762,-5.0010366,-1.9861225,0.021108998,-0.0073170224
53504000,0.4837007,9.966262,-5.001104,-1.9675193,0.021230785,-0.0068398914
53512000,0.4696395,9.966754,-5.001167,-1.9489062,0.02133024,-0.006315465
53520000,0.45569402,9.967238,-5.0012245,-1.9303662,0.021420384,-0.0058115716
53528000,0.44186446,9.967715,-5.0012946,-1.911812,0.021526543,-0.005332205
53536000,0.4283157,9.968204,-5.00136,-1.8930873,0.02161438,-0.0048258416
53544000,0.4148821,9.968684,-5.001421,-1.874395,0.021664903,-0.004384156
53556000,0.40156397,9.969157,-5.0014772,-1.8557225,0.021706944,-0.003905048
53560000,0.3883621,9.969623,-5.0015287,-1.8370457,0.021785486,-0.003401523
53568000,0.37544897,9.970113,-5.0015836,-1.8181837,0.021837449,-0.0029107083
53576000,0.36265102,9.970594,-5.0016327,-1.7993762,0.021858102,-0.0024221244
53584000,0.34996867,9.971068,-5.001677,-1.780591,0.021873688,-0.0018528054
53592000,0.3374023,9.971533,-5.0017157,-1.761873,0.021820698,-0.0013175976
53600000,0.32512257,9.97202,-5.001746,-1.7430512,0.021830767,-0.0008826847
53608000,0.31295693,9.972499,-5.0017724,-1.7242665,0.021797946,-0.00042907617
53616000,0.300906,9.972968,-5.0017934,-1.7054753,0.02176579,0.000119827004
53624000,0.28897044,9.97343,-5.001809,-1.6867319,0.021725101,0.00061432424
53632000,0.27731705,9.973905,-5.001811,-1.667875,0.021657161,0.001101659
53640000,0.26577732,9.974371,-5.0018086,-1.6490793,0.021597896,0.0015963349
53648000,0.2543514,9.974829,-5.0018015,-1.6303447,0.021497991,0.0021194755
53656000,0.24303994,9.975277,-5.00179,-1.6116258,0.021434983,0.0025968435
53664000,0.2318431,9.975718,-5.001774,-1.5929924,0.021365995,0.0030738853
53672000,0.22091863,9.97618,-5.0017633,-1.5742704,0.02128564,0.0035049594
53680000,0.21010716,9.976633,-5.00174,-1.5555654,0.021160545,0.0039450806
53688000,0.1994091,9.977077,-5.001713,-1.5369256,0.02107253,0.0043856543
53696000,0.18882464,9.977512,-5.0016813,-1.5183642,0.021025566,0.0048584505
53704000,0.17850482,9.977976,-5.0016527,-1.4997381,0.020852845,0.005304904
53712000,0.16829666,9.978429,-5.00162,-1.4811778,0.020718418,0.0057449476
53720000,0.15820074,9.978873,-5.001583,-1.4626173,0.020601794,0.006110559
53728000,0.14821728,9.979308,-5.001541,-1.4441674,0.020456072,0.006543081
53736000,0.13849941,9.979778,-5.0015054,-1.4257197,0.020276412,0.0069502643
53744000,0.1288913,9.980239,-5.0014663,-1.4073352,0.020159852,0.0073239002
53752000,0.11939333,9.980689,-5.0014234,-1.3890145,0.019981256,0.0076914877
53760000,0.11000575,9.981131,-5.001376,-1.3707596,0.019843915,0.008093785
53768000,0.100898035,9.98161,-5.0013285,-1.3524166,0.019704508,0.008476175
53776000,0.09189867,9.98208,-5.0012765,-1.334139,0.019575726,0.008829866
53784000,0.083007306,9.982541,-5.0012317,-1.316058,0.019463165,0.009197142
53792000,0.07422378,9.982992,-5.001183,-1.298008,0.019321442,0.0095174685
53800000,0.065704085,9.983481,-5.0011373,-1.2798712,0.019149123,0.009835008
53808000,0.057290643,9.98396,-5.0010877,-1.2618223,0.01897366,0.010174839
53816000,0.048983403,9.984427,-5.0010343,-1.2438897,0.01877972,0.010509008
53824000,0.040782053,9.984885,-5.000977,-1.226085,0.018633295,0.010803384
53832000,0.032824926,9.985383,-5.0009193,-1.2081875,0.018538475,0.011084619
53840000,0.024972081,9.98587,-5.000858,-1.1903795,0.018394792,0.011329737
53848000,0.017223347,9.986346,-5.000794,-1.1727725,0.018230777,0.011584472
53860000,0.009578056,9.986813,-5.000726,-1.1552762,0.018058034,0.0118726725
53864000,0.0021648123,9.987331,-5.0006742,-1.1377597,0.01787966,0.012166294
53872000,-0.0051469123,9.98784,-5.000618,-1.1203569,0.017727217,0.012490613
53880000,-0.012357126,9.988337,-5.0005603,-1.1029983,0.017530521,0.012767154
53888000,-0.01946547,9.988822,-5.000499,-1.085754,0.017387759,0.013017722
53900000,-0.026337374,9.989347,-5.0004535,-1.0685103,0.017222302,0.013186898
53904000,-0.03311005,9.9898615,-5.0004053,-1.0514002,0.017063633,0.01339237
53912000,-0.03978371,9.990364,-5.0003533,-1.0344304,0.016888415,0.013644986
53920000,-0.046358712,9.990856,-5.000297,-1.0175718,0.016768647,0.013891425
53928000,-0.052834887,9.991338,-5.000264,-1.0008008,0.016588042,0.014099931
53936000,-0.059090268,9.991836,-5.0002503,-0.98406255,0.016364565,0.01428841
53944000,-0.06524923,9.992323,-5.000232,-0.96743464,0.016183676,0.014459536
53952000,-0.071311876,9.992799,-5.00021,-0.95089763,0.015997745,0.014630337
53960000,-0.07727853,9.993264,-5.000183,-0.93454266,0.015737394,0.014829145
53968000,-0.083030336,9.993751,-5.0001726,-0.9181692,0.0155522395,0.015020044
53976000,-0.08868813,9.994226,-5.0001583,-0.90185314,0.015343152,0.015113534
53988000,-0.094252065,9.994691,-5.0001445,-0.8856825,0.015173751,0.0152407335
53996000,-0.09972238,9.995146,-5.0001264,-0.86962575,0.0150013,0.015406997
54004000,-0.10500024,9.995626,-5.0001283,-0.8536891,0.014811721,0.015506285
54012000,-0.11018743,9.996097,-5.0001254,-0.83793116,0.014624121,0.0156094795
54020000,-0.11528427,9.996556,-5.0001183,-0.82224685,0.014475291,0.015732536
54028000,-0.12029092,9.997006,-5.0001063,-0.8066938,0.014254306,0.015893186
54036000,-0.12511879,9.997489,-5.000108,-0.7911647,0.014061069,0.016024664
54044000,-0.12985851,9.997962,-5.000105,-0.775798,0.0139034055,0.016138656
54052000,-0.13451031,9.998424,-5.0000973,-0.7605489,0.01374263,0.016282767
54060000,-0.13907436,9.998875,-5.0000854,-0.7453863,0.013528891,0.01634734
54068000,-0.14346334,9.999365,-5.0000777,-0.73023516,0.013313163,0.016459443
54080000,-0.14776649,9.999845,-5.0000663,-0.71533483,0.013186754,0.016601972
54092000,-0.1519847,10.000313,-5.0000477,-0.7005215,0.013086184,0.016697526
54096000,-0.1561178,10.0007715,-5.000025,-0.6858099,0.012877347,0.016822029
54104000,-0.16008791,10.001282,-5.000005,-0.67115927,0.012760428,0.016880477
54112000,-0.16397531,10.0017805,-4.999981,-0.6567458,0.012585783,0.016916137
54124000,-0.16778052,10.002269,-4.999954,-0.64238566,0.012427865,0.01687408
54128000,-0.17150338,10.002746,-4.9999247,-0.6281209,0.012284166,0.016954621
54136000,-0.17507096,10.003268,-4.9999332,-0.6139601,0.012090887,0.016999332
54144000,-0.17855842,10.003778,-4.999938,-0.5999544,0.011892842,0.016986273
54152000,-0.18196629,10.004276,-4.9999385,-0.5860836,0.011690711,0.01704353
54160000,-0.18529503,10.004764,-4.9999347,-0.57237005,0.011524211,0.017081333
54168000,-0.18847948,10.005305,-4.999937,-0.55873615,0.011379228,0.017162979
54176000,-0.19158664,10.005835,-4.9999347,-0.54517925,0.011258758,0.017180184
54184000,-0.19461702,10.006353,-4.999929,-0.5318266,0.011160742,0.01720416
54192000,-0.19757117,10.00686,-4.9999113,-0.5185493,0.010984737,0.01725173
54200000,-0.20044932,10.007355,-4.99989,-0.5054419,0.010826466,0.017306201
54208000,-0.20321994,10.007916,-4.9998674,-0.492414,0.01076678,0.017350042
54216000,-0.205916,10.008466,-4.9998417,-0.47953618,0.010721741,0.017379448
54224000,-0.20853847,10.009004,-4.999812,-0.46684852,0.010531605,0.017442238
54232000,-0.2108692,10.009685,-4.9997954,-0.45409206,0.010522967,0.017471936
54240000,-0.21317148,10.010334,-4.999773,-0.44149634,0.010471296,0.0174828
54248000,-0.21543603,10.010958,-4.999745,-0.42907107,0.010383009,0.017538281
54256000,-0.21765561,10.011558,-4.9997115,-0.41676846,0.0102768,0.01754064
54264000,-0.21981594,10.012223,-4.9996843,-0.40458834,0.010303891,0.01759778
54272000,-0.2219218,10.012868,-4.9996524,-0.39255226,0.0103033865,0.017617842
54280000,-0.22397056,10.013495,-4.9996166,-0.38070592,0.010257767,0.017601576
54288000,-0.22596018,10.014105,-4.9995804,-0.36903122,0.01016936,0.017535519
54296000,-0.2278802,10.014779,-4.999559,-0.35744393,0.010131792,0.017487224
54304000,-0.22973828,10.015436,-4.999534,-0.34598896,0.0101323305,0.0174923
54312000,-0.23153378,10.016079,-4.9995055,-0.33466542,0.010124119,0.017534133
54320000,-0.23326612,10.016706,-4.9994736,-0.3234445,0.0100837955,0.01750982
54328000,-0.23493487,10.017321,-4.9994383,-0.31234965,0.0099626575,0.017479157
54336000,-0.23654951,10.017995,-4.9994144,-0.3014904,0.009906816,0.017393656
54344000,-0.23810138,10.018655,-4.9993877,-0.2907581,0.009842746,0.017308978
54352000,-0.23959062,10.019301,-4.9993587,-0.2801888,0.009813139,0.01720212
54364000,-0.24101755,10.019934,-4.999327,-0.26968235,0.009696688,0.017130181
54368000,-0.24238247,10.020616,-4.9993243,-0.2593068,0.009626763,0.017000131
54376000,-0.2436856,10.021283,-4.9993186,-0.24905959,0.009601947,0.016936097
54384000,-0.24492714,10.021937,-4.999319,-0.23887093,0.009566063,0.016802307
54392000,-0.24610741,10.022578,-4.999316,-0.22882536,0.009436195,0.016711956
54400000,-0.24723302,10.023261,-4.999318,-0.21889552,0.0093807485,0.016605783
54408000,-0.24829838,10.02393,-4.999317,-0.20909066,0.009353391,0.016444592
54416000,-0.24930447,10.024585,-4.999314,-0.19950658,0.00923237,0.016318053
54424000,-0.2502523,10.025226,-4.9993076,-0.1900165,0.009087535,0.01622462
54432000,-0.25115174,10.025893,-4.9992995,-0.18061301,0.008989994,0.016102428
54440000,-0.25199345,10.0265465,-4.9992895,-0.17135394,0.008911001,0.016011922
54448000,-0.25277853,10.027186,-4.999276,-0.16226812,0.0088681355,0.015914472
54456000,-0.25350755,10.027813,-4.999261,-0.15326396,0.00869524,0.015815025
54464000,-0.25420058,10.028456,-4.9992523,-0.14433478,0.008539755,0.015690617
54472000,-0.2548378,10.029084,-4.999242,-0.13552675,0.008397519,0.015581627
54480000,-0.25542018,10.029699,-4.999229,-0.12688366,0.008204036,0.015459261
54488000,-0.25594866,10.030299,-4.9992056,-0.11835959,0.007950344,0.015357563
54496000,-0.25644717,10.030908,-4.9991937,-0.109935634,0.0077874507,0.01532261
54504000,-0.25689226,10.031503,-4.9991794,-0.10161569,0.0075768325,0.015209997
54512000,-0.25728464,10.0320835,-4.9991636,-0.09345629,0.0073655434,0.015083936
54520000,-0.25762537,10.032651,-4.9991455,-0.085444935,0.0070972554,0.015045553
54528000,-0.25794002,10.033215,-4.999135,-0.07749984,0.006860668,0.014968206
54536000,-0.25820354,10.033764,-4.999113,-0.0696808,0.0065744105,0.014833819
54544000,-0.25841662,10.0343,-4.9990897,-0.06197327,0.006340588,0.014737296
54552000,-0.25858012,10.034822,-4.9990644,-0.05440404,0.005958288,0.014616746
54560000,-0.25872588,10.035348,-4.9990497,-0.04691236,0.005603752,0.014465693
54568000,-0.25882265,10.03586,-4.999033,-0.039567973,0.0052723056,0.014363693
54576000,-0.25887132,10.036359,-4.9990144,-0.03235143,0.004925819,0.014267294
54584000,-0.25887254,10.036842,-4.998994,-0.025212847,0.004533035,0.014133434
54592000,-0.25882682,10.037313,-4.9989715,-0.018181814,0.004156859,0.01402853
54600000,-0.25876355,10.037774,-4.9989614,-0.011248486,0.0037855145,0.013929275
54608000,-0.25865415,10.038222,-4.998949,-0.004465472,0.0033515373,0.013843859
54616000,-0.2584996,10.038656,-4.998935,0.002203297,0.0029505338,0.013740451
54624000,-0.2583004,10.039077,-4.9989195,0.00880064,0.0025158995,0.013610609
54632000,-0.25808355,10.039486,-4.9989343,0.015235114,0.0020606958,0.013506438
54640000,-0.25782305,10.039883,-4.998946,0.021622147,0.0015468968,0.013395438
54648000,-0.25751916,10.040264,-4.998956,0.027901294,0.0010346848,0.0132739525
54656000,-0.2571727,10.040633,-4.9989643,0.0340438,0.0004926112,0.013136188
54664000,-0.25681782,10.04099,-4.998985,0.040090665,-8.195035e-05,0.012957365
54672000,-0.25642085,10.041334,-4.999003,0.04609858,-0.0006100019,0.0128900455
54680000,-0.25598225,10.041664,-4.9990187,0.05198702,-0.0011380889,0.012793606
54688000,-0.25550303,10.041982,-4.999031,0.057741303,-0.0017149115,0.01267442
54696000,-0.2550228,10.042288,-4.999057,0.06338637,-0.0023321211,0.012605212
54704000,-0.25450242,10.04258,-4.9990797,0.06895066,-0.0028962048,0.012518058
54712000,-0.2539426,10.042859,-4.9991,0.074429125,-0.0034676543,0.012397785
54720000,-0.25334382,10.043126,-4.999119,0.079849154,-0.0040390813,0.012299208
54728000,-0.2527376,10.043391,-4.9991455,0.08515277,-0.004622891,0.012222115
54736000,-0.2520931,10.043642,-4.999169,0.09034052,-0.0052138725,0.012111199
54744000,-0.2514109,10.043881,-4.99919,0.09549568,-0.005810272,0.01204269
54752000,-0.25069135,10.044107,-4.999208,0.10056034,-0.006466806,0.011977888
54760000,-0.24997312,10.044333,-4.9992385,0.105539404,-0.007062301,0.011832178
54768000,-0.24921809,10.044546,-4.999267,0.11040441,-0.0076719676,0.011707894
54776000,-0.24842718,10.044746,-4.9992933,0.11517057,-0.008248584,0.011628727
54784000,-0.24760082,10.044935,-4.999308,0.11987042,-0.008821164,0.011531365
54792000,-0.24678224,10.04512,-4.999344,0.12440129,-0.00948888,0.01144847
54800000,-0.24592932,10.045292,-4.9993763,0.12883267,-0.010133024,0.011359472
54808000,-0.2450426,10.045452,-4.999407,0.13322535,-0.010795502,0.011242561
54816000,-0.24412225,10.045599,-4.999435,0.13758722,-0.011429823,0.011153563
54824000,-0.24321009,10.045752,-4.999475,0.14185198,-0.012105602,0.0111095905
54832000,-0.24226487,10.045891,-4.9995074,0.1459812,-0.012787222,0.011039925
54840000,-0.2412875,10.046018,-4.999537,0.15002443,-0.013474755,0.010912132
54848000,-0.24027853,10.046131,-4.999565,0.15398377,-0.014189666,0.010827302
54856000,-0.23923865,10.046233,-4.9995904,0.15787482,-0.014898867,0.010774905
54864000,-0.23822396,10.046329,-4.9996305,0.1616968,-0.015570107,0.010669635
54872000,-0.23717815,10.046412,-4.9996676,0.16543117,-0.016262652,0.01058761
54880000,-0.23610218,10.046484,-4.999703,0.16907994,-0.016958175,0.010530922
54888000,-0.2349964,10.046543,-4.999737,0.1726911,-0.017608384,0.010402373
54896000,-0.23393285,10.046593,-4.999785,0.1761246,-0.018272702,0.010277497
54904000,-0.23283966,10.046632,-4.999831,0.17952947,-0.018923964,0.010201685
54912000,-0.23171751,10.0466585,-4.9998746,0.1828371,-0.019610744,0.010088636
54920000,-0.23056701,10.046673,-4.999916,0.18605958,-0.020334164,0.0099442005
54928000,-0.22947308,10.046682,-4.999982,0.18919314,-0.021043714,0.0098252995
54936000,-0.22835067,10.0466795,-5.00005,0.19222641,-0.021687243,0.009740535
54944000,-0.22720022,10.046666,-5.000116,0.1952605,-0.02229285,0.009622777
54952000,-0.22602244,10.046642,-5.000179,0.19813086,-0.02292874,0.009530164
54960000,-0.2248977,10.046628,-5.0002675,0.2009242,-0.023578512,0.009446652
54968000,-0.22374566,10.046602,-5.0003524,0.20362987,-0.024274504,0.0094146365
54976000,-0.22256732,10.046565,-5.000434,0.20624398,-0.024949817,0.009352576
54984000,-0.22136304,10.046517,-5.0005107,0.20886995,-0.02564874,0.00928259
54992000,-0.22013304,10.046458,-5.000584,0.2114601,-0.026273828,0.009257179
55000000,-0.2189553,10.04641,-5.000665,0.21388856,-0.02684816,0.009197046
55008000,-0.21775188,10.04635,-5.0007434,0.21633206,-0.027426906,0.009153038
55016000,-0.21652317,10.04628,-5.000818,0.21865553,-0.028036524,0.00913584
55024000,-0.21534257,10.046228,-5.000905,0.22082911,-0.02861293,0.009104801
55032000,-0.21413732,10.046166,-5.001032,0.22299051,-0.02917053,0.009129005
55040000,-0.21290785,10.046094,-5.0011535,0.2250723,-0.029743366,0.009140647
55048000,-0.21165483,10.046012,-5.001271,0.22712584,-0.030319363,0.009065423
55056000,-0.21046615,10.045958,-5.0014095,0.2290363,-0.030874806,0.008983984
55064000,-0.20925361,10.045893,-5.001543,0.23092909,-0.03144652,0.008961444
55072000,-0.20801805,10.045817,-5.0016723,0.23271453,-0.032012947,0.008928688
55080000,-0.2067599,10.045732,-5.0017962,0.2345315,-0.03253435,0.009002503
55088000,-0.20557947,10.045669,-5.0019464,0.23617625,-0.03296951,0.009024711
55096000,-0.20437653,10.045594,-5.002091,0.23769848,-0.033477783,0.009012494
55104000,-0.20315158,10.04551,-5.0022306,0.23924005,-0.03399326,0.008997405
55112000,-0.20190498,10.045417,-5.0023646,0.24071807,-0.034455217,0.009046177
55120000,-0.20063719,10.045314,-5.002494,0.24219884,-0.03497109,0.0090566715
55128000,-0.19945161,10.045231,-5.0026383,0.2435321,-0.035419866,0.0090495655
55136000,-0.19824469,10.045138,-5.002754,0.24474463,-0.03584744,0.009071711
55144000,-0.19701715,10.045036,-5.0028653,0.2459873,-0.03625357,0.009083533
55152000,-0.19576895,10.044926,-5.002972,0.24723369,-0.036630902,0.009145848
55160000,-0.1946081,10.044839,-5.003096,0.24829048,-0.037031725,0.009156852
55168000,-0.1934264,10.044742,-5.003215,0.24932815,-0.037440848,0.009201696
55176000,-0.19222432,10.044636,-5.0033293,0.25033835,-0.03782711,0.009221092
55184000,-0.1910023,10.044521,-5.003432,0.25132477,-0.038190234,0.00927712
55192000,-0.18985878,10.044432,-5.0035486,0.25218806,-0.038506784,0.009281978
55200000,-0.18869504,10.044334,-5.0036607,0.25298947,-0.03882399,0.009261884
55208000,-0.18751161,10.044227,-5.0037684,0.25380838,-0.039157357,0.00927132
55216000,-0.18630855,10.044112,-5.003872,0.25464073,-0.039429612,0.009317702
55224000,-0.18516426,10.044021,-5.0039816,0.25527582,-0.039701536,0.00940212
55232000,-0.18400078,10.0439205,-5.004066,0.25591373,-0.039965842,0.009430078
55240000,-0.18281828,10.043812,-5.0041466,0.25659582,-0.04026703,0.00945825
55248000,-0.18161713,10.0436945,-5.0042233,0.25718117,-0.04055401,0.009524857
55256000,-0.1804694,10.043602,-5.0042996,0.25775942,-0.04082029,0.009565016
55264000,-0.1793026,10.043501,-5.004373,0.2583125,-0.0410634,0.00959811
55272000,-0.1781175,10.043391,-5.004442,0.25879288,-0.04131003,0.009609155
55280000,-0.17691463,10.043273,-5.004508,0.25927353,-0.041603886,0.0096602235
55288000,-0.17576699,10.04317,-5.0045753,0.25966215,-0.041797515,0.009732213
55296000,-0.17460163,10.043058,-5.0046387,0.2599898,-0.04206216,0.009758617
55304000,-0.17341909,10.042939,-5.0046983,0.26030624,-0.042302985,0.009852425
55312000,-0.17221971,10.042811,-5.004754,0.2606211,-0.04249275,0.009930159
55320000,-0.17108464,10.042702,-5.0048046,0.26082572,-0.04268247,0.009925841
55328000,-0.16993241,10.042584,-5.004852,0.26104298,-0.042785272,0.009965976
55336000,-0.16876319,10.0424595,-5.004908,0.26126644,-0.042971734,0.010097617
55344000,-0.16757737,10.042327,-5.0049605,0.26145136,-0.043185674,0.010173137
55352000,-0.16645053,10.042207,-5.0050116,0.26154083,-0.04332955,0.010177865
55360000,-0.16530702,10.042078,-5.0050597,0.26160848,-0.043512437,0.010229254
55368000,-0.1641475,10.041942,-5.005104,0.26162612,-0.043735962,0.010351443
55376000,-0.16297232,10.041798,-5.0051446,0.2616847,-0.04394516,0.0104256775
55384000,-0.16178131,10.041646,-5.0051866,0.26179826,-0.04414488,0.010490233
55392000,-0.16065758,10.041509,-5.005227,0.26178285,-0.044336483,0.010518697
55400000,-0.15951774,10.041364,-5.005264,0.26174217,-0.044509027,0.0106172655
55408000,-0.15836154,10.041212,-5.005297,0.26165646,-0.044727504,0.010725608
55416000,-0.15719002,10.041052,-5.005327,0.26163062,-0.044914763,0.010803689
55424000,-0.15610215,10.040911,-5.0053515,0.26151484,-0.045057297,0.010860248
55432000,-0.15499781,10.040763,-5.0053515,0.26139072,-0.04519297,0.010936464
55440000,-0.1538776,10.040607,-5.005349,0.26124644,-0.04529694,0.011009719
55448000,-0.15274183,10.040445,-5.005344,0.26112345,-0.04541258,0.011068143
55456000,-0.15169473,10.040294,-5.0053434,0.2608964,-0.045551617,0.011078325
55464000,-0.15063143,10.040135,-5.005341,0.2606134,-0.04568072,0.011143657
55472000,-0.14955164,10.03997,-5.0053363,0.26032293,-0.045804504,0.011220792
55480000,-0.14845647,10.039798,-5.005329,0.2600749,-0.045964625,0.01124475
55488000,-0.14745122,10.039638,-5.0053406,0.25974816,-0.0460752,0.01124853
55496000,-0.14642955,10.039471,-5.005349,0.25940037,-0.04615713,0.011304389
55504000,-0.1453919,10.039296,-5.0053554,0.2590456,-0.046264507,0.011369159
55512000,-0.14433876,10.039115,-5.0053587,0.25867495,-0.04638673,0.011354877
55520000,-0.1433814,10.038952,-5.0053678,0.25819108,-0.04647441,0.011319975
55532000,-0.14240773,10.038782,-5.0053744,0.25772777,-0.046544388,0.011325081
55540000,-0.14141822,10.038605,-5.0053716,0.257247,-0.04660792,0.011358767
55548000,-0.14041245,10.038422,-5.0053663,0.25674957,-0.046625473,0.011389492
55556000,-0.13948983,10.038262,-5.0053844,0.25620687,-0.04664845,0.011377352
55564000,-0.13855089,10.038096,-5.0053997,0.2556767,-0.0467072,0.0113811465
55572000,-0.13759618,10.037924,-5.0054126,0.25509465,-0.046682388,0.01140483
55580000,-0.13662623,10.037745,-5.005423,0.25456145,-0.046695873,0.011394381
55588000,-0.13574077,10.037591,-5.0054584,0.25394124,-0.046768866,0.011362651
55596000,-0.13483904,10.03743,-5.0054903,0.25334647,-0.046774354,0.011367344
55604000,-0.13392133,10.037262,-5.00552,0.2527668,-0.046858583,0.011335541
55612000,-0.13298817,10.037087,-5.005546,0.25215313,-0.046938185,0.011379866
55620000,-0.13214663,10.036923,-5.0056057,0.2514679,-0.04689574,0.011322346
55628000,-0.13128898,10.036754,-5.005662,0.25071764,-0.04692642,0.011289878
55636000,-0.1304158,10.036577,-5.005722,0.25004905,-0.04694536,0.011289106
55644000,-0.12952676,10.036395,-5.0057793,0.24942347,-0.046943888,0.011258177
55652000,-0.12862249,10.036206,-5.0058327,0.2487532,-0.046956237,0.011216791
55660000,-0.12780842,10.036038,-5.005908,0.24793701,-0.04698884,0.011127821
55668000,-0.1269788,10.035865,-5.0059795,0.24712263,-0.04701341,0.011074909
55676000,-0.12613404,10.035684,-5.0060477,0.24637024,-0.04702454,0.011017109
55684000,-0.12548907,10.03558,-5.006188,0.24545701,-0.047002953,0.010947265
55692000,-0.12480195,10.035457,-5.006319,0.24458747,-0.046985656,0.009650589
55700000,-0.12407846,10.035318,-5.0064797,0.24377014,-0.0470188,0.0010601858
55708000,-0.12332335,10.035167,-5.006722,0.24295749,-0.046926957,-0.012605007
55716000,-0.12264134,10.035042,-5.007107,0.2420455,-0.0468292,-0.029161572
55724000,-0.121932656,10.034905,-5.0076227,0.24114436,-0.04684423,-0.04723557
55732000,-0.12119961,10.034759,-5.008264,0.2403375,-0.04713149,-0.06590639
55740000,-0.12044424,10.034597,-5.009048,0.23950182,-0.047862466,-0.08424748
55748000,-0.11966882,10.03442,-5.00997,0.23865311,-0.049213238,-0.10187553
55756000,-0.11897306,10.034252,-5.011068,0.23765188,-0.051224146,-0.11873403
55764000,-0.11825903,10.034057,-5.0122905,0.23665324,-0.054062996,-0.1347427
55772000,-0.117527485,10.033827,-5.013633,0.23571293,-0.057898194,-0.14990704
55780000,-0.11677964,10.033555,-5.015086,0.2347302,-0.06277133,-0.16389962
55788000,-0.11611273,10.033263,-5.016733,0.23364627,-0.06863108,-0.17675495
55796000,-0.11543022,10.032913,-5.018471,0.23250344,-0.075644925,-0.1883276
55804000,-0.11473285,10.0324955,-5.0202885,0.23142456,-0.083788686,-0.19860153
55812000,-0.114021294,10.032002,-5.0221767,0.23029004,-0.0928983,-0.20757587
55820000,-0.113405615,10.031433,-5.0242248,0.2290814,-0.10312947,-0.21530959
55836000,-0.11277435,10.030772,-5.026321,0.22785118,-0.114327796,-0.22179689
55844000,-0.11212981,10.03001,-5.0284834,0.22654949,-0.12661512,-0.22717147
55848000,-0.11147279,10.029141,-5.0306764,0.22524515,-0.13977535,-0.23164585
55856000,-0.11091231,10.028147,-5.0330005,0.22391589,-0.15388058,-0.23514883
55872000,-0.11033839,10.027029,-5.035337,0.22255829,-0.1688923,-0.2374396
55880000,-0.10975154,10.025784,-5.037676,0.22119959,-0.1846778,-0.23844977
55888000,-0.10915232,10.024405,-5.0400076,0.21986532,-0.20123081,-0.23849948
55896000,-0.10865055,10.022832,-5.042419,0.21835063,-0.21863467,-0.23790832
55904000,-0.10813324,10.021113,-5.0448103,0.21691409,-0.2367542,-0.23661387
55912000,-0.10760356,10.019243,-5.0471764,0.21545434,-0.25562218,-0.2346011
55920000,-0.1070622,10.017218,-5.0495124,0.21398921,-0.27503392,-0.23193477
55928000,-0.1065093,10.015031,-5.0518126,0.21256521,-0.29505628,-0.22860807
55936000,-0.106053464,10.012587,-5.0541205,0.21098813,-0.31583473,-0.22464001
55944000,-0.10558566,10.009974,-5.0563784,0.2094478,-0.33713362,-0.22015429
55952000,-0.10510637,10.007187,-5.058586,0.20792724,-0.35891458,-0.21510422
55960000,-0.10471795,10.004075,-5.060783,0.20633675,-0.381303,-0.20957384
55968000,-0.104317285,10.000785,-5.062922,0.20473707,-0.4041706,-0.20362768
55976000,-0.10389259,9.9973135,-5.065,0.20321783,-0.42746183,-0.19726881
55984000,-0.10345627,9.993655,-5.0670147,0.20168291,-0.45113516,-0.19051298
55992000,-0.10309512,9.989626,-5.0689774,0.20002492,-0.47538722,-0.18342325
56000000,-0.10272221,9.985408,-5.070893,0.19845243,-0.4999694,-0.17600945
56008000,-0.10233783,9.980997,-5.072737,0.19684966,-0.5248898,-0.16831052
56016000,-0.10194234,9.976392,-5.0745077,0.19532186,-0.5501797,-0.16038854
56024000,-0.10174202,9.971356,-5.0762587,0.19360071,-0.5759269,-0.1523379
56032000,-0.101623945,9.966107,-5.077976,0.19186799,-0.6019277,-0.14419629
56040000,-0.101415716,9.960671,-5.0795903,0.1902396,-0.6282096,-0.13595298
56048000,-0.10115486,9.955042,-5.081109,0.18863907,-0.65475404,-0.12760323
56056000,-0.10094456,9.948955,-5.0825157,0.18702331,-0.6817273,-0.11917709
56064000,-0.10069548,9.942677,-5.0838346,0.1854543,-0.70881855,-0.110676095
56072000,-0.10041433,9.936202,-5.085068,0.18386482,-0.7361294,-0.10218998
56080000,-0.10010633,9.92953,-5.086219,0.18227096,-0.76358116,-0.093745
56088000,-0.09986133,9.922398,-5.087262,0.1806475,-0.7914196,-0.0852886
56096000,-0.09959466,9.915068,-5.0882273,0.17907463,-0.8193582,-0.07693576
56104000,-0.09930865,9.907536,-5.089115,0.17758653,-0.84737265,-0.06863603
56112000,-0.0989774,9.899802,-5.089927,0.17608899,-0.87554693,-0.06040756
56120000,-0.09869958,9.891592,-5.0906157,0.17456894,-0.9039854,-0.052271955
56128000,-0.098407045,9.883179,-5.0912333,0.17306645,-0.9324999,-0.044265024
56136000,-0.09810108,9.874561,-5.091787,0.17159644,-0.96102667,-0.036393505
56144000,-0.097782284,9.865739,-5.0922713,0.17024343,-0.9895525,-0.02865121
56152000,-0.09751938,9.856432,-5.09264,0.1688264,-1.0183649,-0.021028968
56160000,-0.09724406,9.846922,-5.092943,0.16739447,-1.0471936,-0.01353424
56168000,-0.096957184,9.837208,-5.093183,0.16596803,-1.0759553,-0.006209474
56176000,-0.09662803,9.827291,-5.09336,0.16462846,-1.1047139,0.0008898706
56184000,-0.09636038,9.81686,-5.0934224,0.16326328,-1.1336622,0.007844249
56192000,-0.096081406,9.806228,-5.093429,0.16193564,-1.1625947,0.014577292
56200000,-0.09579149,9.795394,-5.0933795,0.16058512,-1.1914506,0.021170398
56208000,-0.09549121,9.784358,-5.093275,0.15927555,-1.220204,0.027553145
56216000,-0.095241256,9.772813,-5.093065,0.1579125,-1.2491517,0.033755522
56224000,-0.094980724,9.761071,-5.0928044,0.1565521,-1.2779886,0.039768927
56232000,-0.09470977,9.749131,-5.0924954,0.15526718,-1.3067472,0.04550766
56240000,-0.09442895,9.736995,-5.092171,0.15393241,-1.3353112,0.05100072
56248000,-0.094202995,9.724359,-5.091752,0.15260056,-1.3639835,0.056426827
56256000,-0.09396675,9.711531,-5.0912895,0.1512534,-1.3924903,0.06160976
56264000,-0.09372054,9.698511,-5.090785,0.1499427,-1.420854,0.06654652
56272000,-0.09346449,9.685301,-5.0902405,0.14867033,-1.4490174,0.0713149
56280000,-0.09327947,9.671598,-5.089619,0.14731799,-1.4772497,0.075881734
56288000,-0.09308422,9.657711,-5.0889654,0.14599833,-1.5052307,0.08022898
56296000,-0.092879005,9.64364,-5.088277,0.14466763,-1.5330713,0.08440966
56304000,-0.09266374,9.629384,-5.087556,0.14347482,-1.5607036,0.08830748
56312000,-0.09243832,9.614945,-5.0868034,0.14225827,-1.5881089,0.09202996
56320000,-0.092284456,9.600037,-5.0859942,0.14100718,-1.6155119,0.09557588
56328000,-0.092120014,9.584951,-5.085157,0.13974208,-1.6426978,0.09895505
56336000,-0.091945335,9.569691,-5.0842924,0.13852994,-1.6695555,0.10208634
56344000,-0.09176056,9.554256,-5.083403,0.13734144,-1.6961476,0.10504594
56352000,-0.09163596,9.538365,-5.082463,0.13609292,-1.7227687,0.10781449
56360000,-0.09150065,9.522306,-5.0815015,0.13492072,-1.7490813,0.11041467
56368000,-0.09135484,9.506082,-5.0805206,0.13371447,-1.7750989,0.11285397
56376000,-0.0911991,9.489692,-5.0795217,0.13254593,-1.800855,0.1150604
56384000,-0.09108563,9.472865,-5.078481,0.13135642,-1.8265994,0.11706957
56392000,-0.0909307,9.455881,-5.077443,0.1302335,-1.852025,0.11896378
56400000,-0.09076556,9.438741,-5.076391,0.12917833,-1.8771669,0.120679624
56408000,-0.09059038,9.421445,-5.075327,0.1281254,-1.9019741,0.12227831
56416000,-0.090458654,9.403746,-5.074227,0.12708639,-1.9266738,0.12371846
56424000,-0.09031652,9.385899,-5.073117,0.1259899,-1.9510425,0.12505157
56432000,-0.09016439,9.367905,-5.0719976,0.12498081,-1.9750488,0.1261742
56440000,-0.090001956,9.349766,-5.07087,0.12402959,-1.9987231,0.12718602
56448000,-0.08988192,9.3312435,-5.0697083,0.12302934,-2.0222697,0.12803765
56456000,-0.0897218,9.312585,-5.068542,0.12219687,-2.0455303,0.12877387
56464000,-0.08955114,9.29379,-5.067372,0.12125673,-2.0684228,0.12932949
56472000,-0.08937038,9.274859,-5.0661993,0.120398104,-2.090982,0.12979876
56480000,-0.0892241,9.255578,-5.0650125,0.119496785,-2.113376,0.13013528
56488000,-0.08906738,9.236168,-5.063807,0.1185926,-2.1354415,0.13040882
56496000,-0.08890047,9.216632,-5.0626025,0.117753506,-2.157118,0.1305129
56504000,-0.088723384,9.196972,-5.0613995,0.11690117,-2.178536,0.13048622
56512000,-0.08857245,9.176979,-5.060187,0.116070606,-2.1997795,0.13040464
56520000,-0.08841096,9.156868,-5.0589776,0.11526853,-2.2206824,0.13028535
56528000,-0.08821234,9.1366415,-5.057772,0.1145579,-2.2411666,0.12998843
56536000,-0.08800341,9.116301,-5.056548,0.113850735,-2.2613757,0.12960708
56544000,-0.087811664,9.09565,-5.055322,0.113191046,-2.2813478,0.12915425
56552000,-0.087609395,9.074891,-5.054103,0.11251799,-2.3010652,0.128617
56560000,-0.087396756,9.054027,-5.0528913,0.111903496,-2.3204007,0.12798223
56568000,-0.08717381,9.033057,-5.0516872,0.111284055,-2.3394063,0.12728238
56576000,-0.08694101,9.011985,-5.050492,0.11063645,-2.3580616,0.12651365
56584000,-0.08672936,8.990626,-5.0492864,0.10994032,-2.376544,0.12566353
56592000,-0.08650791,8.969172,-5.0480967,0.109352656,-2.3946888,0.12481478
56600000,-0.086252026,8.947621,-5.0469174,0.10882684,-2.4125009,0.12387252
56608000,-0.08598633,8.925979,-5.0457487,0.10831575,-2.4299707,0.122849695
56616000,-0.08573985,8.904066,-5.044574,0.10779357,-2.4472582,0.121817775
56624000,-0.08548324,8.882066,-5.0434103,0.107321724,-2.4642074,0.120759174
56632000,-0.08521664,8.859981,-5.0422583,0.10685479,-2.4808168,0.11967103
56640000,-0.084940515,8.837812,-5.0411205,0.10634539,-2.4970856,0.118537426
56648000,-0.08467846,8.815398,-5.03998,0.10589193,-2.5131817,0.11736205
56656000,-0.08440642,8.792906,-5.0388527,0.1054638,-2.529023,0.11609349
56664000,-0.08412457,8.770337,-5.0377383,0.10506873,-2.5445051,0.11476047
56672000,-0.08381118,8.747694,-5.0366383,0.10471851,-2.5596669,0.11343349
56680000,-0.08349838,8.7248335,-5.035543,0.104340576,-2.574601,0.11211935
56688000,-0.083176106,8.701904,-5.034467,0.10401696,-2.5892525,0.11073217
56696000,-0.082844555,8.678907,-5.033406,0.10365467,-2.603602,0.109270185
56704000,-0.08250371,8.655845,-5.0323586,0.103391275,-2.6176043,0.107859455
56712000,-0.082163595,8.632576,-5.031329,0.10317111,-2.6314993,0.10641584
56720000,-0.08181377,8.609246,-5.0303135,0.1029209,-2.645135,0.104974315
56728000,-0.08145471,8.585856,-5.029312,0.102648154,-2.6584437,0.10350894
56736000,-0.08106781,8.562408,-5.028337,0.102436736,-2.671386,0.1019562
56744000,-0.080688834,8.538786,-5.0273848,0.102236755,-2.684121,0.10036019
56752000,-0.08030052,8.515109,-5.0264463,0.10208112,-2.6966133,0.09886832
56760000,-0.079902984,8.491381,-5.0255227,0.10192029,-2.7088053,0.097328015
56768000,-0.07949638,8.467602,-5.0246124,0.101771295,-2.7206972,0.09584099
56776000,-0.079101734,8.44366,-5.023724,0.101596534,-2.7324126,0.09433173
56784000,-0.0786981,8.419671,-5.0228496,0.1014353,-2.7438726,0.092833646
56792000,-0.0782858,8.395638,-5.022002,0.10123626,-2.7550867,0.09134899
56800000,-0.07786489,8.371561,-5.0211687,0.10111563,-2.7660725,0.08981649
56808000,-0.0774425,8.347335,-5.020344,0.10095604,-2.776872,0.08826139
56816000,-0.077011645,8.32307,-5.0195327,0.10077978,-2.7874098,0.08670599
56824000,-0.07657254,8.298765,-5.018736,0.10064554,-2.7976851,0.085158736
56832000,-0.07612499,8.274423,-5.0179524,0.10052954,-2.8076873,0.08366473
56840000,-0.07566911,8.250046,-5.0172005,0.10043818,-2.8174417,0.082173586
56848000,-0.07523114,8.225552,-5.0164523,0.100375175,-2.8270898,0.080722354
56856000,-0.07478416,8.201026,-5.0157166,0.10031338,-2.836461,0.07929221
56864000,-0.07432869,8.176468,-5.014994,0.100224026,-2.8456078,0.07775421
56872000,-0.073864415,8.151878,-5.014285,0.10022937,-2.8545806,0.07626874
56880000,-0.07339222,8.127208,-5.013579,0.10020037,-2.863262,0.07482267
56888000,-0.072911516,8.1025095,-5.012895,0.100176275,-2.8717706,0.07341147
56896000,-0.072422326,8.0777855,-5.0122232,0.100170694,-2.8799844,0.072037324
56904000,-0.07192499,8.053035,-5.011564,0.10014505,-2.8880765,0.07064729
56912000,-0.071426995,8.028198,-5.010907,0.10015729,-2.8960176,0.0693355
56920000,-0.07092065,8.003338,-5.0102625,0.10018214,-2.9037523,0.068044566
56928000,-0.070406295,7.978456,-5.0096292,0.10014551,-2.9112895,0.06671885
56936000,-0.06988416,7.9535522,-5.0090184,0.10016993,-2.9186277,0.065410614
56944000,-0.069364384,7.928589,-5.0084133,0.10019816,-2.9257557,0.064186335
56952000,-0.06882515,7.9036064,-5.007819,0.10023331,-2.9326913,0.06295906
56960000,-0.06827829,7.8786054,-5.0072365,0.10025876,-2.9394894,0.061735682
56968000,-0.067723736,7.853587,-5.0066643,0.10032257,-2.946112,0.060515516
56976000,-0.06717998,7.828528,-5.006097,0.10032135,-2.9525862,0.059332155
56984000,-0.066628784,7.803453,-5.00554,0.100355804,-2.9588354,0.058179766
56992000,-0.06606991,7.7783637,-5.0050015,0.10041663,-2.9649045,0.057020493
57000000,-0.06550344,7.7532606,-5.004473,0.100483485,-2.9708042,0.055939153
57008000,-0.06496034,7.7281156,-5.003959,0.10049947,-2.976664,0.05484477
57016000,-0.06439973,7.702958,-5.0034556,0.10058873,-2.982298,0.053750955
57024000,-0.06383137,7.6777887,-5.002962,0.100657366,-2.987788,0.052618373
57032000,-0.06325527,7.6526084,-5.002478,0.100771174,-2.9931512,0.05157256
57040000,-0.062705375,7.6273875,-5.002028,0.10078227,-2.998376,0.05055012
57048000,-0.06214795,7.6021576,-5.001586,0.100829385,-3.0033932,0.04954346
57056000,-0.061582576,7.576919,-5.0011525,0.10095084,-3.0082648,0.04853642
57064000,-0.06100938,7.551673,-5.000727,0.10098947,-3.0130742,0.047516357
57072000,-0.060462598,7.5264053,-5.000317,0.10097117,-3.0176167,0.046556145
57080000,-0.059908252,7.501132,-4.999915,0.10098898,-3.022116,0.045603078
57088000,-0.059338037,7.4758515,-4.9995193,0.10105693,-3.026575,0.044622835
57096000,-0.058760356,7.450565,-4.999131,0.101108775,-3.030823,0.04365232
57104000,-0.058175407,7.425273,-4.9987507,0.101160266,-3.0349047,0.042706717
57112000,-0.05762101,7.3999724,-4.99838,0.10124529,-3.0388713,0.041764807
57120000,-0.05705878,7.374667,-4.998018,0.101269946,-3.0428061,0.04080254
57128000,-0.056489132,7.3493576,-4.9976625,0.10132754,-3.0466578,0.039919667
57136000,-0.055912163,7.324044,-4.997316,0.10133301,-3.0503368,0.039064236
57144000,-0.055364456,7.2987366,-4.9969797,0.101268485,-3.0538669,0.038213126
57152000,-0.054809477,7.2734265,-4.99665,0.10126885,-3.0573027,0.037397757
57160000,-0.05424012,7.248113,-4.996328,0.10128428,-3.0606608,0.036598038
57168000,-0.053663768,7.222798,-4.996012,0.101273775,-3.0638971,0.035797466
57176000,-0.053127304,7.1974807,-4.9956994,0.10123513,-3.0670285,0.03504255
57184000,-0.052583497,7.1721616,-4.9953923,0.101178735,-3.0700388,0.03432329
57192000,-0.05203268,7.146842,-4.9951034,0.10115083,-3.0729766,0.033658862
57200000,-0.051474664,7.1215215,-4.9948196,0.10114169,-3.0758147,0.032953072
57208000,-0.05096411,7.0961833,-4.994536,0.10111249,-3.0785947,0.03228559
57216000,-0.05044567,7.0708447,-4.994258,0.10103974,-3.0813093,0.03157492
57224000,-0.049919717,7.0455065,-4.9939857,0.10099691,-3.0839126,0.03098206
57232000,-0.04938011,7.0201693,-4.9937186,0.100948006,-3.08642,0.030357167
57240000,-0.048884638,6.994813,-4.9934506,0.10084581,-3.0888815,0.029709084
57248000,-0.048381332,6.9694586,-4.993188,0.10079851,-3.0912232,0.029091485
57256000,-0.04787013,6.944106,-4.9929304,0.10072225,-3.0935192,0.028534966
57264000,-0.047351483,6.918756,-4.9926777,0.10064524,-3.0957088,0.027940555
57272000,-0.04686127,6.8934026,-4.992426,0.10052374,-3.09787,0.02739958
57280000,-0.046363298,6.868052,-4.992179,0.10043936,-3.0999646,0.026825665
57288000,-0.045857668,6.8427033,-4.9919395,0.10034205,-3.1020014,0.026211817
57296000,-0.045339234,6.8173575,-4.991705,0.100250274,-3.1038852,0.025649427
57304000,-0.044874556,6.791999,-4.991469,0.10013319,-3.1057649,0.025144175
57312000,-0.04440158,6.7666435,-4.9912376,0.100056134,-3.1075442,0.024556499
57320000,-0.04392052,6.741292,-4.991011,0.09996323,-3.1092892,0.024047656
57328000,-0.04343142,6.7159443,-4.9907894,0.09991201,-3.110978,0.0235843
57336000,-0.04298591,6.6905875,-4.990542,0.09983611,-3.1126099,0.023076998
57344000,-0.042532135,6.665235,-4.9903,0.09963787,-3.114154,0.022564398
57352000,-0.04207061,6.639887,-4.990064,0.09949683,-3.1156406,0.022023048
57360000,-0.041600954,6.6145434,-4.989833,0.0994146,-3.1171005,0.021613639
57368000,-0.04111815,6.5892043,-4.9896064,0.09936529,-3.1185696,0.02121004
57376000,-0.040683284,6.563858,-4.989372,0.09921766,-3.1199434,0.020742081
57384000,-0.04023995,6.5385165,-4.989142,0.09908582,-3.121216,0.020366138
57392000,-0.039788328,6.5131807,-4.988921,0.09897071,-3.122487,0.019928804
57400000,-0.039328482,6.4878488,-4.988705,0.09884128,-3.1237504,0.019518482
57408000,-0.038913306,6.4625106,-4.9884844,0.09874225,-3.1249275,0.019142086
57416000,-0.038488835,6.437177,-4.988268,0.098652996,-3.126056,0.018728351
57424000,-0.038055778,6.4118495,-4.988056,0.09845881,-3.1271417,0.018321522
57432000,-0.037614577,6.3865266,-4.987849,0.09832166,-3.1281815,0.01787161
57440000,-0.03721566,6.361202,-4.9876184,0.09822479,-3.129224,0.017512944
57448000,-0.036807325,6.3358827,-4.9873934,0.09810045,-3.130162,0.017089529
57456000,-0.036389995,6.3105693,-4.9871736,0.09795581,-3.1310704,0.016683389
57464000,-0.03596402,6.285261,-4.9869585,0.09783428,-3.1319728,0.016280776
57472000,-0.035586398,6.2599597,-4.986755,0.09761422,-3.1328886,0.01592813
57480000,-0.035199754,6.234664,-4.9865565,0.09742811,-3.1337142,0.015520389
57488000,-0.034804333,6.2093735,-4.9863563,0.097231224,-3.1345294,0.015155794
57496000,-0.034400057,6.1840878,-4.9861608,0.097081944,-3.1353307,0.014803782
57504000,-0.034038622,6.158801,-4.9859695,0.09683765,-3.1360812,0.014465613
57512000,-0.033664305,6.1335196,-4.9857836,0.09659901,-3.136795,0.014093887
57520000,-0.03328106,6.1082435,-4.985602,0.09643093,-3.1374981,0.013698385
57528000,-0.032889087,6.0829725,-4.985425,0.09621772,-3.1381383,0.013320165
57536000,-0.032539397,6.0577145,-4.9852495,0.096010596,-3.1387644,0.012966543
57544000,-0.0321803,6.032462,-4.985078,0.09582162,-3.139305,0.012607933
57552000,-0.031811923,6.0072155,-4.984911,0.09564906,-3.1398106,0.012297124
57560000,-0.03143451,5.981974,-4.984748,0.095482826,-3.140355,0.011949471
57568000,-0.0311128,5.956726,-4.9845724,0.09522559,-3.14088,0.011560792
57576000,-0.030777978,5.9314837,-4.984402,0.09500073,-3.1413817,0.01116031
57584000,-0.0304336,5.906246,-4.9842367,0.094823286,-3.1418703,0.010876938
57592000,-0.030079989,5.8810143,-4.984088,0.09460415,-3.1423361,0.010545178
57600000,-0.02977546,5.855785,-4.9839373,0.09432012,-3.14276,0.010249807
57608000,-0.029461486,5.8305607,-4.983791,0.09406072,-3.1431525,0.009956517
57616000,-0.029137962,5.8053417,-4.9836483,0.09387717,-3.143557,0.009605517
57624000,-0.028805114,5.780128,-4.98351,0.09360032,-3.1439273,0.0092020435
57632000,-0.028463531,5.75492,-4.983376,0.09337738,-3.1442928,0.008900997
57640000,-0.028171903,5.729704,-4.9832263,0.093161136,-3.1446533,0.008539636
57648000,-0.027866688,5.704493,-4.9830813,0.09296766,-3.1449823,0.008241017
57656000,-0.027551873,5.6792874,-4.98294,0.09272622,-3.145328,0.007952448
57664000,-0.027228056,5.654087,-4.9828033,0.09247163,-3.145617,0.0076226904
57672000,-0.026951583,5.6288815,-4.982661,0.09223446,-3.1458657,0.0073129507
57680000,-0.026665369,5.6036816,-4.982522,0.091975585,-3.146137,0.007012845
57688000,-0.026369773,5.578487,-4.982397,0.091709316,-3.146387,0.006714453
57696000,-0.02606502,5.5532975,-4.982276,0.09145693,-3.1466157,0.0064167953
57704000,-0.025811234,5.52809,-4.98215,0.09124612,-3.1468382,0.006094576
57712000,-0.025547286,5.502888,-4.982028,0.09097629,-3.1470506,0.005826955
57720000,-0.025270175,5.4776917,-4.98191,0.09076287,-3.1472476,0.0055804043
57728000,-0.024983194,5.452501,-4.981796,0.09056505,-3.1474102,0.0053956835
57736000,-0.024750464,5.4272776,-4.981692,0.090301044,-3.1475866,0.0051641366
57744000,-0.024507683,5.4020605,-4.9815907,0.08999841,-3.1476805,0.004921223
57752000,-0.024255186,5.37685,-4.9814935,0.0897347,-3.1479003,0.004657451
57760000,-0.0239931,5.351645,-4.981399,0.08946414,-3.1480596,0.0043799463
57768000,-0.023781158,5.3264074,-4.981296,0.08916032,-3.1482122,0.0041805324
57776000,-0.023558855,5.301177,-4.9811964,0.088912,-3.148383,0.0040204874
57784000,-0.023326457,5.2759523,-4.981099,0.088634275,-3.148517,0.003826225
57792000,-0.023081295,5.2507334,-4.980999,0.08828756,-3.1486921,0.0036603324
57800000,-0.02288719,5.2254863,-4.9808807,0.087965555,-3.1488338,0.00345617
57808000,-0.022682723,5.200246,-4.980767,0.08771918,-3.1489615,0.0033001015
57816000,-0.022467725,5.175012,-4.980656,0.087500505,-3.1490333,0.003067787
57824000,-0.022242468,5.149785,-4.980549,0.087256044,-3.149094,0.002824222
57832000,-0.02205357,5.124514,-4.9804325,0.08695507,-3.1492414,0.0026242095
57840000,-0.0218543,5.0992503,-4.980325,0.086688,-3.1493587,0.0023667559
57848000,-0.02164518,5.0739927,-4.9802217,0.08637492,-3.1494806,0.0021465481
57856000,-0.021423081,5.0487423,-4.980122,0.08609757,-3.14956,0.001932984
57864000,-0.021250967,5.0234585,-4.980004,0.085814446,-3.1496847,0.0017368458
57872000,-0.021068139,4.998182,-4.97989,0.0855792,-3.149751,0.0015330373
57880000,-0.020874659,4.9729123,-4.9797797,0.08536338,-3.149864,0.0013448261
57888000,-0.020670943,4.94765,-4.9796934,0.08510341,-3.1499183,0.0011296115
57896000,-0.020457385,4.922394,-4.9796104,0.08483618,-3.1500726,0.00084845384
57904000,-0.0202821,4.8970995,-4.979513,0.084573336,-3.150221,0.0006111817
57912000,-0.020096513,4.871812,-4.979419,0.08429212,-3.150328,0.00044471867
57920000,-0.019900791,4.8465314,-4.979329,0.08406041,-3.1503737,0.0002412416
57928000,-0.019691346,4.821258,-4.9792423,0.08389473,-3.1504183,5.245069e-05
57936000,-0.019505205,4.795956,-4.9791474,0.08363075,-3.1504927,-0.00012749905
57944000,-0.019309154,4.7706614,-4.9790564,0.083342165,-3.150569,-0.0003208965
57952000,-0.01910333,4.7453737,-4.978969,0.08307988,-3.1506665,-0.0005397166
57960000,-0.01888776,4.7200933,-4.978885,0.082864575,-3.1506927,-0.00070236565
57968000,-0.018685305,4.694787,-4.9787927,0.08262237,-3.150768,-0.0009143924
57976000,-0.018472819,4.6694884,-4.9787035,0.08241933,-3.1508465,-0.0010929311
57984000,-0.018250575,4.6441965,-4.978618,0.08220771,-3.150968,-0.0013380826
57992000,-0.018018646,4.618911,-4.978533,0.08200222,-3.15103,-0.0015083916
58000000,-0.017823115,4.593602,-4.97844,0.08183366,-3.1510699,-0.0016749533
58008000,-0.017616987,4.5683007,-4.9783506,0.08165978,-3.1511836,-0.0018783587
58016000,-0.017400512,4.5430055,-4.9782653,0.08151999,-3.1512563,-0.0020429716
58024000,-0.017173612,4.5177164,-4.978184,0.08138636,-3.1513202,-0.0022617662
58032000,-0.01700106,4.492401,-4.978094,0.081157476,-3.1513896,-0.0024681191
58040000,-0.0168181,4.467093,-4.978037,0.08090752,-3.151467,-0.002673641
58048000,-0.016624838,4.441791,-4.9779825,0.08068319,-3.1515257,-0.0028417064
58056000,-0.016421113,4.4164963,-4.977931,0.08055385,-3.1515517,-0.0030102353
58064000,-0.016248552,4.391167,-4.9778624,0.080406114,-3.151587,-0.003211408
58072000,-0.016061615,4.365845,-4.977797,0.08028415,-3.1516743,-0.0033477454
58080000,-0.01586357,4.34053,-4.977735,0.08018293,-3.1517363,-0.0034764733
58088000,-0.015654553,4.3152213,-4.977667,0.08005145,-3.1517527,-0.0036101283
58096000,-0.015484464,4.289879,-4.9775877,0.07984753,-3.1517959,-0.003778004
58104000,-0.015303473,4.2645435,-4.9775124,0.079683885,-3.15188,-0.0038828151
58112000,-0.015111568,4.2392154,-4.97744,0.0795312,-3.151948,-0.0040237377
58120000,-0.01490911,4.2138934,-4.9773717,0.0793568,-3.151985,-0.0041678343
58128000,-0.014749625,4.188534,-4.9772987,0.079176925,-3.152088,-0.0043474506
58136000,-0.014576131,4.1631813,-4.977231,0.07895525,-3.1521332,-0.004556437
58144000,-0.014391943,4.1378365,-4.9771667,0.07881916,-3.1521184,-0.0047242604
58152000,-0.014196786,4.112499,-4.977106,0.07870539,-3.1521325,-0.0048788716
58160000,-0.013991081,4.087169,-4.9770494,0.078552805,-3.152195,-0.005059475
58168000,-0.013829464,4.0618057,-4.97699,0.07838787,-3.1522667,-0.0051977416
58176000,-0.013656697,4.03645,-4.976935,0.07824915,-3.1523018,-0.005326021
58184000,-0.013473123,4.0111012,-4.9768825,0.078080654,-3.1523416,-0.005497932
58192000,-0.012655233,3.9606168,-4.976893,0.0780553,-3.152193,-0.005814049
58200000,-0.012511413,3.9352329,-4.9768605,0.07789952,-3.1522224,-0.005907259
58208000,-0.01235328,3.9098568,-4.976831,0.07771602,-3.1523223,-0.006020391
58216000,-0.0121841645,3.884488,-4.976804,0.07757029,-3.1523476,-0.0060805255
58224000,-0.012004258,3.8591268,-4.976779,0.07743509,-3.1523666,-0.006141959
58232000,-0.011892016,3.8337152,-4.9767547,0.077245675,-3.152438,-0.0062594553
58240000,-0.011768056,3.8083117,-4.9767385,0.07709194,-3.1525273,-0.0064150905
58248000,-0.011632278,3.7829158,-4.9767256,0.0769733,-3.15257,-0.0065926407
58256000,-0.011484852,3.757528,-4.9767146,0.07685037,-3.152613,-0.0067404206
58264000,-0.0114042945,3.7320826,-4.976703,0.076581694,-3.15269,-0.0068684462
58272000,-0.011311986,3.706646,-4.9766946,0.076349765,-3.1527176,-0.0069880974
58280000,-0.0112050185,3.6812181,-4.976688,0.076167725,-3.1527772,-0.0070419936
58288000,-0.011086523,3.6557984,-4.976682,0.07599459,-3.1528218,-0.0071941563
58296000,-0.011023989,3.6303232,-4.9766693,0.075796835,-3.152865,-0.0072852476
58304000,-0.010949274,3.6048572,-4.9766593,0.075601995,-3.1529038,-0.007370919
58312000,-0.010862404,3.5794005,-4.976651,0.07542908,-3.1529355,-0.007469467
58320000,-0.010763896,3.5539527,-4.976645,0.07522092,-3.1529477,-0.007565506
58328000,-0.010733475,3.528455,-4.9766417,0.074886516,-3.1530204,-0.0076716514
58336000,-0.01069115,3.5029671,-4.976626,0.07462979,-3.153045,-0.007788216
58344000,-0.010819906,3.477319,-4.9765964,0.074300975,-3.153222,-0.007850572
58352000,-0.010986733,3.4516528,-4.976568,0.07390439,-3.1534219,-0.007952593
58360000,-0.011101931,3.4260318,-4.9765463,0.07356977,-3.15353,-0.008040853
58368000,-0.011174711,3.400448,-4.976529,0.07326781,-3.1536324,-0.0080953175
58376000,-0.011212258,3.3748944,-4.976516,0.07298553,-3.1537242,-0.008166155
58384000,-0.011299401,3.3493042,-4.9764876,0.072621934,-3.1537883,-0.008290389
58392000,-0.011359074,3.3237376,-4.9764643,0.07228967,-3.1538253,-0.008424104
58400000,-0.011394932,3.2981918,-4.976445,0.07196076,-3.153901,-0.008499398
58408000,-0.011406871,3.2726638,-4.9764295,0.07162759,-3.1539245,-0.008586779
58416000,-0.011400288,3.2471519,-4.976417,0.07134918,-3.1539276,-0.008675264
58424000,-0.011437752,3.221596,-4.9763846,0.07105629,-3.153969,-0.008780791
58432000,-0.011458247,3.1960545,-4.9763255,0.07077987,-3.1540174,-0.008850007
58440000,-0.011463105,3.1705263,-4.976271,0.07054929,-3.1540408,-0.008946642
58448000,-0.011453196,3.145011,-4.976221,0.07030398,-3.1539936,-0.009058013
58456000,-0.011489567,3.1194334,-4.9761443,0.069991186,-3.1540384,-0.0091560315
58464000,-0.011512268,3.0938687,-4.9760723,0.06966763,-3.1540012,-0.009238314
58472000,-0.011521685,3.0683165,-4.9760046,0.06942926,-3.1540444,-0.009298136
58480000,-0.011515152,3.0427759,-4.975936,0.069211245,-3.1540363,-0.009349358
58488000,-0.011545778,3.017165,-4.9758406,0.06890482,-3.154011,-0.009381675
58496000,-0.011563922,2.9915664,-4.97575,0.06862463,-3.1540642,-0.00942869
58504000,-0.011569813,2.9659803,-4.975664,0.068369664,-3.1540823,-0.00955938
58512000,-0.011563685,2.940406,-4.9755836,0.06815177,-3.1540763,-0.009589289
58520000,-0.01158472,2.9147606,-4.975487,0.06788436,-3.1541667,-0.0096228905
58528000,-0.011593725,2.889128,-4.975414,0.06764565,-3.1541803,-0.00968295
58536000,-0.011590702,2.8635082,-4.9753447,0.06744737,-3.1541736,-0.0097015975
58544000,-0.011576018,2.837901,-4.975279,0.067213014,-3.1541812,-0.009772475
58552000,-0.0115926275,2.8122303,-4.9751945,0.06693306,-3.154189,-0.009797002
58560000,-0.011597435,2.7865736,-4.975114,0.06672885,-3.1540964,-0.0097991405
58568000,-0.011590252,2.760931,-4.975037,0.06655046,-3.1539195,-0.009826251
58576000,-0.0115717575,2.7353032,-4.974964,0.06629356,-3.1536872,-0.009849837
58584000,-0.011598035,2.7096303,-4.9748645,0.06607339,-3.153359,-0.0098955175
58592000,-0.0116122225,2.683974,-4.9747696,0.06587659,-3.1529882,-0.0099288365
58600000,-0.011614596,2.6583343,-4.974679,0.06565275,-3.1525037,-0.009974775
58608000,-0.011605572,2.632712,-4.9745927,0.06544521,-3.1519213,-0.010054551
58616000,-0.011630286,2.6070373,-4.9744925,0.065261215,-3.1513171,-0.010184539
58624000,-0.011639991,2.581382,-4.9743977,0.06508831,-3.1505775,-0.010292047
58632000,-0.011637852,2.555747,-4.974299,0.064901344,-3.149696,-0.010434307
58640000,-0.011623928,2.5301332,-4.9742055,0.064775035,-3.148555,-0.010605917
58648000,-0.011639315,2.5044765,-4.9741015,0.064596914,-3.147297,-0.010772599
58656000,-0.011642871,2.4788442,-4.974004,0.06439074,-3.1459746,-0.011028019
58664000,-0.0116347615,2.4532368,-4.9739127,0.064227566,-3.1444476,-0.011267342
58672000,-0.0116151,2.427656,-4.9738274,0.064065054,-3.1427536,-0.0115216235
58680000,-0.011584059,2.4021025,-4.973738,0.06394293,-3.1408758,-0.011838775
58688000,-0.011597359,2.3765156,-4.9736524,0.06380418,-3.138786,-0.012182797
58696000,-0.011598321,2.35096,-4.9735746,0.06371262,-3.1365442,-0.012620829
58704000,-0.011586926,2.3254368,-4.9735045,0.06358861,-3.1340966,-0.013057521
58712000,-0.011563837,2.2999475,-4.9734416,0.06347064,-3.1313915,-0.013497511
58720000,-0.011584866,2.2744443,-4.973384,0.0634021,-3.128546,-0.01399135
58728000,-0.011593228,2.2489786,-4.9733267,0.06324417,-3.1255016,-0.014503388
58736000,-0.01158936,2.223552,-4.9732776,0.06314246,-3.1221383,-0.014990585
58744000,-0.011573305,2.1981664,-4.973236,0.06305735,-3.1185825,-0.015508407
58752000,-0.011596818,2.172779,-4.9731994,0.06291886,-3.1147866,-0.01602688
58760000,-0.011605832,2.147437,-4.973171,0.06276411,-3.1107647,-0.016621534
58768000,-0.011602639,2.1221414,-4.973151,0.062676676,-3.1065114,-0.017221563
58776000,-0.011586885,2.0968935,-4.9731402,0.062605865,-3.1020327,-0.017842883
58784000,-0.011594515,2.0716617,-4.9731526,0.06244878,-3.0973449,-0.018472869
58792000,-0.01158983,2.0464818,-4.973173,0.062358968,-3.0923715,-0.019095782
58800000,-0.011572784,2.0213556,-4.973202,0.062282365,-3.0871549,-0.019733083
58808000,-0.0115438225,1.9962847,-4.973239,0.062166285,-3.0816612,-0.020365693
58816000,-0.011537328,1.9712412,-4.973283,0.062088,-3.0759363,-0.021061607
58824000,-0.01151805,1.9462576,-4.973335,0.0620834,-3.0698912,-0.021692958
58832000,-0.011485129,1.9213355,-4.973382,0.06206818,-3.0635912,-0.022385608
58840000,-0.011440078,1.896477,-4.973438,0.06203249,-3.0570498,-0.023049358
58848000,-0.011408883,1.8716645,-4.973511,0.062032226,-3.050279,-0.023673724
58856000,-0.011365302,1.8469193,-4.973593,0.061995372,-3.043285,-0.024406498
58864000,-0.01131005,1.8222432,-4.9736834,0.061896022,-3.035957,-0.02513044
58872000,-0.011243323,1.7976383,-4.973782,0.061898876,-3.028404,-0.025797656
58880000,-0.011192321,1.7731042,-4.9738984,0.061849188,-3.0205493,-0.026456779
58888000,-0.0111295795,1.7486453,-4.974022,0.06182411,-3.0124612,-0.027076086
58896000,-0.011055042,1.724263,-4.9741526,0.061836973,-3.004091,-0.027766334
58904000,-0.010969447,1.6999588,-4.974291,0.061848138,-2.995472,-0.02838177
58912000,-0.010911702,1.6757272,-4.9744287,0.06180206,-2.9865887,-0.028977932
58920000,-0.01084201,1.6515783,-4.9745736,0.06181808,-2.9774306,-0.029555552
58928000,-0.010760453,1.6275139,-4.974709,0.061845683,-2.9680338,-0.030091554
58936000,-0.010666757,1.6035358,-4.9748507,0.061950378,-2.9583457,-0.030623853
58944000,-0.010561074,1.579646,-4.9749994,0.062038597,-2.9484215,-0.03110628
58952000,-0.010479408,1.5558469,-4.9751587,0.06208668,-2.9382572,-0.03160534
58960000,-0.010385954,1.5321395,-4.975324,0.06208764,-2.9278305,-0.032134052
58968000,-0.0102836285,1.5085248,-4.9754963,0.06207867,-2.917136,-0.032680072
58976000,-0.010169953,1.4850055,-4.9756746,0.062129766,-2.9062464,-0.03316469
58984000,-0.010080184,1.4615996,-4.9758816,0.06212513,-2.895112,-0.03358326
58992000,-0.009978718,1.4382923,-4.9760933,0.06220158,-2.8836827,-0.034026694
59000000,-0.009865367,1.4150854,-4.9763103,0.062286038,-2.8720489,-0.03438337
59008000,-0.009740331,1.3919809,-4.9765315,0.062353086,-2.8600981,-0.034766797
59016000,-0.009653833,1.3689941,-4.9767623,0.062353637,-2.8479242,-0.035123304
59024000,-0.009555576,1.3461128,-4.976998,0.06239459,-2.835573,-0.0354556
59032000,-0.009445574,1.3233385,-4.9772577,0.062446102,-2.8230197,-0.03572422
59040000,-0.009328732,1.3006706,-4.97752,0.062453598,-2.8102455,-0.036022466
59048000,-0.009250839,1.2781396,-4.9777856,0.062468864,-2.7972102,-0.036279753
59056000,-0.0091611575,1.25572,-4.978054,0.062445533,-2.7839615,-0.036603946
59064000,-0.009060099,1.2334135,-4.9783254,0.06243459,-2.7705176,-0.036827788
59072000,-0.008948037,1.2112216,-4.9785995,0.062371846,-2.7568054,-0.037087847
59080000,-0.008891132,1.1891803,-4.978881,0.062323995,-2.7428873,-0.03727884
59088000,-0.008822164,1.1672562,-4.9791646,0.06231163,-2.7287624,-0.037465315
59096000,-0.008741165,1.1454511,-4.9794497,0.062326364,-2.7144375,-0.037499107
59104000,-0.00864863,1.1237664,-4.9797363,0.062274937,-2.6999,-0.037615687
59112000,-0.008625797,1.1022369,-4.98003,0.06220019,-2.685181,-0.037661515
59120000,-0.008590789,1.08083,-4.9803243,0.062082544,-2.6702604,-0.03765999
59128000,-0.0085439505,1.059547,-4.9805965,0.062000643,-2.6551752,-0.037585694
59136000,-0.008485449,1.0383892,-4.980869,0.061942417,-2.6399233,-0.03753744
59144000,-0.008415551,1.0173578,-4.981142,0.06184456,-2.6245346,-0.037478
59152000,-0.008410795,0.996513,-4.9814224,0.061688006,-2.6089094,-0.037373733
59160000,-0.008393876,0.9757963,-4.981703,0.061587337,-2.5931108,-0.037253395
59168000,-0.008364876,0.9552087,-4.981983,0.061499346,-2.5771751,-0.037150413
59176000,-0.008392499,0.9348097,-4.9822574,0.061436027,-2.5610507,-0.036960173
59184000,-0.008406727,0.91454136,-4.982524,0.061389368,-2.5447366,-0.036758877
59192000,-0.008407947,0.8944051,-4.9827895,0.061277878,-2.5282955,-0.036518734
59200000,-0.008397143,0.8744018,-4.983054,0.06114988,-2.5117385,-0.036284093
59208000,-0.008374529,0.85453266,-4.9833183,0.061030697,-2.4949934,-0.036002126
59216000,-0.008407941,0.8348519,-4.983563,0.060941942,-2.4780128,-0.035737712
59224000,-0.008428437,0.8153075,-4.9838076,0.060816716,-2.4608855,-0.035451993
59232000,-0.008436496,0.7959004,-4.9840717,0.06070303,-2.4436696,-0.035095155
59240000,-0.008432297,0.7766314,-4.9843345,0.06058272,-2.4263215,-0.034762852
59248000,-0.008502998,0.75756586,-4.9845824,0.06046202,-2.4088247,-0.03437293
59256000,-0.008560048,0.7386392,-4.9848285,0.060347863,-2.391222,-0.034096092
59264000,-0.008603782,0.71985245,-4.9850726,0.06027288,-2.3735063,-0.0336873
59272000,-0.008634356,0.7012064,-4.985315,0.06017719,-2.35567,-0.033305053
59280000,-0.008740816,0.6827907,-4.985553,0.06000418,-2.3376114,-0.03283937
59288000,-0.00883336,0.6645168,-4.985788,0.059856974,-2.3194115,-0.032409035
59296000,-0.008912053,0.64638555,-4.98602,0.05975009,-2.3011384,-0.03190185
59304000,-0.008977327,0.6283979,-4.9862494,0.05960811,-2.282787,-0.031398028
59312000,-0.009123375,0.61062324,-4.9864545,0.05941669,-2.2643151,-0.030879177
59320000,-0.009255126,0.5929923,-4.9866567,0.05921102,-2.245762,-0.030412197
59328000,-0.00937279,0.5755057,-4.9868217,0.0590372,-2.2271068,-0.02982079
59336000,-0.009476864,0.5581644,-4.9869843,0.05881272,-2.2083905,-0.029249927
59344000,-0.009644905,0.5410395,-4.9871225,0.058512844,-2.1895633,-0.028655162
59352000,-0.009798844,0.5240601,-4.987259,0.058313303,-2.1706576,-0.028063389
59360000,-0.009938541,0.507227,-4.9873934,0.058068454,-2.151616,-0.027480852
59368000,-0.010064747,0.49054128,-4.9875255,0.057850976,-2.1324775,-0.02691997
59376000,-0.010248034,0.47408047,-4.9876256,0.057551194,-2.1132388,-0.026317323
59384000,-0.010417237,0.45776683,-4.9877105,0.057310782,-2.0939908,-0.025703972
59392000,-0.010572008,0.44160077,-4.987794,0.057145346,-2.0747104,-0.02511113
59400000,-0.010712666,0.42558274,-4.987876,0.05695971,-2.0553885,-0.024489876
59408000,-0.01090286,0.40978467,-4.9879355,0.056732967,-2.0359795,-0.023891719
59416000,-0.0110784415,0.39413458,-4.9879937,0.056558285,-2.0164824,-0.02331108
59424000,-0.011239343,0.37863335,-4.988051,0.056404877,-1.9968852,-0.022756
59432000,-0.011386202,0.36328173,-4.988112,0.056218196,-1.9772522,-0.022139916
59440000,-0.011606811,0.34814805,-4.9881463,0.05602239,-1.9575561,-0.02159023
59448000,-0.011812199,0.33316365,-4.9881797,0.055815265,-1.9378186,-0.020993158
59456000,-0.012003013,0.31832847,-4.988212,0.055593695,-1.9181172,-0.020376425
59464000,-0.012179617,0.3036431,-4.988243,0.055383276,-1.8983463,-0.019805469
59472000,-0.012342223,0.2891077,-4.9882727,0.055163573,-1.8786004,-0.01919281
59480000,-0.012588843,0.27478263,-4.988266,0.054874588,-1.858728,-0.018631821
59488000,-0.01282044,0.2606074,-4.9882593,0.054652687,-1.8388828,-0.018044628
59496000,-0.013037194,0.24658203,-4.988251,0.05443784,-1.8190162,-0.01740168
59504000,-0.013239406,0.23270682,-4.9882426,0.05421622,-1.7991836,-0.01683365
59512000,-0.0135288425,0.21904187,-4.9882135,0.05386191,-1.7792621,-0.01626391
59520000,-0.013803215,0.20552625,-4.988185,0.053588882,-1.7593915,-0.015785964
59528000,-0.014062377,0.19216031,-4.9881735,0.053335804,-1.7394742,-0.015191398
59536000,-0.0143067045,0.17894453,-4.9881606,0.053084485,-1.719506,-0.014635115
59544000,-0.014643525,0.165942,-4.9881167,0.05273377,-1.6995221,-0.014136324
59552000,-0.014964634,0.15308851,-4.988073,0.052428626,-1.6796259,-0.01357
59560000,-0.015270429,0.14038408,-4.988028,0.052091826,-1.6597039,-0.012984162
59568000,-0.01556131,0.1278288,-4.9879827,0.051796377,-1.6397957,-0.012489902
59576000,-0.015946137,0.11548724,-4.9879103,0.051416285,-1.6198066,-0.0119916005
59584000,-0.016315032,0.10329413,-4.9878306,0.051061187,-1.5998905,-0.0115063
59592000,-0.016668359,0.091249004,-4.9877515,0.050681096,-1.5800632,-0.010975678
59600000,-0.017006485,0.079351835,-4.987673,0.050343525,-1.560202,-0.010465492
59608000,-0.017445443,0.06767379,-4.987565,0.04993841,-1.5402864,-0.009938191
59616000,-0.017867628,0.05614308,-4.987458,0.04961294,-1.5204171,-0.009438389
59624000,-0.01827345,0.044759322,-4.9873524,0.04926566,-1.500605,-0.008953276
59632000,-0.018663323,0.03352243,-4.987249,0.04888561,-1.4808522,-0.008485149
59640000,-0.019158004,0.022509681,-4.9871297,0.048431143,-1.4610795,-0.007992602
59648000,-0.019635804,0.011642288,-4.987011,0.047996845,-1.441319,-0.0075017577
59656000,-0.020097245,0.00092012977,-4.986893,0.04756377,-1.4216479,-0.007012491
59664000,-0.020542776,-0.009656974,-4.9867764,0.047153033,-1.4019862,-0.0065515623
59672000,-0.021096116,-0.02000652,-4.986652,0.046739634,-1.3822628,-0.006135163
59680000,-0.021631612,-0.0302124,-4.9865346,0.046334334,-1.3626596,-0.0057588755
59688000,-0.022149822,-0.04027475,-4.9864182,0.045926537,-1.3430626,-0.0053387457
59696000,-0.02265133,-0.050193723,-4.986303,0.045486808,-1.3235515,-0.0049502836
59704000,-0.023253389,-0.059898928,-4.9861746,0.045038115,-1.3040587,-0.0045375507
59712000,-0.023837363,-0.06946238,-4.9860477,0.044579968,-1.2846124,-0.004137861
59720000,-0.024404004,-0.07888435,-4.985922,0.044112295,-1.2652366,-0.0037703486
59728000,-0.024953723,-0.08816507,-4.9858265,0.04365347,-1.2459455,-0.003408432
59736000,-0.025486762,-0.097305186,-4.9857316,0.0432758,-1.226751,-0.0031283016
59744000,-0.026120074,-0.10625105,-4.9856215,0.042829633,-1.207523,-0.002893338
59752000,-0.026735222,-0.1150574,-4.9855127,0.042399857,-1.188399,-0.0025673632
59760000,-0.027332582,-0.1237249,-4.985405,0.04199719,-1.1693813,-0.0023192647
59768000,-0.027912458,-0.13225383,-4.9852986,0.0415839,-1.1504142,-0.0020425483
59776000,-0.028609294,-0.14059088,-4.985195,0.041112695,-1.1314728,-0.0018010003
59784000,-0.029287465,-0.14879057,-4.9850845,0.040596347,-1.1125647,-0.0015524084
59792000,-0.029947767,-0.15685341,-4.9849753,0.04008612,-1.0938042,-0.0013117085
59800000,-0.03059026,-0.16477992,-4.984867,0.039665077,-1.0751088,-0.0010587777
59808000,-0.031345353,-0.17251143,-4.984766,0.039126527,-1.0564892,-0.0008622994
59816000,-0.032081284,-0.18010879,-4.984666,0.038635727,-1.0379838,-0.0006232226
59824000,-0.032798167,-0.18757264,-4.9845667,0.038188044,-1.0195835,-0.00043974177
59832000,-0.033496402,-0.19490346,-4.9844556,0.037737694,-1.0012662,-0.00018129403
59840000,-0.034299254,-0.20204417,-4.984351,0.03720308,-0.9829576,5.646271e-05
59848000,-0.035082344,-0.20905347,-4.9842477,0.03668966,-0.9647729,0.00030270172
59856000,-0.035846353,-0.21593197,-4.9841456,0.036179017,-0.94668925,0.00046558824
59864000,-0.03659104,-0.22268029,-4.9840446,0.0357727,-0.92871696,0.0006453805
59872000,-0.037428923,-0.22925572,-4.98396,0.035183392,-0.9107539,0.00086448685
59880000,-0.038247,-0.2357022,-4.983861,0.034685377,-0.8929067,0.0010230964
59888000,-0.039044943,-0.2420207,-4.983763,0.03430118,-0.87519914,0.0012093825
59896000,-0.03982275,-0.2482118,-4.9836664,0.033926837,-0.85758656,0.0013605647
59904000,-0.04068242,-0.25426233,-4.9835796,0.033400573,-0.8400827,0.0015136772
59912000,-0.04152173,-0.26018697,-4.9834943,0.032974586,-0.8227017,0.001597833
59920000,-0.042340554,-0.2659865,-4.9834104,0.03258106,-0.80545586,0.0017034026
59928000,-0.04313899,-0.27166152,-4.983347,0.03225451,-0.78826934,0.0017633295
59936000,-0.044007435,-0.2771886,-4.9833,0.031825665,-0.7711932,0.0018355475
59944000,-0.044855066,-0.28259242,-4.9832544,0.031442408,-0.7541593,0.0019025301
59952000,-0.04568188,-0.2878737,-4.9832087,0.031092586,-0.7373136,0.0019723163
59960000,-0.046488084,-0.29303363,-4.9831634,0.030802336,-0.7206228,0.0020080365
59968000,-0.047376078,-0.29803705,-4.983137,0.03039197,-0.7039852,0.0020652995
59976000,-0.048242707,-0.30292064,-4.983111,0.03005249,-0.6873922,0.0021433805
59984000,-0.049088124,-0.30768508,-4.983094,0.029724883,-0.67097485,0.0022411349
59992000,-0.049912486,-0.31233144,-4.983076,0.029477162,-0.65470403,0.002342252
60000000,-0.050715685,-0.31686056,-4.983058,0.029282648,-0.6385582,0.0024134754
60008000,-0.05159928,-0.3212526,-4.9830613,0.02902472,-0.62252617,0.0024130016
60016000,-0.052460805,-0.32552904,-4.983064,0.028752755,-0.6065442,0.0024374826
60024000,-0.05330048,-0.3296904,-4.9830666,0.02856554,-0.59070134,0.0025464995
60032000,-0.05411829,-0.33373794,-4.9830446,0.028411116,-0.57505035,0.0025720282
60040000,-0.05502478,-0.33765584,-4.983048,0.028173475,-0.5594492,0.0026107524
60048000,-0.05590873,-0.34146157,-4.983051,0.02792587,-0.5440021,0.0026535955
60056000,-0.056770183,-0.34515592,-4.983053,0.02775998,-0.5286592,0.0026826893
60068000,-0.057609353,-0.34873965,-4.9830546,0.0276036,-0.51347697,0.0027315968
60072000,-0.058546737,-0.35220376,-4.9830823,0.02744745,-0.49839562,0.0027626436
60080000,-0.059460156,-0.35555932,-4.983114,0.027298214,-0.4834656,0.0027898191
60088000,-0.060350053,-0.35880685,-4.9831443,0.02717598,-0.4686078,0.0028159672
60096000,-0.06121671,-0.3619471,-4.983174,0.02706738,-0.453894,0.002784003
60104000,-0.06218046,-0.36497796,-4.9832153,0.02681552,-0.43934184,0.0027745292
60112000,-0.06312057,-0.3679038,-4.9832554,0.026600065,-0.4249668,0.0027828391
60120000,-0.06403707,-0.37072566,-4.9832945,0.0264346,-0.41071245,0.002748886
60128000,-0.064930074,-0.37344435,-4.9833283,0.026346853,-0.39655766,0.0027913167
60136000,-0.065905,-0.37607768,-4.983372,0.026174773,-0.38258705,0.0027950641
60144000,-0.06685565,-0.37860942,-4.983415,0.02597647,-0.3686944,0.0027569241
60152000,-0.06778256,-0.38103992,-4.983457,0.025860403,-0.35495922,0.0027633368
60160000,-0.06868538,-0.3833703,-4.983497,0.02582086,-0.34131294,0.00280991
60168000,-0.06965541,-0.3856234,-4.9835463,0.025740964,-0.3278719,0.0027818775
60176000,-0.07060041,-0.38777792,-4.9835944,0.025691569,-0.31453428,0.002764271
60184000,-0.071520686,-0.38983497,-4.9836507,0.025691928,-0.30139616,0.0027153315
60192000,-0.07241652,-0.3917957,-4.983706,0.025674175,-0.2883729,0.0027231434
60200000,-0.07337731,-0.39370197,-4.983763,0.025558848,-0.27547464,0.0027029498
60208000,-0.074313544,-0.39551258,-4.983819,0.025508754,-0.26268902,0.002697896
60216000,-0.07522514,-0.39722863,-4.983873,0.025545465,-0.25007054,0.0026999982
60224000,-0.076111905,-0.39885116,-4.9839253,0.025636395,-0.23757704,0.002729607
60232000,-0.07706805,-0.4004389,-4.9839926,0.025652122,-0.22522229,0.00273084
60240000,-0.07799871,-0.40193382,-4.984058,0.025723819,-0.21300702,0.0026997062
60248000,-0.07890411,-0.4033369,-4.9841213,0.02578515,-0.20091258,0.0027118672
60256000,-0.07978471,-0.4046491,-4.9841833,0.025884202,-0.1889462,0.0027024734
60264000,-0.08064061,-0.40587133,-4.9842434,0.026016876,-0.17708747,0.0026725125
60272000,-0.08156642,-0.40706813,-4.9843183,0.026123011,-0.16541463,0.0026314885
60280000,-0.0824664,-0.4081758,-4.9843893,0.026259363,-0.15386546,0.0025321294
60288000,-0.08334103,-0.4091957,-4.9844584,0.026402492,-0.14250275,0.0024700812
60296000,-0.08419075,-0.41012862,-4.9845266,0.02655607,-0.13121419,0.0023685202
60304000,-0.085095756,-0.41104573,-4.984599,0.026742153,-0.120163485,0.002336188
60312000,-0.08597472,-0.41187698,-4.9846706,0.0269125,-0.10921452,0.0022491703
60320000,-0.08682829,-0.41262332,-4.9847403,0.027106516,-0.09838992,0.0022198735
60328000,-0.08765633,-0.41328558,-4.984829,0.027407587,-0.08766897,0.0021041695
60336000,-0.088548556,-0.4139441,-4.9849186,0.027626071,-0.077143975,0.00203779
60344000,-0.08941448,-0.41451904,-4.985006,0.027870972,-0.06668658,0.0020046935
60352000,-0.09025436,-0.4150117,-4.985091,0.02815292,-0.056442253,0.0019514456
60360000,-0.09106828,-0.41542333,-4.985175,0.028459663,-0.046294827,0.0019305564
60368000,-0.09193288,-0.4158537,-4.985264,0.028678255,-0.03640901,0.0019262497
60376000,-0.092771344,-0.41620392,-4.985351,0.02895461,-0.026618376,0.0018619341
60384000,-0.09358388,-0.4164747,-4.985419,0.029241288,-0.016910378,0.0018522117
60392000,-0.09437067,-0.41666707,-4.9854846,0.029587716,-0.00736177,0.0018364069
60400000,-0.09519487,-0.41687903,-4.985568,0.029926661,0.0019450467,0.0018130151
60408000,-0.0959925,-0.41701335,-4.98565,0.030309452,0.011211182,0.0017708719
60416000,-0.09676384,-0.41707087,-4.98573,0.030707732,0.020374062,0.0017279268
60424000,-0.09750922,-0.4170525,-4.985809,0.031137798,0.029412365,0.0017236412
60432000,-0.09827769,-0.4170551,-4.9859047,0.031492762,0.038291786,0.0016798562
60440000,-0.099020466,-0.41698232,-4.985999,0.03188336,0.047005206,0.0016476595
60448000,-0.09973732,-0.41683576,-4.986091,0.032365143,0.055582684,0.001637451
60456000,-0.100428216,-0.41661605,-4.9861813,0.032861784,0.06413842,0.001608781
60464000,-0.10113541,-0.41641748,-4.9863024,0.033375658,0.07244431,0.0015440959
60472000,-0.101816125,-0.41614676,-4.9864216,0.033958945,0.080598526,0.0014694608
60480000,-0.10247056,-0.41580483,-4.986553,0.03451363,0.08870895,0.0013581398
60488000,-0.10309931,-0.41539267,-4.9866824,0.035099015,0.09662699,0.0013304256
60496000,-0.10375586,-0.41500002,-4.9868426,0.035662968,0.1043745,0.0012893811
60504000,-0.10438631,-0.41453797,-4.987,0.03623444,0.11207926,0.0011457378
60512000,-0.104990765,-0.41400725,-4.9871545,0.036852676,0.11967541,0.0010308974
60520000,-0.10556928,-0.4134091,-4.987306,0.037527025,0.12713958,0.0009709397
60528000,-0.10612165,-0.41274464,-4.987472,0.038258623,0.13450317,0.00094755384
60536000,-0.10670526,-0.41212803,-4.9876676,0.03891364,0.14171574,0.0008812681
60544000,-0.10726231,-0.4114449,-4.9878597,0.03966234,0.14883912,0.00083764107
60552000,-0.10779267,-0.41069648,-4.9880476,0.040436946,0.15580803,0.0007218622
60560000,-0.10829683,-0.40988377,-4.988232,0.04116747,0.16272528,0.0006447653
60568000,-0.10882405,-0.4091161,-4.988443,0.04189466,0.16943236,0.00051891396
60576000,-0.1093249,-0.4082844,-4.9886494,0.042635955,0.17606866,0.0004691469
60584000,-0.10979971,-0.4073897,-4.988855,0.043365523,0.18257815,0.0004092143
60592000,-0.11024868,-0.40643293,-4.9890566,0.04418038,0.18902689,0.00033513847
60600000,-0.110731244,-0.40553734,-4.9892707,0.044970647,0.19526002,0.00037289318
60608000,-0.11118704,-0.40457985,-4.98948,0.04580692,0.20140037,0.00036844512
60616000,-0.11161614,-0.40356153,-4.989684,0.046656862,0.20746824,0.00037671748
60624000,-0.112018876,-0.40248325,-4.989884,0.04748888,0.21339826,0.00038585736
60632000,-0.112477005,-0.40146926,-4.990152,0.04827691,0.21912783,0.00034883077
60640000,-0.11290803,-0.40039575,-4.9904137,0.049105044,0.22478984,0.00040801527
60648000,-0.11331238,-0.39926353,-4.9906693,0.0499162,0.23039144,0.00041857507
60656000,-0.113690205,-0.3980733,-4.9909186,0.050773498,0.2359398,0.0004198042
60664000,-0.1141181,-0.39695135,-4.99119,0.05156613,0.24124709,0.00042719126
60672000,-0.11451896,-0.3957717,-4.9914546,0.052355725,0.24648891,0.00044802285
60680000,-0.114893354,-0.39453533,-4.991723,0.053157102,0.25164992,0.0004920248
60688000,-0.11524143,-0.3932432,-4.991985,0.053990267,0.25672397,0.0005589633
60696000,-0.11564113,-0.39203253,-4.9922786,0.05481101,0.26158267,0.0005922665
60704000,-0.11601369,-0.3907662,-4.9925647,0.05563787,0.2663543,0.0005906706
60712000,-0.11635933,-0.3894453,-4.9928446,0.056477323,0.27106526,0.00060125254
60720000,-0.11667852,-0.38807052,-4.9931173,0.057319254,0.27572533,0.00061557733
60728000,-0.117048986,-0.38678262,-4.9934196,0.058128733,0.28020775,0.00068648066
60736000,-0.11739237,-0.38544044,-4.9937143,0.058948528,0.28463197,0.0007261593
60744000,-0.11770895,-0.38404498,-4.9940014,0.059790745,0.28895503,0.0008195394
60752000,-0.11799914,-0.3825975,-4.994281,0.06062277,0.29318854,0.0009030588
60760000,-0.1183415,-0.3812319,-4.994581,0.061382607,0.29724908,0.000982643
60768000,-0.118656956,-0.37981424,-4.994874,0.06220349,0.3012339,0.0010465605
60776000,-0.11894532,-0.3783452,-4.995159,0.06309574,0.30519608,0.0011744085
60784000,-0.11920712,-0.37682602,-4.9954405,0.06390124,0.3090286,0.0013127873
60792000,-0.11944303,-0.3752575,-4.995714,0.06473307,0.31287014,0.0014804206
60800000,-0.119728155,-0.37378517,-4.9960093,0.06549526,0.31651485,0.0016378616
60808000,-0.11998679,-0.37226322,-4.996296,0.06629303,0.32004127,0.0018313059
60816000,-0.120219044,-0.3706926,-4.996574,0.067155756,0.32355028,0.002003239
60824000,-0.12042524,-0.36907387,-4.996844,0.067951806,0.32705066,0.002172285
60832000,-0.120682,-0.36754605,-4.9971375,0.06880868,0.33033013,0.0023456295
60840000,-0.12091141,-0.36597034,-4.9974227,0.06970007,0.3335097,0.002459398
60848000,-0.121114194,-0.3643473,-4.9976997,0.07052317,0.3367091,0.0026110092
60856000,-0.12129089,-0.36267772,-4.9979687,0.071350284,0.33979803,0.0027109145
60864000,-0.12150536,-0.36109826,-4.998258,0.07213761,0.34275573,0.0027878305
60872000,-0.12169369,-0.35947216,-4.998539,0.07290417,0.34563223,0.0029759249
60880000,-0.12185603,-0.3578004,-4.9988112,0.07372216,0.34845862,0.0031356486
60888000,-0.12199261,-0.35608384,-4.999075,0.07454955,0.35123274,0.0033514947
60896000,-0.12214859,-0.35445106,-4.9993696,0.0753416,0.35378528,0.0035321682
60904000,-0.122278884,-0.35277352,-4.9996557,0.076138206,0.35635787,0.0036558015
60912000,-0.12238368,-0.3510522,-4.9999332,0.07698203,0.35882533,0.003811096
60920000,-0.12246297,-0.34928805,-5.0002027,0.07784791,0.36127314,0.003973455
60928000,-0.12255919,-0.34760514,-5.000486,0.07863771,0.36358133,0.0041866642
60936000,-0.12263054,-0.34587923,-5.00076,0.079402424,0.3657982,0.0043606474
60944000,-0.12267725,-0.3441113,-5.001026,0.080219746,0.36803606,0.0045132334
60952000,-0.122699335,-0.34230202,-5.0012836,0.08105474,0.37016553,0.0047185645
60960000,-0.12274184,-0.34057665,-5.0015626,0.08186742,0.37212464,0.004911921
60968000,-0.12275968,-0.33881003,-5.0018325,0.08268028,0.3740969,0.005099582
60976000,-0.122753225,-0.33700302,-5.002094,0.08348601,0.37601316,0.0052613616
60984000,-0.122723036,-0.33515623,-5.002352,0.0842603,0.3779235,0.0054099425
60992000,-0.12271816,-0.3334157,-5.0026474,0.08506287,0.37963724,0.0055664764
61000000,-0.12269208,-0.33163455,-5.0029325,0.08588141,0.3813842,0.0057976996
61008000,-0.12264183,-0.32981384,-5.0032086,0.086726494,0.38303646,0.006028246
61016000,-0.12256771,-0.32795468,-5.003475,0.08753735,0.3846536,0.0062214537
61024000,-0.12253824,-0.32622,-5.003778,0.08825853,0.38609046,0.006420084
61032000,-0.12248496,-0.32444602,-5.0040917,0.089004956,0.38753214,0.0066160853
61040000,-0.12240825,-0.32263345,-5.0043955,0.08972452,0.38892752,0.0067914156
61048000,-0.12230834,-0.3207828,-5.0046897,0.09049918,0.39034835,0.006989592
61056000,-0.12218536,-0.31889516,-5.0049734,0.09127732,0.39165887,0.007207221
61064000,-0.12208668,-0.31712922,-5.0053,0.092062,0.39279163,0.007423208
61072000,-0.121967174,-0.31532508,-5.005615,0.09278627,0.39396122,0.0075893463
61080000,-0.12182482,-0.3134842,-5.0059156,0.093543306,0.39504805,0.0077840695
61088000,-0.121659756,-0.31160697,-5.006206,0.09432817,0.39620382,0.008003239
61096000,-0.12153175,-0.30984235,-5.006536,0.09505757,0.3971635,0.00820943
61104000,-0.121380635,-0.30804083,-5.0068555,0.09581822,0.3980935,0.008388607
61112000,-0.12120636,-0.3062034,-5.007164,0.09661212,0.39894837,0.0085861
61120000,-0.12100968,-0.30433106,-5.007462,0.097311586,0.3997988,0.008820307
61128000,-0.12085395,-0.30257258,-5.0078073,0.09802224,0.40044957,0.009060268
61136000,-0.12067533,-0.30077863,-5.0081406,0.09874,0.4011384,0.009261177
61144000,-0.120476,-0.29894915,-5.0084624,0.09943268,0.4018265,0.0094415285
61152000,-0.120254375,-0.29708552,-5.0087733,0.10018622,0.40245682,0.009749489
61160000,-0.12007204,-0.29532182,-5.009116,0.100787885,0.4029767,0.009924577
61168000,-0.11986772,-0.2935237,-5.0094476,0.10142232,0.40343592,0.010100057
61176000,-0.119641416,-0.291692,-5.009768,0.10204777,0.40390483,0.010291441
61184000,-0.11939365,-0.2898273,-5.0100565,0.10271524,0.4043396,0.010521713
61192000,-0.119186625,-0.2880549,-5.010373,0.10338118,0.4046461,0.010737134
61200000,-0.118957244,-0.28624928,-5.0106783,0.104023404,0.40497324,0.01102455
61208000,-0.118707314,-0.28441036,-5.0109725,0.10463263,0.40529534,0.011240999
61216000,-0.11843584,-0.28253952,-5.0112557,0.10531161,0.40559113,0.011471879
61224000,-0.11819839,-0.2807599,-5.011549,0.105903745,0.40578595,0.01173077
61232000,-0.11793908,-0.27894825,-5.0118446,0.10653156,0.40586942,0.012021558
61240000,-0.117658265,-0.2771057,-5.0121284,0.107109755,0.4059741,0.012296768
61248000,-0.11735668,-0.27523255,-5.012401,0.107675284,0.40611312,0.012552447
61256000,-0.11706972,-0.27343872,-5.0126843,0.10822599,0.40615094,0.012792661
61264000,-0.11676178,-0.2716141,-5.0129566,0.10881158,0.4061359,0.013130603
61272000,-0.11643318,-0.26975945,-5.0132174,0.10938811,0.40613708,0.013404734
61280000,-0.11608472,-0.26787442,-5.013459,0.11002057,0.4061767,0.013670883
61288000,-0.115763344,-0.26606232,-5.0137134,0.1106236,0.4060836,0.01395294
61296000,-0.11542092,-0.26422065,-5.013956,0.111228906,0.40594634,0.014213216
61304000,-0.11505788,-0.2623502,-5.0141892,0.111826725,0.40580818,0.01444241
61312000,-0.11467439,-0.2604514,-5.014412,0.11245706,0.40571553,0.01467573
61320000,-0.11427086,-0.2585245,-5.0146246,0.11305902,0.4056497,0.014948229
61328000,-0.11390547,-0.2566626,-5.014831,0.113540374,0.40549067,0.015197454
61336000,-0.11352043,-0.25477254,-5.015028,0.11401307,0.40528682,0.015415989
61344000,-0.113115855,-0.25285533,-5.015216,0.1145473,0.40502623,0.015665969
61352000,-0.11269197,-0.25091124,-5.0153937,0.11511843,0.40473762,0.015953729
61360000,-0.112312056,-0.24905597,-5.0155797,0.115688495,0.40437043,0.016222388
61368000,-0.11191163,-0.24717405,-5.0157557,0.116236426,0.40397504,0.016527465
61376000,-0.11149126,-0.24526569,-5.0159225,0.116733104,0.40366223,0.016817782
61384000,-0.111051545,-0.24333148,-5.0160894,0.1172231,0.40328923,0.017134173
61392000,-0.1106663,-0.2414826,-5.016262,0.11763314,0.40283236,0.01739175
61400000,-0.110261016,-0.23960745,-5.016424,0.118107274,0.40239096,0.017688362
61408000,-0.10983582,-0.2377066,-5.0165772,0.11858762,0.40192297,0.017958382
61416000,-0.10939105,-0.23578052,-5.0167212,0.11905905,0.40149942,0.018227724
61424000,-0.10901259,-0.23394555,-5.016867,0.11951031,0.40094298,0.018459752
61432000,-0.108613476,-0.2320848,-5.017022,0.11992762,0.40040684,0.018635795
61440000,-0.10819444,-0.23019892,-5.017168,0.12036582,0.39987862,0.01882901
61448000,-0.10775547,-0.22828819,-5.0173054,0.12082793,0.3993501,0.01899828
61456000,-0.10738113,-0.226472,-5.0174484,0.1212607,0.398735,0.019175181
61464000,-0.10698616,-0.22463052,-5.017583,0.12163502,0.398092,0.01939247
61472000,-0.10657122,-0.2227645,-5.0177083,0.121965356,0.39743567,0.019593673
61480000,-0.10613699,-0.22087446,-5.017836,0.122312024,0.39683583,0.01977109
61488000,-0.105772704,-0.21908878,-5.0179625,0.1225958,0.39601758,0.019949336
61496000,-0.10538837,-0.2172788,-5.0180807,0.12286166,0.3952555,0.020099057
61504000,-0.104984485,-0.21544483,-5.0181904,0.12309013,0.3944782,0.020309158
61512000,-0.10456155,-0.21358773,-5.0182924,0.12335722,0.39368552,0.02049847
61520000,-0.10421012,-0.2118333,-5.018383,0.12363367,0.39280128,0.020674398
61528000,-0.10383829,-0.21005507,-5.018473,0.123857304,0.3918888,0.020887062
61536000,-0.10344679,-0.20825358,-5.0185556,0.12404742,0.39103734,0.021066627
61544000,-0.103036396,-0.20642903,-5.01863,0.12423355,0.3902178,0.021256486
61552000,-0.102695115,-0.20472722,-5.018691,0.12436001,0.38934562,0.021500496
61560000,-0.1023334,-0.20300035,-5.018745,0.12452106,0.3883979,0.021706114
61568000,-0.10195217,-0.20125002,-5.0187917,0.124678135,0.38747495,0.02186135
61576000,-0.10155191,-0.19947673,-5.0188317,0.12482753,0.3865394,0.021979272
61584000,-0.10113289,-0.19768123,-5.018858,0.12501101,0.38560572,0.02214217
61592000,-0.10077641,-0.19602492,-5.0188813,0.1250896,0.38454908,0.022243848
61600000,-0.10040089,-0.19434507,-5.0188985,0.12518631,0.3834879,0.022413785
61608000,-0.1000065,-0.19264267,-5.0189095,0.12530166,0.3823663,0.022565927
61616000,-0.09959357,-0.19091831,-5.0189147,0.12542371,0.38131005,0.022716241
61624000,-0.09924025,-0.18931225,-5.018905,0.12553962,0.38007835,0.022849794
61632000,-0.0988665,-0.18768243,-5.018875,0.12564078,0.3789661,0.0229445
61640000,-0.098474145,-0.18602969,-5.0188403,0.12569806,0.37787303,0.02306225
61648000,-0.09806351,-0.18435451,-5.018801,0.12577632,0.376772,0.023217475
61656000,-0.097711146,-0.18280356,-5.0187674,0.12579039,0.37549987,0.023306204
61664000,-0.0973402,-0.18122955,-5.0187287,0.12580606,0.37427673,0.0234236
61672000,-0.09695088,-0.17963317,-5.018686,0.12581408,0.37302944,0.023516266
61680000,-0.096543685,-0.1780149,-5.0186334,0.12584978,0.37186182,0.023580743
61688000,-0.09618515,-0.17650189,-5.018598,0.12583709,0.37056515,0.023644088
61696000,-0.095808245,-0.17496628,-5.018559,0.12580371,0.36925456,0.023726564
61704000,-0.09541269,-0.17340834,-5.0185156,0.12576027,0.36792433,0.02378149
61712000,-0.094999656,-0.17182937,-5.018468,0.12574334,0.36661896,0.023879975
61720000,-0.094624355,-0.17036754,-5.0184383,0.12565798,0.3652237,0.02414153
61728000,-0.094231516,-0.16888334,-5.0183926,0.12560064,0.363871,0.024622843
61736000,-0.09382137,-0.16737738,-5.0183387,0.12556756,0.36252823,0.025343735
61744000,-0.09339426,-0.1658499,-5.0182743,0.12552013,0.36127192,0.026289407
61752000,-0.09298793,-0.16444409,-5.018218,0.12542379,0.35989803,0.027601026
61760000,-0.09256483,-0.1630155,-5.018146,0.12537417,0.358517,0.029295044
61768000,-0.092123695,-0.16156419,-5.0180554,0.12537514,0.3572051,0.031413604
61776000,-0.091665976,-0.16009103,-5.0179424,0.12540007,0.35590702,0.033868253
61784000,-0.091233805,-0.15874238,-5.017816,0.12540127,0.35453215,0.03663477
61792000,-0.09078495,-0.15737016,-5.0176616,0.12537031,0.35328224,0.039886694
61800000,-0.090319715,-0.15597424,-5.017476,0.12538715,0.35211834,0.043518092
61808000,-0.08983839,-0.15455428,-5.0172563,0.12534033,0.35113472,0.04765228
61816000,-0.089387104,-0.15324822,-5.017005,0.12527901,0.35008398,0.052256733
61824000,-0.088919125,-0.15191601,-5.016712,0.12535886,0.34911805,0.05711683
61832000,-0.08843454,-0.15055774,-5.0163875,0.12543055,0.3482169,0.062247593
61840000,-0.08793253,-0.14917275,-5.0160155,0.12545589,0.34739017,0.06788272
61848000,-0.087414876,-0.14776202,-5.0155935,0.12549886,0.346626,0.07396447
61856000,-0.0869263,-0.14646873,-5.0151253,0.12550247,0.34581172,0.0803819
61864000,-0.0864217,-0.14514765,-5.0146008,0.1255737,0.34507152,0.087035045
61872000,-0.08590098,-0.14379896,-5.0140185,0.12569025,0.34441155,0.094007
61880000,-0.08536452,-0.14242253,-5.0133843,0.12575722,0.3438502,0.10140092
61888000,-0.08485608,-0.1411632,-5.0126796,0.12578,0.3432196,0.10924178
61896000,-0.08433182,-0.13987404,-5.0119076,0.12585862,0.34268868,0.117415875
61904000,-0.083791986,-0.13855518,-5.0110655,0.12593308,0.34224346,0.12575522
61912000,-0.08323536,-0.13720573,-5.0101523,0.1260738,0.34192365,0.13442841
61920000,-0.08269279,-0.13595761,-5.0091467,0.12617528,0.34151095,0.14341886
61928000,-0.08213488,-0.134678,-5.0080647,0.12625356,0.34114194,0.15283155
61936000,-0.08156177,-0.13336752,-5.0069036,0.12638715,0.34081995,0.16258019
61944000,-0.08097364,-0.132026,-5.0056615,0.12650505,0.34062156,0.17245781
61952000,-0.08038739,-0.13078676,-5.004299,0.12666978,0.34038904,0.18259767
61960000,-0.079786144,-0.12951429,-5.002853,0.12680157,0.34022892,0.19307037
61968000,-0.079170324,-0.12820922,-5.0013194,0.12692493,0.34010026,0.20394668
61976000,-0.078540534,-0.12687187,-4.9996963,0.12700486,0.3399898,0.21515661
61984000,-0.07791231,-0.12562543,-4.9979467,0.12714334,0.3398269,0.22638875
61992000,-0.07726958,-0.12434557,-4.9961057,0.12736917,0.33971477,0.23790507
62000000,-0.07661234,-0.12303263,-4.99417,0.12758923,0.3396508,0.24978514
62008000,-0.07594104,-0.121686645,-4.992138,0.12772831,0.3396952,0.2619337
62016000,-0.07527627,-0.120433904,-4.989963,0.12783694,0.3396029,0.27440515
62024000,-0.0745978,-0.119147025,-4.987689,0.12801394,0.33959657,0.28690666
62032000,-0.0739059,-0.11782649,-4.9852962,0.12816456,0.33957335,0.2996957
62040000,-0.07320089,-0.11647283,-4.982801,0.12830168,0.3395909,0.31281182
62048000,-0.07247595,-0.11519671,-4.9801517,0.12848146,0.3394962,0.3263305
62056000,-0.07173838,-0.11388677,-4.977395,0.12862444,0.3395196,0.34013715
62064000,-0.07098862,-0.11254304,-4.9745293,0.12876955,0.33957303,0.35398334
62072000,-0.07022669,-0.111166134,-4.971554,0.12895526,0.33963194,0.36800438
62080000,-0.06945508,-0.109863676,-4.9684095,0.12912166,0.33967343,0.38247007
62088000,-0.06867161,-0.10852726,-4.965152,0.12928087,0.33969134,0.3971697
62096000,-0.067877054,-0.10715739,-4.961778,0.12934655,0.33976075,0.41219348
62104000,-0.06707144,-0.10575469,-4.958287,0.12955253,0.33979183,0.4271687
62112000,-0.06625444,-0.10431979,-4.9546785,0.12971725,0.33991042,0.4422589
62120000,-0.06543211,-0.102976575,-4.9508877,0.12987885,0.3399146,0.45771897
62128000,-0.064598836,-0.1016003,-4.9469633,0.13004841,0.33988422,0.47343224
62136000,-0.063754715,-0.100191794,-4.9429173,0.13023518,0.3398559,0.48923814
62144000,-0.06290045,-0.098751456,-4.9387503,0.13029544,0.33988345,0.5046599
62152000,-0.062046032,-0.0974028,-4.9344077,0.13034825,0.33980545,0.5197474
62160000,-0.061182197,-0.09602157,-4.9299517,0.13039485,0.3397151,0.5344266
62168000,-0.060309064,-0.094608724,-4.9253855,0.13046591,0.3395858,0.54860514
62176000,-0.059426725,-0.09316477,-4.920713,0.13052717,0.33952746,0.5622353
62184000,-0.058541603,-0.09180086,-4.9158726,0.13059452,0.3393517,0.57513326
62192000,-0.057648,-0.090405084,-4.910938,0.13063028,0.33917588,0.58754796
62200000,-0.05674583,-0.08897839,-4.905912,0.13066816,0.33902198,0.5994186
62208000,-0.05583512,-0.0875214,-4.9007993,0.13073918,0.3388262,0.6107777
62216000,-0.0549194,-0.08613067,-4.8955383,0.13078879,0.33854407,0.62163335
62224000,-0.053995453,-0.084710024,-4.8902006,0.1308188,0.33821356,0.63180995
62232000,-0.05306393,-0.083260216,-4.884791,0.1307865,0.337882,0.6415037
62240000,-0.052125335,-0.08178207,-4.879312,0.13071105,0.33756047,0.65072095
62248000,-0.05118861,-0.08038058,-4.873698,0.13061062,0.33717054,0.65946954
62256000,-0.050245114,-0.07895027,-4.8680243,0.13057484,0.33672094,0.667789
62264000,-0.049295045,-0.077491924,-4.8622947,0.13053195,0.3362926,0.6753955
62272000,-0.04833838,-0.07600657,-4.856514,0.13047165,0.33579877,0.6826168
62280000,-0.047408395,-0.07459495,-4.8506365,0.13035977,0.3352122,0.6893593
62288000,-0.046472225,-0.07315656,-4.844716,0.13017282,0.33455554,0.6956805
62296000,-0.04553019,-0.07169253,-4.838755,0.12999667,0.33390725,0.70153713
62304000,-0.044582546,-0.070203654,-4.8327575,0.12983805,0.33317754,0.70687836
62312000,-0.043661777,-0.06878814,-4.8266845,0.12959401,0.33231023,0.7116457
62320000,-0.04273583,-0.067348495,-4.8205843,0.12928109,0.33139986,0.71607
62328000,-0.041805483,-0.06588563,-4.814459,0.12890138,0.33043635,0.7200853
62336000,-0.040871166,-0.06440068,-4.808311,0.12849918,0.3294533,0.7237233
62344000,-0.039954353,-0.06299579,-4.8021164,0.12810963,0.328322,0.7268596
62352000,-0.03903352,-0.061569046,-4.7959075,0.12767528,0.32713193,0.72956705
62360000,-0.038108893,-0.060122397,-4.7896867,0.12729236,0.32579222,0.73195994
62368000,-0.037180632,-0.05865679,-4.7834563,0.12684982,0.32444268,0.7340186
62376000,-0.036249626,-0.05717335,-4.7772193,0.126304,0.32300517,0.7357064
62384000,-0.035346095,-0.055787407,-4.770969,0.12574366,0.3213919,0.7370424
62392000,-0.034440108,-0.054384463,-4.7647176,0.12515517,0.31966576,0.73802024
62400000,-0.033531774,-0.05296573,-4.758467,0.1245365,0.31785923,0.73867774
62408000,-0.032621533,-0.051533002,-4.7522206,0.1239692,0.31592035,0.7390323
62416000,-0.031739254,-0.05018609,-4.7459764,0.12331448,0.31376415,0.7391103
62424000,-0.03085539,-0.048826665,-4.7397404,0.12261346,0.3115301,0.7388729
62432000,-0.02997074,-0.047456145,-4.733543,0.121822305,0.30921203,0.7383231
62440000,-0.029085597,-0.046075802,-4.727358,0.12105746,0.30677345,0.73748064
62448000,-0.0282294,-0.044793453,-4.721195,0.12017456,0.30414987,0.7363293
62456000,-0.02737316,-0.043502666,-4.7150483,0.11930047,0.30140415,0.7348712
62464000,-0.02651736,-0.042204455,-4.70892,0.11836703,0.2986588,0.73309505
62472000,-0.025661413,-0.040899836,-4.7028127,0.11743651,0.29579413,0.7311862
62480000,-0.024831563,-0.039700113,-4.6967616,0.11644215,0.29277253,0.7289286
62488000,-0.024002835,-0.038494624,-4.6907344,0.11543802,0.2897356,0.72637177
62496000,-0.023175698,-0.037284173,-4.6847334,0.114357084,0.28667417,0.72346145
62504000,-0.022350594,-0.036070023,-4.6787605,0.113296084,0.28350627,0.72034824
62512000,-0.021552736,-0.034956172,-4.672853,0.11217855,0.2801956,0.7169664
62520000,-0.02075709,-0.033838794,-4.6669765,0.11104063,0.27693304,0.7133271
62528000,-0.019963956,-0.032718603,-4.661161,0.10987113,0.27363944,0.70939344
62536000,-0.019174047,-0.031596325,-4.6553802,0.10861269,0.2703483,0.7052021
62544000,-0.018401248,-0.030583013,-4.649688,0.10735834,0.26690683,0.7008725
62552000,-0.01763187,-0.029567558,-4.644031,0.10611171,0.2634538,0.696521
62560000,-0.016866295,-0.02855043,-4.6384096,0.10480881,0.26005515,0.692261
62568000,-0.016105017,-0.027531916,-4.632823,0.10348964,0.25667214,0.68820405
62576000,-0.015362488,-0.026618436,-4.6273265,0.10214289,0.25326693,0.68424726
62584000,-0.014624584,-0.025702447,-4.621861,0.10076639,0.24987552,0.68045753
62592000,-0.013891562,-0.02478453,-4.616425,0.09937818,0.24651329,0.67677414
62600000,-0.013163766,-0.02386476,-4.611017,0.09797303,0.24325487,0.6733059
62608000,-0.012461056,-0.023058742,-4.6056952,0.096570134,0.23992367,0.6700449
62616000,-0.011763525,-0.02224934,-4.600396,0.09513897,0.236659,0.6670694
62624000,-0.01107129,-0.021436777,-4.595119,0.09372754,0.23346335,0.66417336
62632000,-0.0103845,-0.020620918,-4.5898647,0.092300065,0.23036408,0.6614365
62640000,-0.009703414,-0.019801864,-4.58463,0.09084037,0.22733572,0.6589034
62648000,-0.009052274,-0.019096015,-4.579466,0.08934074,0.22436133,0.6565548
62656000,-0.008407097,-0.018384295,-4.574317,0.08785794,0.2214838,0.65435356
62664000,-0.0077677146,-0.017666584,-4.5691824,0.08638808,0.21870829,0.6523004
62672000,-0.007134461,-0.016943177,-4.564061,0.084918626,0.2159431,0.6503755
62680000,-0.0065296236,-0.0163292,-4.5589924,0.08348465,0.21323359,0.6486253
62688000,-0.0059301765,-0.015707,-4.5539336,0.08205314,0.21063913,0.64699703
62696000,-0.0053363936,-0.015076723,-4.548884,0.08062982,0.20811728,0.6455759
62704000,-0.004748048,-0.014437929,-4.543842,0.07925316,0.20573679,0.64421535
62712000,-0.0041867024,-0.013916142,-4.5388427,0.077872284,0.20335571,0.6429558
62720000,-0.0036302784,-0.01338339,-4.533849,0.076550856,0.2010642,0.64185005
62728000,-0.0030785582,-0.012839812,-4.528872,0.07525091,0.19883433,0.6408729
62736000,-0.0025314856,-0.0122851115,-4.5238986,0.07396984,0.19676526,0.63998324
62744000,-0.0020197267,-0.011850311,-4.518956,0.072728224,0.1946815,0.6391695
62752000,-0.0015083282,-0.011401771,-4.5140166,0.07154171,0.1927386,0.6384029
62760000,-0.0010004544,-0.010938867,-4.509078,0.07037549,0.19093226,0.6377869
62768000,-0.00049616967,-0.010461388,-4.50414,0.06922577,0.18922095,0.63726366
62776000,-1.425436e-05,-0.010093596,-4.499225,0.06809462,0.1874719,0.6368738
62784000,0.00046467647,-0.009708971,-4.49433,0.066993475,0.18588127,0.63649553
62792000,0.00094052905,-0.009307198,-4.4894333,0.06592603,0.18439996,0.63612443
62800000,0.0014138698,-0.008888056,-4.4845343,0.06496215,0.18300034,0.63591146
62808000,0.0018605164,-0.008569513,-4.479656,0.06401268,0.18161204,0.63563687
62816000,0.002305651,-0.008231431,-4.4747744,0.06310897,0.18035924,0.63552076
62824000,0.0027520505,-0.0078740455,-4.4698887,0.062244285,0.17908233,0.635387
62832000,0.0031971976,-0.007497833,-4.464999,0.061397105,0.17791045,0.63536376
62840000,0.003618306,-0.00721748,-4.460131,0.060530692,0.17676398,0.6353889
62848000,0.0040385844,-0.0069156582,-4.455258,0.059748765,0.17572404,0.6355052
62856000,0.004458166,-0.0065924535,-4.4503775,0.058971897,0.17473187,0.6357164
62864000,0.004877155,-0.0062483223,-4.4454913,0.05822598,0.17379901,0.63584405
62872000,0.0052796095,-0.0059911935,-4.4406233,0.057422034,0.17295541,0.63604134
62880000,0.005681424,-0.005710896,-4.4357643,0.05669221,0.17210901,0.63629514
62888000,0.0060847374,-0.005407923,-4.430897,0.055971373,0.17137335,0.6366342
62896000,0.0064878915,-0.005081997,-4.426021,0.055326477,0.17070657,0.6370767
62904000,0.0068907146,-0.004733262,-4.4211364,0.05465907,0.170071,0.637452
62912000,0.0072922753,-0.004461747,-4.4162703,0.054062214,0.16943865,0.63779044
62920000,0.007693977,-0.004165959,-4.4113955,0.053494066,0.16889206,0.6381768
62928000,0.008095832,-0.0038462076,-4.406512,0.052917507,0.16835587,0.6387176
62936000,0.008497584,-0.0035024078,-4.401617,0.05236405,0.16795227,0.6392943
62944000,0.008902235,-0.0032335538,-4.396732,0.05185891,0.16750725,0.6397512
62952000,0.009306627,-0.0029393088,-4.391837,0.051251967,0.16710126,0.64022994
62960000,0.00971185,-0.0026202563,-4.3869324,0.05070805,0.16675402,0.6407994
62968000,0.010117007,-0.002276191,-4.3820176,0.050241403,0.16647983,0.6414807
62976000,0.0105156945,-0.002002463,-4.3771043,0.049778774,0.16619873,0.6421558
62984000,0.010914618,-0.001702269,-4.3721805,0.04929453,0.16595422,0.64267725
62992000,0.011313564,-0.0013763368,-4.367247,0.04884546,0.16570753,0.6431782
63000000,0.011712642,-0.0010248817,-4.3623037,0.048364323,0.16550188,0.64385337
63008000,0.012095037,-0.0007446597,-4.357365,0.047879472,0.16531992,0.64453924
63016000,0.012477504,-0.0004373487,-4.352415,0.047414094,0.16519482,0.64523375
63024000,0.0128603615,-0.00010337701,-4.3474545,0.04701692,0.16507752,0.6458389
63032000,0.01324462,0.00025619767,-4.342513,0.04664794,0.16492327,0.6464633
63040000,0.013612743,0.00055674516,-4.33757,0.046280313,0.16482195,0.6471366
63048000,0.013981871,0.00088452536,-4.332616,0.045911457,0.16474968,0.6478941
63056000,0.014351638,0.0012388746,-4.3276496,0.04546135,0.16467984,0.6486386
63064000,0.0147214215,0.0016195618,-4.322672,0.045020916,0.16470678,0.6493316
63072000,0.01508333,0.001951565,-4.3176894,0.044632923,0.16470017,0.65000635
63080000,0.015445784,0.0023108742,-4.3127174,0.044238947,0.16476084,0.65073174
63088000,0.015808998,0.0026972743,-4.307733,0.04388053,0.16483086,0.65155756
63096000,0.01617285,0.003110232,-4.3027363,0.043530058,0.16494118,0.6524147
63104000,0.016534414,0.0034717296,-4.2977314,0.04318503,0.16506363,0.6531234
63112000,0.016896797,0.0038609058,-4.2927155,0.042874422,0.16520874,0.6537824
63120000,0.017260099,0.004277088,-4.2876883,0.042561483,0.16531546,0.6545743
63128000,0.01762399,0.004719615,-4.282649,0.042214464,0.16545929,0.6553819
63136000,0.01799117,0.0051015285,-4.2776203,0.0418892,0.16562404,0.6561873
63144000,0.018358927,0.005511141,-4.2725797,0.04160647,0.16579999,0.6569019
63152000,0.01872751,0.0059481324,-4.267528,0.04133088,0.1660362,0.6576016
63160000,0.019096773,0.0064118807,-4.262465,0.04106369,0.16622023,0.6583539
63168000,0.019466663,0.006901398,-4.257391,0.040773403,0.1663814,0.65911853
63176000,0.019825554,0.0073444694,-4.252327,0.04051477,0.16655046,0.6599242
63184000,0.02018521,0.007814431,-4.247252,0.04021888,0.16680185,0.6606024
63192000,0.02054571,0.008311094,-4.2421656,0.039986458,0.16706261,0.6612936
63200000,0.020906698,0.008833918,-4.2370687,0.039655793,0.16733904,0.66201174
63208000,0.021261286,0.009312112,-4.231977,0.039407216,0.1675538,0.66275364
63216000,0.021616716,0.009816865,-4.2268744,0.039140858,0.16780846,0.66349095
63224000,0.021973068,0.010347885,-4.2217607,0.038931835,0.1680838,0.6641768
63232000,0.022330511,0.010904628,-4.2166624,0.0387358,0.16837788,0.664806
63240000,0.02268032,0.0114165,-4.2115693,0.03841831,0.16862889,0.6654508
63248000,0.023030391,0.011954582,-4.206465,0.038112722,0.1688763,0.66616565
63256000,0.023380855,0.012518397,-4.201349,0.037830453,0.16915268,0.66686505
63264000,0.023731774,0.013107386,-4.196222,0.03754333,0.16941302,0.66746753
63272000,0.024072377,0.013654455,-4.191108,0.037319526,0.16967918,0.6681212
63280000,0.024413958,0.014227515,-4.1859856,0.037051886,0.16999856,0.6687778
63288000,0.02475613,0.014826265,-4.1808515,0.036777403,0.17033058,0.66951394
63296000,0.025098745,0.015450302,-4.1757054,0.03650009,0.17068341,0.6702424
63304000,0.025419896,0.016030256,-4.170571,0.036224224,0.17095761,0.6708368
63312000,0.02574164,0.016635213,-4.1654263,0.0359486,0.17120254,0.67141557
63320000,0.026064202,0.017265137,-4.16027,0.0356592,0.17152525,0.6720694
63328000,0.026387332,0.017919637,-4.155116,0.035370696,0.1718249,0.6727681
63336000,0.026695736,0.018524874,-4.14997,0.03513416,0.17210133,0.6734105
63344000,0.027005328,0.019155072,-4.144813,0.034856025,0.17235567,0.67395335
63352000,0.027315859,0.019809801,-4.1396456,0.034610454,0.17263375,0.67451096
63360000,0.027627429,0.020488534,-4.1344676,0.034358628,0.17292076,0.6750897
63368000,0.027924264,0.021117987,-4.1293025,0.03405512,0.17316593,0.67577094
63376000,0.028221931,0.02177187,-4.124126,0.03376322,0.17341433,0.67643315
63384000,0.028520152,0.022449614,-4.118946,0.033484023,0.17365398,0.67701656
63392000,0.028819112,0.023151103,-4.1137547,0.033180945,0.17396125,0.6775934
63400000,0.029107194,0.023814559,-4.108577,0.032937862,0.17417438,0.6782314
63408000,0.029396363,0.024501663,-4.103387,0.032646097,0.1743671,0.67892146
63416000,0.029686285,0.02521185,-4.0981855,0.032352738,0.17459168,0.6795308
63424000,0.029976806,0.025944993,-4.092973,0.032064717,0.17482924,0.68003553
63432000,0.030268094,0.026700528,-4.0877786,0.031812273,0.1750749,0.6806277
63440000,0.030544106,0.02739632,-4.0825906,0.03152094,0.17531323,0.68117684
63448000,0.030820608,0.028115263,-4.0773916,0.031220946,0.17551717,0.6817412
63456000,0.0310976,0.02885705,-4.072181,0.030902585,0.17576967,0.682417
63464000,0.031375498,0.029621242,-4.066959,0.030692682,0.17599528,0.68297815
63476000,0.031646274,0.03032287,-4.0617466,0.030433247,0.17615415,0.6834617
63480000,0.031917963,0.031047259,-4.056534,0.030158613,0.17629887,0.6840387
63488000,0.032190256,0.031793877,-4.05131,0.029888898,0.17645238,0.68466383
63496000,0.032463185,0.032562308,-4.0460744,0.02960385,0.1766417,0.6852941
63504000,0.03272661,0.033268437,-4.040844,0.029326504,0.17677614,0.68588084
63512000,0.03299057,0.03399699,-4.035603,0.029028619,0.1768517,0.68640894
63520000,0.033254754,0.03474713,-4.0303507,0.028729005,0.1769618,0.68699396
63528000,0.033519268,0.03551872,-4.0250874,0.028424602,0.17706314,0.68759453
63536000,0.033783052,0.036240935,-4.0198174,0.028120903,0.17717709,0.68816966
63544000,0.03404728,0.03698541,-4.014537,0.02786584,0.17726654,0.68867445
63552000,0.034312047,0.037751243,-4.009247,0.027631601,0.17734766,0.68916535
63560000,0.034577377,0.038538083,-4.003947,0.027394231,0.17744152,0.68963116
63568000,0.034838215,0.039292928,-3.9986444,0.027088033,0.17757386,0.6902119
63576000,0.03509915,0.0400693,-3.993331,0.02683115,0.17765781,0.6908604
63584000,0.03536041,0.040866584,-3.9880075,0.02659015,0.17776546,0.69132835
63592000,0.035622012,0.04168409,-3.982675,0.026363144,0.17785142,0.6918377
63600000,0.03586903,0.04246833,-3.9773426,0.026057247,0.17792185,0.6922899
63608000,0.036115963,0.043272976,-3.972001,0.025726723,0.17794773,0.6927343
63616000,0.036362603,0.044097353,-3.966651,0.025400585,0.17796798,0.6932332
63624000,0.036608975,0.04494122,-3.9612918,0.025090532,0.17804363,0.69369566
63632000,0.036841065,0.04576065,-3.955944,0.024814146,0.17806756,0.6940295
63640000,0.037073378,0.04659958,-3.9505882,0.02455501,0.17809506,0.6944513
63648000,0.037305668,0.047457736,-3.9452233,0.02419483,0.17815065,0.69492453
63656000,0.03753738,0.04833453,-3.9398499,0.023876835,0.17816195,0.6954067
63664000,0.037757892,0.049171895,-3.934475,0.023502907,0.17812216,0.6957318
63672000,0.03797792,0.050027784,-3.929093,0.023181641,0.17806154,0.6960063
63680000,0.038197875,0.05090175,-3.923717,0.02289939,0.1780156,0.6963212
63688000,0.03841756,0.051793236,-3.918333,0.022582352,0.17795075,0.6966951
63696000,0.038636982,0.052702412,-3.9129405,0.022276679,0.17799324,0.6971946
63704000,0.038848385,0.053579766,-3.907548,0.0220016,0.1779375,0.6975115
63712000,0.03905983,0.054474693,-3.9021492,0.021763254,0.17789014,0.6977831
63720000,0.039271284,0.055387095,-3.8967423,0.021468041,0.17785674,0.6981352
63728000,0.039482106,0.05631604,-3.8913288,0.021108814,0.17778757,0.6985246
63736000,0.039684787,0.057213876,-3.8859167,0.020785272,0.1777078,0.6989247
63744000,0.039887033,0.058128923,-3.880498,0.020486455,0.1776506,0.6992084
63752000,0.040088613,0.05906059,-3.8750725,0.020137234,0.177584,0.6994885
63760000,0.04028953,0.06000845,-3.8696404,0.019852636,0.17747475,0.69971424
63768000,0.0404818,0.060926434,-3.864212,0.01953827,0.17735302,0.69997585
63776000,0.040673282,0.061860856,-3.858777,0.01921121,0.17727198,0.70030624
63784000,0.04086433,0.062811494,-3.8533368,0.018924264,0.17721541,0.70058876
63792000,0.04105458,0.06377804,-3.8478904,0.01855066,0.17713997,0.7008537
63800000,0.041226275,0.06472327,-3.8424392,0.018208278,0.17703049,0.70114166
63808000,0.041397568,0.06568438,-3.8369813,0.01787357,0.17693508,0.7014992
63816000,0.041568108,0.066660754,-3.8315167,0.01753852,0.17680642,0.70192516
63824000,0.041738313,0.067652024,-3.826045,0.017248806,0.17672291,0.70220876
63832000,0.04190443,0.06862114,-3.8205695,0.016950095,0.17662215,0.702459
63840000,0.04206992,0.06960572,-3.8150883,0.016596248,0.17656162,0.7027223
63848000,0.042234477,0.07060526,-3.809601,0.0162314,0.17642963,0.7030907
63856000,0.0423982,0.07161897,-3.804107,0.015922464,0.1763002,0.70351106
63864000,0.04256378,0.07261239,-3.7986078,0.01564259,0.17618065,0.70369893
63872000,0.042729013,0.073619895,-3.7931044,0.0153322555,0.17598094,0.70388263
63880000,0.042893294,0.07464091,-3.7875957,0.015007238,0.17578109,0.70416045
63888000,0.043056633,0.0756754,-3.7820816,0.014663438,0.17564785,0.70441127
63896000,0.043217517,0.076687925,-3.7765722,0.014365138,0.17545876,0.70463
63904000,0.04337731,0.077713706,-3.771058,0.014007083,0.1752022,0.7047647
63912000,0.04353594,0.07875215,-3.7655401,0.013673051,0.17497832,0.70485073
63920000,0.043693393,0.07980334,-3.760018,0.013341888,0.17480516,0.7049618
63928000,0.043848366,0.0808365,-3.7545063,0.013039555,0.1746059,0.70522594
63936000,0.044002306,0.08188238,-3.7489893,0.0127194505,0.17433879,0.7054515
63944000,0.044155292,0.08294001,-3.7434676,0.012360179,0.17408045,0.70557576
63952000,0.044306826,0.08400961,-3.7379417,0.012035435,0.17385577,0.7056792
63960000,0.04445712,0.08509095,-3.7324119,0.011700626,0.17367534,0.7058493
63968000,0.044598293,0.086142324,-3.7268887,0.011378766,0.173434,0.70604306
63976000,0.04473833,0.0872055,-3.7213607,0.011057096,0.17314266,0.7062872
63984000,0.044877093,0.088279866,-3.7158308,0.010723086,0.1728641,0.70640785
63992000,0.045014642,0.08936528,-3.7102966,0.010407007,0.17260006,0.7065034
64000000,0.045154367,0.090435036,-3.704773,0.010119327,0.17233227,0.70659864
64008000,0.045293517,0.091515824,-3.6992447,0.009852401,0.17204353,0.70677644
64016000,0.045431588,0.09260714,-3.6937115,0.009551873,0.17173551,0.7069987
64024000,0.045568243,0.09370886,-3.6881733,0.009206675,0.17146282,0.7071672
64032000,0.045727134,0.094805986,-3.6826456,0.008998428,0.17112136,0.70729107
64040000,0.04588487,0.095913015,-3.6771133,0.008754482,0.1708128,0.7074093
64048000,0.04604106,0.09702995,-3.671577,0.008457629,0.17054428,0.70751196
64056000,0.046195574,0.098156296,-3.6660357,0.008210727,0.17019658,0.7077198
64064000,0.04637584,0.099286385,-3.660499,0.007979113,0.16991116,0.7077511
64072000,0.046554223,0.10042575,-3.6549587,0.0077506253,0.16959777,0.70786285
64080000,0.04673114,0.1015735,-3.6494143,0.0074945525,0.1692329,0.7079099
64088000,0.046906095,0.10272959,-3.643866,0.0072749997,0.16889676,0.7080552
64096000,0.04711124,0.10387499,-3.6383283,0.007101154,0.1685152,0.7082208
64104000,0.04731429,0.1050285,-3.6327865,0.0069240713,0.16818067,0.70826054
64112000,0.047515083,0.10619015,-3.627241,0.006732881,0.16785388,0.70828366
64120000,0.04771375,0.10735944,-3.6216915,0.0065476587,0.16745365,0.708374
64128000,0.04792976,0.10850278,-3.616177,0.00632068,0.16711223,0.70848733
64136000,0.048142742,0.109654084,-3.6106572,0.0060779504,0.1667386,0.7086629
64144000,0.04835297,0.1108133,-3.605132,0.005865812,0.16642992,0.708721
64152000,0.048560888,0.111979835,-3.599603,0.005618783,0.1660052,0.70876276
64160000,0.048788775,0.11311921,-3.5940728,0.005407025,0.16558093,0.7088895
64168000,0.049013574,0.11426594,-3.588538,0.0052111046,0.16515204,0.70902115
64176000,0.049235422,0.115419365,-3.5829983,0.0050405683,0.1646663,0.70918554
64184000,0.049454357,0.11657893,-3.5774598,0.0048244083,0.16418917,0.7092118
64192000,0.049691066,0.117708385,-3.5719268,0.0046501723,0.16370097,0.7092392
64200000,0.04992482,0.11884437,-3.5663893,0.004526685,0.1631923,0.70930094
64208000,0.05015572,0.11998631,-3.5608475,0.0043546436,0.16262259,0.7094148
64216000,0.050383378,0.12113384,-3.555301,0.004159944,0.16212288,0.70952004
64224000,0.050608736,0.122286886,-3.5497503,0.0039946577,0.16154785,0.7095419
64232000,0.05084054,0.1234015,-3.5442085,0.0038143701,0.1609421,0.70956767
64240000,0.051069256,0.12452166,-3.5386627,0.0036719798,0.16035424,0.7096306
64248000,0.05129475,0.12564707,-3.533112,0.0034521369,0.15978004,0.7097773
64256000,0.0515167,0.12677746,-3.527557,0.003244658,0.15917248,0.70991355
64264000,0.051724836,0.1278667,-3.5220098,0.003067433,0.15856735,0.70992297
64272000,0.051930055,0.1289614,-3.5164592,0.0028741686,0.15797201,0.7098833
64280000,0.052132223,0.13006116,-3.5109065,0.0026699558,0.15732288,0.70994216
64288000,0.052332144,0.13116546,-3.5053494,0.0024728884,0.15669161,0.71006984
64296000,0.05252953,0.13222967,-3.4998052,0.0023108295,0.15612896,0.7102403
64304000,0.052724384,0.1332995,-3.4942565,0.00218166,0.1554926,0.71022725
64312000,0.052916314,0.13437386,-3.4887044,0.0019646476,0.1547837,0.7102411
64320000,0.053105395,0.13545264,-3.483148,0.0018062766,0.15414281,0.71029776
64328000,0.053300813,0.13648163,-3.4776273,0.0016076564,0.15348813,0.7104339
64336000,0.053492982,0.13751592,-3.4721007,0.0014051697,0.15282029,0.71055233
64344000,0.05368183,0.13855478,-3.4665694,0.0011705614,0.15210104,0.71058846
64352000,0.05386747,0.13959791,-3.4610333,0.001007573,0.15136386,0.71059775
64364000,0.05406058,0.14059275,-3.455513,0.00082591316,0.15061264,0.7106014
64372000,0.054250304,0.1415924,-3.4499876,0.00062777346,0.14984725,0.71068555
64380000,0.054436654,0.14259595,-3.4444575,0.0004388376,0.14903279,0.7107463
64388000,0.054619923,0.14360294,-3.4389222,0.00029809543,0.1482129,0.71080065
64396000,0.054822464,0.14456357,-3.4333987,0.00017074632,0.14737734,0.71087426
64404000,0.055021342,0.14552815,-3.4278693,-3.0171257e-05,0.14653414,0.71110463
64412000,0.0552167,0.14649616,-3.4223342,-0.00017655047,0.1456435,0.7111693
64420000,0.055408284,0.14746732,-3.4167938,-0.000441165,0.14480314,0.7113199
64428000,0.055595834,0.14844178,-3.4112482,-0.0006077589,0.14399913,0.7114954
64436000,0.055805475,0.149377,-3.4057293,-0.00080408563,0.14312047,0.7117185
64444000,0.05601108,0.15031545,-3.4002037,-0.0009372437,0.14222582,0.71185017
64452000,0.05621271,0.15125674,-3.394673,-0.0011473752,0.141319,0.7118615
64460000,0.05645199,0.15216656,-3.3891456,-0.001307871,0.14041187,0.71194685
64468000,0.056686632,0.15307964,-3.3836124,-0.0014626213,0.13953899,0.712013
64476000,0.056916684,0.15399574,-3.378074,-0.0016202444,0.1386484,0.71221936
64484000,0.05714217,0.1549141,-3.3725433,-0.0017764261,0.13768297,0.71236855
64492000,0.0573633,0.15583424,-3.3670075,-0.0019332725,0.13674186,0.7124247
64500000,0.057613418,0.1567189,-3.361479,-0.0020526913,0.13580519,0.71253645
64508000,0.05786011,0.1576057,-3.355945,-0.0021502348,0.13479373,0.71268106
64516000,0.05810201,0.15849419,-3.350405,-0.0023229953,0.13381368,0.71285576
64524000,0.05833897,0.15938444,-3.3448591,-0.0024846853,0.13290796,0.7129842
64536000,0.058605514,0.16024962,-3.3393323,-0.0026123864,0.1319744,0.71301943
64544000,0.0588667,0.1611167,-3.3338003,-0.0027748381,0.1309999,0.7131193
64552000,0.059122544,0.1619853,-3.328262,-0.0029243976,0.13002248,0.7132867
64560000,0.05937334,0.16285506,-3.322718,-0.003022505,0.12903737,0.713471
64572000,0.05964371,0.16370621,-3.3171813,-0.0030793792,0.12806474,0.7137822
64576000,0.05991038,0.16455862,-3.311638,-0.0031589963,0.12705827,0.713982
64584000,0.060171872,0.16541196,-3.306088,-0.0032999702,0.12606856,0.7142642
64592000,0.060428154,0.16626607,-3.3005362,-0.0034274934,0.12508078,0.714603
64600000,0.060702115,0.1670835,-3.2949886,-0.003583559,0.12408682,0.7149631
64608000,0.06097043,0.16790213,-3.2894337,-0.0037281967,0.12308578,0.71523666
64616000,0.061233032,0.16872168,-3.2838724,-0.003895282,0.12209065,0.7154567
64624000,0.061490227,0.1695417,-3.2783048,-0.004009137,0.121035844,0.71562755
64632000,0.061755575,0.1703192,-3.272745,-0.0042041256,0.11993068,0.7157091
64640000,0.06201505,0.17109741,-3.2672088,-0.004341659,0.11890757,0.71578205
64648000,0.062270373,0.17187655,-3.2616668,-0.0044831717,0.117871426,0.71591234
64656000,0.06252011,0.17265595,-3.2561185,-0.004663083,0.11680175,0.7160081
64664000,0.062774025,0.17339607,-3.2505698,-0.0048160967,0.11574477,0.7161426
64672000,0.063022554,0.17413697,-3.2450154,-0.0049265376,0.1146647,0.71622616
64680000,0.063265674,0.17487852,-3.2394557,-0.0050778245,0.11366613,0.71623284
64688000,0.06350325,0.17562078,-3.2338955,-0.0052633686,0.11262293,0.7162223
64696000,0.06374005,0.17632307,-3.2283347,-0.0054278015,0.11151454,0.71637714
64704000,0.0639712,0.17702565,-3.2227678,-0.0056187357,0.11038543,0.7164522
64712000,0.064196706,0.17772856,-3.2171965,-0.0057959226,0.109329626,0.7164078
64724000,0.06441821,0.17843194,-3.2116208,-0.0059424653,0.108248584,0.7164061
64732000,0.064653195,0.17908794,-3.2060478,-0.0060835117,0.10715064,0.7164898
64740000,0.064882375,0.17974447,-3.2004771,-0.0062877834,0.10601334,0.71665597
64748000,0.06510544,0.1804011,-3.1949003,-0.006520822,0.10487521,0.7168688
64756000,0.06532239,0.18105781,-3.1893177,-0.0067365346,0.10378502,0.71700364
64764000,0.065533325,0.18171473,-3.1837292,-0.0070138597,0.102729015,0.7172325
64772000,0.065755285,0.18233907,-3.1781473,-0.0072970316,0.10165874,0.7174616
64780000,0.06597079,0.18296398,-3.17256,-0.007532959,0.100587316,0.71758413
64788000,0.06617999,0.18358913,-3.1669674,-0.0077755605,0.099504,0.7177176
64796000,0.06638438,0.18421425,-3.1613696,-0.008012694,0.098390944,0.7179714
64804000,0.06659319,0.18479775,-3.155764,-0.00829163,0.09724563,0.7181762
64812000,0.066795155,0.18538131,-3.1501534,-0.008598328,0.09612936,0.7182881
64820000,0.06699037,0.18596482,-3.1445382,-0.008883326,0.0949892,0.7183945
64828000,0.06717896,0.18654817,-3.138918,-0.00917995,0.09390263,0.7185012
64836000,0.06736347,0.18709156,-3.1332848,-0.009418202,0.09280938,0.71868026
64844000,0.06754182,0.1876354,-3.127647,-0.009672887,0.091692686,0.71882653
64852000,0.0677141,0.1881795,-3.1220045,-0.009909263,0.09063056,0.7189306
64860000,0.0678816,0.18872374,-3.116358,-0.010220126,0.08950949,0.71907824
64868000,0.06805631,0.1892342,-3.1107013,-0.010547337,0.088416025,0.719229
64876000,0.06823507,0.189663,-3.105062,-0.010814176,0.087222755,0.7193551
64884000,0.06840473,0.19011214,-3.0994134,-0.011130294,0.08607714,0.7194925
64892000,0.06856606,0.19057684,-3.0937572,-0.011375345,0.08494467,0.71949613
64900000,0.06874741,0.19102348,-3.0880935,-0.011648814,0.08378557,0.71938384
64908000,0.0689202,0.19147968,-3.0824256,-0.011934454,0.08266184,0.7193328
64916000,0.06908528,0.1919431,-3.076753,-0.01215489,0.08152389,0.71939707
64924000,0.06924325,0.1924118,-3.071076,-0.012363899,0.080425106,0.71945566
64932000,0.06940346,0.19287202,-3.0653977,-0.012640896,0.07928879,0.7194228
64940000,0.06955634,0.19333513,-3.0597217,-0.012939634,0.078195356,0.7193235
64948000,0.06970196,0.19380054,-3.054043,-0.013236288,0.077154934,0.71925914
64956000,0.0698405,0.19426769,-3.0483618,-0.01354857,0.076122075,0.71924645
64964000,0.06997792,0.19472945,-3.0426912,-0.013873275,0.07504419,0.7192476
64972000,0.07010837,0.19519159,-3.0370178,-0.014173176,0.0740007,0.7192069
64980000,0.07023203,0.19565384,-3.0313416,-0.014486628,0.072965644,0.71918297
64988000,0.07034925,0.1961159,-3.0256705,-0.014741971,0.071938574,0.71917045
64996000,0.07046445,0.19657788,-3.0200205,-0.015018228,0.07091939,0.71913457
65004000,0.070573546,0.19703919,-3.0143669,-0.015252197,0.06992921,0.719202
65012000,0.070676416,0.19749954,-3.00871,-0.015587357,0.068909325,0.7191626
65020000,0.07077238,0.19795872,-3.0030499,-0.015991762,0.067918465,0.7191429
65028000,0.07088232,0.19842048,-2.9974213,-0.016246649,0.06694806,0.7190893
65036000,0.07098572,0.19888072,-2.991789,-0.016596422,0.065938726,0.719043
65044000,0.07108231,0.19933917,-2.9861536,-0.016904123,0.06495786,0.7190108
65052000,0.07117267,0.19979616,-2.9805148,-0.01719948,0.0640493,0.71890056
65060000,0.071273446,0.20023839,-2.9749112,-0.017530356,0.063103996,0.71875656
65072000,0.07136928,0.20067933,-2.969304,-0.017776622,0.062185146,0.71864986
65076000,0.071458854,0.2011186,-2.9636936,-0.018063981,0.061211206,0.7185664
65084000,0.071542144,0.20155615,-2.9580796,-0.01835472,0.060311854,0.71850413
65092000,0.071639225,0.20198269,-2.952497,-0.018648107,0.05939578,0.7184903
65100000,0.07172961,0.20240754,-2.9469097,-0.018942265,0.058455393,0.718514
65108000,0.07181365,0.20283073,-2.9413178,-0.019207606,0.05758051,0.7184511
65116000,0.071891285,0.20325226,-2.9357219,-0.01949299,0.05668437,0.7184096
65124000,0.07197854,0.20367107,-2.9301634,-0.019802548,0.05578503,0.71839166
65132000,0.072059095,0.20408796,-2.9245996,-0.02006536,0.054907694,0.71825093
65140000,0.072134815,0.20450275,-2.9190328,-0.02034609,0.05396555,0.7180325
65148000,0.0722041,0.20491506,-2.9134622,-0.020625506,0.053047106,0.71788675
65156000,0.07226703,0.20532498,-2.907887,-0.02093007,0.05217558,0.7178805
65164000,0.07235585,0.20573269,-2.9023414,-0.021149546,0.051282577,0.717857
65172000,0.07243805,0.20613793,-2.8967907,-0.02144138,0.050417695,0.7177491
65180000,0.07251337,0.20654088,-2.8912356,-0.0217359,0.04956888,0.7175801
65188000,0.07258192,0.20694141,-2.8856795,-0.022011371,0.048742373,0.7174998
65196000,0.07266889,0.20732526,-2.8801458,-0.022202581,0.047937818,0.7173781
65204000,0.07274927,0.20770688,-2.8746068,-0.022469014,0.04707232,0.71731037
65212000,0.07282417,0.20808597,-2.8690634,-0.022762755,0.04620908,0.71716213
65220000,0.072892085,0.20846236,-2.8635156,-0.023064079,0.04533843,0.71704674
65228000,0.072979026,0.20881505,-2.857979,-0.023344219,0.04447273,0.71693045
65236000,0.073058784,0.20916511,-2.852438,-0.023615085,0.043600105,0.7168371
65244000,0.07313165,0.20951268,-2.8468919,-0.023832286,0.04274189,0.7168336
65252000,0.07319821,0.20985767,-2.8413405,-0.024001922,0.041891668,0.7167257
65260000,0.073276706,0.21018942,-2.8357987,-0.02421652,0.041047063,0.716634
65268000,0.07334826,0.21051867,-2.8302522,-0.024468517,0.040217727,0.7165881
65276000,0.07341422,0.21084541,-2.8247006,-0.02476345,0.039362356,0.7166045
65284000,0.07347303,0.21116956,-2.8191433,-0.025044138,0.03857391,0.71667653
65292000,0.07355528,0.21148331,-2.8136058,-0.025276411,0.037721608,0.7166018
65300000,0.07363024,0.21179435,-2.8080635,-0.025543315,0.036922045,0.7165425
65308000,0.07369801,0.21210296,-2.8025162,-0.025757678,0.036143217,0.71647674
65316000,0.07375902,0.21240892,-2.796964,-0.0259919,0.035317868,0.71646816
65324000,0.073863916,0.21269237,-2.7914126,-0.026144741,0.03452159,0.7164772
65332000,0.073961556,0.21297328,-2.785856,-0.026315603,0.033670526,0.7164505
65340000,0.074052185,0.21325114,-2.7803023,-0.026457673,0.032834258,0.71642
65348000,0.07413703,0.2135264,-2.7747438,-0.026698608,0.032025494,0.71639496
65356000,0.07425989,0.2137797,-2.7691817,-0.026846472,0.031222142,0.7164502
65364000,0.07437486,0.21403033,-2.7636142,-0.027047131,0.030345125,0.71655303
65372000,0.074482106,0.21427798,-2.7580416,-0.027233796,0.029522547,0.71645856
65380000,0.07458177,0.21452305,-2.7524655,-0.027383931,0.02875941,0.71640676
65388000,0.0747165,0.21474293,-2.7468758,-0.027520973,0.027955627,0.7164339
65396000,0.07484336,0.21496046,-2.7412817,-0.027664011,0.027156891,0.7164874
65404000,0.07496243,0.21517533,-2.735683,-0.027813984,0.026299048,0.7165715
65412000,0.0750735,0.21538733,-2.7300801,-0.028047593,0.025489891,0.7165452
65420000,0.075177975,0.21559705,-2.7244735,-0.028241547,0.024779921,0.7165412
65428000,0.07531397,0.21579348,-2.718858,-0.028360117,0.024006208,0.7165725
65436000,0.075442076,0.21598755,-2.713239,-0.028507555,0.023258096,0.71660644
65444000,0.07556202,0.21617928,-2.7076159,-0.028695382,0.02247048,0.7166768
65452000,0.075673975,0.21636805,-2.7019892,-0.028874693,0.021638336,0.71661496
65460000,0.07580547,0.21653944,-2.6963623,-0.028998794,0.020841928,0.7165856
65468000,0.07592903,0.21670805,-2.690732,-0.029137827,0.020019108,0.7165871
65476000,0.07604495,0.21687397,-2.6850984,-0.029213006,0.019233681,0.7166418
65484000,0.076153584,0.21703714,-2.679461,-0.02932975,0.018482102,0.71670085
65492000,0.07627596,0.21717617,-2.6738205,-0.029487884,0.017805004,0.71666616
65500000,0.07639034,0.21731327,-2.6681776,-0.029629814,0.017023358,0.7166221
65508000,0.07649699,0.21744794,-2.6625316,-0.02975362,0.01626898,0.7166774
65516000,0.07659606,0.2175803,-2.656882,-0.029919812,0.015539332,0.7167523
65524000,0.07671275,0.21768364,-2.651225,-0.030088335,0.01484097,0.7168005
65532000,0.07682116,0.21778543,-2.6455655,-0.030293047,0.014111798,0.71672416
65540000,0.0769217,0.21788505,-2.6399214,-0.030388957,0.0133021595,0.71659505
65548000,0.077014565,0.21798217,-2.6342747,-0.030582689,0.012550803,0.7165771
65556000,0.077131405,0.21803974,-2.6286309,-0.03074,0.011835729,0.7165912
65564000,0.077240296,0.21809608,-2.6229837,-0.030841885,0.011112841,0.7166017
65572000,0.0773414,0.21815106,-2.617334,-0.030983886,0.0103777405,0.7165688
65580000,0.07743458,0.21820424,-2.6116812,-0.031157328,0.009607966,0.7165378
65588000,0.07755241,0.21821162,-2.606023,-0.031278078,0.008812114,0.716482
65596000,0.077662036,0.21821779,-2.6003625,-0.031429637,0.008045137,0.7164732
65604000,0.07776375,0.21822296,-2.5946994,-0.031520475,0.007323074,0.7164642
65612000,0.07785763,0.21822709,-2.589034,-0.03170234,0.006573827,0.71635026
65620000,0.07797353,0.2181972,-2.5833564,-0.031864475,0.005832474,0.71614635
65628000,0.07808223,0.21816683,-2.577678,-0.0320328,0.005104311,0.7159945
65636000,0.07818238,0.21813577,-2.5719984,-0.032240912,0.0043730056,0.7159889
65644000,0.07827422,0.21810393,-2.5663166,-0.032369234,0.0036643061,0.7159943
65652000,0.07839409,0.21803497,-2.5606327,-0.032466732,0.0029451721,0.7159008
65660000,0.07850551,0.21796565,-2.5549474,-0.032623664,0.0021982542,0.71586454
65668000,0.07860858,0.21789621,-2.5492604,-0.032725565,0.0015286662,0.71578336
65676000,0.0787037,0.2178263,-2.5435724,-0.032857265,0.00075318554,0.71577305
65684000,0.07879091,0.21775514,-2.5378823,-0.032950323,-2.8435228e-05,0.7157586
65692000,0.0789032,0.21763648,-2.5322013,-0.033040628,-0.00074547366,0.71562976
65700000,0.07900901,0.21751802,-2.5265193,-0.03304581,-0.0014590091,0.7155323
65708000,0.07910713,0.21739954,-2.5208356,-0.033160564,-0.0021877997,0.71547383
65716000,0.0791973,0.21728097,-2.5151508,-0.033253793,-0.0028656658,0.71543235
65724000,0.079313956,0.2171179,-2.509469,-0.03337725,-0.0035782936,0.71541053
65732000,0.07942216,0.21695545,-2.5037858,-0.033483706,-0.0042936713,0.7153251
65740000,0.079522185,0.21679348,-2.4981058,-0.03355914,-0.004977521,0.71519727
65748000,0.079614185,0.21663219,-2.4924242,-0.03368698,-0.0056450996,0.7151444
65756000,0.07971513,0.21642561,-2.4867432,-0.033755686,-0.0063784434,0.7151044
65764000,0.0798077,0.21622005,-2.4810607,-0.03392756,-0.0070647667,0.71506816
65772000,0.07989327,0.21601553,-2.4753768,-0.034031853,-0.0077685975,0.7149467
65780000,0.079970755,0.21581186,-2.4696925,-0.034177057,-0.008446468,0.7148149
65788000,0.0800511,0.21556558,-2.4640172,-0.034258064,-0.009143097,0.71475667
65796000,0.08012362,0.21532068,-2.4583402,-0.03438874,-0.009853595,0.71476775
65804000,0.080188036,0.21507697,-2.4526613,-0.034561865,-0.010561567,0.7147053
65812000,0.08024429,0.21483421,-2.4469814,-0.034763545,-0.011280587,0.7145662
65820000,0.08029401,0.21455812,-2.4412982,-0.034932695,-0.011926219,0.7144033
65828000,0.08033589,0.21428405,-2.435614,-0.03510334,-0.012578797,0.7142993
65836000,0.08037124,0.2140114,-2.4299293,-0.03528349,-0.013261265,0.71419114
65844000,0.08039875,0.21374008,-2.4242435,-0.035482,-0.0139158815,0.71416056
65852000,0.080416806,0.21344464,-2.418565,-0.03567925,-0.014609756,0.7140437
65860000,0.08042704,0.21315062,-2.412886,-0.035894535,-0.0152695095,0.71391386
65868000,0.08042969,0.21285795,-2.407206,-0.0361136,-0.015968256,0.71380377
65876000,0.080424696,0.21256658,-2.4015253,-0.036339108,-0.016577719,0.7137353
65884000,0.0804143,0.21226852,-2.3958502,-0.036548093,-0.017223155,0.71367466
65892000,0.08039634,0.21197161,-2.390185,-0.036788378,-0.017874306,0.7134967
65900000,0.080370925,0.21167596,-2.3845193,-0.03700913,-0.018497322,0.7133538
65908000,0.080339216,0.21138135,-2.3788526,-0.03725928,-0.01911258,0.71327305
65916000,0.0803128,0.2110735,-2.3732026,-0.03744753,-0.019729229,0.71319836
65924000,0.08027893,0.21076712,-2.3675508,-0.037694704,-0.020281265,0.71314096
65932000,0.08023732,0.21046215,-2.3618975,-0.03796648,-0.020881977,0.71300757
65940000,0.0801881,0.21015844,-2.3562634,-0.038221426,-0.021413255,0.7128856
65948000,0.08013157,0.2098561,-2.3506274,-0.038475815,-0.021963768,0.7127823
65956000,0.08008585,0.20954062,-2.3450165,-0.03878139,-0.022505483,0.7126668
65964000,0.080032244,0.20922649,-2.3394032,-0.039034218,-0.023055,0.71255815
65972000,0.079971254,0.20891358,-2.3337882,-0.039249472,-0.023614196,0.71236646
65980000,0.0799041,0.20860188,-2.3281713,-0.039504267,-0.024129627,0.7122416
65988000,0.07984927,0.20828125,-2.3225884,-0.039784864,-0.024623195,0.7121229
65996000,0.07978677,0.20796238,-2.3170023,-0.04000595,-0.025076186,0.71209645
66004000,0.07971696,0.2076453,-2.3114128,-0.04020732,-0.025521392,0.7120647
66012000,0.07963978,0.2073298,-2.3058202,-0.040488627,-0.025966406,0.7119311
66020000,0.07957886,0.2070045,-2.3002384,-0.040712226,-0.0263984,0.71181864
66028000,0.07951025,0.20668088,-2.294654,-0.040954996,-0.026859786,0.71172476
66036000,0.07943411,0.20635855,-2.2890663,-0.041182704,-0.027345916,0.7116989
66044000,0.07935034,0.2060376,-2.2834752,-0.041439805,-0.027783385,0.71171427
66052000,0.0792952,0.20571634,-2.277898,-0.041652255,-0.028199397,0.71154904
66060000,0.07923222,0.2053963,-2.2723186,-0.041879084,-0.028677922,0.7114272
66068000,0.07916117,0.20507726,-2.2667363,-0.042139415,-0.029123344,0.71136034
66076000,0.079082385,0.20475964,-2.2611508,-0.042337634,-0.029497435,0.71136147
66084000,0.079022266,0.20444763,-2.2555752,-0.042501405,-0.029873926,0.7113221
66092000,0.07895434,0.20413676,-2.2499964,-0.042715255,-0.030278131,0.71122223
66100000,0.078878544,0.20382705,-2.2444153,-0.04294238,-0.030644532,0.7111197
66108000,0.07879508,0.20351863,-2.2388308,-0.043152533,-0.031002877,0.7111225
66116000,0.078714885,0.20321168,-2.2332656,-0.04339388,-0.03134939,0.7111536
66124000,0.07862705,0.20290595,-2.2276967,-0.04357765,-0.031687543,0.7111432
66132000,0.07853173,0.20260182,-2.222124,-0.04381159,-0.03192685,0.7110843
66140000,0.07842881,0.20229939,-2.2165794,-0.04405962,-0.032192368,0.7109909
66148000,0.07832421,0.20199864,-2.211047,-0.044307165,-0.032466106,0.71093446
66156000,0.0782121,0.20169915,-2.2055101,-0.044531204,-0.032757618,0.7109385
66164000,0.07809289,0.20140101,-2.1999686,-0.044738512,-0.03301408,0.7109366
66172000,0.07796646,0.20110446,-2.194423,-0.044980407,-0.033264425,0.7108695
66180000,0.07782734,0.20081024,-2.1888921,-0.04524967,-0.03349957,0.71079284
66188000,0.07768215,0.2005175,-2.183357,-0.04548304,-0.033728104,0.7107606
66196000,0.077530205,0.20022629,-2.1778176,-0.04570323,-0.033926588,0.71079224
66204000,0.07737169,0.19993664,-2.1722732,-0.045922615,-0.03412751,0.7108872
66212000,0.07720666,0.19964874,-2.1667247,-0.04615035,-0.03428321,0.710798
66220000,0.077032626,0.19935758,-2.1611824,-0.04631692,-0.034506384,0.71074694
66228000,0.0768526,0.19906795,-2.1556358,-0.046554502,-0.034672573,0.71082205
66236000,0.07666606,0.19877991,-2.1501195,-0.046820708,-0.034855485,0.71087164
66244000,0.076473296,0.19849347,-2.144598,-0.047052164,-0.03500851,0.7109215
66252000,0.07627766,0.19820003,-2.1390944,-0.047284503,-0.035122618,0.71087956
66260000,0.076076806,0.1979088,-2.133586,-0.047508534,-0.035188608,0.71087503
66268000,0.075870335,0.19761983,-2.1280723,-0.04765436,-0.03531727,0.7108653
66276000,0.07565852,0.19733267,-2.1225536,-0.047851816,-0.035452574,0.7109132
66284000,0.07545593,0.19706522,-2.1170552,-0.04804737,-0.035551403,0.7109926
66292000,0.0752475,0.19679934,-2.111571,-0.04824361,-0.035660062,0.7109674
66300000,0.07503338,0.19653493,-2.1060817,-0.048466127,-0.03577695,0.7109132
66308000,0.07481316,0.19627206,-2.1005864,-0.04871985,-0.03584726,0.71095806
66316000,0.07461191,0.19601022,-2.0951078,-0.04887461,-0.03595222,0.71098953
66324000,0.074404955,0.19575015,-2.0896227,-0.049046367,-0.03600319,0.71108925
66332000,0.07419291,0.19549151,-2.084131,-0.049251053,-0.036081765,0.7110701
66340000,0.073974796,0.19523434,-2.0786345,-0.04948574,-0.036176052,0.71104056
66348000,0.07377067,0.19500823,-2.0731497,-0.049677216,-0.036221668,0.7110889
66356000,0.07356045,0.19478339,-2.067659,-0.049876284,-0.03621156,0.7111446
66364000,0.07334435,0.19456019,-2.0621614,-0.05000802,-0.0361593,0.7112917
66372000,0.07312296,0.19433847,-2.0566583,-0.05014152,-0.036153957,0.7112381
66380000,0.07291753,0.19414689,-2.0511656,-0.050302632,-0.036105797,0.71121085
66388000,0.07270614,0.19395621,-2.0456786,-0.05043548,-0.036072563,0.7112824
66396000,0.07248999,0.19376655,-2.0401852,-0.050562453,-0.035998747,0.7113263
66404000,0.07226831,0.19357799,-2.0346859,-0.05067804,-0.035957884,0.71143
66412000,0.07207462,0.19341518,-2.0291924,-0.05081482,-0.035884622,0.71144956
66420000,0.07187484,0.193253,-2.0236936,-0.05096136,-0.03583868,0.71147054
66428000,0.071668856,0.19309151,-2.0181887,-0.051104125,-0.03572278,0.7115194
66436000,0.07145708,0.19293115,-2.0126953,-0.051217847,-0.03558012,0.71162146
66444000,0.071267396,0.1927894,-2.0072184,-0.051285718,-0.035478625,0.7117598
66452000,0.0710719,0.19264847,-2.0017343,-0.0513509,-0.035314433,0.7117904
66460000,0.0708708,0.19250819,-1.9962444,-0.051420074,-0.035242375,0.7117964
66468000,0.07066442,0.19236809,-1.9907482,-0.051563762,-0.03518527,0.7118948
66476000,0.07045203,0.19222833,-1.9852457,-0.05168466,-0.035070404,0.7119564
66484000,0.070264444,0.19210875,-1.9797626,-0.051745806,-0.034908894,0.7120764
66492000,0.07007143,0.19198981,-1.9742727,-0.051721115,-0.034744192,0.7120912
66500000,0.06987299,0.19187158,-1.9687767,-0.051795203,-0.034581423,0.7121375
66508000,0.069668904,0.19175392,-1.9632745,-0.051836215,-0.034434073,0.71225595
66516000,0.0694892,0.19166572,-1.9577961,-0.051897466,-0.034275237,0.71243095
66524000,0.06930366,0.19157766,-1.9523101,-0.05191678,-0.03410301,0.71260643
66532000,0.06911232,0.19148976,-1.9468169,-0.052001383,-0.033922337,0.71267354
66540000,0.06891558,0.19140194,-1.9413383,-0.052075326,-0.03375517,0.71267086
66548000,0.068747506,0.19133835,-1.9358895,-0.052146956,-0.03352609,0.7126223
66556000,0.06857312,0.19127482,-1.9304338,-0.052165274,-0.033345263,0.71266544
66568000,0.06839297,0.19121115,-1.9249704,-0.05219234,-0.033157896,0.7127721
66572000,0.068207,0.19114728,-1.9194994,-0.052220248,-0.03298346,0.712901
66580000,0.06805903,0.1911004,-1.9140406,-0.0522235,-0.032786198,0.7129577
66588000,0.06790482,0.19105317,-1.9085743,-0.05218506,-0.03257701,0.71309626
66596000,0.067744695,0.19100572,-1.9031003,-0.052169662,-0.0323733,0.71323514
66604000,0.067578666,0.19095813,-1.8976185,-0.0521632,-0.032180578,0.71339434
66612000,0.067407444,0.19090986,-1.8921297,-0.05214672,-0.03204317,0.71342736
66620000,0.06726531,0.19086938,-1.8866634,-0.05216455,-0.031830303,0.713462
66628000,0.06711697,0.19082865,-1.8811901,-0.052106105,-0.03161195,0.71351266
66636000,0.06696291,0.19078761,-1.8757093,-0.052037813,-0.031451035,0.71367216
66644000,0.06682284,0.19075516,-1.8702571,-0.05205406,-0.03119216,0.7137715
66652000,0.066676185,0.19072264,-1.8647969,-0.05205768,-0.030978864,0.71385044
66660000,0.06652346,0.19068967,-1.8593297,-0.052031867,-0.030812623,0.71385056
66668000,0.066364996,0.19065607,-1.8538551,-0.051971287,-0.030628255,0.7139749
66676000,0.06623777,0.19064696,-1.8483982,-0.051902305,-0.030396925,0.7140899
66684000,0.066104315,0.19063716,-1.8429332,-0.05187397,-0.030209102,0.7141969
66692000,0.065964766,0.19062641,-1.8374608,-0.05177149,-0.030014418,0.7142261
66700000,0.0658198,0.1906148,-1.8319814,-0.051682983,-0.029829443,0.71429795
66708000,0.065704405,0.19063152,-1.8265202,-0.051573016,-0.029622689,0.7144044
66716000,0.06558306,0.19064693,-1.8210509,-0.05147459,-0.029433826,0.7145322
66724000,0.065455504,0.19066066,-1.8155733,-0.051462192,-0.029301576,0.71470064
66732000,0.065321416,0.19067293,-1.8100885,-0.05144827,-0.029068084,0.71469444
66740000,0.06518139,0.19068405,-1.8045975,-0.051357556,-0.028913772,0.71467733
66748000,0.065065086,0.19073167,-1.7991146,-0.0512682,-0.028687386,0.7147364
66756000,0.064942755,0.19077739,-1.7936246,-0.051175144,-0.028489487,0.71482044
66764000,0.0648144,0.19082119,-1.7881272,-0.051120345,-0.028279673,0.71496487
66772000,0.06467999,0.1908633,-1.7826229,-0.05106831,-0.028064042,0.71498626
66780000,0.06456816,0.19095032,-1.7771225,-0.050951563,-0.027899632,0.7150529
66788000,0.06445056,0.19103442,-1.7716255,-0.050821397,-0.027688917,0.71511495
66796000,0.06432709,0.19111592,-1.7661215,-0.050742995,-0.027470544,0.71526134
66804000,0.06419765,0.191195,-1.7606099,-0.05068648,-0.027277637,0.7154541
66812000,0.06410509,0.19131936,-1.755106,-0.050581645,-0.02705413,0.7155425
66820000,0.06400686,0.1914406,-1.7495952,-0.05044064,-0.026782392,0.7156144
66828000,0.063902445,0.19155888,-1.7440777,-0.050356943,-0.026569296,0.7157145
66836000,0.063792005,0.19167367,-1.738578,-0.0502315,-0.02641408,0.71590227
66844000,0.06371685,0.19184312,-1.7330813,-0.05011902,-0.026201664,0.71603525
66852000,0.06363519,0.19200861,-1.7275773,-0.049992435,-0.02592559,0.71608585
66860000,0.063547246,0.19217029,-1.7220665,-0.04985447,-0.025714222,0.7161125
66868000,0.06345332,0.19232807,-1.7165492,-0.04970849,-0.025487788,0.71617216
66876000,0.06339772,0.19252993,-1.7110317,-0.04958828,-0.025293695,0.7163155
66884000,0.06333532,0.19272704,-1.7055064,-0.049446564,-0.025085306,0.7165406
66892000,0.06326673,0.19291952,-1.6999742,-0.049314585,-0.024828887,0.71655566
66900000,0.063191906,0.19310795,-1.694436,-0.049145233,-0.024577565,0.7165773
66908000,0.06315497,0.19332767,-1.6888981,-0.048959702,-0.024325987,0.7166602
66916000,0.063111246,0.19354253,-1.6833533,-0.04879527,-0.024120903,0.7168486
66924000,0.06306085,0.1937527,-1.6778015,-0.048637018,-0.023881672,0.7170081
66932000,0.06300392,0.19395833,-1.6722431,-0.048457988,-0.023648102,0.71706736
66940000,0.06299109,0.19419774,-1.6666979,-0.04826718,-0.023374576,0.71707654
66948000,0.06297113,0.19443229,-1.6611464,-0.04807599,-0.02314342,0.71715367
66956000,0.06294458,0.19466181,-1.6555887,-0.047940437,-0.022933483,0.7172713
66964000,0.06291107,0.19488637,-1.6500243,-0.04775784,-0.022696668,0.7174665
66972000,0.06291565,0.19515346,-1.6444765,-0.04757996,-0.022438457,0.7174342
66980000,0.062912785,0.19541495,-1.638923,-0.04740935,-0.022222362,0.71745074
66988000,0.06290252,0.19567105,-1.6333704,-0.047284406,-0.021989692,0.7174815
66996000,0.06288498,0.19592191,-1.6278118,-0.04712409,-0.021756688,0.7175535
67004000,0.06286058,0.19616759,-1.6222469,-0.04695702,-0.021551441,0.71768224
67012000,0.062875584,0.19644774,-1.6167006,-0.046821736,-0.02133475,0.7177218
67020000,0.06288284,0.19672199,-1.6111486,-0.046697218,-0.021130592,0.71772546
67028000,0.06288291,0.1969904,-1.6055906,-0.046540465,-0.020938093,0.717752
67036000,0.06287578,0.19725306,-1.6000499,-0.04637896,-0.020758532,0.71776706
67044000,0.06290434,0.19754851,-1.5945333,-0.04619887,-0.02056779,0.7178301
67052000,0.06292514,0.19783738,-1.5890099,-0.04604135,-0.020437818,0.7177726
67060000,0.06293847,0.1981198,-1.5834808,-0.045865223,-0.02028483,0.7177049
67068000,0.06294452,0.19839573,-1.5779454,-0.045669883,-0.02017376,0.71776265
67076000,0.062980376,0.19870119,-1.5724328,-0.045494445,-0.02,0.7177798
67084000,0.0630083,0.19899993,-1.5669132,-0.045353252,-0.019827167,0.7178384
67092000,0.0630284,0.19929236,-1.561396,-0.045230143,-0.019647976,0.7178159
67100000,0.0630413,0.19957846,-1.5558727,-0.04509234,-0.019498281,0.71777904
67108000,0.06307475,0.19989395,-1.550359,-0.04495932,-0.019348543,0.7177952
67116000,0.06310013,0.2002026,-1.5448383,-0.044852596,-0.019196125,0.7178297
67124000,0.063117824,0.20050417,-1.5393109,-0.044693697,-0.01911862,0.7178843
67132000,0.063128136,0.20079862,-1.533777,-0.044539295,-0.01902248,0.71783644
67140000,0.06314746,0.2011258,-1.5282534,-0.044374473,-0.01888219,0.71778846
67148000,0.06315909,0.20144549,-1.5227234,-0.044280063,-0.018790798,0.7178138
67156000,0.06316304,0.20175765,-1.5171869,-0.04418655,-0.018714754,0.71787834
67164000,0.06315961,0.20206252,-1.5116438,-0.044043202,-0.018619085,0.717969
67172000,0.06316857,0.20240599,-1.5061085,-0.043846767,-0.018492362,0.71795183
67180000,0.06317073,0.20274179,-1.5005676,-0.04368307,-0.018368619,0.71789306
67188000,0.06316557,0.20306975,-1.4950254,-0.043574113,-0.018297454,0.71792686
67196000,0.063153185,0.20339009,-1.4894769,-0.043492522,-0.018196454,0.7179947
67204000,0.0631593,0.20374465,-1.4839343,-0.043384816,-0.018103806,0.7180839
67212000,0.063157864,0.204091,-1.4783854,-0.043276913,-0.018016487,0.71805054
67220000,0.063148946,0.20442912,-1.4728314,-0.043213915,-0.017983945,0.7180286
67228000,0.0631326,0.20475914,-1.4672717,-0.04313263,-0.017888654,0.71802145
67236000,0.06312456,0.20512423,-1.4617069,-0.04305497,-0.017840816,0.7180595
67244000,0.06310884,0.20548075,-1.4561362,-0.04300856,-0.017736286,0.718189
67252000,0.06308588,0.20582914,-1.4505597,-0.042904247,-0.017661678,0.7181527
67260000,0.06305604,0.20616898,-1.4449788,-0.04278489,-0.017638065,0.71806216
67268000,0.06301956,0.20650052,-1.4393935,-0.042691473,-0.01759648,0.71806175
67276000,0.06297866,0.20686626,-1.4338139,-0.04260854,-0.017600995,0.7181542
67284000,0.062930875,0.20722292,-1.4282287,-0.0425696,-0.01755941,0.7182032
67292000,0.06287606,0.20757091,-1.4226557,-0.042566612,-0.017503059,0.71819866
67300000,0.06281446,0.20791072,-1.4170778,-0.042497646,-0.017428247,0.7181883
67308000,0.06275026,0.20829701,-1.411505,-0.042502563,-0.017383942,0.71818984
67316000,0.0626791,0.20867404,-1.4059268,-0.042499654,-0.017328143,0.7182794
67324000,0.06260137,0.20904182,-1.400343,-0.042477053,-0.017337907,0.7183473
67332000,0.06251702,0.20940009,-1.3947538,-0.042515416,-0.017382983,0.71835005
67340000,0.0624383,0.20980704,-1.3891981,-0.042541746,-0.01733616,0.7183038
67348000,0.062352657,0.21020418,-1.3836368,-0.042593848,-0.017288882,0.7183231
67356000,0.06226002,0.21059148,-1.3780698,-0.042661626,-0.017312223,0.7183743
67364000,0.062160566,0.21096888,-1.372497,-0.042717118,-0.017354717,0.71839726
67372000,0.06206603,0.21137823,-1.3669281,-0.042766318,-0.017385932,0.718323
67380000,0.061965548,0.2117772,-1.3613541,-0.04279233,-0.017368283,0.71832937
67388000,0.06185863,0.21216628,-1.3557947,-0.042825084,-0.017398635,0.7183295
67396000,0.061745506,0.21254519,-1.3502297,-0.042818587,-0.017442621,0.7183202
67404000,0.061625008,0.21297035,-1.3446517,-0.042832144,-0.017431723,0.7183671
67412000,0.06149854,0.21338488,-1.3390684,-0.042850126,-0.017444752,0.7183426
67420000,0.061366394,0.21378876,-1.333481,-0.042849746,-0.017499387,0.718248
67428000,0.061228458,0.21418197,-1.3278885,-0.042902827,-0.017563723,0.7183275
67436000,0.061102666,0.21460795,-1.3222848,-0.04295715,-0.01758864,0.71836126
67444000,0.060970537,0.21502286,-1.3166764,-0.043041322,-0.017657522,0.7183915
67452000,0.06083324,0.21542668,-1.3110636,-0.04306437,-0.017720139,0.7183424
67460000,0.06069003,0.21581954,-1.3054473,-0.043142024,-0.017842002,0.71829265
67468000,0.060540903,0.21623628,-1.2998121,-0.043233324,-0.017844792,0.7182919
67476000,0.060385834,0.21664199,-1.2941728,-0.043302905,-0.01795069,0.7183884
67484000,0.06022498,0.21703659,-1.2885293,-0.043413904,-0.018021764,0.7184512
67492000,0.060058296,0.21742043,-1.2828915,-0.04348762,-0.018100753,0.71841985
67500000,0.059899203,0.21783091,-1.2772382,-0.043553732,-0.018172551,0.7183529
67508000,0.059734546,0.21823023,-1.2715819,-0.04358313,-0.018235695,0.7183445
67516000,0.05956548,0.21861845,-1.2659228,-0.043638945,-0.018345794,0.71832526
67524000,0.059391204,0.21899566,-1.2602602,-0.043663442,-0.018447524,0.71840316
67532000,0.059211962,0.21936189,-1.2545949,-0.043706536,-0.018614957,0.7182705
67540000,0.059036024,0.21974981,-1.2489104,-0.04377198,-0.018764516,0.7181805
67548000,0.058854695,0.22012617,-1.2432239,-0.043884493,-0.018936587,0.718167
67556000,0.05866762,0.22049104,-1.237535,-0.0440282,-0.019103548,0.7182154
67564000,0.05847505,0.22084485,-1.2318435,-0.044152822,-0.019246006,0.7182533
67572000,0.058284763,0.22122432,-1.2261314,-0.04423004,-0.019435028,0.71823525
67580000,0.05808967,0.22159186,-1.2204182,-0.04424678,-0.019629441,0.7181684
67588000,0.05789081,0.22194761,-1.2147037,-0.04430636,-0.019865135,0.71815217
67596000,0.057687096,0.22229172,-1.2089877,-0.044389863,-0.020075487,0.71813923
67604000,0.057498753,0.22266124,-1.2032459,-0.0444199,-0.020306895,0.7181097
67612000,0.057305194,0.22301856,-1.1975037,-0.044547427,-0.020537216,0.7180187
67620000,0.057106562,0.22336377,-1.1917615,-0.044583835,-0.0207968,0.71789163
67628000,0.05690331,0.22369723,-1.1860193,-0.044622906,-0.021000164,0.7178099
67636000,0.056707386,0.2240504,-1.1802734,-0.044689283,-0.021214398,0.71779704
67644000,0.056506645,0.22439161,-1.1745269,-0.044727027,-0.02145139,0.71779084
67652000,0.056301236,0.22472079,-1.1687799,-0.044778142,-0.021705242,0.71767396
67660000,0.056092385,0.22503808,-1.1630335,-0.044780128,-0.021982526,0.71750844
67668000,0.05590783,0.22536215,-1.1572733,-0.044762112,-0.022275072,0.7173904
67676000,0.05571884,0.22567418,-1.1515136,-0.04471617,-0.022560716,0.71729785
67684000,0.055525478,0.22597393,-1.1457545,-0.044717386,-0.022900673,0.71716624
67692000,0.055327583,0.2262615,-1.1400084,-0.04474266,-0.02323481,0.71689725
67700000,0.055144835,0.22656195,-1.1342602,-0.04473604,-0.023529109,0.7166808
67708000,0.054957356,0.22685008,-1.1285129,-0.04476153,-0.02388482,0.71649706
67716000,0.054765012,0.2271262,-1.1227663,-0.044803735,-0.024162253,0.7163934
67724000,0.054567758,0.22739077,-1.1170199,-0.04484441,-0.024463842,0.71629363
67732000,0.05438855,0.22766304,-1.1112663,-0.044848464,-0.024800483,0.7161831
67740000,0.05420458,0.22792311,-1.1055132,-0.044837166,-0.025184028,0.716114
67748000,0.054015987,0.22817093,-1.0997602,-0.044842247,-0.025533365,0.7160846
67756000,0.053822868,0.2284071,-1.0940074,-0.044845887,-0.02588251,0.71601945
67764000,0.053637914,0.22865069,-1.088259,-0.044813998,-0.026235519,0.7159813
67772000,0.053448576,0.22888239,-1.082511,-0.04480266,-0.026584761,0.7158339
67780000,0.053254507,0.22910224,-1.0767641,-0.04487488,-0.026960239,0.71566
67788000,0.05305539,0.22931033,-1.0710183,-0.044933673,-0.02733669,0.7154886
67796000,0.052853126,0.2295068,-1.0652738,-0.0448711,-0.027722118,0.7153249
67804000,0.05267283,0.22971888,-1.0595503,-0.044818796,-0.028076703,0.71519196
67812000,0.052487917,0.22991902,-1.0538274,-0.044839367,-0.028460652,0.714966
67820000,0.052298617,0.23010732,-1.048106,-0.044766515,-0.028872829,0.71472615
67828000,0.052105013,0.23028357,-1.0423851,-0.044815548,-0.02933336,0.7146222
67836000,0.051929556,0.2304765,-1.0367079,-0.044797976,-0.029755274,0.7145211
67844000,0.051749744,0.23065731,-1.0310299,-0.044738773,-0.030152254,0.7144083
67852000,0.05156574,0.23082627,-1.0253515,-0.04466044,-0.030555533,0.7141847
67860000,0.051377878,0.23098348,-1.0196736,-0.044543106,-0.030968787,0.7139089
67868000,0.0512049,0.2311563,-1.0140073,-0.044461336,-0.031337418,0.71364874
67876000,0.051027585,0.23131734,-1.0083411,-0.04444076,-0.03175535,0.71349794
67884000,0.050845746,0.23146617,-1.0026743,-0.044405263,-0.03222259,0.7133146
67892000,0.05065967,0.23160307,-0.99700737,-0.044369943,-0.03264329,0.7130907
67900000,0.050480664,0.23176976,-0.9913511,-0.044356424,-0.033006594,0.71285343
67908000,0.05029715,0.23192431,-0.98569417,-0.044333365,-0.033440895,0.71273255
67916000,0.050109304,0.23206659,-0.98003674,-0.0443255,-0.033869404,0.71258694
67924000,0.049917057,0.23219694,-0.97437847,-0.04433596,-0.034296818,0.71250415
67932000,0.04972479,0.23235594,-0.9687178,-0.044221133,-0.034762327,0.7122765
67940000,0.04953014,0.23250248,-0.9630575,-0.044162218,-0.035161324,0.712018
67948000,0.049331672,0.23263682,-0.9573978,-0.044130586,-0.0355759,0.711824
67956000,0.049129494,0.23275909,-0.951738,-0.044048913,-0.03602062,0.7116856
67964000,0.04892243,0.23291212,-0.9460763,-0.043983966,-0.03637995,0.71159095
67972000,0.048711985,0.23305315,-0.94041455,-0.043917067,-0.03673783,0.7113918
67980000,0.04849841,0.23318182,-0.9347532,-0.043815468,-0.037178565,0.7112388
67988000,0.048281826,0.23329818,-0.9290917,-0.04370805,-0.037602454,0.71109474
67996000,0.04806929,0.23343946,-0.92342544,-0.043603063,-0.03797898,0.71102244
68004000,0.047853578,0.2335682,-0.9177588,-0.04356555,-0.03840767,0.7109492
68012000,0.047635663,0.23368472,-0.9120922,-0.043491255,-0.038769312,0.7107492
68020000,0.047414612,0.23378932,-0.9064264,-0.043448515,-0.03917692,0.7105901
68028000,0.047195137,0.23391613,-0.9007646,-0.04344271,-0.039543804,0.71049917
68036000,0.046972297,0.23403092,-0.8951088,-0.043378364,-0.039872315,0.71040505
68044000,0.04674641,0.23413384,-0.88945246,-0.043324947,-0.040261943,0.7104057
68052000,0.04651744,0.2342247,-0.88379526,-0.04329473,-0.04065743,0.710295
68060000,0.046285395,0.23430355,-0.8781382,-0.043246787,-0.041104514,0.7101438
68068000,0.046054184,0.23440756,-0.87247705,-0.04321664,-0.041445114,0.7100634
68076000,0.045821045,0.23449963,-0.86681557,-0.04318668,-0.041833825,0.7099848
68084000,0.045584835,0.2345795,-0.8611536,-0.043151964,-0.04225241,0.7100006
68092000,0.045345735,0.23464766,-0.85550725,-0.04311954,-0.04259835,0.70983046
68100000,0.04509671,0.2347273,-0.8498614,-0.04311169,-0.042969864,0.7096772
68108000,0.04484499,0.23479481,-0.84421515,-0.043058176,-0.04339982,0.70960534
68116000,0.04459092,0.23485038,-0.83856845,-0.04302803,-0.043798033,0.7095196
68124000,0.044334255,0.23489437,-0.832921,-0.042989906,-0.044179197,0.709492
68132000,0.044075716,0.23495327,-0.82727623,-0.042968027,-0.044569142,0.7093742
68140000,0.04381481,0.23500015,-0.8216313,-0.042933233,-0.045000996,0.70924425
68148000,0.04355264,0.2350353,-0.81598616,-0.04289512,-0.04538513,0.7091463
68156000,0.043288235,0.23505929,-0.81034064,-0.04288955,-0.045723543,0.70908475
68164000,0.04303203,0.23510951,-0.8046899,-0.042839266,-0.046115775,0.70908505
68172000,0.042773616,0.23514763,-0.7990385,-0.042784836,-0.04656351,0.7090008
68180000,0.042512953,0.23517361,-0.79338706,-0.042782262,-0.04695823,0.70892924
68188000,0.04224973,0.23518825,-0.7877389,-0.042780656,-0.047299262,0.7088189
68196000,0.041991632,0.23523062,-0.7820872,-0.042693276,-0.047651578,0.7087726
68204000,0.041731745,0.23526151,-0.776435,-0.042612463,-0.04794314,0.70877016
68212000,0.041469775,0.23528112,-0.7707821,-0.042556133,-0.04827881,0.70870537
68220000,0.04120723,0.23528954,-0.7651291,-0.04245604,-0.04862979,0.708622
68228000,0.0409386,0.23532991,-0.75946987,-0.042341832,-0.049003948,0.7085261
68236000,0.04066859,0.2353581,-0.75381076,-0.04225504,-0.04937698,0.7084881
68244000,0.04039696,0.23537448,-0.74815106,-0.042169042,-0.049725376,0.7085114
68252000,0.040124025,0.23537931,-0.742491,-0.042058736,-0.050076343,0.70843625
68260000,0.039852552,0.23541228,-0.73682666,-0.041973565,-0.050431427,0.7083047
68268000,0.03957971,0.23543325,-0.7311629,-0.041907955,-0.050772075,0.70819664
68276000,0.039305005,0.2354424,-0.7254994,-0.041883636,-0.051107306,0.70812744
68284000,0.039028432,0.23543996,-0.719836,-0.041856285,-0.051456742,0.7080581
68292000,0.0387552,0.23547052,-0.714169,-0.041780014,-0.05177518,0.70790684
68300000,0.03848049,0.23548909,-0.7085029,-0.041685164,-0.052084923,0.7078085
68308000,0.038204726,0.23549569,-0.7028369,-0.04154347,-0.052467536,0.7077741
68316000,0.037927918,0.23549022,-0.697171,-0.04144929,-0.052816067,0.7077215
68324000,0.03764981,0.23547322,-0.6915051,-0.041374527,-0.05315255,0.7077262
68332000,0.037385985,0.23549074,-0.68583274,-0.04126082,-0.05339892,0.7076546
68340000,0.037120853,0.23549645,-0.68016136,-0.041136254,-0.053747732,0.7075281
68348000,0.03685431,0.23549017,-0.6744906,-0.041073512,-0.054072883,0.7074296
68356000,0.03658713,0.23547223,-0.6688206,-0.041039407,-0.054427195,0.707356
68364000,0.036346097,0.23547694,-0.66314614,-0.040913094,-0.05466434,0.7073094
68372000,0.036103375,0.23546994,-0.657472,-0.04081475,-0.05500749,0.70722795
68380000,0.03585869,0.23545112,-0.6517992,-0.040732108,-0.055311203,0.70703906
68388000,0.035612144,0.23542058,-0.646134,-0.04064204,-0.055663478,0.7069594
68396000,0.035393,0.23541442,-0.64047813,-0.0404621,-0.055950694,0.7069907
68404000,0.035172228,0.23539643,-0.63482153,-0.04032036,-0.05626578,0.70701635
68412000,0.034949455,0.23536652,-0.6291646,-0.040183607,-0.056610886,0.70695156
68420000,0.03472504,0.23532508,-0.62350833,-0.040007606,-0.05692392,0.70681685
68428000,0.03453163,0.23530099,-0.6178527,-0.03983633,-0.057207298,0.7067488
68436000,0.03433619,0.23526569,-0.6121969,-0.039638195,-0.05741123,0.70677674
68444000,0.034138747,0.23521948,-0.60654044,-0.039507724,-0.05768359,0.70683223
68452000,0.033938944,0.23516205,-0.60088336,-0.039385747,-0.057982866,0.7068093
68460000,0.033768427,0.23511995,-0.5952263,-0.03917259,-0.058212932,0.7067276
68468000,0.03359577,0.23506692,-0.58956945,-0.038984783,-0.058460094,0.70667976
68476000,0.03342098,0.23500276,-0.5839124,-0.038789667,-0.05876916,0.7067082
68484000,0.03324412,0.23492737,-0.5782547,-0.03858937,-0.059078284,0.70673275
68492000,0.033092607,0.23485444,-0.5726011,-0.038311694,-0.05933846,0.7065903
68500000,0.03294026,0.23477094,-0.5669483,-0.0380593,-0.05960985,0.7064914
68508000,0.03278595,0.23467669,-0.5612956,-0.03784851,-0.059889596,0.70642793
68516000,0.032629702,0.2345719,-0.5556433,-0.03760373,-0.060162537,0.70638764
68524000,0.032481927,0.23446628,-0.55000544,-0.037367273,-0.060413495,0.7063981
68532000,0.03233239,0.2343504,-0.54436696,-0.037124597,-0.06070944,0.70628977
68540000,0.03218118,0.23422398,-0.5387418,-0.036861792,-0.06100215,0.70616734
68548000,0.032028552,0.23408733,-0.5331167,-0.03662352,-0.061311763,0.7060532
68556000,0.03188369,0.23395233,-0.5275049,-0.036380664,-0.061624005,0.705989
68564000,0.031737126,0.23380715,-0.5218923,-0.036167897,-0.061893914,0.70596117
68572000,0.031589944,0.23365209,-0.516279,-0.03592659,-0.062196374,0.7058699
68580000,0.031441417,0.23348723,-0.5106652,-0.03565983,-0.062454257,0.70577127
68588000,0.03129143,0.23331296,-0.5050508,-0.035462637,-0.06273038,0.7057213
68596000,0.031148652,0.23313922,-0.49943802,-0.03517564,-0.06303382,0.70568687
68604000,0.031004727,0.2329557,-0.49382403,-0.034923736,-0.06335415,0.70571506
68612000,0.030859511,0.23276226,-0.48820916,-0.0347069,-0.06367165,0.70562094
68620000,0.030712996,0.23255946,-0.48259428,-0.03443171,-0.06396564,0.7054682
68628000,0.03056807,0.2323607,-0.47698846,-0.03419223,-0.06428161,0.70540595
68636000,0.030422801,0.23215255,-0.47140595,-0.03398824,-0.064568326,0.7053605
68644000,0.030276265,0.23193486,-0.46582183,-0.03377949,-0.06491651,0.7053138
68652000,0.030128315,0.2317077,-0.46023658,-0.033563424,-0.065215945,0.7051955
68660000,0.029987827,0.23148957,-0.45465067,-0.033279467,-0.065531455,0.70509547
68668000,0.029846575,0.23126157,-0.44906333,-0.03300321,-0.065890126,0.7050959
68676000,0.029704403,0.23102418,-0.44347438,-0.032774344,-0.06617491,0.70510113
68684000,0.029561002,0.23077767,-0.43788365,-0.032577306,-0.06648827,0.7051449
68692000,0.029419385,0.23055929,-0.43231305,-0.03233252,-0.06676731,0.7051032
68700000,0.029276581,0.23033132,-0.42674097,-0.032157805,-0.06705757,0.70499516
68708000,0.029133761,0.23009394,-0.42116764,-0.031892713,-0.06736051,0.70493466
68716000,0.028990239,0.22984716,-0.41559234,-0.03165569,-0.0676374,0.70498514
68724000,0.028842317,0.22962917,-0.41002366,-0.031418487,-0.06791319,0.70498616
68732000,0.028693872,0.22940153,-0.4044532,-0.031179814,-0.06814046,0.7049026
68740000,0.028544651,0.22916481,-0.3988814,-0.030973935,-0.0683437,0.7048284
68748000,0.028394904,0.22891898,-0.393308,-0.030730737,-0.06858787,0.7048016
68756000,0.02825408,0.22870497,-0.3877388,-0.030503314,-0.06883831,0.7047725
68764000,0.028112628,0.22848116,-0.3821672,-0.030267848,-0.069058664,0.7048653
68772000,0.02797031,0.22824776,-0.37659314,-0.03008059,-0.06930625,0.7048915
68780000,0.027828189,0.22800495,-0.3710176,-0.029837875,-0.069561295,0.70480233
68788000,0.027688455,0.22779703,-0.36546144,-0.029621378,-0.0697588,0.70474166
68796000,0.02754813,0.22757947,-0.35990325,-0.029386485,-0.06989321,0.7047455
68804000,0.027407048,0.22735283,-0.35434255,-0.02920886,-0.07004068,0.7047849
68812000,0.027265133,0.22711685,-0.34877977,-0.029016549,-0.07027385,0.70474917
68820000,0.027117908,0.22691165,-0.34322128,-0.028858455,-0.07049389,0.7048039
68828000,0.026969798,0.22669625,-0.33765987,-0.02868592,-0.07072238,0.7048781
68836000,0.026820978,0.22647077,-0.33213112,-0.02852104,-0.070938356,0.7049264
68844000,0.026671527,0.22623591,-0.32659873,-0.02832166,-0.07108047,0.70501715
68852000,0.026522418,0.22599207,-0.32106295,-0.028160544,-0.07124184,0.70498765
68860000,0.026373487,0.22577749,-0.3155397,-0.027940083,-0.07143031,0.7049356
68868000,0.026224293,0.22555318,-0.3100135,-0.027735254,-0.07159817,0.7048985
68876000,0.026074518,0.22531942,-0.3044844,-0.027585858,-0.07173166,0.7049122
68884000,0.02592405,0.22507648,-0.29895195,-0.027423104,-0.07191175,0.7049558
68892000,0.025772484,0.22485861,-0.29343596,-0.027190983,-0.072119005,0.704891
68900000,0.025620777,0.22463067,-0.28791746,-0.027023863,-0.07229427,0.7047833
68908000,0.02546868,0.22439338,-0.2823961,-0.026828585,-0.0724092,0.70477635
68916000,0.025317103,0.2241474,-0.27687135,-0.02669188,-0.07251294,0.7048554
68924000,0.025157725,0.22393763,-0.27135608,-0.026540441,-0.07262484,0.70504093
68932000,0.02499794,0.22371857,-0.26583633,-0.026410678,-0.07269034,0.7051081
68940000,0.024837745,0.22349037,-0.26033357,-0.026283227,-0.07279603,0.7050915
68948000,0.024676733,0.22325298,-0.25482705,-0.026216552,-0.07289299,0.70511025
68956000,0.024517633,0.22304809,-0.24932638,-0.026063617,-0.07293489,0.70520484
68964000,0.024358341,0.22283404,-0.2438207,-0.025911275,-0.07298517,0.7053735
68972000,0.024198597,0.2226108,-0.23831072,-0.025786085,-0.07305184,0.7053487
68980000,0.024038412,0.22237858,-0.23279753,-0.025681335,-0.07310125,0.70530295
68988000,0.023887046,0.22217126,-0.22728452,-0.025531335,-0.073186055,0.7053449
68996000,0.023735266,0.22195432,-0.22176751,-0.025401292,-0.073260814,0.70540756
69004000,0.023583123,0.22172831,-0.21624658,-0.025240444,-0.07327961,0.7054878
69012000,0.023430765,0.22149368,-0.21072164,-0.025052538,-0.07333033,0.7055312
69020000,0.023289083,0.22129244,-0.20518717,-0.02483828,-0.07336992,0.705523
69028000,0.023147138,0.22108181,-0.19964927,-0.024690082,-0.073429465,0.7056059
69036000,0.023004895,0.22086188,-0.19410765,-0.024499116,-0.07347719,0.7057259
69044000,0.022862328,0.22063279,-0.18856183,-0.024370737,-0.0735647,0.70589006
69052000,0.02271972,0.22043596,-0.18300095,-0.024192808,-0.07358528,0.70590425
69060000,0.022577977,0.22022988,-0.17743745,-0.023989033,-0.073598824,0.7059464
69068000,0.022436231,0.22001472,-0.17187086,-0.02381922,-0.0736243,0.7060426
69076000,0.022294164,0.21979079,-0.16630125,-0.023656992,-0.07361394,0.7061298
69084000,0.022147182,0.21960208,-0.16072875,-0.02353207,-0.073611185,0.7062643
69092000,0.021999495,0.21940382,-0.1551696,-0.023462484,-0.073656015,0.70637286
69100000,0.02185114,0.21919627,-0.14960751,-0.02338397,-0.07367001,0.70634174
69108000,0.021702299,0.21897963,-0.14404258,-0.023243047,-0.07368177,0.70643836
69116000,0.021553328,0.2187542,-0.1384739,-0.023107965,-0.07369533,0.7066031
69124000,0.02140834,0.2185636,-0.13291207,-0.022979077,-0.073708914,0.706775
69132000,0.021263588,0.21836363,-0.12734625,-0.02288904,-0.07372676,0.70687276
69140000,0.021118278,0.21815434,-0.121777475,-0.022818612,-0.07375436,0.7068861
69148000,0.020972399,0.21793617,-0.11620578,-0.022687769,-0.073717855,0.70691305
69156000,0.020824736,0.21775578,-0.11064148,-0.022587847,-0.073716335,0.7069661
69164000,0.020676697,0.21756594,-0.10507336,-0.022475127,-0.07367956,0.70711464
69172000,0.020528227,0.21736692,-0.09950212,-0.022378579,-0.073665746,0.7070728
69180000,0.02037941,0.21715923,-0.09392837,-0.022271927,-0.0735756,0.7071107
69188000,0.020230288,0.21700236,-0.08835068,-0.02214691,-0.07356791,0.7072262
69196000,0.020081686,0.21683569,-0.08276966,-0.02205597,-0.073492065,0.70735455
69204000,0.019932592,0.21665964,-0.077184856,-0.021962035,-0.0734657,0.7075207
69212000,0.019783452,0.21647416,-0.07159689,-0.021818092,-0.07342592,0.70755893
69220000,0.019656207,0.21633597,-0.06600925,-0.021698179,-0.07332618,0.7076035
69228000,0.019528465,0.21618794,-0.06041871,-0.021543698,-0.073257275,0.7077091
69236000,0.019400243,0.2160301,-0.054842085,-0.021442631,-0.07321621,0.7078366
69244000,0.019271532,0.21586283,-0.04926166,-0.021293579,-0.07312324,0.7079807
69252000,0.01915399,0.21573918,-0.04367897,-0.02118745,-0.07304212,0.70799565
69260000,0.019035755,0.21560532,-0.038093776,-0.021043219,-0.07297374,0.7079885
69268000,0.018917719,0.21546167,-0.03250569,-0.020906972,-0.072869815,0.7080816
69276000,0.018798927,0.2153086,-0.026914388,-0.02081447,-0.07276404,0.70820075
69284000,0.018689986,0.21520364,-0.021334931,-0.020702215,-0.072614774,0.7083184
69292000,0.018580245,0.21508864,-0.015752286,-0.020547144,-0.07249027,0.7083101
69300000,0.018469822,0.21496373,-0.010167316,-0.020415373,-0.07239132,0.70828617
69308000,0.018358883,0.214829,-0.004579827,-0.020253282,-0.07229959,0.70827717
69316000,0.018246485,0.21474537,0.0009889007,-0.020203376,-0.07216639,0.7083531
69324000,0.018132899,0.21465151,0.0065612197,-0.020114904,-0.07201192,0.7084336
69332000,0.018018585,0.21454757,0.012136728,-0.01996996,-0.071868844,0.7084134
69340000,0.017904568,0.21443352,0.017714843,-0.01985942,-0.07179468,0.7084145
69348000,0.017792774,0.21436769,0.02326861,-0.019795967,-0.07167326,0.70841914
69356000,0.017680125,0.21429102,0.02882585,-0.0196662,-0.07154968,0.70845115
69364000,0.017566763,0.21420392,0.034386843,-0.019585423,-0.0714214,0.708527
69372000,0.017452769,0.21410652,0.039951205,-0.019436264,-0.071309544,0.70847213
69380000,0.017338404,0.21399897,0.045517907,-0.019322377,-0.071205564,0.7083771
69388000,0.01732707,0.21517053,0.048485428,0.0031887782,0.2397051,0.06562697
69396000,0.017404221,0.21757355,0.048882112,0.003362817,0.24050745,0.063999094
69404000,0.01748215,0.21998537,0.0492395,0.003873283,0.24499734,0.0543261
69412000,0.017565828,0.22243987,0.04949923,0.0049680443,0.25404203,0.039814137
69420000,0.017664386,0.22501221,0.049622208,0.006118494,0.26647615,0.026233843
69428000,0.017770326,0.22767894,0.049649626,0.0072854864,0.28047988,0.014972681
69436000,0.017884206,0.23045036,0.04959607,0.008546497,0.29553118,0.0058053513
69444000,0.018006649,0.23333418,0.049479663,0.009832416,0.3113843,-0.0017400006
69452000,0.01815724,0.23663007,0.04897189,0.011173798,0.32805997,-0.00824221
69460000,0.018316751,0.2400442,0.04842764,0.012570727,0.345247,-0.013891426
69468000,0.018485526,0.24358056,0.047852486,0.013984736,0.3628105,-0.018944956
69476000,0.018664747,0.24724236,0.047249913,0.015496231,0.3807198,-0.023587096
69484000,0.018872421,0.2513623,0.04626316,0.017024186,0.39912483,-0.028085006
69492000,0.019089865,0.25560692,0.04525046,0.018526645,0.41758832,-0.032109667
69500000,0.019317469,0.25997737,0.04422693,0.020123247,0.43609896,-0.03566432
69508000,0.019555513,0.2644744,0.043195426,0.021677924,0.45465586,-0.03879852
69516000,0.019811375,0.2694832,0.04178779,0.023249416,0.47353616,-0.041754887
69524000,0.020077515,0.2746143,0.04038459,0.024811015,0.4923918,-0.044429466
69532000,0.020354122,0.27986798,0.038986877,0.02644157,0.51119596,-0.04693045
69540000,0.020641545,0.2852447,0.03759563,0.028031293,0.5299818,-0.049140763
69548000,0.02093019,0.2909312,0.036161616,0.029608494,0.54888123,-0.051248174
69556000,0.021229802,0.29673892,0.034736425,0.031217271,0.56774986,-0.053208422
69564000,0.021540387,0.30266857,0.033320665,0.03283813,0.58660567,-0.055020593
69572000,0.021862095,0.30872056,0.03191434,0.03444929,0.6054129,-0.056844264
69580000,0.022184975,0.31511405,0.030485868,0.036064465,0.6244482,-0.058675148
69588000,0.022519598,0.32162842,0.02906102,0.03776629,0.64350533,-0.060632188
69596000,0.022866229,0.32826465,0.027643427,0.039444346,0.66261446,-0.062564194
69604000,0.023224836,0.33502367,0.02623269,0.04114173,0.68163913,-0.0644898
69612000,0.023581766,0.3421195,0.024820492,0.042820722,0.7008471,-0.06644454
69620000,0.023950968,0.34933537,0.023414299,0.044430934,0.71995705,-0.06832727
69628000,0.02433028,0.35667208,0.022013873,0.045622166,0.73910505,-0.07019338
69636000,0.024717702,0.36413068,0.020609021,0.046805006,0.75829685,-0.07214551
69644000,0.025113452,0.3717123,0.019207984,0.04797308,0.7775092,-0.07423712
69652000,0.025492974,0.37963343,0.017795831,0.04914715,0.7967872,-0.07633417
69660000,0.025881458,0.38767445,0.016386718,0.050350692,0.81597656,-0.078366935
69668000,0.026278764,0.39583567,0.01498054,0.051521942,0.835095,-0.08035487
69676000,0.026684895,0.40411672,0.01357761,0.052720223,0.8540576,-0.082220994
69684000,0.027070612,0.41271928,0.01217854,0.053913277,0.8730934,-0.08400183
69692000,0.027468272,0.42143837,0.010780364,0.05514916,0.8919946,-0.08567037
69700000,0.027875653,0.43027413,0.009386301,0.05638758,0.91089654,-0.0874293
69708000,0.02829261,0.43922707,0.007995307,0.057565916,0.9297485,-0.08920874
69716000,0.028667713,0.44849777,0.006597668,0.05881715,0.9486684,-0.09099716
69724000,0.029053675,0.45788255,0.0052031428,0.060047735,0.9674238,-0.09262458
69732000,0.02945017,0.46738046,0.0038131028,0.061258826,0.9859046,-0.09401506
69740000,0.029857432,0.4769902,0.0024262369,0.06253938,1.0041683,-0.09513979
69748000,0.03021598,0.48690224,0.0010523349,0.063141406,1.0196378,-0.0930649
69756000,0.030582407,0.49688256,-0.00027053058,0.062974654,1.031368,-0.08722907
69764000,0.030949121,0.506919,-0.0015327185,0.062783055,1.042895,-0.0817456
69772000,0.03131645,0.5170105,-0.002737537,0.06268292,1.0541255,-0.07666692
69780000,0.03164104,0.52735674,-0.0038888752,0.062521845,1.0650585,-0.071972035
69788000,0.03196668,0.5377496,-0.004989326,0.062349815,1.0755116,-0.067552015
69796000,0.032293364,0.5481859,-0.006041616,0.062183935,1.0854473,-0.063523754
69804000,0.032621045,0.5586624,-0.007049069,0.062010154,1.0949014,-0.059816424
69812000,0.03290183,0.5693625,-0.008009598,0.061727967,1.1041111,-0.05641209
69820000,0.033183705,0.58009493,-0.008930668,0.06151278,1.1129146,-0.05326696
69828000,0.03347649,0.5908583,-0.009814665,0.061365888,1.1213293,-0.050330058
69836000,0.033771012,0.60164934,-0.010663196,0.06124316,1.129344,-0.047599677
69844000,0.03402071,0.61260617,-0.011476085,0.061056454,1.1371763,-0.0450687
69852000,0.034272633,0.62358457,-0.01225704,0.060879845,1.1446424,-0.042656254
69860000,0.03452651,0.634583,-0.013007373,0.060693238,1.1517906,-0.040402547
69868000,0.034782242,0.6456029,-0.013727874,0.06046837,1.1597718,-0.03808228
69876000,0.034995057,0.6567684,-0.014405489,0.060224857,1.1694386,-0.035589304
69884000,0.035210054,0.6679764,-0.015051708,0.059979014,1.1800405,-0.03299396
69892000,0.03542737,0.6792336,-0.015673786,0.059788454,1.191195,-0.03046216
69900000,0.03566188,0.6905452,-0.016265407,0.05956681,1.2026191,-0.02799005
69908000,0.03589826,0.70191216,-0.016827479,0.05934586,1.2141743,-0.025691498
69916000,0.03608063,0.7134041,-0.017347172,0.05908465,1.225783,-0.023496687
69924000,0.036265552,0.7249517,-0.017840222,0.058835637,1.2372375,-0.021462647
69932000,0.036453158,0.7365546,-0.01830779,0.05860256,1.2485856,-0.019487137
69940000,0.036643155,0.7482128,-0.018750489,0.058364797,1.259841,-0.017590128
69948000,0.036785185,0.7599968,-0.019161895,0.058055773,1.2709726,-0.015817665
69956000,0.03692973,0.77183324,-0.019550651,0.057720147,1.2818377,-0.0141303325
69964000,0.037076738,0.78372127,-0.019917712,0.057379223,1.2925587,-0.012540697
69972000,0.037246786,0.7956616,-0.020264879,0.057087097,1.3032132,-0.011056068
69980000,0.037371982,0.8077196,-0.020596176,0.05675426,1.3138593,-0.009598299
69988000,0.037499998,0.8198277,-0.020908102,0.056429442,1.324347,-0.00823501
69996000,0.037630748,0.83198524,-0.021201164,0.05610685,1.334664,-0.006872244
70004000,0.037763968,0.8441918,-0.021475747,0.055763282,1.3448956,-0.00556445
70012000,0.037847407,0.8565175,-0.021737203,0.055415463,1.3551295,-0.0042938255
70020000,0.03793399,0.86889106,-0.02198118,0.0550465,1.3652488,-0.0030599593
70028000,0.03802352,0.8813128,-0.022207677,0.054685626,1.3753607,-0.0017889143
70036000,0.038140856,0.89378303,-0.022430062,0.054382917,1.385427,-0.0005961338
70044000,0.038207848,0.90638024,-0.022637606,0.05398921,1.3956019,0.0007182973
70052000,0.03827799,0.9190261,-0.022827268,0.053632326,1.405798,0.002059581
70060000,0.03835144,0.93172115,-0.022999361,0.053274125,1.4160143,0.0033475475
70068000,0.03842806,0.9444666,-0.023153797,0.052939467,1.426312,0.004723576
70076000,0.038460586,0.9573418,-0.02328825,0.05259809,1.4366707,0.006096546
70084000,0.03849681,0.9702678,-0.023404613,0.052179635,1.4471083,0.00761055
70092000,0.03853614,0.98324585,-0.023502111,0.051762465,1.4576277,0.009184378
70100000,0.038578562,0.9962773,-0.023581102,0.0513614,1.4682556,0.010728525
70108000,0.038610652,1.0094287,-0.023645625,0.05096827,1.4790994,0.012393017
