timestamp,x,y,z,vx,vy,vz
6624000,8.013505e-05,4.4349996e-05,0.00019953476,0.00093162584,0.00047590345,0.001830742
6632000,8.782676e-05,4.7939775e-05,0.00021979862,0.0009771629,0.00042277368,0.001911057
6640000,9.594696e-05,5.120304e-05,0.00024113787,0.0010530312,0.00041519068,0.0020264667
6648000,0.00010455862,5.466686e-05,0.00026368976,0.0010742339,0.00045685127,0.0021454585
6656000,0.000113489274,5.837214e-05,0.00028734066,0.0011480842,0.0004611121,0.0022413575
6668000,0.0001228302,6.217857e-05,0.0003120558,0.0011582483,0.0005028295,0.0023510798
6672000,0.00013208063,6.619167e-05,0.00033792696,0.0011492932,0.0005042029,0.0024720966
6680000,0.00014151286,7.040072e-05,0.00036482245,0.0011924885,0.00056597596,0.0025616675
6692000,0.00015120197,7.5072836e-05,0.00039253707,0.0012039323,0.0005984707,0.0026181687
6696000,0.0001610491,8.016981e-05,0.00042096328,0.0012480863,0.00067895243,0.0027161809
6704000,0.0001714257,8.549734e-05,0.0004502947,0.0013221537,0.00065300683,0.0027824254
6712000,0.00018245215,9.080462e-05,0.00048047467,0.0014140854,0.0006697981,0.0028853773
6720000,0.00019409692,9.643035e-05,0.0005113349,0.0014467656,0.00075734296,0.0029124643
6728000,0.00020594084,0.00010279821,0.0005426266,0.0014915814,0.00081790687,0.0029536688
6736000,0.00021806199,0.000109518885,0.00057427725,0.0014905793,0.00085738883,0.0029925674
6744000,0.00023031788,0.00011650283,0.00060638826,0.0015240695,0.0008854317,0.0030195778
6752000,0.00024285304,0.00012351858,0.00063908123,0.0015580102,0.0008578029,0.003110455
6760000,0.00025324032,0.0001291823,0.00065625965,0.0015369665,0.0008468976,0.0031047158
6768000,0.00026348382,0.0001347736,0.00067277596,0.0015458608,0.0008538506,0.0029975974
6776000,0.00027365066,0.00014030955,0.00068833126,0.0015781049,0.0008498127,0.0029187053
6784000,0.0002838538,0.00014583477,0.00070304406,0.0015697159,0.00088511035,0.0028528338
6792000,0.00029382447,0.00015144049,0.0007165902,0.0015768834,0.00088337227,0.0026813874
6800000,0.0003035337,0.00015674767,0.0007288314,0.0015527644,0.0008383688,0.0026109992
6808000,0.00031311563,0.00016159914,0.00074014923,0.0015851205,0.00080019573,0.0025113418
6816000,0.00032273223,0.00016619184,0.00075019675,0.0016023103,0.0008005506,0.0023887048
6824000,0.00033229555,0.0001706171,0.0007594269,0.0016183974,0.0007759,0.0023681398
6832000,0.0003419072,0.00017489355,0.0007676504,0.0016316387,0.0007990012,0.0022328454
6840000,0.000351162,0.00017922767,0.00077446876,0.0016218666,0.0008160903,0.002135283
6848000,0.0003603946,0.0001837918,0.0007804136,0.0016273684,0.00086759735,0.0020742523
6856000,0.00036935275,0.00018834912,0.0007854108,0.0016121182,0.0008545639,0.0019939481
6864000,0.0003779366,0.00019299258,0.0007892924,0.0015894432,0.0009108223,0.0019135243
6872000,0.00038635958,0.00019786072,0.00079223997,0.0015959527,0.0009158064,0.0018522285
6880000,0.00039460917,0.0002023985,0.00079420203,0.0016008,0.0008821368,0.0017822988
6888000,0.00040261028,0.0002068862,0.0007950856,0.0015694576,0.00091963564,0.0016820158
6896000,0.00041035988,0.00021140125,0.00079481635,0.0015803339,0.0009113,0.001611437
6904000,0.0004180497,0.00021580944,0.0007935116,0.0016104097,0.0009268914,0.0015408553
6912000,0.0004256882,0.00022036431,0.00079127826,0.0016042583,0.0009712992,0.0014786699
6920000,0.00043310638,0.00022507408,0.0007880262,0.0015978076,0.0009891462,0.0014180975
6928000,0.00044039413,0.0002296351,0.0007837105,0.001623171,0.00097190234,0.0013049078
6936000,0.00044768828,0.00023422674,0.000778263,0.0016107883,0.0010139694,0.0012549356
6944000,0.0004546735,0.00023888722,0.0007720033,0.0016230808,0.0010096293,0.0011773049
6952000,0.00046176635,0.00024345815,0.0007649863,0.0016521774,0.0010157995,0.001146194
6960000,0.0004690096,0.00024783646,0.00075725996,0.0016967673,0.00097393646,0.001080612
6968000,0.0004756421,0.00025176737,0.00074885914,0.0017077313,0.0009613681,0.001002143
6976000,0.00048223292,0.00025553067,0.00073983485,0.0017382232,0.00093158067,0.0010119898
6984000,0.0004893318,0.00025879176,0.00073059276,0.0018090631,0.00087577506,0.0009860721
6992000,0.00049655646,0.0002617042,0.0007206436,0.0018327299,0.00085151015,0.0008943229
7000000,0.00050379196,0.00026427433,0.0007097993,0.0018236282,0.0008238844,0.0008159046
7008000,0.00051055953,0.00026660154,0.0006982049,0.0017740729,0.00081440806,0.00071870035
7016000,0.0005170151,0.0002688898,0.0006853654,0.0017583814,0.0008333121,0.00056885433
7024000,0.0005233467,0.00027115244,0.0006719319,0.0017582491,0.0008137565,0.00060068804
7032000,0.0005295158,0.00027325127,0.00065844925,0.0017460122,0.0008207968,0.00055453955
7040000,0.0005354871,0.00027551767,0.0006444143,0.0017150646,0.00086549664,0.00050094625
7048000,0.0005413451,0.00027796926,0.0006299178,0.0017534503,0.0008845632,0.00044984397
7056000,0.00054731907,0.00028053505,0.00061482535,0.0017488776,0.00090282277,0.0003713607
7064000,0.00055307755,0.00028312963,0.0005994155,0.001717932,0.00090681587,0.00034770888
7072000,0.0005585049,0.0002858395,0.0005835152,0.0016844727,0.00095009815,0.00025980567
7080000,0.0005637882,0.00028863506,0.0005667614,0.001690783,0.00092750054,0.00014507966
7088000,0.0005689262,0.00029128592,0.00054953835,0.0016803299,0.00093114865,0.000119903
7096000,0.00057408167,0.00029383457,0.0005321498,0.0016865674,0.000919979,8.3922845e-05
7104000,0.00057929254,0.00029636052,0.00051425135,0.0017009929,0.0009240237,-1.3112067e-05
7112000,0.0005845103,0.00029865163,0.00049589184,0.001690746,0.00087864354,-4.708535e-05
7120000,0.0005895523,0.0003006485,0.00047734816,0.0016785081,0.0008680204,-0.00011297925
7128000,0.0005946638,0.0003024336,0.00045806452,0.0017174929,0.00081801054,-0.00020726568
7136000,0.0005998042,0.0003037511,0.00043839504,0.0016860652,0.0007537823,-0.00027988505
7144000,0.00060480356,0.00030442356,0.00041820746,0.0016824775,0.00069431047,-0.00034001246
7156000,0.0006097452,0.00030490704,0.00039782474,0.0016755052,0.0006658902,-0.00037970478
7164000,0.00061463885,0.00030499982,0.00037715072,0.0016827366,0.00064366416,-0.0004510324
7172000,0.0006196343,0.00030508448,0.00035624858,0.0016887856,0.00064237096,-0.00045528793
7180000,0.00062256795,0.00030439012,0.00033673324,0.0016792142,0.0006186412,-0.00044734828
7188000,0.0006256753,0.00030368523,0.00031720317,0.001722888,0.00062420586,-0.00047763065
7196000,0.0006290349,0.00030296657,0.00029779598,0.0017070752,0.000629925,-0.00046941548
7204000,0.00063224527,0.00030223338,0.0002782485,0.0016997894,0.0006007631,-0.0005473799
7212000,0.00063533854,0.00030147616,0.00025830808,0.0016677153,0.00062468136,-0.0005958737
7220000,0.00063827797,0.0003010376,0.00023806286,0.0016487683,0.00067493645,-0.00067096733
7228000,0.0006412031,0.00030084455,0.00021734813,0.001647597,0.00067270786,-0.00075082784
7236000,0.0006439762,0.0003006005,0.00019665889,0.0016116181,0.0006652498,-0.00071268826
7244000,0.00064667675,0.0003002181,0.00017648855,0.0016166621,0.00065668364,-0.00067523983
7252000,0.0006495388,0.00030000377,0.00015655711,0.0016294307,0.0006647919,-0.0006860909
7260000,0.0006524423,0.0002996601,0.0001365102,0.0016293582,0.00065749156,-0.0007669768
7268000,0.0006557453,0.0002997125,0.00011621002,0.0016848742,0.0007210696,-0.00078377035
7276000,0.0006591119,0.00029980764,9.5737385e-05,0.0016560496,0.000688065,-0.0008599921
7284000,0.0006625472,0.00029977004,7.494047e-05,0.0016829934,0.00066701596,-0.00092069764
7292000,0.0006663075,0.00029963566,5.4028147e-05,0.0017171302,0.00067141006,-0.0009245552
7300000,0.00067012414,0.0002995687,3.3448785e-05,0.0016758713,0.00063923106,-0.0009100581
7308000,0.0006739109,0.0002991995,1.3050696e-05,0.0016995952,0.0006266821,-0.0009155468
7316000,0.0006780097,0.00029882012,-7.332128e-06,0.001731913,0.00062078785,-0.0009677863
7324000,0.00068235997,0.00029854555,-2.7745642e-05,0.0017426559,0.0006279048,-0.00096266455
7332000,0.00068681163,0.00029845737,-4.807634e-05,0.0017342346,0.00066114584,-0.0010195869
7340000,0.0006912268,0.0002984684,-6.854342e-05,0.0017158635,0.00064613414,-0.0010141799
7348000,0.0006956037,0.00029853062,-8.86655e-05,0.0017172183,0.0006616964,-0.0010161707
7356000,0.0007002442,0.0002985475,-0.00010879597,0.0017420625,0.0006023964,-0.0010562231
7364000,0.0007051137,0.00029804828,-0.00012885769,0.0017618606,0.0005439703,-0.0010617686
7372000,0.0007101536,0.00029730413,-0.00014886257,0.0017542521,0.0005344113,-0.0010946922
7380000,0.00071520905,0.00029657915,-0.00016909753,0.0017509978,0.000524629,-0.0011596164
7388000,0.00071587897,0.000294529,-0.00018735102,0.0017633688,0.00056617457,-0.0011882125
7396000,0.0007167162,0.00029258267,-0.0002055685,0.0017851025,0.0005419607,-0.0012043368
7404000,0.0007177727,0.0002904095,-0.0002233114,0.0017703497,0.00053200044,-0.0011086188
7412000,0.00071872986,0.00028819437,-0.00024043494,0.0017565324,0.0005279924,-0.0010987273
7420000,0.0007197397,0.00028622412,-0.0002575205,0.0017372083,0.0005635667,-0.0011262838
7428000,0.0007207144,0.00028435676,-0.00027443617,0.0017171458,0.0005415821,-0.0011020679
7436000,0.00072176283,0.0002825154,-0.000291011,0.0017281717,0.0005649595,-0.0010810771
7444000,0.00072270824,0.00028106023,-0.00030745775,0.0016658403,0.0006062875,-0.0011034856
7452000,0.00072339055,0.00027980472,-0.00032387866,0.0016442799,0.0005913379,-0.0011235579
7460000,0.0007243291,0.0002781085,-0.00034042346,0.001675892,0.00051504554,-0.0011608412
7468000,0.0007256241,0.00027619867,-0.00035686843,0.0017076274,0.00050415145,-0.001155041
7476000,0.00072701543,0.0002743385,-0.0003734483,0.0016753317,0.0005106274,-0.0012084316
7480000,0.0007352032,0.00027447348,-0.0003950925,0.0016785007,0.00048585457,-0.0012495322
7488000,0.0007365907,0.00027250848,-0.00041187095,0.0016560326,0.00047151328,-0.0012684906
7500000,0.00073817885,0.00027042688,-0.00042894628,0.0016757107,0.00043442342,-0.0013163135
7508000,0.000740106,0.00026804404,-0.0004459945,0.0017198746,0.00039690893,-0.0013328176
7516000,0.00074205955,0.00026571474,-0.0004631362,0.0016582032,0.00042294856,-0.0013816445
7524000,0.0007438892,0.00026357654,-0.00048050756,0.0016540542,0.0004214525,-0.001422619
7532000,0.00074582815,0.00026139163,-0.00049787574,0.0016530238,0.00041463092,-0.001412377
7540000,0.0007476541,0.00025913384,-0.0005150486,0.0016030787,0.00036983064,-0.001419995
7548000,0.0007493728,0.0002566874,-0.00053191266,0.001593613,0.00036643932,-0.0013786772
7556000,0.0007511742,0.0002543114,-0.00054853526,0.0015995592,0.0003487078,-0.0014004704
7564000,0.0007529998,0.0002516725,-0.00056539313,0.001563738,0.0003101739,-0.0014732647
7572000,0.0007549272,0.00024897105,-0.0005826371,0.0015971095,0.00030774047,-0.0015032135
7580000,0.00075707416,0.00024623092,-0.0010018181,0.0015778438,0.00028294258,-0.0014653262
7588000,0.000759196,0.00024330238,-0.0014093509,0.0015632153,0.00023087778,-0.0015343701
7596000,0.0007556603,0.0002384098,-0.0018055206,0.0015550832,0.00014342167,-0.0015397918
7604000,0.0007523809,0.00023314454,-0.002190603,0.0015190857,0.000127198,-0.0015574378
7612000,0.00074912445,0.00022776255,-0.0025650635,0.0015324415,8.5895386e-05,-0.0015711882
7620000,0.0007461565,0.00022231309,-0.0029290905,0.0015428909,7.644373e-05,-0.0015972547
7628000,0.00074328255,0.00021662095,-0.002143057,0.0014955725,2.3111112e-05,-0.0015881689
7636000,0.00073810737,0.00020989962,-0.0013028048,0.0014355656,3.7430173e-06,-0.0015704108
7644000,0.0007335061,0.00020318708,-0.00050485134,0.0014567301,-4.3420154e-05,-0.0016421007
7652000,0.00072733185,0.00019584082,0.00032825582,0.0013964399,-1.76044e-05,-0.0017124685
7660000,0.0007218137,0.00018912877,0.0011093561,0.0013678856,1.619438e-05,-0.0017547668
7668000,0.0007166877,0.00018287881,0.002512928,0.0013316694,1.5668329e-05,-0.0018136114
7676000,0.00071210985,0.00017696818,0.0038443953,0.0013482803,4.1309257e-05,-0.001883838
7684000,0.0007079812,0.00017144841,0.0051125214,0.0013210379,4.875549e-05,-0.0019839425
7692000,0.0007043453,0.00016580538,0.006324634,0.0013549607,-2.4858804e-05,-0.0019850403
7700000,0.0007013173,0.0001599824,0.0074872635,0.0013892512,-3.2000095e-05,-0.0019307829
7708000,0.00069867395,0.00015439185,0.0086047985,0.0013572617,-7.969743e-06,-0.0019561267
7716000,0.00069619087,0.00014928158,0.009680513,0.0013619522,5.4266355e-05,-0.0020065238
7724000,0.0006938544,0.00014462265,0.009488635,0.0013322963,6.9391055e-05,-0.001998551
7732000,0.00069140183,0.0001400337,0.009302444,0.0012674417,5.4309512e-05,-0.002013502
7740000,0.00068890856,0.00013553139,0.009121537,0.0012716597,7.271871e-05,-0.0020208382
7748000,0.00068666594,0.0001313347,0.008945722,0.0012939849,0.00010715607,-0.002058986
7756000,0.00068477076,0.00012722169,0.008774586,0.0012794728,4.3389202e-05,-0.0020715916
7764000,0.00068285776,0.0001226697,0.008608066,0.0012763874,1.7973642e-05,-0.002063644
7772000,0.00068149104,0.0001182185,0.008518905,0.0013455283,2.0483436e-05,-0.0021505011
7780000,0.00068052387,0.000113548376,0.008431253,0.0013458913,-3.551923e-05,-0.0021883775
7788000,0.0006796493,0.00010875749,0.008345443,0.001309867,-3.2733566e-05,-0.002247468
7796000,0.00067381497,0.00010386999,0.008261675,0.0013392417,7.2184775e-07,-0.0022598184
7804000,0.0006683682,9.926766e-05,0.008179719,0.001352123,5.738746e-06,-0.002311208
7812000,0.0006631051,9.4766954e-05,0.008099514,0.0013164339,1.9882686e-05,-0.0022713626
7820000,0.00065759046,9.033696e-05,0.009793822,0.0011468874,0.0005174502,-0.0023148514
7828000,0.0006509788,9.014201e-05,0.011437789,0.0011015489,0.0005092904,-0.0023139105
7836000,0.0006442919,9.0217756e-05,0.013033282,0.0010891894,0.0005335332,-0.0023117103
7844000,0.0006376245,9.085333e-05,0.014581539,0.0010728791,0.00059700443,-0.00234786
7852000,0.00063098286,9.208675e-05,0.016084176,0.0010469966,0.0006154814,-0.00232239
7860000,0.0006239509,9.3633214e-05,0.017542753,0.00095003616,0.00062638393,-0.002274313
7868000,0.0006163892,9.544716e-05,0.0171545,0.00087923015,0.000630679,-0.0022140904
7876000,0.0006084871,9.754154e-05,0.016776955,0.00083340175,0.00064252934,-0.0022573546
7884000,0.0006001494,9.9808196e-05,0.016409298,0.00074725004,0.0006377434,-0.002309153
7892000,0.0005912633,0.000102203434,0.016051358,0.0006723263,0.0006288262,-0.0023380772
7904000,0.00058194064,0.00010494223,0.01570291,0.0005942732,0.0006718948,-0.0023696215
7908000,0.00057226466,0.000107823325,0.015363724,0.00057904416,0.00062530773,-0.0023930785
7916000,0.0005626186,0.000110381945,0.015033435,0.00057892123,0.000569488,-0.002446505
7924000,0.00055326504,0.000112931346,0.014124862,0.0006064518,0.0005620365,-0.0025084943
7932000,0.000544012,0.00011588032,0.0132415,0.0005795171,0.00062767294,-0.0025376917
7940000,0.0005345686,0.00011937912,0.012383281,0.0005356505,0.0006317989,-0.0024589647
7948000,0.0005248829,0.0001229557,0.011549634,0.0005072978,0.00061408716,-0.0024643403
7956000,0.00051525247,0.00012665265,0.01073939,0.0005126213,0.000626517,-0.0024676854
7964000,0.00050550664,0.00013072843,0.009951832,0.00046437542,0.000650979,-0.0025173004
7972000,0.00049532304,0.00013518875,0.009745531,0.00038874475,0.0006842704,-0.0025428405
7980000,0.0004846568,0.00014020214,0.00954455,0.000309215,0.00076157134,-0.0025422436
7988000,0.00047345686,0.00014558878,0.009348555,0.00022374142,0.0007789532,-0.0025928784
7996000,0.00046190244,0.00015113645,0.009157492,0.00020270531,0.00079521997,-0.0025797442
8004000,0.0004485939,0.00015516146,0.008972968,0.00017748564,0.000791272,-0.0025496632
8012000,0.0004352402,0.00015910379,0.0087932795,0.0001604736,0.00078551297,-0.002564271
8020000,0.00042190982,0.00016310549,0.008720763,0.00013526437,0.00078470114,-0.0025351082
8028000,0.00040845468,0.00016708231,0.008649897,9.96875e-05,0.0007879286,-0.002535564
8036000,0.0003948054,0.0001712276,0.00858062,3.7033424e-05,0.0007967622,-0.002507741
8044000,0.00038062912,0.00017541272,0.008513179,-5.2364085e-05,0.0008032909,-0.002451493
8052000,0.00036630433,0.00017977487,0.008447516,-3.661482e-05,0.00083096407,-0.002406731
8060000,0.00035217326,0.00018412198,0.008383567,-5.3721138e-05,0.0007924988,-0.0023897928
8068000,0.000338202,0.00018833052,0.008084402,-3.4608427e-05,0.0007997811,-0.0024165146
8076000,0.00032432118,0.00019256928,0.0077933664,-8.131605e-05,0.0007943281,-0.0024120659
8084000,0.0003102675,0.00019702138,0.0075104656,-0.00010800133,0.0008420979,-0.0023523457
8092000,0.00029632976,0.00020185717,0.0072355983,-8.478817e-05,0.0008798473,-0.0023260002
8100000,0.00028248588,0.00020683045,0.006968463,-0.0001320947,0.00087939535,-0.0022846006
8108000,0.0002686633,0.00021186774,0.0067088706,-0.00012123392,0.00087968423,-0.0022323928
8116000,0.0002549255,0.0002167337,0.0064568906,-0.00015837919,0.000856263,-0.0021591955
8124000,0.00024117444,0.00022174278,0.0066863378,-0.00014911006,0.00090100174,-0.002118453
8132000,0.00022764079,0.00022702389,0.0069090086,-0.0001683701,0.00093207526,-0.0020673315
8140000,0.000214118,0.00023266944,0.007124995,-0.00018143225,0.0009882333,-0.0020977936
8148000,0.00020073033,0.00023866797,0.0073342077,-0.0001691369,0.0010093756,-0.0020787944
8156000,0.00018764696,0.00024480626,0.007537265,-0.00017585936,0.001031958,-0.0020235956
8164000,0.0001745265,0.00025098503,0.0077342307,-0.00017712494,0.001034496,-0.0020234366
8172000,0.0001619768,0.0002574154,0.007619266,-0.00012480214,0.0010660875,-0.001994473
8180000,0.00014969519,0.00026401845,0.0075073084,-0.0001343956,0.0010849516,-0.0020032513
8188000,0.00013752183,0.00027081044,0.007398138,-0.00014800749,0.0011185654,-0.0019857895
8196000,0.00012526887,0.00027768538,0.007291792,-0.00019309184,0.0011060939,-0.001998928
8204000,0.00011279168,0.00028454396,0.0071879383,-0.00022059715,0.0011161529,-0.0020061322
8212000,0.00010195853,0.00028794984,0.007088936,-0.00016128339,0.0011123447,-0.0020305982
8220000,9.143881e-05,0.0002912742,0.0066815945,-0.00018529064,0.0011078153,-0.0020553304
8228000,8.104219e-05,0.00029444782,0.006285969,-0.00015791142,0.0010690951,-0.0019646399
8236000,7.127796e-05,0.00029717112,0.0059018643,-0.00012878285,0.0010213817,-0.0019621055
8244000,6.1796214e-05,0.0002996383,0.0055285282,-9.510381e-05,0.0010067485,-0.0019371823
8252000,5.272797e-05,0.00030191068,0.005165772,-9.7901175e-05,0.00098331,-0.0019353034
8260000,4.3797943e-05,0.00030400394,0.0048133596,-0.000116991956,0.0009532092,-0.0018824849
8268000,3.4828478e-05,0.00030563225,0.0038361903,-0.00012449756,0.0008967952,-0.0019038287
8276000,2.6414218e-05,0.00030695996,0.0028866827,-7.159521e-05,0.0008873687,-0.0019269713
8284000,1.817339e-05,0.0003083242,0.0019641854,-0.00011480072,0.00089427416,-0.001927885
8292000,9.92621e-06,0.00030936702,0.0010682195,-0.00013152807,0.0008236178,-0.0018962043
8300000,1.7802109e-06,0.00031004156,0.0001978632,-0.00014237115,0.00082236255,-0.0019178544
8308000,-6.38658e-06,0.00031057233,-0.0006477609,-0.00016919815,0.00076908915,-0.0019183203
8316000,-1.4435994e-05,0.00031038214,-0.0014691092,-0.00018069614,0.00066344556,-0.0018818945
8324000,-2.2299104e-05,0.00030941982,-0.0023087915,-0.00017322063,0.0006004704,-0.0018456576
8332000,-2.987502e-05,0.00030813922,-0.0031243712,-0.00015148852,0.00057324977,-0.0018303266
8340000,-3.733878e-05,0.0003064236,-0.003916478,-0.00020760408,0.0005059366,-0.0018258012
8348000,-4.481128e-05,0.00030425514,-0.004686214,-0.00019506851,0.00047461328,-0.0018749587
8356000,-5.196012e-05,0.0003018551,-0.005433999,-0.00016726114,0.0004656914,-0.0018668256
8364000,-5.8494556e-05,0.00029956852,-0.0061605647,-0.00013303364,0.00047975217,-0.0019006393
8372000,-6.487131e-05,0.0002969722,-0.0071884207,-0.00014893363,0.0004077478,-0.0019427767
8380000,-7.11646e-05,0.00029401554,-0.008186987,-0.00015318095,0.00041275268,-0.0019485921
8388000,-7.716413e-05,0.0002909809,-0.00915692,-0.00014309381,0.00037836077,-0.0019481474
8396000,-8.269643e-05,0.00028759387,-0.01009929,-8.694916e-05,0.00031925616,-0.0019809867
8404000,-8.764051e-05,0.00028380283,-0.011014633,-3.6782752e-05,0.00025149577,-0.0019641467
8412000,-9.198055e-05,0.00027955478,-0.01190375,-8.670786e-06,0.00020851467,-0.0019552207
8420000,-9.5118514e-05,0.00027315173,-0.012581935,-1.4830234e-05,0.00016581637,-0.0019334105
8428000,-9.824701e-05,0.00026631507,-0.013240507,-5.705883e-05,0.0001041839,-0.001891814
8436000,-0.00010163229,0.0002592226,-0.013879726,-9.440186e-05,8.353518e-05,-0.0018348376
8444000,-0.0001048849,0.0002517929,-0.014500549,-9.527204e-05,4.069879e-05,-0.0018590656
8452000,-0.00010818366,0.00024389138,-0.015103502,-0.00015372866,-4.745898e-05,-0.0018198744
8460000,-0.00011172439,0.00023551902,-0.015688986,-0.00018319488,-9.365626e-05,-0.0018407082
8468000,-0.00011509709,0.00022682009,-0.016162965,-0.00016376257,-0.00012225827,-0.0018756717
8476000,-0.00011829696,0.0002179469,-0.016623575,-0.00018541502,-0.0001435491,-0.0018905224
8488000,-0.00012157642,0.00020905171,-0.01707106,-0.00020498989,-0.00015105554,-0.0018826558
8496000,-0.00012470556,0.0001998602,-0.017505812,-0.00022263973,-0.0002118171,-0.0019229718
8508000,-0.0001279045,0.00019046533,-0.017928269,-0.00022614769,-0.00022025064,-0.0019069766
8512000,-0.00013063896,0.00018092574,-0.018338405,-0.0001913005,-0.0002478702,-0.0018831892
8520000,-0.00013310074,0.00017133055,-0.01873657,-0.00016802906,-0.00026189274,-0.0018443497
8528000,-0.00013554386,0.0001615954,-0.019070543,-0.00022559894,-0.000287848,-0.0018996772
8536000,-0.00013811188,0.00015166476,-0.019395282,-0.00023510559,-0.00032254908,-0.0019330273
8544000,-0.0001402816,0.0001414592,-0.019711025,-0.00017481986,-0.00036147222,-0.0019662129
8552000,-0.00014210395,0.00013107399,-0.020017922,-0.00019178318,-0.0004023196,-0.0019694478
8560000,-0.00014400859,0.000120057164,-0.020315874,-0.00021805549,-0.0005053337,-0.0019155506
8568000,-0.0001459881,0.00010869997,-0.020605212,-0.00024682243,-0.00052499154,-0.0019491613
8576000,-0.00014796865,9.696453e-05,-0.020602472,-0.00023581948,-0.0006126677,-0.0019670432
8584000,-0.00014944653,8.458388e-05,-0.02059986,-0.00017692713,-0.0006788125,-0.0019325614
8592000,-0.00015064978,7.183171e-05,-0.020597283,-0.00020500876,-0.00074452424,-0.0019402978
8600000,-0.0001517871,5.8769423e-05,-0.0205951,-0.00017617282,-0.00075673213,-0.0019833986
8608000,-0.0001526941,4.580298e-05,-0.020593276,-0.00016110415,-0.0007750501,-0.0019527244
8616000,-0.00015358198,3.25977e-05,-0.02059128,-0.00018123386,-0.00082800275,-0.0019300656
8624000,-0.00015437268,1.9156076e-05,-0.020292409,-0.00019965069,-0.0008361474,-0.0018574406
8632000,-0.00015645444,6.903372e-06,-0.019999374,-0.00019337451,-0.0008707221,-0.0018929928
8640000,-0.00015839335,-5.4152347e-06,-0.019714873,-0.00018948234,-0.0008669518,-0.0018369472
8648000,-0.00016019463,-1.7711744e-05,-0.019438574,-0.00020686642,-0.00091291376,-0.0018860957
8656000,-0.00016218553,-3.0282199e-05,-0.019170491,-0.00024310815,-0.00092147966,-0.0018767046
8664000,-0.00016415348,-4.2878743e-05,-0.018910242,-0.00022217723,-0.00096350344,-0.001887855
8672000,-0.00016563393,-5.590547e-05,-0.018674213,-0.00017710491,-0.001038354,-0.001896195
8680000,-0.00016693228,-6.9048394e-05,-0.018445209,-0.0001656694,-0.001027088,-0.0019177373
8688000,-0.00016833868,-8.22437e-05,-0.018223152,-0.00024042607,-0.0010653702,-0.0019361969
8696000,-0.00016978789,-9.5533105e-05,-0.018007487,-0.00018960184,-0.0010796292,-0.0019125049
8704000,-0.00017069219,-0.00010872305,-0.01779823,-0.0001430788,-0.001077477,-0.0019371093
8712000,-0.00017146718,-0.00012190743,-0.017595332,-0.00015961524,-0.0010857512,-0.0019502477
8720000,-0.00017207471,-0.00013496263,-0.017398508,-0.00012126543,-0.0010873467,-0.0019797762
8728000,-0.00017236736,-0.00014810052,-0.017036026,-9.55833e-05,-0.0011230697,-0.0019264808
8736000,-0.00017241592,-0.00016134101,-0.016683757,-9.828551e-05,-0.001145593,-0.0019087075
8744000,-0.00017254529,-0.00017463657,-0.016341724,-0.000105119136,-0.0011547152,-0.0019079292
8756000,-0.00017255839,-0.00018772266,-0.016009653,-9.9387464e-05,-0.0011303994,-0.0018835502
8760000,-0.00017258317,-0.00020055566,-0.015687209,-0.00011654491,-0.0011159074,-0.0018624885
8768000,-0.00017288627,-0.00021336759,-0.015374128,-0.00018421028,-0.0011504231,-0.0019114818
8776000,-0.00017349373,-0.0002262956,-0.015364211,-0.00018040337,-0.0011850656,-0.0019011162
8784000,-0.00017370474,-0.00023915476,-0.01535449,-0.00013540557,-0.0011413726,-0.0018759888
8792000,-0.00017376656,-0.00025177747,-0.015345164,-0.00014617862,-0.001164787,-0.0018802199
8800000,-0.00017397138,-0.00026453377,-0.015336587,-0.00016944081,-0.0011896454,-0.0019518085
8808000,-0.00017428427,-0.00027712592,-0.015328916,-0.0001930848,-0.0011852821,-0.0019871814
8816000,-0.0001747187,-0.00028955154,-0.015321589,-0.00019666486,-0.0011787147,-0.0019349863
8824000,-0.00017517142,-0.0003020622,-0.015272379,-0.00021198609,-0.0012158871,-0.0019318192
8832000,-0.00017580905,-0.00031462015,-0.01522498,-0.00025064175,-0.0012316096,-0.001940072
8840000,-0.00017712385,-0.00032362418,-0.015175223,-0.0002682938,-0.0012631681,-0.0018853717
8848000,-0.00017840986,-0.00033256298,-0.015126796,-0.00025273534,-0.0012565647,-0.0018917079
8856000,-0.00017978225,-0.00034145155,-0.015080215,-0.00029554052,-0.0012580943,-0.0019314614
8864000,-0.00018146451,-0.00035017775,-0.015035462,-0.00034570848,-0.0012304195,-0.0019897912
8872000,-0.00018330249,-0.00035872246,-0.015150858,-0.00033473017,-0.0012423598,-0.0019614515
8880000,-0.00018508329,-0.00036702503,-0.015262708,-0.0003297416,-0.0011941837,-0.0019192926
8888000,-0.00018674161,-0.00037484273,-0.015371356,-0.00033844518,-0.0011553289,-0.0019126724
8896000,-0.00018847393,-0.00038271945,-0.015476795,-0.0003284996,-0.0012135046,-0.0018648523
8904000,-0.00019000152,-0.00039075656,-0.0155791,-0.00030689544,-0.0012245105,-0.0018512274
8912000,-0.00019136402,-0.0003988488,-0.015678465,-0.0003044704,-0.0012317053,-0.001805479
8920000,-0.00019273738,-0.00040682557,-0.01577488,-0.00030251677,-0.001232823,-0.0018084197
8928000,-0.00019401636,-0.00041440348,-0.015884949,-0.00028335946,-0.0011472924,-0.0017875623
8936000,-0.00019512611,-0.0004213596,-0.015991997,-0.000269321,-0.0011154797,-0.0018131892
8944000,-0.0001960302,-0.0004281319,-0.016096141,-0.00024925594,-0.0011033606,-0.0017835372
8952000,-0.00019708836,-0.0004347753,-0.016197454,-0.00029829735,-0.0011161283,-0.0018161249
8960000,-0.00019836427,-0.00044150578,-0.016296243,-0.00031767885,-0.0011445823,-0.0018554832
8968000,-0.00019969967,-0.00044860833,-0.016392486,-0.0003056842,-0.0012304423,-0.0018184572
8976000,-0.00020086822,-0.00045601773,-0.01603446,-0.00028028857,-0.0012336123,-0.0017649089
8984000,-0.0002017622,-0.00046321822,-0.01568645,-0.00025672966,-0.0012078909,-0.001718116
8992000,-0.00020248556,-0.00047027608,-0.015348715,-0.00024104488,-0.0012061937,-0.0017608607
9000000,-0.00020319418,-0.00047708568,-0.0150209535,-0.0002620953,-0.0011888881,-0.0017385397
9008000,-0.00020449424,-0.00048397813,-0.0147028025,-0.00031577496,-0.0011943958,-0.0017685122
9016000,-0.00020603975,-0.00049066683,-0.014394136,-0.00033574202,-0.0011706155,-0.0017578499
9024000,-0.0002077343,-0.00049712113,-0.01424096,-0.000352231,-0.0011573478,-0.0017532409
9032000,-0.00020952318,-0.00050350704,-0.014092388,-0.0003648188,-0.0011615577,-0.0017486196
9040000,-0.00021137884,-0.00051008264,-0.01394831,-0.00037530242,-0.0012099524,-0.0017647247
9048000,-0.00021315,-0.0005126769,-0.013804715,-0.00041440624,-0.0011730017,-0.0018032722
9056000,-0.0002153767,-0.00051495904,-0.0136656035,-0.00048302652,-0.0011536934,-0.0017866051
9064000,-0.00021795432,-0.0005173787,-0.013530679,-0.0005168641,-0.0012065943,-0.0018246227
9072000,-0.00022078295,-0.00051990343,-0.013488633,-0.0005293488,-0.0011836026,-0.0018128364
9080000,-0.00022358938,-0.00052227435,-0.013448006,-0.0005148112,-0.0011638554,-0.001825911
9088000,-0.00022631731,-0.00052439474,-0.013408659,-0.00052070426,-0.0011368783,-0.0018207685
9096000,-0.00022894978,-0.00052633294,-0.013370634,-0.00048739312,-0.0011133461,-0.0018022606
9104000,-0.000231348,-0.00052812544,-0.013333712,-0.0004677274,-0.0011094694,-0.001796246
9112000,-0.0002338828,-0.0005298372,-0.013298044,-0.0005301987,-0.0010945204,-0.0017964462
9120000,-0.0002367489,-0.000531298,-0.01326362,-0.00053885696,-0.0010345187,-0.0018120981
9128000,-0.0002396789,-0.0005323348,-0.013319165,-0.0005348214,-0.0010163579,-0.0018519231
9136000,-0.00024265639,-0.000533304,-0.013373279,-0.00057845423,-0.0010095219,-0.0018174665
9144000,-0.00024598328,-0.00053413963,-0.01342573,-0.0006009875,-0.0009802349,-0.0017920216
9152000,-0.00024924133,-0.00053485675,-0.013476792,-0.00058181613,-0.00097302604,-0.0017876616
9160000,-0.000252434,-0.0005354137,-0.013526427,-0.00057184964,-0.0009589197,-0.001751696
9168000,-0.0002557874,-0.0005359542,-0.013574832,-0.0006295349,-0.00095322524,-0.0017894164
9176000,-0.00025954726,-0.00053630286,-0.01298834,-0.0006729729,-0.00092756015,-0.0017360762
9184000,-0.00026366886,-0.0005364695,-0.012418771,-0.0007151568,-0.0008826287,-0.001743449
9192000,-0.0002680591,-0.000536173,-0.01186569,-0.0007331527,-0.00084011746,-0.0017178282
9200000,-0.0002724647,-0.00053562067,-0.011328838,-0.0007324515,-0.0007983281,-0.001748706
9208000,-0.0002768661,-0.0005346397,-0.010807773,-0.00071284856,-0.00073483615,-0.0017401848
9220000,-0.00028119644,-0.0005332039,-0.010301558,-0.00072140875,-0.0006814853,-0.0016577684
9228000,-0.00028546655,-0.0005316145,-0.009810301,-0.0007024581,-0.00069008954,-0.0016727879
9236000,-0.00028966006,-0.0005299336,-0.009333508,-0.00069825625,-0.0006671578,-0.0016770873
9244000,-0.00029383576,-0.00052817113,-0.008870616,-0.0007027514,-0.00064070564,-0.0016398365
9252000,-0.0002979783,-0.0005260717,-0.008420949,-0.00069424254,-0.00058239425,-0.0016120061
9260000,-0.00030109737,-0.0005207209,-0.007980386,-0.0007187691,-0.0005564684,-0.0015943837
9268000,-0.00030410354,-0.0005150301,-0.007552388,-0.00067397987,-0.00048546246,-0.0015467576
9276000,-0.00030663982,-0.00050916447,-0.0071754637,-0.0006053769,-0.0005070445,-0.001506935
9284000,-0.0003087655,-0.00050325005,-0.00680946,-0.0005673627,-0.00043489898,-0.0015085018
9292000,-0.0003108705,-0.0004969766,-0.006454007,-0.0005968757,-0.00042491697,-0.0014719974
9300000,-0.00031318833,-0.00049065123,-0.006109037,-0.00061708066,-0.0003992121,-0.0015269112
9308000,-0.00031543494,-0.00048441486,-0.005774394,-0.0005841791,-0.00043442767,-0.001491832
9316000,-0.00031751615,-0.00047849855,-0.00544925,-0.00055531174,-0.00046398994,-0.0014792221
9324000,-0.00031909553,-0.00047287226,-0.0051335166,-0.0004706482,-0.0005036347,-0.0014301584
9332000,-0.0003202493,-0.00046761677,-0.004919517,-0.00047223523,-0.00051376794,-0.0013874638
9340000,-0.00032150996,-0.00046231164,-0.0047115106,-0.00047203733,-0.0004947475,-0.0013326725
9348000,-0.00032287286,-0.0004568786,-0.004509207,-0.0005003765,-0.00046615175,-0.0012869902
9356000,-0.00032413966,-0.00045146726,-0.0043124305,-0.00044008638,-0.00048298927,-0.0011910447
9364000,-0.0003250556,-0.00044613815,-0.004120903,-0.00041857437,-0.00047562958,-0.0011716873
9372000,-0.00032596072,-0.00044073843,-0.0039350935,-0.0004363475,-0.00043160538,-0.0011891897
9380000,-0.00032676395,-0.00043500547,-0.00348303,-0.00040319643,-0.0003912462,-0.0011917981
9388000,-0.00032754694,-0.00042910298,-0.0030439897,-0.0004116317,-0.00037931243,-0.001170313
9396000,-0.00032815256,-0.00042322787,-0.0026178453,-0.00037402924,-0.00036984676,-0.0012115223
9404000,-0.0003285434,-0.00041719704,-0.0022044806,-0.00035832782,-0.0003381607,-0.001248531
9412000,-0.00032905498,-0.00041114425,-0.0018034577,-0.0003688231,-0.00036908445,-0.0012546707
9420000,-0.0003296708,-0.0004053897,-0.0014140392,-0.00038787513,-0.00037249125,-0.0012100771
9428000,-0.00033045033,-0.00039952615,-0.001154989,-0.00038711727,-0.00035684294,-0.0011460517
9436000,-0.0003310923,-0.00039393717,-0.00090335356,-0.00037519608,-0.00041913445,-0.0011341459
9444000,-0.0003318925,-0.0003889039,-0.0006591743,-0.0004059933,-0.00046046328,-0.001131391
9452000,-0.00033263493,-0.00038407484,-0.00042209076,-0.00037631046,-0.00046174883,-0.0011215962
9460000,-0.0003331385,-0.00037927067,-0.00019208575,-0.0003495813,-0.0004511851,-0.0011342723
9472000,-0.0003312826,-0.00037397217,3.4876633e-05,-0.00032335203,-0.0004731864,-0.0010876133
9480000,-0.000329178,-0.00036877708,0.00015068427,-0.00029441816,-0.00048557043,-0.0010551343
9492000,-0.00032687586,-0.00036407885,0.00026310468,-0.00028827993,-0.00054949475,-0.0010361837
9500000,-0.00032473763,-0.00035961004,0.0003725458,-0.00030315883,-0.00052272744,-0.0009944339
9508000,-0.00032269326,-0.0003549236,0.0004787515,-0.000301902,-0.0004903695,-0.0009904485
9516000,-0.00032067794,-0.00035022828,0.0005817956,-0.0003109693,-0.00048152075,-0.0010001566
9524000,-0.000318664,-0.00034535266,0.0006814222,-0.0002986152,-0.0004342273,-0.0010395083
9532000,-0.00031645587,-0.0003403809,0.00077778264,-0.00024727386,-0.0004362722,-0.0010602932
9540000,-0.00031395655,-0.00033566993,0.0009910911,-0.00026273343,-0.00047050594,-0.0010826273
9548000,-0.0003118605,-0.00033108512,0.0011980352,-0.00029190208,-0.00045692097,-0.0010654334
9556000,-0.0003097572,-0.00032662685,0.0013988186,-0.00027694996,-0.0004672497,-0.0010994984
9564000,-0.00030756395,-0.00032211118,0.0015931055,-0.00025973926,-0.00042774124,-0.0011689803
9572000,-0.0003053321,-0.0003174899,0.00178152,-0.00025497263,-0.00041136728,-0.0011120399
9580000,-0.00030284282,-0.00031288492,0.001964646,-0.00020290237,-0.0004085568,-0.0010928229
9588000,-0.00030026055,-0.00030836265,0.002112303,-0.00023107763,-0.0004251859,-0.0010790557
9596000,-0.00029779514,-0.00030390458,0.0022554384,-0.00021482464,-0.00037215868,-0.0011150659
9604000,-0.0002952303,-0.00029897445,0.0023940755,-0.00021711501,-0.0003166519,-0.0010996591
9612000,-0.0002928092,-0.0002939173,0.0025284823,-0.00024102214,-0.00029924227,-0.0011032211
9620000,-0.0002903275,-0.00028852723,0.0026588836,-0.00019114347,-0.00022198471,-0.0010922023
9628000,-0.000287392,-0.00028283274,0.0027855372,-0.00014921879,-0.00019255269,-0.0010279006
9636000,-0.00028422478,-0.0002772843,0.0028315468,-0.00011995663,-0.00024537326,-0.0010116046
9644000,-0.00028083194,-0.00027127538,0.0028839826,-0.00012594799,-0.00022127981,-0.0010251596
9652000,-0.00027744705,-0.00026543654,0.002932839,-0.00011200605,-0.00024295926,-0.0010290401
9660000,-0.00027388654,-0.00026006953,0.002978573,-7.1283095e-05,-0.00025678801,-0.0010307455
9668000,-0.00027010354,-0.00025473454,0.0030218072,-5.8820704e-05,-0.00022655897,-0.000987795
9676000,-0.00026573913,-0.00024960816,0.0030660345,-7.160208e-05,-0.0002039505,-0.0009792587
9684000,-0.00026135775,-0.00024446016,0.0030648606,-5.8986363e-05,-0.00020564381,-0.0009638655
9692000,-0.00025688132,-0.0002395747,0.0030630513,-3.3410157e-05,-0.00022128057,-0.0010318744
9700000,-0.00025222733,-0.0002350483,0.0030605462,3.0258338e-06,-0.00027125442,-0.001036751
9708000,-0.0002474371,-0.00023084204,0.0030576151,-9.085339e-06,-0.00025088346,-0.0010740929
9716000,-0.00024277142,-0.00022659,0.003054148,-4.0004215e-07,-0.0002494485,-0.0010913734
9724000,-0.00023799513,-0.00022236818,0.0030503916,2.115899e-05,-0.00023002428,-0.0010976656
9732000,-0.00023315055,-0.00021815803,0.0030953388,1.3290306e-05,-0.0002340573,-0.0011344808
9740000,-0.00022848618,-0.00021403412,0.00313842,-8.382733e-06,-0.00021179453,-0.0011221595
9748000,-0.0002239017,-0.000209908,0.0031801132,1.6316832e-05,-0.00023415456,-0.0010701104
9756000,-0.00021911965,-0.00020630458,0.0032208005,2.349071e-05,-0.00029168953,-0.0010107293
9764000,-0.0002143147,-0.00020318259,0.0032600975,4.054844e-05,-0.0003491401,-0.0010233294
9772000,-0.00020919825,-0.00020062804,0.0032980856,0.00010840984,-0.0004000573,-0.000984856
9780000,-0.00020364411,-0.00019830461,0.0029951027,0.00014342024,-0.00036793647,-0.0009930318
9788000,-0.00019803755,-0.000195647,0.0027005845,0.00013187237,-0.00032668022,-0.0010259734
9796000,-0.00019255145,-0.00019295848,0.0024141474,0.00012738621,-0.00033050225,-0.0010342118
9804000,-0.0001871542,-0.00019027585,0.0021360493,0.0001171338,-0.00030909808,-0.00097508467
9812000,-0.00018167602,-0.00018773865,0.0018659295,0.0001560832,-0.00035383203,-0.0009890982
9820000,-0.00017640575,-0.00018548932,0.0016032653,0.00018270107,-0.00036806494,-0.0010129666
9828000,-0.0001709513,-0.00018321062,0.0013475907,0.00019183183,-0.00034755984,-0.0010536518
9836000,-0.00016549596,-0.00018085758,0.001248443,0.00020915306,-0.00032453166,-0.0010506855
9840000,-0.00015769652,-0.00018127885,0.0011436025,0.00028361482,-0.00034640118,-0.0010372223
9848000,-0.0001515342,-0.00017903624,0.0010494746,0.00030013826,-0.00031055816,-0.0010922971
9856000,-0.00014544686,-0.00017667073,0.00095766946,0.00027698535,-0.00030716983,-0.0010605593
9864000,-0.00013934383,-0.00017465992,0.0008685128,0.00030603824,-0.0003644196,-0.0010394036
9872000,-0.00013304112,-0.00017281511,0.0007815161,0.00034476773,-0.00034087044,-0.001079156
9880000,-0.00012700999,-0.00017103244,0.00057961093,0.00033635343,-0.0003190541,-0.0010261728
9888000,-0.000120902245,-0.00016906369,0.00038351072,0.0003543631,-0.00027574963,-0.0010178088
9896000,-0.00011487424,-0.00016687826,0.00019292347,0.00035445666,-0.0002739059,-0.0010066174
9904000,-0.000108696324,-0.00016497806,7.64709e-06,0.00038024585,-0.00030021474,-0.0010084565
9912000,-0.00010241589,-0.00016315148,-0.00017265929,0.00040246322,-0.00028635777,-0.001024532
9920000,-9.577683e-05,-0.00016140989,-0.00034798123,0.00046328246,-0.00029793853,-0.0010253539
9928000,-8.894177e-05,-0.00015970513,-0.000557248,0.00045462162,-0.00029381603,-0.0010740606
9936000,-8.230122e-05,-0.00015829151,-0.00076100184,0.00042997274,-0.0003324536,-0.0010871846
9944000,-7.581422e-05,-0.00015698861,-0.0009591151,0.00043181525,-0.0003065537,-0.0010657846
9952000,-6.935678e-05,-0.00015540145,-0.0011517121,0.00043742417,-0.00027052194,-0.0010883455
9960000,-6.255885e-05,-0.00015407792,-0.0013391175,0.0005122855,-0.0003443678,-0.0011009335
9968000,-5.566148e-05,-0.0001534087,-0.0015215753,0.0004684743,-0.0004041499,-0.0011243295
9976000,-4.910709e-05,-0.00015301198,-0.0017083054,0.00044041302,-0.00039943177,-0.0011618533
9984000,-4.274701e-05,-0.00015266497,-0.0018903539,0.00043507875,-0.00041000673,-0.0012272325
9992000,-3.6377674e-05,-0.000151447,-0.0020995284,0.00039337538,-0.00038476946,-0.0012599943
10000000,-3.0418629e-05,-0.00015032532,-0.0022958494,0.00036908692,-0.00036814835,-0.0012543723
10008000,-2.4606228e-05,-0.00014927391,-0.0024809442,0.00035845872,-0.00035100305,-0.0012125764
10016000,-1.8910834e-05,-0.0001484843,-0.0026566875,0.00036676068,-0.0003742752,-0.0012572419
10024000,-1.31495e-05,-0.00014788761,-0.0027709168,0.00037558356,-0.00034373565,-0.0012761726
10032000,-7.529632e-06,-0.00014703779,-0.0028806876,0.00036429576,-0.00031477,-0.0013071109
10040000,-1.753711e-06,-0.00014625608,-0.00298624,0.00041005202,-0.00031031977,-0.0012856016
10048000,4.2429597e-06,-0.00014549658,-0.0030879742,0.00043605475,-0.0002920513,-0.0012858475
10056000,1.0395015e-05,-0.00014450657,-0.0031862801,0.00045956162,-0.0002347136,-0.0012881578
10064000,1.6787744e-05,-0.00014337868,-0.0032815745,0.0005114714,-0.00025225212,-0.0013212486
10072000,2.355468e-05,-0.00014247643,-0.0035367878,0.0005547921,-0.00025021346,-0.0013030544
10080000,2.8890663e-05,-0.00014084764,-0.0037786788,0.0005978223,-0.00021369796,-0.0012698529
10088000,3.442675e-05,-0.00013923465,-0.0040127574,0.00064130686,-0.00024387383,-0.0012364314
10096000,4.0235234e-05,-0.00013801178,-0.004239504,0.0006458854,-0.0002708867,-0.001249193
10104000,4.6233046e-05,-0.00013696901,-0.0044595925,0.0006916876,-0.000278432,-0.0012569317
10112000,5.2304324e-05,-0.0001361795,-0.00467323,0.0006635407,-0.00033918672,-0.001262345
10120000,5.8019014e-05,-0.0001359214,-0.0049003027,0.0006147303,-0.00038280798,-0.0012671804
10128000,6.33045e-05,-0.00013591444,-0.0051206104,0.0005545767,-0.00038679392,-0.001252041
10136000,6.840976e-05,-0.00013601406,-0.0053346585,0.00059268204,-0.0003871096,-0.0012402119
10144000,7.371808e-05,-0.00013600856,-0.0055424604,0.0005826196,-0.000359272,-0.0012353023
10152000,7.893155e-05,-0.00013572944,-0.005744459,0.00058042316,-0.00031950057,-0.0012405681
10160000,8.385713e-05,-0.00013550905,-0.0059407037,0.0005353589,-0.00034737927,-0.0012267139
10168000,8.879557e-05,-0.00013548191,-0.006114462,0.0005726169,-0.0003519412,-0.0012321079
10176000,9.386588e-05,-0.00013551743,-0.0062833093,0.00056567806,-0.00035604235,-0.0011923284
10184000,9.889125e-05,-0.00013578888,-0.0064471425,0.000563834,-0.00041132362,-0.001168872
10192000,0.00010388102,-0.000136228,-0.0066061867,0.00056532247,-0.00036336153,-0.001121763
10200000,0.00010879768,-0.00013637687,-0.0067605656,0.00054816937,-0.00034168534,-0.0011069677
10208000,0.00011359435,-0.00013659826,-0.006910756,0.00057729526,-0.00036261542,-0.0011098015
10216000,0.000118745746,-0.00013706984,-0.007056687,0.00061931973,-0.00037737482,-0.001104017
10224000,0.00012420348,-0.00013751056,-0.0071441694,0.0006632211,-0.00036048001,-0.0011373803
10232000,0.00012974259,-0.00013799977,-0.007228948,0.00064513925,-0.00035171592,-0.0010497879
10240000,0.00013511222,-0.0001382913,-0.007311296,0.0006270131,-0.00032555478,-0.0010723062
10248000,0.0001404875,-0.00013851537,-0.007391452,0.00065244077,-0.00032570568,-0.0010488123
10256000,0.00014596283,-0.00013904783,-0.0074693593,0.0006459735,-0.00037904052,-0.0010450578
10264000,0.00015136185,-0.00013974484,-0.007545378,0.00063567446,-0.0003550327,-0.0010688738
10272000,0.00015643987,-0.00014041808,-0.0075948155,0.000576826,-0.00038593783,-0.0010617941
10280000,0.00016137616,-0.00014133588,-0.0076429304,0.0006071848,-0.0003823465,-0.0010523186
10288000,0.00016382059,-0.0001410889,-0.0076848073,0.0005821829,-0.00034774555,-0.0010468807
10296000,0.00016621544,-0.00014056666,-0.007725874,0.00059400464,-0.0003069036,-0.0011360251
10304000,0.00016888043,-0.00013983788,-0.0077667423,0.00063957245,-0.0002845672,-0.0012396132
10312000,0.000171714,-0.00013902652,-0.007806945,0.0006174252,-0.00026201698,-0.0012062534
10320000,0.0001742569,-0.00013789373,-0.007896014,0.0005821291,-0.00019337781,-0.001154232
10328000,0.0001766018,-0.00013636755,-0.007982496,0.000567859,-0.00016417203,-0.0011444201
10336000,0.00017901888,-0.00013475466,-0.008066618,0.00059625495,-0.00014606531,-0.0011499644
10344000,0.00018179131,-0.00013285248,-0.008148599,0.00064717425,-0.000100954036,-0.0011622165
10352000,0.0001849636,-0.0001308375,-0.008228415,0.00069201324,-0.000109142784,-0.0011636363
10360000,0.00018850643,-0.00012891447,-0.008306036,0.00071785325,-9.291296e-05,-0.0011346238
10368000,0.00019208608,-0.00012676642,-0.0082724,0.0007275038,-5.5460332e-05,-0.0011063953
10376000,0.00019592297,-0.00012466822,-0.008239717,0.00076750666,-9.586139e-05,-0.0010982362
10384000,0.00020005471,-0.00012282559,-0.0082082115,0.00078176113,-9.428207e-05,-0.001131861
10392000,0.00020425733,-0.00012103234,-0.0081779575,0.00079659553,-0.00011552448,-0.0011168313
10400000,0.0002086025,-0.00011949925,-0.008148461,0.0008162788,-0.00013245379,-0.0010876702
10408000,0.0002131107,-0.00011778832,-0.008119909,0.00082839385,-0.00010205589,-0.001101398
10416000,0.00021793223,-0.000116190786,-0.008092437,0.00088937226,-0.00012535116,-0.001096355
10424000,0.00022303057,-0.00011465939,-0.008112754,0.0009037734,-0.00011894112,-0.0011199502
10432000,0.00022828406,-0.00011307485,-0.008132647,0.00091368955,-9.112638e-05,-0.0010902131
10440000,0.00023354228,-0.00011127923,-0.008151719,0.000906787,-6.9603404e-05,-0.0010289872
10448000,0.00023887907,-0.00010933151,-0.008170295,0.00093316374,-4.4864137e-05,-0.0010606479
10456000,0.00024438038,-0.00010716217,-0.008188379,0.0009292077,-6.0341404e-06,-0.0009893778
10464000,0.0002498966,-0.00010484856,-0.008205652,0.0009562258,3.2260982e-06,-0.00096679927
10472000,0.00025580113,-0.000102453865,-0.008058765,0.0010056538,2.7947517e-05,-0.0009130106
10480000,0.0002621097,-9.985012e-05,-0.007915612,0.0010407792,3.2946715e-05,-0.0008416814
10488000,0.00026832602,-9.760628e-05,-0.0077762264,0.0009899687,-2.7717859e-05,-0.0007832726
10496000,0.00027163728,-9.469489e-05,-0.007636631,0.0009565223,-2.9900752e-05,-0.00075014384
10504000,0.00027486894,-9.160925e-05,-0.0075011225,0.0009692305,1.9705236e-05,-0.00076654495
10512000,0.0002784087,-8.827904e-05,-0.007369466,0.001009457,2.7108174e-05,-0.00073171535
10520000,0.00028212692,-8.516022e-05,-0.0072368965,0.0010133653,-8.682771e-06,-0.00076073705
10528000,0.00028593955,-8.230105e-05,-0.007108599,0.001003086,-4.5246208e-05,-0.00081832806
10536000,0.00028969336,-7.9869824e-05,-0.006984352,0.000996169,-7.9564794e-05,-0.0008243773
10544000,0.0002933369,-7.744947e-05,-0.0068636388,0.0009602686,-3.9852504e-05,-0.0007968462
10552000,0.00029667877,-7.4720614e-05,-0.006746442,0.0009179997,-3.284149e-06,-0.0008156848
10560000,0.00030003683,-7.1774484e-05,-0.0066328263,0.0009523377,2.2977925e-05,-0.00082484854
10568000,0.00030369055,-6.857639e-05,-0.0064639193,0.00097189,7.740792e-05,-0.00081379234
10576000,0.00030739722,-6.500411e-05,-0.006299601,0.00095736905,0.00010328036,-0.0007421397
10584000,0.00031115816,-6.1593e-05,-0.0061396817,0.0009761739,7.76239e-05,-0.00070889667
10592000,0.00031497853,-5.8036418e-05,-0.005984492,0.00095716974,0.00011705398,-0.0007669456
10600000,0.0003186776,-5.45982e-05,-0.0058342568,0.0009219867,7.360495e-05,-0.00078863784
10608000,0.00032208636,-5.1563944e-05,-0.005688273,0.0009085643,7.896614e-05,-0.000736332
10616000,0.0003256096,-4.8531067e-05,-0.005546283,0.0009197271,6.9225825e-05,-0.00070519705
10624000,0.0003290725,-4.5707555e-05,-0.005421369,0.0008804643,3.675626e-05,-0.00066519075
10632000,0.00033240323,-4.308944e-05,-0.0053000655,0.00090181077,3.4586337e-05,-0.00066848466
10640000,0.0003361122,-4.060816e-05,-0.005181969,0.0009324074,5.230784e-06,-0.0005826779
10648000,0.00034006592,-3.834892e-05,-0.005066891,0.0009621926,-1.7540933e-05,-0.0005649292
10656000,0.00034419273,-3.6242058e-05,-0.0049550957,0.0009586403,-1.0903856e-05,-0.0005466266
10664000,0.00034822262,-3.416633e-05,-0.004846606,0.0009345314,-3.170486e-05,-0.0005787543
10672000,0.00035237847,-3.243812e-05,-0.0048597883,0.000988954,-6.748859e-05,-0.00061276683
10680000,0.0003569117,-3.0783784e-05,-0.0048725074,0.0009808085,-5.5190743e-05,-0.0005282636
10688000,0.00036109507,-2.9225457e-05,-0.0048843916,0.0009094868,-8.2633545e-05,-0.00049010746
10696000,0.00036478508,-2.7823546e-05,-0.0048958533,0.00086287415,-9.751133e-05,-0.0004828198
10704000,0.00036477039,-2.6689584e-05,-0.0049038767,0.0008460083,-0.00014115407,-0.00047213372
10712000,0.0003647212,-2.5924073e-05,-0.0049113897,0.0008289808,-0.00015409109,-0.00041710728
10720000,0.0003646214,-2.5241605e-05,-0.004866413,0.00081505004,-0.00018576554,-0.00034666844
10728000,0.0003643908,-2.4802279e-05,-0.0048222407,0.000780409,-0.00019048127,-0.00027921647
10736000,0.00036420694,-2.434445e-05,-0.004779041,0.00079916784,-0.00017605766,-0.0002732541
10744000,0.00036418208,-2.3853525e-05,-0.004737152,0.0008042565,-0.00018101369,-0.00028674986
10752000,0.0003642815,-2.3387609e-05,-0.004696455,0.0007925731,-0.00015518503,-0.00026159058
10760000,0.00036431997,-2.2694876e-05,-0.0046567735,0.0007775858,-0.000132541,-0.00025317285
10768000,0.00036407073,-2.186994e-05,-0.004471337,0.00072282524,-9.717228e-05,-0.00027706675
10776000,0.00036376764,-2.0631009e-05,-0.004291121,0.00073063973,-4.6762536e-05,-0.000241639
10784000,0.00036350515,-1.939802e-05,-0.0041160192,0.0007082485,-8.031208e-05,-0.00023347366
10792000,0.00036316566,-1.8521612e-05,-0.0039455034,0.00068777334,-0.00010403776,-0.00016376955
10800000,0.00036281874,-1.759209e-05,-0.003779736,0.00068976457,-8.269405e-05,-0.00016710917
10808000,0.00036253777,-1.658312e-05,-0.0036186362,0.00073310855,-9.8271594e-05,-0.00014030481
10816000,0.00036270838,-1.568353e-05,-0.003462106,0.000760159,-9.039844e-05,-0.00014977771
10824000,0.00036303664,-1.48518875e-05,-0.0034553008,0.0007543231,-0.00010705073,-0.00022462697
10832000,0.0003633564,-1.403793e-05,-0.0034491625,0.00074215577,-9.941634e-05,-0.00021920828
10840000,0.00036347558,-1.3173726e-05,-0.003443079,0.000700186,-6.553276e-05,-0.0002069694
10848000,0.0003636132,-1.224365e-05,-0.0034370595,0.00072572805,-0.000107156855,-0.00017318863
10856000,0.00036396875,-1.1569642e-05,-0.003430824,0.00072834257,-8.156391e-05,-0.00010661975
10864000,0.00036427588,-1.0718011e-05,-0.003424387,0.00069040403,-8.7693326e-05,-7.282288e-05
10872000,0.0003642101,-9.830607e-06,-0.0033342985,0.0006264973,-4.6672238e-05,4.6824556e-05
10880000,0.00036393077,-8.506451e-06,-0.0032461437,0.00062871614,9.556536e-06,9.431011e-05
10888000,0.0003638489,-7.0595424e-06,-0.003160233,0.00064919726,-2.0804064e-06,0.00012257179
10896000,0.00036396785,-5.8188834e-06,-0.0030764516,0.000654969,-2.9149496e-05,0.00017659416
10904000,0.00036417056,-4.6345262e-06,-0.0029944628,0.0006539633,-1.5247762e-05,0.0002455568
10912000,0.00036083933,-3.6309466e-06,-0.0029139721,0.0005996976,-4.157391e-06,0.00028063956
10920000,0.00035725918,-2.3503032e-06,-0.002922363,0.0005634425,5.351183e-05,0.0003414102
10928000,0.00035359434,-7.2619235e-07,-0.002930031,0.00054905855,7.040713e-05,0.0003663328
10936000,0.00034999673,6.640503e-07,-0.0029373865,0.00056934915,1.6947943e-05,0.0003390563
10944000,0.00034642447,1.8056362e-06,-0.0029448848,0.0005011911,9.90384e-06,0.00027372452
10952000,0.0003425898,2.829331e-06,-0.0029525317,0.00049338833,1.2842051e-05,0.00022722528
10960000,0.00033885433,3.946038e-06,-0.0029602535,0.00049102306,1.10190285e-05,0.00021042045
10968000,0.0003352947,4.95611e-06,-0.0027673137,0.00051513454,5.1387076e-08,0.00018846856
10976000,0.00033161894,5.7201887e-06,-0.0025799843,0.00044703623,-5.0508424e-05,0.00018826629
10984000,0.0003276376,6.1142337e-06,-0.002397992,0.0004027255,-6.408761e-05,0.0001695563
10992000,0.00032357045,6.6328976e-06,-0.002221446,0.0004019901,-3.2428125e-05,0.00015550574
11000000,0.0003195834,7.274926e-06,-0.002049909,0.0004007038,-2.618496e-05,0.00016335105
11008000,0.00031561672,7.655345e-06,-0.0018830753,0.00040420305,-3.4675988e-05,0.00020428657
11016000,0.0003116029,8.16544e-06,-0.0017207975,0.000371343,1.4154953e-05,0.00021924337
11024000,0.00030748258,9.042201e-06,-0.001473329,0.00035371567,5.268817e-05,0.00025212797
11032000,0.0003032261,1.0035074e-05,-0.0012328406,0.00029588392,4.2214477e-05,0.0002473486
11040000,0.00029852756,1.0798541e-05,-0.0009991932,0.00025387463,1.0736372e-05,0.00026996154
11048000,0.00029387118,1.1536224e-05,-0.000771794,0.00026610386,4.7389905e-05,0.00033308825
11056000,0.00028938177,1.2368636e-05,-0.0005504247,0.00027607646,3.4503886e-05,0.00037652158
11064000,0.0002850398,1.31343695e-05,-0.0003353362,0.00026840242,3.1680982e-05,0.000356408
11072000,0.00028058435,1.3972747e-05,-0.00021086237,0.00022513531,6.456162e-05,0.00036582735
11080000,0.00027581753,1.4923051e-05,-8.9866575e-05,0.00018597882,4.89421e-05,0.00038327702
11088000,0.00027097465,1.5451953e-05,2.7984614e-05,0.0001719386,-1.2345373e-05,0.00043179863
11096000,0.00026598465,1.567711e-05,0.00014284556,0.00012642576,-2.4918007e-05,0.00045719784
11104000,0.00026078333,1.6048562e-05,0.00025443756,0.00012190403,2.3880044e-05,0.00043244095
11112000,0.00025608332,1.6772214e-05,0.00036291708,0.00018534926,7.0421615e-05,0.00045329108
11120000,0.00024944983,1.791297e-05,0.0005539241,0.00014470503,6.0939277e-05,0.0005186931
11128000,0.00024266842,1.8717506e-05,0.00073983055,0.00012027793,2.1949614e-05,0.0005179653
11140000,0.00023574974,1.9292269e-05,0.000920319,7.504411e-05,-1.8953992e-07,0.00048929756
11144000,0.00022859861,1.9812798e-05,0.0010956628,4.5371817e-05,1.0274061e-05,0.000506873
11152000,0.00022148858,2.0287414e-05,0.0012659915,5.427149e-05,8.924013e-06,0.00048726166
11160000,0.00021463931,2.0994612e-05,0.0014314656,6.867716e-05,5.6526296e-05,0.0004909449
11168000,0.0002079756,2.1677324e-05,0.0015026163,8.171487e-05,1.507718e-06,0.00046506946
11176000,0.00020147559,2.1898788e-05,0.0015718187,7.6872086e-05,-3.535023e-05,0.0004982942
11184000,0.00019498802,2.1984046e-05,0.0016391745,5.623649e-05,-3.5240773e-05,0.00047640564
11192000,0.00018836984,2.1920749e-05,0.0017044758,2.1833766e-05,-7.804095e-05,0.00048791897
11200000,0.00018173474,2.1487902e-05,0.0017681523,1.7127286e-05,-0.00011495935,0.00050930365
11208000,0.00017510107,2.0906362e-05,0.0018303117,5.196498e-07,-0.0001004939,0.00057351554
11216000,0.00016829417,2.0425234e-05,0.0018911903,-6.4064836e-05,-0.000105827174,0.0005932322
11224000,0.00016118314,1.9965457e-05,0.0019183541,-7.664017e-05,-7.184788e-05,0.0006402117
11232000,0.00015414666,1.9710587e-05,0.0019449855,-0.00010097577,-7.289148e-05,0.0006387418
11240000,0.0001470814,1.9367044e-05,0.001971046,-9.33949e-05,-9.759041e-05,0.00069428625
11248000,0.00014013046,1.8533265e-05,0.001996635,-0.00010536259,-0.00015595523,0.000650369
11256000,0.00013328792,1.7525857e-05,0.0020211474,-8.405598e-05,-0.00016128327,0.00062941475
11264000,0.00012668848,1.6601358e-05,0.0020451383,-9.725542e-05,-0.00012461889,0.0006552251
11272000,0.00012002619,1.5785927e-05,0.0020440111,-8.891363e-05,-0.00013134154,0.00061818643
11280000,0.00011371381,1.5086475e-05,0.0020428519,-6.42127e-05,-0.00010405917,0.00061815535
11288000,0.00010754697,1.455634e-05,0.002041905,-5.799846e-05,-7.110184e-05,0.00065168587
11296000,0.00010155328,1.4318639e-05,0.0020410705,-6.1547995e-05,-3.5667814e-05,0.0006233323
11304000,9.5657175e-05,1.4406468e-05,0.002040056,-6.2840714e-05,2.34283e-06,0.000604918
11312000,8.998394e-05,1.4667719e-05,0.0020393478,-1.6590206e-05,1.8145862e-05,0.0006577797
11324000,8.4926156e-05,1.5079913e-05,0.002033824,5.3026357e-05,4.6513516e-05,0.0006465639
11332000,7.998791e-05,1.5647214e-05,0.0020266487,5.0663723e-05,5.046348e-05,0.0006193168
11340000,7.509505e-05,1.6283686e-05,0.0020195406,5.891533e-05,5.9688424e-05,0.0006091935
11348000,7.0395545e-05,1.7024588e-05,0.0020126444,6.1576735e-05,8.3226e-05,0.0006126124
11356000,6.5744185e-05,1.782615e-05,0.0020059804,4.5504963e-05,7.3838666e-05,0.00061711844
11364000,6.0997845e-05,1.8560262e-05,0.0019993372,1.3163952e-05,8.0273916e-05,0.00056443934
11372000,5.6122175e-05,1.9411287e-05,0.001930296,-7.797535e-06,8.3300714e-05,0.0006066878
11384000,5.1236228e-05,2.020323e-05,0.0018633298,-1.9322903e-05,7.543418e-05,0.0005575605
11388000,4.6499248e-05,2.0806305e-05,0.0017979286,-9.625637e-08,4.3627064e-05,0.0005400431
11396000,4.185952e-05,2.1436597e-05,0.0017341988,-1.7303888e-05,8.907913e-05,0.00051350833
11404000,3.7240512e-05,2.2357437e-05,0.0016723004,-3.0616106e-05,0.00010686827,0.0005203133
11412000,3.261006e-05,2.3421338e-05,0.001612274,-4.7186328e-05,0.00010645471,0.00054074806
11424000,2.8088505e-05,2.4574552e-05,0.0015538404,-5.593364e-05,0.000120239216,0.0005095315
11428000,2.3667635e-05,2.5656063e-05,0.0015137319,-3.6974663e-05,8.407504e-05,0.00050511886
11436000,1.9472638e-05,2.6551794e-05,0.0014746067,-3.9556973e-05,7.8120414e-05,0.0004809992
11444000,1.4997911e-05,2.7203747e-05,0.0014363793,-0.00010360508,3.2327418e-05,0.00045275316
11452000,1.0516166e-05,2.759442e-05,0.0013989641,-9.311053e-05,-6.6576927e-06,0.00039537065
11460000,6.1254636e-06,2.7610633e-05,0.0013622295,-9.31829e-05,-2.9420893e-05,0.0003935328
11468000,1.8557067e-06,2.7738335e-05,0.0013267051,-7.935184e-05,-7.02369e-07,0.00041297983
11476000,-1.994781e-06,2.7893126e-05,0.0012153995,-2.908596e-05,-5.6095887e-06,0.00036062353
11484000,-5.5600713e-06,2.7954275e-05,0.0011067046,-2.9884803e-05,-3.1769032e-05,0.00029805544
11492000,-8.777582e-06,2.7947151e-05,0.0010008388,4.420578e-05,-1.1149306e-05,0.00028634217
11500000,-1.1452667e-05,2.8273636e-05,0.00089786644,5.6917102e-05,4.4166627e-05,0.00029165382
11508000,-1.41503915e-05,2.8786062e-05,0.00079783844,2.7391066e-05,2.4981406e-05,0.00027780223
11516000,-1.6710217e-05,2.8998571e-05,0.0007005462,8.4598345e-05,-1.192703e-05,0.00029741417
11524000,-1.85426e-05,2.8965916e-05,0.00057605305,0.00015468452,-4.2871612e-05,0.00026601084
11532000,-2.0050116e-05,2.885631e-05,0.0004545669,0.00017092872,-3.523686e-05,0.00019619445
11540000,-2.093522e-05,2.875619e-05,0.0003354177,0.00019552409,-2.7613069e-05,0.00018864204
11548000,-2.1747792e-05,2.8829581e-05,0.00021937117,0.00018736714,-3.2686899e-06,0.00014187672
11556000,-2.2336577e-05,2.9148561e-05,0.00010640081,0.0002225216,3.8778122e-05,0.0001551277
11564000,-2.2611997e-05,2.9622795e-05,-3.152527e-06,0.00023677957,2.211856e-05,0.00018166003
11572000,-2.2704882e-05,2.9984016e-05,-6.803172e-05,0.00025376194,3.5917572e-05,0.00018035588
11580000,-2.2616363e-05,3.0591775e-05,-0.00013117632,0.00024526223,6.491232e-05,0.00018076922
11588000,-2.247615e-05,3.12212e-05,-0.00019237422,0.00027272364,6.237189e-05,0.0002065816
11596000,-2.1972835e-05,3.1929223e-05,-0.0002518082,0.00030974663,5.45302e-05,0.00019904925
11604000,-2.107994e-05,3.2657168e-05,-0.0003097714,0.00032780677,8.737368e-05,0.00016833903
11612000,-2.0112699e-05,3.3635562e-05,-0.0003666745,0.00034430783,0.00010154609,7.428169e-05
11620000,-1.8995122e-05,3.4717068e-05,-0.0004223592,0.0003310878,0.000111957735,8.373412e-05
11628000,-1.8063312e-05,3.597441e-05,-0.00056177936,0.0002766779,0.0001360456,8.50005e-05
11636000,-1.7520952e-05,3.7139594e-05,-0.0006972733,0.00022834449,9.1588634e-05,0.00010313317
11644000,-1.702952e-05,3.8108494e-05,-0.000828716,0.0002499072,9.8697885e-05,0.0001337083
11652000,-1.627714e-05,3.928505e-05,-0.00095639424,0.00025638254,0.00013095513,0.00012695073
11660000,-1.5696776e-05,4.0732422e-05,-0.0010805605,0.00019811702,0.0001607619,0.000106272186
11668000,-1.54322e-05,4.2153602e-05,-0.001201327,0.00016194495,0.00012982846,0.00011002689
11676000,-1.5234379e-05,4.3404645e-05,-0.0014731027,0.0001611763,0.0001235794,5.5236906e-05
11684000,-1.4886566e-05,4.468603e-05,-0.0017373888,0.00019072679,0.00015827638,3.8551163e-05
11692000,-1.4247531e-05,4.6239125e-05,-0.0019942522,0.00019615598,0.00016942291,4.2853084e-05
11700000,-1.3670861e-05,4.8130896e-05,-0.0022440995,0.00018522161,0.00023217233,-2.8683007e-05
11708000,-1.3017638e-05,5.0174447e-05,-0.0024876464,0.00016687362,0.00022756032,-0.00011560546
11716000,-1.2388427e-05,5.249082e-05,-0.002724531,0.00018270849,0.00028578014,-0.00010265912
11724000,-1.1683872e-05,5.4800075e-05,-0.0028924309,0.0001667169,0.0002306427,-0.00013805498
11732000,-1.1100736e-05,5.6757883e-05,-0.003055849,0.00013919175,0.00020789189,-0.00015932374
11740000,-1.0488727e-05,5.8588314e-05,-0.003214663,0.0001556178,0.00019029074,-0.00011104676
11748000,-1.0014648e-05,6.0234768e-05,-0.0033673942,0.00024352419,0.00025158993,-0.00013321439
11756000,-8.788901e-06,6.2338775e-05,-0.0035161576,0.00030143987,0.00027683462,-0.0001628761
11764000,-7.217634e-06,6.447751e-05,-0.003661042,0.00032869738,0.00027416518,-0.00019594669
11772000,-5.2956643e-06,6.645914e-05,-0.0037857129,0.00036542298,0.00024348596,-0.00015932447
11780000,-3.0028416e-06,6.829359e-05,-0.003906448,0.0004224182,0.00023486148,-7.2707095e-05
11788000,-2.5747528e-07,7.0126756e-05,-0.0040233918,0.00042863606,0.00023198039,-5.4050597e-05
11796000,2.4666253e-06,7.207832e-05,-0.004136922,0.0004214148,0.00027248412,-4.8895217e-05
11804000,5.1796824e-06,7.4174255e-05,-0.0042474605,0.00041785339,0.00026376112,-0.00010134507
11812000,7.728911e-06,7.633459e-05,-0.0043552173,0.00038914618,0.00031470737,-0.00011044464
11820000,1.0662104e-05,7.871968e-05,-0.004460108,0.00048070258,0.00029332505,-0.00012068506
11828000,1.4092356e-05,8.0897946e-05,-0.0045820572,0.00050408154,0.00028718947,-0.000136909
11836000,1.7502962e-05,8.3027284e-05,-0.0047002668,0.00047418513,0.00027844706,-3.9014813e-05
11844000,2.0928188e-05,8.505076e-05,-0.0048147365,0.00047719956,0.00026249376,-2.382896e-05
11852000,2.4337724e-05,8.718381e-05,-0.004925927,0.0004809277,0.00030189147,-3.287992e-05
11860000,2.7981503e-05,8.957394e-05,-0.005034215,0.00050841866,0.00031341935,-7.691568e-05
11868000,3.1761887e-05,9.185587e-05,-0.0051398785,0.00050025264,0.00029793294,-0.00014419788
11876000,3.52867e-05,9.408004e-05,-0.0050892597,0.0004484939,0.00029284443,-0.0001578916
11884000,3.8854916e-05,9.626356e-05,-0.005040131,0.0005043586,0.00028072487,-0.00014549993
11892000,4.270554e-05,9.8333185e-05,-0.004992228,0.0004788575,0.00026826203,-0.00012880252
11900000,4.627835e-05,0.00010030382,-0.0049455524,0.00045110565,0.00025790214,-5.5646968e-05
11912000,4.9881906e-05,0.0001023241,-0.004899898,0.00047541803,0.00029571564,-7.342382e-05
11920000,5.3834e-05,0.000104613326,-0.0048557348,0.000517945,0.0003037188,-8.3474224e-05
11928000,5.805913e-05,0.000106685606,-0.0048672156,0.0005275686,0.00025005432,-6.5532695e-05
11940000,6.226312e-05,0.00010844925,-0.004878573,0.00052337715,0.00021956512,-9.9810946e-05
11948000,6.6702065e-05,0.00010986217,-0.0048896056,0.0005697603,0.00018082686,-8.181834e-05
11960000,7.153215e-05,0.00011110862,-0.0049003325,0.0005917164,0.00017428226,-9.090763e-05
11964000,7.4662625e-05,0.00011150156,-0.004909966,0.0005754895,0.0001642863,-0.00013604233
11972000,7.754871e-05,0.00011183698,-0.004919603,0.00053214555,0.0001623615,-0.00014592333
11980000,8.0422484e-05,0.000112052796,-0.004873913,0.00054169324,0.00014151278,-0.00015260266
11988000,8.327043e-05,0.00011214083,-0.0048297117,0.0005162342,0.00010379907,-0.00019905956
11996000,8.6033906e-05,0.00011182242,-0.0047871377,0.0005095184,6.778729e-05,-0.00021490858
12004000,8.86793e-05,0.000111320616,-0.00474592,0.0004759392,3.9608465e-05,-0.00023124249
12012000,9.108267e-05,0.00011066491,-0.0047057434,0.00043954767,2.3753546e-05,-0.00017492783
12020000,9.326227e-05,0.00010989241,-0.0046664686,0.0004056002,4.722906e-05,-0.00015280767
12028000,9.532784e-05,0.00010951392,-0.0046284003,0.00039894733,6.640304e-05,-0.00019435435
12036000,9.746072e-05,0.00010888021,-0.004547759,0.00041454984,3.038153e-05,-0.0002213822
12044000,9.991304e-05,0.00010809798,-0.004469579,0.00047634283,-3.872049e-06,-0.00021181851
12056000,0.000103038525,0.0001070605,-0.004393519,0.0005463819,-1.1222135e-05,-0.00019299213
12060000,0.00010653275,0.00010602773,-0.0043198327,0.0005801578,-1.1232932e-05,-0.00026833182
12068000,0.00011037228,0.00010503067,-0.0042486642,0.0006042782,-1.0153877e-05,-0.00025357382
12080000,0.00011427278,0.0001040257,-0.0041795056,0.00059100473,-1.0605954e-05,-0.00026648247
12092000,0.00011808378,0.000102883125,-0.004013136,0.0005969405,-5.1452134e-05,-0.00030095896
12100000,0.00012219511,0.00010161324,-0.0038516792,0.00063840963,-3.8107384e-05,-0.00029652417
12108000,0.00012645985,0.00010025494,-0.0036950316,0.00061009923,-6.876024e-05,-0.00032870893
12116000,0.00013044673,9.879714e-05,-0.0035431054,0.0005824427,-5.3068903e-05,-0.00034534498
12124000,0.00013436977,9.766823e-05,-0.0033957001,0.00060061854,-3.7540217e-06,-0.00035442796
12132000,0.00013856751,9.666964e-05,-0.0032524923,0.00061759027,-1.2573006e-05,-0.00032331535
12140000,0.00014294467,9.557435e-05,-0.0029875846,0.0006447597,-3.5680154e-05,-0.00028154984
12148000,0.00014755703,9.453896e-05,-0.002730159,0.00066443806,-5.991875e-06,-0.00027487296
12156000,0.00015242457,9.35437e-05,-0.002480073,0.000698981,-7.316246e-06,-0.0002635694
12164000,0.0001572854,9.265106e-05,-0.0022369013,0.0006600705,-2.397353e-06,-0.00022825351
12172000,0.00016199528,9.155828e-05,-0.0020006178,0.00064507825,-4.5576093e-05,-0.00022115107
12180000,0.0001637647,8.955624e-05,-0.0017726799,0.0005957741,-1.3597505e-05,-0.00025366392
12188000,0.00016523442,8.789278e-05,-0.001482422,0.00056808686,3.278312e-05,-0.0002250202
12196000,0.0001667242,8.6523534e-05,-0.0012000324,0.000580953,4.631205e-05,-0.0001866222
12204000,0.00016839783,8.538101e-05,-0.00092571275,0.0005955352,8.292453e-05,-0.00018680847
12212000,0.00017027676,8.443045e-05,-0.0006591906,0.0006156184,0.000100820434,-0.0001742786
12220000,0.00017240475,8.3680134e-05,-0.0004000757,0.00064224907,0.00013328766,-0.00013389753
12228000,0.00017479225,8.323838e-05,-0.00014835596,0.00064610766,0.0001556261,-0.00014305561
12236000,0.00017681817,8.2690894e-05,0.00016907696,0.00068506715,0.00016286127,-6.229501e-05
12244000,0.00017886859,8.2608574e-05,0.00050064083,0.00072702015,0.0002462471,-3.339143e-05
12252000,0.00018138964,8.278263e-05,0.0008106064,0.0007313756,0.00022858112,-5.716704e-05
12260000,0.00018433768,8.295955e-05,0.0011022389,0.0007783492,0.00024660482,-5.729594e-05
12268000,0.00018772657,8.341941e-05,0.0013784491,0.00077637745,0.00027411585,-1.4011174e-05
12276000,0.00019124165,8.397056e-05,0.0016416102,0.00077644957,0.00028097027,3.1803607e-05
12284000,0.00019477386,8.453005e-05,0.0018632687,0.0007482333,0.00024847485,5.433151e-05
12292000,0.00019839653,8.484335e-05,0.0020759339,0.0007755188,0.00022547744,9.522943e-05
12300000,0.00020216609,8.5121894e-05,0.002280247,0.0007714247,0.00023607216,6.728851e-05
12308000,0.00020610158,8.562382e-05,0.0024766237,0.0007543919,0.0002715207,4.0354185e-05
12316000,0.00020976823,8.635893e-05,0.0026660184,0.0007082021,0.0002967681,7.572228e-05
12324000,0.00021306223,8.710584e-05,0.0028493325,0.000661857,0.00025704375,0.00013406605
12332000,0.00021620038,8.764795e-05,0.003047614,0.0006333461,0.00024445608,0.00014193918
12340000,0.00021909826,8.806728e-05,0.0032395478,0.0005989361,0.00023033058,0.00014797918
12348000,0.00022207166,8.845123e-05,0.00342537,0.0006404988,0.00023456216,0.00010974249
12356000,0.00022521394,8.901229e-05,0.00360512,0.0006132239,0.00026720355,9.768264e-05
12364000,0.00022817582,8.968252e-05,0.003779349,0.00059893786,0.0002496698,8.97967e-05
12376000,0.00023103753,9.0275316e-05,0.003948341,0.0005701006,0.00026214562,0.00010510674
12380000,0.00023095493,9.1189286e-05,0.0040303473,0.00058224984,0.00028104923,9.126392e-05
12388000,0.00023103663,9.2206996e-05,0.004109562,0.0005956088,0.00029137565,3.0549163e-05
12400000,0.00023132905,9.306902e-05,0.0041862093,0.00060488563,0.00024193028,4.7232097e-05
12408000,0.0002315073,9.3710056e-05,0.0042607915,0.0005467604,0.00023326818,7.533808e-05
12416000,0.00023135314,9.4280666e-05,0.0043332623,0.00052310084,0.00022693594,7.2242314e-05
12424000,0.0002312324,9.503615e-05,0.004403391,0.00053655927,0.00027453984,4.6203106e-05
12432000,0.00023135812,9.626163e-05,0.0044714594,0.0005437463,0.00032694617,7.115205e-05
12440000,0.000231373,9.775067e-05,0.004507461,0.0005142762,0.0003410462,8.0761194e-05
12448000,0.00023110154,9.919165e-05,0.0045424015,0.00045611465,0.0002866643,8.948218e-05
12456000,0.0002305886,0.00010023274,0.004576438,0.00043451332,0.0002806409,0.000112206326
12464000,0.0002299977,0.0001012734,0.0046094665,0.00041912808,0.00026349103,8.673358e-05
12476000,0.00022956128,0.00010230876,0.0046410644,0.00045909412,0.0002756498,2.579813e-05
12484000,0.0002294562,0.00010327663,0.004671363,0.00046974028,0.00024210555,1.8281837e-06
12492000,0.00022901769,0.00010415093,0.004740335,0.00037937646,0.00026575886,1.7150322e-05
12500000,0.00022846594,0.000105383646,0.0048075416,0.0004111436,0.00030199016,6.375559e-05
12512000,0.0002280166,0.00010680233,0.0048730513,0.0003997721,0.00030680103,8.4005056e-05
12520000,0.00022749798,0.00010805156,0.0049368874,0.0003818525,0.00026264112,0.00015032856
12536000,0.0002268611,0.00010961591,0.0050596576,0.00045486173,0.00020747796,0.00013605201
12544000,0.00022716862,0.000110225614,0.0051125083,0.00047302744,0.00018736225,0.00012985617
12548000,0.00023614659,0.0001136953,0.0051667267,0.00040134045,0.00013051287,0.00016236248
12556000,0.00023610795,0.00011371331,0.00521686,0.00041339174,0.00012685826,0.00019871132
12564000,0.00023586414,0.000113871,0.005265484,0.00034347136,0.00013868099,0.00018754593
12576000,0.00023556127,0.00011387046,0.0053125406,0.00038842286,0.00010506257,0.00016241425
12580000,0.00023566741,0.00011380866,0.005358239,0.0004285598,0.00010429714,0.00017574392
12588000,0.00023624265,0.00011370922,0.005376457,0.00047007628,9.890451e-05,0.0001503912
12596000,0.00023391822,0.00011294321,0.0053937654,0.00043848937,0.00013114259,0.00012654469
12604000,0.00023154134,0.000112452944,0.0054105483,0.000440671,0.00014830698,0.0001416805
12612000,0.00022941388,0.00011197492,0.0054266434,0.00045609646,0.00015002702,0.00011110067
12620000,0.00022733514,0.00011147764,0.0054420256,0.00043535838,0.000108234235,7.542948e-05
12628000,0.00022506327,0.000110723,0.005456695,0.00039342162,0.00010195929,8.9197936e-05
12636000,0.00022258863,0.000110125555,0.0054710833,0.00034904052,0.00014363778,0.0001120798
12644000,0.00022009484,0.000109787965,0.005569278,0.00037208304,0.00012491946,0.00011127349
12652000,0.00021783574,0.0001089772,0.005664658,0.00036205185,5.5253495e-05,0.000120111945
12660000,0.00021540858,0.00010787415,0.005757424,0.00033017388,4.3629807e-05,0.0001573258
12668000,0.00021294603,0.000106835236,0.005847401,0.00033713243,5.1668583e-05,9.620284e-05
12676000,0.00021054778,0.00010580664,0.0059343847,0.00029342587,4.3370466e-05,8.262523e-05
12684000,0.00020782514,0.00010442805,0.006018707,0.00026460498,-3.664701e-05,6.208787e-05
12692000,0.00020507805,0.00010279921,0.006099716,0.00027517008,-3.3701315e-05,4.6277855e-05
12700000,0.00019788436,0.000100357174,0.0061995494,0.00027146083,-9.300052e-05,-0.00372147
12708000,0.00019174357,9.7982454e-05,0.0062262267,0.00023423013,-6.0793467e-05,-0.007119013
12716000,0.00018646078,9.5904295e-05,0.00619071,0.00022144371,-3.618507e-05,-0.010201204
12724000,0.000102525686,5.8520036e-05,0.005683452,0.00022351445,-2.2228902e-05,-0.012926422
12732000,9.8512e-05,5.689814e-05,0.0055702776,0.00021905037,-1.7886867e-05,-0.015468709
12740000,9.5031784e-05,5.5417848e-05,0.0054131895,0.00020531085,-1.4858412e-05,-0.017776072
12748000,0.00012509963,0.0002973809,0.0051448494,0.00018730141,-3.661608e-05,-0.019954856
12756000,0.00015368409,0.0005259126,0.0048436075,0.00018391992,-3.9522634e-05,-0.021967871
12764000,0.00018111433,0.000743109,0.004511282,0.00020227476,4.5531206e-06,-0.023913085
12772000,0.00020789272,0.00095029187,0.003924817,0.00024778745,-3.7635058e-05,-0.02571214
12780000,0.00026316737,0.0011753677,0.0034237802,0.00023605468,-3.4704593e-05,-0.02745274
12788000,0.0003164097,0.0013919522,0.0028998852,0.0002326517,7.299647e-05,-0.029154468
12796000,0.0003677883,0.0016006745,0.0023537427,0.00020642336,5.6144847e-05,-0.030751353
12804000,0.00041763534,0.0018018719,0.0017860532,0.00025730496,7.5596836e-05,-0.032296766
12812000,0.0005634902,0.0020167038,0.0012818277,0.00032901252,5.4149452e-05,-0.033696856
12820000,0.0007050742,0.002224263,0.00066639483,0.0003459396,6.68213e-05,-0.035031434
12828000,0.0008425263,0.0024251563,3.20822e-05,0.00037005433,5.649913e-05,-0.03632798
12836000,0.0009764409,0.002619741,-0.0006209463,0.00044049526,7.4135496e-05,-0.037632182
12844000,0.0011817408,0.0028471337,-0.0011489838,0.0004687201,6.369e-05,-0.038827308
12852000,0.0013812289,0.003067472,-0.0016988069,0.00046026576,2.3353365e-05,-0.0400135
12860000,0.0015750055,0.0032808443,-0.0022690594,0.00045001553,-1.3231647e-05,-0.041179612
12868000,0.0017635076,0.0034875947,-0.0025040805,0.0005117392,-4.4973498e-05,-0.04226751
12876000,0.001947209,0.0036881217,-0.002767101,0.00052725244,-3.539296e-05,-0.043337233
12884000,0.0021531512,0.0039354423,-0.0030634552,0.00053388544,-4.4036922e-05,-0.044445604
12892000,0.0023536354,0.004175378,-0.003384605,0.0005619066,-5.6262495e-05,-0.045464277
12900000,0.002549147,0.004408493,-0.00372912,0.0006322166,-3.1161188e-05,-0.046448275
12908000,0.002740076,0.0046347934,-0.004095167,0.00070860464,-7.672249e-05,-0.047302064
12916000,0.0029844958,0.0049110134,-0.0044739693,0.00069023296,-0.00013652319,-0.04815251
12924000,0.0032224099,0.0051790467,-0.0048771203,0.0007255822,-0.00012703554,-0.048985038
12932000,0.003454388,0.0054394435,-0.00529781,0.0007845797,-0.00012564119,-0.049729288
12940000,0.0036806397,0.0056924773,-0.0057353526,0.0008415505,-9.821786e-05,-0.05054808
12948000,0.003951203,0.0059732064,-0.0062502474,0.00091744476,-7.420602e-05,-0.05126429
12956000,0.0042150756,0.0062462534,-0.0067777485,0.00094216096,-2.7275626e-05,-0.051932596
12964000,0.00447195,0.006511769,-0.007317394,0.0009411555,-2.1164924e-06,-0.052679285
12972000,0.0047223326,0.0067696236,-0.007967651,0.0010170492,-3.889326e-05,-0.05338401
12980000,0.004971124,0.0070102187,-0.008696586,0.0010673025,-2.3691811e-05,-0.054021236
12988000,0.005213774,0.0072441744,-0.009430498,0.0011160553,1.4012728e-05,-0.05464948
12996000,0.005450541,0.0074719,-0.0101688355,0.0011959617,8.096396e-05,-0.055270143
13004000,0.005681688,0.0076932535,-0.010911167,0.0012407429,4.2606945e-05,-0.05583245
13012000,0.0059236865,0.007888795,-0.011678755,0.0012597851,5.4553748e-05,-0.056334674
13020000,0.006159311,0.008079005,-0.012448758,0.001210753,8.510636e-05,-0.05686295
13028000,0.006388561,0.008264192,-0.013220519,0.0012484171,0.00013291171,-0.057410743
13036000,0.0066124187,0.008444324,-0.013993636,0.0013156087,0.00013973455,-0.057867724
13044000,0.0068045207,0.0086304825,-0.014804557,0.0013937093,0.00021126967,-0.05824635
13052000,0.006992322,0.008811864,-0.015614331,0.0014503731,0.0002499894,-0.058668878
13060000,0.0071759494,0.008988443,-0.016422719,0.0015139779,0.00028957322,-0.059037402
13068000,0.0073552066,0.009160119,-0.017440975,0.0015416887,0.0002856776,-0.059348844
13076000,0.0075689275,0.009310213,-0.018429697,0.0016081237,0.00028347826,-0.05969444
13084000,0.007777458,0.009456223,-0.019410878,0.0016168277,0.00033185433,-0.06000823
13092000,0.007980698,0.009598406,-0.02038443,0.001628568,0.00037343046,-0.060356192
13100000,0.0081790015,0.009736756,-0.021350428,0.0016811247,0.00038026657,-0.06064904
13108000,0.008402571,0.009838313,-0.02231729,0.0017200598,0.00036783953,-0.060974024
13116000,0.008620548,0.009936951,-0.023276135,0.0017429943,0.00038135785,-0.061215226
13124000,0.008833015,0.010032728,-0.024163693,0.0017649616,0.00037098624,-0.06144531
13132000,0.009040215,0.010125692,-0.025044933,0.0017806086,0.00036884606,-0.061701663
13140000,0.009242124,0.010216076,-0.025920108,0.0017930227,0.000389201,-0.061960157
13148000,0.009483764,0.010259334,-0.026784122,0.0018019527,0.00034520577,-0.06215606
13156000,0.009718973,0.010300926,-0.027641848,0.0017664789,0.0003242493,-0.062399864
13164000,0.009948214,0.010341015,-0.028493628,0.0018525092,0.0002995094,-0.06264905
13172000,0.010172003,0.010379636,-0.029283479,0.0018869599,0.00028669526,-0.06287169
13180000,0.010449569,0.010359164,-0.030072063,0.0019414675,0.00027492354,-0.06310319
13188000,0.010719914,0.010338757,-0.030856118,0.0019468924,0.00022805994,-0.06332541
13196000,0.010983633,0.010318476,-0.031635523,0.0020464237,0.00023009397,-0.06349296
13204000,0.011241069,0.010298386,-0.032409713,0.0020947296,0.00020259473,-0.06360907
13212000,0.011543006,0.010217603,-0.0331838,0.0021407783,0.00016006708,-0.06370635
13220000,0.011837295,0.010138116,-0.033975676,0.0021811624,7.510022e-05,-0.063815095
13228000,0.012124063,0.01005986,-0.034761682,0.002230962,4.2150747e-05,-0.06395888
13236000,0.012404002,0.009983081,-0.03554198,0.0023328867,-1.830984e-05,-0.06409105
13244000,0.012694819,0.009869508,-0.03631708,0.0023947863,-0.00011812046,-0.064215295
13252000,0.012978399,0.009757904,-0.037086695,0.0024146216,-0.00020248198,-0.06440047
13260000,0.013255107,0.0096483035,-0.037850827,0.0024904252,-0.0002615343,-0.06451418
13268000,0.013525483,0.009540929,-0.038560778,0.0025939767,-0.0002754025,-0.06455468
13276000,0.013789465,0.009435781,-0.039266065,0.0026085672,-0.00033383578,-0.0646421
13284000,0.014039333,0.009293713,-0.039998725,0.0026811347,-0.00039117015,-0.064719774
13292000,0.014283512,0.009154497,-0.04072599,0.0027279789,-0.00046078832,-0.06479357
13300000,0.014522141,0.009017832,-0.041447893,0.0028170198,-0.00055655016,-0.064827904
13308000,0.0147416005,0.008851612,-0.042176828,0.0028878187,-0.0005891591,-0.06486935
13316000,0.0149562815,0.008688891,-0.04289964,0.0029499074,-0.0006437379,-0.06484797
13324000,0.015166182,0.008529417,-0.043627307,0.0029912908,-0.00069038005,-0.064867474
13332000,0.015371417,0.008372971,-0.04434885,0.0030506093,-0.00079403626,-0.06488518
13340000,0.015570961,0.00819542,-0.045084164,0.0030917432,-0.00088386715,-0.064910576
13348000,0.01576604,0.008021169,-0.04581295,0.0031509427,-0.00094923924,-0.064932816
13356000,0.015956922,0.007850062,-0.04653494,0.0031913149,-0.0010309176,-0.06490016
13364000,0.016143546,0.0076820212,-0.0472503,0.0032162399,-0.0010908507,-0.064894386
13372000,0.016322488,0.007497136,-0.04799658,0.0032108095,-0.0012187253,-0.06491813
13380000,0.016497305,0.007315174,-0.04873526,0.0032018619,-0.0013187175,-0.06485415
13388000,0.016667685,0.007136101,-0.049466282,0.0031782736,-0.0014545114,-0.064836435
13396000,0.01683406,0.0069599743,-0.050189957,0.0031839674,-0.0015103415,-0.06478568
13404000,0.01699654,0.0067867646,-0.05090645,0.0031918595,-0.0016165933,-0.06478766
13412000,0.017144157,0.0066070496,-0.05160749,0.0032329627,-0.0017142053,-0.064771354
13420000,0.017288536,0.0064298403,-0.052252308,0.0032456224,-0.0018542404,-0.06478256
13428000,0.01742986,0.0062555284,-0.052891985,0.003317633,-0.0019265224,-0.06472493
13436000,0.017568262,0.006083902,-0.053526327,0.0033099202,-0.0020155683,-0.064665385
13444000,0.017687248,0.005917316,-0.054139197,0.0033098068,-0.0021523098,-0.06460045
13452000,0.017803451,0.005752765,-0.054747283,0.003293246,-0.002286178,-0.06453792
13460000,0.017917152,0.0055903015,-0.055350408,0.003294938,-0.0024014267,-0.06442102
13468000,0.018028192,0.0054299473,-0.055945158,0.0032929985,-0.0025162667,-0.064330004
13476000,0.018104855,0.0052588535,-0.05651605,0.00331443,-0.0026503468,-0.06426864
13484000,0.018179994,0.005089892,-0.057082757,0.0032983394,-0.0027757303,-0.06413829
13492000,0.018253649,0.0049233525,-0.057644933,0.0033224889,-0.002857507,-0.06400006
13500000,0.018326085,0.0047592567,-0.058202907,0.0033284002,-0.0029382866,-0.06392407
13508000,0.018364359,0.0046034553,-0.05875048,0.0033052939,-0.0029935162,-0.06380814
13516000,0.018402325,0.0044498136,-0.05929379,0.0033634447,-0.0031366015,-0.0636656
13524000,0.018440356,0.0042978413,-0.05978863,0.0034488752,-0.0032514671,-0.06360564
13532000,0.018478364,0.0041481135,-0.060281157,0.003472641,-0.0032843882,-0.06349066
13540000,0.018483112,0.0039997776,-0.060746998,0.0034738355,-0.0033430515,-0.06336423
13548000,0.01848815,0.0038538654,-0.06121081,0.003453162,-0.003373055,-0.06325638
13556000,0.018493552,0.003710101,-0.061672777,0.0034559343,-0.0034956327,-0.063163534
13564000,0.018499399,0.0035680512,-0.062132776,0.0034691098,-0.0035662432,-0.06301415
13572000,0.01847527,0.0034260766,-0.06245239,0.0035036951,-0.0036258886,-0.06281758
13580000,0.018452315,0.0032862474,-0.06277329,0.0034799522,-0.003662445,-0.06264467
13588000,0.018430347,0.003148919,-0.0630957,0.0034800784,-0.0036671364,-0.06250401
13596000,0.018409126,0.0030141973,-0.06341955,0.0034199704,-0.0036497538,-0.062320936
13604000,0.018367082,0.0028690416,-0.06370044,0.0033863403,-0.0037253376,-0.062150057
13612000,0.018326305,0.0027262266,-0.06398378,0.0033617918,-0.003764975,-0.062014546
13620000,0.018286694,0.002585746,-0.06421943,0.0033527038,-0.0038144044,-0.061843175
13628000,0.018247917,0.0024473662,-0.06445861,0.0033028647,-0.0038891032,-0.061687943
13636000,0.018176928,0.0022994208,-0.064676225,0.0032124629,-0.003948503,-0.06145946
13644000,0.018107327,0.0021540162,-0.06489709,0.0031502005,-0.0039953114,-0.06122838
13652000,0.018039476,0.002011386,-0.06512116,0.0031241341,-0.0039608623,-0.061016865
13660000,0.017973106,0.0018718751,-0.06534837,0.0030543383,-0.0039425353,-0.060834207
13672000,0.0179081,0.0017348347,-0.06573816,0.0029794043,-0.0040069623,-0.060736336
13676000,0.017819835,0.0015844813,-0.066091985,0.0028900956,-0.0040891143,-0.060551334
13684000,0.017733289,0.0014366888,-0.06644502,0.0028444564,-0.0041326038,-0.060324475
13692000,0.017648708,0.0012913963,-0.06679708,0.0028380894,-0.0041979426,-0.060114443
13700000,0.017566113,0.0011483324,-0.06714839,0.0027837888,-0.0042951233,-0.05994249
13708000,0.017461874,0.0009953433,-0.06747866,0.0027478458,-0.0042838953,-0.059707943
13716000,0.017359747,0.0008452718,-0.06780827,0.0026699596,-0.004335753,-0.05952246
13724000,0.017259238,0.0006977924,-0.06812018,0.0025612763,-0.0043689846,-0.05933565
13732000,0.017160362,0.00055288646,-0.06843215,0.0024790198,-0.004420722,-0.05913123
13740000,0.017035965,0.0003928744,-0.068731636,0.002368944,-0.0044886637,-0.05890704
13748000,0.016913522,0.00023569055,-0.06903094,0.0022817147,-0.0045043323,-0.058669504
13756000,0.016792964,8.132234e-05,-0.069330245,0.0021614092,-0.004538086,-0.05846591
13764000,0.016674276,-7.030793e-05,-0.06962983,0.0021028558,-0.004584122,-0.058319263
13772000,0.016524319,-0.0002373924,-0.07002129,0.002017341,-0.004670031,-0.058107402
13780000,0.016376704,-0.00040160536,-0.07040982,0.0018862139,-0.0046985187,-0.05789543
13788000,0.016231079,-0.00056304334,-0.07079537,0.0017488956,-0.0047696563,-0.05763686
13796000,0.016087705,-0.0007218851,-0.071177945,0.0016706907,-0.004846332,-0.057412162
13804000,0.015917066,-0.00088216783,-0.07155706,0.0015246202,-0.004922894,-0.05715508
13812000,0.015748678,-0.0010402144,-0.071933135,0.0013717104,-0.0050596655,-0.056919254
13820000,0.015582634,-0.0011962132,-0.07228549,0.0012544511,-0.005155329,-0.056720793
13828000,0.015419348,-0.0013494898,-0.072635725,0.0011936707,-0.0052391016,-0.056475848
13836000,0.015222491,-0.0015097649,-0.07299687,0.0011084033,-0.0052834763,-0.05619396
13844000,0.015028509,-0.001667505,-0.073355064,0.00092984317,-0.0053828084,-0.055975094
13852000,0.014836902,-0.001823068,-0.073710844,0.000756248,-0.005479118,-0.05579564
13860000,0.0146476375,-0.0019765478,-0.07406442,0.0005614035,-0.005546238,-0.055589255
13868000,0.0144199,-0.0021377704,-0.07444106,0.00041257875,-0.005565813,-0.055344176
13876000,0.014195471,-0.0022963579,-0.074814394,0.00023522868,-0.0056452425,-0.055127893
13884000,0.013973442,-0.0024526292,-0.07518451,-2.9589952e-05,-0.0057045147,-0.054905057
13892000,0.013753855,-0.0026064315,-0.075551674,-0.00023238522,-0.0057631647,-0.054715738
13900000,0.013511641,-0.0027610492,-0.075929716,-0.00044654566,-0.0058733616,-0.054431368
13908000,0.013272401,-0.0029137565,-0.076303825,-0.00063171383,-0.005983712,-0.054177895
13916000,0.013035994,-0.0030645882,-0.076674476,-0.0008455707,-0.00608017,-0.05398078
13924000,0.012802296,-0.003213296,-0.0770341,-0.0010217007,-0.006146593,-0.053786553
13932000,0.012571523,-0.00335993,-0.077390864,-0.0012027249,-0.0062113386,-0.053560402
13940000,0.012315433,-0.0035100295,-0.0777591,-0.0014254426,-0.006264028,-0.05328155
13948000,0.012062318,-0.0036580965,-0.078123376,-0.0016380168,-0.0063404725,-0.052996267
13956000,0.011811852,-0.0038044215,-0.07848404,-0.0018778349,-0.006441588,-0.05275072
13964000,0.011564283,-0.0039489204,-0.078841195,-0.002065996,-0.0064871367,-0.052500173
13972000,0.011292697,-0.0040910747,-0.0791889,-0.0022580219,-0.006476836,-0.05222228
13980000,0.0110244835,-0.0042308806,-0.07953335,-0.0024711753,-0.0064815343,-0.052013595
13988000,0.010759293,-0.0043687024,-0.07987495,-0.002706061,-0.0065354966,-0.051806968
13996000,0.01049707,-0.0045049214,-0.08021392,-0.002902386,-0.006646434,-0.051641427
14008000,0.010222011,-0.0046417206,-0.08055119,-0.0030769766,-0.0067607,-0.051396802
14012000,0.009950411,-0.004777386,-0.08088507,-0.0032469782,-0.006878536,-0.051114716
14020000,0.00968214,-0.004911821,-0.081217244,-0.0034576268,-0.006969883,-0.05087232
14028000,0.009417242,-0.0050444934,-0.08154605,-0.0036596565,-0.0070053916,-0.05058369
14036000,0.0091475155,-0.005178433,-0.0818591,-0.003839536,-0.0070885657,-0.050260145
14044000,0.008880563,-0.0053110165,-0.08216895,-0.0041189105,-0.0071483417,-0.050040424
14052000,0.008616318,-0.0054421355,-0.082476184,-0.00431822,-0.007200176,-0.049802765
14060000,0.008355083,-0.005572048,-0.08278073,-0.0044762054,-0.0073262984,-0.049543675
14068000,0.008090627,-0.005695269,-0.08302666,-0.0046374965,-0.0074037793,-0.04925026
14076000,0.007829113,-0.005817078,-0.0832708,-0.004812114,-0.007393744,-0.048921444
14084000,0.007570533,-0.0059374087,-0.08351301,-0.005001607,-0.007453086,-0.04863222
14092000,0.0073147505,-0.006056583,-0.08375399,-0.0051449426,-0.007477383,-0.048412424
14100000,0.007057214,-0.006167955,-0.08397485,-0.0053114393,-0.0075042006,-0.048094094
14108000,0.0068017333,-0.0062782485,-0.08419423,-0.005611512,-0.007534946,-0.047784854
14116000,0.006547973,-0.0063874703,-0.084411874,-0.0058500185,-0.0075760013,-0.04741628
14124000,0.0062965094,-0.0064957296,-0.08460216,-0.006021498,-0.0076436494,-0.047140893
14132000,0.0060456344,-0.006595944,-0.0847822,-0.0062420936,-0.0076410808,-0.046798702
14140000,0.00579662,-0.00669506,-0.08496134,-0.006464444,-0.0076637636,-0.046491854
14148000,0.005549492,-0.006793416,-0.08514027,-0.006654473,-0.0077106464,-0.0462184
14156000,0.005304341,-0.0068907603,-0.08531849,-0.0068482477,-0.007718248,-0.045877732
14164000,0.005054083,-0.0069749756,-0.08547871,-0.0070543485,-0.007793549,-0.045568347
14172000,0.00480562,-0.0070589324,-0.08560534,-0.0073045334,-0.007866063,-0.045251623
14180000,0.004558555,-0.0071426076,-0.085732594,-0.007549192,-0.007899098,-0.044949476
14188000,0.004313147,-0.007225668,-0.085860685,-0.007763172,-0.007925543,-0.044655807
14196000,0.0040694354,-0.0073083513,-0.08598967,-0.007968,-0.007985365,-0.044397824
14204000,0.0038122062,-0.007379244,-0.086107805,-0.008220887,-0.007996923,-0.04410274
14212000,0.0035565286,-0.007449913,-0.086226776,-0.008481266,-0.008036244,-0.04380332
14220000,0.0033024945,-0.007520207,-0.08633514,-0.008711283,-0.008051383,-0.04349418
14228000,0.0030505399,-0.00758966,-0.08644457,-0.008901892,-0.008011056,-0.043211553
14236000,0.0027896296,-0.0076523093,-0.08654882,-0.009086262,-0.0079517495,-0.042922013
14244000,0.0025308721,-0.00771432,-0.08665459,-0.009265538,-0.007969528,-0.04268714
14252000,0.0022741633,-0.0077765402,-0.086762086,-0.009452438,-0.008069395,-0.042477854
14260000,0.0020198098,-0.007838862,-0.08687119,-0.009579702,-0.008070953,-0.042229984
14268000,0.0017531699,-0.0078957435,-0.08694355,-0.009780772,-0.008058662,-0.04197315
14276000,0.0014886397,-0.007952456,-0.08701812,-0.009964892,-0.008087046,-0.041703228
14284000,0.0012264074,-0.008008965,-0.08709474,-0.010125585,-0.00808767,-0.04140312
14292000,0.0009664846,-0.008065251,-0.0871733,-0.010284421,-0.008057982,-0.041142646
14300000,0.00070384477,-0.008107923,-0.087231204,-0.010467928,-0.008044876,-0.04090188
14308000,0.0004434002,-0.008150579,-0.08729182,-0.010644606,-0.008030536,-0.04069056
14316000,0.0001848475,-0.008192876,-0.08735506,-0.010878951,-0.007958852,-0.04042511
14332000,-7.2067116e-05,-0.00823485,-0.0873961,-0.011091799,-0.007944175,-0.040162224
14336000,-0.00031895182,-0.008267207,-0.08743025,-0.011238489,-0.0078866575,-0.0398584
14344000,-0.00056387356,-0.008299393,-0.08746709,-0.011409509,-0.007881919,-0.039573636
14352000,-0.00080723804,-0.008331661,-0.087506816,-0.011639791,-0.007847383,-0.03932952
14360000,-0.0010490936,-0.008363758,-0.08754967,-0.011793119,-0.007819867,-0.039097846
14368000,-0.0012721829,-0.008380136,-0.087586,-0.011931051,-0.007831635,-0.038819067
14376000,-0.0014937267,-0.00839696,-0.08758511,-0.012077261,-0.0077794865,-0.038555842
14384000,-0.0017136333,-0.00841343,-0.08758782,-0.012201071,-0.0076836883,-0.038233403
14392000,-0.0019319534,-0.008429787,-0.08759384,-0.012345598,-0.0076388773,-0.037967872
14400000,-0.0021275468,-0.0084365085,-0.0876032,-0.012529198,-0.0075463457,-0.03776023
14412000,-0.0023221264,-0.008443303,-0.08761577,-0.012647676,-0.0075237085,-0.03741664
14420000,-0.002515632,-0.008450568,-0.08763124,-0.012748607,-0.0075107515,-0.037144087
14428000,-0.002707809,-0.008458058,-0.08763482,-0.012850813,-0.0074253734,-0.036834713
14436000,-0.002877509,-0.00844762,-0.08763988,-0.012903727,-0.007370708,-0.036521845
14444000,-0.0030463103,-0.008438177,-0.08764829,-0.013028398,-0.007420366,-0.036303733
14452000,-0.0032144405,-0.008429536,-0.08766027,-0.013135942,-0.007370653,-0.03609962
14460000,-0.0033817934,-0.0084215375,-0.087675765,-0.013227467,-0.007367219,-0.035861894
14468000,-0.0035481742,-0.00841411,-0.08769433,-0.01329114,-0.007305764,-0.035602946
14476000,-0.0037026121,-0.008389499,-0.08765288,-0.013348762,-0.0072418684,-0.035316333
14484000,-0.0038560494,-0.008365549,-0.08761571,-0.013389117,-0.0071914108,-0.035031416
14492000,-0.00400834,-0.008342068,-0.08758299,-0.013394921,-0.0070851967,-0.034824684
14500000,-0.004159379,-0.0083189905,-0.08755495,-0.013427533,-0.0070006717,-0.03460106
14508000,-0.004291648,-0.00827118,-0.08752592,-0.013493197,-0.006852441,-0.034283333
14516000,-0.004423119,-0.008223775,-0.087500826,-0.013509251,-0.0067333532,-0.034067318
14528000,-0.004554009,-0.008177361,-0.087479845,-0.013589942,-0.00672808,-0.033815376
14532000,-0.0046843276,-0.008131988,-0.08748217,-0.013609188,-0.0066049234,-0.033549532
14540000,-0.00480673,-0.008058464,-0.08749466,-0.013658166,-0.006444649,-0.033292428
14548000,-0.004928542,-0.007985661,-0.087509975,-0.013685757,-0.006283903,-0.03307021
14556000,-0.0050497977,-0.007913691,-0.0875283,-0.013743884,-0.0061905314,-0.032832414
14564000,-0.0051706224,-0.007842893,-0.087549135,-0.013805606,-0.006096849,-0.032585736
14572000,-0.0052821715,-0.0077442215,-0.08758731,-0.013842742,-0.0059828586,-0.03233115
14580000,-0.005393172,-0.0076469206,-0.08764841,-0.01383874,-0.0058553745,-0.032031868
14588000,-0.0055035003,-0.007551052,-0.08771072,-0.013850019,-0.005750474,-0.031803373
14596000,-0.0056132474,-0.0074564787,-0.08777477,-0.013865101,-0.0055947434,-0.03161432
14604000,-0.005706304,-0.0073334402,-0.087856844,-0.013842809,-0.0054436927,-0.03142952
14612000,-0.0057989885,-0.0072122496,-0.08794065,-0.013840695,-0.0053182673,-0.03132647
14620000,-0.0058913636,-0.0070926785,-0.088026,-0.013840172,-0.005174935,-0.031119388
14628000,-0.0059833843,-0.006974914,-0.08807056,-0.013821634,-0.005091459,-0.030922536
14636000,-0.0060562147,-0.006836257,-0.088125244,-0.013808001,-0.0048768655,-0.030684454
14644000,-0.006129423,-0.0066990266,-0.08818184,-0.013843013,-0.00468159,-0.030508874
14652000,-0.0062029506,-0.0065631913,-0.08824088,-0.013866237,-0.0044866665,-0.030338831
14660000,-0.0062768133,-0.0064290515,-0.08830221,-0.013871593,-0.0043449015,-0.030206317
14668000,-0.006332631,-0.0062755286,-0.08838038,-0.01385223,-0.004200825,-0.030025093
14680000,-0.006389055,-0.0061240373,-0.088464424,-0.013876452,-0.0040405313,-0.029834947
14688000,-0.006446107,-0.005974558,-0.088550314,-0.013857475,-0.0038918757,-0.029720834
14696000,-0.0065035624,-0.0058269375,-0.08863823,-0.01385845,-0.0037384904,-0.029598271
14704000,-0.006535937,-0.005658449,-0.0887606,-0.013871671,-0.0035688395,-0.02947608
14712000,-0.0065692174,-0.005491762,-0.08888428,-0.013809345,-0.0033538744,-0.02939116
14720000,-0.0066032857,-0.0053268704,-0.08900927,-0.013796179,-0.0031530173,-0.029274259
14728000,-0.0066384193,-0.0051637343,-0.08913554,-0.013800659,-0.0029798571,-0.029166648
14736000,-0.006674502,-0.0050024902,-0.089237645,-0.01378768,-0.0028173565,-0.029064575
14744000,-0.00669637,-0.0048171547,-0.089364305,-0.013814098,-0.0026486453,-0.028930392
14752000,-0.0067196605,-0.0046342704,-0.089492306,-0.013808667,-0.0024992398,-0.028880142
14760000,-0.0067442483,-0.004453569,-0.089622125,-0.013809751,-0.0022994096,-0.028821405
14768000,-0.0067703184,-0.0042747366,-0.0897537,-0.0138256475,-0.002072653,-0.028766133
14776000,-0.006791603,-0.004082831,-0.08990936,-0.013799979,-0.0018874877,-0.028675998
14784000,-0.0068141245,-0.0038930264,-0.09003399,-0.013789881,-0.0016529812,-0.028628057
14792000,-0.006838034,-0.003705322,-0.090160504,-0.013763735,-0.0015323447,-0.028540222
14800000,-0.0068631857,-0.0035201546,-0.090288624,-0.013769435,-0.0013891893,-0.02842515
14812000,-0.0068727145,-0.003330154,-0.09043066,-0.0137270205,-0.0011890637,-0.028339015
14820000,-0.0068837325,-0.0031422954,-0.09057407,-0.013710593,-0.0010450616,-0.028258922
14828000,-0.0068964246,-0.002956963,-0.09071867,-0.0137254335,-0.00091401266,-0.028165126
14836000,-0.0069108424,-0.0027740072,-0.090863064,-0.013719752,-0.0007673622,-0.028114635
14844000,-0.006904727,-0.002594984,-0.09101315,-0.013691224,-0.0006249803,-0.02798689
14852000,-0.0069004605,-0.0024181695,-0.09116398,-0.0136447735,-0.00047233363,-0.027883552
14860000,-0.0068981955,-0.0022434625,-0.09131564,-0.0136532,-0.00030086157,-0.027757268
14868000,-0.0068979883,-0.0020704402,-0.09146823,-0.013646445,-8.109458e-05,-0.0276714
14876000,-0.0068688844,-0.001899183,-0.09162362,-0.013567631,3.8839862e-05,-0.027619423
14884000,-0.0068420274,-0.0017302547,-0.09177096,-0.01352667,0.00017181899,-0.027526129
14892000,-0.0068173823,-0.0015636083,-0.09191938,-0.0134679265,0.00025972037,-0.027461845
14900000,-0.0067949668,-0.0013995261,-0.092069075,-0.013451808,0.00034709336,-0.02739619
14908000,-0.0067546307,-0.0012341776,-0.092203245,-0.013371792,0.00044172155,-0.027344517
14916000,-0.0067163776,-0.0010711242,-0.092338696,-0.01328169,0.00059537345,-0.027186807
14924000,-0.0066803326,-0.00091008,-0.09247516,-0.013197917,0.0007547146,-0.027122568
14932000,-0.006646471,-0.00075097574,-0.09261282,-0.013129229,0.00090757717,-0.026967498
14940000,-0.0065852706,-0.00058538996,-0.09271948,-0.013053684,0.0009753273,-0.026796946
14948000,-0.006526738,-0.0004227994,-0.09282769,-0.012949149,0.0010392853,-0.026689384
14956000,-0.006470416,-0.0002629341,-0.09293802,-0.012821528,0.0011144181,-0.026671821
14964000,-0.00640125,-8.880006e-05,-0.093035266,-0.012703116,0.0011928063,-0.026617963
14972000,-0.0063128034,9.5015326e-05,-0.093110785,-0.012568293,0.001327245,-0.02651054
14980000,-0.0062305382,0.00027266404,-0.09323196,-0.012489483,0.0014690527,-0.026378259
14988000,-0.0061538275,0.0004451052,-0.093356386,-0.012451529,0.0015888119,-0.026309956
14996000,-0.0060820836,0.0006127738,-0.09348352,-0.012384122,0.0017009679,-0.02618204
15004000,-0.006000108,0.0007848178,-0.09359382,-0.0123710465,0.0018303636,-0.026024839
15012000,-0.0059227473,0.0009527894,-0.093706116,-0.012320531,0.0019207962,-0.025857797
15020000,-0.005849557,0.0011167106,-0.09382047,-0.012265447,0.00199966,-0.02575779
15028000,-0.0057799434,0.0012771887,-0.093936846,-0.012175043,0.0021029762,-0.025672821
15036000,-0.0057001407,0.0014476773,-0.09404515,-0.012090987,0.0022470548,-0.025553737
15044000,-0.0056235977,0.00161497,-0.09415524,-0.012014615,0.002345459,-0.025437362
15052000,-0.0055504837,0.0017791338,-0.09426673,-0.011965584,0.0024602213,-0.02531045
15060000,-0.0054808096,0.001940268,-0.0943795,-0.011928457,0.0025370647,-0.025151072
15068000,-0.0053981133,0.0020920879,-0.094464675,-0.011835155,0.0026388108,-0.025068846
15076000,-0.005318625,0.0022414476,-0.094551966,-0.011772296,0.0027742875,-0.024937086
15084000,-0.0052425615,0.0023884028,-0.09462364,-0.011726292,0.0028810601,-0.024789881
15096000,-0.0051697725,0.0025326288,-0.09469764,-0.011661305,0.0029146087,-0.024740377
15104000,-0.0050832136,0.0026759517,-0.0947478,-0.011566348,0.0029589992,-0.024674864
15112000,-0.0049998704,0.0028164198,-0.094800755,-0.011479342,0.0029997958,-0.024570754
15120000,-0.004919685,0.0029543005,-0.09485619,-0.011390183,0.0030822891,-0.024403859
15128000,-0.004842399,0.0030897872,-0.09491356,-0.011305768,0.003164377,-0.024248842
15136000,-0.004767883,0.003223027,-0.09494378,-0.011171664,0.0032599366,-0.024070928
15144000,-0.0046874103,0.0033457724,-0.09494801,-0.0111306,0.0033454548,-0.023896674
15152000,-0.0046103345,0.0034662425,-0.09495555,-0.011077317,0.0033637767,-0.02375861
15160000,-0.0045365654,0.0035842175,-0.094966814,-0.011047697,0.0034094215,-0.023700707
15168000,-0.004465952,0.0036999048,-0.094981745,-0.010982966,0.0034336832,-0.023597537
15176000,-0.0043858006,0.0037994331,-0.09498121,-0.010884672,0.0034037293,-0.023411777
15184000,-0.004308546,0.0038962879,-0.09496756,-0.010780161,0.0033537126,-0.0232426
15192000,-0.004234477,0.003990566,-0.09495734,-0.010759579,0.003334878,-0.02305692
15200000,-0.0041638226,0.0040826784,-0.09495081,-0.010711103,0.0033618899,-0.022964068
15208000,-0.004065793,0.0041614585,-0.094921246,-0.010612955,0.003335819,-0.02279272
15216000,-0.00397141,0.00423813,-0.0948955,-0.010578956,0.003323609,-0.022641528
15224000,-0.0038805148,0.0043124566,-0.09487362,-0.010484767,0.0032367634,-0.022500325
15232000,-0.003793035,0.0043840557,-0.09485532,-0.01043727,0.0031312697,-0.02229093
15240000,-0.003695251,0.004440101,-0.09480454,-0.0103715,0.0030972187,-0.02211816
15248000,-0.0035812212,0.004499948,-0.09472926,-0.010348251,0.003036372,-0.021927867
15256000,-0.0034757943,0.0045560757,-0.094665095,-0.010338105,0.0029851138,-0.02173077
15264000,-0.003377686,0.0046089827,-0.09461032,-0.010285329,0.0029554276,-0.021543387
15272000,-0.003268257,0.0046638893,-0.09453927,-0.010177721,0.0029092787,-0.021316595
15280000,-0.0031643368,0.0047159707,-0.09448011,-0.0100582335,0.0028564476,-0.02118687
15288000,-0.0030652038,0.004765528,-0.09442781,-0.009958686,0.0028052565,-0.020982375
15296000,-0.0029708953,0.004812362,-0.09438132,-0.009907368,0.0027048967,-0.020806197
15304000,-0.0028719686,0.0048636068,-0.09431349,-0.00977637,0.0026497997,-0.020657672
15316000,-0.002777017,0.0049124616,-0.09425147,-0.009714392,0.0025968824,-0.020504681
15324000,-0.0026859252,0.004959088,-0.094194874,-0.009634407,0.0025458378,-0.020350548
15332000,-0.0025984393,0.0050036656,-0.09414326,-0.009598636,0.0025386598,-0.020184217
15340000,-0.0025060202,0.005036571,-0.09405543,-0.009561769,0.0025772767,-0.020039704
15348000,-0.0024171511,0.005068118,-0.09397332,-0.009508699,0.0025362957,-0.019933948
15356000,-0.002331566,0.0050979936,-0.09389652,-0.009440993,0.0025166336,-0.019732371
15364000,-0.0022406038,0.0051322905,-0.09381084,-0.0093878405,0.0025203761,-0.019575236
15372000,-0.002152858,0.0051648575,-0.09373008,-0.009328585,0.0024377676,-0.01937689
15380000,-0.0020680788,0.0051955804,-0.09365396,-0.009236345,0.002387003,-0.019241832
15388000,-0.0019858913,0.0052247695,-0.09351985,-0.009121434,0.0023858163,-0.01907614
15396000,-0.0019063777,0.005252609,-0.09339185,-0.009043353,0.0023349992,-0.018909562
15404000,-0.0018162825,0.0052827345,-0.09325196,-0.00893609,0.0022297916,-0.018721981
15412000,-0.0017288432,0.00531134,-0.093118176,-0.008823412,0.0022522185,-0.018547533
15416000,-0.0017151316,0.0053569176,-0.09313811,-0.0088323215,0.0022453847,-0.018344838
15424000,-0.0016336571,0.0053832224,-0.09301598,-0.008738183,0.002245871,-0.018237442
15432000,-0.001540382,0.0054140068,-0.09288417,-0.008675074,0.0021328458,-0.018007223
15440000,-0.0014501844,0.005442945,-0.09275754,-0.008622253,0.0020936313,-0.017784769
15448000,-0.001363277,0.005469493,-0.09263612,-0.008590752,0.0020661443,-0.017593063
15456000,-0.0012793397,0.0054945117,-0.092519954,-0.008537865,0.001999903,-0.017421318
15464000,-0.0011661506,0.0055520306,-0.092340305,-0.008409023,0.0019896259,-0.017214771
15472000,-0.0010600185,0.0056059905,-0.09217532,-0.008248369,0.0019537192,-0.017035574
15480000,-0.00095980975,0.005656886,-0.09204848,-0.008124221,0.0019294572,-0.016920373
15488000,-0.0008647911,0.0057052826,-0.091931894,-0.007990919,0.0019492432,-0.016814193
15496000,-0.0007704611,0.0057830424,-0.09179442,-0.007956716,0.0020103368,-0.016612351
15504000,-0.0006809339,0.0058581317,-0.091665074,-0.007913923,0.001992714,-0.016408488
15512000,-0.00059552514,0.005930584,-0.09154321,-0.007840992,0.0019955207,-0.016248781
15520000,-0.00051368464,0.006000702,-0.09142868,-0.0077875433,0.0020146864,-0.016171915
15528000,-0.00040130547,0.0060995123,-0.091292605,-0.0076590274,0.0021281217,-0.01603559
15536000,-0.0002920324,0.0061962935,-0.09116335,-0.0074748364,0.0021784469,-0.015878174
15544000,-0.00018580745,0.0062905806,-0.09104024,-0.0073765037,0.0021803528,-0.015737718
15552000,-8.293581e-05,0.0063827853,-0.09092297,-0.0073090745,0.0022514858,-0.01557067
15560000,4.5906767e-05,0.0064997897,-0.09077813,-0.007214293,0.0023234168,-0.015397237
15568000,0.00021689413,0.0066411016,-0.09053086,-0.007067025,0.0023496342,-0.015284146
15576000,0.00037373212,0.006773348,-0.09031023,-0.006911962,0.0024262404,-0.015086695
15584000,0.0005443188,0.006935977,-0.09007402,-0.0067902207,0.0025422273,-0.014951111
15592000,0.0007041959,0.0070916014,-0.089857444,-0.00665705,0.0027024185,-0.014726613
15600000,0.00085518375,0.0072415615,-0.08965708,-0.0065100105,0.002835198,-0.014559346
15608000,0.000998857,0.0073865433,-0.08947061,-0.006355387,0.002923479,-0.01437091
15616000,0.001166242,0.0075566294,-0.08925699,-0.006197521,0.0030208274,-0.014223196
15624000,0.001327393,0.0077222,-0.08906491,-0.0060073817,0.003128971,-0.014024728
15632000,0.001483326,0.007883869,-0.08888303,-0.0058316872,0.0032444864,-0.013895875
15640000,0.0016344897,0.008042629,-0.08871047,-0.0056597074,0.0033673998,-0.013788324
15648000,0.001781464,0.00819822,-0.08854635,-0.0055035613,0.0034295516,-0.013647422
15656000,0.001957315,0.008374295,-0.08835374,-0.0053783846,0.003517401,-0.013483019
15664000,0.0021287084,0.0085472725,-0.08816911,-0.0052198493,0.0036392668,-0.013308477
15672000,0.002295971,0.008717843,-0.088007584,-0.005092581,0.0037917963,-0.013158712
15680000,0.002459389,0.008886168,-0.08785264,-0.00493035,0.003922536,-0.013026629
15688000,0.0026524242,0.009077088,-0.087659225,-0.0047895224,0.0041082855,-0.012811053
15696000,0.002841196,0.009265899,-0.08747245,-0.0046651014,0.00426136,-0.012657994
15704000,0.0030259723,0.009452347,-0.08729242,-0.0045183706,0.0043601086,-0.012496383
15712000,0.003206841,0.009636599,-0.08711843,-0.004407062,0.004526783,-0.0122910235
15720000,0.0034073873,0.009847567,-0.086902335,-0.0042322422,0.0047123814,-0.01210043
15728000,0.0036041522,0.010056364,-0.08669309,-0.004068786,0.004886703,-0.011927229
15736000,0.0037971353,0.0102633275,-0.086490676,-0.003934969,0.0050861603,-0.0117738005
15744000,0.003986443,0.010468386,-0.086294785,-0.003752884,0.005250377,-0.01158264
15752000,0.0041898973,0.010689758,-0.08607523,-0.0035640083,0.0054278946,-0.011366293
15760000,0.004389718,0.010909072,-0.085862264,-0.003412246,0.005593597,-0.0111770965
15768000,0.0045858175,0.011126485,-0.085661635,-0.0032520627,0.0058068316,-0.010979445
15776000,0.004778364,0.011342389,-0.08546673,-0.003097394,0.00603226,-0.010736623
15784000,0.004972065,0.011579363,-0.08524014,-0.0029363784,0.006196238,-0.010573411
15792000,0.0051624966,0.011814173,-0.08502047,-0.002735659,0.0063938578,-0.0104063805
15800000,0.0053495597,0.012047093,-0.08480732,-0.0026061556,0.0065997085,-0.01020378
15808000,0.0055331895,0.012278191,-0.084600225,-0.0024730908,0.0067738458,-0.010034391
15816000,0.005720842,0.012514727,-0.08436172,-0.002296724,0.0069590034,-0.009877012
15824000,0.0059050363,0.012749338,-0.08414458,-0.0022069062,0.007142119,-0.009729852
15832000,0.0060855113,0.01298227,-0.083933756,-0.0021037345,0.0073622726,-0.009535395
15840000,0.0062619047,0.013213786,-0.083728805,-0.0019985966,0.0075874208,-0.009346018
15848000,0.006449992,0.013455865,-0.08349843,-0.0018922692,0.0077877273,-0.009194564
15856000,0.00663433,0.013696031,-0.08327456,-0.0017823051,0.007952457,-0.00901446
15864000,0.006815164,0.0139343785,-0.08305688,-0.0016757865,0.008156976,-0.008816546
15872000,0.0069922563,0.0141711915,-0.08282001,-0.0016112098,0.00834088,-0.00860416
15880000,0.007184797,0.014406003,-0.08256225,-0.0014440583,0.008536847,-0.008412084
15888000,0.00737373,0.014639294,-0.08231147,-0.0013375946,0.008700407,-0.008229988
15896000,0.0075591556,0.014870858,-0.082067475,-0.0011952645,0.008879881,-0.008031126
15904000,0.0077410317,0.01510095,-0.08182989,-0.0010975323,0.009063573,-0.007856709
15912000,0.0079194475,0.01532959,-0.08159883,-0.000952992,0.009239236,-0.0077006286
15920000,0.008111461,0.015556207,-0.08132835,-0.0007511993,0.009446293,-0.0075074006
15928000,0.008300056,0.015781462,-0.081064895,-0.0006382256,0.009603982,-0.0072824922
15936000,0.008485029,0.016005183,-0.08080806,-0.00053987623,0.00975285,-0.007056347
15944000,0.008666278,0.01622741,-0.08055784,-0.00044887155,0.009911867,-0.0069232886
15952000,0.008863125,0.01642644,-0.08029227,-0.00033816975,0.010060631,-0.006762731
15960000,0.009056149,0.016624102,-0.080033496,-0.00023767794,0.010120443,-0.006572838
15968000,0.009245459,0.016820287,-0.07975145,-0.00013321209,0.010279042,-0.006390175
15976000,0.009431031,0.017015627,-0.07947673,-3.7563317e-05,0.010448666,-0.006225901
15984000,0.00962112,0.01717492,-0.079178885,6.223172e-05,0.010591378,-0.0060118805
15992000,0.009807472,0.01733347,-0.07888825,0.00012562936,0.010647969,-0.005776074
16000000,0.00998995,0.01749103,-0.078604564,0.00022485599,0.010714591,-0.005562486
16008000,0.01016895,0.017647507,-0.07832788,0.0003222218,0.010739122,-0.0053630117
16016000,0.010338687,0.01778368,-0.0780433,0.00041923608,0.010745708,-0.005194787
16024000,0.010505294,0.017918816,-0.07776414,0.0005568137,0.010764562,-0.004989845
16032000,0.0106690405,0.01805302,-0.077491775,0.00069574674,0.010774142,-0.004792932
16040000,0.0108294245,0.018186057,-0.07722585,0.0007825497,0.010818119,-0.004564252
16048000,0.010987173,0.01830502,-0.076950744,0.0008341696,0.010867614,-0.0043700454
16056000,0.011141754,0.01842366,-0.076682225,0.00094968535,0.0109585775,-0.004164431
16064000,0.011293128,0.018542243,-0.076419994,0.0009758312,0.011056444,-0.003953558
16072000,0.011441023,0.018660361,-0.07614799,0.0009942523,0.011063246,-0.0037304433
16080000,0.011585145,0.018769369,-0.07587005,0.0010132971,0.011056648,-0.0035666479
16088000,0.011725758,0.018877726,-0.075599,0.0010406963,0.011079336,-0.0034194663
16096000,0.011863346,0.018985532,-0.07533501,0.0011222634,0.011116093,-0.0033210272
16104000,0.011998159,0.019092787,-0.07507764,0.001209982,0.011138521,-0.0031400768
16112000,0.012130093,0.01919695,-0.0748231,0.0012539302,0.011147906,-0.003049266
16120000,0.012258796,0.019300573,-0.07457261,0.0012550474,0.011196213,-0.0028750242
16128000,0.012384157,0.019403968,-0.07432814,0.0012588205,0.011255676,-0.0026922897
16136000,0.012506443,0.01950704,-0.07408942,0.0012982426,0.011280985,-0.0025201687
16144000,0.012618765,0.019606067,-0.073853746,0.001275017,0.011309151,-0.0023513734
16152000,0.012727913,0.019704726,-0.07362391,0.0013215321,0.011334381,-0.0022422806
16160000,0.012834596,0.0198031,-0.07339989,0.0013794568,0.011387193,-0.0021156245
16168000,0.012938472,0.019901436,-0.07316543,0.0013693374,0.01143529,-0.001962261
16176000,0.013039607,0.01999934,-0.07293649,0.0014193231,0.011445281,-0.001776166
16184000,0.013141482,0.020084549,-0.072709605,0.0014463757,0.011497282,-0.001635487
16192000,0.013240588,0.020169824,-0.07248829,0.0014506715,0.011528839,-0.0015212242
16200000,0.013336857,0.020254945,-0.072272345,0.0014698606,0.011514635,-0.0013310923
16208000,0.013430439,0.020339819,-0.072061226,0.0014568723,0.011518145,-0.0011717469
16216000,0.013545419,0.020413538,-0.07187064,0.0015013318,0.01152982,-0.0010618451
16224000,0.013657677,0.0204875,-0.07169147,0.0015257304,0.011558991,-0.00095628557
16232000,0.013766693,0.020561887,-0.07151668,0.0014985421,0.011605835,-0.0008121474
16240000,0.013872336,0.020635713,-0.07134588,0.0015144275,0.011633323,-0.00067050336
16248000,0.013985281,0.020694211,-0.07119395,0.0015398405,0.011673935,-0.00057847303
16256000,0.014095348,0.020753149,-0.07104568,0.0015640721,0.011640779,-0.0004437361
16264000,0.014202448,0.020812348,-0.07090114,0.0015940603,0.011629244,-0.00037104404
16272000,0.01430682,0.020872287,-0.07073821,0.0016179786,0.01168027,-0.00030458925
16280000,0.014403427,0.020905223,-0.070595756,0.001621434,0.011648034,-0.00024701894
16288000,0.014497297,0.020939108,-0.070457265,0.0016323313,0.011642524,-0.00017145535
16296000,0.014588608,0.020974228,-0.07032262,0.0016479348,0.011690843,-0.00011202711
16304000,0.014677364,0.021010766,-0.070191994,0.0016476855,0.01172535,-7.68163e-05
16312000,0.014760889,0.02101424,-0.07006727,0.0016875429,0.011669893,3.5677505e-05
16320000,0.014841798,0.021018974,-0.06993927,0.0016231184,0.011625076,0.00015713777
16328000,0.014919986,0.021025479,-0.0698147,0.0016154982,0.011668092,0.0002307224
16336000,0.014996093,0.021033693,-0.06969343,0.0016829732,0.011624232,0.00032302956
16344000,0.01507338,0.021004822,-0.06956734,0.0016806959,0.011585414,0.00043535486
16352000,0.015148332,0.02097801,-0.06944451,0.0016910789,0.011523949,0.00052019855
16360000,0.015221282,0.020953283,-0.069324836,0.0017409961,0.011485054,0.0006275495
16368000,0.015292063,0.020930257,-0.06921527,0.0016965123,0.011396184,0.00071274
16376000,0.0153710805,0.02088244,-0.06910643,0.0017487177,0.011304152,0.0008011254
16384000,0.015447986,0.020836744,-0.06900014,0.0017535567,0.011220426,0.00093757047
16392000,0.015522759,0.02079322,-0.06889638,0.0017519813,0.011176786,0.0010268214
16400000,0.015595247,0.02075197,-0.06879534,0.0017609141,0.011134506,0.0010872462
16412000,0.015665885,0.020713026,-0.06869708,0.0017986681,0.011096537,0.0011539926
16420000,0.015739277,0.020643033,-0.06859802,0.0018529667,0.011009236,0.0012735238
16428000,0.015810769,0.020575473,-0.06849016,0.0018486219,0.010936302,0.0013469189
16440000,0.015880141,0.020510534,-0.068384945,0.0018432377,0.010876772,0.0014223916
16444000,0.0159475,0.020447496,-0.06828256,0.0018375583,0.0107995495,0.0014805277
16452000,0.016011106,0.02036634,-0.06818403,0.0019085158,0.010702531,0.0015973145
16460000,0.016073145,0.020287551,-0.06808753,0.0019151362,0.010555359,0.0017479941
16468000,0.016133687,0.020210931,-0.06799278,0.0019772593,0.010450642,0.0018802021
16476000,0.01619285,0.020136928,-0.067895144,0.0020069978,0.010400974,0.0019943812
16484000,0.016244275,0.020046214,-0.06779261,0.0019443658,0.01031522,0.0021235885
16496000,0.016293842,0.019958062,-0.067692176,0.0019298587,0.010176881,0.0022239555
16504000,0.016341902,0.01987227,-0.0675938,0.0019160731,0.010067109,0.002318989
16512000,0.016388373,0.019788792,-0.06749731,0.0019115992,0.009943153,0.0024588816
16520000,0.01641586,0.019688148,-0.06739974,0.0019403249,0.009836014,0.0025402678
16528000,0.016442448,0.019590322,-0.0673085,0.0019153977,0.009769583,0.0026102734
16536000,0.016468002,0.01949536,-0.06721951,0.0019062046,0.009676441,0.0026316943
16544000,0.016492609,0.01940311,-0.067132175,0.0019140978,0.009591901,0.002774977
16552000,0.016494302,0.019297898,-0.067046046,0.0018656396,0.009516011,0.0028935797
16560000,0.016495194,0.019195523,-0.06696135,0.0017956605,0.00939448,0.0029621194
16568000,0.016495163,0.01909573,-0.06687841,0.0017103227,0.009293765,0.003004637
16576000,0.016494466,0.018998578,-0.066792205,0.0017133248,0.00919755,0.003120336
16584000,0.016488232,0.018894803,-0.06670797,0.0016836865,0.009062687,0.0032204725
16592000,0.016481653,0.018793652,-0.06662522,0.0016603642,0.00898519,0.003283852
16600000,0.016474776,0.018695263,-0.06654376,0.0016135314,0.008898071,0.0033930836
16608000,0.016467076,0.018599628,-0.06646335,0.0015249548,0.00884955,0.0034814212
16616000,0.016433515,0.01849822,-0.06638537,0.001528935,0.008750546,0.0035486722
16624000,0.016400436,0.018399315,-0.06630868,0.0014888304,0.008627826,0.0036007843
16632000,0.016367257,0.018302742,-0.066250846,0.0014139238,0.008510905,0.0036774313
16640000,0.016333913,0.018208643,-0.06619364,0.0013515068,0.0084150545,0.0037377086
16648000,0.016282365,0.018120173,-0.06613976,0.001330475,0.008266699,0.003802897
16656000,0.016231319,0.01803397,-0.066086516,0.0012548792,0.0082067475,0.0038631165
16664000,0.016180547,0.017950274,-0.06603351,0.0012087926,0.008111551,0.0039814315
16672000,0.016130216,0.01786862,-0.06598064,0.0011471462,0.007994184,0.004078116
16680000,0.016070697,0.017788604,-0.06593324,0.0010860933,0.007998368,0.0041536777
16688000,0.016011678,0.01771155,-0.06588614,0.0010323162,0.007997786,0.004212642
16696000,0.015953107,0.017637126,-0.06583944,0.0009482708,0.007935285,0.004222911
16704000,0.015894987,0.017564971,-0.06579319,0.0008937069,0.007882604,0.004309515
16712000,0.01583731,0.017495334,-0.06574671,0.0008338214,0.007845903,0.0044287047
16720000,0.015774745,0.017414171,-0.06569937,0.0007387574,0.007737532,0.0045468844
16728000,0.015712608,0.01733534,-0.065672874,0.00068294164,0.007683977,0.004619843
16736000,0.015650913,0.017259166,-0.06564611,0.00061917177,0.0076631373,0.004634061
16744000,0.015589848,0.017185876,-0.065619186,0.00058418786,0.0076728407,0.004682956
16752000,0.0155406445,0.017099487,-0.06559199,0.0005678486,0.007625928,0.004747428
16760000,0.015492016,0.01701601,-0.065564364,0.00054728106,0.0076026386,0.004797842
16768000,0.015443902,0.016935216,-0.065536395,0.000517657,0.0075148363,0.0048688157
16776000,0.0153960725,0.016856829,-0.065491185,0.00043679168,0.007453268,0.004980946
16784000,0.015356104,0.016770205,-0.06545389,0.00042494538,0.007403685,0.0050292574
16792000,0.015316585,0.016686426,-0.065416396,0.0004074082,0.007342209,0.005075323
16800000,0.015277304,0.016605362,-0.06537908,0.0003604584,0.007303072,0.005099295
16808000,0.015237995,0.01652675,-0.06534174,0.00026113752,0.0072098826,0.005144165
16816000,0.015221644,0.016458008,-0.06530209,0.000199814,0.007221238,0.005181716
16824000,0.01520527,0.016392006,-0.06526247,0.00023450586,0.007176038,0.005221036
16832000,0.015189006,0.016328223,-0.06521861,0.00021913215,0.0070861117,0.00536032
16840000,0.015172888,0.016266609,-0.06517428,0.0002576417,0.0070310873,0.005457712
16848000,0.015175417,0.016204715,-0.06512585,0.00030724218,0.0069945506,0.0055666324
16856000,0.015177974,0.016145222,-0.06507714,0.00036672043,0.0069489684,0.0056618503
16864000,0.015180681,0.016088076,-0.06502825,0.00040373098,0.0068987715,0.0057405224
16872000,0.015183092,0.016033089,-0.06497936,0.00036493165,0.006833058,0.0057950737
16880000,0.015203573,0.015971245,-0.06494428,0.0004122127,0.0068240925,0.005821806
16888000,0.015223857,0.015912145,-0.0649088,0.0004878285,0.0068238988,0.005927273
16896000,0.015243988,0.015855547,-0.06487249,0.000506335,0.006768784,0.0060402863
16904000,0.015263411,0.015801335,-0.06483555,0.0004911356,0.006780274,0.0061036977
16912000,0.015299312,0.015722781,-0.064786464,0.00057143107,0.00674504,0.0062156976
16920000,0.015334746,0.015646897,-0.06473701,0.0006153811,0.006670988,0.006275137
16928000,0.015369488,0.015573607,-0.064687625,0.0006235039,0.0066266255,0.006309029
16936000,0.015403374,0.015503119,-0.06463827,0.0006273587,0.0065958947,0.006339781
16944000,0.015444297,0.015394785,-0.06457548,0.00058741483,0.006550189,0.006407983
16952000,0.01548405,0.015289859,-0.06451306,0.00059231766,0.006528244,0.006404353
16960000,0.015522793,0.015188526,-0.0644512,0.00060612516,0.006490172,0.006441146
16968000,0.015560756,0.015090231,-0.06438942,0.0006170248,0.006418917,0.006552381
16976000,0.015597725,0.0149949705,-0.064327344,0.00062054733,0.0063614557,0.006658477
16984000,0.015632141,0.014855548,-0.06424478,0.00061338145,0.006296846,0.0067823227
16992000,0.015665593,0.014719816,-0.0641624,0.000612095,0.00619771,0.006884117
17000000,0.015698168,0.014587557,-0.06408019,0.0006134027,0.0060976488,0.0069868504
17008000,0.015730008,0.014458626,-0.063998505,0.0006397358,0.0060007866,0.0070310263
17016000,0.015745308,0.014287402,-0.06389697,0.00064751186,0.0058470163,0.007182464
17024000,0.015760172,0.014119926,-0.06379564,0.000648829,0.0057201823,0.0073436764
17032000,0.01577474,0.013956148,-0.063694775,0.0007036909,0.0055952803,0.0074005523
17040000,0.015789097,0.013796159,-0.06359488,0.0007371635,0.0055090915,0.00745958
17048000,0.015797812,0.013604767,-0.0634744,0.0006888444,0.005365038,0.007608308
17056000,0.01580553,0.0134175485,-0.06335488,0.0006492072,0.0052556526,0.0076582646
17064000,0.015812859,0.013234272,-0.0632364,0.0006671289,0.005109446,0.007791242
17072000,0.015819674,0.013054643,-0.06311862,0.00064981234,0.0049708495,0.007891734
17080000,0.015818348,0.012849025,-0.06299266,0.00059785804,0.0048223296,0.008062483
17088000,0.015816208,0.012647474,-0.06286736,0.00055353896,0.0046889368,0.008154777
17096000,0.015813468,0.012450052,-0.06274289,0.0005331867,0.00459501,0.008295029
17104000,0.01580997,0.012256543,-0.062619105,0.00043995352,0.0044338955,0.008426263
17112000,0.015784955,0.012060556,-0.062497854,0.00035179674,0.004266013,0.008471414
17120000,0.015759408,0.01186828,-0.0623776,0.00029968223,0.004150349,0.008576217
17128000,0.015733348,0.011679446,-0.062257886,0.00022613263,0.0039486955,0.008706081
17136000,0.015706751,0.011493718,-0.062138647,0.00019254841,0.003817095,0.008847371
17144000,0.01568041,0.011306805,-0.062017947,0.00017090641,0.003708317,0.00900056
17152000,0.015653476,0.011123313,-0.0618975,9.6643336e-05,0.003563609,0.009124671
17160000,0.015625639,0.0109429,-0.06177774,-8.549752e-06,0.0034050068,0.009200231
17168000,0.015596834,0.010765567,-0.061658636,-0.00011264716,0.00324059,0.009292431
17176000,0.015579737,0.010588097,-0.061543077,-0.00019528242,0.0030925623,0.009402787
17184000,0.015561658,0.010413678,-0.061427683,-0.00024072372,0.0029477535,0.009539188
17192000,0.015542538,0.010242016,-0.06131275,-0.0003342235,0.0027801474,0.009600096
17200000,0.01552231,0.010073179,-0.061198473,-0.00038330862,0.0026458788,0.009646555
17208000,0.015509237,0.009900647,-0.061082155,-0.00042803548,0.0024715748,0.009725994
17216000,0.015494969,0.009730668,-0.060966358,-0.0004993196,0.002303102,0.009814822
17224000,0.01547952,0.009563457,-0.06085086,-0.00055675657,0.002202185,0.009915467
17232000,0.015463186,0.009399379,-0.06073585,-0.0005689847,0.0021221847,0.009990174
17240000,0.015445936,0.009238309,-0.060621187,-0.0006202387,0.0020182566,0.010103194
17248000,0.015437855,0.009072524,-0.06051168,-0.00068426214,0.0018811167,0.010177988
17256000,0.015428132,0.008909607,-0.060402244,-0.000831,0.001786975,0.010303416
17264000,0.015416535,0.008749519,-0.060292765,-0.0009041348,0.0016765704,0.010436355
17272000,0.015403932,0.00859218,-0.060183212,-0.00092104985,0.0015749142,0.010547561
17280000,0.015403638,0.008462711,-0.06007801,-0.0009871387,0.0014912265,0.010634768
17288000,0.015401639,0.008335648,-0.059973016,-0.0010780729,0.0014322811,0.010681368
17296000,0.015398027,0.008210685,-0.059868485,-0.0011196042,0.001312255,0.010716046
17304000,0.015392815,0.008088005,-0.059764564,-0.0012142062,0.0012860404,0.010758705
17312000,0.0153868385,0.00798683,-0.059656605,-0.0012434847,0.0012938069,0.0108578475
17320000,0.015379681,0.007887961,-0.05954893,-0.0012526761,0.0012633598,0.010926247
17332000,0.015371199,0.0077911434,-0.059441403,-0.001317879,0.0012370341,0.011024416
17340000,0.015361277,0.0076962425,-0.059333935,-0.0013873422,0.0011882021,0.0110852765
17348000,0.015350309,0.007602296,-0.0592255,-0.0014962789,0.0011878659,0.0111536365
17356000,0.015337713,0.0075104,-0.059117272,-0.0015649422,0.0011503028,0.011222984
17364000,0.0153237935,0.007420283,-0.05900912,-0.0015961978,0.0010884322,0.011318037
17372000,0.015308637,0.007331813,-0.05890079,-0.0016507407,0.0010373598,0.0114796255
17380000,0.015308172,0.007249207,-0.05879295,-0.0017235974,0.0009658836,0.011584443
17388000,0.015305815,0.007167968,-0.0586849,-0.0018003929,0.0008785358,0.011702976
17396000,0.015301475,0.0070880987,-0.058576718,-0.0019265299,0.0008230112,0.011791769
17404000,0.015295014,0.0070095696,-0.058468536,-0.0020351806,0.00074095983,0.0118780285
17408000,0.01529383,0.0069323042,-0.058258995,-0.002096195,0.0007056906,0.012053908
17416000,0.015307068,0.0068504806,-0.05814454,-0.0020969938,0.0005988822,0.012191745
17424000,0.015318561,0.0067696697,-0.058029786,-0.0021350319,0.00051226036,0.012323194
17432000,0.015328249,0.0066901757,-0.05791506,-0.0021834027,0.00044182563,0.0123769585
17440000,0.015360185,0.0066164527,-0.057791278,-0.002216074,0.00039600558,0.012493959
17448000,0.015389907,0.006543867,-0.057667628,-0.002246209,0.00034272842,0.012565248
17456000,0.015417524,0.0064722504,-0.057544142,-0.0022554062,0.000249837,0.012692909
17464000,0.015442898,0.0064017344,-0.0574203,-0.0023396052,0.00018663862,0.012831114
17472000,0.015492923,0.006329373,-0.057293877,-0.0023521034,0.00010128146,0.012883669
17480000,0.015540658,0.006258278,-0.057167664,-0.0023347277,0.00010253175,0.012962539
17488000,0.01558595,0.0061884304,-0.05704172,-0.0023695459,2.0018233e-05,0.013030481
17496000,0.015628912,0.0061196764,-0.056916013,-0.0023826263,3.6622514e-06,0.01311336
17504000,0.015669568,0.006052062,-0.056790084,-0.0023929535,-6.23854e-05,0.013250667
17512000,0.015748424,0.005974399,-0.056681305,-0.002392914,-0.00015276896,0.013311509
17520000,0.015824111,0.005897937,-0.05657208,-0.0024287803,-0.00015762154,0.013421982
17528000,0.015896805,0.005822613,-0.056462035,-0.0024400542,-0.0002685493,0.0135961585
17536000,0.015966961,0.0057480084,-0.0563509,-0.0023843052,-0.00036281953,0.013738092
17544000,0.016067516,0.0056744087,-0.056250215,-0.0023040883,-0.00045513452,0.013833997
17552000,0.016164964,0.0056017595,-0.056148678,-0.0023198659,-0.0005034472,0.013924153
17560000,0.016292356,0.005508573,-0.056026295,-0.0022885655,-0.0005661604,0.013985372
17568000,0.016459782,0.0054221875,-0.055927068,-0.002187845,-0.0006369017,0.014037687
17576000,0.016615493,0.005340615,-0.055830047,-0.00210768,-0.00071537966,0.0141727
17584000,0.016761739,0.005263054,-0.055734232,-0.002014416,-0.00075734186,0.014255213
17592000,0.016899558,0.0051889354,-0.055639178,-0.002030355,-0.0007760199,0.014360501
17600000,0.017059827,0.0051322714,-0.05556722,-0.0019707824,-0.000826717,0.014420436
17608000,0.017212978,0.005077458,-0.055494815,-0.0019191819,-0.00085522415,0.014450325
17616000,0.017360017,0.005024264,-0.05542147,-0.0018440796,-0.0008812977,0.014549895
17624000,0.017501568,0.004972306,-0.05534722,-0.0017987431,-0.0009828924,0.01459397
17632000,0.017668677,0.0049384194,-0.05529563,-0.0016787469,-0.0009740619,0.014650805
17640000,0.017831074,0.0049052252,-0.055242255,-0.0015458236,-0.0009802022,0.014701665
17648000,0.01798905,0.004872811,-0.055187196,-0.0014467384,-0.00096655986,0.014777526
17656000,0.018142866,0.004841249,-0.055130377,-0.0013504431,-0.00096092775,0.014828433
17664000,0.018331917,0.004822887,-0.05509536,-0.0011993292,-0.0009967914,0.014913067
17672000,0.018517097,0.004804552,-0.055057615,-0.0010221804,-0.0010376645,0.015061678
17680000,0.018698247,0.0047861934,-0.05501704,-0.00090944354,-0.0010684532,0.01515154
17688000,0.018875396,0.0047681,-0.054974362,-0.0008383279,-0.0010639355,0.015209499
17696000,0.019090546,0.0047643897,-0.054947555,-0.00070899806,-0.0011135739,0.015291081
17704000,0.01930149,0.0047605583,-0.054918304,-0.0005671436,-0.0010815059,0.015305857
17712000,0.019508384,0.004756842,-0.054886743,-0.00042643928,-0.0010880644,0.015364011
17720000,0.019711604,0.0047530024,-0.054853067,-0.00023722411,-0.0011238218,0.015352027
17728000,0.019955449,0.004760699,-0.054839388,-9.9149285e-05,-0.0011060524,0.015321423
17736000,0.020194616,0.0047682226,-0.054823354,1.9361803e-05,-0.0011166529,0.015358607
17744000,0.020429306,0.00477546,-0.054804906,0.00017107798,-0.0011356906,0.015337204
17752000,0.020660004,0.0047827465,-0.05478412,0.00035803817,-0.001073044,0.015404513
17760000,0.020886892,0.004790171,-0.05476074,0.0005109291,-0.0010484194,0.0154395485
17768000,0.021128407,0.004797933,-0.05475244,0.00065269374,-0.0010076667,0.015437384
17776000,0.021365715,0.0048057274,-0.05474159,0.0007964031,-0.0010031294,0.015475643
17784000,0.021598883,0.0048135193,-0.054727823,0.00092889945,-0.0009820819,0.01555367
17792000,0.021828115,0.0048212656,-0.05471149,0.0010528804,-0.0009780126,0.015538968
17800000,0.022068687,0.0048263394,-0.05471091,0.0012029835,-0.0009475557,0.015529873
17808000,0.022305174,0.004831643,-0.054707497,0.0013057737,-0.00092006184,0.015601521
17816000,0.022537393,0.0048371484,-0.05470112,0.00141275,-0.0008878277,0.015604398
17824000,0.022765694,0.004842703,-0.054692224,0.0015475856,-0.000918297,0.015613929
17832000,0.022997461,0.004846154,-0.054696277,0.0016457371,-0.0009064758,0.015702125
17840000,0.023224918,0.0048495824,-0.054697037,0.0017756368,-0.00090266776,0.015741596
17848000,0.023448424,0.0048534125,-0.0546951,0.0018649811,-0.0008373739,0.015736578
17856000,0.023668252,0.0048576966,-0.054690257,0.0019982012,-0.0008059585,0.01578867
17864000,0.023893686,0.004864629,-0.054697916,0.0021328055,-0.00079042045,0.01581609
17872000,0.02411554,0.0048717945,-0.054702654,0.0022799594,-0.00074915285,0.015792463
17880000,0.024333853,0.0048793266,-0.05470468,0.0023885898,-0.0007227872,0.015814962
17888000,0.024548493,0.004886958,-0.054703727,0.0024717932,-0.000704605,0.01586015
17896000,0.024759399,0.004894782,-0.05469963,0.0025664228,-0.0006600322,0.015913436
17904000,0.02498366,0.0049041044,-0.054713175,0.0027687477,-0.00063848804,0.015961034
17912000,0.025204634,0.0049133296,-0.054723382,0.0028715369,-0.0006574874,0.015996236
17920000,0.025422134,0.004922584,-0.0547304,0.0030333237,-0.00062815164,0.01598313
17928000,0.02565845,0.0049387845,-0.054748073,0.0032337192,-0.0005815587,0.01604761
17936000,0.025891593,0.004955191,-0.054762274,0.0033993344,-0.0005397781,0.016053075
17944000,0.026121322,0.004971876,-0.054773465,0.003537033,-0.00046450534,0.016012326
17952000,0.02634763,0.0049887793,-0.054781944,0.003687735,-0.00045753416,0.015995534
17960000,0.026599701,0.0050154435,-0.054797307,0.0038738584,-0.00040905908,0.016000802
17968000,0.026848095,0.0050420593,-0.05478105,0.0040257364,-0.0003866109,0.015978172
17976000,0.027092982,0.005068528,-0.054762647,0.0042080474,-0.00037674804,0.015986424
17984000,0.027334511,0.0050949436,-0.05474177,0.0043658395,-0.00029720733,0.016043639
17992000,0.027605636,0.005144967,-0.054737628,0.0044810236,-0.00019592365,0.016066233
18000000,0.027872724,0.005194821,-0.0547307,0.004670525,-0.00012905555,0.016087882
18008000,0.028136253,0.005244413,-0.054720968,0.0048785703,-6.5172586e-05,0.016123556
18016000,0.028396474,0.0052935462,-0.054708734,0.0050801146,-4.568642e-05,0.016099572
18024000,0.028653251,0.005342091,-0.054692656,0.0052315136,-3.7834947e-05,0.016154462
18032000,0.028932735,0.0054004514,-0.054689005,0.005453158,-2.9302828e-06,0.016215384
18040000,0.0292083,0.0054582525,-0.054682106,0.005618159,2.898401e-05,0.016292302
18048000,0.029480333,0.005515157,-0.05467236,0.0058320523,5.3523283e-05,0.016300954
18056000,0.029749023,0.005571795,-0.054660186,0.006042613,0.00015011382,0.016270738
18064000,0.030044956,0.0056456127,-0.054648355,0.006240964,0.00017602363,0.016288951
18072000,0.030337185,0.005718529,-0.054583713,0.0064575067,0.00024500443,0.016326658
18080000,0.030625662,0.0057909344,-0.054517627,0.0066434755,0.00035065322,0.016362147
18088000,0.030910607,0.0058628614,-0.05445029,0.0068572843,0.00041849335,0.016364625
18096000,0.031211644,0.0059364894,-0.05437842,0.007037719,0.00043664136,0.016348692
18104000,0.03150889,0.0060091196,-0.054305524,0.007255275,0.00046899042,0.01638572
18112000,0.03180235,0.0060811327,-0.05423118,0.0074241203,0.0005626941,0.01648336
18120000,0.03209237,0.0061525223,-0.054155424,0.007672873,0.0006286078,0.016505266
18128000,0.032402836,0.0062209275,-0.054071233,0.007870753,0.0007039634,0.016524361
18136000,0.03270937,0.006288795,-0.053986087,0.008052285,0.0007516554,0.016588591
18144000,0.033012133,0.0063559865,-0.053899527,0.008254365,0.00081978843,0.016686838
18152000,0.033311352,0.0064224945,-0.053811997,0.008454331,0.00082664477,0.016692527
18160000,0.033630617,0.006490261,-0.05371134,0.0086302655,0.0008440653,0.016713882
18168000,0.033946123,0.0065572103,-0.053620383,0.008870724,0.0008848402,0.0167768
18176000,0.03425824,0.006623704,-0.053528517,0.009125104,0.00097685,0.016782189
18184000,0.03456677,0.0066895518,-0.05343607,0.009296227,0.0009614865,0.016805315
18192000,0.034888685,0.0067582484,-0.0533358,0.009521461,0.0009646561,0.016885152
18200000,0.035207197,0.006825991,-0.053234637,0.009782161,0.0009895519,0.01693009
18208000,0.035522312,0.0068929163,-0.053133026,0.009984811,0.0010073272,0.016914744
18216000,0.03583392,0.0069592013,-0.05303085,0.010187456,0.0010784685,0.01700652
18224000,0.036157083,0.007025564,-0.052943334,0.010403183,0.0011021354,0.01707166
18232000,0.036476623,0.00709134,-0.052854627,0.010607968,0.0011758944,0.017120143
18240000,0.03679261,0.007156622,-0.052764907,0.010815142,0.0012815472,0.017170236
18248000,0.037105076,0.007221462,-0.052673817,0.010993144,0.0013034993,0.017250022
18256000,0.03742879,0.0072641624,-0.05258061,0.011160475,0.0013233001,0.017262593
18264000,0.037748802,0.007306645,-0.052486822,0.011380287,0.0013732432,0.017268933
18272000,0.038065452,0.007349091,-0.052395284,0.01157865,0.0014223242,0.017343601
18280000,0.038378406,0.007391364,-0.052302375,0.011705077,0.0014514208,0.017406065
18288000,0.038687747,0.007433522,-0.052208215,0.01191946,0.0014923798,0.017490244
18296000,0.03899339,0.007453575,-0.052118436,0.0121243745,0.0014950717,0.01757229
18304000,0.039295703,0.0074736676,-0.052027494,0.012264117,0.0014970202,0.017583715
18312000,0.03959472,0.007493728,-0.05193585,0.012460092,0.001470755,0.017558128
18320000,0.03989047,0.007513779,-0.051854104,0.012601419,0.0015153532,0.017577711
18328000,0.040166985,0.007512593,-0.05177577,0.012777887,0.0015843795,0.017557224
18336000,0.040440608,0.007512238,-0.05169633,0.012917585,0.0016048308,0.017594201
18344000,0.040711608,0.007512202,-0.05161546,0.013092332,0.0015737937,0.017622998
18352000,0.04098014,0.007512292,-0.0515334,0.013258612,0.0015284996,0.01766221
18360000,0.04123088,0.007492423,-0.051444963,0.013377574,0.0015158297,0.017692141
18368000,0.041479208,0.0074735642,-0.051346466,0.013525618,0.0015801482,0.017731452
18376000,0.041725468,0.007455725,-0.05124694,0.0136791915,0.001559545,0.017805647
18384000,0.04196924,0.007438314,-0.05114676,0.013765841,0.0015304157,0.017757166
18392000,0.04218199,0.007398432,-0.05104652,0.013847155,0.0015248237,0.017795576
18400000,0.04239286,0.0073592872,-0.05094531,0.013935125,0.0014447762,0.017847186
18408000,0.04260169,0.0073208404,-0.050843343,0.014013022,0.0014139276,0.017866645
18416000,0.0428087,0.007283137,-0.050740555,0.014105082,0.0013716123,0.017916933
18424000,0.042993587,0.007223731,-0.050649777,0.014164165,0.0012810795,0.017931683
18432000,0.043176923,0.007165361,-0.050557986,0.014240332,0.0012539913,0.017960304
18440000,0.04335888,0.0071083643,-0.050465256,0.0143562835,0.0012603683,0.017958827
18448000,0.043539662,0.0070524393,-0.050371632,0.0144512355,0.001165859,0.01799874
18456000,0.043690022,0.006983015,-0.050291285,0.014492575,0.0010951974,0.01800452
18464000,0.043839343,0.006914856,-0.050209716,0.014552177,0.0010705024,0.018007047
18472000,0.0439875,0.0068481117,-0.050147533,0.014578448,0.0010581226,0.017947182
18480000,0.044134047,0.006782742,-0.050083995,0.014543774,0.0010216136,0.017965838
18488000,0.0442575,0.00671989,-0.050031796,0.014571804,0.0010012592,0.018001981
18496000,0.04438029,0.006658285,-0.04997772,0.014612914,0.0009778697,0.018013319
18504000,0.044502184,0.006597846,-0.049921587,0.014613718,0.000916315,0.01805938
18512000,0.04462305,0.006538066,-0.049863607,0.014625485,0.00082075084,0.018030062
18520000,0.04474437,0.0064990353,-0.04982078,0.014627666,0.00078898453,0.01805583
18528000,0.04486467,0.0064609186,-0.04977566,0.01464173,0.00081562955,0.018062254
18536000,0.044983942,0.006423731,-0.049728706,0.014653201,0.0007866941,0.018011335
18544000,0.045102116,0.0063872742,-0.049679995,0.014630921,0.00080297445,0.018028883
18552000,0.045219447,0.006351775,-0.049629033,0.014700385,0.00079155865,0.018059606
18560000,0.045335304,0.0063307374,-0.049578875,0.014696125,0.0008116251,0.018073527
18568000,0.045449987,0.006310317,-0.049554497,0.014691718,0.0007834577,0.018086884
18576000,0.045563556,0.0062900465,-0.049527213,0.014670114,0.00069562276,0.018128801
18584000,0.045676194,0.0062696994,-0.049497277,0.014694129,0.00064297364,0.018115023
18592000,0.045780417,0.0062688687,-0.049488634,0.014669988,0.0006554565,0.018109694
18600000,0.045883574,0.0062682694,-0.04947731,0.014628757,0.00064194255,0.018065901
18608000,0.04598563,0.006268043,-0.049463093,0.014603408,0.00067990395,0.018085482
18616000,0.046086557,0.0062680407,-0.049445957,0.014554482,0.00063274015,0.018100072
18624000,0.046174776,0.0062933955,-0.049470082,0.014493713,0.0006892219,0.018091775
18632000,0.0462621,0.0063189734,-0.049490422,0.01445681,0.0007485066,0.018098667
18640000,0.04634861,0.006344841,-0.049506754,0.014429411,0.0007881344,0.018134851
18648000,0.0464344,0.006370875,-0.049519405,0.01440016,0.00082553056,0.018103618
18656000,0.04651358,0.0064091845,-0.04955536,0.014346903,0.00084337546,0.018090209
18664000,0.0465922,0.0064474805,-0.049587116,0.014340767,0.0009129359,0.018105423
18672000,0.046670232,0.0064858897,-0.049615026,0.014316103,0.0009350762,0.018030679
18680000,0.046747826,0.0065243333,-0.04963939,0.014274141,0.0010001414,0.0180116
18688000,0.046807777,0.006564393,-0.049677387,0.014185801,0.0010258171,0.018022632
18696000,0.04686716,0.006604293,-0.049711272,0.014121123,0.0010229697,0.017976983
18704000,0.046926178,0.0066439463,-0.049741253,0.014072487,0.0010348,0.018001107
18712000,0.0469847,0.0066836653,-0.049766958,0.013985983,0.0011012846,0.018035721
18720000,0.047034264,0.006708798,-0.049809754,0.013933053,0.0011599823,0.0180102
18728000,0.04708358,0.006734213,-0.049848467,0.0138633605,0.0011620123,0.017999675
18736000,0.047132548,0.00675968,-0.049883097,0.013780375,0.001134847,0.017950866
18744000,0.04718108,0.0067852307,-0.049913928,0.013691439,0.001174058,0.017936165
18752000,0.04724216,0.006801467,-0.049964964,0.013670842,0.0012385048,0.01788821
18760000,0.047303237,0.0068183895,-0.050011754,0.013666323,0.0012511496,0.017869977
18768000,0.04736398,0.006835766,-0.050090596,0.013605275,0.0012836941,0.017869372
18776000,0.047424223,0.006853713,-0.05016409,0.013537059,0.0013002732,0.017878193
18784000,0.04748963,0.0068568513,-0.050260484,0.013484594,0.001314124,0.017859995
18792000,0.04755456,0.006860615,-0.050351083,0.013457434,0.0012948738,0.017892841
18800000,0.04761926,0.0068648253,-0.05043581,0.013442344,0.0013025925,0.017941857
18808000,0.047684032,0.0068697487,-0.05051492,0.013472072,0.001298771,0.017934866
18816000,0.047748994,0.0068751355,-0.050588578,0.013501748,0.0012855788,0.017963132
18824000,0.047812045,0.00687107,-0.050680384,0.013495251,0.0012573639,0.017908828
18832000,0.04787519,0.0068676574,-0.050766975,0.013495865,0.0012690539,0.017849538
18840000,0.047938175,0.0068651866,-0.050848544,0.013449455,0.0013009191,0.017808324
18848000,0.04800117,0.006863511,-0.050924987,0.013472358,0.0013093562,0.017777523
18856000,0.048051927,0.0068556285,-0.051022783,0.013458594,0.0013182067,0.01768208
18864000,0.04810259,0.0068485625,-0.051115528,0.013383166,0.0013147973,0.017600607
18872000,0.0481536,0.0068421047,-0.051244766,0.013406301,0.0012955011,0.017468981
18880000,0.048204854,0.006836637,-0.051368266,0.013363546,0.0013775576,0.017404964
18888000,0.048259676,0.0068097287,-0.051503748,0.013339372,0.0014165667,0.0174217
18896000,0.048314556,0.006784053,-0.051632345,0.013285346,0.001400775,0.01743221
18904000,0.04836944,0.0067593497,-0.051754594,0.013249286,0.0013794116,0.017357877
18912000,0.048424542,0.0067355293,-0.051870853,0.013247963,0.0013655896,0.017326977
18920000,0.04849661,0.0067030815,-0.052004457,0.013200253,0.0013074032,0.01734524
18928000,0.048568178,0.0066710496,-0.052131295,0.013150646,0.0011980225,0.017329108
18936000,0.04863968,0.00663949,-0.052251756,0.013158572,0.0011305332,0.017292961
18944000,0.048711404,0.006608669,-0.052365854,0.013181233,0.0011049614,0.017309971
18952000,0.048800416,0.006557692,-0.052495763,0.01320149,0.0010523447,0.017269531
18960000,0.04888914,0.0065076146,-0.052619234,0.013185103,0.00095468806,0.017249776
18968000,0.048977483,0.00645813,-0.052735925,0.0131757725,0.00085194013,0.01731488
18976000,0.049065538,0.0064097955,-0.052846044,0.013200397,0.0008792667,0.017301936
18984000,0.04916863,0.0063549597,-0.052967623,0.013198195,0.00080303324,0.017290747
18992000,0.049271185,0.0063008587,-0.053082794,0.013202526,0.0007353413,0.017266933
19000000,0.04937315,0.006248017,-0.053191513,0.01320947,0.000732629,0.017287094
19008000,0.04947482,0.00619669,-0.053294078,0.013253025,0.0007680176,0.01726677
19016000,0.04956474,0.006140031,-0.053409025,0.013233818,0.0007631283,0.017269416
19024000,0.049654298,0.006084847,-0.0535177,0.013227262,0.0007600866,0.017228995
19032000,0.04974357,0.006030955,-0.053620145,0.013217934,0.00073914096,0.017271658
19040000,0.04983243,0.005978137,-0.053716272,0.013163514,0.0006968763,0.017267808
19048000,0.04989835,0.0059129484,-0.053818136,0.013138107,0.0006339189,0.01729405
19056000,0.049964797,0.0058487654,-0.053913966,0.0131954765,0.0005553038,0.017263979
19064000,0.05003182,0.0057854066,-0.054003924,0.013198767,0.00047492885,0.017246712
19072000,0.05009911,0.0057231504,-0.05410272,0.01318566,0.00044725533,0.017283497
19080000,0.05016651,0.005662061,-0.05419506,0.013156383,0.00042392453,0.017313763
19088000,0.050215542,0.0056027845,-0.05429308,0.013097196,0.0003996823,0.01735136
19096000,0.050265074,0.0055442574,-0.054384753,0.013103152,0.00028318868,0.01735142
19104000,0.05031531,0.0054861284,-0.054470345,0.013087858,0.00019718448,0.017403347
19112000,0.050366018,0.00542889,-0.05454962,0.01306895,0.00017445287,0.017470567
19120000,0.05038813,0.0053638546,-0.054655373,0.012995092,0.00018971466,0.017432854
19128000,0.05041104,0.0053004646,-0.05475539,0.012954483,0.0001951385,0.017349472
19136000,0.05043489,0.0052380995,-0.05484955,0.012922062,0.0001245521,0.017370734
19144000,0.050459705,0.0051766005,-0.05493772,0.012874878,5.5964745e-05,0.017337188
19152000,0.050459735,0.005114346,-0.055068374,0.012786812,3.115941e-05,0.017289706
19160000,0.05046107,0.0050531146,-0.055192694,0.012753241,-4.2419957e-05,0.0172239
19168000,0.05046374,0.0049927128,-0.05532749,0.012718163,-7.947144e-05,0.017210437
19176000,0.05046773,0.0049333842,-0.05545561,0.0126613695,-0.00010898862,0.017144408
19184000,0.050452646,0.004878335,-0.055627882,0.012548022,-0.00014892517,0.017150033
19192000,0.050438836,0.0048240945,-0.055792257,0.012472046,-0.00019706108,0.017108718
19200000,0.050426483,0.0047708144,-0.05594927,0.012424047,-0.00021839316,0.017082747
19208000,0.050415568,0.004718242,-0.056098938,0.012363032,-0.0002858157,0.017052809
19216000,0.050378095,0.004660135,-0.056286976,0.012254796,-0.0003740841,0.017052235
19224000,0.050342243,0.004602737,-0.05647038,0.012157364,-0.00039564332,0.017002927
19232000,0.05030774,0.004546564,-0.056646302,0.012015519,-0.00040029758,0.016900664
19240000,0.050274674,0.004491306,-0.056814715,0.01192929,-0.0004498855,0.016915891
19248000,0.050220776,0.0044441074,-0.05701001,0.011839745,-0.00050473976,0.016863111
19256000,0.050168976,0.0043975348,-0.057197273,0.011759605,-0.00053391245,0.01680374
19264000,0.050119154,0.0043513915,-0.057376817,0.011692194,-0.0006348812,0.016729556
19272000,0.050071325,0.00430549,-0.05754894,0.011619808,-0.00069593574,0.01667548
19280000,0.050002173,0.004285373,-0.057735845,0.011537803,-0.0007299412,0.016632272
19288000,0.049935028,0.004265358,-0.057914868,0.011393048,-0.00075679057,0.016585514
19296000,0.049869757,0.0042455965,-0.058086187,0.011270872,-0.00074271247,0.016568808
19304000,0.04980628,0.004226039,-0.058249906,0.011120249,-0.0007789411,0.016539404
19312000,0.049718656,0.0042259195,-0.058422938,0.011020145,-0.0007880272,0.01653329
19320000,0.049633756,0.004225632,-0.05858846,0.010959845,-0.000780976,0.016529366
19328000,0.049551543,0.0042253085,-0.05874674,0.010860947,-0.00077792525,0.016442543
19336000,0.04947146,0.0042248606,-0.058898598,0.010722666,-0.0007876434,0.016295621
19344000,0.04939361,0.004224319,-0.059044003,0.010647042,-0.0007988773,0.016253354
19352000,0.049274214,0.004244569,-0.05920042,0.01051917,-0.000769736,0.016236989
19360000,0.049157523,0.0042645377,-0.059349835,0.010374918,-0.00075841846,0.016178014
19368000,0.049043708,0.004284079,-0.059492394,0.01027842,-0.0007421305,0.016161699
19376000,0.048933033,0.004303192,-0.059627995,0.010191339,-0.00074600795,0.01616152
19384000,0.048794746,0.004360205,-0.059779674,0.01003758,-0.000706831,0.016127292
19392000,0.04865942,0.0044162236,-0.059924453,0.009868844,-0.00067041424,0.016089877
19400000,0.048526928,0.0044713123,-0.060062528,0.009703831,-0.0006447819,0.016032616
19408000,0.048397288,0.0045254896,-0.060194284,0.009560188,-0.00061462953,0.015939724
19416000,0.048257135,0.0046164873,-0.060349867,0.009437089,-0.0005426555,0.015909186
19424000,0.048120096,0.004705862,-0.06051287,0.009265521,-0.0005478139,0.01586208
19432000,0.047985796,0.004793524,-0.060668796,0.009110224,-0.0004985031,0.015801495
19440000,0.047854397,0.0048800837,-0.060817793,0.008966307,-0.00040915763,0.015758112
19448000,0.047712885,0.0049958667,-0.061001346,0.008811345,-0.000305638,0.01571699
19456000,0.04757455,0.0051102755,-0.06117727,0.008712746,-0.00019649614,0.01567814
19464000,0.047439437,0.005223164,-0.06134537,0.008599862,-0.000108382636,0.015692389
19472000,0.047307406,0.0053346897,-0.06153722,0.008481119,-2.2326632e-05,0.015660228
19480000,0.047158748,0.0054783653,-0.06175916,0.008334643,7.3792224e-05,0.015652338
19488000,0.047013156,0.0056201112,-0.061972335,0.008182324,0.0001937436,0.015606376
19496000,0.046870578,0.005760401,-0.06217712,0.0080396915,0.00034428173,0.015518108
19504000,0.046730652,0.00589909,-0.062373847,0.007842544,0.00047650165,0.015496379
19512000,0.04658162,0.0060646315,-0.06259522,0.0077009546,0.0006338174,0.015480306
19520000,0.046435803,0.0062285056,-0.06280799,0.0075847604,0.0008025851,0.01539999
19528000,0.046293188,0.0063907704,-0.06301279,0.0074744932,0.0009787848,0.015293482
19536000,0.0461536,0.0065514212,-0.06320958,0.0073524406,0.0011058765,0.015246945
19544000,0.04601065,0.006723027,-0.06342234,0.0072303787,0.0012173555,0.015154038
19552000,0.045870937,0.0068928003,-0.06362693,0.0071493173,0.0013829457,0.015098521
19560000,0.045734152,0.007060807,-0.063823655,0.0069846483,0.001503592,0.015021222
19568000,0.045599945,0.0072269533,-0.06402308,0.006852824,0.0016303984,0.014974075
19576000,0.04548916,0.0073918276,-0.06423941,0.0068016476,0.0017862332,0.014949065
19584000,0.045381047,0.0075552817,-0.06444745,0.0067025535,0.0019524733,0.0148444325
19592000,0.045275193,0.0077172043,-0.06464724,0.00656445,0.0020615973,0.014866617
19600000,0.045171596,0.0078775305,-0.064839005,0.006481963,0.0022165177,0.01474541
19608000,0.045070358,0.008036757,-0.06502356,0.006388776,0.00238559,0.014676573
19616000,0.044977855,0.0082041295,-0.065222606,0.0062972945,0.002507444,0.014628983
19624000,0.04488747,0.0083698975,-0.06542727,0.0062239147,0.0026602158,0.0146232685
19632000,0.044799328,0.008534186,-0.06562364,0.0061528096,0.0027768153,0.014582315
19640000,0.044713262,0.008696953,-0.06581189,0.0060655233,0.0029165626,0.0145785315
19648000,0.04463342,0.008875459,-0.06601195,0.0060161543,0.0030123848,0.014589203
19656000,0.044555623,0.0090518445,-0.06620368,0.005944307,0.0030907162,0.014561352
19664000,0.044479687,0.009226427,-0.066387385,0.005858588,0.003271194,0.014565001
19672000,0.044405423,0.009399439,-0.0665776,0.0057626474,0.0033765559,0.014505617
19680000,0.04432385,0.009587201,-0.06678569,0.0056672283,0.003504872,0.014535727
19688000,0.044244174,0.009773041,-0.06698516,0.005606266,0.0036506185,0.014496716
19696000,0.044166632,0.009956969,-0.06717655,0.005570593,0.0037791238,0.0144480625
19704000,0.044090882,0.010139106,-0.06736006,0.0054283985,0.0039158054,0.014412437
19712000,0.044009935,0.010342699,-0.06757966,0.0052989954,0.0040494744,0.014342222
19720000,0.04393076,0.010544335,-0.067790955,0.005225587,0.0042213155,0.014267912
19728000,0.043853533,0.010743758,-0.067993954,0.0051812124,0.0043123057,0.014261898
19736000,0.043778285,0.010940597,-0.06818862,0.0051113185,0.0043773265,0.014224794
19744000,0.04370038,0.011135869,-0.068418905,0.0049639074,0.004491201,0.014202771
19752000,0.04362374,0.0113292495,-0.06864035,0.004831427,0.004671905,0.01415643
19760000,0.04354859,0.011520996,-0.0688532,0.0047500497,0.004837136,0.014126666
19768000,0.043475185,0.011711102,-0.06908667,0.004677108,0.004988128,0.014060426
19776000,0.043406304,0.011899512,-0.06934431,0.0045725964,0.0051189056,0.013961017
19784000,0.04333887,0.012085994,-0.06959294,0.004499544,0.005221202,0.013858955
19792000,0.043273,0.012270449,-0.06983246,0.0044321064,0.00529755,0.013832297
19800000,0.043208692,0.012452616,-0.07006301,0.004387978,0.005369571,0.013781802
19808000,0.04315178,0.012619922,-0.07031201,0.004318562,0.005474531,0.013659673
19816000,0.043096013,0.012785842,-0.070552245,0.0042270455,0.0056292196,0.013612848
19824000,0.043041475,0.012950541,-0.07078378,0.0041590156,0.005752949,0.013485902
19832000,0.042987995,0.013113871,-0.071007386,0.0040674303,0.005882336,0.013383271
19840000,0.042958595,0.013271633,-0.071247205,0.0040495377,0.0059507294,0.013333315
19848000,0.042930234,0.0134280715,-0.07147847,0.0040122396,0.0060977926,0.013234907
19856000,0.0429027,0.013583418,-0.07170151,0.003976511,0.0062026274,0.013173899
19864000,0.042876095,0.013737336,-0.07191609,0.003940987,0.0062987823,0.013163647
19872000,0.04285045,0.013889834,-0.07212247,0.0039239614,0.006359544,0.013101155
19880000,0.042851105,0.014044027,-0.07233392,0.0039019373,0.006396435,0.0130550945
19888000,0.042852126,0.014196757,-0.07253753,0.0038788822,0.0065126903,0.012986867
19896000,0.04285372,0.01434802,-0.07273339,0.0038916867,0.0065466547,0.012958808
19904000,0.042855978,0.014497537,-0.0729218,0.0039029277,0.0066100433,0.012861517
19912000,0.04287137,0.014646899,-0.07310636,0.0038492908,0.006678864,0.012829259
19920000,0.042886622,0.014794817,-0.0732937,0.0038360257,0.0067410646,0.012845127
19928000,0.04290233,0.014941222,-0.07347305,0.003873313,0.006803325,0.012890939
19936000,0.042918533,0.015086161,-0.07364474,0.0038530396,0.006880617,0.012885023
19944000,0.042947724,0.0152213825,-0.07380991,0.0038742998,0.0070082843,0.01279767
19952000,0.04297722,0.015355749,-0.07396869,0.0038941742,0.0071025766,0.012713069
19960000,0.04300688,0.015488994,-0.07412104,0.0039248103,0.0071564326,0.012672446
19968000,0.043036878,0.015620933,-0.074266896,0.003950831,0.0072185555,0.012637665
19976000,0.043073818,0.015739104,-0.0744171,0.0039267153,0.007304067,0.012604062
19984000,0.04311047,0.015856184,-0.074561074,0.0039414247,0.0073249736,0.012530644
19992000,0.043147303,0.015972413,-0.07469867,0.0039668772,0.0073927725,0.012543746
20000000,0.043184128,0.016087674,-0.07483001,0.0039613685,0.0074224724,0.012516314
20008000,0.04322278,0.016188618,-0.07496725,0.0039572716,0.007436671,0.012507871
20016000,0.043261264,0.016288403,-0.07509823,0.0039488934,0.007392227,0.012472448
20024000,0.04329948,0.016387109,-0.0752231,0.0039382023,0.007405709,0.012499876
20032000,0.04333769,0.016485065,-0.075341746,0.0039838008,0.007432165,0.0124896765
20040000,0.04338159,0.01655944,-0.07546784,0.003994805,0.0074497676,0.012467611
20048000,0.043425277,0.016633522,-0.07558809,0.0040169894,0.007434474,0.012422478
20056000,0.043468937,0.016707117,-0.07570265,0.004053521,0.007452315,0.012397462
20064000,0.043512464,0.016780514,-0.07581152,0.00404743,0.0074875085,0.01237447
20072000,0.043567095,0.016831832,-0.07592608,0.0040696543,0.0074899616,0.012404223
20080000,0.04362118,0.016882995,-0.07603426,0.00402785,0.0074617495,0.01246023
20088000,0.043674387,0.016934292,-0.07613675,0.004002591,0.0074894605,0.012457049
20096000,0.043727096,0.016985668,-0.07623379,0.00403595,0.00749316,0.012406167
20104000,0.043781422,0.017017784,-0.076344684,0.004033018,0.007476439,0.012372762
20112000,0.043835167,0.017050356,-0.076450005,0.0040250835,0.0074843443,0.012359206
20120000,0.04388818,0.017082877,-0.076560095,0.004006661,0.0073877242,0.01233222
20128000,0.043940473,0.017115152,-0.07666461,0.003970193,0.0073585594,0.012303089
20136000,0.04399202,0.017147746,-0.076763764,0.0039529908,0.007373403,0.012279493
20144000,0.044037372,0.01716628,-0.076882616,0.003942594,0.0073297224,0.012184778
20152000,0.044082556,0.01718507,-0.07699631,0.004013148,0.007310248,0.01210201
20160000,0.044127878,0.017204117,-0.077104464,0.0040676785,0.0072536557,0.012134426
20168000,0.044173207,0.01722329,-0.077206865,0.004103082,0.0072015715,0.0121252
20176000,0.044206243,0.017230334,-0.0773326,0.004073114,0.0070920098,0.012133736
20184000,0.044238985,0.017237248,-0.077452704,0.0040525845,0.006990373,0.011994677
20192000,0.044271335,0.017244274,-0.07756822,0.004018386,0.006925832,0.011878513
20200000,0.04430352,0.017251315,-0.07767846,0.004037623,0.006835188,0.011873596
20208000,0.044331696,0.017241405,-0.07780571,0.003988613,0.0067627123,0.011836097
20216000,0.044359576,0.017231895,-0.077927366,0.0039811116,0.006682161,0.011797535
20224000,0.04438728,0.017223068,-0.07804425,0.0039790194,0.0066796895,0.011716723
20232000,0.044414952,0.017214984,-0.07815607,0.0039731767,0.0066299536,0.011656809
20240000,0.04442653,0.017181654,-0.078290686,0.0039494964,0.006540629,0.011601335
20248000,0.044438172,0.017148962,-0.07841967,0.00394922,0.006423402,0.011539731
20256000,0.044450276,0.017116658,-0.0785435,0.003970998,0.006290325,0.011445076
20264000,0.044462442,0.017084783,-0.07866223,0.0039147194,0.0061840825,0.011404167
20272000,0.044474665,0.017032944,-0.07881044,0.003838397,0.006039697,0.011375983
20280000,0.04448678,0.016981842,-0.078952596,0.003840852,0.0059143603,0.011327214
20288000,0.044499245,0.016931422,-0.07908936,0.0038634818,0.0058262055,0.011210111
20296000,0.04451209,0.016882135,-0.07922085,0.0038576173,0.0057615084,0.011170971
20304000,0.04453454,0.016825683,-0.0793757,0.0038324532,0.0056009986,0.011171905
20312000,0.04455704,0.016769957,-0.079524204,0.003860918,0.005497377,0.011171728
20320000,0.044579487,0.016714957,-0.07966654,0.0038172193,0.005387422,0.011151757
20328000,0.04460198,0.016660735,-0.079803005,0.003854213,0.0052606035,0.011125358
20336000,0.044631317,0.016600253,-0.07995458,0.00381944,0.005164893,0.01108073
20344000,0.044660307,0.016540337,-0.080100134,0.003790577,0.004981988,0.011039279
20352000,0.044688947,0.0164811,-0.080240026,0.0037534905,0.0049174884,0.010995407
20360000,0.04471733,0.016422875,-0.08037417,0.003728769,0.0048360364,0.01095676
20368000,0.044751,0.016369019,-0.08052875,0.0037361912,0.0047341026,0.010871377
20376000,0.04478449,0.016315516,-0.080677494,0.0037076117,0.004568256,0.010863264
20384000,0.044817492,0.016262623,-0.08082034,0.0036585364,0.0045235,0.010799593
20392000,0.044850226,0.016210735,-0.080957666,0.0036712736,0.0044584246,0.010733954
20400000,0.044882976,0.01615944,-0.08108942,0.0037023083,0.00431701,0.010749388
20408000,0.044931162,0.016090618,-0.081235394,0.0036969413,0.0041641956,0.010720963
20416000,0.044978693,0.016022485,-0.081375524,0.00368019,0.0040465267,0.010684809
20424000,0.04502599,0.015955154,-0.08151014,0.003748308,0.003939956,0.010633954
20432000,0.045073397,0.015888585,-0.08163954,0.003763525,0.0037875818,0.010550472
20440000,0.04513086,0.015807515,-0.08178137,0.0037980129,0.0036503212,0.010453729
20448000,0.04518811,0.015727598,-0.08191793,0.0038278617,0.0035670612,0.010403625
20456000,0.045244988,0.015648965,-0.08204891,0.003847107,0.003477651,0.010387884
20464000,0.04530123,0.015571306,-0.08217467,0.003807046,0.0033162362,0.010327398
20472000,0.045352116,0.015473712,-0.08236091,0.0037726436,0.0032079793,0.01024128
20480000,0.04540241,0.015377622,-0.08254053,0.0037517578,0.003090931,0.010202171
20488000,0.04545227,0.015282738,-0.08271365,0.0037690469,0.0029613317,0.010158169
20496000,0.0455019,0.015189537,-0.08288042,0.003785038,0.0029170795,0.010103574
20504000,0.045546003,0.015080429,-0.083035156,0.0038338157,0.002812031,0.010087151
20512000,0.045590278,0.014973025,-0.08318372,0.0038746472,0.0026978552,0.010099893
20520000,0.045634493,0.01486715,-0.08333291,0.0038679533,0.0025931727,0.010053579
20528000,0.04567832,0.014763036,-0.08347671,0.0038395897,0.0024927447,0.009969727
20536000,0.045705978,0.014654744,-0.08360304,0.003840603,0.0023832868,0.009947915
20544000,0.045734193,0.014548143,-0.0837241,0.0039247284,0.0022767435,0.009907109
20552000,0.045763206,0.014443303,-0.08384006,0.003990668,0.0022162918,0.009886794
20560000,0.045792826,0.014340484,-0.08395098,0.0040435167,0.0021566213,0.009869974
20568000,0.04581881,0.014219852,-0.08404367,0.0040527517,0.0020579582,0.009786726
20576000,0.045845274,0.0141011635,-0.08413206,0.0041122185,0.0019495566,0.009791188
20584000,0.04587274,0.0139843,-0.084215686,0.004214148,0.001853025,0.0098521765
20592000,0.045900792,0.013869366,-0.08429487,0.0041927462,0.0017597586,0.009786817
20600000,0.045909338,0.013735968,-0.08434908,0.0041802702,0.0015941022,0.009774304
20608000,0.04591847,0.0136044575,-0.084399894,0.0041535543,0.0014822232,0.009732387
20616000,0.04592809,0.013474909,-0.0844471,0.0041082813,0.001365873,0.009790833
20624000,0.045937985,0.013347384,-0.08449341,0.0040722904,0.0012750077,0.009807402
20632000,0.045923837,0.013207051,-0.0845225,0.004070973,0.0011391932,0.009814723
20640000,0.0459109,0.0130687505,-0.08454837,0.004070612,0.0010093955,0.009833594
20648000,0.045899186,0.012932388,-0.08457096,0.004064798,0.00089965324,0.009906434
20656000,0.04588849,0.012798219,-0.08459036,0.004065635,0.0007941406,0.009894989
20664000,0.045878913,0.012666082,-0.08460693,0.0040544006,0.000699563,0.00989551
20672000,0.045844454,0.012530826,-0.08460386,0.0038997475,0.0006071091,0.009877516
20680000,0.045810632,0.012397471,-0.08459981,0.0038314133,0.00046053287,0.009474164
20688000,0.045777995,0.012265925,-0.084598884,0.0038005556,0.0003316123,0.00857276
20696000,0.0457467,0.012136031,-0.08460434,0.0037722548,0.00020595641,0.0073509286
20704000,0.045691513,0.011999759,-0.08461301,0.0037335414,0.000113583876,0.0058387364
20712000,0.04563776,0.0118655935,-0.084632054,0.0036348253,2.4195222e-05,0.004265875
20720000,0.04558546,0.011733772,-0.084668174,0.0036043033,-1.5700949e-05,0.0022521452
20728000,0.0455346,0.011604161,-0.08472006,0.0035263,-0.00010609152,-0.00016217935
20736000,0.0454594,0.011488907,-0.084783986,0.003458083,-0.0002089312,-0.0028698468
20744000,0.045385856,0.011375205,-0.084868655,0.0033436944,-0.00031223788,-0.0057571298
20752000,0.04531388,0.011263204,-0.08497499,0.003300442,-0.00036101587,-0.008716761
20760000,0.045243666,0.011153012,-0.08510418,0.0032211128,-0.00044644612,-0.011941747
20768000,0.045136806,0.011032046,-0.08526836,0.0030992394,-0.00053535705,-0.015641365
20776000,0.04503186,0.010912794,-0.085461214,0.0029998992,-0.00067528646,-0.019543452
20784000,0.044928852,0.01079495,-0.08568399,0.0028666412,-0.0007668614,-0.023553366
20792000,0.044827446,0.0106789535,-0.085937455,0.0027584303,-0.000832015,-0.027658803
20800000,0.044689406,0.010558565,-0.086238876,0.0026151435,-0.00092433963,-0.032027066
20808000,0.044553503,0.010439909,-0.0865746,0.0024670595,-0.0009987907,-0.036728866
20816000,0.044419512,0.01032316,-0.08694695,0.0022717512,-0.0010764707,-0.041647013
20824000,0.044286963,0.010208364,-0.087357,0.002047032,-0.0011139873,-0.04665366
20832000,0.04411349,0.010085689,-0.08782758,0.0018065362,-0.0012194936,-0.05158135
20840000,0.043941926,0.009964961,-0.088335946,0.0015625212,-0.0012742386,-0.05677083
20848000,0.04377249,0.009846197,-0.088884845,0.0013881683,-0.0013686974,-0.06225076
20856000,0.04360525,0.009729034,-0.089476004,0.0011959469,-0.001464101,-0.06787684
20864000,0.043403585,0.009612395,-0.09015863,0.0009365062,-0.0015257109,-0.07354959
20872000,0.04320383,0.009497812,-0.09088312,0.0006094127,-0.0015505314,-0.07919399
20880000,0.04300571,0.009385201,-0.09165038,0.00033207535,-0.0016240799,-0.08507785
20888000,0.042809334,0.009274298,-0.092462674,4.1717693e-05,-0.0017057026,-0.09120876
20896000,0.042595636,0.00916373,-0.093365684,-0.00019769443,-0.0017526158,-0.09741027
20904000,0.04238445,0.009055027,-0.09431432,-0.00039695506,-0.0018225091,-0.103599176
20912000,0.04217556,0.00894793,-0.09530856,-0.0006479614,-0.0018939425,-0.109817974
20920000,0.041968547,0.008842577,-0.096349195,-0.00091413036,-0.0019436801,-0.11618187
20928000,0.041763395,0.008738998,-0.09743787,-0.0011709741,-0.0019720017,-0.122752294
20936000,0.041551903,0.008627017,-0.098627314,-0.0014261208,-0.0019744337,-0.1294537
20944000,0.041342314,0.008517158,-0.09986551,-0.0016612625,-0.0020038583,-0.13611741
20952000,0.041134667,0.008409339,-0.101152256,-0.0018870055,-0.002024173,-0.14275034
20960000,0.040928755,0.0083036255,-0.10248764,-0.0021346959,-0.002039701,-0.14945456
20968000,0.04072433,0.008197111,-0.10393451,-0.002353597,-0.0020940742,-0.1564229
20976000,0.040521707,0.008092071,-0.10543169,-0.0025730259,-0.0021974219,-0.16346686
20984000,0.040320892,0.007988636,-0.106979415,-0.002785128,-0.0022254908,-0.17043935
20992000,0.040121693,0.007887085,-0.10857706,-0.0030073286,-0.0022455833,-0.17731193
21000000,0.039925344,0.0077873785,-0.11027937,-0.0032002623,-0.0022737896,-0.18437907
21008000,0.039730728,0.0076895035,-0.11203255,-0.0034127468,-0.0022941423,-0.19161803
21016000,0.039537694,0.0075934837,-0.11383717,-0.0036157642,-0.0023108555,-0.19882208
21024000,0.039346144,0.007499255,-0.11569618,-0.0037883406,-0.002332282,-0.20602849
21032000,0.03914806,0.007387274,-0.117674366,-0.0039757565,-0.002347368,-0.21310438
21040000,0.03895164,0.0072775097,-0.11970188,-0.0041767643,-0.0023581174,-0.22033878
21048000,0.03875685,0.007169963,-0.12178092,-0.0043778373,-0.0023455059,-0.22778547
21056000,0.038564045,0.007064524,-0.12391244,-0.0044737263,-0.0023638743,-0.23523647
21064000,0.038365074,0.0069461027,-0.12617369,-0.004586804,-0.0023820694,-0.2426581
21072000,0.038168017,0.0068299347,-0.12849508,-0.004771219,-0.002405205,-0.24993758
21080000,0.03797295,0.006715958,-0.13086607,-0.0049333563,-0.002404461,-0.2573033
21088000,0.037779815,0.0066043227,-0.13328801,-0.005067822,-0.0023999927,-0.26478782
21096000,0.037586343,0.006474076,-0.1358317,-0.0051885867,-0.0024707385,-0.27231547
21104000,0.037395075,0.006346101,-0.13842581,-0.005321138,-0.002500866,-0.2798423
21112000,0.037205998,0.0062203994,-0.14107002,-0.005416629,-0.0025170683,-0.28721917
21120000,0.037019305,0.0060970024,-0.14376383,-0.005511386,-0.0025306765,-0.29465473
21128000,0.036831494,0.0059492514,-0.1465729,-0.005612909,-0.0025304283,-0.30228996
21136000,0.036646344,0.005804323,-0.14943273,-0.0056209113,-0.0025510234,-0.30995348
21144000,0.036464144,0.0056622704,-0.15234323,-0.005649036,-0.0025552013,-0.31748438
21152000,0.03628428,0.0055225836,-0.15530367,-0.005766969,-0.0026298885,-0.32492554
21160000,0.03610819,0.0053626434,-0.15836997,-0.005810431,-0.0026713535,-0.33241966
21168000,0.035934567,0.005205422,-0.16148852,-0.005885537,-0.0027273213,-0.34005097
21176000,0.035763126,0.0050508464,-0.1646574,-0.005948273,-0.0027577248,-0.34764805
21184000,0.035594016,0.004898861,-0.16787677,-0.0059917797,-0.0028140387,-0.3552414
21192000,0.03542721,0.0047493507,-0.1711462,-0.006031258,-0.0028390817,-0.362661
21200000,0.035264052,0.0046002967,-0.17452388,-0.0059953057,-0.002857838,-0.37017366
21208000,0.035103645,0.0044539412,-0.17795159,-0.0060002464,-0.0028226436,-0.37788337
21216000,0.0349456,0.0043106535,-0.18143015,-0.0060264855,-0.0027739955,-0.3855516
21224000,0.034790095,0.004170146,-0.18495904,-0.006016354,-0.002768011,-0.39308265
21232000,0.034631725,0.004039467,-0.1885923,-0.006025358,-0.0027735482,-0.40052688
21240000,0.03447585,0.003911055,-0.19227378,-0.0060449634,-0.0027672898,-0.40800992
21248000,0.034322478,0.0037845823,-0.19600461,-0.006006409,-0.002849835,-0.41559398
21256000,0.034171823,0.0036600458,-0.1997854,-0.0059881127,-0.002818487,-0.42317945
21264000,0.034045547,0.0035408647,-0.2036667,-0.005923639,-0.0028222557,-0.43078968
21272000,0.03392172,0.0034240133,-0.2075965,-0.005869264,-0.0027304438,-0.4381664
21280000,0.03379996,0.0033098669,-0.21157439,-0.0058511146,-0.0026368191,-0.44566315
21288000,0.03368023,0.0031980143,-0.21560211,-0.005810386,-0.0026383854,-0.45331985
21296000,0.03359537,0.0030882093,-0.21973903,-0.005780136,-0.002605772,-0.460983
21304000,0.033511657,0.0029806832,-0.22392525,-0.005740907,-0.002523806,-0.468565
21312000,0.033429667,0.0028754806,-0.22815983,-0.0056338115,-0.00246921,-0.4759688
21320000,0.033349436,0.0027725054,-0.23244204,-0.0055477903,-0.0024358616,-0.4833556
21328000,0.033316053,0.0026811238,-0.23681815,-0.0054110675,-0.0023463855,-0.4909808
21336000,0.033283684,0.0025919338,-0.24124362,-0.005238243,-0.0022622244,-0.4986186
21344000,0.033252742,0.002504741,-0.2457179,-0.005081255,-0.0022110322,-0.5060818
21352000,0.03322305,0.002419659,-0.2502399,-0.0049330923,-0.0020968749,-0.51333195
21360000,0.033235192,0.002349724,-0.25485414,-0.004700848,-0.0019799552,-0.5207031
21368000,0.033248357,0.0022820237,-0.2595163,-0.0045077023,-0.0018417144,-0.528249
21376000,0.033262163,0.0022162977,-0.2642274,-0.0043505696,-0.0017501443,-0.53579104
21384000,0.033276606,0.0021525822,-0.2689873,-0.0041911723,-0.0016258993,-0.54327
21392000,0.03334283,0.0020940306,-0.27383786,-0.003964816,-0.0014741123,-0.55056626
21400000,0.033409007,0.0020377014,-0.27873474,-0.0037154893,-0.0013366278,-0.55786675
21408000,0.033475317,0.001983399,-0.28367954,-0.0035075608,-0.0012159316,-0.56536466
21416000,0.033542093,0.0019309159,-0.2886728,-0.0032319485,-0.0011410876,-0.5728031
21424000,0.033653945,0.0018878956,-0.29375416,-0.0029462585,-0.0009950451,-0.5802239
21432000,0.03376571,0.0018468949,-0.29888237,-0.0026635032,-0.00085118617,-0.58744127
21440000,0.03387744,0.0018078242,-0.30405706,-0.002372683,-0.00072007783,-0.5947608
21448000,0.03398939,0.0017706135,-0.3092795,-0.0020859744,-0.000568438,-0.60209423
21456000,0.03410112,0.0017352694,-0.31454968,-0.0018621983,-0.000472711,-0.6094238
21464000,0.0342545,0.001719957,-0.31990433,-0.0015218311,-0.000257949,-0.61671615
21472000,0.034407426,0.0017067817,-0.32530546,-0.001146805,-6.731634e-05,-0.62383425
21480000,0.034560625,0.0016954772,-0.3307526,-0.0007804879,0.00013269558,-0.6310573
21488000,0.034713794,0.0016861442,-0.3362475,-0.00045478248,0.00029926043,-0.6384009
21500000,0.034898385,0.0016933059,-0.3418216,-9.8121105e-05,0.000497428,-0.64573413
21504000,0.03508266,0.0017021833,-0.3474428,0.00027903833,0.0006984632,-0.65292406
21512000,0.035266936,0.0017127831,-0.3531108,0.0006788736,0.000895869,-0.6601807
21520000,0.03545122,0.0017251417,-0.35882682,0.0010235496,0.0011161949,-0.66752917
21528000,0.03565448,0.0017588427,-0.36463135,0.0014028734,0.0013501999,-0.6747228
21536000,0.035857584,0.0017940591,-0.37048256,0.0017899274,0.0015890811,-0.6820009
21544000,0.036059707,0.0018308375,-0.3763811,0.002092692,0.0017681189,-0.68925333
21552000,0.03626131,0.0018689012,-0.38232678,0.0024189244,0.0020061727,-0.69640803
21560000,0.03647112,0.0019035081,-0.38835263,0.0027167455,0.002174705,-0.7035548
21568000,0.0366805,0.0019393932,-0.3944273,0.0030918294,0.0023921842,-0.7108366
21576000,0.036889926,0.0019769478,-0.40054923,0.0034751003,0.0026232174,-0.7180837
21584000,0.03709932,0.0020160116,-0.40671813,0.0038350322,0.0027855588,-0.72518533
21592000,0.037319314,0.0020414481,-0.41296124,0.0041644387,0.0029865755,-0.7320883
21600000,0.037539043,0.0020686162,-0.41924924,0.004547934,0.0031785301,-0.7391121
21608000,0.037758574,0.0020975233,-0.42558312,0.004855689,0.0033756075,-0.7461943
21616000,0.03797699,0.0021282032,-0.43196356,0.0052025435,0.0035993496,-0.75330645
21624000,0.038198307,0.0021492317,-0.43842804,0.00554906,0.0038005032,-0.76037174
21632000,0.038419213,0.0021720096,-0.44493723,0.0058489135,0.0039461185,-0.7671629
21640000,0.038639735,0.0021960486,-0.45149028,0.0061784694,0.0040502767,-0.7740329
21648000,0.038859874,0.0022212886,-0.45808905,0.0064678458,0.004159117,-0.78108335
21656000,0.03907684,0.0022366208,-0.46476454,0.0067486116,0.0043057343,-0.78809875
21664000,0.039293207,0.0022539536,-0.47148538,0.0070280256,0.0045235525,-0.7950133
21672000,0.039509308,0.0022730478,-0.47825062,0.0073412927,0.0046249153,-0.8017601
21680000,0.039724395,0.0022937076,-0.48505968,0.0076145795,0.00477007,-0.80855376
21688000,0.03992675,0.0023232123,-0.49194574,0.007894456,0.00489471,-0.81549096
21696000,0.040128857,0.0023543641,-0.4988771,0.008138942,0.005098197,-0.8225036
21704000,0.040330485,0.0023873262,-0.50585407,0.008370218,0.0052741272,-0.82939446
21712000,0.040531624,0.0024218897,-0.5128758,0.008580816,0.0054497384,-0.8361421
21720000,0.040732205,0.002458057,-0.51994395,0.008828991,0.0056172553,-0.8429682
21728000,0.04091411,0.0025188045,-0.52707696,0.009067178,0.005844764,-0.849893
21736000,0.041095678,0.002580614,-0.53425574,0.009219563,0.0059633437,-0.8568424
21744000,0.041276447,0.0026430832,-0.54148054,0.009340036,0.006094374,-0.86376184
21752000,0.041455768,0.0027064655,-0.54875016,0.009475362,0.006249147,-0.87035626
21760000,0.04161985,0.0027989608,-0.5560704,0.009556283,0.0063790553,-0.87682176
21768000,0.041783173,0.0028916702,-0.56343275,0.009680815,0.006495349,-0.8831243
21776000,0.041946046,0.0029842646,-0.5708357,0.009787339,0.0065590977,-0.8891741
21784000,0.042107757,0.0030767103,-0.5782771,0.009795078,0.0066918614,-0.8948524
21792000,0.042260982,0.0031929803,-0.58576363,0.00980889,0.0068630097,-0.90008986
21800000,0.042413022,0.0033091686,-0.5932822,0.009814085,0.006992898,-0.904994
21808000,0.04256359,0.0034250962,-0.6008308,0.009808389,0.0071212486,-0.9096475
21816000,0.042712815,0.003540994,-0.60840726,0.00981888,0.0072645,-0.91397864
21824000,0.042863317,0.0036909406,-0.6160322,0.009803063,0.007455943,-0.91797984
21832000,0.043012403,0.0038402446,-0.62367934,0.009821707,0.007565795,-0.92158693
21840000,0.043159805,0.0039885463,-0.6313457,0.009741491,0.007665791,-0.924839
21848000,0.043304786,0.004136006,-0.63902926,0.009555633,0.007783738,-0.92783445
21856000,0.043467436,0.0043019666,-0.6467609,0.009414088,0.007884241,-0.93051255
21864000,0.043626986,0.004466417,-0.654504,0.009253916,0.00793186,-0.9327968
21872000,0.04378368,0.0046292916,-0.66225576,0.009117036,0.008000694,-0.93469465
21880000,0.043936737,0.0047909245,-0.67001367,0.008807306,0.008086643,-0.9363221
21888000,0.044096168,0.0049751983,-0.6777922,0.008508464,0.008121371,-0.9377333
21896000,0.044250816,0.005157235,-0.68557346,0.008186684,0.008147105,-0.93898183
21904000,0.04440097,0.0053370013,-0.69335604,0.007849406,0.008124107,-0.93999285
21912000,0.044546265,0.005514354,-0.7011379,0.0074618342,0.008094556,-0.940732
21920000,0.044686466,0.0056889877,-0.7089184,0.0070089833,0.00796604,-0.9415338
21928000,0.044825327,0.005892492,-0.7166964,0.006576468,0.007813824,-0.9424397
21936000,0.044958502,0.006092329,-0.724475,0.0060487464,0.0076986244,-0.94344914
21944000,0.045085646,0.006288565,-0.732255,0.0055146706,0.007604715,-0.9444582
21952000,0.045213312,0.0065123662,-0.740029,0.005025815,0.0075066453,-0.94534886
21960000,0.045335013,0.006731639,-0.74780434,0.004458105,0.0073266746,-0.9464784
21968000,0.045450017,0.0069463113,-0.75558406,0.003800527,0.0071301344,-0.94791836
21976000,0.045558054,0.0071563236,-0.7633693,0.0031478663,0.006913216,-0.9493607
21984000,0.045659184,0.0073614735,-0.77116036,0.0024692079,0.0066397134,-0.9508061
21992000,0.045741,0.0075760433,-0.77894145,0.0017422851,0.006380377,-0.95204246
22000000,0.045815583,0.0077853696,-0.7867277,0.000972086,0.006093554,-0.95348454
22008000,0.045882862,0.00798913,-0.7945216,0.00021979719,0.005750368,-0.9551557
22016000,0.045942966,0.008187196,-0.8023237,-0.00052455935,0.005406704,-0.9567923
22024000,0.045985136,0.008385741,-0.8101245,-0.0013418038,0.0050028185,-0.9583585
22032000,0.046020396,0.008577424,-0.81793296,-0.0021789826,0.00453689,-0.95985097
22040000,0.04604811,0.008762482,-0.8257493,-0.0030133722,0.0040535433,-0.96147144
22048000,0.046068154,0.008941028,-0.8335748,-0.0038849008,0.0036074037,-0.9631884
22056000,0.046075754,0.009122617,-0.8414066,-0.0047730324,0.0031203914,-0.9649026
22064000,0.046075616,0.009297357,-0.84924805,-0.0056377067,0.0026162516,-0.96662164
22072000,0.046067975,0.009465364,-0.85710275,-0.006482779,0.0021314821,-0.9682153
22080000,0.04605307,0.009626326,-0.86496603,-0.0073058065,0.0015322278,-0.9698631
22088000,0.046031654,0.0097955195,-0.8728404,-0.008188041,0.0009797378,-0.97174853
22096000,0.04600255,0.009957507,-0.880726,-0.009086474,0.000453091,-0.9736379
22104000,0.045967054,0.010111429,-0.888623,-0.00996903,-0.00020502563,-0.97551715
22112000,0.04592422,0.010257325,-0.89653075,-0.010756269,-0.00084040244,-0.9772105
22120000,0.045885343,0.01039891,-0.9044534,-0.011540657,-0.0014343576,-0.97898984
22128000,0.04583926,0.010532842,-0.91238785,-0.0123300385,-0.002060268,-0.98100996
22136000,0.045786113,0.01065904,-0.92033494,-0.013087815,-0.0026898028,-0.98303246
22144000,0.045726255,0.010777365,-0.9282944,-0.013818971,-0.0033516674,-0.9849573
22152000,0.04566823,0.010890547,-0.93628395,-0.014524472,-0.0040019853,-0.98670727
22160000,0.04560395,0.010996133,-0.94428396,-0.015146339,-0.0046021626,-0.9885942
22168000,0.045533966,0.011094072,-0.95229626,-0.015702758,-0.005257375,-0.9906177
22176000,0.04546099,0.011183988,-0.96032107,-0.01622825,-0.005867303,-0.9926551
22184000,0.045393,0.011246479,-0.96836984,-0.016684389,-0.006499423,-0.99462783
22192000,0.04532023,0.011301878,-0.97643006,-0.017132735,-0.0071200174,-0.99642533
22200000,0.045243114,0.0113502955,-0.98450124,-0.017491639,-0.007760057,-0.9983622
22208000,0.045162294,0.011391658,-0.9925858,-0.017786127,-0.008382892,-1.0005343
22216000,0.04506016,0.011410304,-1.0006987,-0.018091759,-0.008922153,-1.002606
22224000,0.044955526,0.011422748,-1.0088243,-0.018245721,-0.00953389,-1.0046234
22232000,0.044849295,0.011428908,-1.016962,-0.018313393,-0.01011857,-1.0064831
22240000,0.044744734,0.0114287175,-1.0251111,-0.018332336,-0.010674375,-1.0084434
22248000,0.04463937,0.011422744,-1.0332736,-0.018311672,-0.011182254,-1.0106393
22256000,0.044529125,0.011399063,-1.0414734,-0.01825926,-0.011668443,-1.0127405
22264000,0.044419143,0.011370277,-1.0496858,-0.018079234,-0.012126714,-1.0147825
22272000,0.044310313,0.011336933,-1.0579106,-0.01786035,-0.012524889,-1.0167145
22280000,0.044202607,0.011299112,-1.0661472,-0.017624576,-0.01293112,-1.01874
22288000,0.04409515,0.0112353405,-1.0744317,-0.017319432,-0.013273174,-1.020992
22296000,0.043989763,0.011168044,-1.0827295,-0.016977891,-0.013612826,-1.0231408
22304000,0.043886974,0.011097545,-1.0910397,-0.016517699,-0.013908153,-1.0251557
22312000,0.043790013,0.011024224,-1.0993615,-0.015964048,-0.014162999,-1.0270712
22320000,0.04369524,0.010930424,-1.1077371,-0.015354338,-0.014353777,-1.0290419
22328000,0.04360511,0.0108347,-1.1161245,-0.014680188,-0.014556338,-1.0312499
22336000,0.04352012,0.010737072,-1.1245248,-0.013916341,-0.014714917,-1.0334456
22344000,0.043440785,0.010637803,-1.1329378,-0.013135839,-0.014862808,-1.0355548
22352000,0.043348216,0.010517995,-1.1414065,-0.012286489,-0.014941387,-1.0375772
22360000,0.04326273,0.010397837,-1.1498867,-0.011334301,-0.014945896,-1.0398294
22368000,0.043184917,0.010277697,-1.1583799,-0.010320035,-0.014897611,-1.0421172
22376000,0.043115042,0.010158093,-1.166886,-0.009293088,-0.0148081165,-1.0443704
22384000,0.043033127,0.010028802,-1.1754524,-0.008236757,-0.014705254,-1.0464438
22392000,0.042960007,0.009900595,-1.1840286,-0.0071528247,-0.014549797,-1.0483608
22400000,0.04289578,0.009773986,-1.1926142,-0.0060522407,-0.0143107185,-1.0503595
22408000,0.042840827,0.009649466,-1.2012106,-0.0048742425,-0.014049078,-1.0524992
22416000,0.04279725,0.009523438,-1.2098603,-0.003683169,-0.013731007,-1.0545967
22424000,0.042763077,0.009400303,-1.2185199,-0.002536374,-0.013361065,-1.0565906
22432000,0.042738035,0.009279962,-1.2271882,-0.0014235028,-0.01302247,-1.0583762
22440000,0.04272213,0.009162311,-1.2358644,-0.00027625324,-0.012682183,-1.0602233
22448000,0.042724863,0.009056364,-1.2445838,0.0008916707,-0.012292614,-1.0622524
22456000,0.042736392,0.008954194,-1.2533128,0.0020391317,-0.011889742,-1.0643026
22464000,0.042756677,0.008854973,-1.2620515,0.0031298627,-0.011492458,-1.066275
22472000,0.04278553,0.008758766,-1.2708008,0.004214107,-0.011060274,-1.0681016
22480000,0.04282744,0.008685894,-1.27958,0.0052957693,-0.010562723,-1.069972
22488000,0.04287734,0.008616288,-1.2883681,0.0062873806,-0.010064654,-1.0719758
22496000,0.042935073,0.008550019,-1.2971659,0.0073187742,-0.009570178,-1.0740021
22504000,0.043000795,0.008487038,-1.305973,0.008347072,-0.009053419,-1.0759192
22512000,0.043074176,0.008427346,-1.3147887,0.00928293,-0.00857796,-1.0776242
22520000,0.04314118,0.008386134,-1.3236306,0.01021257,-0.008116701,-1.0795206
22528000,0.043215416,0.008347778,-1.332482,0.0110788345,-0.0076037375,-1.0815468
22536000,0.043296453,0.008312529,-1.3413434,0.011918691,-0.0071290433,-1.0835534
22544000,0.04338386,0.008280072,-1.3502146,0.012672814,-0.0066562165,-1.0854343
22552000,0.043464355,0.008252453,-1.3591133,0.013378198,-0.006197284,-1.087118
22560000,0.04355034,0.008227703,-1.3680196,0.014003211,-0.0057111727,-1.0888983
22568000,0.043641627,0.008205683,-1.376935,0.014620747,-0.005324316,-1.090863
22576000,0.043737832,0.008186005,-1.3858601,0.015199816,-0.0048928508,-1.0927572
22584000,0.043830056,0.008174236,-1.394807,0.015773013,-0.004489802,-1.0945278
22592000,0.043924317,0.008165535,-1.4037619,0.016268635,-0.004081284,-1.0961646
22600000,0.044022825,0.008159495,-1.4127241,0.016728185,-0.0036057716,-1.097895
22608000,0.04412535,0.008156478,-1.4216956,0.017183693,-0.0031459471,-1.0998293
22616000,0.04421459,0.00816498,-1.4306884,0.017560383,-0.0027428353,-1.1017025
22624000,0.044307616,0.008175589,-1.4396906,0.017956112,-0.0023733787,-1.1035824
22632000,0.044404104,0.0081881685,-1.4487015,0.018252935,-0.0020345615,-1.1052389
22640000,0.0445035,0.008202545,-1.4577206,0.018520957,-0.0016953317,-1.107002
22648000,0.044598702,0.008230598,-1.4667624,0.018762458,-0.001371908,-1.108905
22656000,0.04469652,0.008260271,-1.4758137,0.019000348,-0.0010013229,-1.1107596
22664000,0.044794437,0.008292479,-1.4848747,0.019182866,-0.0005929659,-1.1125938
22672000,0.044894397,0.008326762,-1.4939446,0.01932952,-0.00022478135,-1.1142842
22680000,0.044984374,0.008373429,-1.503042,0.019488929,0.00016413063,-1.1160533
22688000,0.045076486,0.008421818,-1.5121484,0.019610677,0.0005324244,-1.1178994
22696000,0.04517019,0.00847192,-1.5212647,0.019637764,0.00087387,-1.1198242
22704000,0.045265093,0.008523596,-1.5303909,0.01970886,0.0012188039,-1.1216197
22712000,0.045348395,0.008594231,-1.5395372,0.019786565,0.0015046853,-1.1232476
22720000,0.045433424,0.00866559,-1.5486913,0.019834217,0.0017899581,-1.1249106
22728000,0.045519747,0.008738228,-1.5578542,0.01982469,0.0021626763,-1.1266919
22736000,0.04560531,0.008812147,-1.5670269,0.0197943,0.0024290013,-1.1285212
22744000,0.04568469,0.008907897,-1.5762173,0.019779446,0.002729895,-1.1303136
22752000,0.0457652,0.00900447,-1.5854162,0.019743042,0.003069261,-1.1318338
22760000,0.045846693,0.009102082,-1.5946225,0.019718137,0.0034158425,-1.1334044
22768000,0.045929175,0.009200746,-1.6038378,0.019662924,0.0037418276,-1.1351947
22776000,0.046012342,0.009300199,-1.613063,0.019572148,0.004035386,-1.1369627
22784000,0.04609382,0.009426632,-1.6222966,0.019444535,0.0043214182,-1.138677
22792000,0.046175532,0.009553204,-1.6315389,0.019306082,0.0045986045,-1.1401715
22800000,0.046256028,0.009679638,-1.640789,0.01915814,0.004837051,-1.1417674
22808000,0.04633651,0.0098060835,-1.6500491,0.018997451,0.0050938814,-1.1435945
22816000,0.04643077,0.009936501,-1.6593283,0.018880628,0.005334932,-1.1453507
22824000,0.04652494,0.010067047,-1.668617,0.018751865,0.0056139706,-1.1469895
22832000,0.04661899,0.010197826,-1.6779145,0.01861899,0.005863909,-1.1485026
22840000,0.0467128,0.010328656,-1.6872201,0.018481476,0.006078827,-1.1500392
22848000,0.04682536,0.010453755,-1.6965479,0.018372722,0.0062914165,-1.1518023
22856000,0.04693759,0.010579195,-1.7058858,0.018273199,0.0065607876,-1.1535391
22864000,0.047049094,0.0107048815,-1.7152332,0.018084977,0.0067469035,-1.15514
22872000,0.047158968,0.010830364,-1.7246227,0.017915307,0.0069825975,-1.1566639
22880000,0.047280733,0.010963046,-1.734031,0.017728062,0.0072071156,-1.1581995
22888000,0.04740118,0.011095803,-1.7434474,0.017520884,0.0074146776,-1.1598693
22896000,0.0475201,0.011228345,-1.7528726,0.017312976,0.0075670984,-1.1614742
22904000,0.047637634,0.0113609135,-1.7623056,0.017100444,0.0078035668,-1.1629989
22912000,0.0477579,0.011514961,-1.771767,0.016865551,0.008027023,-1.1644307
22920000,0.047876555,0.011668669,-1.7812351,0.01666356,0.008202366,-1.1659176
22928000,0.047993653,0.01182178,-1.7907113,0.01644446,0.008387727,-1.1675676
22936000,0.048109185,0.011974833,-1.800196,0.016209435,0.008618791,-1.1691962
22944000,0.048210602,0.012151048,-1.8097137,0.01594347,0.008803408,-1.1707469
22952000,0.048310433,0.0123262005,-1.8192384,0.01569148,0.008962792,-1.1721482
22960000,0.048408885,0.012500626,-1.8287696,0.015475569,0.00914124,-1.1735953
22968000,0.048506085,0.012674318,-1.8383194,0.015250584,0.00934131,-1.1750867
22976000,0.048599876,0.012856601,-1.8478817,0.015024355,0.00944671,-1.1766269
22984000,0.048692115,0.013037699,-1.8574508,0.014729821,0.009633455,-1.1780642
22992000,0.048782773,0.013218071,-1.8670267,0.014494012,0.009802059,-1.1793779
23000000,0.048872072,0.013397558,-1.8766087,0.014234574,0.009947787,-1.1808394
23008000,0.048945207,0.013586552,-1.8861943,0.013973031,0.010038691,-1.1824858
23016000,0.04901714,0.013773607,-1.8957888,0.013731107,0.010121704,-1.1840819
23024000,0.049087726,0.013959131,-1.9053987,0.013441303,0.010236866,-1.185596
23032000,0.049157027,0.014143421,-1.9150163,0.013172997,0.010339962,-1.186921
23040000,0.049224958,0.0143263005,-1.9246403,0.0128938155,0.010421295,-1.1883341
23048000,0.04927663,0.014523004,-1.9342726,0.012636844,0.010508778,-1.189887
23056000,0.04932748,0.014718171,-1.9439138,0.0124007305,0.010610128,-1.1914812
23064000,0.04937763,0.014911853,-1.9535633,0.012182198,0.01072227,-1.1929193
23072000,0.049426924,0.015104308,-1.96322,0.011926843,0.010838236,-1.1942168
23080000,0.04946916,0.015301293,-1.9728738,0.011660205,0.010889453,-1.1956447
23088000,0.049510457,0.015496688,-1.9825364,0.011414374,0.0110020405,-1.1972154
23096000,0.049550917,0.015690789,-1.9922084,0.011155167,0.011128695,-1.1987379
23104000,0.04959045,0.01588345,-2.0018892,0.0108941905,0.011205866,-1.2001784
23116000,0.049624026,0.016079439,-2.0115876,0.010615963,0.011288554,-1.2014409
23124000,0.049656592,0.01627373,-2.021293,0.010337523,0.011360023,-1.2027922
23132000,0.049688105,0.016466403,-2.031007,0.010079894,0.011427232,-1.2043811
23140000,0.04971897,0.016657528,-2.040731,0.009859816,0.011512652,-1.2059687
23148000,0.04974721,0.016828807,-2.0504684,0.009622578,0.011571513,-1.2075514
23156000,0.04977511,0.016998466,-2.0602155,0.009414675,0.011627729,-1.2090491
23164000,0.049802173,0.017166708,-2.069971,0.009152208,0.011652202,-1.2104986
23172000,0.049828216,0.017333737,-2.0797353,0.008891412,0.011728736,-1.2118281
23180000,0.049844626,0.017491976,-2.0895143,0.008613346,0.011769669,-1.2129899
23188000,0.049860165,0.017648997,-2.0993001,0.00837177,0.01181362,-1.2143167
23196000,0.04987517,0.017804874,-2.1090941,0.00817151,0.011837716,-1.2157269
23204000,0.04988956,0.017959537,-2.118897,0.007946284,0.011844501,-1.2171062
23212000,0.04989119,0.0180909,-2.1287127,0.007683059,0.011816757,-1.218389
23220000,0.04989207,0.018221037,-2.1385348,0.007451567,0.011771609,-1.2194891
23228000,0.049892686,0.018349495,-2.1483643,0.0072196773,0.011707163,-1.2208395
23236000,0.049892824,0.018476501,-2.1582024,0.0070030624,0.011645733,-1.2222536
23244000,0.04987295,0.018587966,-2.1680462,0.006785369,0.011547791,-1.2236178
23252000,0.04985297,0.01869827,-2.177898,0.0065731755,0.011494037,-1.2247772
23260000,0.04983274,0.018807475,-2.1877563,0.0063047158,0.011438611,-1.2259039
23268000,0.049811807,0.018915515,-2.1976223,0.0060335263,0.011343807,-1.2272851
23276000,0.04978788,0.018997932,-2.2074983,0.00576512,0.011241021,-1.2287023
23284000,0.049763337,0.01907974,-2.2173834,0.0055050636,0.011192115,-1.2300867
23292000,0.049738213,0.019160591,-2.2272768,0.0052479263,0.011049604,-1.2313119
23300000,0.04971299,0.019240119,-2.2371774,0.005015965,0.0109297205,-1.2324129
23308000,0.049687188,0.019318359,-2.2470853,0.004767201,0.010786795,-1.2337303
23316000,0.049681395,0.019378494,-2.257002,0.0045177047,0.010679519,-1.2350894
23324000,0.049674492,0.019437755,-2.2669272,0.0042838305,0.0105100805,-1.2362049
23332000,0.049666494,0.019495843,-2.2768579,0.0040324647,0.0103556095,-1.2370117
23340000,0.049657453,0.01955289,-2.2867923,0.0037822525,0.010187271,-1.237626
23348000,0.049683757,0.019591127,-2.2967217,0.0035940479,0.010017946,-1.2379637
23356000,0.04970872,0.01962872,-2.306651,0.003459334,0.009881458,-1.238098
23364000,0.049732953,0.019665482,-2.3165789,0.0032998128,0.009725822,-1.2378573
23372000,0.049756132,0.019701459,-2.3265011,0.0031925219,0.009554035,-1.2371622
23380000,0.04980018,0.019713007,-2.3364005,0.0030769487,0.009354161,-1.236044
23388000,0.04984292,0.01972411,-2.3462892,0.0029619613,0.009173766,-1.2347082
23396000,0.049884103,0.019734407,-2.3561647,0.0027995866,0.0089374455,-1.233104
23404000,0.04992351,0.019743703,-2.3660245,0.0026181221,0.008677711,-1.2309748
23412000,0.049972627,0.019743947,-2.375844,0.002528388,0.008421758,-1.2284708
23420000,0.05002032,0.019743204,-2.3856413,0.0024098875,0.008168559,-1.2256197
23428000,0.050066493,0.019741468,-2.3954158,0.002280713,0.007941899,-1.2228229
23436000,0.050111532,0.01973888,-2.405167,0.0021599527,0.0077307154,-1.2199891
23444000,0.050143827,0.019727277,-2.4148736,0.0020648604,0.0075241607,-1.2169273
23452000,0.050175067,0.019715158,-2.4245555,0.001954063,0.007324189,-1.2137905
23460000,0.050205197,0.01970233,-2.4342117,0.0018330023,0.0071014366,-1.2105242
23468000,0.050234117,0.019688753,-2.4438431,0.0017121505,0.006865736,-1.2076116
23476000,0.050247792,0.019671552,-2.4534352,0.0016159236,0.0066879326,-1.2047366
23484000,0.05026088,0.019653765,-2.4630044,0.0015187821,0.0064545246,-1.2017641
23492000,0.050273124,0.019635139,-2.4725497,0.0013883915,0.0062359176,-1.1986835
23500000,0.050284673,0.019615939,-2.4820704,0.0013008347,0.006048327,-1.1955578
23508000,0.0502957,0.019599253,-2.49154,0.0012466988,0.005818432,-1.1927147
23516000,0.050306264,0.019582,-2.5009885,0.0011363035,0.005674706,-1.1900086
23524000,0.050315965,0.019564386,-2.510416,0.0010296734,0.005521555,-1.1871936
23532000,0.050325,0.019546317,-2.5198214,0.0009116307,0.00536313,-1.1842774
23540000,0.050325736,0.019532777,-2.5291715,0.0007350115,0.0052047297,-1.181306
23548000,0.0503256,0.019518627,-2.5385008,0.00062988175,0.0050384095,-1.1786804
23556000,0.050324824,0.01950369,-2.547811,0.00050872227,0.0048347358,-1.176096
23564000,0.05032356,0.019487916,-2.557102,0.0004419092,0.0046608066,-1.1734705
23572000,0.05032179,0.01947128,-2.566373,0.00033045138,0.00446789,-1.170692
23580000,0.050328188,0.019459106,-2.575588,0.00023349895,0.0043100216,-1.1678901
23588000,0.05033384,0.01944629,-2.584784,0.00012665553,0.0041441363,-1.1653417
23596000,0.05033852,0.019432727,-2.5939624,8.146091e-06,0.004014649,-1.1629183
23604000,0.050342552,0.019418938,-2.6031232,-6.0053237e-05,0.00393151,-1.1603324
23612000,0.050350137,0.019419698,-2.6122346,-0.0001385947,0.0038231304,-1.157584
23620000,0.050357144,0.019419668,-2.6213267,-0.0002097188,0.0036726624,-1.1548533
23628000,0.0503635,0.01941852,-2.6304076,-0.0002880351,0.003500782,-1.1524149
23636000,0.050369382,0.019416478,-2.639472,-0.0003054239,0.003364,-1.1500651
23644000,0.05038497,0.019433418,-2.6484792,-0.0003581297,0.0032358728,-1.147627
23652000,0.0503999,0.01944896,-2.6574695,-0.00041290143,0.003067916,-1.1450065
23660000,0.05041417,0.019463183,-2.666442,-0.00045999011,0.0029536232,-1.1423744
23668000,0.05042795,0.01947648,-2.6753979,-0.000525622,0.0028650714,-1.1400319
23676000,0.050452117,0.019505905,-2.684304,-0.00058032235,0.002779616,-1.137848
23684000,0.05047562,0.019534249,-2.6931965,-0.00062390644,0.0027345265,-1.1355726
23692000,0.05049844,0.019561922,-2.7020738,-0.00064763427,0.00270117,-1.1330967
23700000,0.05052091,0.019588618,-2.7109344,-0.00064822525,0.0025971653,-1.1305245
23708000,0.050550137,0.0196204,-2.7197475,-0.0007368344,0.0025090375,-1.1282688
23716000,0.050578825,0.019651057,-2.7285476,-0.0007533754,0.0024407352,-1.1261525
23724000,0.05060682,0.019680588,-2.7373345,-0.0007933813,0.0023633975,-1.1238962
23732000,0.050634257,0.019709075,-2.7461066,-0.00079790887,0.0022927008,-1.1214799
23740000,0.050675962,0.019755725,-2.7548392,-0.00082757947,0.0021840397,-1.1190388
23748000,0.05071698,0.0198005,-2.7635577,-0.0008119532,0.0020360223,-1.116836
23756000,0.050757267,0.019843465,-2.7722635,-0.0008470646,0.0019726518,-1.1147242
23764000,0.050796635,0.019885112,-2.7809565,-0.0008729413,0.0018832592,-1.1125478
23772000,0.05085355,0.019931009,-2.7896078,-0.00084962364,0.0018268523,-1.1102635
23780000,0.050909657,0.019975599,-2.7982452,-0.0008343116,0.0017668834,-1.1078856
23788000,0.050965033,0.020018963,-2.8068693,-0.00085856253,0.0017280071,-1.1057546
23796000,0.051019333,0.020061111,-2.8154814,-0.0008649442,0.0016840289,-1.1037066
23804000,0.051093314,0.02011661,-2.8240554,-0.00079587795,0.0016718892,-1.101565
23812000,0.05116647,0.020170644,-2.832617,-0.0007367735,0.0016098424,-1.0992806
23820000,0.051238794,0.020223202,-2.8411646,-0.00070134405,0.0015653169,-1.0968717
23828000,0.051309943,0.020274302,-2.849699,-0.0007013821,0.0015152501,-1.094802
23836000,0.051380087,0.02032417,-2.858222,-0.0006648203,0.0015130562,-1.0927869
23844000,0.051459845,0.02036345,-2.8666878,-0.0007015279,0.0014554183,-1.0906552
23852000,0.05153795,0.020401461,-2.8751416,-0.0007237546,0.0014074327,-1.0883636
23860000,0.05161476,0.020438446,-2.883582,-0.0007229507,0.0013655707,-1.085957
23868000,0.05169041,0.020474365,-2.89201,-0.0006831816,0.0013339667,-1.0838968
23876000,0.05176203,0.020509541,-2.9004002,-0.0006677183,0.0012208517,-1.0819099
23884000,0.051832307,0.020543063,-2.9087796,-0.00069212524,0.001120177,-1.0797638
23892000,0.05190105,0.020575015,-2.9171472,-0.00073942466,0.0009955242,-1.0774839
23900000,0.051968414,0.020605318,-2.9255016,-0.00074820424,0.0008938194,-1.0751446
23908000,0.05204007,0.020640472,-2.9338202,-0.0007529504,0.0008336608,-1.07302
23916000,0.052110247,0.020674542,-2.9421284,-0.00078158086,0.00080698123,-1.0709852
23924000,0.052179173,0.020707536,-2.9504309,-0.00082280824,0.0007863646,-1.0688267
23932000,0.052246578,0.02073946,-2.958721,-0.0008256713,0.0007271471,-1.0665118
23940000,0.05231542,0.020782223,-2.9669757,-0.00083611143,0.0006343121,-1.0641607
23948000,0.0523831,0.020823406,-2.9752183,-0.00080685527,0.00061076856,-1.0621153
23956000,0.05244959,0.020863669,-2.9834504,-0.0008069826,0.0006346003,-1.0601103
23964000,0.05251488,0.020903075,-2.9916716,-0.00081874634,0.00062831194,-1.0580096
23972000,0.052597944,0.020961074,-2.9998672,-0.0008566609,0.0005930138,-1.0557433
23980000,0.052679252,0.021017404,-3.0080497,-0.000820984,0.00055917824,-1.0533828
23988000,0.052759122,0.02107222,-3.01622,-0.0008352252,0.0005298393,-1.0513554
23996000,0.052837115,0.021125562,-3.0243797,-0.00090698904,0.0005223334,-1.0494139
24004000,0.0529343,0.02119292,-3.0325284,-0.00091170595,0.00059775915,-1.047336
24012000,0.05302915,0.021259218,-3.0406644,-0.00095681805,0.0006313608,-1.045068
24020000,0.05312181,0.021324214,-3.0487869,-0.00095620385,0.0006370406,-1.0427362
24028000,0.05321221,0.021387598,-3.0569005,-0.0010003801,0.0005902606,-1.0406796
24036000,0.05331774,0.021456948,-3.065014,-0.0009353298,0.00058102317,-1.0387146
24044000,0.0534209,0.021524696,-3.0731158,-0.000989301,0.0005567384,-1.0367213
24052000,0.053521626,0.021590864,-3.0812051,-0.0009884759,0.00056503003,-1.0344985
24060000,0.053619746,0.021655906,-3.08928,-0.0010593816,0.00061187934,-1.0321933
24068000,0.05373707,0.021724494,-3.097345,-0.0010824653,0.0006681998,-1.030099
24076000,0.05385169,0.021792179,-3.1054156,-0.0010763669,0.00072681316,-1.0280915
24084000,0.05396385,0.021858966,-3.1134727,-0.0010308515,0.0007796181,-1.0259504
24092000,0.054073557,0.021924846,-3.121515,-0.0010616041,0.0008156631,-1.0236752
24100000,0.054180577,0.021989465,-3.129542,-0.0010560007,0.00079527544,-1.0213456
24108000,0.054301344,0.022064086,-3.1375527,-0.0011174848,0.0007987983,-1.0192626
24116000,0.054418806,0.022137323,-3.1455503,-0.0011658197,0.0007816982,-1.0172484
24124000,0.054533206,0.022209179,-3.1535344,-0.0011927418,0.00081380195,-1.0151825
24132000,0.05464503,0.022279892,-3.161504,-0.0011551826,0.0008186517,-1.0128987
24140000,0.05476194,0.02236302,-3.1694553,-0.0011959366,0.00080195593,-1.0104868
24148000,0.054875784,0.022444623,-3.1773913,-0.0012302473,0.0008246152,-1.0084018
24156000,0.054986786,0.022524927,-3.1853135,-0.0012340322,0.0008565203,-1.0063204
24164000,0.05509486,0.02260405,-3.193221,-0.0012984104,0.00088562537,-1.0040987
24172000,0.055205174,0.02267691,-3.2011216,-0.0013439739,0.0008981847,-1.0017611
24180000,0.055312384,0.022748563,-3.2090049,-0.0013944029,0.00090748776,-0.9992947
24188000,0.055416737,0.022819206,-3.2168717,-0.0014066339,0.00095536653,-0.99707097
24196000,0.055518527,0.022888847,-3.2247243,-0.0013853619,0.00096448255,-0.9950643
24204000,0.055620432,0.022965008,-3.2325673,-0.0013698189,0.00097612815,-0.9929073
24212000,0.05571955,0.023039756,-3.2403946,-0.001432073,0.00096662325,-0.9905743
24220000,0.055815905,0.023113357,-3.2482047,-0.0014503936,0.0009951668,-0.9881674
24228000,0.055909712,0.023185685,-3.2559986,-0.0014689987,0.0009673947,-0.9859943
24236000,0.055996645,0.02326776,-3.2637744,-0.0014649672,0.00093206065,-0.9839212
24244000,0.05608132,0.023348445,-3.2715354,-0.0014786435,0.0009707856,-0.9817254
24252000,0.056163352,0.023428017,-3.2792802,-0.0015830287,0.001002216,-0.97942454
24260000,0.056242485,0.023506502,-3.2870078,-0.0016249106,0.0010572735,-0.9769587
24268000,0.056314185,0.023596566,-3.294731,-0.001640737,0.0010979212,-0.9747655
24276000,0.05638382,0.023685094,-3.3024583,-0.0016800299,0.0010872593,-0.9726276
24284000,0.056451064,0.023772128,-3.3101692,-0.0017280439,0.0011212033,-0.9703503
24292000,0.056515895,0.02385779,-3.317862,-0.0017908845,0.0011206173,-0.96790713
24300000,0.056567296,0.023939976,-3.3255298,-0.0018724912,0.0010983804,-0.9654397
24308000,0.056616146,0.024020813,-3.3331797,-0.0019876433,0.001137863,-0.9632169
24316000,0.05666243,0.024100505,-3.3408134,-0.0021050402,0.0011487073,-0.96105313
24324000,0.05670618,0.024178967,-3.3484306,-0.0022164842,0.0011725271,-0.9588115
24332000,0.056741234,0.024261422,-3.356023,-0.0023443974,0.0011886227,-0.9564247
24340000,0.05677387,0.024342582,-3.3635972,-0.0024611999,0.001178856,-0.9539241
24348000,0.05680425,0.0244224,-3.371153,-0.0025807933,0.0012271171,-0.9516259
24356000,0.056832317,0.024501216,-3.3786922,-0.0026871029,0.0012521251,-0.94942445
24364000,0.0568581,0.02457867,-3.3862147,-0.0027951556,0.0012266582,-0.9471664
24372000,0.056880657,0.024668898,-3.393709,-0.0028637084,0.0012442821,-0.94468325
24380000,0.05690123,0.024757663,-3.401184,-0.0029445358,0.001263372,-0.94211906
24388000,0.056919917,0.024845235,-3.4086406,-0.0030050406,0.0012971424,-0.93977016
24396000,0.056936815,0.024931628,-3.4160807,-0.0030816612,0.0013489344,-0.937558
24404000,0.056962322,0.02503003,-3.4235024,-0.003221782,0.00138951,-0.9352605
24412000,0.056985423,0.025127098,-3.4309068,-0.0033143589,0.001442831,-0.9328039
24420000,0.057006553,0.025222689,-3.438292,-0.0034015782,0.00143421,-0.93025285
24428000,0.05702528,0.025316417,-3.4456606,-0.00357077,0.0014033002,-0.9279858
24436000,0.057056706,0.025420785,-3.4530108,-0.003604502,0.0014455987,-0.92570496
24444000,0.057086032,0.025523681,-3.4603434,-0.0037115542,0.0014842243,-0.9232787
24452000,0.057112806,0.025625115,-3.4676576,-0.0038302867,0.0015171093,-0.920815
24460000,0.05713723,0.025724988,-3.4749527,-0.003909367,0.0015335456,-0.9182114
24468000,0.05717026,0.025825044,-3.482213,-0.0039968346,0.001562505,-0.9158089
24476000,0.05720103,0.025923537,-3.4894724,-0.0040671043,0.0015770928,-0.9135103
24484000,0.05722984,0.026020072,-3.496714,-0.004141724,0.0015026393,-0.91107535
24492000,0.05725644,0.026114667,-3.5039368,-0.0042239167,0.0015171795,-0.90852356
24500000,0.05730134,0.026218278,-3.5111184,-0.0042430116,0.0015087224,-0.90587246
24508000,0.057344116,0.026320027,-3.5182815,-0.004296679,0.0014966246,-0.9035332
24516000,0.057384636,0.0264198,-3.5254276,-0.0043519153,0.0014625052,-0.9011612
24524000,0.05742312,0.02651754,-3.5325556,-0.0043649306,0.0014266976,-0.8987007
24532000,0.057481796,0.026629325,-3.5396268,-0.0044137,0.0013998065,-0.89616054
24540000,0.05753777,0.026738925,-3.5466793,-0.0045147478,0.0013932992,-0.8935328
24548000,0.057591066,0.02684659,-3.5537143,-0.004565414,0.0014175253,-0.8911458
24556000,0.05764234,0.026952287,-3.5607324,-0.004588675,0.0013995715,-0.8887769
24564000,0.05770767,0.027063675,-3.5676877,-0.004602846,0.0013940413,-0.8863255
24572000,0.057770833,0.027172867,-3.5746274,-0.0045873267,0.001360753,-0.88365805
24580000,0.057831995,0.027279483,-3.5815487,-0.0045879195,0.0012796567,-0.88098097
24588000,0.057891037,0.027383853,-3.588453,-0.004624136,0.0012796465,-0.8786292
24596000,0.057953607,0.027484937,-3.5952806,-0.004678751,0.0012504245,-0.87639695
24604000,0.058014046,0.027583579,-3.602095,-0.0046577947,0.001158074,-0.87408286
24612000,0.058072533,0.027679661,-3.6088939,-0.004679569,0.0010934877,-0.8715387
24620000,0.058129035,0.027773635,-3.6156766,-0.0046575107,0.001088615,-0.86900496
24628000,0.058184065,0.027865652,-3.6224442,-0.004710041,0.001066373,-0.86672366
24636000,0.058250193,0.027951024,-3.6291409,-0.0046937,0.0009785803,-0.8645554
24644000,0.058314644,0.028034171,-3.635825,-0.004648442,0.00093790947,-0.86218953
24652000,0.058377307,0.028115375,-3.6424947,-0.004638287,0.0009007617,-0.85971737
24660000,0.058437888,0.028194463,-3.64915,-0.004673447,0.0008273242,-0.85728204
24668000,0.058492884,0.028276447,-3.6557474,-0.004689976,0.0007386792,-0.8551312
24676000,0.05854572,0.028356114,-3.662341,-0.0047525954,0.0006992769,-0.8529372
24684000,0.058596533,0.02843368,-3.6689224,-0.0047626714,0.00060777547,-0.85062635
24692000,0.058645554,0.028508859,-3.67549,-0.004776578,0.0005540354,-0.84809464
24700000,0.05869658,0.02858886,-3.6820114,-0.0048098597,0.0005121787,-0.8454263
24708000,0.058745522,0.028666614,-3.6885185,-0.004852607,0.0004559815,-0.84306383
24716000,0.058792327,0.028742155,-3.695013,-0.004931015,0.00040251738,-0.84072894
24724000,0.05883685,0.028815625,-3.7014964,-0.0050089182,0.0003536188,-0.8383467
24732000,0.058871496,0.028905664,-3.7079375,-0.005069476,0.00025948157,-0.8357997
24740000,0.05890426,0.028993137,-3.7143638,-0.0051347497,0.00023379311,-0.8331513
24748000,0.058934934,0.029077876,-3.7207758,-0.0052056303,8.694996e-05,-0.83079576
24756000,0.05896404,0.029159594,-3.727175,-0.0051883333,-1.3613899e-06,-0.8285332
24764000,0.059002664,0.02924919,-3.733539,-0.005208531,-6.652064e-05,-0.826047
24772000,0.059039507,0.029335994,-3.7398887,-0.0052249683,-0.00013178831,-0.8235027
24780000,0.05907455,0.029420117,-3.7462234,-0.005265033,-0.00022187858,-0.8208634
24788000,0.05910753,0.029501734,-3.7525434,-0.005360634,-0.00025286496,-0.8184568
24796000,0.059132546,0.029586269,-3.7588253,-0.005472563,-0.0003238478,-0.8161657
24804000,0.059155416,0.02966824,-3.7650943,-0.0055257836,-0.00039294508,-0.81377804
24812000,0.059176702,0.029747315,-3.7713494,-0.005533248,-0.0005257865,-0.81117237
24820000,0.05919634,0.029823247,-3.777589,-0.00562823,-0.0006513178,-0.8085043
24828000,0.059195433,0.029913548,-3.7837956,-0.0057488736,-0.00074967794,-0.80605555
24836000,0.059192892,0.03000093,-3.789989,-0.005887182,-0.0007770942,-0.8037596
24844000,0.05918866,0.030085834,-3.7961698,-0.005939591,-0.0008211467,-0.80136466
24852000,0.059183054,0.030168036,-3.8023362,-0.006000806,-0.000892166,-0.7988267
24860000,0.05916015,0.030276744,-3.80846,-0.006084924,-0.00093503395,-0.7961519
24868000,0.059135795,0.030382307,-3.8145692,-0.006198546,-0.0009972777,-0.79374635
24876000,0.059110038,0.030484606,-3.8206658,-0.006302468,-0.0010628385,-0.7913903
24884000,0.059083007,0.03058391,-3.8267484,-0.0063736467,-0.0010956316,-0.78886133
24892000,0.059054647,0.030680202,-3.8328161,-0.0064925086,-0.0011632505,-0.78624773
24900000,0.059005674,0.030811945,-3.838848,-0.0066303113,-0.001237002,-0.78354985
24908000,0.05895576,0.030940043,-3.8448648,-0.00677255,-0.0012576282,-0.78104216
24916000,0.058904618,0.031064898,-3.8508677,-0.0068793865,-0.0012607655,-0.77866226
24924000,0.058852524,0.031186141,-3.8568573,-0.0069684987,-0.0013421467,-0.7762208
24932000,0.058790125,0.031338386,-3.8628078,-0.0071172295,-0.0013951984,-0.7736384
24940000,0.05872671,0.031486847,-3.8687434,-0.0071957926,-0.0013613993,-0.7710074
24948000,0.058662396,0.031631652,-3.8746643,-0.0073131584,-0.0013843899,-0.7686138
24956000,0.05859733,0.031772763,-3.8805728,-0.007390211,-0.0013889468,-0.7663047
24964000,0.058522724,0.031939246,-3.886447,-0.0075137764,-0.0013573521,-0.76389635
24972000,0.05844708,0.032101743,-3.8923073,-0.007657866,-0.0013730272,-0.76124984
24980000,0.058370877,0.03226018,-3.8981514,-0.007764229,-0.0013773057,-0.75853646
24988000,0.058293644,0.032414813,-3.9039807,-0.007950207,-0.0014062163,-0.756055
24996000,0.05820002,0.03259547,-3.9097815,-0.008119277,-0.0014408628,-0.75371546
25004000,0.05810541,0.03277165,-3.9155684,-0.008292344,-0.0014731552,-0.7512455
25012000,0.05801008,0.032943435,-3.921341,-0.008403698,-0.0014788626,-0.74864715
25020000,0.057914015,0.03311135,-3.9270983,-0.0085526,-0.0014493892,-0.74598247
25028000,0.057809215,0.03330082,-3.9328213,-0.008701694,-0.001433267,-0.7435556
25036000,0.057703774,0.03348584,-3.938531,-0.008857162,-0.0014521086,-0.7411881
25044000,0.057598017,0.03366655,-3.9442272,-0.009021768,-0.0014286528,-0.7387187
25052000,0.057491258,0.033843257,-3.9499083,-0.009179588,-0.0014342947,-0.7360729
25060000,0.057393994,0.034029838,-3.955552,-0.009251331,-0.0014965589,-0.7333355
25068000,0.057296183,0.0342121,-3.9611807,-0.009356325,-0.0014719948,-0.73082215
25076000,0.05719787,0.034390308,-3.9667954,-0.009437698,-0.0014702661,-0.72840905
25084000,0.057099063,0.034564257,-3.972396,-0.00953633,-0.001492385,-0.72596055
25092000,0.057013538,0.03474147,-3.977962,-0.009667706,-0.0014785266,-0.72333175
25100000,0.05692702,0.034914486,-3.983512,-0.009777713,-0.0015091184,-0.7206292
25108000,0.056839265,0.035083402,-3.9890466,-0.009929406,-0.00153594,-0.7181689
25116000,0.056750793,0.03524833,-3.9945674,-0.010037915,-0.0015200129,-0.7157848
25124000,0.056650765,0.03542484,-4.0000563,-0.01013249,-0.0014948441,-0.7132441
25132000,0.056549907,0.035597533,-4.00553,-0.010270043,-0.0014760933,-0.7105985
25140000,0.056447994,0.03576619,-4.0109873,-0.0104260435,-0.0014874511,-0.7079
25148000,0.056345135,0.035931002,-4.0164294,-0.010535796,-0.0014824752,-0.7053887
25156000,0.056241505,0.036091957,-4.021857,-0.010635928,-0.0015149087,-0.7030456
25164000,0.05612962,0.036267806,-4.027257,-0.010721301,-0.0015184223,-0.7006249
25172000,0.056017153,0.036439292,-4.032688,-0.010858074,-0.0015982671,-0.6980041
25180000,0.055903815,0.03660625,-4.0381017,-0.011002731,-0.0016520136,-0.69532406
25188000,0.055790376,0.03676904,-4.0434985,-0.011090838,-0.0016557595,-0.6928508
25196000,0.05567366,0.036930393,-4.048869,-0.011207567,-0.0016792729,-0.69045794
25204000,0.05555638,0.03708761,-4.0542235,-0.011338834,-0.0017343381,-0.6878439
25212000,0.055438254,0.037240744,-4.05956,-0.011462642,-0.0017679756,-0.6851377
25220000,0.055319622,0.03738984,-4.064878,-0.011572396,-0.0018518359,-0.6823598
25228000,0.05520564,0.037529916,-4.0701714,-0.011658067,-0.001934776,-0.679807
25236000,0.055090874,0.037666105,-4.075447,-0.011785243,-0.0019882638,-0.6772062
25244000,0.05497564,0.037798785,-4.0807056,-0.011838668,-0.0019985454,-0.6745312
25252000,0.054859914,0.0379279,-4.085946,-0.011952835,-0.002039012,-0.6717756
25260000,0.05474539,0.038043357,-4.091164,-0.0120327715,-0.002061135,-0.66884035
25268000,0.054630328,0.038155463,-4.0963607,-0.012099195,-0.002126151,-0.66555464
25276000,0.05451494,0.038264368,-4.101556,-0.012162306,-0.0021852062,-0.66198057
25284000,0.054399244,0.038369786,-4.106724,-0.012201922,-0.0022906966,-0.6580337
25292000,0.054285694,0.038452476,-4.1118603,-0.012273003,-0.0023755126,-0.6537873
25300000,0.054171503,0.038532194,-4.1169643,-0.012369038,-0.002476623,-0.6492217
25308000,0.0540567,0.038608752,-4.1220326,-0.012452519,-0.0026165044,-0.64424473
25316000,0.053941347,0.038681943,-4.1270623,-0.012515172,-0.00274187,-0.63890713
25324000,0.05381128,0.03874054,-4.13203,-0.012595334,-0.0028702011,-0.6331649
25332000,0.053680703,0.03879618,-4.136954,-0.012750105,-0.002999928,-0.62714744
25340000,0.053549405,0.038848773,-4.1418304,-0.012856752,-0.003180136,-0.62076855
25348000,0.053417612,0.038898297,-4.1466575,-0.012995323,-0.0033151465,-0.61396194
25356000,0.053275377,0.03893327,-4.15141,-0.013213085,-0.0035094449,-0.60684186
25364000,0.053131983,0.038965624,-4.1561074,-0.013412871,-0.0036025762,-0.5992433
25372000,0.0529877,0.03899554,-4.160745,-0.013579386,-0.0037461384,-0.5913308
25380000,0.052842673,0.03902255,-4.1653223,-0.013751102,-0.0039656535,-0.5831959
25388000,0.05268574,0.039026186,-4.1698127,-0.014055823,-0.0042075138,-0.57465464
25396000,0.05252797,0.039027072,-4.174237,-0.01427636,-0.004421398,-0.5657963
25404000,0.05236929,0.039025117,-4.1785917,-0.014456687,-0.0046906327,-0.5565297
25412000,0.052210066,0.039019857,-4.1828747,-0.014629815,-0.0049752775,-0.54698837
25420000,0.05204964,0.03901157,-4.1870837,-0.014912233,-0.0051982244,-0.5372102
25428000,0.05186208,0.038980175,-4.1911745,-0.015209805,-0.005483653,-0.5270661
25436000,0.051673517,0.038945805,-4.195187,-0.015478669,-0.005773197,-0.5166652
25444000,0.051483963,0.038908966,-4.199119,-0.015765514,-0.005992246,-0.50585604
25452000,0.051293153,0.03886949,-4.202967,-0.016089711,-0.006266685,-0.49480674
25460000,0.05106387,0.038812816,-4.2066627,-0.01644842,-0.006542603,-0.4835934
25468000,0.05083411,0.03875354,-4.2102723,-0.016829293,-0.0068740826,-0.47201622
25476000,0.050603263,0.03869144,-4.2137933,-0.017189777,-0.007174994,-0.46009398
25484000,0.050371263,0.03862692,-4.2172227,-0.017558666,-0.007418466,-0.44786373
25492000,0.05010506,0.03854866,-4.2204843,-0.017934062,-0.0077201026,-0.4353854
25500000,0.04983814,0.03846778,-4.2236524,-0.018343434,-0.008059208,-0.42289895
25508000,0.04957034,0.03838423,-4.226726,-0.018745575,-0.008364136,-0.4100635
25516000,0.049301367,0.03829809,-4.2297025,-0.019207409,-0.008686544,-0.39708146
25524000,0.048998665,0.03820412,-4.2325087,-0.019665515,-0.009023229,-0.3841333
25532000,0.048695076,0.038107343,-4.235219,-0.0201439,-0.009363548,-0.3714013
25540000,0.0483915,0.038007878,-4.237837,-0.020600675,-0.009712686,-0.3590197
25548000,0.04808678,0.03790586,-4.240365,-0.02110971,-0.010015582,-0.3471564
25556000,0.047743797,0.037782304,-4.242728,-0.021617789,-0.010404022,-0.33568949
25564000,0.047399737,0.03765614,-4.245011,-0.022194238,-0.010747548,-0.32473445
25572000,0.047054857,0.03752765,-4.247216,-0.022678073,-0.01108554,-0.31421956
25580000,0.046708748,0.037396573,-4.2493477,-0.023275707,-0.011480011,-0.3041326
25588000,0.046323527,0.037254725,-4.2513185,-0.023949126,-0.011883524,-0.29450625
25596000,0.045936972,0.037109952,-4.253225,-0.024564436,-0.012310488,-0.2854092
25604000,0.045550507,0.036962472,-4.2550697,-0.025160896,-0.0126847755,-0.27677962
25612000,0.04516301,0.036812186,-4.256858,-0.025751028,-0.013125717,-0.2686738
25620000,0.044744972,0.036669683,-4.2585073,-0.026337354,-0.013544536,-0.2609073
25628000,0.044326123,0.03652426,-4.2601175,-0.026957065,-0.013901163,-0.2535575
25636000,0.043906532,0.03637592,-4.2616816,-0.027533678,-0.014297159,-0.24661794
25644000,0.043486044,0.03622472,-4.263202,-0.028173387,-0.01466523,-0.24016184
25652000,0.043038275,0.036077075,-4.2646036,-0.028873168,-0.015098659,-0.23402952
25660000,0.042589515,0.03592606,-4.2659698,-0.029490022,-0.015501849,-0.22826503
25668000,0.042140003,0.035771873,-4.2673025,-0.030126005,-0.015891097,-0.22294578
25676000,0.041690916,0.035614416,-4.2686057,-0.030768158,-0.016310561,-0.21797772
25684000,0.041240603,0.035453644,-4.2698817,-0.031430535,-0.016710052,-0.21341944
25692000,0.04075474,0.03529086,-4.27106,-0.032133244,-0.017061478,-0.2091761
25700000,0.040267732,0.035125278,-4.2722173,-0.032829106,-0.017416717,-0.2052072
25708000,0.039779447,0.03495697,-4.2733564,-0.03356851,-0.01774908,-0.20162436
25716000,0.039289873,0.034786,-4.27448,-0.034229632,-0.018101253,-0.19833903
25724000,0.038766958,0.034630973,-4.2755504,-0.034909293,-0.01848492,-0.19539906
25732000,0.03824353,0.034472726,-4.2766104,-0.035559006,-0.018823935,-0.19272855
25740000,0.03771953,0.034311313,-4.277662,-0.036246173,-0.019210117,-0.19031224
25748000,0.037196472,0.034146223,-4.278707,-0.036931645,-0.01961737,-0.18827419
25756000,0.036652826,0.03399711,-4.279714,-0.037599314,-0.019939985,-0.1864637
25764000,0.036108583,0.03384479,-4.2807198,-0.03832153,-0.020264132,-0.18491906
25772000,0.035563376,0.03368928,-4.2817535,-0.039026078,-0.020586716,-0.18369016
25780000,0.03501764,0.033530377,-4.2827883,-0.03964126,-0.020934911,-0.18262295
25788000,0.034461915,0.03339409,-4.2838073,-0.04030829,-0.021177791,-0.18183722
25796000,0.033905398,0.033254668,-4.284832,-0.04097407,-0.02145947,-0.18131348
25804000,0.03334867,0.033111848,-4.2858634,-0.04155859,-0.021739328,-0.18103026
25812000,0.032791857,0.032965913,-4.2869034,-0.042109895,-0.021995217,-0.18095373
25820000,0.032219175,0.03283627,-4.287935,-0.042686734,-0.022205938,-0.18098678
25828000,0.031646736,0.032703727,-4.288983,-0.043230854,-0.022417238,-0.18132365
25836000,0.031074483,0.03256795,-4.290044,-0.043781813,-0.022669759,-0.18185367
25844000,0.030502623,0.03242928,-4.2911196,-0.04424872,-0.022836132,-0.18265043
25852000,0.029899264,0.0323207,-4.2922044,-0.044707783,-0.02303956,-0.18355887
25860000,0.029297324,0.032208916,-4.293306,-0.045126025,-0.02316638,-0.184532
25868000,0.028697029,0.03209432,-4.2944245,-0.04554155,-0.02329257,-0.18574984
25876000,0.02809818,0.031976856,-4.295573,-0.045959227,-0.02344662,-0.1871067
25884000,0.027474677,0.03189377,-4.296742,-0.046254106,-0.023610743,-0.18863973
25892000,0.026853899,0.031806964,-4.2979317,-0.04661071,-0.023712432,-0.1903015
25900000,0.02623532,0.031717237,-4.2991424,-0.046971396,-0.023789216,-0.19197062
25908000,0.025619205,0.031624526,-4.3003755,-0.047247816,-0.023872197,-0.19391945
25916000,0.024993217,0.031565197,-4.3016415,-0.047536667,-0.023917388,-0.19591913
25924000,0.024370132,0.03150251,-4.302932,-0.04779045,-0.02397674,-0.1980966
25932000,0.023750292,0.031436432,-4.3042464,-0.04797252,-0.024039432,-0.20022608
25940000,0.02313386,0.031367145,-4.3055844,-0.04817404,-0.02407929,-0.20234887
25948000,0.022520868,0.031294674,-4.3069468,-0.04829053,-0.024144894,-0.20462431
25956000,0.021909613,0.031254694,-4.3083625,-0.048424006,-0.024138402,-0.20698866
25964000,0.021302141,0.031211484,-4.309803,-0.048491158,-0.024108997,-0.20943452
25972000,0.020699026,0.031165227,-4.311279,-0.04849408,-0.024099007,-0.21195464
25980000,0.02010051,0.031115752,-4.31278,-0.048465863,-0.024091858,-0.21440135
25988000,0.019500664,0.0310901,-4.3143287,-0.048397124,-0.024011446,-0.2169016
25996000,0.018906059,0.031061346,-4.315902,-0.04828156,-0.023966778,-0.2193617
26004000,0.018316599,0.031029392,-4.3174996,-0.048189234,-0.023916464,-0.22183543
26012000,0.017732618,0.030994436,-4.3191204,-0.047994398,-0.023849223,-0.22420213
26020000,0.017147154,0.030985268,-4.3207946,-0.047809538,-0.02375915,-0.22655308
26028000,0.01656834,0.030972758,-4.322494,-0.047586937,-0.023700729,-0.22879322
26036000,0.015995601,0.030956922,-4.324214,-0.047331803,-0.023636278,-0.23100066
26044000,0.015429047,0.030937957,-4.325955,-0.047093958,-0.02354763,-0.2331267
26052000,0.0148772765,0.030957295,-4.327755,-0.046824507,-0.02345808,-0.2351191
26060000,0.014332016,0.03097306,-4.329573,-0.046445657,-0.02332274,-0.23700583
26068000,0.0137935905,0.030985383,-4.3314075,-0.04604431,-0.023210246,-0.23880473
26076000,0.013262239,0.030994581,-4.333277,-0.045601558,-0.023034455,-0.24054159
26084000,0.0127581805,0.031030577,-4.3352094,-0.04513012,-0.022852426,-0.2421221
26092000,0.012260753,0.031062981,-4.337154,-0.04472403,-0.0227269,-0.24358387
26100000,0.011769892,0.031092161,-4.33911,-0.044284962,-0.022557398,-0.24488679
26108000,0.011285913,0.031118525,-4.341076,-0.043786738,-0.022294287,-0.24605478
26116000,0.010830656,0.031183539,-4.3430986,-0.043240573,-0.022010505,-0.24719511
26124000,0.010382256,0.03124506,-4.3451295,-0.04272982,-0.02182103,-0.24816237
26132000,0.0099403355,0.031303003,-4.3471665,-0.04220752,-0.02162745,-0.24907422
26140000,0.009505203,0.031357553,-4.34921,-0.041670647,-0.021427343,-0.24981202
26148000,0.009072991,0.031456113,-4.3513193,-0.041110404,-0.021222867,-0.25044173
26156000,0.0086478,0.031550698,-4.3534317,-0.040533297,-0.020973051,-0.2509748
26164000,0.008229126,0.0316418,-4.355546,-0.039997686,-0.020779226,-0.2514209
26172000,0.007817275,0.03172902,-4.357661,-0.039418317,-0.02055282,-0.25168297
26180000,0.007407341,0.031863183,-4.359831,-0.03879467,-0.020258868,-0.25194272
26188000,0.0070046494,0.031993274,-4.3619995,-0.038225304,-0.01997201,-0.2521604
26196000,0.0066092527,0.032119203,-4.3641663,-0.037607253,-0.019736106,-0.25222352
26204000,0.006221461,0.032240868,-4.3663297,-0.036964856,-0.019497404,-0.25213388
26212000,0.005840904,0.032358676,-4.3684893,-0.03638968,-0.01921202,-0.25199512
26220000,0.0054656654,0.032513637,-4.3707013,-0.03574193,-0.018895855,-0.2517885
26228000,0.0050975312,0.032664362,-4.37291,-0.035204075,-0.018629914,-0.25157037
26236000,0.004735361,0.03281146,-4.3751125,-0.034592543,-0.018325498,-0.25120953
26244000,0.0043804785,0.032954656,-4.3773074,-0.03397217,-0.018060643,-0.25081396
26252000,0.0040373043,0.03312541,-4.3795533,-0.033295218,-0.017821245,-0.2504274
26260000,0.0037017036,0.03329145,-4.38179,-0.03265355,-0.017548056,-0.24996941
26268000,0.003373292,0.033453297,-4.384018,-0.032027937,-0.017247183,-0.2494335
26276000,0.003052005,0.033610713,-4.3862395,-0.031412207,-0.017030176,-0.24885099
26284000,0.002747155,0.033777673,-4.388494,-0.030795418,-0.016759913,-0.24817958
26292000,0.002449513,0.03394035,-4.3907366,-0.030098902,-0.016474687,-0.24746197
26300000,0.0021593526,0.034098998,-4.3929677,-0.02936507,-0.016184252,-0.2466824
26308000,0.0018757369,0.0342544,-4.3951864,-0.028629528,-0.015901664,-0.24582826
26316000,0.0016092384,0.034434535,-4.3974514,-0.027980758,-0.015616187,-0.24501783
26324000,0.0013496564,0.03461051,-4.399703,-0.027284298,-0.015286035,-0.24417707
26332000,0.0010972172,0.034782242,-4.401941,-0.026572887,-0.015060787,-0.24327388
26344000,0.00085197325,0.03494921,-4.4041643,-0.025871988,-0.014893483,-0.242252
26348000,0.0006277166,0.03512176,-4.4064307,-0.025195064,-0.014782721,-0.24129294
26356000,0.0004100575,0.035289053,-4.4086814,-0.02449093,-0.014604198,-0.24031138
26364000,0.00019895697,0.03545163,-4.410917,-0.023844648,-0.014422308,-0.2393194
26372000,-5.8297414e-06,0.035609394,-4.413146,-0.023179177,-0.014270347,-0.23831764
26380000,-0.00019886991,0.035768915,-4.4154134,-0.022464713,-0.0141537925,-0.23737279
26388000,-0.00038539254,0.035923384,-4.4176645,-0.021788236,-0.014021272,-0.23634183
26396000,-0.0005655374,0.03607301,-4.4198985,-0.021112122,-0.013876347,-0.23520188
26404000,-0.00073924864,0.03621789,-4.4221144,-0.02040622,-0.013769149,-0.23392506
26412000,-0.00090593897,0.03634305,-4.4243503,-0.019690432,-0.013678848,-0.23260505
26420000,-0.001065955,0.03646371,-4.426566,-0.018965153,-0.013574696,-0.23120876
26428000,-0.0012194796,0.036579814,-4.428763,-0.018301528,-0.013536955,-0.22986528
26436000,-0.0013670329,0.036691032,-4.430941,-0.017693562,-0.013508594,-0.22859286
26444000,-0.0015134799,0.03678194,-4.4331264,-0.017076407,-0.013462442,-0.22733814
26452000,-0.0016536898,0.036868714,-4.4352927,-0.016389934,-0.013413343,-0.22596467
26460000,-0.0017877273,0.03695134,-4.4374394,-0.015765427,-0.013367175,-0.22457302
26468000,-0.0019157403,0.037029907,-4.439567,-0.015112617,-0.01332809,-0.22325309
26476000,-0.0020376046,0.03710434,-4.4416766,-0.014454026,-0.013295701,-0.22189626
26484000,-0.0021582188,0.037165284,-4.443801,-0.013848388,-0.013302244,-0.22056733
26492000,-0.0022730024,0.037222058,-4.445906,-0.013227657,-0.013317236,-0.21926711
26500000,-0.002381743,0.037275,-4.4479923,-0.012596948,-0.013283918,-0.21784696
26508000,-0.0024843693,0.037324015,-4.4500594,-0.011930254,-0.013326902,-0.21645363
26516000,-0.0025954945,0.037357725,-4.4521403,-0.011362494,-0.013358493,-0.2150484
26524000,-0.002700963,0.037387837,-4.454203,-0.010788864,-0.01337196,-0.21358822
26532000,-0.0028005065,0.037414316,-4.4562464,-0.0102024125,-0.013387345,-0.21216697
26540000,-0.0028942893,0.037437025,-4.4582696,-0.00961602,-0.013451941,-0.2107004
26548000,-0.0030064264,0.037444334,-4.4603086,-0.009039913,-0.013536716,-0.20927861
26556000,-0.0031123739,0.03744788,-4.4623275,-0.008486389,-0.013611892,-0.2078735
26564000,-0.0032122568,0.037447732,-4.464327,-0.007891925,-0.013686772,-0.20649035
26572000,-0.0033059649,0.037444066,-4.466306,-0.0073569175,-0.013742284,-0.20509544
26580000,-0.0034170174,0.03742282,-4.468309,-0.006897435,-0.013872952,-0.20366953
26588000,-0.0035235176,0.037398994,-4.470291,-0.0064433455,-0.013946815,-0.20226884
26596000,-0.0036238907,0.037371803,-4.472254,-0.005854222,-0.01404631,-0.20089197
26604000,-0.0037180085,0.037341274,-4.4741964,-0.0053489306,-0.014168237,-0.19953504
26612000,-0.0038190756,0.037309486,-4.4761515,-0.0048981323,-0.014276997,-0.19813804
26620000,-0.003914442,0.037274502,-4.478086,-0.004434244,-0.014342881,-0.19669454
26628000,-0.004004109,0.037236117,-4.4800014,-0.003986756,-0.014500426,-0.195323
26636000,-0.004088287,0.03719399,-4.481897,-0.003553046,-0.014666156,-0.19395524
26644000,-0.0041680704,0.037149545,-4.4838057,-0.0030691954,-0.014785029,-0.19265732
26652000,-0.004241969,0.037101697,-4.4856944,-0.002579791,-0.014925044,-0.19127056
26660000,-0.004310882,0.037051395,-4.4875636,-0.002068706,-0.015035107,-0.1898329
26668000,-0.0043740994,0.036997847,-4.4894123,-0.0015847313,-0.0151710445,-0.18846335
26676000,-0.0044376794,0.03693097,-4.4912677,-0.0011109783,-0.015334377,-0.1871162
26684000,-0.004495775,0.036860794,-4.493103,-0.0006737822,-0.015467572,-0.18570739
26692000,-0.004548452,0.0367878,-4.4949183,-0.0002203992,-0.015590563,-0.18429817
26700000,-0.0045960336,0.036711507,-4.496714,0.00016827986,-0.015787438,-0.18291956
26708000,-0.004646856,0.03661945,-4.498502,0.00053244014,-0.015946599,-0.18159491
26716000,-0.004692921,0.03652455,-4.5002713,0.00087783503,-0.01611538,-0.18032253
26724000,-0.0047349236,0.03642763,-4.502034,0.0012822201,-0.016286215,-0.17897163
26732000,-0.0047718887,0.036327843,-4.503779,0.0016831567,-0.016463552,-0.17763856
26740000,-0.0048037684,0.036225423,-4.5055046,0.0021195838,-0.016574305,-0.1763202
26748000,-0.004838005,0.036108486,-4.5072155,0.0025026954,-0.016749574,-0.17500395
26756000,-0.0048670536,0.035988808,-4.5089087,0.0029360135,-0.01695428,-0.17368951
26764000,-0.00489086,0.035866447,-4.5105834,0.0033822034,-0.017155698,-0.17237526
26772000,-0.004909544,0.03574164,-4.5122404,0.0037695754,-0.017287064,-0.17105769
26780000,-0.004934514,0.035600107,-4.5138917,0.004131051,-0.017417824,-0.16971755
26788000,-0.00495468,0.035456434,-4.5155253,0.0044824546,-0.017639687,-0.16840114
26796000,-0.004970855,0.035311136,-4.517141,0.0048044585,-0.017862802,-0.16712348
26804000,-0.0049825707,0.035163265,-4.5187397,0.0051456913,-0.018081741,-0.16589525
26812000,-0.0049948874,0.034988374,-4.520336,0.0054961513,-0.018289585,-0.16465433
26820000,-0.0050023203,0.034811508,-4.5219154,0.005854378,-0.018525332,-0.16343333
26828000,-0.0050053657,0.034632713,-4.523478,0.0061568012,-0.018748643,-0.16226877
26836000,-0.005003951,0.034451805,-4.525025,0.0065198606,-0.01899932,-0.161076
26844000,-0.0050055906,0.03424023,-4.5265703,0.006868404,-0.019191472,-0.159853
26852000,-0.005002544,0.034027457,-4.528099,0.007225217,-0.019426692,-0.15871625
26860000,-0.004995026,0.03381334,-4.5296125,0.007505518,-0.019655064,-0.1575923
26868000,-0.004984065,0.033598702,-4.531111,0.0077651264,-0.019876955,-0.15642455
26876000,-0.005003316,0.033362035,-4.5326037,0.008101121,-0.020143537,-0.15534106
26884000,-0.0050175632,0.033124126,-4.5340824,0.008377517,-0.020395525,-0.15425968
26892000,-0.0050270576,0.032885205,-4.535546,0.008671984,-0.020612314,-0.15315075
26900000,-0.0050319964,0.032645304,-4.5369945,0.00893559,-0.020835219,-0.15202689
26908000,-0.005068745,0.03240103,-4.538436,0.009193206,-0.02105538,-0.15098707
26916000,-0.0051003243,0.03215585,-4.539863,0.009461774,-0.021270277,-0.14989094
26924000,-0.005126826,0.031909667,-4.541279,0.009701552,-0.02151415,-0.14879365
26932000,-0.0051486045,0.031662542,-4.5426807,0.0099134995,-0.021701986,-0.14768027
26940000,-0.0051986845,0.031413674,-4.544071,0.010125638,-0.021952573,-0.14658952
26948000,-0.0052432166,0.031163804,-4.5454473,0.010401929,-0.022162993,-0.14558645
26956000,-0.0052824263,0.030912932,-4.5468106,0.010615761,-0.02239473,-0.14460038
26964000,-0.0053163576,0.030661205,-4.5481606,0.010873784,-0.022573365,-0.1435718
26972000,-0.0053749443,0.030413877,-4.5495167,0.011077665,-0.02273788,-0.14250691
26980000,-0.00542803,0.03016582,-4.5508585,0.01125909,-0.022951862,-0.14146753
26988000,-0.0054757567,0.029916752,-4.5521865,0.0115010515,-0.023148846,-0.14047597
26996000,-0.005517938,0.029666783,-4.5535026,0.0117163835,-0.023305923,-0.13961598
27004000,-0.0055553922,0.029417258,-4.5548058,0.011860482,-0.023397092,-0.13865872
27012000,-0.005618264,0.029171254,-4.5560937,0.0120082,-0.023540197,-0.13771443
27020000,-0.005675772,0.028924614,-4.5573688,0.012166694,-0.023693303,-0.1367559
27028000,-0.005728093,0.028677247,-4.5586367,0.0123211015,-0.023830878,-0.13586082
27036000,-0.0057754065,0.028429545,-4.5598927,0.012469572,-0.023957802,-0.13497289
27044000,-0.00584119,0.02818665,-4.5611377,0.012627867,-0.02405008,-0.13409695
27052000,-0.0059014997,0.027943496,-4.5623703,0.012760801,-0.02415671,-0.13309577
27060000,-0.005956936,0.02770013,-4.5635915,0.012852148,-0.024214055,-0.13220297
27068000,-0.0060075023,0.027456671,-4.564801,0.012984199,-0.024315514,-0.1313451
27076000,-0.0060831993,0.027220596,-4.565996,0.013090079,-0.024396976,-0.13046922
27084000,-0.006153837,0.026984364,-4.56718,0.013147335,-0.024462186,-0.12956329
27092000,-0.0062194252,0.026747894,-4.568353,0.013245617,-0.024537303,-0.1286788
27100000,-0.0062801093,0.02651128,-4.5695148,0.013323519,-0.024601564,-0.12775645
27108000,-0.0063550947,0.026266817,-4.5706635,0.013374962,-0.024654211,-0.1269771
27116000,-0.0064249435,0.026022587,-4.571802,0.01346692,-0.024697967,-0.12616533
27124000,-0.006489621,0.025778716,-4.5729346,0.013559207,-0.024728037,-0.12539986
27132000,-0.0065492922,0.025535129,-4.5740576,0.013643665,-0.02475401,-0.12463498
27140000,-0.0066217664,0.025273765,-4.5751786,0.013736669,-0.024816157,-0.12380742
27148000,-0.0066889473,0.025013302,-4.57629,0.013870901,-0.024883555,-0.12308732
27156000,-0.0067505846,0.024753593,-4.577392,0.0140078375,-0.024887277,-0.12231127
27164000,-0.0068070493,0.024494575,-4.5784845,0.01409328,-0.024974514,-0.121520445
27172000,-0.006876407,0.024219057,-4.5795774,0.0141995745,-0.025035365,-0.120797746
27180000,-0.006940489,0.023944627,-4.580662,0.01426724,-0.025039503,-0.12006766
27188000,-0.006999566,0.023671646,-4.581736,0.014331239,-0.02503302,-0.11933519
27196000,-0.007053627,0.02339999,-4.582802,0.014440463,-0.025030306,-0.11863148
27204000,-0.0071305437,0.02311134,-4.5838633,0.014498595,-0.025068771,-0.11796714
27212000,-0.0072020465,0.022823982,-4.5849156,0.01462293,-0.025126815,-0.11732001
27220000,-0.007267833,0.022538152,-4.58596,0.01477444,-0.025184019,-0.11656846
27228000,-0.007328188,0.022253571,-4.586995,0.014825189,-0.025235698,-0.11594467
27236000,-0.0074186795,0.02195852,-4.588028,0.014848919,-0.02528513,-0.11529404
27244000,-0.007503672,0.021664895,-4.589052,0.014885999,-0.025329012,-0.11466255
27252000,-0.007583306,0.021372799,-4.590069,0.014939714,-0.025367208,-0.11406433
27260000,-0.007657452,0.021082051,-4.5910773,0.015005666,-0.025404435,-0.11336868
27268000,-0.0077263447,0.020792821,-4.5920777,0.01505158,-0.025429936,-0.112689994
27276000,-0.007816078,0.020490948,-4.593072,0.015155094,-0.025452947,-0.11211172
27284000,-0.007900176,0.02019125,-4.594059,0.015216565,-0.02545893,-0.111581676
27292000,-0.007979052,0.019893508,-4.595039,0.015210582,-0.025434554,-0.11099719
27300000,-0.008052759,0.019597877,-4.5960116,0.015270874,-0.02538405,-0.11039513
27308000,-0.008133443,0.01929874,-4.5969887,0.015326679,-0.025362082,-0.10982297
27316000,-0.0082086725,0.01900172,-4.597958,0.01537087,-0.02533928,-0.10923979
27324000,-0.008278526,0.018706754,-4.598921,0.015463272,-0.025305092,-0.10875639
27332000,-0.008342928,0.018413924,-4.5998774,0.015545986,-0.025267797,-0.10825201
27340000,-0.008412461,0.018117005,-4.6008534,0.015574324,-0.025237951,-0.10772709
27348000,-0.008477202,0.017822178,-4.601823,0.015558324,-0.025220187,-0.107217014
27356000,-0.008537665,0.01752982,-4.6027846,0.015569633,-0.025156012,-0.10672196
27364000,-0.008593435,0.017239613,-4.6037397,0.015587168,-0.025131168,-0.10619591
27372000,-0.008642005,0.01692616,-4.604754,0.015640339,-0.02507828,-0.10562428
27380000,-0.008685749,0.016615681,-4.6057587,0.01571805,-0.02498496,-0.10509317
27388000,-0.008724752,0.016308177,-4.6067553,0.015788369,-0.024917794,-0.10467849
27396000,-0.008759068,0.016003339,-4.607744,0.01586375,-0.024855902,-0.10422981
27404000,-0.008778027,0.015681608,-4.6087465,0.0159665,-0.024789609,-0.103774525
27412000,-0.008792658,0.015363029,-4.609741,0.016021468,-0.024727173,-0.10333701
27420000,-0.008803228,0.015047239,-4.6107273,0.016111644,-0.024728196,-0.10286218
27428000,-0.008809845,0.01473431,-4.611706,0.016204126,-0.024668047,-0.102447815
27436000,-0.0088047935,0.014419096,-4.61269,0.016274417,-0.024570238,-0.1020439
27444000,-0.008796046,0.01410721,-4.6136665,0.016332546,-0.024454026,-0.101529695
27452000,-0.008783708,0.013798719,-4.6146345,0.016404359,-0.024371559,-0.101009995
27460000,-0.008767856,0.01349322,-4.615594,0.016440105,-0.024286233,-0.10046723
27468000,-0.008748007,0.0131805455,-4.616552,0.016532175,-0.024197837,-0.10004599
27476000,-0.008724546,0.012871085,-4.617502,0.016611975,-0.024130873,-0.09957921
27484000,-0.008697521,0.012564998,-4.618445,0.016722865,-0.023980327,-0.099026
27492000,-0.00866666,0.012262536,-4.6193795,0.016845858,-0.02386817,-0.098544344
27500000,-0.00861337,0.011952944,-4.6203136,0.016918411,-0.023808455,-0.09798814
27508000,-0.008557181,0.0116467485,-4.621239,0.017007641,-0.023694191,-0.09745254
27516000,-0.008497841,0.011344033,-4.622157,0.017127184,-0.023568649,-0.09696229
27524000,-0.008435438,0.011045077,-4.6230674,0.017251948,-0.0233994,-0.09641141
27532000,-0.008369589,0.010749835,-4.62397,0.017439881,-0.02325683,-0.09591261
27540000,-0.008275548,0.010448256,-4.6248703,0.017603815,-0.023152798,-0.095406204
27548000,-0.008178696,0.010150273,-4.625764,0.017738635,-0.023021225,-0.094965115
27556000,-0.00807954,0.009855782,-4.6266503,0.017827906,-0.02290842,-0.09450993
27564000,-0.0079785185,0.0095649045,-4.6275296,0.017938316,-0.022763573,-0.094032444
27572000,-0.007853829,0.009273123,-4.6284156,0.018108387,-0.022599837,-0.09351649
27580000,-0.0077267727,0.008985221,-4.6292934,0.018268365,-0.022422688,-0.09298618
27588000,-0.0075973826,0.00870105,-4.630164,0.018431896,-0.022286868,-0.0925368
27596000,-0.0074657206,0.008420233,-4.631027,0.018593725,-0.02218191,-0.09206033
27604000,-0.0073087285,0.0081321085,-4.6318836,0.018752638,-0.021976069,-0.09157461
27612000,-0.00715005,0.007848248,-4.6327324,0.018894026,-0.021788577,-0.09111808
27620000,-0.0069896723,0.007568268,-4.633575,0.019051515,-0.021634363,-0.09066238
27628000,-0.006827506,0.0072920676,-4.6344104,0.019227667,-0.021456486,-0.09016651
27636000,-0.006644731,0.0069979867,-4.6352377,0.019401794,-0.021317609,-0.08976273
27644000,-0.006460486,0.0067080352,-4.636059,0.01958388,-0.021126222,-0.08928429
27652000,-0.0062745265,0.0064223637,-4.636873,0.019803215,-0.0209573,-0.08879915
27660000,-0.00608694,0.0061407457,-4.6376805,0.019952688,-0.0207871,-0.08834137
27668000,-0.00588642,0.0058537587,-4.638487,0.020136913,-0.020614026,-0.0879598
27676000,-0.005684589,0.0055712964,-4.639307,0.02030495,-0.02036121,-0.087525584
27684000,-0.0054814625,0.005293372,-4.64012,0.020480178,-0.020169469,-0.08704811
27692000,-0.0052771666,0.005019502,-4.6409264,0.02062941,-0.020020561,-0.08659881
27700000,-0.005061203,0.004741357,-4.641736,0.020812321,-0.0199037,-0.086131744
27708000,-0.0048446837,0.0044673653,-4.6425385,0.020996692,-0.019682407,-0.08568451
27716000,-0.0046269577,0.004197818,-4.643335,0.021166217,-0.019444508,-0.08527972
27724000,-0.004408034,0.003932519,-4.6441245,0.021379422,-0.019273663,-0.08479809
27732000,-0.004174808,0.0036652407,-4.6449094,0.021570507,-0.019081242,-0.08434242
27740000,-0.003940719,0.0034018385,-4.645688,0.021725481,-0.018906824,-0.083888404
27748000,-0.0037059204,0.0031427613,-4.6464596,0.021897646,-0.018662218,-0.08346591
27756000,-0.003469996,0.002887954,-4.6472254,0.022117315,-0.01845137,-0.0830375
27764000,-0.003237204,0.0026438567,-4.6479955,0.022297442,-0.018218698,-0.08261956
27772000,-0.0030034885,0.002403719,-4.6487765,0.022450816,-0.018002808,-0.082181066
27780000,-0.002769434,0.0021675061,-4.6495514,0.02264515,-0.01778244,-0.0817824
27788000,-0.0025342014,0.0019350538,-4.650319,0.022827106,-0.01757273,-0.08136549
27796000,-0.0022978764,0.0017064112,-4.651081,0.023008438,-0.017340967,-0.080977045
27804000,-0.0020582685,0.0014991425,-4.6518483,0.023129247,-0.017124888,-0.08057799
27812000,-0.0018182362,0.0012950426,-4.65261,0.02321149,-0.01693047,-0.08023005
27820000,-0.0015774709,0.0010941955,-4.6533647,0.023416296,-0.01669611,-0.0797978
27828000,-0.001335799,0.00089669233,-4.6541133,0.023512475,-0.016479393,-0.07945351
27836000,-0.0010989461,0.0007008115,-4.6548643,0.02362546,-0.016213624,-0.07915597
27844000,-0.0008621442,0.00050815265,-4.655609,0.023728974,-0.015993105,-0.078783296
27852000,-0.0006248076,0.00031899675,-4.6563478,0.023842128,-0.015732802,-0.078398734
27860000,-0.00038682323,0.00013308116,-4.65708,0.023929555,-0.015545166,-0.0780031
27868000,-0.00014307257,-4.4866665e-05,-4.6578097,0.024035744,-0.015269675,-0.077612236
27876000,0.00010093071,-0.00021922239,-4.658534,0.02410586,-0.014998099,-0.077306
27884000,0.0003452855,-0.00039023018,-4.6592526,0.024215909,-0.014752901,-0.07690847
27892000,0.00059039326,-0.00055800326,-4.659965,0.024371121,-0.014476141,-0.076524705
27900000,0.00083244435,-0.00071481214,-4.660666,0.024478082,-0.014166634,-0.07612499
27908000,0.0010749683,-0.0008683477,-4.6613607,0.024570778,-0.013899942,-0.07575292
27916000,0.0013172363,-0.0010186842,-4.6620507,0.024655985,-0.013605522,-0.075417385
27924000,0.0015599872,-0.0011657727,-4.6627407,0.024753703,-0.013326825,-0.07500937
27932000,0.0018051324,-0.0012989538,-4.6634355,0.024809694,-0.012960067,-0.0745644
27940000,0.0020504566,-0.0014283948,-4.664124,0.02490087,-0.012580079,-0.07416815
27948000,0.002296019,-0.0015543827,-4.664807,0.02494047,-0.01230629,-0.07376506
27956000,0.00254155,-0.0016774313,-4.665484,0.024989406,-0.012015769,-0.0733842
27964000,0.002787552,-0.0017972296,-4.666154,0.025085565,-0.01174378,-0.0729773
27972000,0.0030337616,-0.0019140368,-4.666818,0.025110342,-0.0114513,-0.07256408
27980000,0.0032795283,-0.0020277586,-4.6674767,0.02509245,-0.011128566,-0.07218518
27988000,0.0035242992,-0.0021385148,-4.6681304,0.02511601,-0.010812941,-0.0718726
27996000,0.0037785193,-0.0022303474,-4.6687717,0.025128983,-0.010543266,-0.07157918
28004000,0.004032228,-0.0023197846,-4.669409,0.025124587,-0.010262737,-0.07122542
28012000,0.004285362,-0.002406545,-4.6700406,0.025131492,-0.009949396,-0.07079139
28020000,0.0045380904,-0.0024907845,-4.670667,0.02517978,-0.00966007,-0.07034532
28028000,0.0048037013,-0.0025570472,-4.67128,0.025201658,-0.0093879,-0.069969125
28036000,0.0050684526,-0.0026212381,-4.671889,0.025197538,-0.009077599,-0.06965838
28044000,0.00533223,-0.0026829208,-4.672493,0.025197523,-0.00874322,-0.069267005
28052000,0.005595124,-0.0027421399,-4.673093,0.025183532,-0.0084215915,-0.068894394
28060000,0.0058566313,-0.0027992672,-4.673688,0.025230037,-0.0081084,-0.06850458
28068000,0.006126045,-0.0028352975,-4.674259,0.025213616,-0.007838073,-0.06821511
28076000,0.00639412,-0.0028695678,-4.6748476,0.025160838,-0.0075012115,-0.06798243
28084000,0.0066606705,-0.0029017779,-4.6754327,0.025079383,-0.0071917614,-0.06764895
28092000,0.006925611,-0.002932164,-4.6760135,0.025024187,-0.006904462,-0.06732889
28100000,0.007201967,-0.00294571,-4.6765814,0.024997419,-0.006663981,-0.067035004
28108000,0.00747714,-0.0029581545,-4.677146,0.025054885,-0.0064180954,-0.066749595
28116000,0.007751165,-0.0029696198,-4.677707,0.02500232,-0.0061575808,-0.06652958
28124000,0.008023071,-0.0029797861,-4.6782656,0.024951885,-0.005827537,-0.06625616
28132000,0.008312404,-0.002974717,-4.678818,0.02491493,-0.005525785,-0.06590708
28140000,0.008599599,-0.0029681798,-4.6793666,0.024824452,-0.005190088,-0.0655229
28148000,0.008884935,-0.0029601168,-4.6799116,0.024822129,-0.004857844,-0.06519876
28156000,0.0091688065,-0.002950742,-4.680454,0.024825996,-0.00456987,-0.06498605
28164000,0.00946149,-0.0029127027,-4.6809936,0.024746811,-0.0042640273,-0.06472174
28172000,0.009751872,-0.0028739378,-4.6815743,0.024664415,-0.0039520497,-0.06445102
28180000,0.01003997,-0.0028341867,-4.682151,0.024572236,-0.0036302893,-0.064187035
28188000,0.010325778,-0.002793723,-4.682723,0.024500802,-0.0033661365,-0.06398964
28196000,0.010617778,-0.0027397827,-4.683295,0.02442854,-0.0030685044,-0.063831806
28204000,0.0109073175,-0.0026853064,-4.6838627,0.024310317,-0.0027911249,-0.063577585
28212000,0.011194535,-0.0026303534,-4.684427,0.024243623,-0.0025021343,-0.06325288
28220000,0.011479359,-0.0025746508,-4.684986,0.024127776,-0.0021491768,-0.06291566
28228000,0.01176309,-0.0025041027,-4.685546,0.024073044,-0.0017806021,-0.06265834
28236000,0.012044902,-0.002432826,-4.686102,0.024023037,-0.0014661417,-0.062446784
28244000,0.012324591,-0.0023611237,-4.6866546,0.023913868,-0.001202067,-0.062210362
28252000,0.012602211,-0.002289264,-4.687203,0.023878666,-0.00093836436,-0.061883666
28260000,0.0128834415,-0.0022200202,-4.687743,0.023778336,-0.00062689313,-0.061569065
28268000,0.01316192,-0.0021505507,-4.688279,0.023683896,-0.00034069968,-0.061351947
28276000,0.013438467,-0.0020806561,-4.6888204,0.023653915,-7.7630146e-05,-0.061138663
28284000,0.013713137,-0.0020101538,-4.689358,0.023560917,0.0001798047,-0.0608962
28292000,0.013983937,-0.0019394498,-4.68988,0.023456581,0.0004413917,-0.06058874
28300000,0.014252418,-0.001868286,-4.6903977,0.023332717,0.0006838382,-0.06033485
28308000,0.014518646,-0.0017967277,-4.690913,0.023205908,0.00093514944,-0.060190033
28316000,0.0147825,-0.001724839,-4.6914263,0.023086391,0.001135858,-0.05999633
28324000,0.015044004,-0.0016527504,-4.691936,0.022937734,0.0013789339,-0.059733722
28332000,0.015311274,-0.0015818775,-4.692427,0.022866737,0.0016592798,-0.0594477
28340000,0.015576356,-0.001510903,-4.692915,0.022808412,0.0018680997,-0.059152048
28348000,0.015839474,-0.001439686,-4.6934004,0.022720741,0.00207941,-0.058900185
28356000,0.016100219,-0.0013679744,-4.693883,0.022574902,0.0023284245,-0.058704883
28364000,0.016349548,-0.0012987761,-4.6943293,0.022412954,0.0025426175,-0.058399823
28372000,0.016596543,-0.001229138,-4.6947827,0.02228068,0.0027654206,-0.05811682
28380000,0.01684147,-0.0011591255,-4.6952343,0.02216484,0.002930372,-0.057826772
28388000,0.017084166,-0.0010891651,-4.6956835,0.022013148,0.0030875872,-0.057614595
28396000,0.017319014,-0.0010133412,-4.6960998,0.021788491,0.0033026442,-0.057433013
28404000,0.017551005,-0.0009374709,-4.6965146,0.021575471,0.003523535,-0.057176307
28412000,0.017780619,-0.0008613168,-4.6969285,0.021432325,0.0037148322,-0.056894265
28420000,0.018008055,-0.0007847127,-4.6973405,0.021261556,0.0039620497,-0.056598764
28428000,0.018228538,-0.0007047863,-4.697721,0.02107988,0.004135151,-0.056348998
28436000,0.018446503,-0.0006250577,-4.698101,0.020857194,0.0042493446,-0.05620668
28444000,0.018661924,-0.0005454425,-4.6984816,0.020636156,0.004426807,-0.056015056
28452000,0.018874748,-0.00046582942,-4.698861,0.02041286,0.0045828396,-0.055755567
28460000,0.01908158,-0.00038503952,-4.699212,0.020166434,0.004757963,-0.055419665
28468000,0.019285835,-0.00030400947,-4.699563,0.01995659,0.0049513,-0.05525347
28476000,0.01948759,-0.00022333386,-4.699915,0.019720575,0.005107226,-0.0551293
28484000,0.019687,-0.000142582,-4.700268,0.019558841,0.005259282,-0.054936603
28492000,0.019883199,-5.986232e-05,-4.7005982,0.019347606,0.0054580453,-0.054711744
28500000,0.020076962,2.2904042e-05,-4.7009296,0.019133829,0.0055551347,-0.054439303
28508000,0.020268405,0.00010551037,-4.7012615,0.018926872,0.0057311854,-0.05433431
28516000,0.020457724,0.00018848309,-4.7015953,0.018735925,0.00590867,-0.054268017
28524000,0.020654969,0.00026489017,-4.7019334,0.018533627,0.0059939334,-0.05413385
28532000,0.020849984,0.00034126136,-4.702273,0.018379938,0.006139419,-0.053975813
28540000,0.02104254,0.00041777463,-4.7026124,0.018131515,0.006247197,-0.05373619
28548000,0.021232648,0.0004937867,-4.7029524,0.01795364,0.006344069,-0.053539872
28556000,0.021437323,0.00057787955,-4.7032666,0.017817907,0.006460655,-0.053478576
28564000,0.02163944,0.00066182757,-4.703583,0.017609542,0.006549388,-0.0533986
28572000,0.021838754,0.0007454048,-4.703901,0.017395804,0.00661762,-0.05324999
28580000,0.022035146,0.0008285945,-4.7042193,0.01717187,0.006696916,-0.05307871
28588000,0.022228679,0.0009117073,-4.70454,0.016950853,0.0068328227,-0.053000756
28596000,0.022427667,0.0009960089,-4.7048388,0.016739907,0.00695956,-0.052967273
28604000,0.02262391,0.0010802955,-4.70514,0.016550366,0.00705211,-0.052907757
28612000,0.02281745,0.0011643326,-4.705444,0.016378006,0.00712564,-0.05279056
28620000,0.023008566,0.0012478839,-4.705749,0.01616215,0.0072453977,-0.052585497
28628000,0.023198579,0.0013433419,-4.706045,0.015942454,0.007314896,-0.052435335
28636000,0.023385905,0.00143854,-4.7063437,0.015764447,0.0074475477,-0.052406907
28648000,0.02357042,0.001533558,-4.7066445,0.015516694,0.0075238547,-0.052302867
28656000,0.02375196,0.001628288,-4.706947,0.015272636,0.00762341,-0.052150637
28664000,0.02394075,0.0017376246,-4.7072396,0.015068177,0.0077443994,-0.05193846
28672000,0.024126653,0.0018466086,-4.7075343,0.014847806,0.007847947,-0.05184657
28680000,0.024309512,0.0019549625,-4.707831,0.01457825,0.007916723,-0.051786534
28688000,0.024489207,0.0020625512,-4.70813,0.014292935,0.008020815,-0.051814377
28696000,0.02467492,0.002173854,-4.708429,0.014039241,0.008107943,-0.051799137
28704000,0.024857372,0.0022847436,-4.7087297,0.013807608,0.008202204,-0.051686436
28712000,0.025037006,0.0023949996,-4.7090316,0.013617846,0.008245368,-0.05145777
28720000,0.025213897,0.0025046172,-4.7093344,0.013424456,0.008321714,-0.051174726
28728000,0.025415609,0.002602866,-4.709644,0.013221254,0.008381287,-0.050997436
28736000,0.025614133,0.002700793,-4.7099547,0.013052615,0.0084371185,-0.05098487
28744000,0.025809499,0.002798527,-4.710268,0.012835732,0.0085374545,-0.051014297
28752000,0.026001701,0.0028963005,-4.710583,0.012679394,0.00861069,-0.050948758
28760000,0.026215693,0.0029945783,-4.7109084,0.012582463,0.008591995,-0.05087474
28768000,0.026426855,0.003091917,-4.7112346,0.01247277,0.008555604,-0.050831303
28776000,0.026634967,0.003188354,-4.7115626,0.012326749,0.00854102,-0.050792936
28784000,0.026839945,0.0032838408,-4.7118926,0.0121566905,0.008502303,-0.05082698
28792000,0.027069872,0.0033751307,-4.712231,0.011955327,0.008546986,-0.05081561
28800000,0.0272961,0.0034661843,-4.7125716,0.011838267,0.008574897,-0.050767537
28808000,0.027518986,0.003557171,-4.712913,0.011715007,0.008674629,-0.050751828
28816000,0.027738443,0.0036483055,-4.713256,0.011569015,0.0087316595,-0.050719127
28824000,0.027986044,0.0037375751,-4.7136126,0.01142119,0.008756235,-0.050756533
28832000,0.028229838,0.0038263665,-4.713979,0.011274238,0.008825055,-0.05074455
28840000,0.028469734,0.0039153825,-4.714346,0.011144929,0.008913789,-0.050716568
28848000,0.028705774,0.0040046778,-4.7147136,0.01100688,0.009023849,-0.05068846
28856000,0.02893782,0.0040941606,-4.7150826,0.010839227,0.00904087,-0.05080382
28864000,0.029206228,0.0041952482,-4.7154593,0.010752666,0.00903753,-0.050897036
28872000,0.029470269,0.004295476,-4.715837,0.010619462,0.009033392,-0.050856836
28880000,0.029729936,0.0043953336,-4.7162147,0.010511826,0.009083031,-0.0508371
28888000,0.029985512,0.004494734,-4.7165933,0.010422191,0.009093232,-0.050776042
28896000,0.030275218,0.0045849364,-4.716975,0.01032595,0.009086923,-0.050776385
28904000,0.030560588,0.0046744323,-4.7173576,0.010221273,0.009096545,-0.050751254
28912000,0.030841114,0.004763376,-4.7177405,0.010111947,0.009044745,-0.05068027
28920000,0.031117162,0.004851336,-4.718123,0.010040751,0.008993478,-0.050591324
28928000,0.03142906,0.0049330634,-4.718535,0.009946428,0.0089993235,-0.05053481
28936000,0.031735614,0.0050145467,-4.7189465,0.009832393,0.009003316,-0.050510433
28944000,0.03203699,0.0050959466,-4.7193575,0.009754071,0.009054451,-0.050486185
28952000,0.03233324,0.0051773977,-4.719768,0.009631477,0.009094255,-0.050410684
28960000,0.0326508,0.005248725,-4.7201967,0.009587783,0.009073765,-0.050338373
28968000,0.0329636,0.005319406,-4.7206235,0.009492681,0.0090220515,-0.050203647
28976000,0.03327145,0.005390062,-4.721051,0.009468141,0.009095746,-0.050096672
28984000,0.03357454,0.0054609487,-4.7214775,0.009417923,0.009067582,-0.04999619
28992000,0.033897594,0.005502741,-4.72192,0.0093769515,0.009024329,-0.049830996
29000000,0.03421537,0.0055449563,-4.72236,0.009279902,0.009018888,-0.049688388
29008000,0.034527674,0.005587485,-4.7227983,0.009160761,0.008957926,-0.049563807
29016000,0.034834515,0.0056301937,-4.723234,0.009048177,0.008936603,-0.049486637
29024000,0.035175927,0.0056493003,-4.7236876,0.00898861,0.008890336,-0.049375802
29032000,0.035511732,0.00566893,-4.7241526,0.008944102,0.008806583,-0.04924277
29040000,0.0358428,0.0056884643,-4.724615,0.008911744,0.008675136,-0.049089886
29048000,0.03616874,0.005707989,-4.7250743,0.008892416,0.008572704,-0.04897012
29056000,0.03651289,0.0057028686,-4.725543,0.0088238185,0.008508058,-0.048861172
29064000,0.036851298,0.005698835,-4.726009,0.008753859,0.00845175,-0.04876545
29072000,0.037184164,0.005695496,-4.726472,0.008698587,0.008335487,-0.04861827
29080000,0.037511654,0.0056926915,-4.7269545,0.008660308,0.008243354,-0.048441287
29088000,0.037834838,0.005664945,-4.72746,0.008667474,0.0081955455,-0.048302278
29096000,0.038152996,0.005638637,-4.7279615,0.008584061,0.008114007,-0.048175443
29104000,0.038465757,0.0056136367,-4.7284594,0.008475151,0.008063684,-0.048015654
29112000,0.0387739,0.0055894833,-4.7289524,0.0084108515,0.0079669375,-0.047793098
29120000,0.039077234,0.0055662813,-4.729441,0.008377114,0.007861023,-0.047649093
29128000,0.039370637,0.0055217952,-4.729945,0.008304866,0.0077724303,-0.04746863
29136000,0.039659277,0.0054786648,-4.730444,0.0082122935,0.007650952,-0.047285642
29144000,0.039943073,0.005436671,-4.7309384,0.008115202,0.0075641563,-0.047083758
29152000,0.040221956,0.005396053,-4.7314286,0.007965156,0.007459486,-0.046868544
29160000,0.040505294,0.0053273016,-4.731927,0.0077983746,0.007324741,-0.046637174
29168000,0.0407836,0.005260213,-4.732421,0.0076852012,0.0072221593,-0.046456993
29176000,0.041056927,0.0051945616,-4.7329116,0.007553055,0.0070369607,-0.046278436
29184000,0.041326176,0.005129553,-4.733398,0.007453425,0.0068797935,-0.04607634
29192000,0.041601293,0.005025087,-4.7338758,0.007358427,0.0066663045,-0.045870155
29200000,0.041871477,0.0049224845,-4.7343483,0.007208916,0.0065383934,-0.045564823
29208000,0.04213678,0.004821873,-4.734816,0.007089242,0.006376102,-0.045237362
29216000,0.042397138,0.0047234283,-4.7352786,0.0069520245,0.006289024,-0.04497153
29224000,0.042661637,0.004590014,-4.7357306,0.0068216226,0.0060834805,-0.044710632
29232000,0.042921167,0.004458886,-4.736184,0.0066821133,0.0059235967,-0.044420157
29240000,0.04317564,0.0043299636,-4.7366333,0.006490701,0.0057164175,-0.04413359
29248000,0.04342585,0.0042026937,-4.737077,0.0063765976,0.00551707,-0.043776326
29256000,0.043679055,0.0040522045,-4.7375183,0.0061845174,0.005313645,-0.043483023
29264000,0.04392684,0.0039042146,-4.737955,0.005960266,0.0051648985,-0.04315743
29272000,0.044168923,0.0037589052,-4.7383866,0.005697656,0.004997325,-0.042897884
29280000,0.044405427,0.0036160427,-4.738816,0.005452101,0.004842576,-0.042654272
29288000,0.044626743,0.0034565937,-4.7392316,0.0052253786,0.004631412,-0.04236849
29296000,0.044843018,0.0032996521,-4.739643,0.004975481,0.0044646333,-0.04204844
29304000,0.0450537,0.0031452132,-4.7400503,0.004671759,0.0042774854,-0.041802354
29312000,0.045259252,0.002993083,-4.7404537,0.004478202,0.004096373,-0.041560598
29320000,0.045449857,0.0028350651,-4.740853,0.0042024013,0.00396113,-0.04132931
29328000,0.045635376,0.0026795852,-4.741248,0.003923084,0.0037862614,-0.041073225
29336000,0.045816034,0.002526557,-4.74164,0.0036691814,0.0036333418,-0.040784616
29344000,0.045991916,0.0023761834,-4.7420278,0.0034268294,0.003521113,-0.040577494
29352000,0.04615566,0.002236121,-4.7424192,0.003131732,0.0033645567,-0.040329635
29360000,0.0463146,0.002098194,-4.742807,0.002839129,0.003206434,-0.04000996
29368000,0.046468705,0.0019621833,-4.7431903,0.0025280435,0.0030291348,-0.039694358
29376000,0.046617728,0.0018280323,-4.743587,0.002209804,0.0028841803,-0.039354954
29384000,0.046761975,0.0016959923,-4.7439795,0.0019250944,0.002752274,-0.039095633
29392000,0.046887673,0.001570555,-4.7443743,0.001606129,0.0026026266,-0.038852263
29400000,0.047008876,0.0014472693,-4.7447653,0.0013178695,0.0025513251,-0.038596787
29408000,0.047125783,0.0013263129,-4.745152,0.0010270845,0.0024629626,-0.038339376
29416000,0.047238242,0.0012074674,-4.745535,0.00069700147,0.0023761038,-0.038126413
29424000,0.04733552,0.0011034275,-4.7459164,0.0003754772,0.0023158689,-0.037849482
29432000,0.047428206,0.0010014784,-4.746301,-3.768273e-05,0.0022712268,-0.0376552
29440000,0.047516037,0.00090172945,-4.7466817,-0.0003859964,0.0022371344,-0.037481777
29448000,0.04759967,0.0008038063,-4.7470584,-0.00068749307,0.0021608828,-0.037213735
29456000,0.047645222,0.0007114734,-4.747432,-0.0010535392,0.002129018,-0.03697309
29464000,0.04768787,0.00062088185,-4.7478013,-0.001394803,0.0021293343,-0.03674113
29472000,0.047726728,0.00053231424,-4.748167,-0.0017543429,0.0020865526,-0.036503874
29480000,0.04776179,0.00044561282,-4.74853,-0.002093351,0.0020440046,-0.03628975
29488000,0.047767345,0.00037477573,-4.7489023,-0.0024603729,0.002029605,-0.036036868
29496000,0.04776955,0.0003058704,-4.74927,-0.0028278327,0.00206513,-0.035849947
29504000,0.04776834,0.00023916943,-4.7496343,-0.003190742,0.0021153328,-0.03566871
29512000,0.0477636,0.00017435991,-4.7499948,-0.003587615,0.0021080547,-0.035399992
29520000,0.047739178,0.00011932138,-4.7503743,-0.0040005413,0.0020934255,-0.03513005
29528000,0.047712207,6.52925e-05,-4.750752,-0.004393766,0.0020950898,-0.034893997
29536000,0.047681767,1.2961282e-05,-4.751126,-0.0048135035,0.0021126592,-0.034707166
29544000,0.047647845,-3.785493e-05,-4.751495,-0.005203969,0.0021277328,-0.034482807
29552000,0.0476065,-0.00010663444,-4.7518854,-0.0056125447,0.0021458964,-0.034220915
29560000,0.047561936,-0.00017351269,-4.7522707,-0.005967021,0.0021441071,-0.03400932
29568000,0.04751424,-0.00023842802,-4.752651,-0.0063355095,0.0021697038,-0.033774305
29576000,0.047462896,-0.0003013966,-4.7530775,-0.0068052663,0.0021657555,-0.03357103
29584000,0.04740451,-0.00036871532,-4.753507,-0.007169788,0.0021984424,-0.0333546
29592000,0.04734296,-0.00043389364,-4.753931,-0.0075889034,0.0022375663,-0.033203118
29600000,0.04727857,-0.0004972978,-4.754349,-0.00800416,0.0022811536,-0.03301501
29608000,0.047210556,-0.0005586174,-4.7547617,-0.008426774,0.0022935567,-0.03275874
29616000,0.0471397,-0.00062789646,-4.75519,-0.00881402,0.0022772031,-0.032559022
29624000,0.047065552,-0.00069550675,-4.755612,-0.009197604,0.0022390361,-0.03233975
29632000,0.04698798,-0.00076140626,-4.75603,-0.009582288,0.0022001476,-0.032124333
29640000,0.04690711,-0.00082565425,-4.756442,-0.009976478,0.0022012568,-0.031896517
29648000,0.04682289,-0.0008880691,-4.7568483,-0.010331277,0.0022032443,-0.03167398
29656000,0.046740424,-0.0009497644,-4.7572637,-0.010684133,0.002201341,-0.031424657
29664000,0.046654586,-0.001009559,-4.7576723,-0.011054458,0.0022536907,-0.031157535
29672000,0.046566274,-0.0010679028,-4.7580748,-0.011442248,0.002255643,-0.030955136
29680000,0.046474554,-0.0011245381,-4.7584715,-0.011796533,0.0022787561,-0.030702157
29688000,0.04638068,-0.0011960042,-4.75887,-0.012202857,0.0022710594,-0.030476326
29696000,0.04628323,-0.0012652974,-4.7592626,-0.012567738,0.002342894,-0.030179031
29704000,0.046182454,-0.001332101,-4.759649,-0.012941851,0.002401564,-0.029894397
29712000,0.046078246,-0.0013968315,-4.760029,-0.013334089,0.0024083299,-0.029665379
29720000,0.045962375,-0.0014858076,-4.7603946,-0.01367719,0.0024413692,-0.029396815
29728000,0.045843717,-0.0015719299,-4.7607713,-0.014012449,0.002520216,-0.029189207
29736000,0.045721952,-0.0016556565,-4.7611423,-0.0143970065,0.0024811295,-0.028916264
29744000,0.045597836,-0.0017379703,-4.7615075,-0.014740823,0.0024498147,-0.028633617
29752000,0.045457177,-0.0018405424,-4.761866,-0.015099051,0.002427978,-0.028380511
29760000,0.04531353,-0.0019406154,-4.762219,-0.015486192,0.0024145115,-0.028055195
29768000,0.045167252,-0.0020383454,-4.7625656,-0.01580574,0.0023927798,-0.027724052
29776000,0.04501849,-0.002133888,-4.7629066,-0.016118668,0.0023504277,-0.027508121
29784000,0.044861283,-0.0022472139,-4.763239,-0.016404629,0.0022573308,-0.027292555
29792000,0.044701666,-0.0023586648,-4.7635655,-0.0167512,0.0021718463,-0.026952231
29800000,0.044539627,-0.002467533,-4.7638865,-0.017086681,0.0022245785,-0.02675848
29808000,0.044375636,-0.0025739714,-4.7642035,-0.017441513,0.0022595522,-0.026520433
29816000,0.044208642,-0.002689297,-4.764519,-0.017768133,0.0022558633,-0.026318446
29824000,0.0440392,-0.0028019156,-4.7648306,-0.018086419,0.0022436408,-0.026058903
29832000,0.043867406,-0.0029120496,-4.765137,-0.018432552,0.0022168434,-0.025751712
29840000,0.0436931,-0.0030197552,-4.7654386,-0.018741228,0.0021960502,-0.025529416
29848000,0.043515187,-0.003132853,-4.765738,-0.019094823,0.0021656237,-0.025264181
29856000,0.043334983,-0.003243452,-4.7660327,-0.01937423,0.0021624104,-0.025007116
29864000,0.0431526,-0.0033513801,-4.766322,-0.019685,0.0021673306,-0.024742024
29872000,0.04296808,-0.0034568422,-4.7666073,-0.019975724,0.0021599103,-0.024477987
29880000,0.04278587,-0.0035702887,-4.766899,-0.020227844,0.0021216602,-0.02416718
29888000,0.0426017,-0.003681243,-4.7671857,-0.02047192,0.002137034,-0.023875156
29896000,0.042415928,-0.0037895187,-4.767467,-0.02069491,0.002133228,-0.023580916
29904000,0.042228278,-0.003895172,-4.7677436,-0.02094714,0.0021750221,-0.023331426
29912000,0.04203882,-0.0039977916,-4.7680154,-0.021181026,0.0022706995,-0.02305162
29920000,0.041859347,-0.004098643,-4.7682953,-0.021472676,0.0022949765,-0.022741199
29928000,0.04167741,-0.0041968273,-4.7685704,-0.021730488,0.0023486663,-0.02249528
29936000,0.041493706,-0.0042923708,-4.7688403,-0.021903528,0.0023748523,-0.02218979
29944000,0.04130841,-0.0043852082,-4.769105,-0.022075284,0.002420906,-0.021880712
29952000,0.041132875,-0.004480135,-4.7693686,-0.022259874,0.0024095764,-0.02154865
29960000,0.040955503,-0.0045727957,-4.7696276,-0.022425435,0.0024062982,-0.02126194
29968000,0.040776342,-0.004663458,-4.7698812,-0.02262747,0.002343822,-0.020991597
29976000,0.040595252,-0.0047523286,-4.770156,-0.022820031,0.0022978494,-0.02070722
29984000,0.040428836,-0.004830967,-4.77042,-0.023004076,0.0023436246,-0.020432955
29992000,0.040260334,-0.0049070506,-4.7706795,-0.02316493,0.0024173947,-0.020193161
30000000,0.040089935,-0.0049807103,-4.770934,-0.023330893,0.0024604043,-0.019980757
30008000,0.039917722,-0.005052201,-4.7711835,-0.02345989,0.0024922725,-0.01966512
30016000,0.039757043,-0.0051140976,-4.7714367,-0.023560636,0.0025356985,-0.0193801
30024000,0.039594933,-0.005174322,-4.771685,-0.023683406,0.0025886728,-0.01914105
30032000,0.03943125,-0.0052323816,-4.7719326,-0.023759125,0.0026494302,-0.01888001
30040000,0.03926589,-0.0052881865,-4.772175,-0.023896234,0.00274148,-0.018584723
30048000,0.03910049,-0.005342414,-4.7724223,-0.02398619,0.0027466964,-0.018293058
30056000,0.038933735,-0.0053946762,-4.772665,-0.024050588,0.0028465437,-0.018082794
30064000,0.038765438,-0.0054441816,-4.7729025,-0.024181472,0.003006896,-0.017828807
30072000,0.038595244,-0.005491028,-4.773135,-0.024328062,0.003120511,-0.017527249
30080000,0.0384241,-0.0055493363,-4.7733946,-0.024415331,0.0032067138,-0.017276783
30088000,0.03825158,-0.0056053405,-4.7736487,-0.024547502,0.003358127,-0.017076068
30096000,0.038077623,-0.0056583625,-4.773897,-0.024609089,0.0034725151,-0.016824331
30104000,0.037902374,-0.0057088383,-4.7741404,-0.024693487,0.0035479574,-0.016495287
30112000,0.037707783,-0.0057623344,-4.774403,-0.02481298,0.0036503058,-0.016238997
30120000,0.037512213,-0.005813209,-4.7746596,-0.024879143,0.0037236419,-0.01592947
30128000,0.037315924,-0.0058615813,-4.7749043,-0.02492322,0.0038134984,-0.015672063
30136000,0.03711883,-0.0059074503,-4.775144,-0.025029637,0.0038989787,-0.0154790515
30144000,0.03689951,-0.005969064,-4.7754083,-0.02512389,0.003903726,-0.015249166
30152000,0.03667978,-0.0060281926,-4.775666,-0.025177466,0.003969553,-0.015041988
30160000,0.036460076,-0.006085204,-4.775918,-0.025229808,0.003998948,-0.0147837745
30168000,0.03623993,-0.0061399033,-4.7761645,-0.02532756,0.0040288176,-0.014522051
30176000,0.036019195,-0.006192202,-4.7764015,-0.02542302,0.0040993993,-0.014291513
30184000,0.03579447,-0.006244388,-4.776665,-0.02552524,0.004186062,-0.0140919015
30192000,0.0355695,-0.0062938747,-4.776923,-0.025559675,0.0042898217,-0.013903037
30200000,0.035344314,-0.006340518,-4.7771754,-0.025652595,0.0043855673,-0.013654122
30208000,0.035118766,-0.0063846605,-4.7774215,-0.025692178,0.0044356664,-0.013423411
30216000,0.034888137,-0.0064320047,-4.7776914,-0.025778865,0.0044667157,-0.013191613
30224000,0.034657415,-0.006476883,-4.7779546,-0.025803786,0.0045634736,-0.012904802
30232000,0.034426842,-0.0065193432,-4.778232,-0.025816735,0.004653162,-0.01267885
30240000,0.03419627,-0.0065593226,-4.778503,-0.025883319,0.00471187,-0.012416134
30248000,0.03395894,-0.006599001,-4.7787952,-0.025917878,0.0048162136,-0.012184162
30256000,0.033721663,-0.006635957,-4.779081,-0.025956327,0.0049165506,-0.01195692
30264000,0.033484593,-0.006670225,-4.7793593,-0.0259946,0.00500776,-0.011696312
30272000,0.033247687,-0.0067019863,-4.7796307,-0.026004244,0.005109907,-0.0114647765
30280000,0.033009205,-0.0067296918,-4.779939,-0.02600586,0.0051776343,-0.011281766
30288000,0.032771025,-0.0067549543,-4.7802405,-0.026050106,0.00528779,-0.011086385
30296000,0.0325331,-0.006777629,-4.780534,-0.02605107,0.0054033203,-0.010828147
30304000,0.032295596,-0.006797923,-4.7808204,-0.026026312,0.005556505,-0.010581706
30312000,0.032047506,-0.0068137627,-4.781124,-0.025993185,0.005732283,-0.010288781
30320000,0.03180022,-0.0068268846,-4.7814198,-0.026023457,0.005836274,-0.010021975
30328000,0.0315533,-0.0068374625,-4.7817087,-0.026036805,0.0060085594,-0.009764381
30336000,0.03130717,-0.006845518,-4.7819896,-0.02601919,0.0060697445,-0.009519581
30344000,0.031042714,-0.006843445,-4.78229,-0.026045835,0.0061535677,-0.009267295
30352000,0.030779192,-0.006839181,-4.7825823,-0.02604705,0.006288539,-0.008981656
30360000,0.030516556,-0.006832754,-4.782867,-0.026094852,0.0063718297,-0.008739031
30368000,0.03025455,-0.006824429,-4.783143,-0.02610777,0.006526953,-0.008468842
30376000,0.029987521,-0.006816098,-4.783448,-0.026123747,0.0066322125,-0.00824787
30384000,0.029721802,-0.0068056583,-4.783746,-0.026067173,0.006735944,-0.008055234
30392000,0.029457407,-0.006793185,-4.7840347,-0.026064571,0.006841768,-0.0077328044
30400000,0.029193874,-0.0067783454,-4.784315,-0.026122501,0.007018523,-0.0074725724
30408000,0.028928382,-0.0067643696,-4.784615,-0.02614185,0.007160963,-0.007254584
30416000,0.028663903,-0.0067481888,-4.784907,-0.026135342,0.007246318,-0.0070127575
30424000,0.028400514,-0.0067301407,-4.7851906,-0.026131371,0.0073312554,-0.0067406315
30432000,0.028138008,-0.006710114,-4.7854767,-0.026156249,0.007452491,-0.006450348
30440000,0.027876118,-0.006688076,-4.785754,-0.026146652,0.007559426,-0.0061673825
30448000,0.027613673,-0.0066687814,-4.7860413,-0.026111435,0.007694301,-0.0057829954
30456000,0.02735221,-0.0066470765,-4.7863193,-0.026136305,0.0078345975,-0.0054387976
30464000,0.027091831,-0.006623103,-4.7865887,-0.026091496,0.007962004,-0.0051456722
30472000,0.02683254,-0.006596773,-4.786849,-0.026063465,0.008093965,-0.004792833
30480000,0.026581502,-0.006567719,-4.7870965,-0.026047627,0.008210136,-0.0045226743
30488000,0.026331518,-0.006536615,-4.7873363,-0.025975207,0.008329707,-0.004241888
30496000,0.026082769,-0.0065031354,-4.7875686,-0.025892515,0.008503062,-0.003976487
30504000,0.025835427,-0.0064673116,-4.787793,-0.025828445,0.008630742,-0.0036988533
30512000,0.025601428,-0.006414138,-4.788009,-0.025776612,0.00884679,-0.0033544165
30520000,0.025368549,-0.006358558,-4.788218,-0.025663152,0.009011353,-0.0030954557
30528000,0.025136814,-0.006301019,-4.788436,-0.025596961,0.00916388,-0.002818421
30536000,0.024906026,-0.0062416485,-4.788646,-0.025493175,0.009283695,-0.0025077313
30544000,0.024673935,-0.0061553773,-4.7888603,-0.025386738,0.009407511,-0.0022555536
30552000,0.024443071,-0.006067875,-4.7890673,-0.025277277,0.009577176,-0.001995215
30560000,0.02421378,-0.0059788255,-4.789267,-0.025141997,0.009714897,-0.0017335779
30568000,0.023985686,-0.0058886847,-4.78946,-0.025068708,0.009824528,-0.0015294036
30576000,0.023773892,-0.0057834983,-4.7896495,-0.024949318,0.010021831,-0.0012310252
30584000,0.023562897,-0.005676904,-4.7898326,-0.024797745,0.01021341,-0.0010156955
30592000,0.023353204,-0.0055690696,-4.7900085,-0.02467209,0.010355155,-0.000744552
30600000,0.023144541,-0.005460245,-4.7901783,-0.024583833,0.010497627,-0.00048321087
30608000,0.022957526,-0.0053565,-4.790368,-0.024406426,0.010714989,-0.00026488618
30616000,0.022771636,-0.005251144,-4.790551,-0.024240129,0.010882013,-3.6491845e-05
30624000,0.022586523,-0.0051445425,-4.7907276,-0.024145251,0.011008453,0.00013866056
30632000,0.022402633,-0.0050368737,-4.7908897,-0.023895092,0.011133822,0.00041258044
30640000,0.022239903,-0.0049327156,-4.791076,-0.02370367,0.011298893,0.0006557331
30648000,0.022077646,-0.0048269723,-4.7912555,-0.023508683,0.011480325,0.00091274787
30656000,0.021916416,-0.0047199107,-4.7914276,-0.023304284,0.0115904845,0.0011349805
30664000,0.02175611,-0.0046118344,-4.7915936,-0.023128416,0.011700564,0.0013567334
30672000,0.021593079,-0.0045034587,-4.791785,-0.022944821,0.01183281,0.001593055
30680000,0.021431211,-0.004393795,-4.791976,-0.022719674,0.011982039,0.0018307675
30688000,0.021270826,-0.004282819,-4.7921596,-0.022499043,0.012096205,0.0020754868
30696000,0.02111174,-0.0041710297,-4.792336,-0.022290688,0.0121583715,0.0023258084
30704000,0.020953985,-0.0040587015,-4.7925053,-0.022063376,0.012209462,0.002539726
30712000,0.020784179,-0.0039422065,-4.7927012,-0.02189934,0.012292341,0.0027002422
30720000,0.020615103,-0.0038252235,-4.79289,-0.02173425,0.012348658,0.0029141025
30728000,0.020447563,-0.0037076324,-4.793086,-0.021510577,0.012425471,0.0031416267
30736000,0.02028155,-0.0035892727,-4.793275,-0.02136578,0.012545618,0.0033348592
30744000,0.020096645,-0.0034685493,-4.7934895,-0.02122503,0.012603804,0.0034778626
30752000,0.019913416,-0.0033473175,-4.793697,-0.021063987,0.012703443,0.0037014096
30760000,0.019731982,-0.00322517,-4.7938957,-0.02087646,0.012843773,0.0039285966
30768000,0.019552419,-0.0031022637,-4.7940865,-0.02070134,0.012923247,0.0041406485
30776000,0.019358305,-0.0029889443,-4.7942843,-0.020499673,0.013020718,0.0043148203
30784000,0.01916645,-0.0028747683,-4.794474,-0.020319711,0.013116353,0.004507501
30792000,0.0189762,-0.0027597751,-4.7946568,-0.02017246,0.013186751,0.0046941913
30800000,0.018787859,-0.0026444392,-4.794832,-0.020010622,0.013196397,0.004897273
30808000,0.018585732,-0.0025352135,-4.7950287,-0.019843701,0.013207151,0.005068205
30816000,0.018386127,-0.0024256778,-4.795217,-0.019643841,0.013240624,0.005250982
30824000,0.018188665,-0.0023154954,-4.795398,-0.01953091,0.013307512,0.005436625
30832000,0.017993435,-0.0022047716,-4.795594,-0.019316692,0.0133525655,0.005604843
30840000,0.017792663,-0.002100024,-4.7957964,-0.01910915,0.013377567,0.0058042672
30848000,0.01759427,-0.0019947712,-4.79599,-0.018968329,0.013429536,0.0060475473
30856000,0.017398119,-0.0018887626,-4.796175,-0.018800616,0.013484205,0.0063582365
30864000,0.01720385,-0.0017823084,-4.7963505,-0.01862514,0.013472352,0.006804979
30872000,0.016987508,-0.0016767082,-4.7965302,-0.018501224,0.0134542,0.0072331736
30880000,0.016773602,-0.0015712212,-4.7967205,-0.018383179,0.013419182,0.0076999664
30888000,0.016562125,-0.0014654575,-4.7969003,-0.01823616,0.013434667,0.008157927
30896000,0.016353117,-0.0013595631,-4.79707,-0.018114509,0.0134368455,0.0086127445
30904000,0.016133463,-0.0012625736,-4.7972474,-0.018018031,0.013474972,0.009159264
30912000,0.01591616,-0.0011648366,-4.797414,-0.017922781,0.013528279,0.009722127
30920000,0.015701177,-0.0010662861,-4.7975698,-0.017811023,0.013589108,0.010267488
30928000,0.0154882325,-0.00096692884,-4.7977047,-0.017669681,0.01359766,0.010806441
30936000,0.015256187,-0.0008841141,-4.7978497,-0.01755492,0.013604203,0.011318969
30944000,0.015027039,-0.00080041995,-4.798009,-0.017417487,0.0136354575,0.0036967457
30952000,0.014800754,-0.00071575784,-4.798273,-0.017301537,0.013686616,-0.015719365
30960000,0.014577005,-0.0006299452,-4.798716,-0.017248962,0.013744853,-0.041818745
30968000,0.014355518,-0.0005432682,-4.7993774,-0.017172355,0.013764972,-0.07165077
30976000,0.014097722,-0.00047707342,-4.80033,-0.01697958,0.013752783,-0.10336128
30984000,0.013845415,-0.00041028578,-4.8015313,-0.016394831,0.013668472,-0.13532896
30992000,0.013602707,-0.0003428415,-4.802979,-0.015163394,0.013666482,-0.16668662
31000000,0.013375088,-0.0002742767,-4.8046675,-0.013113322,0.013674301,-0.19694652
31008000,0.013146798,-0.00022032444,-4.806656,-0.010060096,0.013694411,-0.22561789
31016000,0.012949671,-0.00016526735,-4.80886,-0.005975967,0.013631788,-0.25276774
31024000,0.012792634,-0.00010944003,-4.8112655,-0.00067862996,0.013590255,-0.27798823
31032000,0.012685319,-5.2574203e-05,-4.81385,0.0058194217,0.013575398,-0.30131853
31040000,0.012621843,-2.1843525e-06,-4.816747,0.01348182,0.01354165,-0.3227
31048000,0.012626891,4.9052356e-05,-4.819797,0.022278115,0.013458318,-0.34202626
31056000,0.012709266,0.00010066348,-4.8229833,0.03220168,0.013335002,-0.35928375
31064000,0.012877934,0.00015252882,-4.8262897,0.043250117,0.01321367,-0.37457883
31072000,0.01313821,0.00019675739,-4.829889,0.05536207,0.013120896,-0.38796005
31080000,0.01350162,0.00024164596,-4.8335714,0.06846548,0.013060155,-0.3994571
31088000,0.013976169,0.00028742268,-4.837325,0.08258955,0.013003819,-0.40909606
31096000,0.014569228,0.00033403764,-4.841135,0.097581774,0.012947265,-0.41695064
31104000,0.015325838,0.00037098574,-4.8452096,0.1135553,0.012839389,-0.4232953
31112000,0.016214294,0.0004084062,-4.84931,0.13025427,0.012709186,-0.42801005
31120000,0.017240498,0.00044613794,-4.853424,0.14774421,0.012574037,-0.43122745
31128000,0.018410446,0.00048421478,-4.8575444,0.16592155,0.012456231,-0.43293804
31136000,0.01982262,0.0005019185,-4.8618317,0.18486789,0.012275224,-0.43353352
31144000,0.02138471,0.0005235755,-4.866098,0.20446527,0.012152311,-0.43295166
31152000,0.023104733,0.0005458628,-4.870335,0.2246527,0.012026338,-0.43126905
31160000,0.024987286,0.000568709,-4.874535,0.24537452,0.011870313,-0.42857522
31168000,0.027168386,0.0005698509,-4.878812,0.2667704,0.011686449,-0.42501143
31176000,0.029518576,0.00057179993,-4.8830233,0.28866118,0.011561925,-0.4205682
31184000,0.032041576,0.00057451584,-4.8871756,0.3109702,0.011396314,-0.41537932
31192000,0.034740858,0.00057772914,-4.891263,0.33372918,0.011198904,-0.4094689
31200000,0.03778592,0.0005585384,-4.895343,0.35706976,0.010987145,-0.4029053
31208000,0.041011684,0.0005400128,-4.8993473,0.38073477,0.010799537,-0.39583817
31216000,0.04442074,0.00052223157,-4.9032736,0.40474862,0.0106059015,-0.38821095
31224000,0.048016,0.0005054092,-4.907117,0.42906338,0.010484171,-0.3801683
31232000,0.051800054,0.0004893597,-4.910869,0.45371124,0.010266765,-0.3716554
31240000,0.05597156,0.00043658013,-4.9145594,0.47884583,0.010048311,-0.36279258
31248000,0.06033412,0.0003848304,-4.918159,0.5042042,0.009820163,-0.35367876
31256000,0.064890005,0.00033379658,-4.921667,0.5298719,0.009550239,-0.3443029
31264000,0.0696419,0.00028282573,-4.925081,0.5557844,0.009199701,-0.33470204
31272000,0.07480792,0.00020123502,-4.9283943,0.5821029,0.008888334,-0.32493034
31280000,0.08017069,0.00012029009,-4.93162,0.608599,0.008585217,-0.31503966
31292000,0.085732006,3.9861174e-05,-4.93475,0.63529724,0.008292099,-0.30514562
31296000,0.091493934,-4.013863e-05,-4.937785,0.66221046,0.007989411,-0.2952147
31304000,0.097683705,-0.00014995247,-4.940696,0.68941975,0.007667849,-0.28510743
31312000,0.10407379,-0.0002591652,-4.943511,0.71679044,0.007358791,-0.27503374
31320000,0.11066594,-0.0003679167,-4.9462314,0.7443278,0.0070148217,-0.26500183
31328000,0.117461845,-0.00047652543,-4.948848,0.77199125,0.0066627404,-0.25503084
31336000,0.124692455,-0.0006358929,-4.9513426,0.7999455,0.0062031844,-0.24511702
31344000,0.13212593,-0.00079534657,-4.953746,0.82799333,0.0057787676,-0.23527399
31352000,0.13976339,-0.00095502887,-4.9560585,0.8560922,0.005309409,-0.22554892
31360000,0.14760603,-0.0011151107,-4.9582815,0.884324,0.004886859,-0.2158833
31368000,0.15590249,-0.001328635,-4.960378,0.91276616,0.004375911,-0.2063152
31376000,0.16440211,-0.0015428212,-4.9623837,0.9412292,0.0038487173,-0.19689535
31384000,0.17310582,-0.0017580619,-4.9643044,0.969727,0.0032765795,-0.18770058
31392000,0.18201432,-0.0019746432,-4.966142,0.99821645,0.0027173834,-0.17865309
31400000,0.19136834,-0.002261898,-4.967852,1.0269206,0.0019692327,-0.16963632
31408000,0.20092465,-0.0025521968,-4.9694824,1.0555805,0.0011132117,-0.16083819
31416000,0.21068373,-0.002846325,-4.9710345,1.0842234,0.00023759576,-0.15227973
31424000,0.22064556,-0.003144467,-4.972511,1.1127343,-0.00060511654,-0.1438577
31432000,0.23104966,-0.0035123266,-4.973871,1.1414417,-0.0016386074,-0.13564774
31440000,0.24165337,-0.0038858613,-4.9751596,1.1700673,-0.0027176384,-0.12757193
31448000,0.2524565,-0.0042658565,-4.9763775,1.1985334,-0.003833316,-0.11971881
31456000,0.26345885,-0.004652681,-4.977526,1.2269392,-0.004967123,-0.11212045
31464000,0.27490765,-0.0051137614,-4.978564,1.2554888,-0.006364379,-0.10469606
31472000,0.28655228,-0.00558463,-4.979537,1.2839457,-0.007800462,-0.09747896
31480000,0.29839256,-0.0060657435,-4.9804325,1.3122555,-0.009264226,-0.090474546
31488000,0.31042808,-0.006558122,-4.981268,1.3404474,-0.010820733,-0.083700664
31496000,0.32265845,-0.0070619863,-4.982045,1.3684524,-0.012340904,-0.07714636
31504000,0.33531752,-0.007656556,-4.9827275,1.3964729,-0.014274951,-0.07079521
31512000,0.3481661,-0.008266758,-4.983356,1.4242903,-0.016189016,-0.06465601
31520000,0.36120397,-0.008892728,-4.9839325,1.4519994,-0.01811809,-0.058692954
31528000,0.3744302,-0.009535177,-4.9844546,1.4794312,-0.020112382,-0.052960243
31536000,0.38806525,-0.010267126,-4.984877,1.5068914,-0.022470886,-0.047419652
31544000,0.40188345,-0.011019611,-4.9852543,1.534103,-0.024823043,-0.0421369
31552000,0.4158837,-0.011793026,-4.9855876,1.561113,-0.027192328,-0.037057977
31560000,0.43006507,-0.012587578,-4.985879,1.5878937,-0.029593019,-0.03223343
31568000,0.44463918,-0.013468317,-4.98609,1.6146497,-0.0323178,-0.02756965
31576000,0.45938915,-0.014374023,-4.986226,1.6411518,-0.035063412,-0.023099637
31584000,0.47431377,-0.015305156,-4.9863267,1.6674078,-0.03784284,-0.018832386
31592000,0.4894116,-0.016262027,-4.9863935,1.6933769,-0.04061816,-0.014711521
31600000,0.504879,-0.017315462,-4.9863977,1.7192214,-0.04372626,-0.0108079575
31608000,0.5205138,-0.018398192,-4.986372,1.7448319,-0.04683587,-0.007132055
31616000,0.5363149,-0.019510537,-4.986318,1.7702248,-0.049968768,-0.0036252397
31624000,0.5522811,-0.020652248,-4.986237,1.7952973,-0.05302218,-0.00030673156
31632000,0.56860375,-0.021871004,-4.986084,1.8202777,-0.056346644,0.002842496
31640000,0.5850857,-0.023121638,-4.9859076,1.8449823,-0.059694663,0.0058084484
31648000,0.601725,-0.024404246,-4.98571,1.8693179,-0.063024715,0.008563794
31656000,0.6185199,-0.025718678,-4.985492,1.8933536,-0.06631654,0.01112734
31664000,0.63566214,-0.027104016,-4.985224,1.9172914,-0.06976145,0.0135221165
31672000,0.652954,-0.028522473,-4.9849386,1.9409075,-0.07322667,0.015824871
31680000,0.67039376,-0.029974194,-4.9846663,1.964198,-0.0766677,0.017971588
31688000,0.68797976,-0.031458616,-4.9843793,1.9871992,-0.080038436,0.019820642
31696000,0.7058972,-0.033013366,-4.984055,2.0101082,-0.08352366,0.021605605
31704000,0.72395515,-0.034601565,-4.9837184,2.0326736,-0.08703271,0.02333029
31712000,0.74215174,-0.03622275,-4.9833703,2.0549154,-0.09044219,0.024830839
31720000,0.7604852,-0.03787593,-4.983012,2.0768135,-0.09377241,0.026266705
31728000,0.7791181,-0.039590146,-4.9826393,2.0985389,-0.097174115,0.027539203
31736000,0.79788196,-0.041336074,-4.982258,2.119959,-0.10054141,0.02870191
31744000,0.8167748,-0.04311302,-4.9818697,2.1409912,-0.10379525,0.029710483
31752000,0.8357947,-0.044919807,-4.9814754,2.16172,-0.10697555,0.030587064
31760000,0.8549399,-0.046755448,-4.9810762,2.1821532,-0.110071845,0.031349145
31768000,0.87433136,-0.048634723,-4.9806633,2.202406,-0.113217324,0.031972848
31776000,0.8938433,-0.05054175,-4.980269,2.222331,-0.11627165,0.032516293
31784000,0.91347384,-0.052475598,-4.9798713,2.2419136,-0.1192051,0.03294858
31792000,0.9332209,-0.054434836,-4.9794717,2.261118,-0.12209051,0.033336256
31800000,0.95318216,-0.056421455,-4.9790654,2.2801273,-0.12482693,0.033657234
31808000,0.9732552,-0.058430288,-4.978658,2.298836,-0.12738305,0.033873
31816000,0.99343836,-0.060459882,-4.978251,2.3172712,-0.12985024,0.034023624
31824000,1.0137299,-0.06250923,-4.977844,2.3353536,-0.1322781,0.03411683
31832000,1.0342338,-0.06457531,-4.9774413,2.3532465,-0.1344892,0.03408758
31840000,1.0548412,-0.06665734,-4.977041,2.370811,-0.13655375,0.033993416
31848000,1.0755498,-0.06875422,-4.976642,2.3880382,-0.13853808,0.033845
31856000,1.0963584,-0.07086465,-4.9762454,2.4049711,-0.14044537,0.033659216
31864000,1.1173414,-0.07297444,-4.9758697,2.4216893,-0.14209403,0.033354245
31872000,1.1384197,-0.0750941,-4.975497,2.4381163,-0.14371459,0.03300778
31880000,1.159592,-0.07722224,-4.975126,2.4542317,-0.14510563,0.03264909
31888000,1.1808562,-0.07935702,-4.9747586,2.4700313,-0.14643349,0.032240752
31896000,1.2022825,-0.081486866,-4.9744105,2.485635,-0.14757615,0.031778634
31904000,1.2237966,-0.08361995,-4.9740667,2.5009093,-0.14857782,0.031279944
31912000,1.2453965,-0.085754916,-4.9737277,2.5158823,-0.14948882,0.030723399
31920000,1.2670808,-0.08789054,-4.9733934,2.5306056,-0.1503007,0.030220782
31928000,1.2889104,-0.09001183,-4.973097,2.5450346,-0.15091401,0.029678412
31936000,1.3108201,-0.09212977,-4.972805,2.5592072,-0.15132214,0.029061602
31944000,1.3328081,-0.09424283,-4.9725175,2.5730515,-0.15161416,0.02846333
31952000,1.354873,-0.0963499,-4.9722342,2.5866766,-0.15183944,0.027855083
31960000,1.3770686,-0.098445654,-4.971986,2.600094,-0.15184206,0.027219107
31968000,1.3993374,-0.1005319,-4.971742,2.613172,-0.15173575,0.026522519
31976000,1.4216772,-0.10260757,-4.9714665,2.6259842,-0.15157202,0.025844231
31984000,1.4440869,-0.10467159,-4.9711967,2.6385508,-0.15127715,0.025182452
31992000,1.4665972,-0.106710196,-4.970954,2.6509483,-0.15081972,0.024518495
32000000,1.4891742,-0.108734116,-4.970716,2.663075,-0.15025763,0.023858862
32008000,1.5118169,-0.110742144,-4.970483,2.6749349,-0.14958806,0.023138562
32016000,1.5345234,-0.112732895,-4.9702554,2.6866102,-0.14873943,0.022488937
32024000,1.5572929,-0.114704974,-4.970033,2.6980577,-0.14782609,0.021784915
32032000,1.5801089,-0.11664466,-4.9698377,2.7092042,-0.14681756,0.021044193
32040000,1.6029847,-0.11856401,-4.969648,2.7200797,-0.14572428,0.020357838
32048000,1.6259192,-0.12046176,-4.9694624,2.7307138,-0.14448375,0.01968188
32056000,1.6489112,-0.12233668,-4.9692817,2.7411988,-0.1431273,0.01905065
32064000,1.6719248,-0.12416022,-4.9691243,2.7513993,-0.14164196,0.01837649
32072000,1.6949939,-0.1259588,-4.9689713,2.7613432,-0.14006579,0.017695699
32080000,1.7181169,-0.12773158,-4.9688325,2.7710643,-0.13841116,0.017003693
32088000,1.7412927,-0.12947807,-4.968698,2.7806282,-0.13671468,0.0163516
32096000,1.7644798,-0.13116215,-4.9685893,2.789933,-0.13479654,0.01566684
32104000,1.7877179,-0.13281775,-4.968484,2.799003,-0.13287102,0.015046773
32112000,1.811006,-0.13444492,-4.968382,2.8079035,-0.13092634,0.01449409
32120000,1.8343426,-0.13604298,-4.9682827,2.8166203,-0.12888321,0.013869293
32128000,1.8576888,-0.13757998,-4.9682055,2.8250747,-0.12665161,0.013281139
32136000,1.8810818,-0.1390859,-4.9681315,2.8333554,-0.124374725,0.012686573
32144000,1.9045204,-0.14056024,-4.9680605,2.8414555,-0.12204555,0.0120382095
32152000,1.9280039,-0.14200306,-4.967993,2.849403,-0.11975101,0.011436551
32160000,1.9514875,-0.14339097,-4.967934,2.8571026,-0.11737096,0.010874586
32168000,1.9750141,-0.14474708,-4.9678783,2.864633,-0.114975795,0.010292646
32176000,1.9985825,-0.14607073,-4.967835,2.8719857,-0.1124695,0.0097857285
32184000,2.0221918,-0.14736152,-4.967794,2.8791883,-0.10994722,0.009294406
32192000,2.0458047,-0.14859013,-4.9677625,2.8861198,-0.10737536,0.008760505
32200000,2.0694566,-0.1497856,-4.9677334,2.8929107,-0.10474526,0.008296805
32208000,2.093146,-0.150948,-4.967706,2.899537,-0.102156006,0.007866785
32216000,2.1168725,-0.15207727,-4.967681,2.906058,-0.09949871,0.00740142
32224000,2.1405907,-0.15315226,-4.9676685,2.9123695,-0.0968193,0.006931256
32232000,2.1643445,-0.15419424,-4.9676623,2.9185297,-0.09413373,0.0065057664
32240000,2.1881332,-0.15520322,-4.9676576,2.9245617,-0.09146909,0.0060556824
32248000,2.2119555,-0.15617931,-4.9676547,2.9304025,-0.08873991,0.005649519
32256000,2.2357554,-0.15710135,-4.9676666,2.9361076,-0.085995674,0.005238324
32264000,2.2595882,-0.15799065,-4.9676795,2.9416573,-0.08324561,0.0048521357
32272000,2.2834527,-0.15884756,-4.9676933,2.947084,-0.08056185,0.0045115594
32280000,2.3073483,-0.15967262,-4.9677196,2.9523473,-0.07788713,0.0041506137
32288000,2.3312738,-0.16046579,-4.9677467,2.957471,-0.07515929,0.0037757382
32296000,2.3551652,-0.16121404,-4.967786,2.9624574,-0.07242103,0.003416968
32304000,2.379086,-0.16193081,-4.9678254,2.9673135,-0.06971895,0.003062154
32312000,2.4030356,-0.16261642,-4.9678655,2.9720664,-0.06701459,0.002751223
32320000,2.4270132,-0.16327114,-4.967906,2.9767258,-0.06435148,0.002455873
32328000,2.4509523,-0.16387722,-4.967982,2.9811506,-0.061681826,0.0022012342
32336000,2.4749184,-0.16445324,-4.9680576,2.9854422,-0.05901512,0.0018712105
32344000,2.4989107,-0.16499953,-4.968133,2.9896984,-0.056364663,0.0015108399
32352000,2.522929,-0.16551614,-4.9682083,2.9938283,-0.05368398,0.0012636215
32360000,2.546892,-0.1659752,-4.968299,2.9977825,-0.05100072,0.00094589335
32368000,2.5708802,-0.1664055,-4.968389,3.001621,-0.048382293,0.0006558214
32376000,2.5948932,-0.166808,-4.9684644,3.0053823,-0.045864254,0.0003385769
32384000,2.6189299,-0.16718316,-4.96854,3.009023,-0.043327264,4.7800437e-05
32392000,2.642907,-0.16749981,-4.9686284,3.0125887,-0.040779505,-0.00018461159
32400000,2.666908,-0.1677898,-4.9687157,3.016011,-0.03823196,-0.0003586815
32408000,2.6909325,-0.16805355,-4.9688015,3.019376,-0.0357465,-0.0005060636
32416000,2.7149796,-0.16829145,-4.9688864,3.022602,-0.033247318,-0.00068041286
32424000,2.7389731,-0.16846195,-4.9689865,3.025721,-0.0307461,-0.0008865379
32432000,2.7629886,-0.16860752,-4.969085,3.0286677,-0.028237645,-0.0010972389
32444000,2.787026,-0.16872796,-4.9691834,3.0316281,-0.025685905,-0.0012684842
32448000,2.8110843,-0.16882338,-4.9692802,3.0345116,-0.023155764,-0.0014168478
32456000,2.8350823,-0.16886781,-4.96939,3.0372546,-0.020659462,-0.00162083
32464000,2.8591015,-0.16888832,-4.9694986,3.039904,-0.018192884,-0.0017957056
32472000,2.8831415,-0.16888554,-4.9696054,3.042501,-0.015800526,-0.0019451029
32480000,2.9072013,-0.16886018,-4.969719,3.0450113,-0.013464932,-0.0020583554
32488000,2.9311974,-0.1688009,-4.9698405,3.0474222,-0.011113037,-0.0022651893
32496000,2.9552138,-0.16871947,-4.9699607,3.049749,-0.0087783085,-0.0023935104
32504000,2.97925,-0.16861664,-4.970079,3.0520575,-0.006537906,-0.00249936
32512000,3.0033057,-0.16849287,-4.9701953,3.0542793,-0.0043117683,-0.0026266102
32520000,3.0272846,-0.16834763,-4.9703236,3.0563543,-0.0021006085,-0.0027577
32528000,3.0512831,-0.16818202,-4.9704585,3.0583797,4.5920227e-05,-0.0028629848
32536000,3.075301,-0.16799691,-4.9705915,3.0603886,0.0021458478,-0.0028982048
32544000,3.0993378,-0.16779248,-4.9707217,3.0623763,0.004227397,-0.0029684997
32552000,3.1233933,-0.16756944,-4.9708495,3.0643275,0.0062307804,-0.003062422
32560000,3.147363,-0.167335,-4.970986,3.0661597,0.0082566375,-0.0031316022
32568000,3.171352,-0.16708238,-4.97112,3.0678806,0.010215499,-0.0031389208
32576000,3.1953592,-0.1668121,-4.9712286,3.0695484,0.012151929,-0.0031745275
32584000,3.219385,-0.1665246,-4.971335,3.0711927,0.014019702,-0.0032331785
32592000,3.2433107,-0.16620901,-4.971439,3.0727,0.015920646,-0.0033032538
32600000,3.2672558,-0.16587684,-4.971542,3.0741777,0.017768571,-0.0034351223
32608000,3.2912195,-0.16552885,-4.9716434,3.0756803,0.019529764,-0.0034742996
32616000,3.3152018,-0.16516541,-4.9717436,3.0771132,0.021316722,-0.0034955388
32624000,3.3390987,-0.16478643,-4.971846,3.07847,0.023069305,-0.003584925
32632000,3.363015,-0.16439271,-4.97195,3.0797577,0.024736919,-0.0036315976
32640000,3.3869498,-0.16398484,-4.9720516,3.0810254,0.026382314,-0.003633827
32648000,3.410903,-0.16356285,-4.9721518,3.0822263,0.02805774,-0.0036008037
32656000,3.4347808,-0.16312847,-4.9722514,3.0833967,0.029640999,-0.0035526312
32664000,3.4586778,-0.16268079,-4.972349,3.084501,0.031215338,-0.0035840834
32672000,3.482593,-0.16222003,-4.972445,3.0855553,0.032769386,-0.0035908117
32680000,3.5065267,-0.16174656,-4.9725137,3.08665,0.03428956,-0.0035911424
32688000,3.5303857,-0.16124894,-4.9725842,3.087598,0.035800975,-0.0035327317
32696000,3.5542636,-0.16073923,-4.972654,3.088514,0.037290733,-0.0035748545
32704000,3.5781596,-0.16021769,-4.9727225,3.0894473,0.03873998,-0.0035081138
32712000,3.6020737,-0.15968472,-4.9727893,3.090373,0.04016766,-0.0034598012
32720000,3.6259184,-0.1591199,-4.97287,3.0911677,0.04157647,-0.0034508226
32728000,3.6497812,-0.15854451,-4.972949,3.0919478,0.04295252,-0.0034024012
32736000,3.6736627,-0.15795901,-4.9730268,3.0927813,0.04425692,-0.0034017514
32744000,3.6975622,-0.15736373,-4.9731035,3.0935884,0.045564916,-0.0034381105
32752000,3.72139,-0.15673752,-4.9731665,3.0943458,0.04690812,-0.0034882417
32760000,3.7452369,-0.1561019,-4.9732285,3.0950458,0.048203412,-0.0034652976
32768000,3.7691019,-0.15545723,-4.9732895,3.0957477,0.04945715,-0.003531816
32776000,3.7929852,-0.15480402,-4.9733505,3.0964072,0.050662626,-0.0035301852
32784000,3.816795,-0.1541338,-4.9733963,3.0969996,0.051845603,-0.0035409357
32792000,3.8406236,-0.15345557,-4.9734416,3.0975478,0.05300967,-0.003524482
32800000,3.86447,-0.15276958,-4.9734864,3.098087,0.054168865,-0.0035434854
32808000,3.8883348,-0.15207596,-4.9735312,3.0986516,0.05530941,-0.003541429
32816000,3.9122171,-0.15137461,-4.9735756,3.0992284,0.056473497,-0.003608146
32824000,3.9360254,-0.15066609,-4.9736166,3.0997133,0.0576233,-0.0036416901
32832000,3.959852,-0.14995027,-4.9736695,3.1001449,0.058682468,-0.0036454226
32840000,3.9836965,-0.14922766,-4.973722,3.1005688,0.059722465,-0.0036559936
32848000,4.007559,-0.1484985,-4.973774,3.1010704,0.060719226,-0.0036865966
32856000,4.031337,-0.1477516,-4.973831,3.1014638,0.061667807,-0.0037798514
32864000,4.055134,-0.14699884,-4.9738884,3.1019077,0.06266036,-0.00380819
32872000,4.07895,-0.14624019,-4.9739447,3.1023145,0.06358587,-0.0038435182
32880000,4.1027846,-0.14547606,-4.9740233,3.1027598,0.064516,-0.0038864478
32888000,4.1265345,-0.14472623,-4.974104,3.1030777,0.06535836,-0.0039460813
32896000,4.150304,-0.1439712,-4.974184,3.1033792,0.0661987,-0.003937526
32904000,4.1740923,-0.14321063,-4.9742627,3.1037087,0.067117855,-0.003951482
32912000,4.1979,-0.14244421,-4.97434,3.1040728,0.06801037,-0.0039976663
32920000,4.221626,-0.14168859,-4.974416,3.1043613,0.06876144,-0.0040519764
32928000,4.2453723,-0.14092799,-4.9744883,3.104666,0.069551624,-0.004123143
32936000,4.2691383,-0.14016229,-4.97456,3.1049662,0.070321605,-0.004148431
32944000,4.2929235,-0.139392,-4.9746313,3.1052527,0.07103508,-0.0041955183
32952000,4.316632,-0.1386248,-4.974713,3.1054246,0.07180345,-0.004198928
32960000,4.340354,-0.13785256,-4.974794,3.1056912,0.07250489,-0.0041803815
32968000,4.3640957,-0.13707606,-4.974874,3.105895,0.073154904,-0.004197805
32976000,4.3878574,-0.13629548,-4.974947,3.1060965,0.07380959,-0.0041655656
32984000,4.411554,-0.13551687,-4.9750333,3.1062405,0.07444107,-0.0042526587
32992000,4.4352703,-0.13473421,-4.9751186,3.106375,0.07505011,-0.00430106
33000000,4.459007,-0.13394761,-4.975203,3.106511,0.07569886,-0.004340959
33008000,4.482762,-0.13315725,-4.975287,3.1066623,0.0762711,-0.0043652016
33016000,4.5064363,-0.13236411,-4.975382,3.106755,0.07681841,-0.004431246
33024000,4.5301313,-0.13156758,-4.9754763,3.1068614,0.07738732,-0.004469897
33032000,4.55384,-0.1307674,-4.975577,3.1069248,0.077955775,-0.0045354106
33040000,4.577568,-0.12996371,-4.975677,3.1069953,0.078540355,-0.004598848
33048000,4.601211,-0.12918293,-4.975791,3.106967,0.07911768,-0.00460652
33056000,4.6248746,-0.12839818,-4.9759026,3.1069286,0.07967321,-0.00460319
33064000,4.6485577,-0.12761003,-4.976012,3.1069844,0.08009649,-0.0045755743
33072000,4.6722608,-0.12681872,-4.9761205,3.1070797,0.080625266,-0.004573109
33080000,4.695984,-0.12602383,-4.976241,3.107164,0.08114272,-0.0044910735
33088000,4.719617,-0.12526615,-4.9763823,3.107143,0.081578515,-0.0044404715
33096000,4.7432704,-0.12450506,-4.97652,3.1071212,0.08194635,-0.0044296146
33104000,4.766938,-0.12374045,-4.976657,3.1071198,0.08231704,-0.0045077507
33112000,4.790626,-0.122972995,-4.9767914,3.107096,0.08265606,-0.004594606
33120000,4.81423,-0.1222393,-4.9769454,3.107014,0.08305045,-0.004663486
33128000,4.8378544,-0.12150178,-4.9771295,3.1069565,0.08339661,-0.0047316337
33136000,4.8614993,-0.120760866,-4.9773097,3.1069098,0.08367325,-0.0048086643
33144000,4.8851647,-0.12001705,-4.9774876,3.1068895,0.083957314,-0.0048264912
33152000,4.908742,-0.11932054,-4.9776726,3.1068218,0.08418231,-0.0047899475
33160000,4.932341,-0.11862056,-4.9778533,3.1067495,0.08440123,-0.0047375755
33168000,4.955956,-0.1179169,-4.9780307,3.1067142,0.084622055,-0.004699145
33176000,4.979592,-0.11720957,-4.9781904,3.1066623,0.08490516,-0.0046771537
33184000,5.0031457,-0.11653206,-4.9783654,3.1066132,0.08509011,-0.0046923566
33192000,5.0267215,-0.11585105,-4.9785376,3.106495,0.08524462,-0.00469231
33200000,5.0503187,-0.115166694,-4.978706,3.1064065,0.08541162,-0.0046286667
33208000,5.0739374,-0.11447904,-4.9788704,3.1063623,0.085580036,-0.0045914454
33216000,5.097474,-0.113824934,-4.979038,3.1062186,0.08567363,-0.00459428
33224000,5.121033,-0.11316749,-4.9792013,3.10609,0.08578287,-0.00454591
33232000,5.1446137,-0.11250666,-4.9793687,3.1060004,0.085905634,-0.004509206
33240000,5.1682115,-0.11184182,-4.979533,3.1059134,0.08607512,-0.0044495184
33248000,5.1917305,-0.111209154,-4.979702,3.1057615,0.0861817,-0.004401667
33256000,5.2152724,-0.11057274,-4.979867,3.1055877,0.086252324,-0.0043689203
33264000,5.238836,-0.10993317,-4.9800286,3.105437,0.086276524,-0.0042987093
33272000,5.262421,-0.109290265,-4.980186,3.1053553,0.08638293,-0.004149411
33280000,5.285927,-0.10866588,-4.9803405,3.1052246,0.08641771,-0.0040253964
33288000,5.309456,-0.108038194,-4.9804916,3.105065,0.08644048,-0.003936992
33296000,5.333007,-0.10740712,-4.980639,3.1050112,0.08650282,-0.0038520617
33304000,5.356581,-0.10677297,-4.9807825,3.1049423,0.08650508,-0.0037456243
33312000,5.38005,-0.10615929,-4.980939,3.1047838,0.086536035,-0.0036229051
33320000,5.4035425,-0.10554211,-4.9810915,3.1046002,0.08656244,-0.0035660202
33328000,5.4270577,-0.104921654,-4.9812527,3.1044133,0.086564854,-0.003454895
33336000,5.450596,-0.1042981,-4.9814095,3.1042464,0.08653873,-0.0033523983
33344000,5.4741554,-0.10367146,-4.9815626,3.104101,0.0865966,-0.0032343033
33352000,5.4976144,-0.10307471,-4.9817204,3.1039057,0.08660526,-0.003211363
33360000,5.521096,-0.1024744,-4.981875,3.1037188,0.08659886,-0.0031862713
33368000,5.5446014,-0.10187048,-4.9820256,3.103509,0.086629644,-0.0031252508
33376000,5.568129,-0.10126323,-4.982179,3.103312,0.08656975,-0.003012858
33384000,5.591551,-0.10067646,-4.982344,3.1031184,0.08647564,-0.002923052
33392000,5.6149964,-0.10008653,-4.9825053,3.102857,0.08640503,-0.0028742799
33400000,5.638466,-0.09949341,-4.982662,3.102683,0.08636451,-0.002795158
33408000,5.6619587,-0.0988968,-4.9828153,3.102533,0.08634506,-0.0026885439
33416000,5.685355,-0.09831029,-4.982976,3.102252,0.0862942,-0.0026444604
33424000,5.7087765,-0.09772025,-4.983133,3.102031,0.0862622,-0.002576038
33432000,5.732221,-0.097127065,-4.9833007,3.1018112,0.08618478,-0.0025081458
33440000,5.75569,-0.09653061,-4.9834647,3.101642,0.08616948,-0.0023951407
33448000,5.77908,-0.09594266,-4.983629,3.1013854,0.086135775,-0.0022990468
33456000,5.8024945,-0.09535122,-4.98379,3.1011279,0.08610164,-0.0021878905
33464000,5.825933,-0.09475647,-4.9839463,3.1009068,0.08606858,-0.0021247475
33472000,5.8493958,-0.094158486,-4.984098,3.1007748,0.08601488,-0.001968599
33480000,5.8727794,-0.093551435,-4.9842844,3.1005616,0.08600614,-0.0018925397
33488000,5.8961883,-0.0929411,-4.9844656,3.1003408,0.086012416,-0.001799097
33496000,5.9196215,-0.09232757,-4.984642,3.100129,0.085997224,-0.0017746422
33504000,5.943079,-0.09171111,-4.9848146,3.0999548,0.085959844,-0.0017128065
33512000,5.966457,-0.09107991,-4.984994,3.0996506,0.08594607,-0.0016185482
33520000,5.989856,-0.09044542,-4.985169,3.0993903,0.08598152,-0.0015501828
33528000,6.013279,-0.08980785,-4.985339,3.0991523,0.08601173,-0.001513722
33536000,6.036726,-0.08916757,-4.985505,3.0989254,0.0859912,-0.0014562462
33544000,6.060107,-0.08849705,-4.985669,3.0986843,0.08603483,-0.0013784184
33552000,6.0835137,-0.08782403,-4.985828,3.0985205,0.08610324,-0.001230237
33560000,6.106945,-0.0871486,-4.985982,3.0983648,0.08615101,-0.0011112439
33568000,6.130401,-0.08647104,-4.986131,3.0982037,0.08614572,-0.0009958665
33576000,6.15379,-0.08576731,-4.986312,3.0979738,0.0862027,-0.00092062424
33584000,6.177204,-0.08506158,-4.986487,3.0977387,0.086315975,-0.00087204453
33592000,6.2006383,-0.08435288,-4.986658,3.097571,0.08643335,-0.00075336057
33600000,6.224097,-0.083641924,-4.986824,3.0973694,0.086535804,-0.00058449205
33608000,6.247579,-0.08292897,-4.9869843,3.097235,0.086596146,-0.00046480246
33616000,6.270992,-0.08219487,-4.9871416,3.0970483,0.08673773,-0.00032207317
33624000,6.2944293,-0.08145895,-4.987294,3.096914,0.08680465,-0.00022173297
33632000,6.3178916,-0.08072155,-4.987467,3.0967584,0.08688048,-8.3950275e-05
33640000,6.341378,-0.07998263,-4.9876337,3.0966303,0.08692409,4.9439805e-05
33648000,6.3648076,-0.079237,-4.9877973,3.0964503,0.08696078,0.00017985849
33656000,6.3882623,-0.07849002,-4.987955,3.0963066,0.087041356,0.0002820853
33664000,6.411737,-0.07774106,-4.988109,3.0961409,0.08707267,0.0003849716
33672000,6.4352355,-0.07699087,-4.988258,3.0960155,0.08714445,0.00049454306
33680000,6.458685,-0.07623103,-4.9884286,3.095851,0.08727499,0.000611013
33688000,6.482158,-0.07546954,-4.988594,3.0956883,0.087366864,0.00073570595
33696000,6.505656,-0.07470646,-4.9887543,3.095548,0.08749585,0.0008198476
33704000,6.529177,-0.07394184,-4.9889092,3.0954592,0.0875669,0.00091081933
33712000,6.5526443,-0.073164806,-4.9890733,3.0953906,0.0877053,0.0010036419
33720000,6.5761356,-0.07238655,-4.9892325,3.0952325,0.0877762,0.0010842073
33728000,6.5996466,-0.071606204,-4.989388,3.0951238,0.08792711,0.001223584
33736000,6.6231813,-0.07082438,-4.989538,3.0950897,0.08802554,0.0013595287
33744000,6.6466537,-0.07002541,-4.9896955,3.09504,0.08816762,0.0014467026
33752000,6.6701508,-0.06922544,-4.989847,3.0949032,0.08822223,0.0015388605
33760000,6.6936717,-0.06842478,-4.9899945,3.0948403,0.088335305,0.0015968833
33768000,6.7172165,-0.0676229,-4.9901366,3.094779,0.08847808,0.0017004629
33776000,6.7407084,-0.066806935,-4.9903097,3.0946748,0.088584766,0.0018162617
33784000,6.7642245,-0.06599032,-4.9904766,3.0945835,0.08869364,0.001923054
33792000,6.787764,-0.06517309,-4.990638,3.094488,0.08876774,0.0020360567
33800000,6.8113236,-0.06435454,-4.990794,3.0944698,0.088861875,0.0021752773
33808000,6.8348317,-0.06352007,-4.990955,3.094403,0.08898257,0.002351081
33816000,6.8583636,-0.062684625,-4.9911103,3.0943043,0.08918743,0.0024417485
33824000,6.88192,-0.061848223,-4.99126,3.0942786,0.08932953,0.0024946372
33832000,6.9054995,-0.061011244,-4.991416,3.0942557,0.08946782,0.002574416
33840000,6.9290376,-0.060164306,-4.9915767,3.09419,0.08962177,0.0026669356
33848000,6.9525995,-0.05931676,-4.991732,3.0941389,0.08978676,0.0027920527
33856000,6.976185,-0.058468524,-4.991882,3.0941398,0.0899288,0.0029064487
33864000,6.9997935,-0.057619907,-4.9920254,3.0941863,0.09002382,0.003053233
33872000,7.0234213,-0.056770124,-4.9921646,3.0941951,0.090160996,0.0031736207
33880000,7.0470057,-0.055914093,-4.9923053,3.0941625,0.0903151,0.0032905808
33888000,7.0706134,-0.055057645,-4.99244,3.094186,0.09042927,0.003445758
33896000,7.094244,-0.05420114,-4.99257,3.0941515,0.090466395,0.0035644693
33904000,7.117897,-0.05334482,-4.9926944,3.094214,0.09055601,0.003710495
33912000,7.1415067,-0.052496187,-4.992823,3.094237,0.09065317,0.0038639025
33920000,7.165139,-0.05164729,-4.9929466,3.0941968,0.09072785,0.004087421
33928000,7.1887937,-0.0507981,-4.993074,3.0941215,0.09081525,0.0043864916
33936000,7.2124696,-0.0499489,-4.993194,3.0940433,0.090868905,0.004617387
33944000,7.236107,-0.049109004,-4.9933424,3.093794,0.09092389,0.004837621
33952000,7.259765,-0.048268903,-4.9934835,3.0935764,0.090971366,0.0051015373
33960000,7.283443,-0.047428597,-4.9936175,3.0932853,0.09103693,0.005332656
33968000,7.30714,-0.046588,-4.9937453,3.0929592,0.09106736,0.005536306
33976000,7.3308024,-0.045753125,-4.9939213,3.0924833,0.091112584,0.0057253703
33984000,7.354483,-0.044918165,-4.99409,3.091957,0.09110223,0.00585837
33992000,7.37818,-0.044083443,-4.9942517,3.0913255,0.091079354,0.0059524425
34000000,7.401893,-0.04324907,-4.9944077,3.0906682,0.09103933,0.0060193436
34008000,7.42558,-0.042425483,-4.9945893,3.0898323,0.09096849,0.0060857926
34016000,7.44928,-0.04160244,-4.9947643,3.0888534,0.09087352,0.0062044375
34024000,7.4729924,-0.040780056,-4.994932,3.087798,0.090775795,0.0063276947
34032000,7.4967165,-0.039958637,-4.9950933,3.0866053,0.09062918,0.0064753545
34040000,7.520426,-0.03913889,-4.9952865,3.0851586,0.0905404,0.006519811
34048000,7.5441427,-0.03831977,-4.995473,3.083591,0.09047173,0.0065004197
34056000,7.567867,-0.037501458,-4.995653,3.081927,0.09032957,0.0064248377
34064000,7.5915956,-0.036684345,-4.9958277,3.080148,0.09019078,0.006269966
34072000,7.615303,-0.035879765,-4.9960337,3.0781825,0.090099685,0.0061182473
34080000,7.639009,-0.035074875,-4.996237,3.0759711,0.08998751,0.0059486274
34088000,7.6627145,-0.034270927,-4.996434,3.0735738,0.08982547,0.0057706106
34096000,7.686419,-0.03346828,-4.996627,3.0710142,0.08963655,0.0055890665
34104000,7.7100835,-0.032678276,-4.996841,3.0681996,0.089471266,0.0054085194
34116000,7.7337427,-0.031889137,-4.99705,3.0652242,0.089323744,0.0051543773
34120000,7.7573957,-0.031101054,-4.997254,3.0620587,0.089123875,0.0049095564
34128000,7.78104,-0.030314282,-4.997474,3.0586736,0.088946484,0.0047241403
34136000,7.8046737,-0.02952863,-4.9976897,3.0550954,0.088765964,0.0044842535
34144000,7.82826,-0.02876728,-4.9979157,3.051257,0.08851686,0.004165922
34152000,7.85183,-0.02800631,-4.998138,3.0472302,0.088305466,0.003813017
34160000,7.875384,-0.027246429,-4.998356,3.0430224,0.08807329,0.0035042188
34168000,7.89892,-0.026487915,-4.998569,3.0385787,0.087808274,0.0032594337
34176000,7.922392,-0.025758864,-4.9987774,3.033854,0.087561496,0.002921123
34184000,7.945842,-0.025030717,-4.9989815,3.0288973,0.08727236,0.0026717582
34192000,7.969268,-0.024303982,-4.9991817,3.0237522,0.086909026,0.0023486982
34200000,7.992669,-0.023579054,-4.999378,3.0183992,0.086573884,0.0020841125
34208000,8.015991,-0.022884976,-4.9995956,3.0127783,0.0862408,0.0017458104
34216000,8.039285,-0.022192013,-4.9998093,3.0069528,0.085882105,0.0014270705
34224000,8.062547,-0.021500057,-5.0000196,3.0008104,0.085489035,0.0010633706
34232000,8.085774,-0.02080967,-5.0002365,2.9944005,0.08508435,0.00073562545
34240000,8.108896,-0.02015055,-5.000481,2.987756,0.08467187,0.00036077772
34248000,8.131981,-0.01949241,-5.000722,2.980881,0.08430257,3.9948696e-05
34256000,8.155026,-0.018835267,-5.000958,2.9737737,0.08390796,-0.00025854408
34264000,8.178031,-0.018179534,-5.00119,2.9665015,0.0834613,-0.0006435928
34272000,8.20091,-0.017554965,-5.0014462,2.9588876,0.083039105,-0.0010029395
34280000,8.223744,-0.01693147,-5.0016847,2.9510577,0.08256156,-0.0013141863
34288000,8.246536,-0.01630989,-5.001919,2.9430642,0.082061194,-0.0016073328
34296000,8.2692795,-0.015690016,-5.0021486,2.9348185,0.08155286,-0.001862378
34304000,8.291888,-0.015099657,-5.002402,2.9261642,0.08101698,-0.0021052717
34312000,8.3144455,-0.014510961,-5.0026503,2.9173236,0.080454305,-0.0023267327
34320000,8.336949,-0.013923989,-5.0028944,2.9082894,0.07991065,-0.0025938274
34328000,8.382476,-0.012707218,-5.00316,2.8899136,0.0789088,-0.0031016828
34336000,8.40469,-0.012160606,-5.003417,2.8800814,0.07837137,-0.0033894838
34344000,8.426844,-0.011615464,-5.0036697,2.8700979,0.07776932,-0.0037092865
34352000,8.4489355,-0.011071966,-5.0039186,2.8598933,0.077207,-0.004014453
34360000,8.470968,-0.010531683,-5.004163,2.8494766,0.07654106,-0.0043249573
34368000,8.492817,-0.010023154,-5.004422,2.8387167,0.075912416,-0.004611566
34376000,8.514599,-0.009516462,-5.0046716,2.8278,0.07524711,-0.004836946
34384000,8.536311,-0.009011936,-5.0049167,2.816665,0.074580014,-0.0050340397
34392000,8.557953,-0.00850943,-5.005157,2.8053572,0.07393023,-0.005181432
34400000,8.579522,-0.008008967,-5.005393,2.79388,0.07333109,-0.005381592
34408000,8.600885,-0.007533077,-5.005651,2.7820678,0.07270757,-0.005549334
34416000,8.622173,-0.0070589194,-5.0059037,2.7700427,0.07206059,-0.00570623
34424000,8.643385,-0.0065864013,-5.006152,2.75787,0.07146361,-0.005871667
34432000,8.664529,-0.006118242,-5.006417,2.745571,0.070758335,-0.0059637125
34440000,8.685453,-0.005678444,-5.0066934,2.7330017,0.070038214,-0.0060547907
34448000,8.706299,-0.0052408567,-5.006964,2.720199,0.069312796,-0.00612217
34456000,8.727061,-0.004805654,-5.007229,2.7072206,0.068604335,-0.0062245284
34464000,8.747741,-0.0043726023,-5.0074873,2.69407,0.06794145,-0.006234842
34472000,8.768195,-0.00396692,-5.007763,2.6806495,0.06722811,-0.006257639
34480000,8.788283,-0.0036050556,-5.0081306,2.666871,0.06650063,-0.0062939213
34488000,8.808354,-0.0032345227,-5.00847,2.6530015,0.065784186,-0.0062501202
34496000,8.828232,-0.002885441,-5.0088134,2.638826,0.06503079,-0.0062301634
34504000,8.848067,-0.0025317906,-5.0091367,2.6245832,0.064243816,-0.0061663045
34512000,8.867847,-0.002175121,-5.0094423,2.610251,0.06351469,-0.0060874713
34520000,8.887563,-0.001816706,-5.0097356,2.5957775,0.062765196,-0.005960373
34528000,8.90705,-0.0014643935,-5.01005,2.5809865,0.06195933,-0.0057955203
34536000,8.926462,-0.0011124283,-5.01035,2.56616,0.061161667,-0.0056179618
34544000,8.945795,-0.0007612758,-5.010638,2.5511668,0.06040511,-0.0054388833
34552000,8.965042,-0.00041118206,-5.010915,2.5360427,0.059682637,-0.005244549
34560000,8.984066,-8.21079e-05,-5.0112023,2.520709,0.058873203,-0.0049565774
34568000,9.002999,0.00024513583,-5.0115314,2.5052931,0.058128823,-0.004665073
34576000,9.021841,0.0005702157,-5.011848,2.489766,0.05732776,-0.004401266
34584000,9.040586,0.00089268916,-5.0121536,2.474127,0.056529637,-0.00418441
34592000,9.059093,0.0011993754,-5.012477,2.4582207,0.05580779,-0.0039687725
34600000,9.077501,0.0015040308,-5.012789,2.4422154,0.05508872,-0.0036935622
34608000,9.09581,0.0018062239,-5.01309,2.4261189,0.05431778,-0.0033744546
34616000,9.114016,0.002105485,-5.01338,2.409911,0.053505737,-0.0030207087
34624000,9.131965,0.0023939507,-5.013688,2.393512,0.052699752,-0.0025923075
34632000,9.149832,0.0026729892,-5.013982,2.3770633,0.051902737,-0.0022177387
34640000,9.167594,0.0029487899,-5.0142646,2.3605201,0.05113041,-0.001816486
34648000,9.185251,0.003221426,-5.014536,2.3439317,0.050342023,-0.0013559273
34656000,9.202801,0.0034904396,-5.0147963,2.3272562,0.049525216,-0.0008994814
34664000,9.220081,0.0037544812,-5.0150547,2.3103747,0.048685074,-0.00039910685
34672000,9.237255,0.0040149903,-5.015291,2.293355,0.047915097,1.1114316e-05
34680000,9.254319,0.004272152,-5.0155177,2.2762408,0.04716124,0.00048554142
34688000,9.271274,0.0045260815,-5.0157332,2.259113,0.046424966,0.0009835999
34700000,9.287952,0.0047787754,-5.0159545,2.2418098,0.04571253,0.0014256182
34704000,9.304544,0.0050193374,-5.016163,2.2245314,0.04490338,0.0019615754
34712000,9.321028,0.005256109,-5.0163603,2.207188,0.044155344,0.0025133407
34720000,9.337399,0.005488986,-5.0165353,2.1897495,0.043348532,0.0029802115
34728000,9.35349,0.0057334574,-5.016705,2.1721258,0.042571496,0.003579934
34736000,9.369469,0.0059738485,-5.016865,2.154382,0.041838154,0.0040972237
34744000,9.385336,0.0062104785,-5.017015,2.136579,0.04113085,0.0046034167
34752000,9.401089,0.006443347,-5.017155,2.1187682,0.040431235,0.0051338957
34760000,9.416575,0.006684679,-5.0172863,2.1008148,0.039726913,0.005676748
34768000,9.43195,0.0069221323,-5.01741,2.0828288,0.039044965,0.0062095253
34776000,9.447236,0.0071447557,-5.0175204,2.0649095,0.03831286,0.0067855287
34784000,9.462407,0.0073625967,-5.017622,2.0469058,0.037508078,0.00731177
34792000,9.477316,0.0075838114,-5.0177193,2.0287182,0.036804847,0.007817367
34800000,9.49211,0.007800619,-5.0178075,2.010479,0.03607037,0.008355177
34808000,9.506789,0.008012882,-5.0178866,1.9922194,0.03535911,0.0088455025
34816000,9.521352,0.008221057,-5.0179577,1.9739672,0.034701463,0.009346348
34824000,9.535644,0.00844339,-5.018008,1.9556031,0.03402872,0.009893113
34832000,9.549821,0.008661464,-5.01805,1.9371965,0.033385262,0.010472064
34840000,9.563881,0.008875472,-5.018084,1.9188123,0.032748256,0.011039223
34848000,9.577826,0.009085362,-5.018109,1.9004425,0.03210889,0.011602134
34856000,9.5915,0.009301748,-5.0181303,1.8819011,0.031484876,0.012193862
34864000,9.60506,0.009514409,-5.0181437,1.8633806,0.030939525,0.012728216
34872000,9.618503,0.009723567,-5.0181537,1.8448107,0.03036992,0.01324486
34880000,9.631828,0.009929116,-5.018155,1.8263539,0.029802738,0.013749882
34888000,9.644868,0.010135878,-5.018147,1.8077223,0.029284963,0.014283468
34896000,9.657792,0.010339481,-5.0181303,1.7890539,0.028753694,0.0147968
34904000,9.6706,0.010539673,-5.0181065,1.770452,0.028194742,0.015302493
34912000,9.6832905,0.010736698,-5.018075,1.7518659,0.027689122,0.015834155
34920000,9.695865,0.010930446,-5.0180464,1.7333469,0.027151994,0.016288586
34928000,9.708167,0.011126995,-5.018008,1.7147733,0.026618186,0.01671211
34936000,9.720355,0.011320749,-5.017963,1.6961982,0.026203064,0.017177828
34944000,9.732427,0.0115118595,-5.0179105,1.6776309,0.02572398,0.017624903
34952000,9.744382,0.011700196,-5.017851,1.659104,0.025249798,0.018157454
34960000,9.756065,0.011880696,-5.0177884,1.6404258,0.02481511,0.018633131
34968000,9.767633,0.012058907,-5.0176983,1.6217712,0.024355762,0.019127302
34976000,9.779086,0.012234658,-5.0176015,1.6031626,0.023916304,0.019548098
34984000,9.790422,0.012408255,-5.017499,1.5846094,0.023488373,0.019990789
34996000,9.80148,0.012580688,-5.01739,1.5660076,0.023023404,0.020481605
35000000,9.812424,0.012750906,-5.0172734,1.5473522,0.022608375,0.020950822
35008000,9.823252,0.012919215,-5.017152,1.5287591,0.022207618,0.021372385
35016000,9.833964,0.013085587,-5.0170245,1.510265,0.02181903,0.021762233
35024000,9.844408,0.013265528,-5.0168943,1.4917042,0.021465601,0.022194825
35032000,9.854738,0.013443802,-5.016759,1.4731963,0.021120604,0.022579702
35040000,9.864955,0.0136205405,-5.016618,1.4547715,0.020801269,0.02302197
35048000,9.875059,0.0137960315,-5.0164714,1.4364498,0.02050225,0.02342292
35056000,9.884892,0.013982967,-5.0163307,1.4180276,0.020257177,0.023737147
35064000,9.894614,0.014169089,-5.0161858,1.3996713,0.020032771,0.024046801
35072000,9.904224,0.014354483,-5.0160613,1.3813742,0.019786492,0.024336062
35080000,9.913723,0.014538793,-5.015931,1.3630989,0.019521503,0.02463394
35088000,9.9229555,0.014721114,-5.0158114,1.3447967,0.01933589,0.024891514
35096000,9.932079,0.014902957,-5.015686,1.3265455,0.019118194,0.025258105
35104000,9.941092,0.015084171,-5.015555,1.3084049,0.01888334,0.025576897
35112000,9.949994,0.015264661,-5.015418,1.290321,0.018658858,0.025933987
35120000,9.958634,0.015446459,-5.0152807,1.2722404,0.018418677,0.026199069
35128000,9.967167,0.015627513,-5.0151386,1.2542437,0.018183753,0.026468836
35136000,9.975591,0.015808063,-5.0149913,1.236282,0.018002108,0.026715146
35144000,9.983907,0.015988315,-5.014839,1.2184558,0.017807357,0.026959734
35152000,9.991972,0.016186677,-5.014701,1.2005829,0.017638931,0.027229877
35160000,9.99993,0.01638462,-5.014557,1.1828065,0.017461386,0.02748224
35168000,10.007782,0.016582044,-5.014464,1.1650552,0.01728289,0.027721075
35176000,10.015528,0.016779019,-5.0143642,1.1474626,0.01711997,0.027975397
35184000,10.023168,0.016975552,-5.014258,1.1300066,0.01693948,0.028223032
35192000,10.030575,0.017187819,-5.0141625,1.1124895,0.016816184,0.028393602
35200000,10.037878,0.017399933,-5.0140615,1.0950602,0.016716084,0.028557885
35208000,10.045077,0.017611768,-5.0139546,1.077678,0.016570581,0.028702267
35216000,10.052172,0.017823199,-5.0138426,1.0604715,0.016440833,0.028856566
35224000,10.059049,0.01805679,-5.013736,1.0432919,0.016338177,0.029007547
35232000,10.065824,0.018289922,-5.013624,1.0263187,0.01624284,0.029120427
35240000,10.072498,0.018522877,-5.013507,1.0093857,0.016210547,0.029266525
35248000,10.079071,0.018755753,-5.013385,0.99251616,0.016138634,0.029324826
35256000,10.08544,0.019024719,-5.0132713,0.9757147,0.016133694,0.029473206
35264000,10.091709,0.019293703,-5.0131526,0.9590283,0.016196901,0.029595895
35272000,10.097879,0.019562759,-5.0130324,0.94241655,0.01620882,0.029712418
35280000,10.1039505,0.01983175,-5.012907,0.9259402,0.016236272,0.029884044
35288000,10.109814,0.020137731,-5.0127907,0.9095263,0.016264552,0.030039823
35296000,10.115581,0.020443238,-5.012669,0.8932315,0.016325068,0.030183095
35304000,10.121251,0.020748457,-5.0125427,0.87703204,0.016368894,0.030237854
35312000,10.126825,0.021053119,-5.0124116,0.8609775,0.016369918,0.030349066
35320000,10.132201,0.021384332,-5.0123043,0.84497094,0.016492337,0.030408265
35328000,10.137484,0.021715341,-5.0121922,0.829102,0.01657272,0.030465705
35336000,10.142673,0.022045905,-5.0120754,0.8132833,0.016651476,0.030539714
35344000,10.147768,0.022376183,-5.011954,0.7976023,0.016736893,0.030661592
35352000,10.152669,0.022737617,-5.0118346,0.7819573,0.016869454,0.03075579
35360000,10.157479,0.02309897,-5.01171,0.7664955,0.01703161,0.030825557
35368000,10.162198,0.023459973,-5.011593,0.75112146,0.017137062,0.030842977
35376000,10.166828,0.02382077,-5.011471,0.7359196,0.017305713,0.030883998
35384000,10.171284,0.024204073,-5.0113688,0.7207272,0.017530138,0.030913176
35392000,10.175651,0.024587555,-5.011262,0.7057418,0.017738635,0.030907106
35400000,10.179931,0.024971003,-5.0111513,0.6908103,0.017892951,0.030873438
35408000,10.184124,0.025354102,-5.011036,0.6760663,0.018032026,0.030887645
35416000,10.188138,0.025742743,-5.0109434,0.6613163,0.018212045,0.030890992
35424000,10.192066,0.02613143,-5.0108533,0.64667696,0.01840252,0.030899499
35432000,10.1959095,0.026519997,-5.0107584,0.63223225,0.018536918,0.03084526
35440000,10.199669,0.026908286,-5.010659,0.61790204,0.018680537,0.030815363
35448000,10.203344,0.027296307,-5.0105557,0.6037245,0.018838897,0.030712599
35456000,10.206869,0.027697124,-5.010483,0.58960974,0.018985707,0.030682303
35464000,10.210312,0.028097598,-5.010405,0.57562405,0.019141464,0.030619225
35472000,10.213673,0.028497692,-5.010307,0.5616903,0.019273978,0.030601468
35480000,10.216952,0.0288972,-5.0102043,0.5479411,0.019394463,0.030536002
35488000,10.220092,0.029297762,-5.0101337,0.5343398,0.019521428,0.03040248
35496000,10.223152,0.029697588,-5.0100584,0.52083445,0.019595979,0.030311752
35504000,10.226134,0.030096438,-5.0099792,0.50746983,0.01966842,0.030247929
35512000,10.229038,0.030494185,-5.0098953,0.49421316,0.019730175,0.0301613
35520000,10.231809,0.030891215,-5.0098143,0.4811428,0.019810013,0.030138455
35528000,10.234504,0.0312871,-5.009729,0.46817216,0.019837983,0.030116253
35536000,10.237123,0.03168158,-5.009639,0.45535251,0.019872636,0.030043894
35544000,10.239685,0.032064058,-5.0095444,0.4427147,0.019934986,0.029976154
35552000,10.242115,0.03244695,-5.0094795,0.43010983,0.020034723,0.029857349
35560000,10.244472,0.03282905,-5.009411,0.4176225,0.020068068,0.029783411
35568000,10.246757,0.03321014,-5.0093236,0.40533188,0.020099675,0.029721456
35576000,10.24897,0.03358947,-5.0092325,0.39319286,0.020027792,0.029676972
35584000,10.251056,0.0339701,-5.0091662,0.38107407,0.02002984,0.029546382
35592000,10.253071,0.03434893,-5.0090957,0.36911994,0.019966751,0.029381314
35600000,10.255016,0.03472587,-5.0090218,0.35722566,0.01994482,0.029232044
35608000,10.256894,0.035100915,-5.0089445,0.3455852,0.019874651,0.02910881
35616000,10.2586565,0.035473045,-5.0088806,0.33398497,0.019862732,0.028979588
35624000,10.260352,0.035843503,-5.008812,0.32250282,0.019807588,0.02879426
35632000,10.261982,0.036212135,-5.0087404,0.31119406,0.019756965,0.02860596
35640000,10.263546,0.036578983,-5.0086656,0.29998168,0.019736363,0.028406324
35648000,10.265006,0.03694531,-5.0086093,0.28888112,0.01959958,0.028236516
35656000,10.266401,0.037308786,-5.008549,0.27792794,0.019440137,0.028035255
35668000,10.267735,0.037669536,-5.0084863,0.26716566,0.019326998,0.027891392
35676000,10.269006,0.03802768,-5.0084047,0.25644332,0.019195426,0.027777215
35684000,10.270191,0.03838578,-5.0083504,0.24588054,0.019074526,0.027678825
35692000,10.271317,0.03874122,-5.008292,0.23546132,0.018915094,0.02749464
35700000,10.272382,0.03909375,-5.008231,0.22517279,0.018740697,0.027341194
35708000,10.273388,0.039443158,-5.0081673,0.21503091,0.01855602,0.027167547
35716000,10.274335,0.039789446,-5.0080996,0.20502417,0.018367942,0.02701914
35724000,10.275191,0.04014381,-5.0080466,0.19508858,0.018250046,0.026905017
35732000,10.2759905,0.04049514,-5.0079904,0.185299,0.018092392,0.026774313
35740000,10.276733,0.04084298,-5.0079303,0.17563948,0.01785804,0.02660697
35748000,10.277421,0.04118694,-5.007868,0.16603594,0.017612068,0.026467962
35756000,10.278041,0.04153975,-5.0078087,0.1566361,0.017445734,0.02627864
35764000,10.278607,0.041889127,-5.007747,0.14733735,0.017235883,0.026134526
35772000,10.2791195,0.042234816,-5.0076613,0.13812327,0.017019443,0.025954463
35780000,10.279577,0.042576645,-5.0075736,0.12908064,0.016780477,0.025844717
35788000,10.279963,0.042919993,-5.0074944,0.12012539,0.016543632,0.025672773
35796000,10.280295,0.04325923,-5.007413,0.11131284,0.01628459,0.025508314
35804000,10.280577,0.043594286,-5.0073295,0.10261744,0.016040785,0.02540471
35812000,10.280808,0.043925297,-5.007243,0.09405357,0.015786909,0.025278715
35820000,10.280974,0.04427078,-5.007173,0.08560747,0.015530015,0.025096186
35828000,10.281102,0.044606283,-5.007091,0.07729949,0.015287514,0.02501328
35836000,10.281182,0.04493775,-5.007006,0.06911215,0.015067439,0.024851128
35844000,10.281215,0.04526515,-5.006919,0.061047018,0.014810508,0.024706233
35852000,10.281189,0.04561593,-5.0068517,0.05310298,0.01459136,0.02457143
35860000,10.281117,0.045962185,-5.0067816,0.045279186,0.014368756,0.024435911
35868000,10.281,0.0463039,-5.006709,0.03752601,0.01410244,0.024301719
35876000,10.280837,0.04664082,-5.0066414,0.029886534,0.013812475,0.024117157
35884000,10.280616,0.04699122,-5.0065846,0.022342524,0.013538652,0.023936037
35892000,10.280351,0.047336463,-5.006526,0.0149596855,0.01326066,0.023779336
35900000,10.280052,0.04767185,-5.0064645,0.0077173854,0.012910385,0.02368059
35908000,10.279712,0.048001666,-5.0063996,0.00050263735,0.012555587,0.023572389
35916000,10.279323,0.048337564,-5.006346,-0.006557362,0.012271318,0.023386048
35924000,10.278892,0.048668202,-5.0063057,-0.013514598,0.011955641,0.023182994
35932000,10.2784195,0.048993513,-5.0062623,-0.020359557,0.011665349,0.023004113
35940000,10.277907,0.049313705,-5.006216,-0.027132677,0.011385518,0.022833832
35948000,10.277351,0.049643148,-5.0061884,-0.03384199,0.011044254,0.022662805
35956000,10.276755,0.049966816,-5.0061574,-0.04036767,0.010750109,0.022503171
35964000,10.276131,0.05028168,-5.006124,-0.046748124,0.010481212,0.022299808
35972000,10.275467,0.05059132,-5.00609,-0.053018685,0.010165196,0.022197988
35980000,10.274767,0.050895467,-5.006053,-0.05917457,0.009826957,0.022103928
35988000,10.27404,0.051214278,-5.0060525,-0.06522715,0.009529871,0.021943929
35996000,10.273276,0.051527355,-5.006048,-0.07120352,0.009178867,0.021776633
36004000,10.272477,0.051834494,-5.0060406,-0.077095635,0.00883186,0.021633254
36012000,10.271643,0.052135784,-5.0060296,-0.08286137,0.008516612,0.021480948
36020000,10.270768,0.05246481,-5.0060453,-0.08853274,0.008203239,0.02129749
36028000,10.26986,0.052787736,-5.0060673,-0.09415632,0.007921475,0.021106744
36036000,10.268926,0.05310154,-5.0060854,-0.099684216,0.0075521544,0.020974874
36044000,10.267958,0.053408828,-5.006099,-0.105072774,0.0071941884,0.020858068
36052000,10.266972,0.05373773,-5.006141,-0.11031817,0.0068787322,0.020683989
36060000,10.265953,0.05406022,-5.0061784,-0.115482226,0.0065720384,0.020503
36068000,10.264903,0.054376185,-5.0062118,-0.120538026,0.0062310644,0.020311313
36076000,10.263822,0.05468557,-5.006229,-0.12556832,0.005899445,0.020145379
36084000,10.262722,0.055024635,-5.0062637,-0.1304648,0.005599213,0.019917568
36092000,10.261591,0.055356815,-5.0062957,-0.13525371,0.005292324,0.01973022
36100000,10.260431,0.055681918,-5.006323,-0.13997428,0.0049446174,0.019643359
36108000,10.259249,0.05599764,-5.006346,-0.14459857,0.0046037445,0.019510312
36116000,10.258057,0.056352973,-5.006382,-0.14907795,0.0043348772,0.019409996
36124000,10.256837,0.056701098,-5.0064363,-0.15349098,0.004035427,0.019305708
36132000,10.255589,0.057041883,-5.006486,-0.1578561,0.0037245809,0.01914878
36140000,10.2543125,0.057375558,-5.0065312,-0.1621113,0.0034670662,0.019005414
36148000,10.253027,0.05776335,-5.0065937,-0.16621912,0.0032031855,0.018831605
36156000,10.251715,0.05814294,-5.0066514,-0.17032216,0.0029083737,0.018770697
36164000,10.250376,0.05851487,-5.006704,-0.17425998,0.0026766886,0.01871989
36172000,10.249012,0.05887937,-5.006748,-0.17815422,0.0024527286,0.018690636
36180000,10.247667,0.05928753,-5.006803,-0.18197383,0.0022074312,0.018597346
36188000,10.246297,0.05968742,-5.0068526,-0.18570413,0.0019704835,0.018537408
36196000,10.244902,0.060078975,-5.0068974,-0.18932614,0.00167282,0.018441604
36204000,10.243482,0.060462423,-5.006938,-0.19288753,0.0014683286,0.018365972
36212000,10.242089,0.060865827,-5.0069876,-0.19627675,0.0012597711,0.018269932
36220000,10.240673,0.061260965,-5.007032,-0.19960052,0.000967304,0.018200332
36228000,10.239233,0.061647385,-5.0070877,-0.20289163,0.0006983051,0.01811474
36236000,10.237771,0.06202559,-5.0071387,-0.20611133,0.00045783637,0.018045587
36244000,10.236291,0.062394135,-5.007185,-0.20915492,0.00015364718,0.01793605
36252000,10.23484,0.06277576,-5.007236,-0.21215183,-0.00011645211,0.017878521
36260000,10.233367,0.06314864,-5.0072823,-0.2150673,-0.00045722473,0.01783491
36268000,10.231873,0.06351279,-5.0073233,-0.21791036,-0.0007412785,0.017788295
36276000,10.230356,0.063868664,-5.007346,-0.22074269,-0.0010169962,0.017734949
36284000,10.2288685,0.06423575,-5.007366,-0.22350873,-0.0013152376,0.017701024
36292000,10.227359,0.06459406,-5.007382,-0.22613952,-0.0016344409,0.017751275
36300000,10.225829,0.064943604,-5.007393,-0.22875191,-0.001941538,0.017712677
36308000,10.224279,0.06528462,-5.0073996,-0.23127495,-0.0022513778,0.017655598
36316000,10.222761,0.0656248,-5.0074143,-0.23364934,-0.0025708436,0.017579567
36324000,10.221224,0.06595613,-5.0074224,-0.23594122,-0.002924816,0.017532539
36332000,10.219668,0.066278584,-5.007427,-0.23818083,-0.0032929664,0.01749258
36340000,10.218094,0.06659192,-5.0074277,-0.24035038,-0.0036992948,0.017528787
36348000,10.216547,0.06691662,-5.007435,-0.2424163,-0.0040415577,0.017483607
36356000,10.214983,0.06723234,-5.0074377,-0.24449594,-0.0043815575,0.017455865
36364000,10.2134,0.06753946,-5.007437,-0.24645722,-0.0046585156,0.017393166
36372000,10.2118,0.06783809,-5.007446,-0.24840282,-0.0049961144,0.017355086
36380000,10.210218,0.06815645,-5.007458,-0.2502422,-0.0053506857,0.01735255
36388000,10.208624,0.068464614,-5.0074663,-0.251945,-0.005743688,0.017278945
36396000,10.207013,0.06876333,-5.007471,-0.25369906,-0.0060987254,0.01725716
36404000,10.205387,0.069052905,-5.007472,-0.25534114,-0.006473567,0.017158836
36412000,10.203787,0.06936507,-5.007486,-0.2569042,-0.0069079706,0.01713446
36420000,10.20217,0.06966718,-5.0074964,-0.2584354,-0.007296382,0.017029056
36428000,10.20054,0.06995958,-5.007507,-0.25990376,-0.00765779,0.016952515
36436000,10.198894,0.07024247,-5.0075135,-0.2613306,-0.008035262,0.016972777
36444000,10.197286,0.07054084,-5.00754,-0.26266456,-0.008411543,0.016933091
36452000,10.195663,0.070829354,-5.007563,-0.26391816,-0.008791946,0.016838966
36460000,10.194031,0.07110737,-5.0075817,-0.26516047,-0.009212228,0.016823431
36468000,10.192384,0.071375065,-5.0075965,-0.26636255,-0.009696172,0.016767459
36476000,10.190793,0.07163412,-5.007638,-0.2673944,-0.010129251,0.016755527
36484000,10.189188,0.07188331,-5.0076747,-0.26841047,-0.010539846,0.016711947
36492000,10.18757,0.07212287,-5.0077066,-0.26942265,-0.010954784,0.016709333
36500000,10.185938,0.07235269,-5.007734,-0.27039117,-0.011392683,0.016683502
36508000,10.184294,0.07257286,-5.0077567,-0.2713465,-0.011819526,0.016640238
36516000,10.182723,0.07280329,-5.0077963,-0.27212387,-0.012295951,0.016595181
36524000,10.181143,0.07302319,-5.0078287,-0.2728744,-0.012759943,0.016575055
36532000,10.179549,0.07323313,-5.0078573,-0.27357617,-0.013220466,0.016508592
36540000,10.177944,0.07343312,-5.007881,-0.27431846,-0.013690529,0.016505094
36548000,10.176418,0.07364118,-5.0079126,-0.27491266,-0.01412202,0.016413575
36556000,10.174881,0.0738395,-5.0079403,-0.2754266,-0.014555426,0.016366035
36564000,10.17333,0.07402784,-5.007963,-0.2759231,-0.015012378,0.016345872
36572000,10.171767,0.07420632,-5.0079794,-0.27638435,-0.015495259,0.016355734
36580000,10.170278,0.07439923,-5.0080223,-0.27670413,-0.015971437,0.016357886
36588000,10.1687765,0.074582,-5.0080605,-0.2770388,-0.016415905,0.01634386
36596000,10.167265,0.07475452,-5.008094,-0.27732033,-0.016888034,0.016300019
36604000,10.165742,0.07491686,-5.008123,-0.2775714,-0.017388621,0.016312292
36612000,10.164296,0.07508393,-5.008188,-0.27772236,-0.01789348,0.016268741
36620000,10.162837,0.07524067,-5.0082474,-0.27791068,-0.01838376,0.016261337
36628000,10.161366,0.07538696,-5.008317,-0.27803624,-0.018905684,0.016215956
36636000,10.159884,0.07552311,-5.008381,-0.27814025,-0.019387873,0.016190406
36644000,10.158477,0.07566772,-5.008469,-0.27806836,-0.01985476,0.01610197
36652000,10.157057,0.07580212,-5.0085516,-0.27804738,-0.020333365,0.016059648
36660000,10.155626,0.07592622,-5.0086284,-0.27797246,-0.020881776,0.016038649
36668000,10.154187,0.07603983,-5.0087,-0.277919,-0.021399673,0.016002383
36676000,10.152832,0.07616281,-5.0088077,-0.27771246,-0.021866983,0.01599627
36684000,10.151466,0.07627587,-5.0089087,-0.27746233,-0.022323653,0.015984932
36692000,10.150089,0.07637866,-5.0090036,-0.2772305,-0.022867238,0.015994664
36700000,10.148702,0.07647103,-5.009092,-0.27699935,-0.023392674,0.016025381
36708000,10.14738,0.07657448,-5.0092087,-0.2766451,-0.023843158,0.016108463
36716000,10.146048,0.07666793,-5.009318,-0.27633324,-0.02431793,0.016129361
36724000,10.144704,0.0767512,-5.009432,-0.27595198,-0.024827085,0.01612734
36732000,10.143351,0.07682446,-5.0095396,-0.27558082,-0.025301082,0.0161443
36740000,10.142062,0.0768992,-5.009673,-0.2751438,-0.025777746,0.016123503
36748000,10.140763,0.07696393,-5.0098,-0.27466357,-0.026282923,0.016157433
36756000,10.139454,0.07701852,-5.009919,-0.2741865,-0.026796484,0.016167205
36764000,10.138134,0.07706304,-5.010031,-0.27371657,-0.027336746,0.016223066
36772000,10.136806,0.07709731,-5.0101385,-0.27320597,-0.027914168,0.016292887
36780000,10.135543,0.07713894,-5.010279,-0.27256674,-0.028442841,0.01633
36788000,10.13427,0.077170715,-5.0104117,-0.27197182,-0.028907955,0.016398376
36796000,10.132988,0.07719285,-5.010537,-0.27138665,-0.02939583,0.016394593
36804000,10.131699,0.07720535,-5.0106554,-0.27074885,-0.02992077,0.016417716
36812000,10.130462,0.07723206,-5.0108047,-0.27008152,-0.030436227,0.016426682
36820000,10.129215,0.07724888,-5.010946,-0.26941493,-0.030881349,0.016456177
36828000,10.127959,0.077256314,-5.011073,-0.26874515,-0.03130516,0.016454203
36836000,10.126696,0.07725423,-5.011193,-0.26807258,-0.031787846,0.016480776
36844000,10.125485,0.07726006,-5.0113297,-0.2673236,-0.032231953,0.016504193
36852000,10.124266,0.07725603,-5.011459,-0.26654166,-0.032735392,0.016572103
36860000,10.123038,0.07724233,-5.0115805,-0.26583853,-0.0331922,0.016628474
36868000,10.121801,0.077219024,-5.0116944,-0.26513186,-0.03367213,0.016659517
36876000,10.120608,0.07719826,-5.0118327,-0.26435342,-0.03416154,0.016730223
36884000,10.119408,0.07716779,-5.0119624,-0.26354975,-0.034621067,0.016816538
36892000,10.118197,0.07712794,-5.0120845,-0.26273137,-0.035097733,0.016854666
36900000,10.116981,0.077078514,-5.0121994,-0.26189828,-0.03558436,0.016954238
36908000,10.115808,0.077026956,-5.012319,-0.26098496,-0.03607588,0.017016776
36916000,10.114626,0.076965906,-5.0124316,-0.26012757,-0.03656933,0.017090853
36924000,10.113438,0.07689537,-5.012532,-0.25928873,-0.03707124,0.017248109
36932000,10.112241,0.07681531,-5.0126257,-0.25845498,-0.037609503,0.017308421
36940000,10.111108,0.076728076,-5.0127273,-0.25745004,-0.0381398,0.017358007
36948000,10.109967,0.07663198,-5.012822,-0.25654083,-0.038592104,0.017461292
36956000,10.10882,0.07652711,-5.0129094,-0.2555956,-0.039044626,0.017540453
36964000,10.107665,0.076413415,-5.01299,-0.25462916,-0.039517835,0.017594531
36972000,10.106559,0.07630109,-5.013082,-0.253671,-0.03996441,0.017676413
36980000,10.105444,0.076179795,-5.0131664,-0.2526994,-0.040484738,0.017753407
36988000,10.104322,0.07604938,-5.0132446,-0.25172755,-0.040970072,0.017859235
36996000,10.103194,0.075910315,-5.013315,-0.25076067,-0.041415494,0.01791392
37004000,10.102122,0.07577683,-5.0133986,-0.24970277,-0.041847702,0.017996285
37012000,10.101044,0.07563478,-5.013475,-0.24867305,-0.042267907,0.017970774
37020000,10.099958,0.075484596,-5.0135455,-0.24761541,-0.042742312,0.01802075
37028000,10.098866,0.0753258,-5.013625,-0.24658154,-0.04318677,0.018089345
37036000,10.097769,0.07515895,-5.013698,-0.24555728,-0.043567047,0.0182632
37044000,10.096726,0.0749906,-5.013774,-0.24449237,-0.044013128,0.01835536
37052000,10.095676,0.074813895,-5.0138426,-0.24342237,-0.044440992,0.018490518
37060000,10.094621,0.07462913,-5.013904,-0.24243991,-0.044882964,0.018653808
37068000,10.093557,0.074436076,-5.0139585,-0.24138741,-0.045350436,0.018807983
37076000,10.092548,0.074234165,-5.0140157,-0.24031417,-0.045758113,0.018964628
37084000,10.091534,0.07402487,-5.014066,-0.23923849,-0.04621227,0.019009432
37092000,10.090511,0.073807664,-5.01411,-0.23822442,-0.046639808,0.019081362
37100000,10.089481,0.07358278,-5.014148,-0.23715934,-0.04705826,0.019155014
37108000,10.088446,0.0733505,-5.0141945,-0.23608464,-0.047466125,0.01932874
37116000,10.087404,0.07311082,-5.014234,-0.23501731,-0.047880165,0.019376464
37124000,10.086356,0.07286383,-5.0142736,-0.23399584,-0.048295546,0.01944223
37132000,10.085302,0.07260967,-5.0143065,-0.23295052,-0.04870949,0.01950304
37140000,10.084243,0.072348274,-5.0143547,-0.23195763,-0.049138125,0.019522192
37148000,10.083178,0.07207951,-5.014396,-0.2309674,-0.049616415,0.01957361
37156000,10.082108,0.071803756,-5.0144315,-0.2300107,-0.050046775,0.019628547
37164000,10.081031,0.07152113,-5.014461,-0.22905056,-0.050428662,0.019645203
37172000,10.079949,0.07123195,-5.014487,-0.22808795,-0.050815858,0.019716818
37180000,10.078863,0.07093582,-5.0145063,-0.22712429,-0.051295325,0.019795034
37188000,10.077771,0.070632584,-5.0145197,-0.22614826,-0.051735356,0.019890334
37196000,10.076674,0.070322655,-5.014527,-0.22521284,-0.052127857,0.019977016
37204000,10.075573,0.070006296,-5.014544,-0.22427931,-0.052549917,0.02003686
37212000,10.074467,0.0696835,-5.0145555,-0.22330724,-0.052928288,0.020126821
37220000,10.073357,0.06935442,-5.0145607,-0.22237578,-0.053341422,0.020225871
37228000,10.072243,0.06901951,-5.0145545,-0.22149472,-0.05369821,0.02025112
37236000,10.071124,0.06867861,-5.014561,-0.22059119,-0.05408361,0.02028898
37244000,10.070001,0.06833207,-5.0145617,-0.21966983,-0.05436496,0.020419572
37252000,10.068873,0.06798016,-5.0145564,-0.2187655,-0.054740548,0.020459855
37260000,10.067742,0.0676224,-5.014546,-0.21789002,-0.055089597,0.020497024
37268000,10.066607,0.067259125,-5.014541,-0.21707441,-0.055436768,0.020529127
37276000,10.065468,0.06689036,-5.014547,-0.21624915,-0.055782482,0.020631114
37284000,10.064325,0.06651647,-5.0145464,-0.2153357,-0.056092367,0.020728389
37292000,10.063178,0.066137075,-5.01454,-0.21445335,-0.05646926,0.020776743
37300000,10.062029,0.065752946,-5.014529,-0.21365386,-0.056737732,0.020758059
37308000,10.060875,0.065363936,-5.0145245,-0.21287397,-0.057080127,0.020815605
37316000,10.059718,0.064969905,-5.014514,-0.21203509,-0.05738832,0.020850932
37324000,10.0585575,0.06457092,-5.014507,-0.2111319,-0.05771943,0.019612905
37332000,10.057395,0.06416674,-5.014533,-0.21025346,-0.05811204,0.01086696
37340000,10.05623,0.06375691,-5.0146513,-0.20933504,-0.058569442,-0.0030926561
37348000,10.055062,0.063340984,-5.0148897,-0.20839086,-0.059069432,-0.020168161
37356000,10.053894,0.06291925,-5.0152674,-0.2074311,-0.059485167,-0.038999204
37364000,10.052724,0.062492974,-5.015794,-0.20649491,-0.0597087,-0.058320653
37372000,10.051552,0.062064808,-5.016473,-0.20554622,-0.059412885,-0.0773037
37380000,10.050379,0.061639413,-5.0172963,-0.20461814,-0.05849653,-0.09565734
37388000,10.049205,0.06122208,-5.0182595,-0.2036391,-0.05685145,-0.11326899
37396000,10.04803,0.06081993,-5.019356,-0.20270464,-0.054197174,-0.12990212
37404000,10.046853,0.060441084,-5.0205817,-0.20184623,-0.05054248,-0.14546964
37412000,10.045675,0.06009375,-5.021924,-0.20089057,-0.04580299,-0.15988775
37420000,10.0444975,0.05978678,-5.023372,-0.1999379,-0.039978873,-0.17304528
37428000,10.043319,0.059529115,-5.0249124,-0.19896086,-0.032982703,-0.18490265
37436000,10.04214,0.05933062,-5.026549,-0.19805145,-0.024803607,-0.19538599
37444000,10.040961,0.059199747,-5.0282598,-0.19710617,-0.015632913,-0.20453711
37452000,10.039782,0.059144717,-5.0300355,-0.19617146,-0.0053416537,-0.21247135
37460000,10.038603,0.059174713,-5.0318656,-0.19520918,0.0060693035,-0.21918736
37468000,10.037424,0.05929799,-5.0337515,-0.19430272,0.018440085,-0.22468819
37476000,10.036245,0.059522543,-5.035664,-0.19335443,0.031849947,-0.22901922
37484000,10.035067,0.05985647,-5.037604,-0.19238664,0.046239637,-0.23228641
37492000,10.033889,0.060307648,-5.039562,-0.19146435,0.06159451,-0.23446722
37500000,10.032712,0.060883183,-5.0415435,-0.19050372,0.0777844,-0.23566426
37508000,10.031534,0.06159032,-5.043527,-0.1895425,0.094816804,-0.23591419
37516000,10.030357,0.062435254,-5.0455055,-0.18862139,0.1126753,-0.2352822
37524000,10.029181,0.06342438,-5.047473,-0.18771137,0.13130775,-0.23386174
37532000,10.028006,0.06456335,-5.0494447,-0.18678233,0.15058972,-0.23161969
37540000,10.026832,0.06585756,-5.0513916,-0.18585128,0.17057736,-0.22868666
37548000,10.02566,0.06731235,-5.053309,-0.18488556,0.19120198,-0.22504397
37556000,10.024488,0.06893251,-5.0551906,-0.18397774,0.21239114,-0.22075866
37564000,10.023318,0.0707225,-5.057032,-0.18306147,0.23416118,-0.2159413
37572000,10.022151,0.072687015,-5.0588293,-0.18209678,0.2565293,-0.21068439
37580000,10.020961,0.07482942,-5.0605774,-0.18117484,0.27930033,-0.2049474
37588000,10.019773,0.07715373,-5.0622745,-0.18025576,0.30255094,-0.19874474
37596000,10.018587,0.079663895,-5.0639176,-0.17931557,0.32630563,-0.19220425
37604000,10.017405,0.08236362,-5.0655313,-0.17840199,0.35044047,-0.18536289
37612000,10.016224,0.0852555,-5.0670853,-0.17748065,0.37492996,-0.17819436
37620000,10.015046,0.08834275,-5.0685773,-0.17655757,0.39985803,-0.17078823
37628000,10.01387,0.09162868,-5.070019,-0.17564234,0.42515096,-0.16317423
37636000,10.012698,0.09511564,-5.0714164,-0.17472288,0.4507052,-0.15537584
37644000,10.011528,0.09880588,-5.072747,-0.17376357,0.47657257,-0.1475251
37652000,10.010362,0.10270195,-5.074011,-0.17282319,0.5027591,-0.13953538
37660000,10.009197,0.1068063,-5.0752063,-0.17196886,0.52924454,-0.13151239
37668000,10.008037,0.11112132,-5.076355,-0.17105614,0.5560248,-0.12352012
37676000,10.006879,0.115648784,-5.077433,-0.170089,0.58296114,-0.11541935
37684000,10.005724,0.12039012,-5.0784426,-0.16918877,0.6101136,-0.107290484
37692000,10.004573,0.12534705,-5.0793834,-0.16824898,0.6374792,-0.099212945
37700000,10.003426,0.13052143,-5.080279,-0.16725305,0.6650795,-0.091224805
37708000,10.002281,0.13591462,-5.0811057,-0.1663143,0.69281375,-0.08320391
37716000,10.001141,0.14152814,-5.081865,-0.16540799,0.720731,-0.07525904
37724000,10.000005,0.1473628,-5.082584,-0.16444753,0.7487188,-0.06742082
37732000,9.998872,0.15341944,-5.083254,-0.16349347,0.7768405,-0.05962366
37740000,9.997744,0.15969922,-5.083857,-0.16253912,0.8050692,-0.05199008
37748000,9.996619,0.1662027,-5.084395,-0.16160621,0.8333705,-0.044478692
37756000,9.995498,0.17293046,-5.084868,-0.16064964,0.8617105,-0.037088368
37764000,9.994382,0.17988291,-5.0852914,-0.15968023,0.8900875,-0.029856848
37772000,9.99327,0.18706031,-5.0856385,-0.158732,0.9185331,-0.022785584
37780000,9.992162,0.19446293,-5.0859256,-0.15780911,0.94692504,-0.01585751
37788000,9.991058,0.20209102,-5.086154,-0.15686512,0.97543794,-0.009110585
37796000,9.989959,0.20994465,-5.0863376,-0.1559027,1.0038561,-0.0024532892
37804000,9.988864,0.2180238,-5.0864644,-0.1549543,1.0322987,0.00398461
37812000,9.987774,0.22632831,-5.086537,-0.1539993,1.0606946,0.010270856
37820000,9.986689,0.23485771,-5.0865555,-0.1530211,1.089005,0.016387755
37828000,9.985608,0.24361145,-5.086525,-0.15201253,1.117261,0.022329155
37836000,9.984532,0.25258934,-5.0864587,-0.15106684,1.1454859,0.02807599
37844000,9.983462,0.26179084,-5.086343,-0.15014498,1.1736101,0.03362163
37852000,9.982396,0.27121538,-5.0861797,-0.14918068,1.2016606,0.03901413
37860000,9.981336,0.28086245,-5.08597,-0.14820573,1.2296693,0.044138085
37868000,9.98028,0.29073164,-5.0857325,-0.14719997,1.2575827,0.049091376
37876000,9.97923,0.3008221,-5.08546,-0.14623527,1.2853564,0.05388526
37884000,9.978186,0.3111327,-5.0851464,-0.14530928,1.3129911,0.058520183
37892000,9.977145,0.32166237,-5.084792,-0.14437933,1.3404624,0.06291735
37900000,9.976111,0.33240962,-5.0844183,-0.14343192,1.36773,0.067151636
37908000,9.975081,0.34337303,-5.0840063,-0.14250046,1.3948315,0.07126021
37916000,9.974057,0.35455146,-5.083558,-0.14148608,1.4217699,0.07514714
37924000,9.97304,0.36594352,-5.0830865,-0.14051886,1.4485532,0.07891393
37932000,9.972027,0.3775479,-5.0825896,-0.13955311,1.4751158,0.08248016
37940000,9.97102,0.3893628,-5.0820603,-0.13860685,1.5014338,0.08591819
37948000,9.970018,0.40138665,-5.0814996,-0.13769524,1.5276178,0.08913381
37956000,9.969022,0.41361803,-5.0809097,-0.13679112,1.553538,0.09214851
37964000,9.968031,0.4260551,-5.0803046,-0.13581526,1.5792705,0.09505621
37972000,9.967046,0.43869632,-5.079666,-0.13485217,1.6047934,0.09777214
37980000,9.966066,0.45154005,-5.0790024,-0.13391693,1.6300848,0.100303926
37988000,9.965092,0.46458468,-5.0783153,-0.13299868,1.6552031,0.10261239
37996000,9.964124,0.47782883,-5.077612,-0.13208944,1.6801236,0.10481043
38004000,9.9631605,0.4912706,-5.0768876,-0.13117418,1.704748,0.106843315
38012000,9.962203,0.5049078,-5.0761433,-0.13021725,1.729145,0.10875763
38020000,9.961252,0.5187385,-5.0753803,-0.12924796,1.7532555,0.11054616
38028000,9.960307,0.53276086,-5.0746207,-0.12831046,1.7771766,0.1122008
38036000,9.959368,0.546973,-5.0738444,-0.12737967,1.8007972,0.11363785
38044000,9.958434,0.56137246,-5.073053,-0.12645584,1.8241187,0.11498797
38052000,9.957507,0.5759572,-5.0722475,-0.12554078,1.8472087,0.11619691
38060000,9.956585,0.59072536,-5.0714445,-0.12462715,1.8700502,0.11730342
38068000,9.955669,0.605675,-5.070629,-0.12369792,1.8926432,0.118261434
38076000,9.95476,0.62080395,-5.069829,-0.12271648,1.914935,0.11909613
38084000,9.953856,0.6361099,-5.0690174,-0.121736616,1.936954,0.11982893
38092000,9.95296,0.6515909,-5.0681963,-0.120849915,1.9587314,0.120509095
38100000,9.952069,0.66724485,-5.067383,-0.11991043,1.9802178,0.12104375
38108000,9.951184,0.6830695,-5.0665603,-0.11904313,2.0014427,0.121521406
38116000,9.950305,0.6990628,-5.0657296,-0.118121654,2.02237,0.12192646
38124000,9.949432,0.71522236,-5.064905,-0.117278025,2.043055,0.12217473
38132000,9.948565,0.7315464,-5.064087,-0.11635053,2.063448,0.122377574
38140000,9.947704,0.74803233,-5.0632625,-0.115467586,2.0835416,0.12247075
38148000,9.946849,0.76467806,-5.062433,-0.114632815,2.1033862,0.12247823
38156000,9.945998,0.7814815,-5.0615983,-0.11377374,2.1229377,0.12244176
38164000,9.945154,0.7984405,-5.0607705,-0.112884514,2.1422546,0.12226146
38172000,9.944317,0.81555307,-5.0599365,-0.11205744,2.1612654,0.122050315
38180000,9.943483,0.8328167,-5.0590997,-0.11126287,2.180015,0.12178525
38188000,9.9426565,0.8502293,-5.0582604,-0.110424146,2.1984427,0.121475145
38196000,9.941834,0.86778873,-5.0574284,-0.109628886,2.2166555,0.121087305
38204000,9.941018,0.8854928,-5.056595,-0.10880518,2.2345643,0.12068122
38212000,9.9402075,0.9033393,-5.055761,-0.1079812,2.2522075,0.12016615
38220000,9.939403,0.9213263,-5.0549264,-0.10711326,2.2696009,0.11963414
38228000,9.938603,0.9394515,-5.0541043,-0.10622911,2.2867033,0.11903885
38236000,9.937811,0.957713,-5.0532827,-0.10538311,2.3035977,0.11840894
38244000,9.937024,0.97610855,-5.052462,-0.10460779,2.3201401,0.1176464
38252000,9.936242,0.9946359,-5.0516434,-0.10374787,2.336461,0.116970345
38260000,9.935466,1.0132931,-5.0508356,-0.102967076,2.3525367,0.11622085
38268000,9.934696,1.0320783,-5.0500293,-0.102125525,2.3683364,0.115407
38280000,9.933932,1.0509889,-5.049255,-0.1012977,2.3838534,0.11453051
38284000,9.933174,1.0700232,-5.048483,-0.10048691,2.3991497,0.11362909
38292000,9.932422,1.089179,-5.0477176,-0.09966882,2.4141912,0.11274323
38300000,9.931675,1.1084548,-5.046955,-0.098780066,2.428975,0.111786425
38308000,9.930935,1.1278483,-5.046196,-0.09796501,2.4435444,0.11084675
38316000,9.930201,1.1473577,-5.0454397,-0.09715921,2.4578357,0.10985102
38324000,9.929471,1.166981,-5.044684,-0.096325465,2.4719274,0.10888575
38332000,9.928748,1.1867164,-5.043932,-0.09557117,2.4857798,0.107888475
38340000,9.92803,1.2065623,-5.0431843,-0.09482598,2.4993768,0.10686346
38348000,9.927318,1.2265162,-5.042441,-0.094061606,2.5127459,0.10583854
38356000,9.92661,1.2465768,-5.041702,-0.09330233,2.5258906,0.104809
38364000,9.925908,1.266742,-5.040978,-0.09259359,2.5388193,0.10378205
38372000,9.925211,1.2870102,-5.040236,-0.09187887,2.5514796,0.10271099
38380000,9.92452,1.307379,-5.0394993,-0.091109246,2.5638928,0.1016674
38388000,9.923833,1.3278471,-5.038768,-0.09036413,2.576195,0.10062245
38396000,9.923152,1.3484129,-5.0380607,-0.089673504,2.5882196,0.09951786
38404000,9.922476,1.3690745,-5.037359,-0.08894267,2.6000307,0.098455735
38412000,9.921805,1.3898299,-5.036662,-0.08823409,2.6115754,0.09739321
38420000,9.92114,1.4106774,-5.0359707,-0.08747992,2.622951,0.09634342
38428000,9.920481,1.4316151,-5.035328,-0.086773954,2.6340942,0.095277436
38436000,9.919826,1.4526417,-5.03469,-0.08614118,2.6450305,0.09417111
38444000,9.919176,1.4737551,-5.034056,-0.085504,2.6557038,0.09310578
38452000,9.91853,1.4949541,-5.033427,-0.08477563,2.6663103,0.09207018
38460000,9.917891,1.5162371,-5.032822,-0.084010206,2.6766715,0.09099089
38468000,9.917257,1.5376029,-5.032222,-0.083248265,2.6868455,0.08987722
38476000,9.916628,1.5590501,-5.0315866,-0.08255858,2.6968439,0.08875247
38484000,9.916004,1.5805767,-5.030957,-0.0818633,2.706616,0.087637395
38492000,9.915385,1.6021808,-5.0303593,-0.08120128,2.716205,0.08661086
38500000,9.914771,1.6238614,-5.0297656,-0.080490924,2.7256148,0.08560255
38508000,9.914163,1.6456172,-5.0291767,-0.07983941,2.7348616,0.08458984
38516000,9.913559,1.6674465,-5.0285926,-0.079131044,2.7439287,0.08353382
38524000,9.91296,1.6893481,-5.0280356,-0.07847792,2.752859,0.08253241
38532000,9.912367,1.7113206,-5.027483,-0.077800594,2.7616084,0.08155127
38540000,9.911778,1.733363,-5.0269346,-0.07709524,2.7702155,0.08053538
38548000,9.911195,1.7554741,-5.0263906,-0.076433875,2.77864,0.07957821
38556000,9.910617,1.7776515,-5.025875,-0.07578123,2.7868361,0.07857856
38564000,9.910044,1.7998945,-5.025364,-0.07508648,2.7948856,0.077599086
38572000,9.909475,1.8222017,-5.024862,-0.07445219,2.8028407,0.07663545
38580000,9.908913,1.8445723,-5.0243635,-0.073799804,2.8106284,0.07563521
38588000,9.908354,1.8670045,-5.0238886,-0.073160626,2.8182442,0.07469693
38596000,9.907801,1.8894974,-5.0234175,-0.07247731,2.8256934,0.07371755
38604000,9.907252,1.9120497,-5.0229497,-0.07183421,2.8330007,0.07274682
38612000,9.906709,1.9346602,-5.0224853,-0.07115998,2.8401988,0.07184223
38620000,9.90617,1.9573283,-5.0220246,-0.07052991,2.8472867,0.0709514
38628000,9.905637,1.9800525,-5.0215907,-0.06991106,2.8542368,0.070070416
38636000,9.9051075,2.0028322,-5.0211596,-0.06931934,2.8610587,0.069153644
38644000,9.904583,2.025666,-5.020732,-0.06871012,2.8676927,0.0682599
38652000,9.904062,2.0485525,-5.0203066,-0.06812912,2.8742094,0.067388445
38660000,9.903547,2.0714908,-5.0199094,-0.06747121,2.8805845,0.06648667
38668000,9.903037,2.0944796,-5.0195146,-0.06683916,2.886819,0.06561422
38676000,9.902532,2.1175182,-5.0191255,-0.06622453,2.892946,0.06479929
38684000,9.90203,2.1406052,-5.0187383,-0.06562108,2.898906,0.06404645
38692000,9.901534,2.1637397,-5.018382,-0.06507068,2.9047902,0.06323499
38700000,9.901042,2.186921,-5.018027,-0.064479955,2.910564,0.062428903
38708000,9.900555,2.2101486,-5.0176735,-0.06387437,2.9163096,0.061639905
38716000,9.900071,2.2334216,-5.017322,-0.06330248,2.921872,0.060859386
38724000,9.899593,2.2567384,-5.017011,-0.062675074,2.9273095,0.06009699
38732000,9.89912,2.2800982,-5.0167007,-0.06203975,2.932637,0.05934612
38740000,9.898652,2.3035007,-5.0163913,-0.061484832,2.9378793,0.05857687
38748000,9.898188,2.326945,-5.0160823,-0.060929853,2.943032,0.057882816
38756000,9.897727,2.3504298,-5.0158,-0.060359962,2.9480183,0.057140037
38764000,9.897272,2.373954,-5.015518,-0.05982518,2.9529324,0.056369
38772000,9.896819,2.3975184,-5.015202,-0.059265174,2.9577649,0.0556847
38780000,9.896371,2.4211211,-5.0148864,-0.058665246,2.9625134,0.055075098
38788000,9.895928,2.444761,-5.0146008,-0.058127146,2.9671273,0.054362305
38796000,9.89549,2.4684374,-5.014316,-0.057534527,2.9716241,0.053721312
38804000,9.895055,2.4921496,-5.0140314,-0.057046425,2.976042,0.053149305
38812000,9.894624,2.515897,-5.0137467,-0.056523234,2.9803684,0.0526064
38820000,9.8941965,2.5396786,-5.013493,-0.055995513,2.9846694,0.0520059
38828000,9.893774,2.563494,-5.0132427,-0.055457585,2.9888432,0.05134293
38836000,9.893356,2.5873425,-5.012992,-0.054948334,2.9929328,0.050724406
38844000,9.892941,2.611224,-5.0127406,-0.054392956,2.9969628,0.050157137
38852000,9.892531,2.6351364,-5.0125217,-0.05386327,3.000868,0.04950815
38860000,9.892126,2.65908,-5.012302,-0.05334994,3.0046885,0.048910264
38868000,9.891724,2.683054,-5.012081,-0.052787974,3.0084596,0.04833151
38876000,9.891328,2.7070568,-5.0119176,-0.052269507,3.0121024,0.047702376
38884000,9.890935,2.7310882,-5.011752,-0.05174767,3.0156682,0.04712651
38892000,9.890547,2.755148,-5.011615,-0.051201332,3.0192447,0.04657309
38900000,9.890163,2.7792358,-5.0114746,-0.050663456,3.0227196,0.046017874
38908000,9.889783,2.8033514,-5.0113316,-0.05018137,3.0260992,0.045496292
38916000,9.889407,2.827494,-5.011186,-0.049662393,3.0294333,0.045031585
38924000,9.889035,2.8516624,-5.01106,-0.049138002,3.032678,0.04454958
38932000,9.888667,2.8758566,-5.0109315,-0.048650622,3.0358565,0.04408555
38940000,9.888303,2.9000762,-5.0107994,-0.04810809,3.038916,0.043640222
38948000,9.887942,2.9243197,-5.010664,-0.047565583,3.0419445,0.04323011
38956000,9.887588,2.9485865,-5.0105634,-0.047063056,3.0448663,0.042804904
38964000,9.887236,2.9728768,-5.010459,-0.046532888,3.0477664,0.042415604
38972000,9.886888,2.9971907,-5.01032,-0.046006788,3.0505893,0.042041432
38980000,9.886542,3.021527,-5.010178,-0.04546391,3.0533717,0.04164822
38988000,9.886203,3.0458848,-5.0100713,-0.045029826,3.0561154,0.04126387
38996000,9.885867,3.070264,-5.00996,-0.044526767,3.058788,0.040882137
39004000,9.885534,3.0946648,-5.0098457,-0.044006083,3.0613942,0.040526714
39012000,9.885205,3.119086,-5.009728,-0.043488692,3.0639565,0.040152874
39020000,9.884882,3.1435266,-5.009644,-0.04300909,3.0664415,0.03976689
39028000,9.884562,3.1679876,-5.0095487,-0.042545233,3.0689254,0.039419662
39036000,9.884244,3.192468,-5.009449,-0.042058405,3.071349,0.03911407
39044000,9.883931,3.2169673,-5.009346,-0.041535787,3.0736399,0.03876982
39052000,9.883622,3.241484,-5.0092773,-0.041053627,3.0758946,0.03850672
39060000,9.883318,3.2660184,-5.0092034,-0.040591862,3.0780866,0.038193323
39068000,9.883016,3.2905703,-5.0091257,-0.040115338,3.0801966,0.03789147
39076000,9.882718,3.315139,-5.0090446,-0.039645333,3.0823376,0.037564065
39084000,9.882424,3.3397233,-5.008996,-0.03920968,3.0843713,0.03725784
39092000,9.882134,3.364324,-5.0089426,-0.038748816,3.0863926,0.03699229
39100000,9.881847,3.388941,-5.008884,-0.038333423,3.0883834,0.036770727
39108000,9.881563,3.4135737,-5.0088205,-0.037946198,3.090332,0.03647483
39116000,9.881283,3.438221,-5.0087852,-0.037437472,3.0922463,0.036207322
39124000,9.881007,3.462883,-5.0087576,-0.03701646,3.0941305,0.035930857
39132000,9.880734,3.48756,-5.008724,-0.036539063,3.0959544,0.035652675
39140000,9.8804655,3.5122516,-5.0086856,-0.036020093,3.0978017,0.03536602
39148000,9.880199,3.536958,-5.008642,-0.03558421,3.0995467,0.035063628
39156000,9.879938,3.561677,-5.008621,-0.035120275,3.101195,0.03482804
39164000,9.87968,3.5864093,-5.0085945,-0.034690067,3.1029055,0.034608286
39172000,9.879425,3.6111555,-5.00856,-0.03425417,3.1045256,0.03436695
39180000,9.879173,3.635914,-5.00852,-0.033829965,3.1061082,0.034148466
39188000,9.878925,3.6606848,-5.0085,-0.033362716,3.1076534,0.033951342
39196000,9.878681,3.6854677,-5.0084743,-0.03292817,3.109169,0.033780307
39204000,9.87844,3.7102628,-5.008443,-0.032480016,3.110689,0.03354336
39212000,9.8782015,3.7350698,-5.008406,-0.03202678,3.1121008,0.033370107
39220000,9.877968,3.7598872,-5.0083866,-0.031590432,3.113554,0.03319139
39228000,9.877737,3.784716,-5.0083675,-0.031166362,3.1149025,0.033042666
39236000,9.87751,3.8095558,-5.0083423,-0.03067677,3.1163366,0.032862213
39244000,9.877287,3.8344069,-5.0083117,-0.030221544,3.1176836,0.032670382
39252000,9.877067,3.8592677,-5.008301,-0.029807378,3.1189833,0.03250562
39260000,9.87685,3.884139,-5.0082836,-0.029353295,3.1202967,0.03232401
39268000,9.876637,3.9090207,-5.0082607,-0.028856263,3.1215167,0.032158863
39276000,9.87643,3.9339092,-5.008297,-0.028412346,3.1227028,0.031960823
39284000,9.876226,3.9588068,-5.0083466,-0.028001312,3.12387,0.031823743
39292000,9.876025,3.9837136,-5.0083885,-0.027594179,3.1250134,0.03158917
39300000,9.875828,4.00863,-5.008424,-0.027167862,3.1261227,0.031419266
39308000,9.875633,4.0335546,-5.0084515,-0.026651852,3.1272087,0.031284504
39316000,9.875443,4.0584874,-5.008492,-0.026172677,3.1282737,0.031116419
39324000,9.875257,4.083429,-5.008523,-0.025767492,3.1292884,0.030961767
39332000,9.8750725,4.1083784,-5.0085464,-0.025317585,3.1302788,0.030842824
39340000,9.874892,4.133336,-5.008563,-0.024844764,3.131269,0.030740535
39348000,9.874717,4.1583004,-5.0085974,-0.02434142,3.132214,0.030635646
39356000,9.874544,4.183273,-5.0086246,-0.02387744,3.133162,0.030500414
39364000,9.874375,4.208253,-5.008644,-0.023453306,3.13412,0.03044184
39372000,9.874208,4.233241,-5.008638,-0.023040652,3.1349897,0.03025817
39380000,9.874045,4.2582355,-5.008647,-0.022672517,3.135846,0.030120436
39388000,9.873885,4.2832365,-5.0086493,-0.022254748,3.136728,0.029965699
39396000,9.873674,4.3082447,-5.008645,-0.021846812,3.1375957,0.02981164
39404000,9.873468,4.33326,-5.0086355,-0.021453688,3.1384223,0.029678483
39412000,9.873266,4.3582816,-5.0086193,-0.021074649,3.1391897,0.029557332
39420000,9.873069,4.3833084,-5.008615,-0.02066828,3.1399062,0.029393967
39428000,9.872876,4.4083414,-5.008605,-0.020190172,3.1406155,0.029280452
39436000,9.872687,4.4333797,-5.0085893,-0.0197596,3.1413116,0.02921461
39444000,9.872503,4.458424,-5.0085673,-0.019287903,3.1420166,0.029121034
39452000,9.872325,4.483473,-5.00856,-0.018818898,3.142686,0.029131956
39460000,9.87215,4.508527,-5.008546,-0.018408418,3.14333,0.029101431
39468000,9.871928,4.533586,-5.008525,-0.018025802,3.1439428,0.029055512
39476000,9.871711,4.5586505,-5.008501,-0.017667027,3.1445627,0.029060334
39484000,9.871498,4.583719,-5.008489,-0.01734125,3.1451178,0.029069943
39492000,9.87129,4.6087914,-5.0084705,-0.016988803,3.1456816,0.029046757
39500000,9.871088,4.6338687,-5.008446,-0.016639085,3.1462219,0.02896427
39508000,9.87089,4.6589503,-5.0084157,-0.016235564,3.146746,0.028901516
39516000,9.870696,4.6840353,-5.0083966,-0.015918504,3.1472666,0.028828466
39524000,9.870507,4.709125,-5.008368,-0.015554658,3.1477847,0.028696718
39532000,9.870322,4.734219,-5.0083346,-0.015170725,3.1483147,0.028560575
39540000,9.8700905,4.759318,-5.0082955,-0.014888279,3.148802,0.028452447
39548000,9.8698635,4.7844195,-5.0082607,-0.014622336,3.149287,0.028332673
39556000,9.869641,4.8095255,-5.008221,-0.014279379,3.149693,0.028247967
39564000,9.869425,4.834635,-5.0081763,-0.0139251975,3.1501474,0.028195761
39572000,9.869214,4.8597474,-5.0081306,-0.013626745,3.15055,0.028098924
39580000,9.869008,4.884863,-5.008089,-0.013274005,3.1509907,0.028010514
39588000,9.868807,4.909982,-5.0080423,-0.012883574,3.1513557,0.02793372
39596000,9.868611,4.9351044,-5.007991,-0.01249107,3.1517422,0.027860668
39604000,9.86837,4.96023,-5.007934,-0.012158216,3.1520748,0.02774848
39612000,9.8681345,4.985358,-5.0078807,-0.011846875,3.1524584,0.02768759
39620000,9.867905,5.010489,-5.007823,-0.0114948135,3.1527832,0.027566805
39628000,9.8676815,5.035623,-5.0077605,-0.011145837,3.153166,0.02750272
39636000,9.867463,5.0607605,-5.007693,-0.010802101,3.1534958,0.027536096
39648000,9.867251,5.0858994,-5.00763,-0.010420374,3.1537957,0.027450573
39652000,9.867046,5.1110415,-5.0075626,-0.01005937,3.154143,0.027325084
39660000,9.866847,5.136186,-5.007492,-0.009687568,3.1544085,0.027207188
39668000,9.8666525,5.1613326,-5.007417,-0.009345804,3.1546905,0.027104594
39676000,9.866412,5.1864843,-5.0073156,-0.009001769,3.1550074,0.026948767
39684000,9.8661785,5.2116375,-5.0072236,-0.008653883,3.155261,0.026823439
39692000,9.865952,5.2367926,-5.0071287,-0.008340443,3.1554694,0.026724588
39700000,9.86573,5.2619495,-5.0070305,-0.008001313,3.155691,0.026669417
39708000,9.865517,5.287108,-5.0069294,-0.0076603675,3.1559224,0.026553834
39716000,9.865309,5.312268,-5.0068383,-0.0073053567,3.1561623,0.026467638
39724000,9.865108,5.337431,-5.0067267,-0.0068981973,3.156369,0.026383279
39732000,9.864912,5.3625956,-5.006612,-0.006517558,3.156562,0.026279831
39740000,9.864723,5.3877616,-5.0064945,-0.006164498,3.1567633,0.026219225
39748000,9.864489,5.41293,-5.0063834,-0.005822294,3.1569142,0.026096305
39756000,9.864261,5.4380994,-5.0062695,-0.00545605,3.1570835,0.02598897
39764000,9.864041,5.46327,-5.0061536,-0.0051165563,3.1572556,0.025832525
39772000,9.863826,5.488446,-5.0059814,-0.004746528,3.1574025,0.025698667
39780000,9.863618,5.5136228,-5.0058208,-0.0044190637,3.157534,0.025612954
39788000,9.863417,5.5388,-5.0056586,-0.0040700547,3.157608,0.025560409
39796000,9.863222,5.5639772,-5.0054955,-0.003724104,3.1577055,0.025430009
39804000,9.863034,5.5891557,-5.0053315,-0.0032887443,3.1578007,0.025302403
39812000,9.862854,5.614334,-5.0051765,-0.0029320915,3.1578863,0.025192231
39820000,9.862627,5.639515,-5.00502,-0.002584171,3.157962,0.025083877
39828000,9.862409,5.6646957,-5.004867,-0.0021927324,3.1580203,0.024921618
39836000,9.862198,5.689877,-5.0047135,-0.0018301778,3.1581104,0.024778016
39844000,9.861995,5.715059,-5.004565,-0.001420901,3.1581876,0.024604
39852000,9.861799,5.740241,-5.0044155,-0.0009969274,3.158285,0.024417916
39860000,9.861611,5.7654243,-5.0042653,-0.0006030717,3.158372,0.024237989
39868000,9.861432,5.790608,-5.0041146,-0.00016828362,3.1584764,0.024053589
39876000,9.861261,5.8157887,-5.004014,0.00022285056,3.158594,0.023863416
39884000,9.861045,5.840973,-5.00391,0.00061898277,3.158711,0.0237062
39892000,9.860836,5.866157,-5.003805,0.001005867,3.158763,0.023459226
39900000,9.860636,5.891342,-5.003699,0.0014087744,3.1588507,0.02321437
39908000,9.860444,5.9165277,-5.003595,0.0018309933,3.1588893,0.022991065
39916000,9.860261,5.941714,-5.0034895,0.0021968186,3.1589053,0.022731876
39924000,9.860085,5.966901,-5.00337,0.0026314212,3.158933,0.022507316
39932000,9.859916,5.992088,-5.0032496,0.0030164896,3.158978,0.022331722
39940000,9.859755,6.017276,-5.0031285,0.0034552352,3.1589744,0.022118757
39948000,9.859602,6.0424633,-5.0030046,0.003922294,3.158998,0.021922933
39956000,9.859402,6.0676537,-5.0028787,0.004296248,3.159021,0.021731218
39964000,9.859211,6.092844,-5.002753,0.0047292206,3.1590514,0.0215238
39972000,9.859029,6.1180344,-5.0026293,0.00511098,3.1590455,0.021360233
39980000,9.858855,6.1432233,-5.0025153,0.00550015,3.1590295,0.021212721
39988000,9.85869,6.168412,-5.0024,0.0058885217,3.1589835,0.021120809
39996000,9.858534,6.193601,-5.0022836,0.0063507264,3.1589506,0.020947386
40004000,9.858385,6.2187896,-5.0021663,0.006808832,3.158934,0.020829132
40012000,9.858246,6.2439766,-5.0020614,0.007277153,3.1589131,0.02065638
40020000,9.858115,6.2691636,-5.001956,0.007838789,3.1588683,0.02044813
40028000,9.857937,6.2943535,-5.0018415,0.0082545,3.1588485,0.020236695
40036000,9.857768,6.3195434,-5.0017266,0.008702987,3.1588008,0.020090058
40044000,9.857609,6.344731,-5.0016303,0.009189841,3.1587377,0.019947123
40052000,9.857459,6.369918,-5.001533,0.009711385,3.1586847,0.01974627
40060000,9.857319,6.3951044,-5.001435,0.0102166105,3.1586409,0.019569382
40068000,9.857188,6.4202905,-5.001336,0.010718011,3.158576,0.019352641
40076000,9.857068,6.445475,-5.0012517,0.0112272315,3.1584954,0.019143866
40084000,9.856956,6.470659,-5.0011663,0.0117522925,3.1584396,0.018944157
40092000,9.856853,6.495842,-5.00108,0.012241223,3.1583784,0.018742712
40100000,9.856701,6.521028,-5.0009913,0.012718016,3.1583323,0.018586632
40108000,9.85656,6.5462117,-5.0009217,0.013235584,3.1582901,0.018364668
40116000,9.856428,6.571395,-5.000851,0.013769599,3.1581926,0.01816064
40124000,9.856307,6.596577,-5.000786,0.014288797,3.1581557,0.01799633
40132000,9.856196,6.621759,-5.000719,0.014828581,3.158092,0.017800648
40140000,9.856095,6.6469383,-5.000671,0.015325296,3.1579835,0.017622367
40148000,9.856005,6.6721168,-5.0006204,0.015880581,3.1578395,0.017492313
40156000,9.855923,6.697294,-5.000568,0.01646853,3.1577592,0.01727094
40164000,9.855792,6.722474,-5.0005136,0.017024338,3.1576436,0.017066088
40172000,9.855674,6.7476497,-5.0004983,0.017590089,3.1575155,0.016876249
40180000,9.855566,6.7728243,-5.0004807,0.018177113,3.1573806,0.016745798
40188000,9.85547,6.7979975,-5.00046,0.018764514,3.1572702,0.016553067
40196000,9.855383,6.82317,-5.0004377,0.019296834,3.1571708,0.016361708
40204000,9.855307,6.8483424,-5.000413,0.019846506,3.157092,0.016203607
40212000,9.855242,6.8735113,-5.000411,0.020398475,3.156979,0.016041078
40220000,9.855186,6.8986793,-5.0004067,0.020960163,3.1568186,0.015866917
40228000,9.855142,6.9238453,-5.000409,0.021581462,3.156617,0.015729563
40236000,9.855045,6.9490137,-5.000407,0.022131922,3.1564946,0.015580262
40244000,9.854961,6.974178,-5.0004344,0.022730956,3.156304,0.0154423155
40252000,9.854888,6.999341,-5.0004582,0.023360115,3.1561835,0.015302352
40260000,9.854827,7.024503,-5.0004787,0.023990124,3.1560874,0.015112454
40268000,9.854776,7.049665,-5.0004964,0.024590176,3.1559546,0.014952401
40276000,9.854738,7.074821,-5.0005546,0.025184138,3.155828,0.014792234
40284000,9.854711,7.0999765,-5.000609,0.0258141,3.1556723,0.014626512
40292000,9.854694,7.1251307,-5.0006585,0.026511693,3.1554852,0.014486306
40300000,9.85469,7.1502833,-5.000705,0.027193723,3.1552584,0.0144275315
40308000,9.854631,7.1754355,-5.000775,0.02784881,3.155045,0.014338473
40316000,9.854587,7.200587,-5.00084,0.02847761,3.1548197,0.014265709
40324000,9.854553,7.2257347,-5.0009084,0.029178146,3.154475,0.014123086
40332000,9.854531,7.2508802,-5.000972,0.029867945,3.1541111,0.014035377
40340000,9.854523,7.2760205,-5.001051,0.030521784,3.1537235,0.014005919
40348000,9.854526,7.301158,-5.0011244,0.031212796,3.1531863,0.013976319
40356000,9.854539,7.3262906,-5.0011926,0.031884544,3.1526475,0.013901442
40364000,9.854565,7.351419,-5.0012555,0.03257757,3.1520028,0.013836583
40372000,9.854601,7.3765435,-5.0013022,0.03326194,3.1512487,0.013768316
40380000,9.85458,7.4016666,-5.0013437,0.033863846,3.150362,0.013637389
40388000,9.854571,7.4267826,-5.0013814,0.03453478,3.1493661,0.013517776
40396000,9.854575,7.4518895,-5.0014157,0.035183996,3.148226,0.013372746
40404000,9.854592,7.4769855,-5.0014644,0.03582604,3.1469376,0.013221282
40412000,9.85462,7.5020704,-5.0015097,0.03645385,3.1455128,0.013086555
40420000,9.85466,7.5271435,-5.001551,0.037170578,3.1439466,0.012899873
40428000,9.854712,7.552205,-5.0015774,0.037881732,3.1422489,0.012705321
40436000,9.854775,7.5772505,-5.001619,0.03859345,3.140387,0.012468194
40444000,9.854784,7.602287,-5.001657,0.039257057,3.1383436,0.012201011
40452000,9.854805,7.6273055,-5.0016932,0.03994315,3.1361325,0.011938338
40460000,9.854838,7.652306,-5.001727,0.04063719,3.1337042,0.011635094
40468000,9.854885,7.6772866,-5.00176,0.041289236,3.1310892,0.01123271
40476000,9.854945,7.70224,-5.001835,0.041917995,3.1282449,0.010846035
40484000,9.855018,7.7271705,-5.001908,0.04263369,3.125193,0.010436219
40492000,9.855102,7.7520757,-5.0019794,0.043356866,3.1219473,0.009989351
40500000,9.855199,7.776954,-5.0020494,0.044053663,3.1184995,0.009608125
40508000,9.855309,7.801802,-5.0021415,0.044805013,3.1148355,0.009177133
40516000,9.855375,7.826628,-5.0022306,0.04547556,3.1109285,0.008747402
40524000,9.8554535,7.851423,-5.002314,0.04609827,3.1068237,0.00825935
40532000,9.855544,7.876184,-5.0023966,0.046686053,3.102469,0.0078026205
40540000,9.855648,7.900906,-5.002503,0.047380224,3.097835,0.007296842
40548000,9.855764,7.925591,-5.0026083,0.048022117,3.0930398,0.006769227
40556000,9.855891,7.9502363,-5.002713,0.048664685,3.0879314,0.006207568
40564000,9.856031,7.97484,-5.002817,0.049366266,3.0826163,0.005673772
40572000,9.856183,7.9993997,-5.0029273,0.050079722,3.0770671,0.005146043
40580000,9.856346,8.023914,-5.003037,0.050740086,3.0712736,0.004651222
40588000,9.856492,8.048396,-5.0031447,0.05130119,3.0652583,0.0040897
40596000,9.856649,8.072828,-5.0032525,0.051924195,3.0590281,0.0035231572
40604000,9.856819,8.097204,-5.0033984,0.05254549,3.052466,0.0029748064
40612000,9.857,8.121528,-5.0035434,0.053155806,3.0456998,0.0023803085
40620000,9.857193,8.145796,-5.0036883,0.053768598,3.0387013,0.0018016439
40628000,9.857396,8.17001,-5.0038185,0.054391477,3.031469,0.0011962922
40636000,9.857611,8.19416,-5.003979,0.055003207,3.0239785,0.0006194563
40644000,9.857836,8.21825,-5.004139,0.055585578,3.0162346,0.00010281259
40652000,9.85807,8.242278,-5.004298,0.05614904,3.0082438,-0.0004584056
40660000,9.858331,8.266261,-5.004455,0.056741133,3.0000353,-0.0010285561
40668000,9.858603,8.290174,-5.0046444,0.057321955,2.991521,-0.0016216703
40676000,9.858884,8.314014,-5.0048466,0.057913378,2.9827802,-0.002197509
40684000,9.859175,8.337786,-5.0050473,0.05853213,2.9737694,-0.0027094707
40692000,9.859475,8.361483,-5.005247,0.059143227,2.9645574,-0.003238434
40700000,9.859785,8.385103,-5.005468,0.059722226,2.9551356,-0.0037854933
40708000,9.860105,8.408647,-5.0056868,0.060328297,2.9454055,-0.004284822
40716000,9.860434,8.432112,-5.005904,0.0609441,2.9354317,-0.004791794
40724000,9.860839,8.455524,-5.006104,0.061561506,2.925249,-0.005215673
40732000,9.861252,8.478854,-5.0063024,0.062172502,2.9148145,-0.005616557
40740000,9.861672,8.502096,-5.0065174,0.06275712,2.9041712,-0.0059826956
40748000,9.8621,8.525253,-5.0067306,0.06333109,2.893345,-0.0063813836
40756000,9.8625345,8.548322,-5.006942,0.063934416,2.882225,-0.0067900876
40764000,9.862975,8.5713,-5.0071516,0.06445695,2.8709137,-0.0071356683
40772000,9.8634205,8.5941925,-5.007318,0.064987674,2.85938,-0.0074708685
40780000,9.863872,8.616991,-5.007484,0.06555052,2.847591,-0.007727469
40788000,9.864329,8.639694,-5.007648,0.066062815,2.8356314,-0.007983784
40796000,9.864917,8.662333,-5.0078087,0.06661278,2.8234653,-0.008221513
40804000,9.865507,8.684869,-5.007986,0.06717462,2.8111024,-0.008508419
40812000,9.866102,8.707305,-5.0081615,0.06772221,2.7985437,-0.0086893225
40820000,9.8667,8.729639,-5.0083346,0.0682869,2.7857442,-0.008848064
40832000,9.867302,8.751866,-5.008525,0.06884337,2.7727292,-0.0090249935
40840000,9.8679085,8.773987,-5.0087256,0.069333985,2.759525,-0.00919164
40848000,9.868518,8.796,-5.008923,0.069901235,2.7461324,-0.0093137575
40860000,9.869131,8.817904,-5.009118,0.07041345,2.7325664,-0.00946002
40864000,9.869747,8.8397,-5.0093102,0.07090459,2.7187696,-0.009586533
40872000,9.870547,8.861416,-5.009512,0.071515955,2.7048192,-0.0097266445
40880000,9.871348,8.883015,-5.0097322,0.07213144,2.690713,-0.009823704
40888000,9.872149,8.904499,-5.009949,0.07268397,2.676406,-0.0098982705
40896000,9.87295,8.925867,-5.0101624,0.0732507,2.6618583,-0.009985424
40904000,9.87375,8.947116,-5.010386,0.073792286,2.6471136,-0.010032927
40912000,9.87455,8.968245,-5.010606,0.07428348,2.6322353,-0.010098005
40920000,9.875349,8.989253,-5.010822,0.07483041,2.6171794,-0.010115395
40928000,9.876148,9.010142,-5.011019,0.075427316,2.6020052,-0.010073337
40936000,9.876947,9.030907,-5.0112224,0.07591861,2.5866184,-0.010046007
40944000,9.877979,9.051581,-5.011418,0.07646868,2.5711544,-0.009934662
40952000,9.879006,9.072131,-5.011609,0.07703791,2.5555286,-0.009829985
40960000,9.880028,9.092553,-5.0117955,0.07758987,2.5397153,-0.009747536
40968000,9.881044,9.112845,-5.0119867,0.0781043,2.5237734,-0.009593748
40976000,9.882058,9.133004,-5.0122037,0.07858425,2.5076983,-0.0094263535
40984000,9.883097,9.153045,-5.0124445,0.07911805,2.4914806,-0.009286836
40992000,9.884123,9.172952,-5.0126724,0.07958251,2.4751213,-0.009076841
41000000,9.885139,9.192722,-5.0128903,0.08005751,2.4586346,-0.008828616
41008000,9.886447,9.212391,-5.013095,0.08064399,2.4420786,-0.008601259
41016000,9.887736,9.231923,-5.01329,0.08120673,2.4253654,-0.008339849
41024000,9.889011,9.251315,-5.0135,0.081704736,2.4084783,-0.008038347
41036000,9.890272,9.27057,-5.013695,0.08224394,2.3915057,-0.0077931588
41044000,9.891519,9.289686,-5.013882,0.08277123,2.374454,-0.0075207595
41052000,9.892754,9.308664,-5.0140615,0.0832241,2.3572323,-0.0072092526
41060000,9.893977,9.327502,-5.014234,0.083662584,2.3398702,-0.006949756
41068000,9.89519,9.3462,-5.014396,0.08407822,2.322447,-0.0066061285
41076000,9.896391,9.364759,-5.014534,0.08446,2.304895,-0.0063428977
41084000,9.897915,9.383203,-5.0146627,0.08501262,2.2872982,-0.0060576145
41092000,9.899422,9.401502,-5.0147867,0.08556113,2.2696059,-0.0057613906
41100000,9.900913,9.419658,-5.0149074,0.08604387,2.2518382,-0.005442627
41108000,9.902389,9.43767,-5.0150223,0.08656279,2.233925,-0.0050731776
41116000,9.903849,9.455537,-5.015132,0.08705068,2.2159595,-0.004673483
41124000,9.905294,9.473257,-5.0152354,0.087465644,2.197868,-0.0042966926
41132000,9.906726,9.490832,-5.0153327,0.087863,2.1797376,-0.0039238483
41140000,9.908142,9.508262,-5.0154195,0.08827711,2.1614826,-0.0034799133
41148000,9.90992,9.525559,-5.0154977,0.08881361,2.1431243,-0.0030722956
41156000,9.911676,9.542709,-5.0155706,0.08931884,2.124734,-0.0026769778
41164000,9.913411,9.5597105,-5.015639,0.089764684,2.1062775,-0.0022957122
41172000,9.915126,9.576561,-5.015709,0.090158276,2.0877182,-0.0018444033
41180000,9.91682,9.593262,-5.0157733,0.09054801,2.0691192,-0.0013917421
41188000,9.918589,9.609828,-5.0158525,0.09099143,2.0505066,-0.00092167
41196000,9.920315,9.626238,-5.0159264,0.09137127,2.0318007,-0.00048788957
41204000,9.922004,9.642495,-5.0159907,0.09171374,2.0130866,-7.943109e-05
41212000,9.923659,9.658598,-5.016047,0.09201817,1.9942874,0.0003576243
41220000,9.9257145,9.674557,-5.0160923,0.09250252,1.9753957,0.00076951657
41228000,9.927731,9.690357,-5.0161595,0.09291069,1.9564773,0.00116435
41236000,9.929711,9.706004,-5.0162187,0.09336061,1.9374641,0.0016450013
41244000,9.931658,9.721497,-5.016271,0.093751855,1.9184974,0.0020809262
41252000,9.933575,9.736836,-5.016316,0.09403272,1.8995124,0.0025700303
41260000,9.935461,9.752022,-5.016354,0.09428893,1.8803992,0.002997177
41268000,9.93732,9.767052,-5.016394,0.09454195,1.8612647,0.003490773
41276000,9.939153,9.781922,-5.016456,0.094801076,1.8421043,0.004017168
41284000,9.941409,9.7966385,-5.0165076,0.09526998,1.8229564,0.00447696
41292000,9.94363,9.8112,-5.0165524,0.09562525,1.8037965,0.0049095647
41300000,9.945818,9.825606,-5.0165997,0.09597809,1.784599,0.005360473
41308000,9.947973,9.839859,-5.0166397,0.096320234,1.765358,0.0057933293
41316000,9.950097,9.853956,-5.0166736,0.09660704,1.7461503,0.0061817165
41324000,9.95219,9.867899,-5.0167117,0.09683387,1.7268995,0.0065850266
41332000,9.954255,9.881684,-5.016755,0.09700979,1.7075651,0.0069971625
41340000,9.956289,9.895314,-5.0167923,0.09721913,1.6882043,0.0074673803
41348000,9.958295,9.908789,-5.0168223,0.0973465,1.6689068,0.007911717
41356000,9.960749,9.922098,-5.0168433,0.09763213,1.6496195,0.008328465
41364000,9.963164,9.935252,-5.016863,0.09792952,1.6303889,0.008764767
41372000,9.965542,9.948255,-5.0168657,0.09815436,1.6110787,0.009161322
41380000,9.967883,9.9611025,-5.0168633,0.098350175,1.5918168,0.009595017
41388000,9.970188,9.973796,-5.0168543,0.09845499,1.572521,0.010051214
41396000,9.972459,9.986335,-5.016843,0.098542064,1.5532638,0.01052926
41404000,9.974693,9.998719,-5.016825,0.09856263,1.5340073,0.0109871635
41412000,9.976894,10.010951,-5.0168014,0.09858483,1.5147952,0.011411307
41420000,9.979062,10.023027,-5.0167723,0.098540835,1.4955415,0.011778829
41428000,9.981704,10.034926,-5.016755,0.09872481,1.4763479,0.012195192
41436000,9.984302,10.046673,-5.0167317,0.09883247,1.4571775,0.01263475
41444000,9.986856,10.058267,-5.016702,0.09890027,1.4380255,0.013053239
41452000,9.98937,10.069708,-5.016667,0.09897592,1.4188693,0.013463352
41460000,9.991843,10.080995,-5.0166354,0.098961115,1.3997444,0.013897051
41468000,9.994275,10.092131,-5.0165977,0.098881945,1.3806916,0.014302839
41476000,9.996669,10.103112,-5.016568,0.09876123,1.361678,0.014712634
41484000,9.9990225,10.113942,-5.0165315,0.0986061,1.3426437,0.015145028
41492000,10.001338,10.124618,-5.016505,0.09840116,1.3236064,0.0155143235
41500000,10.004144,10.135112,-5.0164695,0.09838399,1.3046678,0.015918957
41508000,10.006902,10.145457,-5.0164285,0.09831348,1.28577,0.016326644
41516000,10.00961,10.155652,-5.0163813,0.098216064,1.2668594,0.016734319
41524000,10.012272,10.165699,-5.0163226,0.0980693,1.2479627,0.017125601
41532000,10.014887,10.175594,-5.016268,0.097851366,1.2292024,0.017497621
41540000,10.017457,10.185341,-5.016207,0.09757354,1.2104512,0.017822051
41548000,10.019981,10.19494,-5.016141,0.09734605,1.1917666,0.018182604
41556000,10.022462,10.204391,-5.0160694,0.09700479,1.173177,0.01848754
41564000,10.025448,10.2136545,-5.0159974,0.096870504,1.1545845,0.01878601
41572000,10.02838,10.222766,-5.0159593,0.09667547,1.1360592,0.019061128
41580000,10.031259,10.231732,-5.0159144,0.096418336,1.1176207,0.01938622
41588000,10.034084,10.240554,-5.015864,0.09611582,1.0991948,0.019723196
41596000,10.036859,10.2492285,-5.01582,0.09578438,1.0808569,0.020078968
41604000,10.039581,10.257758,-5.01577,0.09540276,1.0625598,0.020412125
41612000,10.0422535,10.266145,-5.0157137,0.094959736,1.0443265,0.02069381
41620000,10.044875,10.274387,-5.015652,0.0944755,1.0261937,0.020968636
41628000,10.04745,10.282482,-5.0156155,0.09392607,1.0081012,0.021192325
41636000,10.050543,10.290391,-5.0155716,0.09355755,0.9901051,0.021497788
41644000,10.053576,10.298158,-5.015521,0.09314954,0.97216636,0.021837631
41652000,10.05655,10.305785,-5.0154643,0.09276344,0.9543209,0.022087513
41660000,10.059467,10.3132715,-5.015416,0.09227105,0.9365598,0.022392133
41668000,10.062328,10.320619,-5.015362,0.09172946,0.91885227,0.02267081
41676000,10.065132,10.327829,-5.0152917,0.09111963,0.9012034,0.023011971
41684000,10.067881,10.334901,-5.0152154,0.09045141,0.8835861,0.023277598
41692000,10.070575,10.341832,-5.0151515,0.08971376,0.86606973,0.023518015
41700000,10.073216,10.348626,-5.015082,0.08898282,0.8486127,0.023735538
41708000,10.076386,10.355233,-5.015006,0.08839528,0.8312643,0.023948748
41716000,10.079492,10.361706,-5.014925,0.08775017,0.8140116,0.02417957
41724000,10.082534,10.368041,-5.014857,0.087030604,0.796864,0.024401342
41732000,10.085513,10.374245,-5.0147834,0.08632679,0.7798204,0.024566473
41740000,10.088431,10.380315,-5.0147047,0.08558607,0.76284295,0.024746394
41748000,10.091289,10.386253,-5.014621,0.08469794,0.74592584,0.024932593
41756000,10.094086,10.392057,-5.014552,0.08383165,0.7290896,0.025199398
41764000,10.096825,10.39773,-5.0144773,0.082866386,0.71236384,0.025425741
41772000,10.0995035,10.403274,-5.0143895,0.08179412,0.69573784,0.025658237
41780000,10.10272,10.408634,-5.0142956,0.08107166,0.67922693,0.025788728
41788000,10.105867,10.413867,-5.0141973,0.080253534,0.6627489,0.025955357
41796000,10.108948,10.41897,-5.0141134,0.07935628,0.6464111,0.026202725
41804000,10.111959,10.423947,-5.0140233,0.07837808,0.6301341,0.026373882
41812000,10.114905,10.428799,-5.013929,0.07732815,0.61394024,0.02649451
41820000,10.117785,10.433525,-5.013829,0.07624819,0.5978715,0.026684254
41828000,10.120602,10.4381275,-5.013721,0.07513015,0.58195263,0.026867589
41836000,10.123354,10.442608,-5.013608,0.07396753,0.56614625,0.027064139
41844000,10.126643,10.446908,-5.0134897,0.073008806,0.5504358,0.027304048
41852000,10.129857,10.451089,-5.0133667,0.07193332,0.5348195,0.027473615
41860000,10.132998,10.455149,-5.01325,0.070833616,0.5193051,0.027538786
41868000,10.136067,10.45909,-5.013129,0.06969547,0.50388867,0.027647067
41876000,10.139065,10.462913,-5.0130076,0.06850146,0.4885533,0.027774513
41884000,10.141992,10.466617,-5.012882,0.067241564,0.47334725,0.027886203
41892000,10.144851,10.470203,-5.012765,0.0659452,0.45827743,0.028003616
41900000,10.147641,10.473674,-5.0126433,0.064589895,0.4432968,0.028116036
41908000,10.150365,10.477029,-5.0125175,0.06311687,0.4284536,0.028227834
41916000,10.1536255,10.480212,-5.0123878,0.061872028,0.41360667,0.028321918
41924000,10.15681,10.483279,-5.0122795,0.06064385,0.39894274,0.028337013
41932000,10.159916,10.486235,-5.0121675,0.059385475,0.38441062,0.028344946
41940000,10.162947,10.48908,-5.0120516,0.057957772,0.36997822,0.028399196
41948000,10.165902,10.491816,-5.0119314,0.056470074,0.35566223,0.028467916
41956000,10.168784,10.494441,-5.011814,0.05502055,0.34145415,0.028495643
41964000,10.171594,10.496959,-5.0116925,0.05351966,0.32738554,0.028589325
41972000,10.174334,10.499364,-5.0116,0.05195781,0.31345186,0.028656363
41980000,10.177002,10.501663,-5.0115027,0.050262928,0.2995701,0.028686244
41988000,10.180207,10.503797,-5.011415,0.04881622,0.28582639,0.028718118
41996000,10.183331,10.505827,-5.011322,0.047365926,0.27216768,0.028792908
42004000,10.186374,10.507754,-5.0112247,0.045878403,0.2587005,0.028774548
42012000,10.189339,10.509581,-5.0111237,0.044376425,0.24532203,0.028773034
42020000,10.192226,10.511302,-5.0110416,0.04279352,0.23201038,0.028735874
42028000,10.195038,10.512922,-5.0109615,0.04109588,0.21886566,0.028677538
42036000,10.197773,10.514443,-5.010877,0.039363142,0.20586197,0.02865846
42044000,10.200434,10.515866,-5.0107884,0.037574466,0.19300957,0.028647041
42052000,10.203022,10.517192,-5.010696,0.0357285,0.18021493,0.028603053
42060000,10.206141,10.51836,-5.0106287,0.034079142,0.16754907,0.028611774
42068000,10.209176,10.519434,-5.0105567,0.032412138,0.15503868,0.028608944
42076000,10.21213,10.520406,-5.0105577,0.030617084,0.1426507,0.0285395
42084000,10.215002,10.521284,-5.0105524,0.028829128,0.13032469,0.028424231
42092000,10.217793,10.522067,-5.0105734,0.027034914,0.1183542,0.029619506
42100000,10.220508,10.522765,-5.010546,0.025493095,0.10772613,0.039005447
42108000,10.223146,10.523389,-5.010409,0.024144024,0.09818084,0.05508358
42116000,10.225714,10.523945,-5.010117,0.022903567,0.08943279,0.07568919
42124000,10.228803,10.524383,-5.00966,0.021982249,0.08129904,0.09945276
42132000,10.231812,10.524763,-5.0089965,0.021183658,0.0735232,0.12531865
42140000,10.234742,10.52509,-5.008114,0.020388586,0.06607065,0.15244974
42148000,10.237596,10.525364,-5.0070047,0.019582214,0.058832563,0.18028106
42156000,10.2403755,10.525583,-5.0057006,0.018701255,0.051759556,0.20826471
42164000,10.243082,10.525753,-5.004166,0.017845998,0.044836916,0.23598555
42172000,10.245714,10.52588,-5.0023437,0.016989296,0.03802677,0.2631934
42180000,10.248276,10.525958,-5.000302,0.016076086,0.031266272,0.28950503
42188000,10.250769,10.525985,-4.9980783,0.015111893,0.024587601,0.31485167
42196000,10.253777,10.525912,-4.9956512,0.014410111,0.018033639,0.33919802
42204000,10.256705,10.525794,-4.993027,0.01369284,0.011587155,0.3627295
42212000,10.259557,10.525631,-4.9902124,0.013046037,0.005239072,0.3854439
42220000,10.262333,10.525422,-4.987243,0.012265331,-0.0009813942,0.40727448
42228000,10.265035,10.525169,-4.9840927,0.0115863085,-0.0070362603,0.4281006
42236000,10.267665,10.524875,-4.9807744,0.010907951,-0.012935617,0.4478991
42244000,10.270224,10.52454,-4.977296,0.010194129,-0.018672952,0.46673062
42252000,10.272715,10.524163,-4.973688,0.009501992,-0.024299534,0.48461542
42260000,10.275138,10.5237465,-4.969935,0.008795305,-0.029754158,0.5016818
42268000,10.278063,10.523245,-4.9660435,0.008312847,-0.035017464,0.5178235
42276000,10.2809105,10.522709,-4.9620194,0.007878045,-0.040091395,0.53311473
42284000,10.283685,10.522137,-4.9578915,0.0075156623,-0.04495726,0.5476207
42292000,10.286386,10.521532,-4.953645,0.0071177674,-0.049705207,0.56133676
42300000,10.289015,10.520897,-4.9492865,0.006745611,-0.054287285,0.57431144
42308000,10.2915745,10.520231,-4.9448214,0.006352419,-0.058663536,0.58659965
42316000,10.294067,10.519537,-4.9402547,0.006030315,-0.06288134,0.5982901
42324000,10.296494,10.518813,-4.9356074,0.0057103387,-0.066926554,0.60932523
42332000,10.298856,10.518064,-4.930869,0.005353587,-0.07080789,0.61973387
42340000,10.301655,10.517254,-4.9260454,0.0052359654,-0.07447044,0.6295668
42348000,10.304381,10.516421,-4.9211397,0.0052120285,-0.0779898,0.63883615
42356000,10.307038,10.515566,-4.916163,0.0051432583,-0.081393585,0.6476587
42364000,10.309627,10.514689,-4.911113,0.0051192576,-0.084705226,0.6559554
42372000,10.312148,10.513791,-4.906015,0.0051029595,-0.08784481,0.6637903
42380000,10.314606,10.512874,-4.9008512,0.0050716344,-0.09079892,0.67118293
42388000,10.316999,10.511938,-4.8956223,0.0050672875,-0.09361734,0.6781677
42396000,10.319331,10.510986,-4.8903337,0.0051003946,-0.096315145,0.68473643
42404000,10.321987,10.509998,-4.8849897,0.005268424,-0.09882708,0.6909102
42412000,10.324576,10.508997,-4.8795934,0.005430401,-0.10123788,0.6966972
42420000,10.327099,10.507981,-4.8741417,0.0055638836,-0.103579484,0.7021855
42428000,10.329556,10.506954,-4.868629,0.0056894133,-0.10573058,0.70736563
42436000,10.331952,10.505914,-4.863072,0.0058189984,-0.10776669,0.71220416
42444000,10.334287,10.504864,-4.8574734,0.0059361593,-0.109681405,0.71675915
42452000,10.336562,10.503802,-4.8518367,0.006144892,-0.11150731,0.7210603
42460000,10.338779,10.502731,-4.846163,0.006328324,-0.11323035,0.72507596
42468000,10.34094,10.501651,-4.840454,0.006519946,-0.11481893,0.72883034
42476000,10.343323,10.500554,-4.8347135,0.0068597905,-0.116387516,0.7324101
42484000,10.345646,10.499449,-4.8289375,0.007235679,-0.11791115,0.7357942
42492000,10.347912,10.498336,-4.8231325,0.0075836894,-0.119300514,0.73892266
42500000,10.350121,10.497216,-4.8173,0.007843267,-0.120579064,0.7418442
42508000,10.352275,10.49609,-4.811442,0.008131171,-0.121805884,0.74456155
42516000,10.354374,10.494959,-4.805554,0.008479836,-0.12293784,0.74712795
42524000,10.356422,10.493822,-4.799651,0.008795736,-0.12398919,0.74955755
42532000,10.358419,10.492681,-4.793727,0.009107097,-0.12501171,0.7517453
42540000,10.360367,10.491535,-4.787783,0.009435431,-0.12595136,0.75378543
42548000,10.362445,10.490383,-4.781819,0.009767656,-0.12677978,0.7557377
42556000,10.3644705,10.489228,-4.775837,0.010114656,-0.12758873,0.7575564
42564000,10.3664465,10.48807,-4.7698383,0.010516239,-0.12833326,0.75925916
42572000,10.368374,10.486909,-4.763824,0.010887976,-0.12901595,0.7608083
42580000,10.3702545,10.485746,-4.757796,0.011269954,-0.12965117,0.7622463
42588000,10.3720875,10.484582,-4.751741,0.011585001,-0.13029505,0.7636375
42596000,10.373875,10.483415,-4.7456737,0.01189801,-0.13085544,0.76491916
42604000,10.375619,10.482247,-4.7395945,0.01229533,-0.13132206,0.7661053
42612000,10.377319,10.481078,-4.7335043,0.012692102,-0.13174677,0.76715696
42620000,10.379097,10.479909,-4.7273984,0.013101485,-0.13213213,0.7681461
42628000,10.380831,10.47874,-4.7212834,0.013462438,-0.13252579,0.7690824
42636000,10.382523,10.47757,-4.7151594,0.01382182,-0.1329185,0.76992613
42644000,10.384172,10.476398,-4.7090273,0.014223826,-0.13326672,0.77072245
42652000,10.385782,10.475227,-4.70288,0.014543822,-0.13355242,0.77139974
42660000,10.387351,10.474057,-4.696725,0.014866343,-0.13382022,0.77214646
42668000,10.388883,10.472887,-4.6905637,0.015231081,-0.1340648,0.7727563
42676000,10.390378,10.471715,-4.684439,0.015555714,-0.13433102,0.7732018
42684000,10.391904,10.470547,-4.6782975,0.0158823,-0.13449864,0.773687
42692000,10.3933935,10.469378,-4.6721506,0.01620971,-0.13466649,0.7740773
42700000,10.394846,10.468211,-4.665999,0.016573552,-0.13482504,0.7744933
42708000,10.396263,10.467045,-4.659842,0.016846152,-0.13490114,0.774803
42716000,10.397645,10.46588,-4.653669,0.017143985,-0.1350218,0.77506137
42724000,10.398993,10.464716,-4.647494,0.017420381,-0.13507526,0.775386
42732000,10.400307,10.463553,-4.6413155,0.017669229,-0.13517322,0.77559865
42740000,10.401588,10.462393,-4.6351337,0.017964015,-0.1351779,0.77581686
42748000,10.402839,10.461233,-4.62893,0.018271886,-0.13517877,0.7759185
42756000,10.404102,10.460078,-4.6227245,0.01856836,-0.13518368,0.7760425
42764000,10.4053335,10.458924,-4.616518,0.018797085,-0.13514802,0.77611274
42772000,10.406535,10.457773,-4.61031,0.019049706,-0.13507476,0.7761503
42780000,10.407706,10.456623,-4.6040783,0.019383274,-0.1350287,0.77622247
42788000,10.40885,10.455476,-4.5978465,0.01966573,-0.1349456,0.7762749
42796000,10.409965,10.45433,-4.591614,0.019924197,-0.13492903,0.77629554
42804000,10.411052,10.453187,-4.5853815,0.02015702,-0.13484748,0.77630943
42812000,10.412112,10.452045,-4.5791297,0.020410784,-0.13473019,0.77622396
42820000,10.413147,10.450906,-4.572879,0.02067876,-0.13465063,0.77612436
42828000,10.414181,10.449771,-4.566634,0.02087678,-0.13457042,0.7761174
42836000,10.415189,10.448639,-4.56039,0.021116655,-0.1344051,0.7760188
42844000,10.416173,10.447509,-4.5541472,0.021305356,-0.13426648,0.7758714
42852000,10.417131,10.446381,-4.5478935,0.021425473,-0.13414253,0.7756898
42860000,10.418066,10.445255,-4.541642,0.02164173,-0.13396151,0.7755576
42868000,10.418977,10.444132,-4.5353923,0.021838328,-0.13378331,0.7753689
42876000,10.419867,10.443011,-4.5291452,0.022042835,-0.13365282,0.7751217
42884000,10.420733,10.441893,-4.5228844,0.022231191,-0.13346343,0.774919
42892000,10.421578,10.440777,-4.5166264,0.022398436,-0.13331558,0.7747399
42900000,10.422416,10.439666,-4.510371,0.022625938,-0.13315307,0.7745558
42908000,10.423233,10.438558,-4.504118,0.02279515,-0.13298774,0.77427924
42916000,10.42403,10.437451,-4.4978557,0.023003694,-0.13279293,0.7740582
42924000,10.424809,10.436348,-4.4916415,0.023195937,-0.1326058,0.7738802
42932000,10.425569,10.435247,-4.4854293,0.0233468,-0.13238238,0.77362484
42940000,10.42631,10.434149,-4.4792194,0.023487853,-0.13218918,0.77333665
42948000,10.427032,10.433053,-4.4730043,0.023653528,-0.13196087,0.773018
42956000,10.427737,10.43196,-4.466792,0.023825817,-0.13172747,0.7727346
42964000,10.42843,10.430873,-4.460582,0.023917664,-0.13145314,0.7724642
42972000,10.429106,10.4297905,-4.4544144,0.024017787,-0.13117872,0.77218103
42980000,10.429765,10.428709,-4.448231,0.024149649,-0.13097276,0.7718579
42988000,10.430408,10.42763,-4.44205,0.02427292,-0.13083029,0.77149135
42996000,10.431034,10.426554,-4.435871,0.024430662,-0.13063356,0.77118045
43004000,10.431645,10.425479,-4.4296947,0.024556164,-0.13037744,0.77080643
43012000,10.432241,10.424407,-4.4235106,0.024647567,-0.13016388,0.7705391
43020000,10.432822,10.423337,-4.417329,0.024721468,-0.1298806,0.77018607
43028000,10.433389,10.42227,-4.4111495,0.024858728,-0.12967141,0.7698595
43036000,10.433942,10.421208,-4.4049735,0.024923967,-0.12944093,0.769474
43044000,10.434481,10.420149,-4.398789,0.02503476,-0.12914747,0.76909226
43052000,10.435006,10.419092,-4.3926077,0.02515006,-0.1288471,0.76873636
43060000,10.435518,10.418038,-4.3864293,0.025281375,-0.12858951,0.7684065
43068000,10.436019,10.416987,-4.3802533,0.025391402,-0.12834927,0.7680895
43076000,10.436506,10.415937,-4.3740616,0.025457393,-0.12809543,0.7677527
43084000,10.436981,10.41489,-4.3678737,0.025557611,-0.1278288,0.76742
43092000,10.437445,10.413845,-4.3616886,0.025617687,-0.12761031,0.7670966
43100000,10.437897,10.412803,-4.355507,0.025632564,-0.12738755,0.76675165
43108000,10.4383335,10.411765,-4.3493285,0.025703691,-0.12712047,0.7664772
43116000,10.43876,10.41073,-4.34314,0.025728162,-0.12682532,0.7661549
43124000,10.439175,10.4096985,-4.336955,0.025815869,-0.12655842,0.76587397
43132000,10.439581,10.4086685,-4.330774,0.025947563,-0.12632936,0.76556
43140000,10.439976,10.40764,-4.324595,0.026002798,-0.12609687,0.76532155
43148000,10.440362,10.406614,-4.3184075,0.026059762,-0.12588222,0.7649338
43156000,10.440738,10.40559,-4.3122244,0.026065089,-0.12566546,0.76454926
43164000,10.441104,10.404568,-4.306045,0.02612626,-0.12542373,0.76424557
43172000,10.4414625,10.403551,-4.2999096,0.026185323,-0.12513867,0.7639585
43180000,10.441808,10.402539,-4.293757,0.026202394,-0.124818355,0.76357716
43188000,10.442143,10.40153,-4.2876077,0.026241433,-0.1245373,0.76326513
43196000,10.4424715,10.400523,-4.2814612,0.026264025,-0.12427312,0.76295227
43204000,10.442792,10.399518,-4.2753177,0.026284872,-0.12396953,0.76265395
43212000,10.443103,10.398515,-4.26916,0.026340947,-0.12367724,0.7623522
43220000,10.443407,10.397514,-4.2630053,0.026397673,-0.123453096,0.76204896
43228000,10.443704,10.396515,-4.256854,0.026461165,-0.12322135,0.76172024
43236000,10.443994,10.395518,-4.2507067,0.02649507,-0.12299463,0.7613936
43244000,10.444269,10.3945265,-4.244555,0.026537396,-0.12276303,0.7609985
43252000,10.444538,10.393537,-4.238407,0.026588596,-0.12248459,0.76063585
43260000,10.4448,10.3925495,-4.2322636,0.026631305,-0.12221195,0.76024836
43268000,10.445056,10.391564,-4.2261243,0.026659027,-0.121969916,0.75989985
43276000,10.445307,10.39058,-4.2199826,0.026719814,-0.12170232,0.75957906
43284000,10.44555,10.3896,-4.2138443,0.026728734,-0.1214059,0.7592277
43292000,10.445788,10.38862,-4.2077103,0.026681926,-0.121170536,0.7588247
43300000,10.44602,10.387644,-4.2015805,0.026714155,-0.12090426,0.7585034
43308000,10.446246,10.386669,-4.195449,0.026749076,-0.120625764,0.7581726
43316000,10.446461,10.3857,-4.189321,0.026731096,-0.1203601,0.7578687
43324000,10.44667,10.384733,-4.1831965,0.026720801,-0.1200871,0.7575321
43332000,10.446874,10.383769,-4.1770763,0.026730582,-0.119801596,0.75720286
43340000,10.447073,10.382807,-4.1709595,0.026739987,-0.11953921,0.7568002
43348000,10.447268,10.381847,-4.164847,0.026721003,-0.11929923,0.75641817
43356000,10.447457,10.380889,-4.1587386,0.026716627,-0.11906726,0.75603354
43364000,10.447642,10.379932,-4.152634,0.026745176,-0.118834145,0.75571555
43372000,10.447824,10.37898,-4.146539,0.026782878,-0.11858276,0.7554383
43380000,10.448001,10.378029,-4.1404557,0.026817257,-0.118329935,0.7551559
43388000,10.448169,10.377084,-4.1343756,0.026875904,-0.11805615,0.7547883
43396000,10.448333,10.376142,-4.1282988,0.026875436,-0.11779108,0.7544474
43404000,10.448493,10.375201,-4.1222253,0.026915176,-0.11754476,0.7541553
43412000,10.448651,10.374265,-4.1161733,0.026937079,-0.11727754,0.75382173
43420000,10.448806,10.37333,-4.110124,0.02694449,-0.117037855,0.7535542
43428000,10.4489565,10.372399,-4.104086,0.02693528,-0.116715424,0.75325286
43436000,10.449104,10.37147,-4.0980506,0.026920864,-0.116449244,0.75297457
43444000,10.449248,10.370545,-4.0920315,0.02690719,-0.11618659,0.75268686
43452000,10.449389,10.369622,-4.0860147,0.026902217,-0.115894236,0.7523975
43460000,10.449522,10.368705,-4.0799994,0.02686574,-0.11562012,0.75211495
43468000,10.449651,10.367789,-4.073986,0.026854753,-0.11544934,0.7518001
43476000,10.449778,10.366878,-4.067993,0.026831143,-0.11513704,0.7515252
43484000,10.449902,10.365969,-4.0620008,0.02687762,-0.114760816,0.7512629
43492000,10.450024,10.365063,-4.0560102,0.026860856,-0.1145027,0.7509686
43500000,10.450142,10.364158,-4.0500207,0.026851175,-0.114265256,0.7506734
43508000,10.450259,10.3632555,-4.044045,0.026839836,-0.11406331,0.75039476
43516000,10.450373,10.362355,-4.03807,0.026762323,-0.11380924,0.7500985
43524000,10.4504795,10.361461,-4.0320997,0.026742447,-0.11362668,0.7498299
43532000,10.450583,10.360567,-4.02613,0.026731856,-0.11340077,0.74954164
43540000,10.450686,10.359676,-4.020166,0.026713267,-0.113176666,0.7492861
43548000,10.450787,10.358787,-4.0142026,0.02665759,-0.11292752,0.74894196
43556000,10.450884,10.357898,-4.0082407,0.02665555,-0.11265811,0.7486722
43564000,10.45098,10.357012,-4.0022798,0.026699051,-0.112319656,0.7483682
43572000,10.451075,10.356128,-3.9963164,0.02670154,-0.11202247,0.7480717
43580000,10.451168,10.355245,-3.990354,0.026717763,-0.11178223,0.7478019
43588000,10.45126,10.354363,-3.9843926,0.026700884,-0.11156644,0.74756396
43596000,10.451344,10.353488,-3.9784327,0.026676886,-0.11131755,0.7473062
43604000,10.451426,10.352613,-3.9724708,0.026690457,-0.11109632,0.7470474
43612000,10.451507,10.35174,-3.9665098,0.026662584,-0.110881545,0.7467664
43620000,10.451587,10.350868,-3.9605503,0.02668107,-0.11068284,0.7465309
43628000,10.451665,10.3499975,-3.9545918,0.026637228,-0.110451564,0.74634695
43636000,10.451742,10.349129,-3.9486337,0.026622737,-0.110176675,0.7462242
43644000,10.4518175,10.348261,-3.9426742,0.02659862,-0.10992816,0.7459765
43652000,10.451892,10.347395,-3.936716,0.026599716,-0.10970087,0.74575996
43660000,10.451965,10.34653,-3.930759,0.026582394,-0.109487034,0.7455535
43668000,10.452036,10.345672,-3.9248028,0.026622672,-0.109220006,0.74539137
43676000,10.452105,10.344815,-3.9188547,0.026662154,-0.10893431,0.7452095
43684000,10.452173,10.343962,-3.912908,0.026681393,-0.10868146,0.7449666
43692000,10.452242,10.343109,-3.906962,0.026624365,-0.108436346,0.7447782
43700000,10.452309,10.342258,-3.9010167,0.026623918,-0.108210534,0.74460036
43708000,10.452374,10.341409,-3.895071,0.026609888,-0.10795104,0.7443494
43716000,10.45244,10.340561,-3.8891268,0.02666225,-0.10763977,0.744133
43724000,10.452506,10.339723,-3.8832269,0.026686545,-0.10739661,0.7439098
43732000,10.452572,10.338886,-3.877327,0.026619993,-0.1071123,0.74370456
43740000,10.45263,10.338057,-3.871429,0.026569176,-0.10682224,0.74353665
43748000,10.452688,10.337228,-3.865531,0.026571503,-0.10651682,0.74334323
43756000,10.452746,10.336401,-3.8596325,0.026555376,-0.10623704,0.74314123
43764000,10.452804,10.335576,-3.853734,0.02656614,-0.10598709,0.7429666
43772000,10.452861,10.334752,-3.8478322,0.026592983,-0.10570283,0.7427391
43780000,10.452918,10.33393,-3.8419313,0.026612038,-0.105436064,0.742491
43788000,10.452974,10.333108,-3.8360305,0.026618645,-0.10521795,0.74223816
43796000,10.453031,10.332289,-3.83013,0.026621012,-0.104880646,0.74205804
43804000,10.453081,10.331474,-3.8242235,0.026598785,-0.10461944,0.74188334
43812000,10.453132,10.330662,-3.8183172,0.026585577,-0.104370326,0.7416371
43820000,10.453182,10.32985,-3.8124118,0.026648883,-0.1041831,0.7414724
43828000,10.453234,10.329046,-3.8065395,0.026656222,-0.10393202,0.7413253
43836000,10.453285,10.328244,-3.8006659,0.0266654,-0.10371118,0.7411671
43844000,10.453337,10.327442,-3.7947915,0.026687903,-0.10348352,0.7409625
43852000,10.453388,10.326642,-3.788917,0.026650898,-0.103277504,0.7407394
43860000,10.453439,10.325843,-3.7830424,0.0266565,-0.103026465,0.7406095
43868000,10.45349,10.325046,-3.7771735,0.026655521,-0.10277878,0.7404694
43876000,10.453538,10.324255,-3.7713058,0.026647843,-0.10251842,0.7403062
43884000,10.453585,10.323466,-3.7654374,0.02665109,-0.10222879,0.74011
43892000,10.453632,10.322679,-3.7595687,0.026611384,-0.10199115,0.7399712
43900000,10.453679,10.321892,-3.7536993,0.026590297,-0.10176241,0.73983085
43908000,10.453727,10.32111,-3.7478437,0.026584964,-0.10151659,0.7396828
43916000,10.453774,10.320329,-3.7419877,0.026633296,-0.101272196,0.739487
43924000,10.453823,10.3195505,-3.7361379,0.02661774,-0.10102477,0.7392827
43932000,10.453871,10.318773,-3.7302876,0.026640803,-0.100746594,0.73912555
43940000,10.45392,10.318002,-3.7244532,0.026619356,-0.10045025,0.73900914
43948000,10.453966,10.317237,-3.7186182,0.026580976,-0.1002017,0.738804
43956000,10.454012,10.316472,-3.7127821,0.026447278,-0.09999767,0.7386247
43964000,10.454057,10.315709,-3.7069452,0.026407307,-0.099764585,0.73845005
43972000,10.454102,10.314951,-3.701127,0.02638497,-0.09950768,0.7383324
43980000,10.454147,10.314195,-3.6953073,0.026418915,-0.09924713,0.73820764
43988000,10.454194,10.313438,-3.6894858,0.026377529,-0.098959826,0.7380526
43996000,10.45424,10.312684,-3.683663,0.026370244,-0.09868454,0.7379334
44004000,10.454287,10.311933,-3.6778414,0.026392188,-0.09842292,0.7377583
44012000,10.454334,10.311181,-3.672019,0.026438616,-0.09814371,0.7376038
44020000,10.454379,10.310435,-3.6661952,0.026457015,-0.097893596,0.737441
44028000,10.454425,10.309691,-3.66037,0.026452012,-0.0976675,0.7373648
44036000,10.45447,10.308948,-3.654541,0.026395505,-0.097388096,0.7372751
44044000,10.454515,10.308205,-3.6487105,0.026385196,-0.09712707,0.7372141
44052000,10.454561,10.307464,-3.6428783,0.02636889,-0.09683826,0.7371589
44060000,10.454608,10.306724,-3.6370444,0.026341084,-0.096571125,0.7370495
44068000,10.454654,10.305983,-3.6312027,0.026329396,-0.09632967,0.7369146
44076000,10.4547,10.3052435,-3.6253605,0.026293756,-0.09614706,0.7367573
44084000,10.454747,10.304509,-3.6195173,0.026275162,-0.09591509,0.7366902
44092000,10.454793,10.303776,-3.6136732,0.026233094,-0.09567435,0.73658085
44100000,11.198751,25.286264,-3.607819,0.040313073,4.7955785,0.7630807
44108000,11.19891,25.325823,-3.601745,0.0402864,4.7957873,0.76295197
44116000,11.199072,25.3666,-3.595664,0.040271986,4.795949,0.76277816
44124000,11.199239,25.408556,-3.5895789,0.040250737,4.796182,0.7620288
44132000,11.199251,25.44827,-3.5834756,0.04019067,4.7964015,0.76115364
44140000,11.19927,25.489197,-3.5773718,0.040122442,4.7966285,0.7600604
44148000,11.199296,25.531301,-3.571269,0.040052187,4.7968864,0.7588962
44156000,11.199329,25.574549,-3.5651677,0.03998822,4.7971897,0.7577252
44164000,11.1993685,25.618908,-3.559068,0.03989801,4.7974634,0.7565682
44172000,11.199333,25.661106,-3.552963,0.039598633,4.7976804,0.75527596
44180000,11.199305,25.704447,-3.5468616,0.039359868,4.7978735,0.754055
44188000,11.199281,25.748894,-3.5407639,0.039119136,4.798132,0.75287634
44196000,11.199264,25.794418,-3.534669,0.038916506,4.798421,0.75180644
44204000,11.199075,25.838156,-3.5285845,0.038692556,4.7985063,0.7503875
44212000,11.198895,25.88299,-3.5225074,0.03847981,4.798594,0.7490695
44220000,11.198727,25.928885,-3.5164375,0.03822595,4.7987094,0.74772453
44228000,11.198566,25.97581,-3.510375,0.037944432,4.7988443,0.74642235
44236000,11.198457,26.02104,-3.5043352,0.03762678,4.7988734,0.74486816
44244000,11.198353,26.067318,-3.4983063,0.03733426,4.798847,0.7434319
44252000,11.198256,26.114613,-3.4922876,0.03706783,4.798849,0.7420246
44260000,11.198161,26.161646,-3.486286,0.036755554,4.798865,0.74067307
44268000,11.19807,26.20578,-3.4803333,0.036416452,4.7988267,0.73908615
44276000,11.19798,26.249743,-3.4744003,0.036100764,4.798765,0.7375796
44284000,11.197891,26.293537,-3.4684858,0.035813216,4.798753,0.736116
44292000,11.197804,26.337168,-3.4625893,0.0355168,4.798782,0.73482955
44300000,11.197696,26.378035,-3.4567318,0.03513872,4.79878,0.7333848
44308000,11.197588,26.418823,-3.450893,0.03478993,4.798784,0.7320626
44316000,11.197481,26.459538,-3.4450712,0.03448633,4.798819,0.7308638
44324000,11.197375,26.500175,-3.4392874,0.034164816,4.7988105,0.7296724
44332000,11.197239,26.538124,-3.4335446,0.033857778,4.798791,0.7284867
44340000,11.1971035,26.576077,-3.427818,0.033505738,4.798812,0.7273969
44348000,11.19697,26.614037,-3.4221063,0.033177458,4.798812,0.726392
44356000,11.196838,26.652,-3.416409,0.032847103,4.7988496,0.72544783
44364000,11.196675,26.687378,-3.4107456,0.03265119,4.7988086,0.7244844
44372000,11.196516,26.722836,-3.4051132,0.032449715,4.798755,0.7235726
44380000,11.196361,26.75837,-3.399493,0.032217123,4.7987385,0.72281283
44388000,11.196209,26.79398,-3.3938842,0.03205766,4.798731,0.7221275
44396000,11.196073,26.827095,-3.3882818,0.03196027,4.798653,0.7215364
44404000,11.19594,26.860352,-3.3826892,0.03185052,4.7985816,0.72090584
44412000,11.195812,26.893751,-3.377106,0.031756792,4.7985477,0.7204233
44420000,11.195689,26.927284,-3.3715305,0.0316321,4.798475,0.720039
44428000,11.195571,26.96095,-3.3659658,0.031509515,4.798364,0.7197577
44436000,11.19543,26.99206,-3.360407,0.03147775,4.7982173,0.7194821
44444000,11.195295,27.023369,-3.3548539,0.03140224,4.798169,0.71925104
44452000,11.195166,27.054874,-3.3493056,0.031360663,4.7981386,0.71905744
44460000,11.195044,27.08657,-3.3437614,0.031364735,4.7980766,0.7189838
44468000,11.194919,27.11579,-3.3381963,0.031518817,4.7978425,0.7189359
44476000,11.194802,27.145262,-3.3326595,0.031654116,4.7976546,0.718916
44484000,11.1946945,27.174982,-3.327124,0.031691797,4.7975216,0.71896446
44492000,11.194592,27.204945,-3.3215897,0.031716846,4.797374,0.71897566
44500000,11.19448,27.232529,-3.3160238,0.03180875,4.797078,0.71912533
44508000,11.194375,27.260414,-3.3104572,0.03197596,4.796859,0.71933943
44516000,11.19428,27.288595,-3.3048897,0.032104246,4.7966046,0.7195974
44524000,11.194192,27.317059,-3.2993226,0.03222305,4.7963467,0.71987826
44532000,11.194091,27.343185,-3.2937295,0.03234626,4.7960453,0.72012687
44540000,11.193999,27.369656,-3.2881348,0.032532353,4.7957487,0.7203796
44548000,11.193916,27.396458,-3.2825384,0.032699082,4.7954926,0.72065544
44556000,11.193843,27.423586,-3.2769396,0.03282728,4.7952595,0.7209378
44564000,11.193753,27.448433,-3.2713103,0.033022642,4.7948427,0.7212406
44572000,11.193673,27.473658,-3.2656786,0.03312189,4.7945,0.72156054
44580000,11.193602,27.499252,-3.260044,0.033259485,4.7941356,0.7218471
44588000,11.19354,27.525204,-3.2544062,0.03336259,4.793801,0.72221977
44596000,11.193455,27.548923,-3.2487335,0.033512335,4.7934036,0.72256577
44604000,11.193379,27.573057,-3.2430573,0.033665862,4.793042,0.72294533
44612000,11.193315,27.59759,-3.2373776,0.033818297,4.7926574,0.72327185
44620000,11.193258,27.622509,-3.2316945,0.03397234,4.7922573,0.7236073
44628000,11.193193,27.64524,-3.225968,0.034171227,4.791886,0.72401047
44636000,11.193138,27.668413,-3.2202375,0.034319438,4.79154,0.72443694
44644000,11.193092,27.692013,-3.214503,0.03441412,4.791208,0.7247743
44652000,11.193056,27.716028,-3.2087653,0.034591857,4.790949,0.72511804
44660000,11.193,27.73788,-3.202988,0.034718197,4.79052,0.7254289
44668000,11.192953,27.760197,-3.1972072,0.034889244,4.790064,0.7258094
44676000,11.192916,27.782963,-3.1914227,0.035078213,4.789667,0.72616315
44684000,11.192888,27.80617,-3.185635,0.035230976,4.789296,0.72647154
44692000,11.192869,27.829803,-3.1798444,0.03538733,4.7889037,0.7267123
44700000,11.19286,27.851198,-3.1740334,0.035629164,4.788448,0.72694576
44708000,11.19286,27.873072,-3.1682198,0.0358012,4.788033,0.72717625
44716000,11.192867,27.89541,-3.162404,0.035989795,4.787649,0.72732526
44724000,11.192883,27.9182,-3.156608,0.036109667,4.7872534,0.72748345
44732000,11.192915,27.938755,-3.150783,0.036246803,4.786691,0.7276304
44740000,11.192954,27.959808,-3.1449559,0.03638813,4.7861686,0.7278211
44748000,11.193001,27.98135,-3.1391263,0.036591552,4.7856655,0.72802883
44756000,11.193055,28.003365,-3.1332943,0.036751624,4.7851763,0.72813636
44764000,11.193119,28.023159,-3.1274457,0.036932204,4.784585,0.72822726
44772000,11.19319,28.043472,-3.1216435,0.037076727,4.783988,0.72828436
44780000,11.193266,28.064295,-3.115839,0.037215788,4.7834063,0.72833186
44788000,11.193349,28.08561,-3.1100323,0.037369523,4.7828317,0.7283601
44796000,11.193447,28.104712,-3.10424,0.037492096,4.7820973,0.7283124
44804000,11.193551,28.124353,-3.0984457,0.037650798,4.78142,0.728293
44812000,11.19366,28.14452,-3.0926497,0.037786912,4.7807436,0.7282063
44820000,11.193774,28.165195,-3.0868526,0.037917558,4.780102,0.72813827
44828000,11.193918,28.183678,-3.0810647,0.038019426,4.779371,0.7279873
44836000,11.194067,28.202719,-3.0752761,0.038121738,4.7786584,0.7278663
44844000,11.194219,28.2223,-3.0694866,0.03820025,4.7779737,0.7277637
44852000,11.194374,28.242407,-3.063696,0.038302034,4.777305,0.72764367
44860000,11.194549,28.26035,-3.057897,0.038410682,4.7765183,0.72748125
44868000,11.194726,28.278864,-3.0520978,0.038508352,4.775731,0.7273915
44876000,11.194907,28.297934,-3.046305,0.038604625,4.774952,0.72724336
44884000,11.19509,28.317543,-3.0405116,0.03870408,4.774191,0.7271086
44892000,11.195271,28.335009,-3.0347166,0.03879566,4.773393,0.7269483
44900000,11.195455,28.353062,-3.0289214,0.03892469,4.772609,0.72681075
44908000,11.195641,28.371681,-3.0231261,0.039037272,4.7718,0.72665346
44916000,11.19583,28.390854,-3.0173306,0.039139528,4.771016,0.72653353
44924000,11.196023,28.407904,-3.0115602,0.039234128,4.7701073,0.7262979
44932000,11.196218,28.42555,-3.0057895,0.03935965,4.7692657,0.72610825
44940000,11.196416,28.443775,-3.0000193,0.03946268,4.768411,0.72586465
44948000,11.196616,28.462563,-2.9942496,0.0395617,4.767659,0.7256098
44956000,11.196818,28.4819,-2.9884803,0.039682023,4.7668586,0.7253904
44964000,11.197046,28.49906,-2.9827163,0.03977245,4.7660165,0.7251756
44972000,11.197275,28.516815,-2.9769528,0.039836466,4.7651834,0.7249688
44980000,11.197505,28.535145,-2.9711895,0.03989152,4.76437,0.7248025
44988000,11.197736,28.554035,-2.9654262,0.039956436,4.7635775,0.72464633
44996000,11.198002,28.570776,-2.959654,0.040025473,4.7626796,0.7244592
45004000,11.198268,28.588121,-2.9538825,0.040068872,4.761833,0.72428864
45012000,11.198534,28.606052,-2.9481118,0.040149808,4.7610087,0.72410434
45020000,11.1988,28.624556,-2.9423418,0.040194914,4.7601957,0.723888
45028000,11.199106,28.640924,-2.936572,0.04025472,4.7592573,0.7236933
45036000,11.199411,28.657906,-2.9308033,0.04033112,4.7583017,0.72351414
45044000,11.199717,28.675486,-2.9250357,0.040460482,4.757437,0.72332716
45052000,11.200021,28.693644,-2.919269,0.04056378,4.756604,0.7231481
45060000,11.200367,28.709682,-2.913513,0.0406376,4.7556105,0.7229887
45068000,11.200712,28.726343,-2.9077578,0.040723633,4.75468,0.7228483
45076000,11.201056,28.74361,-2.9020033,0.04081508,4.7537766,0.72266203
45084000,11.201397,28.761465,-2.89625,0.04092263,4.752893,0.72248733
45092000,11.2017765,28.777197,-2.8904986,0.041046698,4.7518435,0.72231454
45100000,11.202154,28.793558,-2.8847485,0.04111513,4.7508464,0.7221399
45108000,11.202529,28.810534,-2.8789997,0.041243907,4.749889,0.7219114
45116000,11.202903,28.828104,-2.8732524,0.04136406,4.7489557,0.7217188
45124000,11.203275,28.846256,-2.8675206,0.04147902,4.748054,0.7215716
45132000,11.203677,28.862228,-2.861797,0.041610964,4.747,0.7213526
45140000,11.204078,28.878824,-2.8560743,0.04170865,4.7459536,0.72119343
45148000,11.204475,28.896025,-2.850352,0.041896444,4.744967,0.72105545
45156000,11.204896,28.911133,-2.844634,0.042057578,4.743827,0.7208954
45164000,11.205314,28.92689,-2.838917,0.042171095,4.7427206,0.7207331
45172000,11.205729,28.943274,-2.8332005,0.042331416,4.7416654,0.72057915
45180000,11.206141,28.960268,-2.8274848,0.042478338,4.740654,0.7204191
45188000,11.206577,28.97519,-2.8217602,0.0426412,4.7394934,0.72023714
45196000,11.20701,28.99076,-2.8160367,0.04281302,4.7383566,0.72008735
45204000,11.20744,29.006966,-2.8103144,0.04294482,4.73729,0.7198836
45212000,11.207869,29.023787,-2.804593,0.043118473,4.736255,0.71979123
45220000,11.208294,29.041204,-2.7988725,0.04327511,4.7352414,0.7196205
45228000,11.208735,29.056501,-2.7931385,0.043367404,4.7341056,0.71950763
45236000,11.209174,29.072437,-2.7874117,0.043508887,4.733011,0.71619326
45244000,11.20961,29.088995,-2.781785,0.043598242,4.7319493,0.694068
45252000,11.210043,29.10616,-2.7763865,0.043688823,4.7310514,0.6603403
45260000,11.210508,29.121204,-2.7712688,0.04379482,4.7299714,0.62199897
45268000,11.21097,29.136896,-2.7664654,0.043935258,4.728885,0.5820251
45276000,11.211428,29.153217,-2.7619855,0.044013992,4.727611,0.54122424
45284000,11.211883,29.170147,-2.7578368,0.04408444,4.726002,0.49927944
45292000,11.212372,29.18495,-2.7540808,0.04404966,4.7237086,0.45584288
45300000,11.212856,29.200396,-2.7506793,0.04385569,4.7208004,0.41044092
45308000,11.213333,29.21646,-2.7476492,0.04349756,4.7171454,0.3627531
45316000,11.213801,29.233114,-2.745008,0.042919133,4.7126975,0.3131655
45324000,11.214289,29.247623,-2.742948,0.042147685,4.707072,0.2622151
45332000,11.214764,29.262753,-2.7412941,0.041112486,4.700504,0.21064527
45340000,11.215225,29.278473,-2.7400494,0.039912853,4.693081,0.15889208
45348000,11.215671,29.29476,-2.7392151,0.038529422,4.684704,0.10695729
45356000,11.216112,29.30886,-2.7391276,0.03690176,4.6750927,0.054204233
45364000,11.216535,29.323553,-2.7394526,0.03512199,4.6645217,0.0012464183
45372000,11.216937,29.33881,-2.740243,0.033125512,4.6530113,-0.05166797
45380000,11.217319,29.354607,-2.7414439,0.030879686,4.640446,-0.1042849
45388000,11.217686,29.368195,-2.7435372,0.028354032,4.6267247,-0.15708525
45396000,11.218027,29.382347,-2.7460303,0.025666768,4.6121216,-0.20945157
45404000,11.218341,29.397036,-2.7489212,0.022806767,4.5966,-0.2614902
45412000,11.218627,29.412235,-2.7522066,0.019737158,4.5802107,-0.3130616
45420000,11.218886,29.425175,-2.7564232,0.016386734,4.562706,-0.364923
45428000,11.219113,29.43865,-2.761024,0.012924969,4.5443773,-0.4164875
45436000,11.219307,29.452639,-2.7660067,0.00925888,4.5252395,-0.4678037
45444000,11.219466,29.467112,-2.7713716,0.005449365,4.505377,-0.5189844
45452000,11.219602,29.479267,-2.777669,0.0014252533,4.484349,-0.570503
45460000,11.219699,29.491936,-2.7843394,-0.0028103031,4.4625564,-0.6218469
45468000,11.219757,29.505093,-2.7913828,-0.0071343035,4.440121,-0.6730683
45476000,11.219776,29.518715,-2.7988298,-0.011588668,4.417007,-0.724183
45484000,11.219759,29.532778,-2.8066492,-0.01620024,4.3932605,-0.7752091
45492000,11.219696,29.544403,-2.8153536,-0.021053039,4.368361,-0.8267119
45500000,11.219589,29.556498,-2.8244247,-0.026053509,4.342949,-0.8781704
45508000,11.219437,29.569042,-2.8338635,-0.03114204,4.3170085,-0.9295131
45516000,11.21924,29.582014,-2.8436697,-0.036406007,4.2905154,-0.98077315
45524000,11.218985,29.59251,-2.8543448,-0.04180241,4.262969,-1.0323749
45532000,11.218682,29.603464,-2.8653812,-0.0473246,4.2349734,-1.0838956
45540000,11.21833,29.614853,-2.8767793,-0.05296711,4.206524,-1.1353151
45548000,11.21793,29.626654,-2.8885393,-0.058750395,4.17767,-1.1866645
45556000,11.217461,29.635946,-2.9011154,-0.06471515,4.147791,-1.2383615
45564000,11.21694,29.645685,-2.9140484,-0.07070777,4.1175632,-1.2900312
45572000,11.216368,29.655846,-2.9273396,-0.07683064,4.0869145,-1.3416291
45580000,11.215743,29.666409,-2.9409893,-0.082992606,4.05595,-1.3931468
45588000,11.215008,29.674438,-2.9554408,-0.08938363,4.024055,-1.4450977
45596000,11.21422,29.682903,-2.9702477,-0.095868565,3.9917874,-1.4972725
45604000,11.213376,29.691782,-2.9854112,-0.10244299,3.9592595,-1.5490655
45612000,11.212479,29.701054,-3.0009277,-0.108978555,3.9266026,-1.6001134
45620000,11.21147,29.707743,-3.0172338,-0.11568269,3.8931863,-1.6504805
45628000,11.210421,29.71486,-3.033881,-0.122377925,3.8597672,-1.699561
45636000,11.209316,29.722391,-3.0508509,-0.12903307,3.8262985,-1.7473264
45644000,11.208158,29.730312,-3.068135,-0.13574167,3.7927632,-1.7939516
45652000,11.206886,29.735643,-3.0861452,-0.14266063,3.7583573,-1.8398246
45660000,11.205558,29.7414,-3.1044486,-0.14965864,3.723579,-1.8846979
45668000,11.204172,29.747559,-3.1230395,-0.15672621,3.6883602,-1.9288603
45676000,11.202728,29.754099,-3.1419425,-0.1639934,3.6525493,-1.9723551
45684000,11.201166,29.758022,-3.1615198,-0.17153162,3.6152995,-2.0156662
45692000,11.199542,29.762352,-3.1813676,-0.17927963,3.577162,-2.0584915
45700000,11.197875,29.767061,-3.2014842,-0.18715064,3.5381,-2.1009119
45708000,11.196144,29.772121,-3.221868,-0.19527437,3.4979458,-2.1429787
45716000,11.194286,29.774529,-3.2428877,-0.20373303,3.4563127,-2.183759
45724000,11.192361,29.777313,-3.2641463,-0.21224988,3.4141579,-2.2216702
45732000,11.190367,29.780453,-3.2856193,-0.2208333,3.371876,-2.2560103
45740000,11.188305,29.783926,-3.307277,-0.22934672,3.3296952,-2.2861903
45748000,11.186175,29.787718,-3.3290858,-0.23785564,3.2876732,-2.311848
45756000,11.183903,29.788792,-3.3513386,-0.24653211,3.2452822,-2.3332195
45764000,11.181587,29.790226,-3.3736672,-0.25499856,3.2033212,-2.3499718
45772000,11.179205,29.792007,-3.3960361,-0.26333007,3.1618586,-2.3621535
45780000,11.176758,29.794123,-3.4184113,-0.27144998,3.1210537,-2.369986
45788000,11.174166,29.793526,-3.4410207,-0.27967176,3.080147,-2.3737628
45796000,11.17151,29.793312,-3.4635675,-0.28775027,3.0399513,-2.373675
45804000,11.168792,29.793467,-3.4860237,-0.2957052,3.0003855,-2.3699484
45812000,11.166014,29.793976,-3.5083623,-0.30357033,2.9613893,-2.362921
45820000,11.163083,29.791777,-3.5307257,-0.31146333,2.922211,-2.353052
45828000,11.160093,29.789982,-3.5529242,-0.31929225,2.8835769,-2.3405056
45836000,11.157075,29.788572,-3.5749385,-0.32684603,2.8454323,-2.32545
45844000,11.154,29.787537,-3.5967512,-0.3343262,2.8077118,-2.3082325
45852000,11.150781,29.783804,-3.6183712,-0.34198222,2.7695343,-2.289165
45860000,11.147505,29.780487,-3.6397614,-0.3496018,2.7316072,-2.2684166
45868000,11.144172,29.777573,-3.6609106,-0.35712942,2.6940649,-2.246258
45876000,11.140783,29.77504,-3.6818116,-0.36462876,2.6567461,-2.22278
45884000,11.137254,29.769823,-3.7023172,-0.3722805,2.6188412,-2.197988
45892000,11.133668,29.765034,-3.7225578,-0.37989524,2.5811243,-2.1722608
45900000,11.130025,29.76065,-3.7425272,-0.38752666,2.543484,-2.14566
45908000,11.126327,29.756655,-3.7622201,-0.39514264,2.5059352,-2.1182601
45916000,11.122494,29.750008,-3.78137,-0.40297943,2.4677234,-2.0899434
45924000,11.118604,29.74379,-3.8002384,-0.410855,2.4295664,-2.0611002
45932000,11.114656,29.737978,-3.818822,-0.41869122,2.3914256,-2.031844
45940000,11.110652,29.732557,-3.8371186,-0.42655894,2.3532515,-2.0021894
45948000,11.106516,29.724508,-3.8547735,-0.43463612,2.3144171,-1.9719678
45956000,11.102323,29.716887,-3.8721433,-0.44268408,2.2755518,-1.9415092
45964000,11.09807,29.709673,-3.8892274,-0.4507644,2.2366662,-1.9108756
45972000,11.09376,29.702847,-3.9060254,-0.45890328,2.1976383,-1.8802253
45980000,11.089329,29.693413,-3.9221392,-0.46723387,2.1579087,-1.8492453
45988000,11.084837,29.684404,-3.937974,-0.47559536,2.1180782,-1.8183204
45996000,11.080285,29.675798,-3.9535313,-0.48398387,2.0781572,-1.7875037
46004000,11.075672,29.667578,-3.968812,-0.49244097,2.0380743,-1.7567762
46012000,11.070998,29.65972,-3.983817,-0.500946,1.9978662,-1.726193
46020000,11.066191,29.652227,-3.9981365,-0.5096524,1.9575937,-1.6954323
46028000,11.061321,29.645063,-4.0121903,-0.51838225,1.9171689,-1.6649127
46036000,11.056388,29.638205,-4.025981,-0.5271997,1.876558,-1.6346272
46044000,11.051391,29.631634,-4.03951,-0.53605354,1.8358825,-1.6045711
46052000,11.046253,29.625357,-4.052349,-0.5450985,1.7950591,-1.5744972
46060000,11.041051,29.619333,-4.0649395,-0.55415803,1.754057,-1.5448171
46068000,11.035784,29.613546,-4.077284,-0.5632174,1.7128842,-1.5154476
46076000,11.030452,29.607983,-4.08939,-0.5723856,1.6716268,-1.4865017
46084000,11.024992,29.602638,-4.1008444,-0.58174187,1.6301568,-1.4576062
46092000,11.019466,29.597485,-4.112068,-0.5910403,1.5886186,-1.4291131
46100000,11.013875,29.592508,-4.1230645,-0.6004211,1.546963,-1.4010012
46108000,11.008217,29.587694,-4.1338367,-0.6097908,1.5051266,-1.3733935
46116000,11.002432,29.583025,-4.143988,-0.61934274,1.4632034,-1.34593
46124000,10.99658,29.57849,-4.1539288,-0.6288733,1.4210904,-1.3189114
46132000,10.990661,29.574074,-4.163662,-0.63851124,1.3788843,-1.2923772
46140000,10.984673,29.569769,-4.173192,-0.64812094,1.3365909,-1.2663295
46148000,10.978556,29.565516,-4.182141,-0.6578801,1.2941217,-1.2405319
46156000,10.972371,29.561348,-4.1909,-0.6676791,1.2515823,-1.2152236
46164000,10.966117,29.557253,-4.199473,-0.6775207,1.2089213,-1.1904318
46172000,10.959794,29.55322,-4.207863,-0.6872905,1.1662705,-1.1660495
46180000,10.95332,29.549189,-4.215713,-0.69726443,1.1234542,-1.1419626
46188000,10.946776,29.5452,-4.2233934,-0.70725787,1.080664,-1.1184367
46196000,10.940164,29.541243,-4.2309084,-0.7172126,1.0378143,-1.0954412
46204000,10.933481,29.537306,-4.238261,-0.7271692,0.9949729,-1.0729173
46212000,10.926645,29.53332,-4.24512,-0.73724806,0.9520082,-1.0506959
46220000,10.919741,29.529337,-4.25183,-0.74734133,0.90905625,-1.029012
46228000,10.912767,29.525349,-4.2583947,-0.7573727,0.8661958,-1.0078605
46236000,10.905725,29.521347,-4.2648177,-0.7673985,0.82335025,-0.9872868
46244000,10.898537,29.517271,-4.2707896,-0.7775633,0.78051996,-0.9669562
46252000,10.891281,29.513166,-4.276632,-0.78766364,0.7377145,-0.94720715
46260000,10.883957,29.509024,-4.282349,-0.79771894,0.69495624,-0.92793745
46268000,10.876564,29.504837,-4.287944,-0.807786,0.65230244,-0.90925413
46276000,10.8691025,29.500599,-4.293421,-0.8177893,0.6097303,-0.89112234
46284000,10.861507,29.49626,-4.2984896,-0.8279183,0.5672265,-0.87324774
46292000,10.853844,29.491858,-4.303452,-0.83798397,0.52481437,-0.85592705
46300000,10.846113,29.487383,-4.308312,-0.8479727,0.4825689,-0.8390748
46308000,10.838315,29.482832,-4.313072,-0.85785955,0.44042364,-0.8227451
46316000,10.830387,29.47815,-4.3174725,-0.86783475,0.39851657,-0.8067053
46324000,10.822393,29.473381,-4.3217845,-0.8777361,0.3567358,-0.7911325
46332000,10.814334,29.468523,-4.326011,-0.88756174,0.31512272,-0.77609026
46340000,10.806209,29.463568,-4.330156,-0.89734036,0.27371162,-0.76152664
46348000,10.797969,29.458456,-4.333984,-0.90713626,0.23245658,-0.74726397
46356000,10.789664,29.453241,-4.33774,-0.9168415,0.1913919,-0.7334146
46364000,10.781297,29.44792,-4.3414264,-0.92645395,0.15059808,-0.7200415
46372000,10.772864,29.442484,-4.3450627,-0.9359612,0.11003473,-0.7071494
46380000,10.764325,29.436884,-4.348425,-0.9454514,0.069671534,-0.69450915
46388000,10.755723,29.431164,-4.351729,-0.9548778,0.029539453,-0.6822409
46396000,10.74706,29.425322,-4.3549776,-0.96419185,-0.010315161,-0.67050993
46404000,10.738336,29.419355,-4.3581743,-0.97346646,-0.049941424,-0.6592516
46412000,10.729519,29.413216,-4.3611383,-0.98265135,-0.08921437,-0.64821714
46420000,10.720644,29.406948,-4.3640585,-0.9917126,-0.12825485,-0.63764775
46428000,10.71171,29.400547,-4.3669376,-1.0006453,-0.16704036,-0.62744004
46436000,10.702718,29.39401,-4.369777,-1.0095211,-0.2054503,-0.61763173
46444000,10.69365,29.387304,-4.3724194,-1.0182443,-0.24354897,-0.6080784
46452000,10.684526,29.38046,-4.37503,-1.0269092,-0.28132397,-0.59897316
46460000,10.675347,29.373476,-4.377611,-1.0354769,-0.31880325,-0.59016657
46468000,10.666114,29.366352,-4.3801646,-1.0439163,-0.35589468,-0.5816985
46476000,10.65681,29.35907,-4.382563,-1.052277,-0.39264834,-0.5735388
46484000,10.647452,29.351645,-4.3849406,-1.0605581,-0.42902124,-0.5657478
46492000,10.638042,29.344074,-4.387299,-1.0687071,-0.46507692,-0.55825025
46500000,10.628582,29.336359,-4.389639,-1.0767369,-0.5007722,-0.55098
46508000,10.619081,29.328503,-4.3918552,-1.0846324,-0.53599674,-0.5440584
46516000,10.6095295,29.3205,-4.394059,-1.0923496,-0.57088083,-0.53743726
46524000,10.59993,29.31235,-4.3962526,-1.0999815,-0.6054439,-0.5311028
46532000,10.590283,29.304052,-4.398437,-1.1074618,-0.63960385,-0.52500015
46540000,10.580591,29.295609,-4.4006133,-1.1148118,-0.67340237,-0.51917076
46548000,10.570875,29.28706,-4.402704,-1.1219969,-0.70668566,-0.5136057
46556000,10.561114,29.278364,-4.4047914,-1.129094,-0.739561,-0.5083478
46564000,10.551311,29.26952,-4.4068775,-1.1360416,-0.77206445,-0.50332797
46572000,10.541464,29.26053,-4.4089622,-1.1428305,-0.8041304,-0.49851972
46580000,10.531603,29.251469,-4.4109955,-1.1495302,-0.83576596,-0.49391177
46588000,10.521701,29.242262,-4.4130306,-1.1560597,-0.8669819,-0.4895471
46596000,10.511759,29.232906,-4.4150696,-1.16243,-0.89781713,-0.48538098
46604000,10.501779,29.223404,-4.417114,-1.1686372,-0.9281837,-0.4814501
46612000,10.491795,29.213844,-4.419113,-1.1746727,-0.9580518,-0.47769287
46620000,10.481772,29.204138,-4.4211206,-1.1806674,-0.9875036,-0.47408327
46628000,10.471715,29.194286,-4.423136,-1.186521,-1.0165595,-0.47063172
46636000,10.461622,29.18429,-4.425161,-1.192248,-1.0452073,-0.46743482
46644000,10.451518,29.174257,-4.427164,-1.1977948,-1.0732528,-0.4643654
46652000,10.4413805,29.164082,-4.4291787,-1.2032269,-1.100905,-0.46141863
46660000,10.431211,29.153763,-4.431205,-1.20853,-1.1282113,-0.4586427
46668000,10.42101,29.143305,-4.4332433,-1.2137772,-1.1550642,-0.455917
46676000,10.41081,29.132818,-4.4353223,-1.2188286,-1.1814443,-0.45344055
46684000,10.400581,29.12219,-4.4374137,-1.2238046,-1.2073549,-0.45101967
46692000,10.390324,29.111425,-4.439518,-1.2286249,-1.2329341,-0.44873184
46700000,10.380036,29.100523,-4.4416347,-1.2333814,-1.2581728,-0.44651285
46708000,10.369761,29.089613,-4.4437313,-1.2379743,-1.2828552,-0.4444204
46716000,10.359459,29.078568,-4.4458423,-1.2424506,-1.3071558,-0.44242692
46724000,10.349131,29.067387,-4.4479694,-1.2467722,-1.3310333,-0.44052812
46732000,10.338777,29.056076,-4.4501114,-1.2509981,-1.3545579,-0.43869922
46740000,10.32843,29.044783,-4.4522367,-1.2550787,-1.3775104,-0.4369558
46748000,10.31806,29.03336,-4.454377,-1.2590795,-1.4000794,-0.43521747
46756000,10.307666,29.021807,-4.4565334,-1.262983,-1.4223217,-0.43353114
46764000,10.29725,29.010126,-4.4587045,-1.2667484,-1.4441755,-0.43192196
46772000,10.286813,28.998318,-4.4608903,-1.2704775,-1.4656904,-0.43032023
46780000,10.276378,28.986586,-4.4630737,-1.2740422,-1.4865375,-0.42881927
46788000,10.265922,28.974728,-4.4652724,-1.277514,-1.5070431,-0.42738825
46796000,10.255446,28.962748,-4.467487,-1.2809476,-1.527227,-0.4259433
46804000,10.244951,28.950644,-4.469716,-1.2842662,-1.5471177,-0.42453617
46812000,10.234462,28.93862,-4.471941,-1.2874466,-1.5664022,-0.42310643
46820000,10.223954,28.926474,-4.4741807,-1.2905835,-1.5854228,-0.42178977
46828000,10.213429,28.91421,-4.476436,-1.2936218,-1.6040655,-0.42053023
46836000,10.202887,28.901827,-4.478706,-1.2965866,-1.6224154,-0.4191947
46844000,10.192382,28.889551,-4.480971,-1.299371,-1.6402167,-0.4179059
46852000,10.181862,28.877157,-4.4832506,-1.302088,-1.6577315,-0.41671395
46860000,10.171326,28.864649,-4.485545,-1.3047441,-1.6749083,-0.41550326
46868000,10.160773,28.852026,-4.487854,-1.3073648,-1.6917746,-0.41423666
46876000,10.150258,28.839527,-4.4901733,-1.3098626,-1.7081409,-0.41302037
46884000,10.139777,28.826904,-4.4925065,-1.3121789,-1.7242187,-0.41171452
46892000,10.129281,28.81417,-4.494853,-1.3143601,-1.739937,-0.4105558
46900000,10.1187725,28.801329,-4.497212,-1.3165203,-1.755476,-0.40934277
46908000,10.108302,28.788624,-4.4995933,-1.3185529,-1.7704498,-0.40811464
46916000,10.097818,28.775812,-4.5019865,-1.3205361,-1.7851372,-0.40684718
46924000,10.087321,28.76289,-4.5043902,-1.322547,-1.7996,-0.4056179
46932000,10.076811,28.749863,-4.506805,-1.3244458,-1.8138509,-0.40434557
46940000,10.066326,28.736977,-4.509226,-1.3261914,-1.8275722,-0.40309533
46948000,10.055828,28.723986,-4.5116568,-1.3278537,-1.841066,-0.40185657
46956000,10.045362,28.710882,-4.514098,-1.3294506,-1.8543823,-0.40056354
46964000,10.034885,28.697674,-4.5165486,-1.3310238,-1.8674282,-0.39932972
46972000,10.024446,28.684624,-4.5190024,-1.3324853,-1.8800213,-0.39806694
46980000,10.013995,28.67147,-4.521465,-1.333874,-1.8923565,-0.3967756
46988000,10.003533,28.658216,-4.5239353,-1.3352385,-1.9045284,-0.39549088
46996000,9.993062,28.644861,-4.5264134,-1.336637,-1.9164177,-0.39417112
47004000,9.982644,28.631674,-4.528895,-1.3378766,-1.9278575,-0.39288417
47012000,9.972217,28.618387,-4.5313835,-1.3390522,-1.9390873,-0.3915547
47020000,9.961779,28.605,-4.533879,-1.3401233,-1.9501815,-0.3901034
47028000,9.951368,28.59151,-4.53638,-1.3411797,-1.9610333,-0.3886395
47036000,9.941022,28.57821,-4.5388746,-1.3421248,-1.9714704,-0.3872107
47044000,9.930665,28.564812,-4.541375,-1.343029,-1.9817058,-0.38572857
47052000,9.920298,28.551317,-4.5438795,-1.343922,-1.99179,-0.38421634
47060000,9.909922,28.537727,-4.5463877,-1.3447742,-2.0017128,-0.38265875
47068000,9.899535,28.524044,-4.548899,-1.3456286,-2.0114946,-0.38107526
47076000,9.889196,28.510605,-4.55142,-1.3463157,-2.0208108,-0.37952068
47084000,9.878848,28.49707,-4.5539436,-1.3470458,-2.0299551,-0.37791303
47092000,9.868491,28.483442,-4.556469,-1.3477279,-2.0389779,-0.37633663
47100000,9.858156,28.469717,-4.5589967,-1.3483778,-2.0478392,-0.37470755
47108000,9.847877,28.456234,-4.561522,-1.3489221,-2.0562325,-0.37310487
47116000,9.837588,28.442656,-4.564049,-1.3493915,-2.0645535,-0.3714492
47124000,9.827291,28.428984,-4.5665846,-1.3499042,-2.072752,-0.36978984
47132000,9.816983,28.41522,-4.56912,-1.3503993,-2.0808449,-0.36810765
47140000,9.80673,28.401707,-4.5716515,-1.3507906,-2.0884523,-0.36638466
47148000,9.796469,28.388098,-4.5741816,-1.351138,-2.0959172,-0.36462355
47156000,9.786198,28.374397,-4.5767107,-1.3515154,-2.1033354,-0.36279875
47164000,9.775946,28.360601,-4.579238,-1.351867,-2.110659,-0.3610031
47172000,9.765752,28.347063,-4.5817447,-1.3521426,-2.1175394,-0.35914138
47180000,9.7555485,28.333433,-4.5842485,-1.3523986,-2.124284,-0.35729745
47188000,9.745336,28.31971,-4.5867505,-1.3526267,-2.1309898,-0.35546392
47196000,9.735114,28.305897,-4.589249,-1.3527406,-2.137629,-0.35357493
47204000,9.724944,28.292318,-4.591714,-1.3528794,-2.1438673,-0.3517127
47212000,9.714764,28.278646,-4.594176,-1.3530233,-2.149986,-0.3497524
47220000,9.704575,28.264883,-4.596634,-1.3531619,-2.1560488,-0.34784812
47228000,9.694376,28.251032,-4.5990925,-1.3533076,-2.1620686,-0.34585983
47236000,9.684233,28.237406,-4.601512,-1.3533745,-2.1677136,-0.34395668
47244000,9.674079,28.223688,-4.603928,-1.3535187,-2.173274,-0.34197417
47252000,9.663915,28.209883,-4.6063395,-1.3536346,-2.178813,-0.3399841
47260000,9.653742,28.195986,-4.6087465,-1.3537582,-2.18433,-0.337932
47268000,9.643614,28.182312,-4.611114,-1.3537877,-2.1894817,-0.33587447
47276000,9.633475,28.168547,-4.6134777,-1.3538195,-2.1945658,-0.33383277
47284000,9.623328,28.154694,-4.6158366,-1.3538198,-2.1996055,-0.33181977
47292000,9.613172,28.14075,-4.6181903,-1.3538394,-2.20465,-0.3297324
47300000,9.603069,28.12703,-4.6205115,-1.35381,-2.209315,-0.3277065
47308000,9.592978,28.113213,-4.622829,-1.3537403,-2.2140126,-0.32565746
47316000,9.582877,28.099308,-4.625141,-1.3536983,-2.218677,-0.32365724
47324000,9.572765,28.085314,-4.6274605,-1.3536645,-2.2233198,-0.3216129
47332000,9.562645,28.071234,-4.6297736,-1.3536085,-2.227935,-0.3195745
47340000,9.552588,28.057404,-4.632058,-1.353522,-2.2322178,-0.31755403
47348000,9.542521,28.043484,-4.6343365,-1.3533894,-2.2364688,-0.31552124
47356000,9.532444,28.029474,-4.636608,-1.3533142,-2.2407517,-0.31339467
47364000,9.522356,28.015379,-4.6388726,-1.3532051,-2.244995,-0.3113277
47372000,9.512329,28.001524,-4.641115,-1.3530706,-2.2489188,-0.30928177
47380000,9.502311,27.987576,-4.6433516,-1.3529273,-2.2527344,-0.30723625
47388000,9.492281,27.973541,-4.645581,-1.3527715,-2.2566032,-0.30519652
47396000,9.482242,27.959417,-4.647802,-1.3526207,-2.260466,-0.30306402
47404000,9.472247,27.945538,-4.6499887,-1.3524446,-2.2640173,-0.3009423
47412000,9.462242,27.93157,-4.6521683,-1.3522234,-2.267557,-0.29888707
47420000,9.452226,27.917513,-4.65434,-1.3520182,-2.2711213,-0.29678938
47428000,9.442198,27.903366,-4.656507,-1.3518461,-2.2746813,-0.29471996
47436000,9.432222,27.889456,-4.6586432,-1.3516098,-2.2779186,-0.29267052
47444000,9.422254,27.875452,-4.6607723,-1.3513759,-2.2811205,-0.29063848
47452000,9.412273,27.861359,-4.6628942,-1.3511788,-2.284386,-0.28860205
47460000,9.402281,27.847178,-4.6650076,-1.3509494,-2.287704,-0.2865367
47468000,9.392331,27.833221,-4.667077,-1.350682,-2.2907495,-0.28451172
47476000,9.38237,27.819176,-4.6691394,-1.3504313,-2.2938433,-0.2824741
47484000,9.372396,27.805038,-4.6711936,-1.3502116,-2.2968717,-0.28045315
47492000,9.362412,27.790813,-4.67324,-1.3499892,-2.2999723,-0.27841654
47500000,9.352452,27.77679,-4.675253,-1.3497561,-2.3028545,-0.27642706
47508000,9.342481,27.762678,-4.677258,-1.349543,-2.3056924,-0.27434844
47516000,9.332514,27.748472,-4.6792555,-1.3493352,-2.3085148,-0.27229524
47524000,9.322536,27.73418,-4.681246,-1.3491068,-2.311358,-0.27028513
47532000,9.312584,27.720076,-4.6832056,-1.3488317,-2.314057,-0.26829955
47540000,9.302621,27.705881,-4.685158,-1.3485248,-2.3167336,-0.26621974
47548000,9.292645,27.691597,-4.687101,-1.3482801,-2.3194387,-0.26419428
47556000,9.28266,27.677225,-4.689036,-1.348038,-2.3221543,-0.2621777
47564000,9.272706,27.663029,-4.6909385,-1.3478217,-2.324655,-0.26027384
47572000,9.26274,27.648743,-4.692834,-1.3476324,-2.3271666,-0.2583466
47580000,9.252763,27.634369,-4.694721,-1.3473631,-2.3297532,-0.25633284
47588000,9.24279,27.619904,-4.6966004,-1.3470898,-2.3323991,-0.25438502
47596000,9.232807,27.605352,-4.698471,-1.3468566,-2.3349926,-0.25241017
47604000,9.222856,27.590984,-4.700314,-1.3465904,-2.3373976,-0.25048926
47616000,9.212892,27.576527,-4.702149,-1.3463657,-2.3398507,-0.24855106
47620000,9.202915,27.561983,-4.703975,-1.3461909,-2.3423355,-0.24665001
47628000,9.192927,27.54735,-4.705793,-1.3459547,-2.3448758,-0.24472113
47636000,9.1829815,27.532902,-4.707585,-1.3456793,-2.3471646,-0.24283795
47644000,9.173023,27.518366,-4.7093687,-1.3454635,-2.3494942,-0.24100639
47652000,9.163052,27.503742,-4.711145,-1.3453035,-2.3518283,-0.23922417
47660000,9.153085,27.489029,-4.7129135,-1.3451003,-2.3542185,-0.23742363
47668000,9.143143,27.474495,-4.7146487,-1.3448578,-2.3564703,-0.23561002
47676000,9.133188,27.459873,-4.7163787,-1.3446255,-2.358684,-0.23379233
47684000,9.123221,27.445162,-4.7181005,-1.3444011,-2.3609817,-0.23196062
47692000,9.113243,27.430365,-4.7198143,-1.3442428,-2.3633003,-0.23013237
47700000,9.103295,27.41575,-4.7214828,-1.3440146,-2.3654225,-0.22833426
47708000,9.093336,27.401049,-4.7231436,-1.3437933,-2.3675625,-0.22657968
47716000,9.0833645,27.38626,-4.7247972,-1.3435936,-2.36975,-0.22474287
47724000,9.073396,27.37138,-4.7264423,-1.3433137,-2.3720498,-0.22291432
47732000,9.063434,27.356695,-4.72806,-1.3431357,-2.374089,-0.2211327
47740000,9.053458,27.34192,-4.7296696,-1.3429989,-2.3761497,-0.219359
47748000,9.043471,27.32706,-4.7312713,-1.3428022,-2.378226,-0.21759719
47756000,9.033472,27.312113,-4.7328653,-1.3426982,-2.380353,-0.21588533
47768000,9.023476,27.297361,-4.734434,-1.3425304,-2.382293,-0.21419482
47776000,9.013468,27.282522,-4.7359962,-1.3424084,-2.3842552,-0.2125261
47784000,9.003448,27.267593,-4.7375507,-1.3422183,-2.3862453,-0.2108514
47792000,8.993416,27.25258,-4.7390976,-1.3420513,-2.388283,-0.2091673
47800000,8.983414,27.23774,-4.740614,-1.3418536,-2.390132,-0.20755494
47808000,8.973399,27.22281,-4.742124,-1.341673,-2.3920305,-0.20600934
47816000,8.963374,27.207796,-4.7436275,-1.3415016,-2.3939745,-0.20436697
47824000,8.953338,27.192694,-4.7451234,-1.3413769,-2.395951,-0.20273985
47832000,8.943321,27.17776,-4.746575,-1.3412224,-2.397718,-0.20119154
47840000,8.933293,27.162737,-4.74802,-1.3410794,-2.399567,-0.19956672
47848000,8.923253,27.147629,-4.7494593,-1.3409226,-2.401416,-0.19799966
47856000,8.913202,27.132435,-4.7508917,-1.3408215,-2.4033296,-0.19650319
47864000,8.90314,27.117155,-4.752318,-1.3407748,-2.405348,-0.19502896
47872000,8.89312,27.102036,-4.753707,-1.3406167,-2.4071243,-0.19347316
47880000,8.883088,27.08683,-4.755106,-1.340466,-2.408925,-0.19198845
47888000,8.873045,27.071539,-4.756499,-1.3403612,-2.4108222,-0.19046393
47896000,8.862989,27.056164,-4.757885,-1.3402213,-2.4127443,-0.18894643
47904000,8.852968,27.040926,-4.759231,-1.3400656,-2.414555,-0.18748935
47912000,8.842936,27.025604,-4.7605715,-1.3399272,-2.4163861,-0.18601197
47920000,8.8328905,27.010195,-4.7619057,-1.3397571,-2.4182613,-0.18447006
47928000,8.822834,26.994703,-4.763233,-1.3396182,-2.420144,-0.18302158
47936000,8.812779,26.979374,-4.7645364,-1.3395253,-2.4218779,-0.18161266
47944000,8.802725,26.963957,-4.765835,-1.3394307,-2.4236987,-0.18025313
47952000,8.79266,26.948456,-4.7671275,-1.3392898,-2.4255247,-0.17880762
47960000,8.782583,26.93287,-4.7684145,-1.339189,-2.4273732,-0.17738281
47968000,8.772482,26.917439,-4.7696733,-1.339138,-2.4290903,-0.17598166
47976000,8.762369,26.90192,-4.770927,-1.3390635,-2.4308279,-0.17459744
47984000,8.752246,26.886318,-4.772175,-1.3390045,-2.4325461,-0.17323382
47992000,8.742112,26.870634,-4.7734175,-1.3389919,-2.4343874,-0.17193745
48000000,8.73194,26.855091,-4.774631,-1.3390386,-2.4360383,-0.17060244
48008000,8.72177,26.83946,-4.77584,-1.3389655,-2.4376705,-0.16926451
48016000,8.711592,26.823748,-4.777043,-1.3388845,-2.4394166,-0.16789295
48024000,8.701404,26.807953,-4.77824,-1.3388724,-2.441179,-0.1665861
48032000,8.691172,26.792307,-4.7794003,-1.3388568,-2.4428084,-0.16538356
48040000,8.680931,26.776577,-4.7805567,-1.3388886,-2.4444203,-0.16407256
48048000,8.670681,26.760765,-4.7817073,-1.3389595,-2.4461262,-0.16277303
48056000,8.660422,26.744871,-4.782853,-1.3389995,-2.4478283,-0.16144133
48064000,8.650135,26.729092,-4.7839513,-1.3391002,-2.449446,-0.16012582
48072000,8.639839,26.71323,-4.785045,-1.3392067,-2.451086,-0.15885994
48080000,8.629547,26.697285,-4.786137,-1.3391992,-2.4527726,-0.15764299
48088000,8.619247,26.68126,-4.787225,-1.3392185,-2.454521,-0.15634778
48096000,8.6089,26.665346,-4.788268,-1.3393317,-2.456164,-0.15512423
48104000,8.598545,26.649353,-4.7893085,-1.3393843,-2.4578397,-0.15396948
48112000,8.588183,26.63328,-4.790346,-1.3394519,-2.4595878,-0.15279092
48120000,8.577815,26.617126,-4.79138,-1.3394952,-2.4613225,-0.15161538
48128000,8.56744,26.600895,-4.792413,-1.3396132,-2.4630651,-0.15048459
48136000,8.557002,26.584772,-4.793402,-1.3397295,-2.464721,-0.14939769
48144000,8.546557,26.56857,-4.794389,-1.3399211,-2.4664133,-0.14824323
48152000,8.5361185,26.552288,-4.795373,-1.3400704,-2.4681647,-0.1471312
48164000,8.525673,26.535929,-4.796354,-1.3401947,-2.4698927,-0.14598386
48168000,8.515178,26.519693,-4.7972884,-1.3403603,-2.4715037,-0.14484006
48176000,8.504676,26.503382,-4.7982326,-1.3405305,-2.4730983,-0.1437674
48184000,8.49417,26.486992,-4.799174,-1.3406912,-2.4747968,-0.142722
48192000,8.483659,26.470526,-4.800113,-1.340849,-2.4765291,-0.14168157
48200000,8.473089,26.454184,-4.801015,-1.3410485,-2.478134,-0.14065284
48208000,8.462516,26.437763,-4.801915,-1.3412393,-2.4797611,-0.13966939
48216000,8.451938,26.421268,-4.802814,-1.3414122,-2.4814074,-0.13869157
48224000,8.441367,26.404694,-4.8037114,-1.341565,-2.4830976,-0.13770434
48232000,8.430737,26.388243,-4.8045917,-1.3417621,-2.484652,-0.13674015
48240000,8.420102,26.371714,-4.8054705,-1.34196,-2.4862695,-0.13576049
48248000,8.409466,26.35511,-4.8063474,-1.3421286,-2.4879074,-0.13478813
48256000,8.398826,26.338432,-4.8072224,-1.3423787,-2.48957,-0.1338847
48264000,8.388131,26.321842,-4.8080707,-1.3427018,-2.4911466,-0.13297398
48272000,8.377433,26.305176,-4.808918,-1.3430225,-2.4926827,-0.13208649
48280000,8.366733,26.288437,-4.809772,-1.3432958,-2.49426,-0.13116093
48288000,8.356041,26.271624,-4.810624,-1.3434937,-2.4959335,-0.13027315
48296000,8.345305,26.254896,-4.811447,-1.3436896,-2.4974968,-0.12942713
48304000,8.334568,26.238096,-4.812269,-1.343898,-2.4990935,-0.12857883
48312000,8.323831,26.221222,-4.813091,-1.344121,-2.5006568,-0.127766
48320000,8.31309,26.204279,-4.813911,-1.3443816,-2.5022666,-0.12690294
48328000,8.302327,26.187412,-4.814683,-1.3445969,-2.503816,-0.12607412
48336000,8.291564,26.170475,-4.8154545,-1.3448344,-2.5053618,-0.12521155
48344000,8.280798,26.153467,-4.8162255,-1.3450576,-2.5069227,-0.124400005
48352000,8.270032,26.136389,-4.816997,-1.3452618,-2.5085118,-0.12355283
48360000,8.25926,26.11938,-4.8177166,-1.3454771,-2.5100694,-0.122657076
48368000,8.2484865,26.102303,-4.8184366,-1.3456852,-2.5116751,-0.12182047
48376000,8.237713,26.085154,-4.8191566,-1.3458928,-2.5132525,-0.120987475
48384000,8.226937,26.067936,-4.819877,-1.3460901,-2.5149188,-0.12018943
48392000,8.216162,26.05065,-4.820598,-1.3462378,-2.5166276,-0.11940242
48400000,8.205358,26.033436,-4.821248,-1.3464102,-2.5181737,-0.11858353
48408000,8.194553,26.016155,-4.8219,-1.346571,-2.5197535,-0.11782207
48416000,8.183749,25.998806,-4.8225536,-1.3467404,-2.5213394,-0.117128916
48424000,8.172944,25.981392,-4.8232093,-1.3469217,-2.522968,-0.11640072
48432000,8.162125,25.964062,-4.8238096,-1.3470784,-2.5244596,-0.11565575
48440000,8.151305,25.946667,-4.8244133,-1.347248,-2.5260544,-0.11490809
48448000,8.140486,25.929205,-4.825019,-1.3473592,-2.5276701,-0.11424297
48456000,8.129668,25.911676,-4.825628,-1.3474799,-2.529282,-0.11359549
48464000,8.118838,25.894226,-4.8261843,-1.3476441,-2.5307994,-0.112925135
48472000,8.108009,25.87671,-4.826745,-1.347748,-2.532293,-0.11229269
48480000,8.097181,25.85913,-4.827315,-1.3478308,-2.5338056,-0.11165739
48488000,8.086354,25.841486,-4.827888,-1.34796,-2.5353916,-0.1110267
48496000,8.075513,25.823908,-4.8284225,-1.3481277,-2.5368924,-0.11042052
48504000,8.064681,25.806265,-4.828962,-1.3482167,-2.5384803,-0.109841906
48512000,8.05385,25.788555,-4.8295054,-1.3483291,-2.5401185,-0.10923285
48520000,8.04302,25.770784,-4.830053,-1.3483913,-2.5417228,-0.10867303
48528000,8.032176,25.753061,-4.83057,-1.3484948,-2.5431464,-0.108149305
48536000,8.021332,25.735275,-4.8310924,-1.3486176,-2.5446842,-0.107625775
48544000,8.010489,25.717428,-4.8316193,-1.3486814,-2.5462646,-0.107102446
48552000,7.999648,25.69952,-4.8321505,-1.3487229,-2.5478106,-0.106566265
48560000,7.9887986,25.681658,-4.832637,-1.3487576,-2.5493033,-0.10603625
48568000,7.977959,25.663734,-4.833129,-1.3487527,-2.5508213,-0.10551294
48576000,7.967121,25.64575,-4.8336253,-1.3487898,-2.5523522,-0.104969956
48584000,7.956285,25.627707,-4.834127,-1.3488067,-2.553873,-0.10447098
48592000,7.945443,25.609703,-4.834591,-1.3487872,-2.5553825,-0.10401005
48600000,7.934603,25.591639,-4.835061,-1.3487791,-2.5568705,-0.10354856
48608000,7.9237657,25.573515,-4.8355365,-1.3487804,-2.5584083,-0.1031038
48616000,7.91293,25.555336,-4.8360176,-1.3487343,-2.5599258,-0.102652974
48624000,7.9020762,25.537214,-4.8364716,-1.3487407,-2.5613554,-0.1021434
48632000,7.891225,25.519037,-4.8369308,-1.3487681,-2.5628045,-0.10174538
48640000,7.880383,25.5008,-4.8373966,-1.3487957,-2.5642319,-0.10133718
48648000,7.8695436,25.482506,-4.8378677,-1.3486937,-2.5657778,-0.10088894
48656000,7.858707,25.464159,-4.838344,-1.3486092,-2.5673103,-0.10049986
48664000,7.847846,25.445889,-4.8388047,-1.3485789,-2.5687318,-0.100045815
48672000,7.8369875,25.427565,-4.83927,-1.348524,-2.5701222,-0.0996628
48680000,7.8261323,25.409185,-4.839741,-1.3484529,-2.5716133,-0.09928171
48688000,7.8152795,25.39075,-4.8402176,-1.3484166,-2.573087,-0.098987505
48696000,7.804396,25.372377,-4.8406873,-1.348387,-2.5744612,-0.09862916
48704000,7.7935166,25.35395,-4.8411617,-1.3482902,-2.5758557,-0.09832633
48712000,7.782648,25.335466,-4.8416424,-1.3481727,-2.5772498,-0.097994305
48720000,7.771783,25.31693,-4.8421283,-1.3480837,-2.5786533,-0.09766402
48728000,7.7608895,25.29846,-4.8426023,-1.3480518,-2.579991,-0.09736035
48736000,7.749999,25.279936,-4.843082,-1.3480358,-2.5812764,-0.09706819
48744000,7.739113,25.26136,-4.843567,-1.347943,-2.5826669,-0.096798524
48752000,7.7282305,25.242731,-4.844057,-1.347921,-2.584091,-0.09655976
48760000,7.7173204,25.224157,-4.8445287,-1.3478428,-2.585402,-0.09628449
48768000,7.7064147,25.205532,-4.845006,-1.3477451,-2.5866961,-0.09602795
48776000,7.6955137,25.186855,-4.8454885,-1.3476619,-2.5880296,-0.09576319
48784000,7.6846237,25.168125,-4.845977,-1.3475232,-2.5894485,-0.09553026
48796000,7.673697,25.149446,-4.846442,-1.347444,-2.5907226,-0.0952348
48800000,7.662775,25.130718,-4.8469124,-1.3473675,-2.5920098,-0.09489587
48808000,7.6518574,25.11194,-4.8473883,-1.3473445,-2.593281,-0.094639145
48816000,7.640945,25.093111,-4.8478694,-1.3472102,-2.5946133,-0.09434575
48824000,7.6299944,25.07432,-4.8483186,-1.3471254,-2.5959148,-0.09398337
48832000,7.619049,25.055481,-4.8487735,-1.3470763,-2.5971603,-0.09374051
48840000,7.6081095,25.036592,-4.8492336,-1.3470217,-2.598481,-0.09343683
48848000,7.597181,25.017654,-4.8496995,-1.3468933,-2.5997388,-0.09312662
48856000,7.586201,24.998768,-4.8501444,-1.3468108,-2.6010008,-0.09284461
48864000,7.5752273,24.979832,-4.8505945,-1.3467463,-2.6022408,-0.092527
48872000,7.56426,24.96085,-4.85105,-1.3466768,-2.603501,-0.09226275
48880000,7.5532985,24.941822,-4.851511,-1.3465246,-2.6047268,-0.091958515
48888000,7.54228,24.922857,-4.8519387,-1.3465059,-2.6059203,-0.091635324
48896000,7.531268,24.903845,-4.8523726,-1.3464634,-2.6071596,-0.0913525
48904000,7.5202627,24.884787,-4.8528113,-1.3465003,-2.608382,-0.091039404
48912000,7.509263,24.865683,-4.8532557,-1.3465077,-2.609566,-0.090747416
48920000,7.4982758,24.846533,-4.8537054,-1.3464317,-2.6107771,-0.0904392
48928000,7.487234,24.827417,-4.8541265,-1.3463155,-2.6119463,-0.09013341
48936000,7.4762006,24.808256,-4.854553,-1.3462481,-2.6131449,-0.08986544
48944000,7.465174,24.789051,-4.8549857,-1.346188,-2.6143434,-0.08957916
48952000,7.454155,24.7698,-4.8554235,-1.3461173,-2.6155415,-0.089350484
48960000,7.4430776,24.75058,-4.8558416,-1.3461708,-2.6167026,-0.08913456
48968000,7.432007,24.731316,-4.8562655,-1.3462213,-2.617855,-0.08885682
48976000,7.4209437,24.71201,-4.8566947,-1.346232,-2.6189587,-0.08859157
48984000,7.4098883,24.692661,-4.8571296,-1.346201,-2.6201143,-0.088336915
48992000,7.398785,24.673336,-4.857543,-1.3461465,-2.6212525,-0.08804809
49000000,7.3876905,24.653969,-4.8579617,-1.3461275,-2.6224217,-0.08774944
49008000,7.376604,24.63456,-4.8583856,-1.3460904,-2.6235778,-0.087479
49016000,7.365526,24.615108,-4.8588147,-1.3460033,-2.6247113,-0.08718618
49024000,7.354383,24.595692,-4.85922,-1.3459975,-2.6257892,-0.08691594
49032000,7.343249,24.576231,-4.8596306,-1.3460169,-2.6268508,-0.08667135
49040000,7.3321238,24.556734,-4.860047,-1.3460091,-2.6279,-0.08645588
49048000,7.3210073,24.537195,-4.860469,-1.3460212,-2.6289525,-0.08622679
49056000,7.3098197,24.51767,-4.8608546,-1.3461261,-2.630029,-0.086003564
49064000,7.2986465,24.498102,-4.8612466,-1.34617,-2.6311023,-0.08578722
49072000,7.2874823,24.478498,-4.8616447,-1.3462089,-2.632136,-0.08556053
49080000,7.2763276,24.458857,-4.8620486,-1.3462037,-2.6331997,-0.08531059
49084000,7.259733,24.428738,-4.8627625,-1.3461348,-2.6350086,-0.08489588
49092000,7.2485147,24.409084,-4.8631415,-1.3462205,-2.6360605,-0.08462651
49100000,7.237306,24.389395,-4.863527,-1.3463044,-2.6371179,-0.0843821
49108000,7.2261076,24.369667,-4.8639174,-1.3463753,-2.6381745,-0.08409606
49116000,7.2148447,24.349966,-4.864279,-1.3464627,-2.6391375,-0.083845064
49124000,7.203596,24.330229,-4.8646464,-1.3465203,-2.6401327,-0.08359743
49132000,7.1923585,24.310455,-4.8650203,-1.3465694,-2.6411376,-0.08332429
49140000,7.181132,24.290648,-4.8653994,-1.3465536,-2.6421447,-0.08304267
49148000,7.16984,24.27086,-4.8657484,-1.3466208,-2.6430686,-0.08278452
49156000,7.1585593,24.25104,-4.8661036,-1.3467088,-2.644067,-0.08256621
49164000,7.1472898,24.231182,-4.866465,-1.3467839,-2.64506,-0.08234974
49172000,7.1360316,24.211292,-4.8669057,-1.3468078,-2.6460457,-0.082069784
49180000,7.1247845,24.191368,-4.86735,-1.3468045,-2.6470299,-0.08180866
49188000,7.113446,24.171478,-4.867766,-1.346928,-2.647973,-0.08159076
49196000,7.102124,24.151554,-4.8681865,-1.346953,-2.648873,-0.08136165
49204000,7.0908146,24.131598,-4.868611,-1.3470051,-2.6498568,-0.081180565
49212000,7.079517,24.111607,-4.8690405,-1.3470163,-2.6507783,-0.08099198
49220000,7.068131,24.091658,-4.86944,-1.3470939,-2.6517205,-0.08072712
49228000,7.0567584,24.071676,-4.869848,-1.3472074,-2.65266,-0.08047689
49236000,7.0453377,24.051592,-4.8702183,-1.3473328,-2.6534374,-0.0802241
49244000,7.033866,24.031559,-4.870576,-1.3475268,-2.6541896,-0.0799831
49252000,7.022421,24.011509,-4.870947,-1.3476197,-2.6549726,-0.07975069
49260000,7.011002,23.991434,-4.871329,-1.3477348,-2.6558232,-0.07947329
49268000,6.999604,23.971338,-4.8717194,-1.3478512,-2.6566136,-0.07919534
49276000,6.988148,23.951271,-4.872101,-1.3480855,-2.657423,-0.07899677
49284000,6.9767103,23.931175,-4.87249,-1.3482339,-2.6582558,-0.07875245
49292000,6.9652905,23.911055,-4.872886,-1.3483473,-2.659082,-0.078596875
49300000,6.953887,23.890903,-4.8732886,-1.3484821,-2.6599286,-0.07834736
49308000,6.942499,23.870728,-4.873697,-1.3485432,-2.6608086,-0.07810571
49316000,6.9310613,23.85056,-4.87409,-1.3486236,-2.661593,-0.077907614
49324000,6.9196386,23.830364,-4.8745017,-1.3487169,-2.6624303,-0.07771296
49332000,6.9082346,23.81014,-4.874918,-1.3487986,-2.6632214,-0.077474974
49340000,6.8968444,23.789888,-4.8753386,-1.3488908,-2.6640687,-0.0772645
49348000,6.885397,23.769642,-4.8757534,-1.3489681,-2.664824,-0.07707295
49356000,6.873965,23.749367,-4.8761725,-1.3490968,-2.6656373,-0.076924786
49364000,6.862547,23.729065,-4.876596,-1.349147,-2.6664784,-0.0767116
49372000,6.851143,23.708735,-4.8770227,-1.3491893,-2.6673038,-0.07653934
49380000,6.8396688,23.688404,-4.8774433,-1.3492517,-2.6681128,-0.076369226
49388000,6.82821,23.668045,-4.877868,-1.349325,-2.6689036,-0.07619488
49396000,6.8167653,23.64766,-4.8782964,-1.349337,-2.669707,-0.076062776
49404000,6.8053393,23.627249,-4.8787284,-1.3493198,-2.6705484,-0.07588133
49412000,6.793841,23.606815,-4.8791413,-1.3494184,-2.6713436,-0.07564699
49420000,6.7823586,23.586357,-4.879565,-1.3494618,-2.6721363,-0.07540062
49428000,6.7708917,23.565874,-4.8799906,-1.3494923,-2.672983,-0.07515064
49436000,6.75944,23.545366,-4.8804193,-1.3495305,-2.6737537,-0.07494004
49444000,6.7479296,23.524845,-4.8808084,-1.34963,-2.674581,-0.07468228
49452000,6.736435,23.504301,-4.8812013,-1.3497105,-2.6754014,-0.07443942
49460000,6.7249556,23.483734,-4.881597,-1.3497926,-2.6762137,-0.07415991
49468000,6.7134914,23.463142,-4.8820157,-1.3498545,-2.6770158,-0.07389843
49476000,6.7019653,23.442556,-4.882412,-1.3499293,-2.6777966,-0.07369316
49484000,6.690456,23.421946,-4.882812,-1.3500142,-2.6786041,-0.073474534
49492000,6.6789618,23.401312,-4.883215,-1.3501023,-2.679387,-0.073159285
49500000,6.6674833,23.380655,-4.8836207,-1.3501273,-2.6802197,-0.07292385
49508000,6.6559362,23.359999,-4.883994,-1.3501958,-2.681057,-0.07268299
49516000,6.6444054,23.339321,-4.884371,-1.3502617,-2.6818652,-0.07240279
49524000,6.632891,23.31862,-4.884751,-1.3503208,-2.6826487,-0.07216142
49532000,6.6213927,23.297897,-4.885134,-1.3504125,-2.6834457,-0.07194956
49540000,6.6098323,23.27718,-4.8854938,-1.3504925,-2.6841953,-0.07167609
49548000,6.5982885,23.25644,-4.8858566,-1.350507,-2.6849113,-0.07143787
49556000,6.586762,23.235678,-4.8862233,-1.3505191,-2.6856701,-0.07121203
49564000,6.5752525,23.214895,-4.8865933,-1.350469,-2.6864064,-0.07089963
49572000,6.56376,23.194092,-4.886985,-1.3504279,-2.6871173,-0.07060284
49580000,6.5521913,23.173313,-4.887348,-1.3504499,-2.6878042,-0.07036708
49588000,6.5406404,23.152512,-4.887715,-1.3505,-2.6884766,-0.07009824
49600000,6.529106,23.131693,-4.8880844,-1.3505795,-2.6891587,-0.06987665
49604000,6.517588,23.110851,-4.8884573,-1.3505884,-2.6898358,-0.06964247
49612000,6.50598,23.090021,-4.8888083,-1.3506459,-2.6905658,-0.06940576
49620000,6.49439,23.06917,-4.8891644,-1.3506458,-2.6912575,-0.06916548
49628000,6.482818,23.0483,-4.8895245,-1.3506922,-2.6919513,-0.06895181
49636000,6.471264,23.02741,-4.8898873,-1.3507475,-2.6926494,-0.06874063
49644000,6.459613,23.00653,-4.8902183,-1.3508297,-2.6933124,-0.06851915
49652000,6.4479814,22.985634,-4.890554,-1.3508406,-2.693952,-0.06833319
49660000,6.4363685,22.964716,-4.890893,-1.3508816,-2.694615,-0.0681228
49668000,6.4247737,22.943783,-4.891236,-1.3509041,-2.695209,-0.06786839
49676000,6.413096,22.92287,-4.8915553,-1.3509941,-2.6958003,-0.06757672
49684000,6.401438,22.901941,-4.891878,-1.3510847,-2.6963978,-0.06729045
49692000,6.3898,22.880993,-4.892205,-1.3510743,-2.6969907,-0.067012146
49700000,6.378181,22.860027,-4.892535,-1.3510587,-2.6975603,-0.0667719
49708000,6.3664675,22.839067,-4.8928337,-1.3511628,-2.6980765,-0.06656204
49716000,6.354774,22.818089,-4.8931365,-1.3512795,-2.69865,-0.066338755
49724000,6.3430996,22.797092,-4.893446,-1.351383,-2.6991985,-0.06612726
49732000,6.3314447,22.776081,-4.8937593,-1.3514436,-2.6997666,-0.065925315
49740000,6.31968,22.755075,-4.8940287,-1.351549,-2.700334,-0.06576742
49748000,6.307936,22.73405,-4.8943033,-1.3517022,-2.700876,-0.06560926
49756000,6.2962136,22.713013,-4.8945837,-1.3517376,-2.7014225,-0.065411314
49764000,6.2845116,22.691956,-4.894869,-1.3517953,-2.7019935,-0.06523744
49772000,6.2726936,22.670885,-4.8951054,-1.3519813,-2.7024884,-0.0650496
49780000,6.2608967,22.649797,-4.8953476,-1.3521267,-2.7030241,-0.064810365
49788000,6.249121,22.628696,-4.895595,-1.3522853,-2.7035496,-0.06461371
49796000,6.2373667,22.60758,-4.8958488,-1.3523662,-2.7040856,-0.06444286
49804000,6.225498,22.586441,-4.8960633,-1.3525195,-2.7046425,-0.064188324
49812000,6.213652,22.565289,-4.896284,-1.3526993,-2.7051706,-0.06399338
49820000,6.2018285,22.54412,-4.8965106,-1.3527364,-2.7057195,-0.06374999
49828000,6.1900277,22.52294,-4.8967433,-1.352815,-2.7062452,-0.06350038
49836000,6.1782484,22.501745,-4.8969812,-1.3529178,-2.7067254,-0.06333585
49844000,6.1663437,22.48052,-4.8971734,-1.3531383,-2.7072725,-0.0632006
49852000,6.1544623,22.459282,-4.8973722,-1.3532741,-2.7078044,-0.062989265
49860000,6.142604,22.438032,-4.897578,-1.353375,-2.7083123,-0.0628013
49868000,6.1307683,22.416769,-4.897791,-1.3534548,-2.7088196,-0.0626997
49876000,6.118826,22.39548,-4.897947,-1.3536717,-2.70932,-0.06257806
49884000,6.1069074,22.374178,-4.8981104,-1.3538618,-2.7098587,-0.06241939
49892000,6.095012,22.352865,-4.8982816,-1.3540381,-2.710358,-0.062236078
49900000,6.0831394,22.331541,-4.89846,-1.3541828,-2.710917,-0.062045556
49908000,6.0711823,22.310183,-4.8985724,-1.3543206,-2.711504,-0.061861318
49916000,6.059249,22.288815,-4.898694,-1.3544378,-2.7120705,-0.061749674
49924000,6.0473394,22.267437,-4.898824,-1.3545934,-2.7125962,-0.061628964
49932000,6.0354533,22.246048,-4.8989625,-1.3547273,-2.7130609,-0.061431468
49940000,6.023487,22.224627,-4.8990436,-1.3549144,-2.7136054,-0.061257843
49948000,6.011545,22.203194,-4.899133,-1.3550897,-2.714117,-0.061121106
49956000,5.9996266,22.181753,-4.899233,-1.3552599,-2.7146816,-0.06105012
49964000,5.987732,22.160301,-4.8993416,-1.3553315,-2.715249,-0.060921412
49972000,5.9757633,22.138807,-4.899387,-1.35553,-2.7158298,-0.06081271
49980000,5.963819,22.117306,-4.8994427,-1.3556621,-2.7163677,-0.06061985
49988000,5.9518986,22.095793,-4.899508,-1.355761,-2.7169092,-0.06051254
49996000,5.940002,22.074274,-4.8995833,-1.3558481,-2.7174828,-0.06041106
50004000,5.9280367,22.052715,-4.8995976,-1.3559886,-2.7180622,-0.06024512
50012000,5.9160957,22.03115,-4.8996234,-1.356102,-2.7185776,-0.060080264
50020000,5.904179,22.009577,-4.8996606,-1.3561596,-2.7191255,-0.05998768
50028000,5.8922863,21.987997,-4.899709,-1.3561463,-2.7197032,-0.059890337
50036000,5.8803196,21.96638,-4.8997164,-1.3561891,-2.72027,-0.05977241
50044000,5.868378,21.944754,-4.899735,-1.3561718,-2.7208436,-0.059701305
50052000,5.856462,21.92312,-4.899765,-1.3561671,-2.7213745,-0.059654932
50060000,5.84457,21.901482,-4.8998055,-1.3561778,-2.7219057,-0.059604738
50068000,5.832628,21.879812,-4.899824,-1.3562506,-2.72247,-0.059569277
50076000,5.8207107,21.858137,-4.899854,-1.3562729,-2.7229817,-0.059521805
50084000,5.8088174,21.836456,-4.8998947,-1.3562839,-2.7235343,-0.059470154
50092000,5.796949,21.814768,-4.899946,-1.3562341,-2.7240465,-0.059428744
50100000,5.7851043,21.793076,-4.900009,-1.3561382,-2.7245743,-0.05947262
50108000,5.773178,21.77137,-4.9000444,-1.3561378,-2.725112,-0.059558205
50116000,5.7612777,21.749657,-4.9000916,-1.3560966,-2.725614,-0.059646346
50128000,5.749402,21.72794,-4.90015,-1.3560761,-2.7261384,-0.059681293
50132000,5.7375507,21.706217,-4.9002194,-1.3559811,-2.7265909,-0.059726767
50140000,5.725618,21.68446,-4.9002666,-1.3559332,-2.7270725,-0.059753742
50148000,5.713711,21.662699,-4.900325,-1.3558887,-2.7275288,-0.059813954
50156000,5.701829,21.640932,-4.900394,-1.3558037,-2.7280223,-0.059841666
50164000,5.6899724,21.619164,-4.9004745,-1.3557001,-2.7284493,-0.059924178
50172000,5.6780314,21.597363,-4.9005284,-1.3556161,-2.7289593,-0.059998345
50180000,5.666117,21.575558,-4.9005938,-1.3555311,-2.729459,-0.060097545
50188000,5.6542287,21.55375,-4.9006705,-1.3554206,-2.7299411,-0.060175974
50196000,5.642366,21.531937,-4.9007583,-1.3552717,-2.7304053,-0.060210194
50204000,5.630416,21.510098,-4.9008265,-1.3552352,-2.7309244,-0.06021636
50212000,5.618492,21.488255,-4.9009056,-1.3551865,-2.731363,-0.06026225
50220000,5.6065946,21.46641,-4.900996,-1.3551034,-2.7318094,-0.060391944
50228000,5.5947223,21.444561,-4.9010973,-1.3550185,-2.73229,-0.06045271
50236000,5.582759,21.422691,-4.9011736,-1.3550348,-2.7327597,-0.060556956
50244000,5.570821,21.400818,-4.9012613,-1.3549955,-2.7331886,-0.060639974
50252000,5.5589094,21.378942,-4.90136,-1.3549218,-2.7336695,-0.06067635
50260000,5.547024,21.357065,-4.9014688,-1.3548377,-2.7341263,-0.06076747
50268000,5.535055,21.335144,-4.901549,-1.3547843,-2.7345345,-0.060785346
50276000,5.5231137,21.313223,-4.9016395,-1.3547397,-2.7349865,-0.06087093
50284000,5.511199,21.291298,-4.901741,-1.3546768,-2.735451,-0.06092642
50292000,5.4993105,21.269373,-4.901853,-1.3545449,-2.7359583,-0.060928375
50300000,5.4873343,21.247412,-4.90195,-1.3544931,-2.7364674,-0.060956992
50308000,5.475385,21.22545,-4.902057,-1.3544515,-2.7368963,-0.061023533
50316000,5.463462,21.203487,-4.9021754,-1.3543587,-2.737385,-0.06114778
50324000,5.4515657,21.181524,-4.902304,-1.3541669,-2.7378469,-0.061264962
50332000,5.439597,21.159515,-4.9024343,-1.3541038,-2.73824,-0.06135551
50340000,5.4276567,21.137506,-4.9025745,-1.35402,-2.738645,-0.061432958
50348000,5.415743,21.115498,-4.9027247,-1.3539258,-2.739011,-0.061486825
50356000,5.403856,21.093489,-4.9028835,-1.353756,-2.739351,-0.0615216
50364000,5.3919954,21.071482,-4.9030523,-1.3535773,-2.7397287,-0.06159962
50372000,5.3800726,21.049429,-4.9032397,-1.3534899,-2.7401817,-0.06166884
50380000,5.3681755,21.027378,-4.9034357,-1.3533398,-2.7405283,-0.061719544
50388000,5.3563046,21.005327,-4.9036403,-1.3532037,-2.7409945,-0.06176668
50396000,5.3444605,20.983276,-4.9038525,-1.3529769,-2.741392,-0.06182533
50404000,5.3325653,20.961197,-4.9040766,-1.3527828,-2.7418497,-0.061884828
50412000,5.3206973,20.93912,-4.9043074,-1.3525966,-2.7422094,-0.06190126
50420000,5.3088555,20.917042,-4.904546,-1.3524319,-2.742556,-0.061933182
50428000,5.2970405,20.894966,-4.9047914,-1.3521799,-2.7429092,-0.061995484
50436000,5.2851844,20.872854,-4.905042,-1.3519766,-2.7432733,-0.06197382
50444000,5.2733555,20.850742,-4.9052997,-1.3517442,-2.743638,-0.06202078
50452000,5.2615514,20.828634,-4.9055643,-1.351478,-2.744041,-0.062080868
50460000,5.2497735,20.806526,-4.905836,-1.3512394,-2.7444148,-0.062150873
50468000,5.2379518,20.784376,-4.9061074,-1.3510555,-2.744807,-0.06219138
50476000,5.2261567,20.76223,-4.906385,-1.3508397,-2.7452033,-0.06225369
50484000,5.2143874,20.740084,-4.906669,-1.3505898,-2.74554,-0.062222566
50492000,5.202644,20.717941,-4.9069586,-1.3503418,-2.745892,-0.06221749
50500000,5.190856,20.69578,-4.9072485,-1.3500952,-2.7462099,-0.06220998
50508000,5.1790943,20.67362,-4.9075437,-1.349806,-2.7465367,-0.06214099
50516000,5.167359,20.651463,-4.907844,-1.34953,-2.746888,-0.062061146
50528000,5.1556478,20.629309,-4.9081492,-1.3491278,-2.74722,-0.062020462
50532000,5.143896,20.607157,-4.908457,-1.3488262,-2.7475243,-0.062030897
50540000,5.1321707,20.585007,-4.90877,-1.3484933,-2.7478435,-0.062010847
50548000,5.1204715,20.562859,-4.9090877,-1.3481418,-2.748118,-0.061976973
50556000,5.1087976,20.540712,-4.90941,-1.3478005,-2.7483916,-0.061889734
50564000,5.0970755,20.518562,-4.909737,-1.3474982,-2.7487025,-0.061843265
50572000,5.085379,20.496412,-4.9100685,-1.3471512,-2.7489471,-0.061821993
50580000,5.073709,20.474266,-4.9104047,-1.3467582,-2.7492142,-0.061791804
50588000,5.062064,20.452122,-4.910745,-1.3463695,-2.7494183,-0.061750345
50596000,5.05037,20.429985,-4.9110856,-1.3460552,-2.7496037,-0.061595354
50604000,5.038702,20.407852,-4.9114294,-1.3457521,-2.7498133,-0.0614821
50612000,5.027059,20.38572,-4.9117765,-1.3453902,-2.7500503,-0.061347563
50620000,5.0154414,20.36359,-4.91213,-1.3449705,-2.7502816,-0.061213125
50628000,5.003849,20.341463,-4.912486,-1.3446108,-2.7505326,-0.061086077
50636000,4.992231,20.319334,-4.912831,-1.3442372,-2.7507265,-0.060906593
50644000,4.9806376,20.297209,-4.9131784,-1.3438482,-2.750868,-0.060740814
50652000,4.969069,20.275085,-4.913529,-1.34341,-2.750986,-0.060602896
50660000,4.9575233,20.252966,-4.9138823,-1.3429778,-2.7510943,-0.060458478
50668000,4.9459467,20.230839,-4.914231,-1.3425885,-2.7513163,-0.06029296
50676000,4.9343953,20.208715,-4.914582,-1.3421633,-2.751464,-0.060095277
50684000,4.9228683,20.186594,-4.9149346,-1.3417072,-2.7515957,-0.05989456
50692000,4.9113655,20.164474,-4.9152904,-1.3412182,-2.7517202,-0.0597678
50700000,4.8998322,20.142347,-4.91563,-1.3407137,-2.7517905,-0.059630796
50708000,4.888324,20.120222,-4.9159718,-1.340252,-2.7519512,-0.059477236
50716000,4.876839,20.0981,-4.9163165,-1.3398165,-2.7520833,-0.059301432
50724000,4.865378,20.075981,-4.9166765,-1.3394377,-2.7522151,-0.059099905
50732000,4.8538713,20.053854,-4.917024,-1.339019,-2.7523334,-0.058899898
50740000,4.842389,20.03173,-4.917374,-1.3385961,-2.7524705,-0.058722906
50748000,4.8309307,20.009611,-4.9177265,-1.3381536,-2.7525184,-0.058558725
50756000,4.8194957,19.987492,-4.918081,-1.337679,-2.7526546,-0.058380395
50764000,4.808024,19.965363,-4.918416,-1.3372551,-2.75278,-0.058181897
50772000,4.796576,19.943237,-4.9187536,-1.3367717,-2.7529218,-0.05791671
50780000,4.7851524,19.921114,-4.9190927,-1.3362906,-2.752981,-0.057692673
50788000,4.7737517,19.898993,-4.919433,-1.3358476,-2.7530975,-0.057428632
50796000,4.7623158,19.876852,-4.9197507,-1.3353939,-2.7532048,-0.057172883
50804000,4.750901,19.854713,-4.9200706,-1.3349395,-2.7532809,-0.056987472
50812000,4.7395096,19.832577,-4.920393,-1.3345151,-2.7533493,-0.05677548
50820000,4.7281413,19.810446,-4.9207172,-1.3340241,-2.7534356,-0.056541238
50828000,4.7167187,19.788269,-4.9210243,-1.3335809,-2.7535172,-0.056343928
50836000,4.7053204,19.766098,-4.921334,-1.333143,-2.7535625,-0.0561381
50844000,4.693945,19.74393,-4.9216456,-1.332735,-2.753666,-0.05586274
50852000,4.682592,19.721766,-4.921959,-1.3323026,-2.753765,-0.055591255
50860000,4.671197,19.69956,-4.9222617,-1.3319328,-2.7539065,-0.055360194
50868000,4.659825,19.67736,-4.922586,-1.331495,-2.754085,-0.05515499
50876000,4.6484737,19.655163,-4.922912,-1.3310026,-2.754215,-0.054941416
50884000,4.6371455,19.63297,-4.9232397,-1.3305392,-2.7542927,-0.054760832
50892000,4.6258397,19.610783,-4.923569,-1.3300536,-2.7543657,-0.054560088
50900000,4.6144867,19.588547,-4.9238877,-1.3296051,-2.7544715,-0.054334164
50912000,4.6031566,19.566315,-4.924207,-1.3291746,-2.7546103,-0.05408468
50916000,4.591849,19.544088,-4.9245276,-1.3287151,-2.7547283,-0.05384422
50924000,4.5805635,19.521866,-4.92485,-1.3281939,-2.7548196,-0.053648844
50932000,4.569247,19.49959,-4.9251647,-1.3277414,-2.7549515,-0.05345589
50940000,4.5579495,19.47732,-4.9254813,-1.3272839,-2.75508,-0.053203274
50948000,4.546675,19.455055,-4.925799,-1.3267894,-2.7551856,-0.05300629
50956000,4.535423,19.432796,-4.9261184,-1.3262545,-2.7552986,-0.052815683
50964000,4.5241213,19.41048,-4.926422,-1.32574,-2.755482,-0.052643567
50972000,4.512842,19.388172,-4.926728,-1.3252805,-2.7556114,-0.05247663
50980000,4.501586,19.36587,-4.9270353,-1.3247755,-2.755767,-0.05225142
50988000,4.4903517,19.343573,-4.9273443,-1.3243228,-2.7559152,-0.052015763
50996000,4.4790645,19.321215,-4.9276476,-1.3239567,-2.7561228,-0.051824562
51004000,4.467799,19.298862,-4.9279523,-1.3236268,-2.7562866,-0.051591836
51012000,4.456553,19.276518,-4.928259,-1.3231887,-2.7564664,-0.051324807
51020000,4.4453287,19.25418,-4.9285665,-1.3226606,-2.7566211,-0.051102974
51028000,4.4340434,19.231783,-4.9288754,-1.3222581,-2.756834,-0.050860543
51036000,4.4227805,19.209394,-4.929186,-1.3219141,-2.757066,-0.05065442
51044000,4.4115396,19.187012,-4.9294977,-1.321532,-2.7572837,-0.050490454
51052000,4.40032,19.164637,-4.9298105,-1.321081,-2.7574217,-0.050259057
51060000,4.3890386,19.142204,-4.9301095,-1.3207375,-2.7576041,-0.050047953
51068000,4.3777795,19.119778,-4.93041,-1.3203495,-2.75773,-0.049751304
51076000,4.366543,19.097363,-4.930711,-1.3199484,-2.7579083,-0.04954776
51084000,4.355325,19.074953,-4.9310136,-1.3195148,-2.7581012,-0.049309738
51092000,4.344056,19.05249,-4.931294,-1.3191856,-2.7583406,-0.049087796
51100000,4.332809,19.030037,-4.9315763,-1.3188412,-2.7585618,-0.048804555
51108000,4.3215837,19.007591,-4.9318595,-1.3184435,-2.7587461,-0.04857196
51116000,4.3103805,18.985153,-4.9321446,-1.3180732,-2.7589476,-0.048353545
51124000,4.2991185,18.962635,-4.932405,-1.3177156,-2.759174,-0.048139196
51132000,4.2878785,18.940128,-4.9326673,-1.3173879,-2.7593594,-0.047943395
51140000,4.2766604,18.91763,-4.9329314,-1.316998,-2.7595556,-0.047738545
51148000,4.265465,18.89514,-4.933198,-1.3166412,-2.7598026,-0.047507863
51156000,4.2542872,18.87266,-4.933466,-1.3162572,-2.7599957,-0.047262948
51164000,4.2430468,18.850101,-4.933716,-1.315914,-2.760283,-0.047034536
51176000,4.2318287,18.827553,-4.9339705,-1.315581,-2.7605426,-0.04681672
51180000,4.220632,18.805014,-4.934227,-1.315202,-2.7608247,-0.046625093
51188000,4.2094574,18.782482,-4.9344854,-1.3148545,-2.761105,-0.04647507
51196000,4.1982303,18.75986,-4.93473,-1.3145103,-2.7613764,-0.046283722
51204000,4.187025,18.737247,-4.934977,-1.3141959,-2.7615917,-0.04602591
51212000,4.1758413,18.714645,-4.935225,-1.3137835,-2.7618346,-0.045770258
51220000,4.164677,18.692055,-4.9354777,-1.3134146,-2.7621212,-0.0455398
51228000,4.15347,18.669378,-4.9357047,-1.3131119,-2.7624261,-0.045267664
51236000,4.1422853,18.646711,-4.935934,-1.3127456,-2.7626975,-0.045039475
51244000,4.131122,18.624058,-4.9361653,-1.3124176,-2.7629929,-0.044780623
51252000,4.11998,18.601416,-4.936398,-1.3120989,-2.7632928,-0.044525687
51260000,4.1087885,18.578669,-4.936607,-1.3118426,-2.763605,-0.044270895
51268000,4.097618,18.555933,-4.9368176,-1.3115653,-2.7639143,-0.04407669
51276000,4.086469,18.533213,-4.9370317,-1.3112602,-2.76424,-0.043912284
51284000,4.0753407,18.510502,-4.9372473,-1.310954,-2.764564,-0.043617446
51292000,4.0641594,18.487703,-4.937439,-1.310674,-2.7649026,-0.043412983
51300000,4.053,18.464918,-4.9376335,-1.3103517,-2.7652278,-0.043194614
51308000,4.041862,18.442144,-4.9378304,-1.3100182,-2.7655349,-0.04300945
51316000,4.030745,18.419386,-4.93803,-1.3096981,-2.7658286,-0.04280122
51324000,4.0195823,18.396526,-4.9382224,-1.3094275,-2.7661803,-0.04258528
51332000,4.0084405,18.37368,-4.938417,-1.3090996,-2.7665071,-0.042369545
51340000,3.9973204,18.35085,-4.9386144,-1.3087679,-2.7667818,-0.042217705
51348000,3.9862213,18.328033,-4.9388146,-1.3084081,-2.7670507,-0.042042077
51356000,3.9750624,18.30513,-4.9390035,-1.3081405,-2.7674153,-0.041870367
51364000,3.9639218,18.282244,-4.9391947,-1.3078539,-2.7677393,-0.041696746
51372000,3.9528024,18.259373,-4.939437,-1.3075904,-2.7681437,-0.041564394
51380000,3.9417036,18.236515,-4.9396806,-1.3073314,-2.768469,-0.041382622
51388000,3.9305353,18.213589,-4.939904,-1.3071576,-2.7688234,-0.041204948
51396000,3.9193883,18.19068,-4.9401298,-1.306926,-2.7691514,-0.041080628
51404000,3.9082625,18.167784,-4.940357,-1.3066518,-2.769452,-0.04095436
51412000,3.897158,18.144905,-4.9405866,-1.3063116,-2.7697427,-0.040820148
51420000,3.8860743,18.12204,-4.9408174,-1.3060029,-2.7700408,-0.040704474
51428000,3.8749232,18.099104,-4.9410343,-1.3058205,-2.7703595,-0.04059984
51436000,3.8637903,18.076183,-4.9412537,-1.3055811,-2.770713,-0.040439
51444000,3.8526785,18.053278,-4.941475,-1.3053118,-2.7709935,-0.040250335
51452000,3.8415875,18.03039,-4.941697,-1.3050753,-2.771235,-0.040055018
51460000,3.8304555,18.007418,-4.9418917,-1.3048764,-2.7715116,-0.039826877
51468000,3.8193445,17.98446,-4.9420958,-1.3046317,-2.7718387,-0.03969273
51476000,3.8082542,17.961521,-4.9423018,-1.3043903,-2.7721705,-0.03961137
51484000,3.7971842,17.938597,-4.9425106,-1.3041445,-2.772436,-0.03946279
51492000,3.7860844,17.91558,-4.9426994,-1.3038952,-2.7727323,-0.039260324
51500000,3.7750022,17.892584,-4.942891,-1.3036312,-2.773064,-0.039057013
51508000,3.7639408,17.869604,-4.9430842,-1.3033386,-2.7733557,-0.03888736
51516000,3.7528996,17.84664,-4.9432797,-1.3030748,-2.7736304,-0.038715765
51524000,3.7417943,17.823584,-4.943454,-1.3028066,-2.774004,-0.03852007
51532000,3.73071,17.800547,-4.94363,-1.3026224,-2.7743087,-0.03834888
51540000,3.7196457,17.777525,-4.943809,-1.3024105,-2.774605,-0.03821339
51548000,3.708602,17.754524,-4.94399,-1.3021288,-2.774859,-0.038045794
51556000,3.6975024,17.731424,-4.944163,-1.3019178,-2.7751334,-0.037812453
51564000,3.6864238,17.708344,-4.944338,-1.3017039,-2.7754402,-0.037659585
51572000,3.6753628,17.685284,-4.9445305,-1.3014283,-2.7757444,-0.03749707
51580000,3.6643221,17.662241,-4.9447246,-1.301225,-2.7759714,-0.037320875
51588000,3.6532369,17.639097,-4.944909,-1.3009741,-2.7762854,-0.037195142
51596000,3.6421726,17.615973,-4.945096,-1.3007795,-2.7765968,-0.03704704
51604000,3.6311288,17.592867,-4.945285,-1.300541,-2.776834,-0.036878433
51612000,3.620105,17.569782,-4.945475,-1.3002949,-2.7770793,-0.036758114
51620000,3.609029,17.546616,-4.9456754,-1.300057,-2.7773848,-0.03669178
51628000,3.597974,17.523468,-4.945877,-1.2998425,-2.7776666,-0.03654811
51636000,3.586939,17.50034,-4.9460807,-1.2996526,-2.7779088,-0.03640532
51644000,3.575921,17.477234,-4.9462857,-1.2994219,-2.7781703,-0.036211252
51652000,3.5648406,17.454052,-4.9464912,-1.2992527,-2.7784886,-0.036012318
51660000,3.553781,17.430891,-4.946698,-1.29904,-2.778819,-0.03588234
51668000,3.5427425,17.40775,-4.946906,-1.2987393,-2.7791364,-0.035768416
51676000,3.5317247,17.384628,-4.947116,-1.2985071,-2.7793636,-0.03560138
51684000,3.5207267,17.361526,-4.9473267,-1.2982385,-2.7795649,-0.035514176
51692000,3.509669,17.338352,-4.947532,-1.298124,-2.779862,-0.035371576
51700000,3.4986317,17.315197,-4.947739,-1.2978947,-2.7801013,-0.03526636
51708000,3.4876146,17.29206,-4.947948,-1.2976782,-2.7803278,-0.03513943
51716000,3.4766145,17.268948,-4.948158,-1.2974986,-2.7804544,-0.03497406
51724000,3.4655538,17.24576,-4.9483633,-1.2973539,-2.7806554,-0.034868684
51732000,3.4545135,17.222593,-4.9485703,-1.2971908,-2.7808566,-0.034704756
51740000,3.4434936,17.19945,-4.9487777,-1.2969866,-2.7810137,-0.034559626
51748000,3.4324937,17.176325,-4.9489865,-1.2967744,-2.7811556,-0.034442883
51756000,3.4214215,17.153147,-4.949184,-1.2966461,-2.7813613,-0.03432598
51764000,3.4103699,17.12999,-4.9493823,-1.2964991,-2.7815487,-0.034239464
51772000,3.3993387,17.106853,-4.9495826,-1.2963365,-2.781704,-0.034187026
51780000,3.3883247,17.083738,-4.9497848,-1.2961712,-2.781844,-0.034062922
51788000,3.377238,17.060574,-4.9499745,-1.29607,-2.7820785,-0.033915605
51796000,3.3661723,17.03743,-4.9501653,-1.2959793,-2.7821803,-0.03373255
51804000,3.355127,17.014307,-4.9503574,-1.2958483,-2.7822993,-0.033658396
51812000,3.344102,16.991203,-4.9505515,-1.2957162,-2.7823792,-0.033461448
51820000,3.3330176,16.968067,-4.950749,-1.2956324,-2.782496,-0.033336766
51828000,3.321954,16.944952,-4.9509473,-1.2955257,-2.7826188,-0.033156566
51836000,3.310911,16.921858,-4.9511466,-1.2953805,-2.7826598,-0.032982077
51844000,3.299888,16.898785,-4.951347,-1.2952623,-2.78268,-0.032768745
51852000,3.2888007,16.875687,-4.9515357,-1.2952362,-2.7827501,-0.03264878
51860000,3.277734,16.852608,-4.951726,-1.2951458,-2.7827916,-0.032497317
51868000,3.2666876,16.82955,-4.951917,-1.2950752,-2.7827806,-0.032345954
51876000,3.255661,16.806513,-4.9521093,-1.2949553,-2.7827737,-0.032245114
51884000,3.2445686,16.783457,-4.952294,-1.2948905,-2.7827795,-0.032136843
51892000,3.2334967,16.760422,-4.95248,-1.294879,-2.782814,-0.0320033
51900000,3.2224443,16.737404,-4.952667,-1.2948506,-2.782777,-0.031904623
51908000,3.211412,16.714409,-4.952856,-1.2947277,-2.7826848,-0.031804003
51916000,3.2003303,16.691393,-4.9530497,-1.2946396,-2.7826579,-0.031701263
51924000,3.1892655,16.668398,-4.9532447,-1.2945668,-2.7825663,-0.03157256
51932000,3.1782215,16.645422,-4.9534407,-1.2944505,-2.7824724,-0.031420615
51940000,3.1671972,16.622465,-4.9536376,-1.29436,-2.782383,-0.03129282
51948000,3.1561928,16.599527,-4.9538355,-1.2942276,-2.7822711,-0.031204347
51956000,3.1451416,16.576586,-4.954042,-1.2941736,-2.7821703,-0.031062039
51964000,3.1341102,16.553663,-4.954249,-1.2941216,-2.7820742,-0.03091361
51972000,3.1230984,16.53076,-4.954456,-1.2939917,-2.7819026,-0.03076884
51980000,3.112106,16.507874,-4.9546638,-1.2938439,-2.7817016,-0.03066592
51988000,3.1010764,16.48497,-4.954877,-1.2937658,-2.7815804,-0.030539336
51996000,3.0900629,16.462086,-4.955091,-1.2936869,-2.7813745,-0.030396922
52004000,3.0790687,16.43922,-4.9553056,-1.2936233,-2.7811882,-0.030356918
52012000,3.0680935,16.416374,-4.955521,-1.293485,-2.7810013,-0.030272618
52020000,3.0570967,16.393505,-4.955747,-1.2933631,-2.7808144,-0.03014002
52028000,3.0461192,16.370657,-4.955973,-1.2932318,-2.7806141,-0.030034792
52036000,3.0351605,16.347824,-4.9562,-1.2931513,-2.7803926,-0.02997449
52044000,3.0242202,16.325012,-4.956427,-1.2930018,-2.7800713,-0.029910153
52052000,3.0132575,16.302176,-4.95667,-1.2929202,-2.7798216,-0.02983241
52060000,3.0023098,16.279358,-4.956913,-1.2928132,-2.7795694,-0.029737614
52068000,2.9913807,16.256557,-4.957173,-1.2926983,-2.7793598,-0.029619457
52076000,2.9804697,16.233776,-4.9574323,-1.292529,-2.7791317,-0.029493332
52084000,2.969556,16.210953,-4.957699,-1.2923632,-2.7789223,-0.029343458
52092000,2.9586606,16.188148,-4.9579635,-1.2922302,-2.778686,-0.029182589
52100000,2.9477828,16.165363,-4.958227,-1.2920693,-2.7785032,-0.029060194
52108000,2.9369223,16.142593,-4.95849,-1.2918918,-2.7782452,-0.02892097
52116000,2.9260602,16.119774,-4.958739,-1.2917087,-2.7780027,-0.028753964
52124000,2.9152155,16.096973,-4.95899,-1.2915705,-2.777765,-0.02860265
52132000,2.9043844,16.074192,-4.9592404,-1.2914025,-2.7775335,-0.0285076
52140000,2.8935704,16.051426,-4.9594903,-1.2911791,-2.7773182,-0.028335202
52148000,2.882742,16.028585,-4.959731,-1.2909619,-2.777187,-0.028191969
52156000,2.8719308,16.005762,-4.959971,-1.2907712,-2.7770205,-0.028007818
52164000,2.8611362,15.982959,-4.96021,-1.2905464,-2.7768304,-0.02779821
52172000,2.8503582,15.960173,-4.960448,-1.2903397,-2.7766612,-0.027694305
52180000,2.8395429,15.9373,-4.960692,-1.2901603,-2.776495,-0.027533123
52188000,2.8287444,15.914447,-4.960935,-1.2899166,-2.7763126,-0.027369754
52196000,2.8179626,15.891612,-4.961177,-1.2897527,-2.776164,-0.027217371
52204000,2.8071947,15.868797,-4.961418,-1.2895015,-2.7759821,-0.027054308
52212000,2.7964425,15.846,-4.9616585,-1.2893472,-2.775803,-0.026908576
52220000,2.7856445,15.823105,-4.96191,-1.2891178,-2.7756615,-0.026777769
52228000,2.7748637,15.800229,-4.96216,-1.2889127,-2.7755647,-0.026655916
52236000,2.7640994,15.777372,-4.962409,-1.2887175,-2.7754169,-0.02656932
52244000,2.7533514,15.754535,-4.9626575,-1.2885288,-2.775268,-0.026456207
52252000,2.7425668,15.731596,-4.9629064,-1.2882899,-2.775161,-0.026303498
52260000,2.7317991,15.708677,-4.9631534,-1.2880969,-2.775078,-0.026177764
52268000,2.7210476,15.68578,-4.9633994,-1.2879139,-2.7749975,-0.025991397
52276000,2.7103095,15.662901,-4.9636445,-1.2877084,-2.7748623,-0.025826827
52284000,2.69953,15.639915,-4.9638963,-1.2875086,-2.7748566,-0.025626775
52292000,2.6887677,15.616951,-4.9641466,-1.2872547,-2.7748418,-0.025493063
52300000,2.6780221,15.5940075,-4.9643955,-1.2870138,-2.7748094,-0.025370441
52308000,2.6672928,15.571083,-4.964643,-1.2868652,-2.7747471,-0.025185825
52316000,2.6565285,15.54807,-4.9649053,-1.2866915,-2.7747614,-0.025023278
52324000,2.6457806,15.525078,-4.9651675,-1.2864952,-2.7748022,-0.024852967
52332000,2.635049,15.502108,-4.965428,-1.2862911,-2.774777,-0.02467813
52340000,2.624331,15.4791565,-4.9656863,-1.2860324,-2.7747285,-0.024497775
52348000,2.6135619,15.456139,-4.96595,-1.2858381,-2.7747207,-0.024322491
52356000,2.60281,15.433141,-4.9662113,-1.2856712,-2.7747548,-0.02412956
52364000,2.5920742,15.410165,-4.96647,-1.2854929,-2.774732,-0.023914384
52372000,2.5813546,15.387209,-4.9667315,-1.2852602,-2.7746298,-0.02367744
52380000,2.5705576,15.364184,-4.966987,-1.2851704,-2.7746265,-0.023527598
52388000,2.5597773,15.341181,-4.9672403,-1.285042,-2.7746153,-0.02331941
52396000,2.5490134,15.318199,-4.967491,-1.2849587,-2.7746303,-0.02305498
52404000,2.5382657,15.295238,-4.967739,-1.2848421,-2.7745814,-0.022908231
52412000,2.527454,15.272205,-4.967982,-1.2848043,-2.7745805,-0.022712493
52420000,2.5166593,15.249195,-4.968222,-1.2847327,-2.7745311,-0.022453887
52428000,2.5058813,15.226207,-4.9684596,-1.2845715,-2.7745469,-0.02226693
52436000,2.4951203,15.2032385,-4.968695,-1.2844343,-2.7745438,-0.022066593
52444000,2.484289,15.180194,-4.9689264,-1.2843184,-2.774606,-0.021965517
52452000,2.4734755,15.157171,-4.9691563,-1.2842027,-2.7746756,-0.021822695
52460000,2.462679,15.13417,-4.9693837,-1.284141,-2.7746682,-0.021639397
52468000,2.4518993,15.11119,-4.9696302,-1.2840614,-2.7746491,-0.021408658
52476000,2.4411356,15.08823,-4.9698734,-1.2839974,-2.774601,-0.021207038
52484000,2.4303162,15.065206,-4.970113,-1.283978,-2.7745903,-0.02101804
52492000,2.419514,15.042203,-4.97035,-1.2839472,-2.7745125,-0.020830853
52500000,2.408728,15.019222,-4.9705844,-1.2839433,-2.7744808,-0.020638226
52512000,2.3979578,14.996263,-4.970816,-1.2838901,-2.7743728,-0.020421103
52516000,2.3871458,14.973237,-4.9710617,-1.2838335,-2.7743428,-0.020249007
52524000,2.3763509,14.950234,-4.9713144,-1.2837756,-2.774319,-0.020057946
52532000,2.3655722,14.927254,-4.971564,-1.2836969,-2.7743404,-0.019815195
52540000,2.35481,14.904292,-4.97181,-1.2835897,-2.7743385,-0.019585032
52548000,2.3440049,14.881265,-4.97207,-1.283532,-2.7743866,-0.019368477
52556000,2.333213,14.858259,-4.972327,-1.283484,-2.7743335,-0.019087754
52564000,2.322438,14.835276,-4.97258,-1.2834089,-2.774267,-0.018851912
52572000,2.311679,14.812313,-4.9728312,-1.2833178,-2.774228,-0.018691558
52580000,2.3008723,14.789275,-4.9731064,-1.2833393,-2.7742255,-0.018516142
52588000,2.2900817,14.76626,-4.973378,-1.2833027,-2.7742257,-0.018360436
52596000,2.2793076,14.743267,-4.9736457,-1.2832775,-2.7742019,-0.018172445
52604000,2.2685492,14.720294,-4.9739094,-1.2832198,-2.774198,-0.017945787
52612000,2.2577279,14.697233,-4.9741936,-1.2832592,-2.774207,-0.017785223
52620000,2.2469199,14.674196,-4.974476,-1.2832383,-2.7741578,-0.017549245
52628000,2.2361288,14.651181,-4.974753,-1.2832068,-2.7741573,-0.017300133
52636000,2.2253535,14.628188,-4.9750257,-1.2832224,-2.774182,-0.017061
52644000,2.2145073,14.605111,-4.975312,-1.2832428,-2.774171,-0.016883463
52652000,2.2036784,14.582058,-4.9755945,-1.2832681,-2.774103,-0.016703276
52660000,2.192866,14.559028,-4.975872,-1.2832689,-2.774075,-0.0165174
52668000,2.1820703,14.53602,-4.9761453,-1.2832069,-2.7740307,-0.016311768
52676000,2.1712058,14.512952,-4.9764256,-1.2832345,-2.774034,-0.01609587
52684000,2.1603582,14.489907,-4.976701,-1.2833005,-2.7740173,-0.01586857
52692000,2.1495242,14.466886,-4.9769716,-1.2833291,-2.77392,-0.015592422
52700000,2.138707,14.443887,-4.977237,-1.283367,-2.7737947,-0.015341209
52708000,2.1278007,14.42081,-4.977505,-1.283468,-2.773748,-0.015119062
52716000,2.116912,14.397757,-4.9777684,-1.2835557,-2.773694,-0.014899425
52724000,2.1060402,14.374727,-4.9780273,-1.2836618,-2.773612,-0.014689363
52732000,2.0951855,14.351721,-4.978281,-1.2837212,-2.773549,-0.014457504
52740000,2.0843472,14.328735,-4.978531,-1.2838141,-2.7734795,-0.014273326
52748000,2.0734327,14.30568,-4.97878,-1.2839013,-2.773419,-0.01402686
52756000,2.0625353,14.282648,-4.979024,-1.2840863,-2.7733285,-0.013790438
52764000,2.0516517,14.25964,-4.9792643,-1.2841955,-2.7732604,-0.013579123
52772000,2.040785,14.236653,-4.9795,-1.2842759,-2.773254,-0.013340555
52780000,2.0298383,14.213605,-4.9797397,-1.2843893,-2.7732663,-0.01309267
52788000,2.01891,14.19058,-4.979975,-1.2845045,-2.773273,-0.012889176
52796000,2.007999,14.167578,-4.9802065,-1.2846503,-2.7731822,-0.012687257
52804000,1.9971051,14.144597,-4.980434,-1.2847213,-2.773143,-0.012472279
52812000,1.9861436,14.121549,-4.980663,-1.2849445,-2.7731323,-0.012230414
52820000,1.9751995,14.098523,-4.9808874,-1.285132,-2.7730737,-0.012004068
52828000,1.9642726,14.075521,-4.981107,-1.285307,-2.772963,-0.011756814
52836000,1.9533598,14.052542,-4.9813232,-1.2854632,-2.7728374,-0.011545509
52844000,1.9423813,14.029497,-4.9815497,-1.2856553,-2.7727413,-0.011324619
52852000,1.9314209,14.006476,-4.981771,-1.2857763,-2.7726784,-0.011097235
52860000,1.9204785,13.983479,-4.981988,-1.2859064,-2.7725818,-0.010900546
52868000,1.9095535,13.960504,-4.982201,-1.2860233,-2.772442,-0.010678446
52876000,1.8985766,13.937475,-4.982438,-1.2861944,-2.7723396,-0.010485934
52884000,1.8876177,13.91447,-4.982671,-1.2863463,-2.7721949,-0.0102992505
52892000,1.8766763,13.891488,-4.982898,-1.2864594,-2.772098,-0.010034729
52900000,1.8657495,13.868528,-4.9831214,-1.2866141,-2.7719529,-0.009825702
52908000,1.8547678,13.845518,-4.983371,-1.2868316,-2.7718594,-0.009678015
52916000,1.8438038,13.822532,-4.9836154,-1.2870347,-2.7717237,-0.00949969
52924000,1.8328571,13.799568,-4.983855,-1.2871454,-2.7715917,-0.009276854
52932000,1.821928,13.776627,-4.984089,-1.2872658,-2.7715232,-0.009098382
52940000,1.8109401,13.753652,-4.984349,-1.2874354,-2.7714496,-0.008910787
52948000,1.7999701,13.7307,-4.984602,-1.2876143,-2.7713253,-0.008677219
52956000,1.7890177,13.707769,-4.98485,-1.2877264,-2.7712154,-0.00850053
52964000,1.7780826,13.684861,-4.985093,-1.2878711,-2.7710712,-0.008350857
52972000,1.767088,13.661922,-4.9853897,-1.2880629,-2.7709384,-0.00815307
52980000,1.7561113,13.639007,-4.985679,-1.2882365,-2.7708013,-0.007904269
52988000,1.745152,13.616112,-4.9859614,-1.2884098,-2.7706494,-0.0076520555
52996000,1.7342099,13.593238,-4.9862366,-1.2885504,-2.7704532,-0.0074498295
53004000,1.7232851,13.570386,-4.9865055,-1.2886585,-2.7702436,-0.007235249
53012000,1.6707898,-25.968954,-4.986775,-1.2888205,-2.770019,-0.007031603
53020000,1.6602196,-25.99107,-4.9870377,-1.2889984,-2.7698398,-0.006774328
53028000,1.649655,-26.013187,-4.987294,-1.2891438,-2.7695456,-0.006569573
53036000,1.6390963,-26.035303,-4.987544,-1.289275,-2.769305,-0.0064147543
53044000,1.6286044,-26.06087,-4.98779,-1.2893931,-2.7691,-0.006228666
53052000,1.6181165,-26.086336,-4.98803,-1.2894781,-2.7688096,-0.0060058567
53060000,1.6076319,-26.111708,-4.9883013,-1.2897513,-2.7691073,-0.018092131
53068000,1.5971493,-26.136992,-4.9887476,-1.2901425,-2.7701623,-0.04538714
53076000,1.586531,-26.16499,-4.989418,-1.2906821,-2.7715273,-0.07735592
53084000,1.5759168,-26.192831,-4.990341,-1.2911881,-2.7728004,-0.10917343
53092000,1.5653073,-26.220516,-4.991509,-1.2915261,-2.7737534,-0.13944933
53100000,1.5547032,-26.248049,-4.992909,-1.2917806,-2.7741084,-0.16843018
53108000,1.5440913,-26.278103,-4.99454,-1.2918675,-2.7735379,-0.19753128
53116000,1.533488,-26.30792,-4.9964075,-1.2917387,-2.771728,-0.22861136
53124000,1.5228949,-26.337496,-4.998534,-1.29124,-2.7683053,-0.26329824
53132000,1.5123149,-26.366821,-5.000945,-1.2903627,-2.7628927,-0.30027607
53140000,1.5016402,-26.398785,-5.0037336,-1.289093,-2.7553773,-0.33758166
53148000,1.4909877,-26.430391,-5.00681,-1.2874033,-2.7457027,-0.37356454
53156000,1.4803604,-26.461636,-5.0101604,-1.2852447,-2.7338073,-0.40716875
53164000,1.4697616,-26.492506,-5.0137634,-1.2827018,-2.7197683,-0.43788067
53172000,1.4591297,-26.525785,-5.017757,-1.279792,-2.7036283,-0.4654805
53180000,1.4485344,-26.558592,-5.0219493,-1.2764958,-2.685608,-0.48968878
53188000,1.4379777,-26.590921,-5.0263133,-1.2727705,-2.6657703,-0.510434
53196000,1.4274622,-26.622768,-5.0308204,-1.268819,-2.64428,-0.5277146
53204000,1.4168802,-26.656809,-5.035669,-1.2644849,-2.6212869,-0.5418011
53212000,1.4063469,-26.690283,-5.040604,-1.2599281,-2.5968719,-0.55265236
53220000,1.395864,-26.723188,-5.0456004,-1.2550235,-2.5712113,-0.56038404
53228000,1.3854337,-26.755531,-5.050634,-1.2498984,-2.5444083,-0.56520635
53236000,1.3749408,-26.78995,-5.055898,-1.2446007,-2.5165203,-0.5675483
53244000,1.3645064,-26.82373,-5.061154,-1.2390461,-2.4877288,-0.5674124
53252000,1.3541319,-26.856874,-5.0663824,-1.2333505,-2.457985,-0.56498176
53260000,1.3438187,-26.889389,-5.071567,-1.2273808,-2.4274566,-0.5605099
53268000,1.3335675,-26.92128,-5.0767097,-1.2213144,-2.3962042,-0.55414885
53276000,1.3232523,-26.955208,-5.0819445,-1.2151564,-2.3640616,-0.5461665
53284000,1.3130044,-26.988441,-5.08709,-1.2087443,-2.3311474,-0.53672355
53292000,1.3028247,-27.020985,-5.0921354,-1.2022045,-2.2976165,-0.52593505
53300000,1.2927144,-27.052849,-5.0970716,-1.1955041,-2.263417,-0.5139231
53308000,1.282574,-27.086622,-5.101971,-1.1887008,-2.2284024,-0.5009204
53316000,1.2725072,-27.11965,-5.1067433,-1.1817054,-2.192811,-0.48695427
53324000,1.2625101,-27.151941,-5.111381,-1.1745377,-2.156621,-0.47224197
53332000,1.2525879,-27.183502,-5.11588,-1.1672889,-2.1198637,-0.4567212
53340000,1.2426267,-27.216908,-5.1202426,-1.1599165,-2.08231,-0.44062397
53348000,1.2327447,-27.249521,-5.124457,-1.1524043,-2.0442092,-0.4239474
53356000,1.2229421,-27.281353,-5.1285186,-1.1448164,-2.0054722,-0.4068544
53364000,1.2132198,-27.312412,-5.132426,-1.1370265,-1.9661885,-0.38938937
53372000,1.2035022,-27.345226,-5.136116,-1.129152,-1.9261891,-0.37168685
53380000,1.1938679,-27.37721,-5.139649,-1.121136,-1.8856488,-0.35376748
53388000,1.1843177,-27.408371,-5.1430244,-1.112992,-1.844626,-0.3357426
53396000,1.1748518,-27.438719,-5.146241,-1.1047128,-1.8030411,-0.31753328
53404000,1.1654246,-27.470833,-5.1492023,-1.0962323,-1.7606698,-0.29922083
53412000,1.1560845,-27.502073,-5.152006,-1.0877205,-1.7178121,-0.28092584
53420000,1.1468316,-27.532454,-5.154653,-1.0790614,-1.6745299,-0.26266423
53428000,1.1376668,-27.561985,-5.157144,-1.0702578,-1.6308216,-0.24442315
53436000,1.128586,-27.593203,-5.1593614,-1.0613521,-1.5862836,-0.22622673
53444000,1.1195942,-27.623514,-5.1614265,-1.0523944,-1.541401,-0.20810828
53452000,1.1106918,-27.652933,-5.1633406,-1.0432311,-1.4961,-0.19015855
53460000,1.1018796,-27.681469,-5.165105,-1.0339727,-1.4503926,-0.17241874
53468000,1.0931605,-27.711609,-5.16661,-1.0246363,-1.40398,-0.15472099
53476000,1.0845321,-27.740814,-5.16797,-1.0152113,-1.3573016,-0.13718495
53484000,1.0759951,-27.769098,-5.1691866,-1.0056436,-1.3103435,-0.11983696
53492000,1.0675495,-27.796473,-5.1702614,-0.9960246,-1.2630758,-0.10277747
53500000,1.0592138,-27.825396,-5.1710515,-0.9863871,-1.2152138,-0.08585474
53508000,1.0509691,-27.85336,-5.1717067,-0.9766593,-1.1670734,-0.0692263
53516000,1.0428162,-27.880379,-5.1722293,-0.9667967,-1.118731,-0.052908313
53524000,1.0347557,-27.90647,-5.172622,-0.95679164,-1.0701996,-0.036850683
53532000,1.0267879,-27.931643,-5.1728873,-0.94681114,-1.0214281,-0.021091288
53540000,1.0189159,-27.958357,-5.172885,-0.9367101,-0.97216654,-0.0055339495
53548000,1.011137,-27.984108,-5.172762,-0.92655414,-0.9227869,0.009671023
53556000,1.0034515,-28.00891,-5.1725216,-0.9163386,-0.8732825,0.024531385
53564000,0.9958594,-28.032776,-5.172166,-0.906031,-0.82359827,0.039020356
53572000,0.9883614,-28.058138,-5.171551,-0.89572436,-0.77357996,0.05324769
53580000,0.9809569,-28.08252,-5.1708293,-0.8854047,-0.72349906,0.06717015
53588000,0.9736458,-28.105936,-5.1700034,-0.87502664,-0.6733304,0.0807033
53596000,0.96642846,-28.128407,-5.1690755,-0.8645799,-0.6231347,0.09383219
53604000,0.9593137,-28.152355,-5.1679225,-0.85405326,-0.57260823,0.10661996
53612000,0.952293,-28.175312,-5.166676,-0.8435157,-0.52209765,0.11898392
53620000,0.945366,-28.197294,-5.165341,-0.83298504,-0.47157857,0.13102199
53628000,0.9385327,-28.218317,-5.163918,-0.8224165,-0.42114425,0.14263728
53636000,0.931787,-28.240786,-5.1623006,-0.8118014,-0.37039876,0.15393205
53644000,0.92513543,-28.262255,-5.1606035,-0.80118304,-0.31977388,0.16476095
53652000,0.91857773,-28.282742,-5.1588306,-0.79051375,-0.26923904,0.17519006
53660000,0.91211385,-28.302265,-5.1569843,-0.77989113,-0.21883175,0.18527374
53668000,0.905708,-28.32324,-5.1549945,-0.76930547,-0.1682512,0.19495411
53676000,0.89939606,-28.343212,-5.152939,-0.7587033,-0.117788084,0.20425712
53684000,0.89317805,-28.362198,-5.15082,-0.7480701,-0.06751788,0.2131739
53692000,0.8870536,-28.380217,-5.14864,-0.73746854,-0.017479979,0.22168867
53700000,0.8810154,-28.399668,-5.146337,-0.7269574,0.0326822,0.22981524
53708000,0.87506986,-28.418112,-5.1439805,-0.71640164,0.08260361,0.237516
53716000,0.8692168,-28.435572,-5.1415744,-0.7058851,0.13223173,0.24479936
53724000,0.8634555,-28.452068,-5.139126,-0.69543254,0.18161845,0.25165647
53732000,0.8577768,-28.46999,-5.136567,-0.68494976,0.23107328,0.25820753
53740000,0.8521896,-28.48691,-5.133968,-0.674505,0.28014162,0.26439118
53748000,0.8466931,-28.50285,-5.131331,-0.664157,0.32893738,0.27018455
53756000,0.84128654,-28.517828,-5.1286592,-0.6538292,0.37738705,0.27556053
53764000,0.835957,-28.534248,-5.1258965,-0.64356554,0.42578956,0.28064403
53772000,0.8307166,-28.549673,-5.1231055,-0.6333234,0.47386795,0.28530487
53780000,0.8255648,-28.564123,-5.1202893,-0.62315845,0.5215652,0.28961676
53788000,0.820501,-28.577618,-5.11745,-0.6130299,0.5688459,0.2935318
53796000,0.8155242,-28.590178,-5.1145916,-0.60304105,0.6157306,0.2971209
53804000,0.8106135,-28.604225,-5.111664,-0.5930901,0.66243136,0.30043054
53812000,0.8057888,-28.617306,-5.1087217,-0.5831702,0.7086522,0.30333042
53820000,0.8010495,-28.629438,-5.1057796,-0.5733076,0.75452113,0.3058744
53828000,0.7963951,-28.640642,-5.102828,-0.5634526,0.79992926,0.3081008
53836000,0.7918083,-28.653345,-5.0998273,-0.55376047,0.84511435,0.3100176
53844000,0.78730416,-28.665087,-5.0968237,-0.5442178,0.8899186,0.31155396
53852000,0.7828816,-28.67589,-5.0938187,-0.5347378,0.9342519,0.312791
53860000,0.7785399,-28.685774,-5.0908146,-0.5253552,0.9780969,0.31370434
53868000,0.7742607,-28.697163,-5.0877824,-0.5161286,1.0216452,0.31432936
53876000,0.7700601,-28.707602,-5.0847564,-0.5069404,1.0646784,0.31472737
53884000,0.76593775,-28.717112,-5.081738,-0.49782398,1.1071831,0.31483582
53892000,0.76189256,-28.725716,-5.0787296,-0.4887997,1.1491555,0.3146485
53900000,0.75790095,-28.735838,-5.075715,-0.47987854,1.1907743,0.31424907
53908000,0.7539846,-28.745024,-5.0727143,-0.47108832,1.2318686,0.31358427
53916000,0.75014275,-28.753294,-5.06973,-0.46235085,1.2724944,0.3126134
53924000,0.7463747,-28.76067,-5.0667624,-0.4536994,1.3125719,0.31145272
53932000,0.7426382,-28.769602,-5.063803,-0.4451665,1.3522859,0.3100323
53940000,0.73897403,-28.777609,-5.060865,-0.43675834,1.3914312,0.3084155
53948000,0.7353812,-28.784714,-5.0579495,-0.42847356,1.4300395,0.30651727
53956000,0.73185885,-28.79094,-5.055059,-0.42019963,1.4681108,0.30444148
53964000,0.7284066,-28.796307,-5.052194,-0.41202334,1.5055754,0.3021185
53972000,0.72496796,-28.803295,-5.049366,-0.40409175,1.5425669,0.29961714
53980000,0.7215971,-28.809393,-5.046566,-0.39627102,1.5789809,0.29694226
53988000,0.7182931,-28.814625,-5.043796,-0.38854346,1.6148593,0.29413596
53996000,0.7149985,-28.821451,-5.0410547,-0.3809956,1.6501989,0.29119962
54004000,0.7117695,-28.827383,-5.0383453,-0.37349328,1.6850636,0.28805804
54012000,0.7086051,-28.83244,-5.0356693,-0.36610723,1.7193007,0.28477424
54020000,0.7055043,-28.836645,-5.033029,-0.35883614,1.7529768,0.28132802
54028000,0.7024019,-28.842482,-5.030429,-0.35173112,1.7861178,0.2776611
54036000,0.69936144,-28.847439,-5.0278664,-0.34475523,1.8187336,0.27385935
54044000,0.69638234,-28.851538,-5.025341,-0.33781123,1.850793,0.26999873
54052000,0.69346344,-28.854801,-5.0228534,-0.33103344,1.88227,0.26605326
54060000,0.6906041,-28.857252,-5.0204043,-0.32425648,1.9131975,0.26201835
54068000,0.6877473,-28.861416,-5.0180182,-0.31773922,1.9435135,0.25788087
54076000,0.68494797,-28.864737,-5.0156713,-0.31131777,1.9733442,0.2536012
54084000,0.68220526,-28.867235,-5.013365,-0.3049735,2.0026495,0.2493057
54092000,0.6795184,-28.868935,-5.011099,-0.29872084,2.0313969,0.2449377
54100000,0.6768234,-28.872374,-5.008908,-0.2926647,2.0595567,0.24048103
54108000,0.67418224,-28.874983,-5.0067577,-0.28670874,2.0871897,0.23594958
54116000,0.671594,-28.876785,-5.004649,-0.28088826,2.1142976,0.23140237
54124000,0.66905767,-28.8778,-5.0025816,-0.27514985,2.1408749,0.22684175
54132000,0.6665092,-28.88058,-5.0005918,-0.26969934,2.16685,0.2222323
54140000,0.66401,-28.882544,-4.998643,-0.26430002,2.1923063,0.21763696
54148000,0.66155964,-28.883713,-4.9967346,-0.25894308,2.2172527,0.2130165
54156000,0.6591577,-28.88411,-4.994867,-0.25364318,2.241681,0.20840402
54164000,0.65674835,-28.886301,-4.993081,-0.24862514,2.2655559,0.20371768
54172000,0.6543852,-28.88769,-4.991336,-0.24361013,2.2888865,0.19901161
54180000,0.6520678,-28.888296,-4.989631,-0.2386692,2.3117232,0.19435516
54188000,0.649795,-28.888144,-4.9879665,-0.23390873,2.3340905,0.18978018
54196000,0.6475143,-28.889822,-4.9863935,-0.2293237,2.3558633,0.18508355
54204000,0.64527625,-28.890709,-4.98486,-0.22475334,2.3772123,0.18049929
54212000,0.6430804,-28.890827,-4.983364,-0.22024235,2.398105,0.17597277
54220000,0.6409263,-28.890196,-4.9819064,-0.21577407,2.4185348,0.17143375
54228000,0.63873816,-28.891432,-4.9805436,-0.21158676,2.438361,0.16687825
54236000,0.63659,-28.891888,-4.979218,-0.2074248,2.4577568,0.16238274
54244000,0.63448143,-28.891584,-4.977928,-0.20332333,2.476748,0.15796888
54252000,0.6324121,-28.890547,-4.9766746,-0.19924405,2.495273,0.15363708
54260000,0.6303169,-28.891401,-4.9755173,-0.19538024,2.5132728,0.1493019
54268000,0.62825924,-28.891487,-4.9743977,-0.19164659,2.5308256,0.14504468
54276000,0.6262382,-28.890825,-4.973311,-0.1879389,2.5480444,0.14084986
54284000,0.62425375,-28.889437,-4.9722576,-0.18424979,2.564841,0.1366837
54292000,0.6222551,-28.889984,-4.971289,-0.18071853,2.5810537,0.132623
54300000,0.6202915,-28.889774,-4.9703517,-0.17729853,2.5968843,0.12856203
54308000,0.6183623,-28.888824,-4.9694448,-0.17391616,2.612387,0.124618165
54316000,0.61646724,-28.887157,-4.9685683,-0.1705638,2.6275458,0.120673366
54324000,0.6146059,-28.884794,-4.9677215,-0.16727194,2.6423337,0.1169185
54332000,0.61272764,-28.884438,-4.966956,-0.16415185,2.6565032,0.11323025
54340000,0.61088175,-28.883348,-4.966218,-0.16106404,2.6703956,0.10955273
54348000,0.609068,-28.881548,-4.965507,-0.15801693,2.684053,0.105958916
54356000,0.6072861,-28.879057,-4.964823,-0.15497018,2.697346,0.102385506
54364000,0.6054957,-28.878593,-4.9642067,-0.15201962,2.7100542,0.098887525
54372000,0.60373676,-28.877403,-4.9636035,-0.14912301,2.7224684,0.095512725
54380000,0.60200876,-28.875507,-4.9630246,-0.14625561,2.7345657,0.09224473
54388000,0.6003116,-28.872923,-4.9624696,-0.14343238,2.7464566,0.0890699
54396000,0.5986139,-28.872396,-4.9619875,-0.14068146,2.7577097,0.08592633
54404000,0.59694654,-28.87115,-4.961528,-0.13796629,2.7687087,0.082798526
54412000,0.595309,-28.869198,-4.9610896,-0.13528852,2.77948,0.07972604
54420000,0.59370106,-28.866566,-4.960669,-0.13262288,2.7899823,0.07681
54428000,0.59209716,-28.866009,-4.9603195,-0.13007183,2.7998483,0.07390763
54436000,0.5905221,-28.864735,-4.9599886,-0.12748086,2.8095124,0.071178906
54444000,0.5889762,-28.862762,-4.9596763,-0.124934964,2.8189168,0.06849187
54452000,0.5874587,-28.860113,-4.9593816,-0.12248507,2.828185,0.06593552
54460000,0.58593726,-28.859562,-4.959149,-0.120110095,2.8368828,0.0633019
54468000,0.5844436,-28.858295,-4.9589877,-0.11770603,2.8453321,0.060852945
54476000,0.5829778,-28.856337,-4.9588404,-0.11532964,2.853643,0.058505196
54484000,0.58153975,-28.853703,-4.9587064,-0.1129209,2.8617566,0.05625145
54492000,0.58008486,-28.853184,-4.9586377,-0.11069026,2.8692703,0.054025296
54500000,0.5786566,-28.851955,-4.958581,-0.10854628,2.876614,0.05187629
54508000,0.57725465,-28.850035,-4.9585357,-0.10640205,2.883767,0.049737066
54516000,0.575879,-28.847445,-4.9585013,-0.10423062,2.890802,0.047686886
54524000,0.5744668,-28.84699,-4.958522,-0.10220982,2.8972461,0.045653455
54532000,0.5730808,-28.84583,-4.958552,-0.100182034,2.903632,0.043759413
54540000,0.57172066,-28.84398,-4.958591,-0.098207,2.9098294,0.041900676
54548000,0.57038605,-28.841463,-4.9586387,-0.09623291,2.9159062,0.04013938
54556000,0.56900585,-28.841091,-4.9587255,-0.094347626,2.9213963,0.038427517
54564000,0.5676513,-28.840012,-4.95882,-0.0925194,2.9267826,0.036772076
54572000,0.56632227,-28.838247,-4.9589057,-0.09064319,2.9320605,0.03523081
54580000,0.5650187,-28.835817,-4.958998,-0.08880499,2.9373028,0.033807218
54588000,0.5637404,-28.832737,-4.9590964,-0.0870094,2.942409,0.03242533
54596000,0.5624254,-28.831858,-4.959234,-0.0853375,2.9469228,0.031035095
54604000,0.56113523,-28.830292,-4.959378,-0.08364287,2.9514155,0.029680023
54612000,0.5598696,-28.828056,-4.959526,-0.08198449,2.9558494,0.028434806
54620000,0.5586283,-28.82517,-4.959664,-0.08032079,2.9601157,0.027270991
54628000,0.5573451,-28.824486,-4.9598403,-0.07877905,2.9639473,0.026080266
54636000,0.55608594,-28.823112,-4.9600215,-0.07726389,2.9676938,0.024916226
54644000,0.5548504,-28.821068,-4.9602056,-0.07574564,2.9714167,0.023848476
54652000,0.5536389,-28.818373,-4.9603934,-0.07416427,2.9751332,0.02282672
54660000,0.55238533,-28.817886,-4.9606204,-0.072784446,2.9782815,0.021811998
54668000,0.55115515,-28.816708,-4.960841,-0.07137144,2.981437,0.020913096
54676000,0.54994816,-28.814857,-4.9610634,-0.06995872,2.98455,0.02004278
54684000,0.5487645,-28.812353,-4.961287,-0.06854507,2.9876413,0.01921127
54692000,0.5475273,-28.81206,-4.9615436,-0.06727926,2.9901888,0.018317796
54700000,0.5463132,-28.811071,-4.961801,-0.06596598,2.9927197,0.017533448
54708000,0.5451223,-28.80941,-4.9620595,-0.0646865,2.9952579,0.016776618
54716000,0.54395425,-28.807093,-4.9623184,-0.063369825,2.997738,0.01602016
54724000,0.5427305,-28.806995,-4.9625897,-0.062256984,2.999766,0.015337221
54732000,0.54152924,-28.806202,-4.962861,-0.06116023,3.0017893,0.014696941
54740000,0.5403502,-28.804733,-4.963132,-0.060072336,3.0038273,0.014060153
54748000,0.53919315,-28.802605,-4.9634023,-0.05896175,3.0058384,0.013540127
54756000,0.53797823,-28.802708,-4.9637036,-0.057920482,3.0073693,0.013035909
54764000,0.53678626,-28.80211,-4.964003,-0.056815553,3.0088933,0.012564381
54772000,0.53561705,-28.800837,-4.964317,-0.055799596,3.010469,0.01213938
54780000,0.53447014,-28.798899,-4.9646277,-0.054725055,3.0121043,0.0117298
54788000,0.5332662,-28.799194,-4.964979,-0.05375457,3.0132644,0.011326205
54796000,0.53208506,-28.798786,-4.9653273,-0.052798696,3.0144134,0.010988418
54804000,0.5309262,-28.797697,-4.9656715,-0.05188537,3.0156083,0.010628012
54812000,0.52978927,-28.795942,-4.966012,-0.05099537,3.0168598,0.010375575
54820000,0.5285951,-28.796427,-4.9663787,-0.050211035,3.0176435,0.009992195
54828000,0.52742285,-28.796207,-4.9667416,-0.04942746,3.0184214,0.009663835
54836000,0.5262724,-28.795301,-4.9671,-0.0486181,3.0192826,0.009403109
54844000,0.525144,-28.79373,-4.967454,-0.0477477,3.0202067,0.009175722
54852000,0.5240377,-28.79151,-4.9678035,-0.04686637,3.0211718,0.008979028
54860000,0.52287173,-28.791582,-4.9681983,-0.0461142,3.0216653,0.008781924
54868000,0.5217278,-28.790962,-4.968595,-0.045387555,3.0222685,0.008665913
54876000,0.5206056,-28.78967,-4.9689856,-0.044647902,3.022879,0.008516058
54884000,0.519505,-28.787727,-4.96937,-0.043912664,3.023487,0.008423997
54892000,0.5183343,-28.788069,-4.9697967,-0.043311875,3.0236173,0.0083026085
54900000,0.5171855,-28.787718,-4.9702163,-0.042687114,3.0238297,0.0082036825
54908000,0.5160582,-28.786688,-4.9706287,-0.04207166,3.0241628,0.008101139
54916000,0.51495254,-28.785,-4.971034,-0.041425586,3.0245738,0.008016083
54924000,0.5137613,-28.78268,-4.9714785,-0.040889625,3.0250254,0.007988277
54932000,0.5125921,-28.77974,-4.971915,-0.040375177,3.0255437,0.00795463
54940000,0.51144415,-28.776188,-4.972342,-0.03992152,3.02612,0.007968247
54948000,0.5103175,-28.772045,-4.9727607,-0.03938047,3.026787,0.008012498
54960000,0.50910866,-28.767336,-4.973199,-0.038987935,3.0274813,0.00808732
54968000,0.50792146,-28.762066,-4.973627,-0.03859313,3.0282948,0.008205429
54976000,0.5067558,-28.756248,-4.97405,-0.038150672,3.0291836,0.008385871
54984000,0.5056118,-28.749897,-4.974463,-0.037718106,3.030087,0.008543642
54992000,0.5043953,-28.74304,-4.9748936,-0.037398368,3.0309682,0.008736303
55000000,0.50320065,-28.735678,-4.9753137,-0.037063915,3.0320237,0.008929408
55008000,0.5020275,-28.727821,-4.975723,-0.03670339,3.0330992,0.009088615
55016000,0.50087565,-28.719486,-4.976122,-0.03633111,3.034207,0.0093190055
55024000,0.49964374,-28.710695,-4.976546,-0.03604544,3.0353477,0.009437902
55032000,0.4984337,-28.701448,-4.9769588,-0.03575079,3.0365362,0.009665883
55040000,0.49724582,-28.691757,-4.97736,-0.0353898,3.0378017,0.009995967
55048000,0.4960795,-28.681633,-4.9777484,-0.03508248,3.0391204,0.010352859
55056000,0.49483237,-28.671099,-4.978154,-0.03488574,3.0404942,0.010598795
55064000,0.4936074,-28.660154,-4.978548,-0.034623098,3.0419438,0.010879022
55072000,0.4924043,-28.648808,-4.9789314,-0.034390748,3.0434353,0.011145832
55080000,0.4912225,-28.637068,-4.979304,-0.034183543,3.0449557,0.0113799125
55088000,0.48996225,-28.624962,-4.979679,-0.03405137,3.0465317,0.011601865
55096000,0.48872396,-28.612482,-4.9800434,-0.033893827,3.0481234,0.011860608
55104000,0.48750752,-28.599638,-4.9803953,-0.03369684,3.0497923,0.012187518
55112000,0.48631275,-28.58644,-4.9807353,-0.033490907,3.0514107,0.012554887
55120000,0.48513985,-28.572895,-4.9810634,-0.033199344,3.053115,0.012918495
55128000,0.48390174,-28.559034,-4.9813924,-0.033078462,3.0548565,0.01327465
55136000,0.4826857,-28.544844,-4.98171,-0.032896753,3.0566077,0.013589356
55144000,0.48149127,-28.530333,-4.982016,-0.032757424,3.0584254,0.013904776
55152000,0.48031822,-28.515509,-4.9823103,-0.032584567,3.0602326,0.014277007
55160000,0.47909686,-28.500397,-4.9826083,-0.032404363,3.0620685,0.014574055
55168000,0.4778978,-28.484985,-4.982895,-0.032208595,3.063999,0.014939198
55176000,0.4767207,-28.469284,-4.983195,-0.032012008,3.0659482,0.015250929
55184000,0.47556546,-28.453297,-4.983483,-0.031764366,3.0679212,0.015583991
55192000,0.47436374,-28.437052,-4.9837694,-0.031581566,3.0698614,0.01595011
55200000,0.47318435,-28.420536,-4.984043,-0.031374875,3.0718448,0.016276266
55208000,0.47202715,-28.403755,-4.984306,-0.03115226,3.0738034,0.01663335
55216000,0.47089195,-28.386719,-4.984556,-0.030920926,3.0758357,0.016959175
55224000,0.46971217,-28.369452,-4.9848137,-0.030747805,3.0778327,0.01729548
55232000,0.46855482,-28.35194,-4.9850597,-0.030523816,3.0799065,0.017594434
55240000,0.46741986,-28.334188,-4.9852943,-0.030268459,3.0820067,0.0178975
55248000,0.46630725,-28.316204,-4.985518,-0.02996839,3.0840933,0.018188162
55256000,0.46515954,-28.29801,-4.985737,-0.029735727,3.0861604,0.018425824
55264000,0.46403438,-28.279594,-4.9859457,-0.029495342,3.0883,0.01869298
55272000,0.46293172,-28.26096,-4.986139,-0.029163778,3.090419,0.019000255
55280000,0.46185184,-28.242113,-4.9863214,-0.028843513,3.0925298,0.01929137
55288000,0.4607377,-28.22308,-4.9864945,-0.028588597,3.0946057,0.019579245
55296000,0.45964602,-28.203846,-4.986658,-0.028352328,3.0966644,0.019853333
55304000,0.4585766,-28.184414,-4.9868116,-0.028057745,3.0987575,0.020142192
55312000,0.45752954,-28.164791,-4.986955,-0.027734827,3.1008968,0.02039973
55320000,0.45646194,-28.145,-4.9870925,-0.027427591,3.1030672,0.02066002
55328000,0.45541665,-28.125027,-4.987217,-0.027172063,3.105229,0.020908708
55336000,0.45439315,-28.104874,-4.9873323,-0.026897479,3.1073792,0.021147618
55344000,0.4533916,-28.084545,-4.9874387,-0.026537165,3.1096008,0.021345379
55352000,0.45237458,-28.064075,-4.9875484,-0.02614313,3.1117485,0.021527406
55360000,0.45138013,-28.043438,-4.9876494,-0.025773603,3.1138551,0.0217628
55368000,0.4504077,-28.022638,-4.987742,-0.025446177,3.1159666,0.021991095
55376000,0.44945696,-28.001678,-4.987824,-0.025056543,3.1181343,0.02218139
55384000,0.4485278,-27.980564,-4.9878983,-0.024699004,3.1202617,0.022329004
55392000,0.4475728,-27.959328,-4.9879723,-0.024328087,3.1223192,0.022427252
55400000,0.44663966,-27.937943,-4.9880385,-0.023961032,3.124439,0.022565313
55408000,0.4457282,-27.916412,-4.9880977,-0.023548113,3.1265395,0.022748953
55416000,0.44483837,-27.894741,-4.9881487,-0.023149695,3.1286445,0.022949964
55424000,0.44389543,-27.872961,-4.988205,-0.022792453,3.1306498,0.023082247
55432000,0.44297442,-27.851046,-4.988254,-0.02249491,3.1327024,0.02323472
55440000,0.44207492,-27.828999,-4.9882956,-0.022099655,3.134682,0.023347093
55448000,0.44119734,-27.806826,-4.988331,-0.021691505,3.1366787,0.023426695
55456000,0.44028,-27.784552,-4.9883614,-0.021376463,3.138638,0.023536235
55464000,0.43938455,-27.762154,-4.988385,-0.021028675,3.1406074,0.023628768
55472000,0.43851078,-27.73964,-4.988363,-0.02066105,3.1425664,0.023652343
55480000,0.43765867,-27.717005,-4.9883356,-0.02024277,3.1445353,0.023677694
55488000,0.4367682,-27.694279,-4.988305,-0.019894924,3.146494,0.023765992
55496000,0.4358996,-27.67144,-4.98827,-0.019526932,3.148446,0.023809623
55504000,0.43505284,-27.648493,-4.9882298,-0.01911847,3.1503356,0.023879616
55512000,0.43422785,-27.62544,-4.9881854,-0.018675022,3.152232,0.023931578
55520000,0.43335226,-27.6023,-4.9881415,-0.018360391,3.1541066,0.023975968
55528000,0.43249843,-27.57906,-4.988089,-0.018030128,3.1560032,0.024039736
55536000,0.43166634,-27.55572,-4.988033,-0.017627478,3.1578317,0.024049543
55544000,0.4308559,-27.532282,-4.9879723,-0.017239062,3.159581,0.024058653
55552000,0.43000543,-27.508778,-4.987916,-0.016852908,3.1613257,0.024074713
55560000,0.4291771,-27.48518,-4.9878564,-0.016476933,3.1630778,0.024025567
55568000,0.42836627,-27.461494,-4.9877934,-0.016145818,3.1648414,0.023926511
55576000,0.4275763,-27.43772,-4.9877486,-0.015806464,3.1665685,0.02381859
55584000,0.42674714,-27.413887,-4.987704,-0.015463548,3.1683133,0.023774099
55592000,0.42593962,-27.38997,-4.987655,-0.015128991,3.1700294,0.02372076
55600000,0.42515337,-27.365973,-4.987603,-0.014760781,3.171674,0.02369841
55608000,0.42438838,-27.341896,-4.987547,-0.0143497605,3.173271,0.023657052
55616000,0.42357284,-27.317783,-4.9874983,-0.01398799,3.174828,0.023548478
55624000,0.42277876,-27.293594,-4.98744,-0.013711935,3.1763253,0.02343887
55632000,0.42200565,-27.269333,-4.987379,-0.013397655,3.1778617,0.023328764
55640000,0.42124975,-27.244997,-4.987315,-0.01304789,3.179429,0.023236359
55648000,0.42051485,-27.220592,-4.9872484,-0.012633297,3.1810186,0.023138689
55656000,0.41973147,-27.196156,-4.9871774,-0.012322967,3.182488,0.022963766
55664000,0.41896942,-27.17165,-4.9871044,-0.011973808,3.1839933,0.02278782
55672000,0.4182285,-27.14708,-4.9870586,-0.011606206,3.185405,0.02260009
55680000,0.4175085,-27.122444,-4.98701,-0.011223455,3.1868553,0.02244078
55688000,0.41673604,-27.09777,-4.986971,-0.010905493,3.1882443,0.022260927
55696000,0.4159851,-27.073036,-4.9869294,-0.010558257,3.1895611,0.022128804
55704000,0.41525176,-27.048243,-4.9868846,-0.010280132,3.1909475,0.022001335
55712000,0.41453922,-27.023388,-4.986837,-0.009884782,3.192334,0.021851689
55720000,0.41378397,-26.998514,-4.9867983,-0.009604591,3.193638,0.021693187
55728000,0.41304988,-26.973583,-4.986765,-0.009268894,3.1948714,0.021505304
55736000,0.41233647,-26.948599,-4.9867296,-0.009016154,3.1960943,0.021255255
55744000,0.4116432,-26.92356,-4.986692,-0.00869831,3.1973333,0.021145357
55752000,0.41091046,-26.898506,-4.9866614,-0.008362857,3.1985142,0.020984707
55760000,0.41019863,-26.8734,-4.9866285,-0.00809938,3.1997023,0.020810049
55768000,0.40950704,-26.848246,-4.9865932,-0.007810749,3.2008922,0.020638326
55776000,0.4088329,-26.82304,-4.9865656,-0.0074782427,3.20207,0.02047939
55784000,0.4081381,-26.797844,-4.9865546,-0.0071615363,3.2031784,0.020327868
55792000,0.4074635,-26.772598,-4.9865403,-0.0069154752,3.2043118,0.020170497
55800000,0.40680856,-26.747307,-4.9865227,-0.0066406354,3.2053356,0.020006722
55808000,0.40617302,-26.721972,-4.9865026,-0.006353612,3.2064369,0.01984852
55816000,0.40551522,-26.696653,-4.9865046,-0.006067521,3.2074454,0.019610364
55824000,0.40487716,-26.67129,-4.986493,-0.005772461,3.2084863,0.019448364
55832000,0.40425837,-26.645884,-4.9864793,-0.0055076303,3.209506,0.019286605
55840000,0.4036585,-26.620438,-4.9864626,-0.0052010366,3.2104528,0.019125318
55848000,0.4030401,-26.59502,-4.9864664,-0.0049420963,3.2113352,0.018936712
55856000,0.4024407,-26.569565,-4.9864674,-0.0046528047,3.212206,0.018689563
55864000,0.40186015,-26.544067,-4.9864655,-0.0043572383,3.2130775,0.018474635
55872000,0.4012981,-26.518534,-4.986469,-0.0040349653,3.2139332,0.018251274
55880000,0.40070763,-26.493021,-4.986502,-0.0037056475,3.2147036,0.017979305
55888000,0.40013623,-26.46747,-4.986532,-0.0033963548,3.2154627,0.017802585
55896000,0.3995833,-26.441883,-4.986559,-0.0031192598,3.2161565,0.017664302
55904000,0.3990488,-26.416264,-4.9865813,-0.0027610504,3.216877,0.017496355
55912000,0.3985323,-26.390608,-4.9866004,-0.0024881996,3.2175562,0.017374998
55920000,0.39798546,-26.364977,-4.986642,-0.0022672573,3.2181764,0.01722664
55928000,0.39745665,-26.339314,-4.986682,-0.001975442,3.2188694,0.017101621
55936000,0.39694586,-26.313618,-4.9867177,-0.0016557188,3.2195158,0.01690982
55944000,0.39645317,-26.287891,-4.98675,-0.0012726828,3.220148,0.016768001
55952000,0.3959265,-26.262188,-4.986804,-0.0009513005,3.220688,0.016608974
55960000,0.3954179,-26.236456,-4.9868546,-0.0007202907,3.2212749,0.016400894
55968000,0.3949266,-26.210693,-4.986901,-0.00048212102,3.221868,0.016217241
55976000,0.39445257,-26.1849,-4.9869165,-0.00020548195,3.2224698,0.016112257
55984000,0.39394587,-26.159136,-4.986959,7.125878e-05,3.2229111,0.016016414
55992000,0.3934569,-26.133343,-4.9869967,0.00032474348,3.2234366,0.0158948
56000000,0.3929852,-26.107523,-4.987031,0.0005580255,3.223959,0.015792882
56008000,0.39253026,-26.081675,-4.9870615,0.00079834426,3.224434,0.015666645
56016000,0.39204508,-26.055841,-4.9871206,0.0010748738,3.2248719,0.015551387
56024000,0.39157727,-26.02998,-4.9871783,0.001320045,3.2253275,0.015462872
56032000,0.39112648,-26.004095,-4.9872317,0.0015514472,3.2257717,0.01531414
56040000,0.39069226,-25.978186,-4.9872813,0.0018031413,3.2261477,0.015200375
56048000,0.39023972,-25.952309,-4.987349,0.002122656,3.2265463,0.015097911
56056000,0.38980338,-25.926405,-4.987412,0.0024352875,3.2269688,0.0149681745
56064000,0.38938388,-25.90048,-4.987471,0.0027261074,3.2273836,0.0148141775
56072000,0.38898125,-25.87453,-4.987502,0.003051171,3.2277856,0.014720928
56080000,0.38856313,-25.848602,-4.987557,0.0032838797,3.2281225,0.014645419
56088000,0.3881614,-25.822653,-4.987608,0.0035675443,3.2284043,0.014515304
56096000,0.38777578,-25.796682,-4.987655,0.0038170568,3.2287598,0.014442897
56104000,0.3874061,-25.770689,-4.987698,0.004097977,3.229047,0.014276376
56112000,0.38702604,-25.744713,-4.987766,0.004318722,3.22935,0.014185564
56120000,0.38666144,-25.718716,-4.9878283,0.004520414,3.2296736,0.01415068
56128000,0.3863107,-25.692698,-4.9879045,0.0047236094,3.2299514,0.014026298
56136000,0.3859749,-25.66666,-4.9879766,0.0049721096,3.230202,0.013846629
56144000,0.3856318,-25.640665,-4.988065,0.005199993,3.230423,0.013733672
56152000,0.38530362,-25.61465,-4.988148,0.0054511046,3.2306669,0.013658729
56160000,0.3849904,-25.588617,-4.9882264,0.005722583,3.2308824,0.013560058
56168000,0.3846917,-25.562567,-4.9883003,0.0059529026,3.2310812,0.0135091655
56176000,0.3844071,-25.536495,-4.988382,0.00622374,3.231377,0.013381839
56184000,0.38412845,-25.510458,-4.9884777,0.0065171793,3.231589,0.013267436
56192000,0.38386396,-25.484402,-4.9885683,0.0067947097,3.2317994,0.013138587
56200000,0.3836125,-25.458328,-4.988654,0.0070684687,3.2319236,0.013095601
56208000,0.38337472,-25.432238,-4.988735,0.0073386948,3.232098,0.0130437575
56216000,0.38315955,-25.406185,-4.988827,0.007649981,3.2321491,0.012909315
56224000,0.38295752,-25.380116,-4.9889264,0.007964332,3.2322488,0.012915095
56232000,0.3827686,-25.354029,-4.98902,0.008278206,3.2323427,0.012829795
56240000,0.3825926,-25.327929,-4.9891086,0.008602115,3.2324872,0.0127717275
56248000,0.38242996,-25.301874,-4.989207,0.008931917,3.2326007,0.012810356
56256000,0.38227978,-25.275806,-4.9892993,0.009246479,3.2326767,0.012693947
56264000,0.38214102,-25.24972,-4.9893875,0.009529784,3.2327275,0.012564749
56272000,0.3820141,-25.22362,-4.9894743,0.009825164,3.232821,0.012547095
56280000,0.38188654,-25.197573,-4.989566,0.01010524,3.232914,0.012506348
56288000,0.3817706,-25.171509,-4.989652,0.01038327,3.2329452,0.012499042
56296000,0.3816662,-25.14543,-4.989733,0.010693899,3.232973,0.012419457
56304000,0.38157332,-25.119335,-4.9898095,0.011013052,3.2330627,0.012436323
56312000,0.3814812,-25.093287,-4.9898853,0.011288857,3.2331047,0.012378298
56320000,0.3814003,-25.067225,-4.989956,0.01160269,3.2331553,0.012371314
56328000,0.38133037,-25.041145,-4.990013,0.011862231,3.2331991,0.012326148
56336000,0.3812707,-25.015053,-4.990066,0.012181332,3.2331784,0.012273197
56344000,0.38122645,-24.98902,-4.9901195,0.012501621,3.2331626,0.012194711
56352000,0.38119262,-24.96297,-4.9901686,0.012775848,3.2330484,0.012159042
56360000,0.38116887,-24.936907,-4.9902134,0.013062337,3.2329957,0.012172673
56368000,0.38115498,-24.910831,-4.990254,0.013300576,3.2329636,0.012235276
56376000,0.38113382,-24.884802,-4.9902787,0.013578001,3.2328985,0.012230274
56384000,0.38112256,-24.858759,-4.9903,0.013835469,3.2328668,0.012210438
56392000,0.38112098,-24.832703,-4.990318,0.014106089,3.232751,0.012169445
56400000,0.38112894,-24.806633,-4.9903326,0.014358209,3.2326686,0.0121355355
56408000,0.38112813,-24.78061,-4.990362,0.014660777,3.232572,0.012137792
56416000,0.3811371,-24.754574,-4.990388,0.014902426,3.2324102,0.012102878
56424000,0.38115522,-24.728525,-4.990407,0.0151277315,3.2323456,0.012078649
56432000,0.38118234,-24.702461,-4.9904222,0.015356798,3.2322376,0.012089007
56440000,0.38121828,-24.676388,-4.990434,0.015603166,3.2321243,0.012054151
56448000,0.3812482,-24.650354,-4.9904604,0.015874054,3.2319584,0.012010614
56456000,0.38128722,-24.62431,-4.9904833,0.016128747,3.2317874,0.011949043
56464000,0.38133514,-24.598253,-4.990503,0.016394332,3.2316568,0.011892552
56472000,0.381392,-24.572184,-4.990515,0.016672116,3.231557,0.011869179
56480000,0.38144138,-24.546165,-4.990541,0.016921245,3.2314243,0.011820739
56488000,0.3814994,-24.520136,-4.9905634,0.017140768,3.2312653,0.011839007
56496000,0.3815658,-24.494095,-4.990582,0.017382763,3.2311957,0.011880693
56504000,0.3816407,-24.46804,-4.990597,0.017640827,3.2310655,0.01188807
56512000,0.3817241,-24.442045,-4.9906254,0.01789258,3.230841,0.011878145
56520000,0.3818158,-24.416037,-4.9906507,0.018163621,3.230672,0.01184622
56528000,0.38191542,-24.390015,-4.990674,0.018382648,3.2304673,0.011853175
56536000,0.3820225,-24.363983,-4.9906945,0.018601933,3.230285,0.011773725
56544000,0.38212356,-24.338009,-4.990718,0.018795436,3.2301342,0.011722801
56552000,0.38223204,-24.312023,-4.990738,0.018999115,3.229944,0.011653724
56560000,0.3823477,-24.286024,-4.990755,0.019158008,3.2297504,0.011616876
56568000,0.38247013,-24.260014,-4.990769,0.019304236,3.2295332,0.011542031
56576000,0.38257793,-24.234056,-4.990788,0.01947188,3.2293024,0.01149825
56584000,0.38269305,-24.208088,-4.9908032,0.019690722,3.2290437,0.011445455
56592000,0.38281557,-24.182106,-4.990816,0.019889316,3.228806,0.011372371
56600000,0.38294488,-24.156113,-4.9908257,0.020026065,3.2285647,0.011366444
56608000,0.38308033,-24.13018,-4.990837,0.020253278,3.228263,0.011296026
56616000,0.3832227,-24.104235,-4.990846,0.020494046,3.2280228,0.011270733
56624000,0.38337174,-24.078278,-4.9908495,0.020636218,3.2277553,0.011203797
56632000,0.38352695,-24.052309,-4.9908504,0.020806698,3.2275465,0.011175831
56640000,0.3836938,-24.026394,-4.9908495,0.020925026,3.227278,0.011118033
56648000,0.38386625,-24.000467,-4.990845,0.021060333,3.2269986,0.011102003
56656000,0.3840443,-23.97453,-4.990839,0.021185165,3.2267194,0.0110033285
56664000,0.38422784,-23.94858,-4.99083,0.021336066,3.2264485,0.010913284
56672000,0.38441887,-23.92267,-4.9907846,0.021479607,3.2261672,0.010761236
56680000,0.38461527,-23.89675,-4.9907374,0.021637697,3.2259033,0.010722805
56688000,0.3848166,-23.87082,-4.9906893,0.021781484,3.2256384,0.010654898
56696000,0.3850231,-23.844875,-4.99064,0.021935087,3.2253177,0.010615496
56704000,0.38523468,-23.818922,-4.990589,0.02210035,3.225092,0.01056708
56712000,0.3854448,-23.793003,-4.990542,0.022248957,3.2248492,0.0104885455
56720000,0.38565964,-23.76707,-4.990494,0.022358356,3.2245533,0.010418381
56728000,0.3858794,-23.741129,-4.9904485,0.022533754,3.224291,0.010332877
56736000,0.38610396,-23.715178,-4.9904013,0.0226468,3.2240818,0.0102916295
56744000,0.3863117,-23.689259,-4.9903445,0.022752676,3.223813,0.010253879
56752000,0.38652423,-23.663328,-4.990287,0.022868447,3.223537,0.010256725
56760000,0.3867413,-23.637388,-4.990227,0.022994334,3.2232773,0.010238287
56768000,0.3869631,-23.611437,-4.9901667,0.023092492,3.22302,0.010159823
56776000,0.3871635,-23.585518,-4.990104,0.023129798,3.2227635,0.010092153
56784000,0.38736844,-23.55959,-4.990041,0.023201391,3.222495,0.010035884
56792000,0.3875781,-23.53365,-4.989976,0.023274567,3.222288,0.010021647
56800000,0.38779226,-23.5077,-4.9899106,0.023349544,3.2220192,0.00995969
56808000,0.3879845,-23.481785,-4.9898276,0.023404816,3.2217445,0.009903713
56816000,0.38818142,-23.45586,-4.9897447,0.023410188,3.2215106,0.009824435
56824000,0.38838226,-23.429926,-4.9896684,0.023443922,3.2212486,0.009685792
56832000,0.3885875,-23.403984,-4.9895926,0.023475721,3.2209656,0.009561803
56840000,0.38878578,-23.378092,-4.9895086,0.023534236,3.2206764,0.009467987
56848000,0.38898852,-23.352192,-4.989424,0.023565289,3.2204018,0.009403928
56856000,0.38919544,-23.32628,-4.9893403,0.02356234,3.2201438,0.009292068
56864000,0.38940617,-23.300362,-4.9892564,0.023568178,3.2199597,0.009216597
56872000,0.3896077,-23.274487,-4.9891677,0.023570804,3.2197387,0.009172146
56880000,0.3898132,-23.248604,-4.989079,0.023589015,3.2194753,0.009110556
56888000,0.3900227,-23.22271,-4.98899,0.02357226,3.2192168,0.00909948
56896000,0.39023536,-23.196804,-4.9889007,0.023554336,3.2190228,0.008997479
56904000,0.3904213,-23.170954,-4.9888124,0.02348123,3.218763,0.0089333365
56912000,0.39061093,-23.145092,-4.988724,0.023433954,3.218477,0.008854203
56920000,0.39080435,-23.11922,-4.9886365,0.023374306,3.2181547,0.008711149
56928000,0.39100134,-23.09334,-4.9885626,0.023357125,3.2179296,0.008564458
56936000,0.39117375,-23.067522,-4.9885054,0.02331723,3.2176638,0.008435124
56944000,0.39135024,-23.04169,-4.9884486,0.023280168,3.217379,0.008315699
56952000,0.39153066,-23.015852,-4.9883914,0.023226188,3.2170873,0.008143695
56960000,0.3917152,-22.990002,-4.9883347,0.023222819,3.216813,0.007948394
56968000,0.3919032,-22.964142,-4.9882784,0.023177085,3.2165499,0.0077752364
56976000,0.39206132,-22.938349,-4.988263,0.023133429,3.2162526,0.007590042
56984000,0.39222395,-22.912544,-4.9882474,0.023098713,3.215927,0.0073742243
56992000,0.3923907,-22.88673,-4.988231,0.02304276,3.2156138,0.0071758935
57000000,0.39256147,-22.860907,-4.9882145,0.023005825,3.215297,0.0070357723
57008000,0.39271677,-22.835146,-4.9882174,0.022973634,3.2149768,0.0068658725
57016000,0.39287618,-22.809372,-4.9882193,0.022882951,3.2146766,0.006709601
57024000,0.39303923,-22.78359,-4.9882216,0.022748962,3.2143896,0.0065686293
57032000,0.39320546,-22.757795,-4.9882226,0.022605637,3.2140834,0.0064314697
57040000,0.39335895,-22.732044,-4.9882426,0.022566013,3.2137601,0.006222612
57048000,0.39351642,-22.706282,-4.988261,0.022480248,3.2134583,0.0061060586
57056000,0.39367774,-22.68051,-4.988278,0.022411847,3.2131424,0.0060046054
57064000,0.3938426,-22.654728,-4.988293,0.022315778,3.2128124,0.005863181
57072000,0.39399278,-22.628983,-4.9883337,0.02216647,3.2124825,0.005744133
57080000,0.39414635,-22.603226,-4.9883723,0.022056539,3.2121298,0.0055838684
57088000,0.39430344,-22.57746,-4.988409,0.021955343,3.211816,0.0054413476
57096000,0.39446396,-22.551683,-4.988444,0.021858685,3.2115269,0.005266543
57104000,0.39460635,-22.525946,-4.988495,0.021764377,3.2111497,0.005184142
57112000,0.3947523,-22.500198,-4.9885435,0.021624455,3.2108207,0.005061579
57120000,0.39490145,-22.47444,-4.98859,0.021457598,3.2105277,0.0049691238
57128000,0.39505354,-22.448673,-4.9886327,0.02129541,3.210216,0.004884221
57136000,0.39519015,-22.42294,-4.988685,0.02115045,3.209854,0.0047581014
57144000,0.39533016,-22.397196,-4.9887357,0.0210229,3.2095335,0.0046653748
57152000,0.39547366,-22.371443,-4.9887834,0.020911664,3.209255,0.0045731333
57160000,0.39562058,-22.34568,-4.9888287,0.02082872,3.209001,0.0045061754
57168000,0.39577067,-22.319942,-4.9888825,0.020716596,3.2087014,0.0044853208
57176000,0.39592332,-22.294195,-4.9889235,0.020561244,3.2083988,0.0043635787
57184000,0.39607847,-22.268438,-4.988963,0.020346878,3.208147,0.0042574964
57192000,0.39623588,-22.242672,-4.9890003,0.020178381,3.2079036,0.004156796
57200000,0.39638793,-22.216925,-4.989042,0.020079233,3.2076082,0.0041407454
57208000,0.39654297,-22.19117,-4.989081,0.019958984,3.2073295,0.004113684
57216000,0.3967008,-22.165405,-4.9891176,0.019828625,3.2070026,0.0040691756
57224000,0.3968614,-22.139631,-4.98915,0.019731276,3.2067306,0.004011547
57232000,0.3970246,-22.11385,-4.9891806,0.019602323,3.206467,0.003972479
57240000,0.3971732,-22.088083,-4.9892144,0.019459544,3.2062047,0.0039353967
57248000,0.39732373,-22.062305,-4.9892464,0.019287888,3.2059646,0.0038999836
57256000,0.3974767,-22.036522,-4.9892764,0.01912827,3.2056704,0.0037865406
57264000,0.39763218,-22.010729,-4.989305,0.01901331,3.2054458,0.0036965385
57272000,0.39778578,-21.984951,-4.9893136,0.018884456,3.2052078,0.0036283417
57280000,0.39794153,-21.959164,-4.9893208,0.018655555,3.2049463,0.0036321282
57288000,0.3980991,-21.93337,-4.989327,0.018511062,3.2047055,0.0035660514
57296000,0.39825934,-21.907568,-4.9893312,0.018440675,3.2044203,0.0035234129
57304000,0.39840654,-21.88179,-4.989348,0.018305464,3.2041628,0.0034995568
57312000,0.39855626,-21.856005,-4.9893627,0.018185157,3.2040098,0.003525781
57320000,0.39870813,-21.83021,-4.989376,0.018067548,3.2037902,0.0034729235
57328000,0.39886242,-21.804409,-4.9893856,0.017950552,3.2035804,0.0034707177
57336000,0.39899635,-21.778648,-4.9894004,0.017764796,3.2032888,0.0034157936
57344000,0.3991326,-21.75288,-4.9894133,0.0176191,3.2030714,0.0033386182
57352000,0.39927137,-21.727102,-4.989425,0.017469976,3.202823,0.003326182
57360000,0.3994125,-21.701319,-4.989435,0.017318834,3.2025995,0.0033461442
57368000,0.399532,-21.675589,-4.9894514,0.017164296,3.2023678,0.0032755155
57376000,0.39965397,-21.649849,-4.98944,0.016958518,3.2021563,0.0032269852
57384000,0.3997779,-21.624104,-4.989428,0.016806936,3.2019043,0.0031570185
57392000,0.39990416,-21.598349,-4.989415,0.016615666,3.2016978,0.0030738977
57400000,0.4000177,-21.572659,-4.989408,0.016461454,3.201386,0.003011445
57408000,0.4001339,-21.54696,-4.9893994,0.016306076,3.2011015,0.0029726971
57416000,0.40025285,-21.521254,-4.9893904,0.016187591,3.2008498,0.0029230723
57424000,0.40037453,-21.495539,-4.989378,0.016051097,3.200559,0.0028571528
57432000,0.4004777,-21.46988,-4.989372,0.015830694,3.2002697,0.0027916373
57440000,0.40058345,-21.44421,-4.9893646,0.015688304,3.1999967,0.0028284595
57448000,0.40069178,-21.418531,-4.9893556,0.015498598,3.1997402,0.002843283
57456000,0.40080193,-21.392845,-4.989346,0.015340393,3.199469,0.0028392298
57464000,0.40089774,-21.367207,-4.989346,0.015156074,3.1991591,0.0028647953
57472000,0.40099606,-21.34156,-4.9893494,0.014980374,3.198847,0.002831163
57480000,0.401097,-21.315905,-4.9893517,0.014847065,3.1984937,0.0028382964
57488000,0.40120062,-21.290243,-4.989353,0.01470339,3.1981761,0.0028132827
57496000,0.40130675,-21.264572,-4.989353,0.014546047,3.1979082,0.0027521858
57504000,0.40140003,-21.23893,-4.98937,0.014431395,3.1976304,0.0027463923
57512000,0.40149593,-21.21328,-4.989385,0.014220734,3.1973488,0.0026713253
57520000,0.40159377,-21.18762,-4.9893994,0.014012253,3.1971092,0.002582657
57528000,0.40169308,-21.161955,-4.989414,0.013780707,3.1968436,0.00254978
57536000,0.4017753,-21.136307,-4.9894414,0.013593454,3.1965458,0.0024595493
57544000,0.40186012,-21.110653,-4.989467,0.013412779,3.1962461,0.0024189164
57552000,0.40194717,-21.08499,-4.989492,0.013212664,3.1959925,0.002358215
57560000,0.40203628,-21.05932,-4.989515,0.012999296,3.1956794,0.0022850365
57568000,0.40209806,-21.03367,-4.98955,0.012814286,3.1954021,0.0022369102
57576000,0.4021625,-21.008013,-4.989596,0.012621824,3.1950977,0.002292971
57584000,0.4022294,-20.98235,-4.9896393,0.012399082,3.1948733,0.0022809075
57592000,0.40229824,-20.956678,-4.9896803,0.0121324025,3.1945884,0.002257731
57600000,0.40234852,-20.931023,-4.9897246,0.011942806,3.1943521,0.0022645227
57608000,0.40240154,-20.90536,-4.9897666,0.011743916,3.1941519,0.002213188
57616000,0.40245703,-20.879688,-4.9898067,0.011547146,3.193878,0.0021437048
57624000,0.40251502,-20.854012,-4.9898376,0.011336313,3.1936355,0.002116223
57632000,0.40255544,-20.828337,-4.9898767,0.011059218,3.1933987,0.002063102
57640000,0.402598,-20.802654,-4.989914,0.010838808,3.1931543,0.002006231
57648000,0.40264323,-20.776966,-4.9899497,0.01065715,3.1929615,0.0019476613
57656000,0.4026911,-20.751272,-4.989984,0.010481215,3.19269,0.0018611727
57664000,0.40273252,-20.72559,-4.9900303,0.010316307,3.1924484,0.0018206323
57672000,0.40277654,-20.699902,-4.990108,0.010101471,3.192216,0.0017424354
57680000,0.4028226,-20.674208,-4.990184,0.009881357,3.1919844,0.0016391439
57688000,0.40287086,-20.64851,-4.9902577,0.009658862,3.1917737,0.0015389378
57696000,0.4029301,-20.622839,-4.990345,0.009503342,3.191488,0.0014258318
57704000,0.40299168,-20.597162,-4.99043,0.009335917,3.1912565,0.0013641941
57712000,0.40305513,-20.57148,-4.9905114,0.009129469,3.1909935,0.0013458426
57720000,0.40312022,-20.545792,-4.990591,0.008952059,3.190726,0.0012957603
57728000,0.4031708,-20.520124,-4.990687,0.008763128,3.1904488,0.0012775515
57736000,0.4032228,-20.49445,-4.99078,0.0085631,3.1901686,0.0012335202
57744000,0.40327662,-20.468771,-4.99087,0.00836323,3.1899538,0.0012098119
57752000,0.40333235,-20.443087,-4.990957,0.008175411,3.189752,0.0012086247
57760000,0.40338975,-20.417397,-4.9910407,0.007996307,3.1895604,0.0011790957
57768000,0.4034461,-20.391727,-4.991135,0.007836783,3.1893682,0.0011639363
57776000,0.4035044,-20.366053,-4.9912333,0.0076841796,3.1891322,0.0011896968
57784000,0.40356448,-20.340372,-4.9913282,0.0075135645,3.188876,0.0012068092
57796000,0.40362635,-20.314688,-4.99142,0.0073614474,3.1886475,0.0012038111
57800000,0.4036942,-20.289015,-4.991531,0.0071758577,3.1884694,0.0011684931
57808000,0.4037632,-20.263338,-4.991638,0.0070798383,3.1882708,0.0011391348
57816000,0.4038342,-20.237656,-4.991742,0.006965128,3.18806,0.0011706133
57824000,0.40390685,-20.21197,-4.9918337,0.006811681,3.187821,0.0011870569
57832000,0.4039972,-20.186293,-4.9919305,0.0066734743,3.1876166,0.001120263
57840000,0.40408885,-20.16061,-4.992025,0.0065580374,3.1874266,0.0010998537
57848000,0.4041817,-20.134924,-4.992116,0.006440715,3.1871943,0.0010782484
57856000,0.40427542,-20.109234,-4.992204,0.006260743,3.1869845,0.0010832021
57864000,0.4043841,-20.083542,-4.992288,0.006178367,3.1867914,0.0010495138
57872000,0.40449363,-20.057848,-4.9923515,0.006064087,3.1865437,0.001081516
57880000,0.40460366,-20.03215,-4.9924126,0.005992633,3.186333,0.0010886455
57888000,0.4047143,-20.006449,-4.992471,0.0058375066,3.1861174,0.0011334729
57896000,0.40486455,-19.98074,-4.9925265,0.0057355384,3.1859107,0.0011472701
57904000,0.40501493,-19.955025,-4.99258,0.00568357,3.1857438,0.0011475978
57912000,0.4051655,-19.92931,-4.9926305,0.005623626,3.1855218,0.0012328649
57920000,0.40531588,-19.90359,-4.9926786,0.0054987944,3.18528,0.0012522638
57928000,0.4055176,-19.877893,-4.9927244,0.005493013,3.1850786,0.0012762721
57936000,0.40571856,-19.852192,-4.9927673,0.005461668,3.184906,0.0013541527
57944000,0.4059182,-19.826488,-4.9928083,0.005404071,3.1846943,0.0013758894
57952000,0.40611655,-19.800781,-4.9928474,0.005288513,3.1844838,0.0014142983
57960000,0.40637022,-19.775087,-4.9928856,0.005274411,3.1842775,0.0014424912
57968000,0.4066219,-19.74939,-4.9929214,0.0052478276,3.1840947,0.0015423368
57976000,0.40687177,-19.723688,-4.992966,0.005216712,3.1839302,0.0016005479
57984000,0.40711978,-19.697985,-4.9930086,0.005181392,3.183695,0.0016566875
57992000,0.40742204,-19.672297,-4.9930534,0.005161839,3.1834643,0.001704556
58000000,0.40772158,-19.646605,-4.9930954,0.0051906644,3.1832583,0.0017444757
58008000,0.40801868,-19.620909,-4.9931355,0.0052138823,3.1830835,0.0018270045
58016000,0.40831274,-19.595211,-4.993173,0.0052560316,3.1828835,0.0018663106
58024000,0.40860474,-19.56951,-4.9932203,0.00530298,3.1826673,0.001917885
58032000,0.4089609,-19.543808,-4.993273,0.0053589894,3.1824503,0.001929325
58040000,0.40931353,-19.518105,-4.993323,0.0053875586,3.1822488,0.0019585295
58048000,0.40966278,-19.492397,-4.9933705,0.005467702,3.1820467,0.0020099725
58056000,0.41000894,-19.466688,-4.993416,0.005540487,3.1818697,0.0020128307
58064000,0.41041604,-19.440996,-4.993463,0.005620617,3.18167,0.001994025
58072000,0.41081885,-19.415302,-4.9935117,0.005726502,3.1815097,0.0020374362
58080000,0.41121784,-19.389605,-4.9935584,0.0058376836,3.181307,0.0020443671
58088000,0.41161224,-19.363905,-4.9936028,0.0059119086,3.1811504,0.0020649927
58096000,0.41205147,-19.33822,-4.9936404,0.006001847,3.1809833,0.0020818543
58104000,0.41248572,-19.312534,-4.9936757,0.006057427,3.1808233,0.002125194
58112000,0.4129151,-19.286846,-4.9937096,0.0061271926,3.1806383,0.0021494897
58120000,0.41333964,-19.261154,-4.993741,0.006189381,3.1804092,0.0021793966
58128000,0.4138069,-19.235481,-4.993749,0.006332413,3.1802456,0.002208099
58136000,0.41426927,-19.209805,-4.993756,0.006503805,3.1800485,0.0021883603
58144000,0.4147269,-19.184126,-4.993762,0.006622712,3.1798816,0.0021913245
58152000,0.41517952,-19.158445,-4.993767,0.0066997656,3.1796563,0.0022484155
58160000,0.41567168,-19.132774,-4.9937625,0.006788952,3.1794257,0.002254333
58168000,0.41615784,-19.107101,-4.9937577,0.0068383045,3.1791372,0.0022088496
58176000,0.41663817,-19.081427,-4.993746,0.006926451,3.1788635,0.0022416075
58184000,0.41711286,-19.05575,-4.9937325,0.006999522,3.1786797,0.0023089768
58192000,0.4176411,-19.030075,-4.993714,0.007161877,3.178507,0.0022980277
58200000,0.41816318,-19.004398,-4.993695,0.0072670197,3.1783233,0.0022791638
58208000,0.4186788,-18.97872,-4.9936757,0.00735676,3.1781056,0.0022721977
58216000,0.4191882,-18.95304,-4.9936557,0.007458953,3.1779432,0.0022583522
58224000,0.41974786,-18.927372,-4.9936266,0.0076198587,3.1777573,0.0023337617
58232000,0.42030057,-18.901703,-4.993597,0.0076989233,3.177573,0.00231341
58240000,0.4208462,-18.876034,-4.993568,0.00783562,3.1773434,0.0022613597
58248000,0.4213854,-18.850363,-4.9935384,0.00796713,3.1771145,0.0022510402
58256000,0.421981,-18.824726,-4.9935164,0.008099501,3.176904,0.002221707
58264000,0.4225691,-18.79909,-4.993494,0.008260457,3.1766505,0.0022618258
58272000,0.42314947,-18.77345,-4.9934916,0.00833131,3.1763656,0.0022933828
58280000,0.42372206,-18.747812,-4.993489,0.008399924,3.176152,0.0022351267
58288000,0.42428714,-18.722172,-4.993485,0.008513402,3.1759238,0.002232575
58296000,0.4249111,-18.696554,-4.993485,0.008578615,3.175688,0.0022125903
58304000,0.4255263,-18.670937,-4.9934835,0.008690937,3.1754532,0.0022291616
58312000,0.42613313,-18.645317,-4.9934816,0.008738945,3.1752322,0.0022149838
58320000,0.42673147,-18.619696,-4.993479,0.008827414,3.175045,0.0021325285
58328000,0.427368,-18.594097,-4.993481,0.008930257,3.1748402,0.0021129071
58336000,0.42799562,-18.568495,-4.993483,0.0090092085,3.1745734,0.0020597544
58344000,0.4286145,-18.54289,-4.9934845,0.00908825,3.1743171,0.0019629155
58352000,0.42922488,-18.517286,-4.993485,0.009189214,3.1740134,0.0019189313
58360000,0.42986995,-18.491661,-4.9934907,0.009239571,3.17374,0.0019147879
58368000,0.43050525,-18.466036,-4.9934955,0.009353374,3.173525,0.0018623754
58376000,0.431132,-18.44041,-4.9934583,0.009457684,3.173321,0.0017748459
58384000,0.43175006,-18.414783,-4.993421,0.009513741,3.1730359,0.0017918044
58392000,0.432408,-18.389166,-4.993394,0.009581294,3.1727684,0.0017075855
58400000,0.43305644,-18.363548,-4.993367,0.009668749,3.1725543,0.0016143667
58408000,0.4336956,-18.33793,-4.9933414,0.009726366,3.172338,0.0015500926
58416000,0.4343256,-18.312313,-4.9933157,0.009794454,3.1721041,0.0015269829
58424000,0.4349856,-18.286697,-4.9933066,0.00982557,3.1718912,0.001466988
58432000,0.4356355,-18.261084,-4.9932976,0.00982748,3.1716158,0.0014635776
58440000,0.43627492,-18.235468,-4.993288,0.009858515,3.171445,0.0014401198
58448000,0.43690488,-18.209852,-4.993278,0.009873962,3.1712837,0.0014213292
58456000,0.437554,-18.18425,-4.9932766,0.009828467,3.1710203,0.001379729
58464000,0.43819284,-18.158646,-4.9932747,0.009816286,3.1707742,0.0013674706
58472000,0.43882188,-18.133041,-4.993275,0.009808592,3.1705818,0.0013263325
58480000,0.43944108,-18.107435,-4.993275,0.0097470265,3.1703012,0.0012626895
58488000,0.44006765,-18.08185,-4.9932885,0.009710003,3.1699958,0.001277574
58496000,0.44068453,-18.056265,-4.9933004,0.009714702,3.1697214,0.0012798626
58504000,0.4412911,-18.03068,-4.993312,0.009684469,3.1694813,0.0012377267
58512000,0.44188803,-18.005095,-4.993323,0.009601655,3.1692302,0.0011399868
58520000,0.4424989,-17.979504,-4.993335,0.00953878,3.1689703,0.001076814
58528000,0.44309965,-17.953913,-4.993345,0.009441605,3.168732,0.0010545431
58536000,0.4436906,-17.928322,-4.993354,0.009379216,3.168519,0.0010221219
58544000,0.444272,-17.90273,-4.9933624,0.009284579,3.1682677,0.0009875497
58552000,0.44484374,-17.87714,-4.9933705,0.009185719,3.1680324,0.0009266231
58560000,0.44543046,-17.851555,-4.993381,0.009065328,3.1677673,0.0008853833
58568000,0.4460071,-17.825968,-4.9933906,0.008923102,3.1674778,0.00086866826
58576000,0.44657284,-17.800383,-4.9934177,0.008801195,3.1672418,0.00086214795
58584000,0.44712904,-17.774797,-4.9934435,0.008697274,3.1669931,0.00079389696
58592000,0.44770816,-17.74921,-4.993471,0.008589185,3.1666934,0.0007192827
58600000,0.4482773,-17.723623,-4.9934974,0.008482109,3.1664283,0.00071360683
58608000,0.44883662,-17.698038,-4.9935226,0.008370244,3.1661556,0.00066126493
58616000,0.4493859,-17.672453,-4.9935474,0.008153164,3.16592,0.00060093426
58624000,0.44994998,-17.64689,-4.99358,0.007961306,3.1656516,0.00057070324
58632000,0.45050365,-17.621326,-4.993612,0.007790775,3.1653981,0.0004764091
58640000,0.4510472,-17.595764,-4.993643,0.0076232012,3.1651375,0.00040717958
58648000,0.45157972,-17.570202,-4.993673,0.007429626,3.164902,0.00033336823
58656000,0.452121,-17.54464,-4.993713,0.0072668996,3.1647148,0.00022499307
58664000,0.45265225,-17.51908,-4.993752,0.0071073184,3.1644733,0.00017928677
58672000,0.4531737,-17.493517,-4.9938083,0.0069547454,3.1642895,0.00015630084
58680000,0.45368525,-17.467957,-4.9938626,0.0067258603,3.1640737,0.00014857682
58688000,0.4541875,-17.442392,-4.9939327,0.006434292,3.1638165,0.000120685785
58696000,0.45467952,-17.41683,-4.9940004,0.006195796,3.1635184,0.00011234879
58704000,0.45516187,-17.391268,-4.994066,0.005992412,3.1632838,9.964773e-05
58712000,0.45563486,-17.365707,-4.994129,0.0057877023,3.1629794,0.00010185217
58720000,0.45609277,-17.340132,-4.994198,0.005542332,3.1627064,3.7944526e-05
58728000,0.45654133,-17.314556,-4.9942636,0.00527207,3.1624935,1.4370522e-05
58736000,0.45698053,-17.288982,-4.994327,0.0049848217,3.1623075,-5.993947e-05
58744000,0.45741028,-17.263409,-4.994389,0.004700423,3.162049,-5.4659547e-05
58752000,0.45783538,-17.237831,-4.9944606,0.004476673,3.1617956,-3.5928995e-05
58760000,0.4582517,-17.212255,-4.99453,0.004235982,3.1615796,-7.755236e-06
58768000,0.45865926,-17.186682,-4.9945965,0.0039626355,3.1613655,-5.472888e-06
58776000,0.45905814,-17.161108,-4.994669,0.003740933,3.1611388,7.503544e-06
58784000,0.45944268,-17.135525,-4.994751,0.003433926,3.160916,-3.5530804e-05
58792000,0.45981842,-17.109945,-4.9948306,0.0031152482,3.1607025,-4.767895e-06
58800000,0.46018526,-17.084366,-4.994907,0.0027648988,3.160461,5.3431337e-05
58808000,0.4605435,-17.05879,-4.9949803,0.002460003,3.1602247,5.9287177e-05
58816000,0.46089306,-17.033215,-4.9950514,0.0020949729,3.1599832,9.0989495e-05
58824000,0.46122798,-17.007626,-4.9951324,0.0017443585,3.159753,0.00014428835
58832000,0.4615542,-16.98204,-4.99521,0.0013687832,3.1595435,0.00014021852
58840000,0.46187195,-16.956455,-4.9952855,0.000970579,3.1593566,0.00016912383
58848000,0.46218127,-16.930874,-4.995358,0.0006397593,3.1591496,0.0001986024
58856000,0.46247736,-16.905283,-4.9954367,0.00024584017,3.1589708,0.00028771514
58864000,0.4627653,-16.879696,-4.9955115,-0.00011398342,3.158797,0.0003345755
58872000,0.4630452,-16.85411,-4.995609,-0.00049668044,3.1585796,0.00042364115
58880000,0.46331704,-16.828527,-4.9957023,-0.0009068112,3.1583936,0.00045366088
58888000,0.46358654,-16.802946,-4.9958005,-0.0013041812,3.158167,0.0004931748
58896000,0.46384788,-16.777365,-4.9958954,-0.0017348959,3.1579924,0.00056631165
58904000,0.464101,-16.751787,-4.995986,-0.0021584656,3.1578255,0.0006907996
58912000,0.46434608,-16.726212,-4.996073,-0.0025538283,3.1576686,0.00070582575
58920000,0.46458888,-16.700628,-4.996161,-0.0029299713,3.1574717,0.0007557559
58928000,0.46482277,-16.675047,-4.996244,-0.0033398913,3.1573474,0.00076000195
58936000,0.46504876,-16.64947,-4.996324,-0.0037601495,3.1571627,0.00074175716
58944000,0.4652669,-16.623894,-4.996401,-0.0041767824,3.1569915,0.0007878045
58952000,0.4654796,-16.59831,-4.9964886,-0.0045873546,3.156805,0.00081219815
58960000,0.46568453,-16.572731,-4.9965725,-0.0050368365,3.1566203,0.0008807298
58968000,0.46588147,-16.547155,-4.9966526,-0.005489691,3.1564016,0.0010552491
58976000,0.46607086,-16.521582,-4.99674,-0.0058761183,3.156223,0.0012085797
58984000,0.46624836,-16.496008,-4.9968424,-0.0063089305,3.1560347,0.0012285156
58992000,0.46641845,-16.470436,-4.9969406,-0.0067495066,3.155842,0.0012928607
59000000,0.46657997,-16.444868,-4.997035,-0.0071590394,3.1556444,0.0013709167
59008000,0.46673462,-16.419302,-4.997125,-0.007547739,3.1554484,0.0014674215
59016000,0.466895,-16.393751,-4.997253,-0.007967213,3.1551995,0.0015272992
59028000,0.46704805,-16.368204,-4.9973836,-0.008417056,3.1549814,0.0016268874
59032000,0.4671935,-16.342659,-4.997509,-0.008863994,3.1547651,0.0017135073
59040000,0.46733198,-16.317118,-4.997629,-0.009258567,3.1545312,0.0017486986
59048000,0.46748152,-16.291597,-4.997785,-0.009657397,3.15432,0.0017672471
59056000,0.46762404,-16.26608,-4.997935,-0.010038005,3.1541173,0.001945154
59064000,0.4677582,-16.240566,-4.998079,-0.010425314,3.153881,0.0019581015
59072000,0.4678854,-16.215054,-4.998228,-0.0108652655,3.1536732,0.0020189316
59080000,0.46800518,-16.189543,-4.9983716,-0.011326155,3.1534884,0.0020439078
59088000,0.46814293,-16.164034,-4.998553,-0.011763262,3.1532998,0.0021031704
59096000,0.46827325,-16.138529,-4.998728,-0.012147474,3.1530724,0.0021171742
59104000,0.4683964,-16.113024,-4.998897,-0.012555687,3.1528637,0.00218233
59112000,0.4685122,-16.087523,-4.99906,-0.012977122,3.1526618,0.0022570994
59120000,0.46863326,-16.062052,-4.999266,-0.013386922,3.1523862,0.0022888912
59128000,0.46874702,-16.036581,-4.9994597,-0.013800137,3.1521306,0.0023496547
59136000,0.4688523,-16.011114,-4.999647,-0.014180132,3.151914,0.0023695622
59144000,0.46895075,-15.98565,-4.9998283,-0.014556394,3.1516361,0.0024782736
59152000,0.46906033,-15.96021,-5.0000596,-0.014963885,3.1513393,0.0025957655
59160000,0.4691625,-15.934771,-5.0002832,-0.015374114,3.1510916,0.0026627837
59168000,0.46925735,-15.909334,-5.0004992,-0.015782112,3.1508386,0.0027758267
59176000,0.46934524,-15.883899,-5.000706,-0.016148174,3.1505706,0.0029097784
59184000,0.46944663,-15.858484,-5.0009575,-0.016496442,3.150321,0.0030425063
59192000,0.4695412,-15.833072,-5.0012,-0.016829336,3.1500666,0.0031705545
59200000,0.4696289,-15.807661,-5.001435,-0.017178483,3.149774,0.0032875747
59208000,0.46970847,-15.782251,-5.001661,-0.017535653,3.1494892,0.003346654
59216000,0.46979597,-15.756849,-5.0019245,-0.017867062,3.1491876,0.003439567
59224000,0.4698767,-15.731448,-5.0021644,-0.018213144,3.1488519,0.003579864
59232000,0.46995068,-15.70605,-5.002396,-0.018539874,3.148566,0.0036917562
59240000,0.47001785,-15.680654,-5.0026197,-0.018935023,3.1482525,0.0038018858
59248000,0.47009158,-15.655281,-5.0028653,-0.019295983,3.1480308,0.0039036726
59256000,0.4701584,-15.62991,-5.0031023,-0.019645736,3.1477647,0.0040383944
59264000,0.47021836,-15.604541,-5.0033307,-0.02003105,3.1474907,0.004137033
59272000,0.47027123,-15.579174,-5.003562,-0.020425636,3.147213,0.0042449357
59280000,0.4703303,-15.553825,-5.0038085,-0.02079721,3.1469321,0.0043596523
59288000,0.47038215,-15.52848,-5.004046,-0.021210942,3.146609,0.004549997
59296000,0.47042704,-15.503135,-5.0042744,-0.021576991,3.1463149,0.004672887
59304000,0.47046515,-15.477792,-5.004494,-0.021925056,3.1460166,0.0049114428
59312000,0.47051224,-15.45248,-5.0047235,-0.022249999,3.1457262,0.005085314
59320000,0.47055265,-15.42717,-5.004945,-0.022567712,3.145379,0.0051865242
59328000,0.47058672,-15.401861,-5.0051627,-0.022876544,3.1450217,0.0052845194
59336000,0.47061443,-15.3765545,-5.005373,-0.023177387,3.144656,0.0054396936
59344000,0.4706346,-15.351249,-5.005574,-0.02354672,3.1443248,0.00563866
59352000,0.47064608,-15.325967,-5.0057745,-0.023907239,3.1439722,0.0058387932
59360000,0.47065115,-15.300686,-5.0059657,-0.02429074,3.143683,0.006112775
59368000,0.47064963,-15.275406,-5.0061483,-0.024671894,3.1433086,0.006359824
59376000,0.470642,-15.250127,-5.0063314,-0.024974486,3.1429706,0.0066196187
59384000,0.47061455,-15.224864,-5.006512,-0.02533791,3.1426432,0.006836716
59392000,0.4705811,-15.199602,-5.0066843,-0.025721066,3.142327,0.0069936705
59400000,0.47054192,-15.174341,-5.0068493,-0.026071237,3.1419609,0.0071935146
59408000,0.47049686,-15.149081,-5.007006,-0.026478447,3.141645,0.0073559005
59416000,0.47045773,-15.123821,-5.0071626,-0.026830181,3.141323,0.00751507
59424000,0.47041312,-15.098562,-5.007308,-0.027124476,3.1409924,0.007777776
59432000,0.47036308,-15.073304,-5.0074453,-0.027461957,3.1407106,0.007977682
59440000,0.4703075,-15.048046,-5.007575,-0.027768428,3.1404645,0.008236351
59448000,0.47028464,-15.022787,-5.007696,-0.028120046,3.1401227,0.00847836
59456000,0.47025552,-14.997529,-5.0078096,-0.02843984,3.1397996,0.008713379
59464000,0.47022,-14.972273,-5.007916,-0.028806888,3.139573,0.008935352
59472000,0.47017828,-14.947017,-5.008017,-0.029126802,3.1392868,0.009135428
59480000,0.47015095,-14.921769,-5.008117,-0.029436752,3.1389704,0.009282267
59488000,0.47011614,-14.896523,-5.0082116,-0.029737577,3.1386447,0.009451328
59496000,0.47007504,-14.87128,-5.0082994,-0.030105682,3.138352,0.009615087
59504000,0.47002777,-14.846036,-5.008381,-0.03037212,3.1380663,0.009820171
59512000,0.4699659,-14.820814,-5.0084453,-0.030715972,3.137745,0.009990624
59520000,0.46989816,-14.795592,-5.008504,-0.031023175,3.1374662,0.010152407
59528000,0.46982464,-14.770371,-5.0085616,-0.03136432,3.1371486,0.0103927385
59536000,0.46974507,-14.7451515,-5.0086136,-0.03175524,3.1368623,0.010612835
59544000,0.46965432,-14.719947,-5.0086555,-0.032173987,3.136627,0.0107684005
59552000,0.46955734,-14.694742,-5.008692,-0.0325609,3.1363544,0.010972659
59560000,0.4694535,-14.6695385,-5.0087233,-0.032900915,3.1360505,0.011131602
59568000,0.4693444,-14.644337,-5.0087495,-0.033234205,3.1357462,0.01133837
59576000,0.46921936,-14.6191435,-5.0087643,-0.03361159,3.1354306,0.01148187
59584000,0.46908906,-14.593952,-5.0087743,-0.03396813,3.135124,0.011680053
59592000,0.46895376,-14.568761,-5.0087795,-0.03427038,3.1348803,0.011849126
59600000,0.46881366,-14.5435705,-5.0087805,-0.0346293,3.1345603,0.011977745
59608000,0.4686683,-14.518381,-5.0087776,-0.03499646,3.1342897,0.012094971
59616000,0.46850994,-14.493215,-5.008775,-0.0353739,3.1339545,0.012156164
59624000,0.46834528,-14.468048,-5.008773,-0.03574237,3.133633,0.012233384
59632000,0.4681759,-14.442883,-5.008766,-0.03609474,3.133321,0.012358031
59640000,0.46800175,-14.417718,-5.0087557,-0.036447305,3.1330814,0.012489602
59648000,0.46781617,-14.392604,-5.0087523,-0.036817227,3.1327944,0.0126024075
59656000,0.46762595,-14.36749,-5.008745,-0.03718829,3.1324925,0.0126831345
59664000,0.46743095,-14.342376,-5.008734,-0.03758204,3.1321747,0.012768159
59672000,0.46723127,-14.317262,-5.008732,-0.037929747,3.1318064,0.012798759
59680000,0.46702892,-14.29218,-5.008726,-0.03824053,3.1315095,0.012876728
59688000,0.46682236,-14.2670965,-5.008717,-0.038572658,3.1311896,0.0128930025
59696000,0.46661007,-14.242013,-5.008704,-0.03896478,3.1308658,0.012950742
59704000,0.46639323,-14.216929,-5.0086884,-0.039328266,3.1305451,0.013009539
59712000,0.46618602,-14.191888,-5.008673,-0.039678223,3.1301851,0.013068178
59720000,0.465974,-14.166846,-5.0086546,-0.040054448,3.1298487,0.013094458
59728000,0.4657573,-14.141803,-5.008636,-0.04040646,3.1294928,0.013152882
59736000,0.46553612,-14.116758,-5.008614,-0.04075729,3.1291742,0.013169255
59744000,0.46533835,-14.0917635,-5.0085917,-0.041141354,3.1288419,0.01323884
59752000,0.4651358,-14.066768,-5.0085664,-0.041400515,3.1284523,0.013261725
59760000,0.46492866,-14.04177,-5.008538,-0.041738432,3.128062,0.013343388
59768000,0.46471512,-14.016771,-5.008506,-0.04211101,3.1277199,0.013427926
59776000,0.4644943,-13.991806,-5.0084443,-0.04242915,3.1273391,0.013475649
59784000,0.46426904,-13.966839,-5.008381,-0.04269357,3.126992,0.013500496
59792000,0.46403968,-13.94187,-5.0083156,-0.04299107,3.1266496,0.013524107
59800000,0.46380568,-13.916899,-5.0082483,-0.04335938,3.1262996,0.013517474
59808000,0.4635637,-13.891968,-5.008197,-0.04368699,3.125838,0.013501459
59816000,0.46331728,-13.867034,-5.0081434,-0.044034455,3.125519,0.013461698
59824000,0.46306628,-13.842098,-5.0081,-0.044380922,3.1251736,0.0134422155
59832000,0.46281102,-13.817161,-5.0080547,-0.04469844,3.124807,0.013372988
59840000,0.46255443,-13.792242,-5.008022,-0.045002844,3.1244485,0.013300488
59848000,0.46229377,-13.767322,-5.0079865,-0.045303266,3.1240823,0.01329797
59856000,0.462029,-13.742399,-5.007949,-0.045617603,3.123714,0.0132992985
59864000,0.46176007,-13.717474,-5.007909,-0.045958456,3.1233711,0.013284449
59872000,0.46148658,-13.692548,-5.0078664,-0.046360955,3.123011,0.013288108
59880000,0.4612278,-13.667645,-5.007836,-0.04669332,3.1226304,0.01321076
59888000,0.46096477,-13.64274,-5.0078034,-0.046934485,3.122252,0.0132352775
59896000,0.46069807,-13.617834,-5.007768,-0.0471723,3.1218581,0.013206624
59904000,0.4604261,-13.592926,-5.00773,-0.04747589,3.1214857,0.0132253375
59912000,0.46018857,-13.56802,-5.0077095,-0.047768973,3.1211321,0.013194723
59920000,0.45994598,-13.543111,-5.0076857,-0.04808073,3.1208389,0.013180136
59928000,0.4596986,-13.518201,-5.007677,-0.04831257,3.1204882,0.013144644
59936000,0.45944697,-13.493288,-5.007666,-0.0485286,3.1201496,0.013060727
59944000,0.4592413,-13.468368,-5.0076604,-0.048808523,3.1198256,0.012999188
59952000,0.45902985,-13.443445,-5.007652,-0.049088616,3.1195054,0.013002195
59960000,0.45881283,-13.418521,-5.00764,-0.049335346,3.1191876,0.012972534
59968000,0.45859042,-13.393596,-5.0076256,-0.04960258,3.1188967,0.01290137
59976000,0.45840725,-13.368661,-5.0076337,-0.049850106,3.1185832,0.012803285
59984000,0.45821813,-13.343726,-5.0076394,-0.05006287,3.1182547,0.012682186
59992000,0.45802325,-13.3187895,-5.0076423,-0.050256085,3.1179273,0.01263353
60000000,0.45782283,-13.293853,-5.007642,-0.050458435,3.1175857,0.012642417
60008000,0.45765227,-13.268913,-5.0076675,-0.050676797,3.117239,0.012548546
60016000,0.45747545,-13.243974,-5.00769,-0.050858688,3.1169631,0.012475179
60024000,0.45729282,-13.219033,-5.007729,-0.051016536,3.1166487,0.012405576
60032000,0.45710465,-13.194092,-5.0077643,-0.051156115,3.1163394,0.012312943
60040000,0.45694074,-13.1691475,-5.0078263,-0.051272925,3.1160882,0.01219713
60048000,0.4567695,-13.144203,-5.0078835,-0.051465303,3.115821,0.012161267
60056000,0.4565921,-13.119258,-5.0079374,-0.051650636,3.1154969,0.012071294
60064000,0.45640856,-13.094312,-5.007987,-0.05186986,3.1152751,0.012010878
60072000,0.4562582,-13.069346,-5.0080647,-0.052044153,3.1150692,0.012011977
60080000,0.45610127,-13.04438,-5.0081377,-0.052208498,3.1148326,0.011986949
60088000,0.45593795,-13.019414,-5.008206,-0.052378587,3.11462,0.012009567
60096000,0.4557681,-12.994448,-5.0082693,-0.05258721,3.114429,0.012018689
60104000,0.45563218,-12.969471,-5.008334,-0.05271012,3.114206,0.011962487
60112000,0.4554896,-12.944495,-5.008395,-0.05281202,3.1140175,0.011963889
60120000,0.45533934,-12.919519,-5.0084515,-0.052970175,3.1137476,0.011871758
60128000,0.45518246,-12.894544,-5.008508,-0.05312886,3.1135452,0.011763775
60136000,0.45501912,-12.869569,-5.0085607,-0.053270392,3.1133635,0.011751229
60144000,0.45489457,-12.844562,-5.008611,-0.05336091,3.1131823,0.0117558325
60152000,0.45476344,-12.819556,-5.0086575,-0.05345062,3.1130605,0.01175395
60160000,0.45462555,-12.79455,-5.0087,-0.053559516,3.1128619,0.011758912
60168000,0.4544808,-12.769546,-5.008738,-0.053739656,3.1127417,0.01179369
60176000,0.45436996,-12.744495,-5.0087976,-0.05384957,3.1126227,0.011792001
60184000,0.45425057,-12.719446,-5.008853,-0.053994317,3.1125312,0.011775699
60192000,0.454124,-12.694398,-5.008904,-0.054047603,3.112433,0.011791641
60200000,0.45399085,-12.669352,-5.008951,-0.054161776,3.1122684,0.011735675
60208000,0.45387006,-12.644278,-5.008988,-0.054304186,3.1121292,0.011743861
60216000,0.4537417,-12.619205,-5.009021,-0.0544935,3.1120064,0.011775579
60224000,0.453606,-12.594135,-5.0090446,-0.054597933,3.1119177,0.011861397
60232000,0.4534631,-12.569067,-5.009064,-0.054810293,3.1118135,0.0118980175
60240000,0.45333615,-12.543977,-5.009071,-0.05498097,3.1117558,0.011965703
60248000,0.45320162,-12.5188875,-5.0090737,-0.05513827,3.1116388,0.01199825
60256000,0.45305845,-12.493801,-5.0090733,-0.05528183,3.111563,0.01205446
60264000,0.4529083,-12.468717,-5.0090694,-0.055395935,3.1114898,0.012106298
60272000,0.45274937,-12.443636,-5.00905,-0.055543926,3.1113913,0.012141186
60280000,0.45258355,-12.418557,-5.0090275,-0.055681705,3.1112487,0.012177228
60288000,0.4524111,-12.393481,-5.009002,-0.055836715,3.1111221,0.012183702
60296000,0.45223182,-12.368408,-5.008975,-0.05601549,3.1110008,0.01217965
60304000,0.45205113,-12.34334,-5.008947,-0.05618969,3.110888,0.012188946
60312000,0.4518636,-12.3182745,-5.008917,-0.056363914,3.110793,0.012187216
60320000,0.4516695,-12.293211,-5.0088844,-0.056531463,3.1106596,0.012180925
60328000,0.45146766,-12.268148,-5.008857,-0.056714695,3.1105592,0.012170375
60336000,0.45127162,-12.243076,-5.0088434,-0.056920387,3.1104732,0.012190925
60344000,0.4510686,-12.218007,-5.0088277,-0.05714469,3.110345,0.012218884
60352000,0.45085874,-12.192939,-5.0088086,-0.057393603,3.1102955,0.012256085
60360000,0.45064175,-12.167872,-5.008786,-0.057663396,3.1102366,0.012326955
60368000,0.4504226,-12.142792,-5.0087786,-0.057961382,3.1101377,0.012325362
60376000,0.4501965,-12.117714,-5.008779,-0.05815624,3.1100357,0.012339243
60384000,0.44996387,-12.092638,-5.0087767,-0.058388744,3.1099567,0.01233596
60392000,0.4497248,-12.067565,-5.008771,-0.058588672,3.1098733,0.012361227
60400000,0.44947794,-12.042494,-5.008762,-0.058837157,3.1097531,0.012348442
60408000,0.44921815,-12.017388,-5.0087686,-0.059075236,3.1096904,0.012354771
60416000,0.448952,-11.992287,-5.0087724,-0.05934316,3.1095989,0.012335542
60424000,0.44867975,-11.967188,-5.0087724,-0.05955543,3.1094608,0.012373623
60432000,0.4484015,-11.942093,-5.00877,-0.059791476,3.1093624,0.012314373
60440000,0.44811025,-11.916972,-5.0087986,-0.060001194,3.1093032,0.012234812
60448000,0.44781345,-11.891854,-5.0088243,-0.060245395,3.109283,0.012115881
60456000,0.44751066,-11.86674,-5.0088468,-0.060525063,3.1092057,0.012091175
60464000,0.44720083,-11.841629,-5.008866,-0.06074298,3.1091354,0.0120622385
60472000,0.44689196,-11.816494,-5.0089345,-0.060992613,3.1091173,0.012034439
60480000,0.4465774,-11.791362,-5.0089984,-0.06124169,3.1090474,0.0120419655
60488000,0.4462573,-11.766234,-5.0090575,-0.061490573,3.1090064,0.012095175
60496000,0.4459317,-11.741111,-5.009112,-0.06171741,3.1089165,0.012059197
60504000,0.44561303,-11.715969,-5.009192,-0.062048122,3.108807,0.01208033
60512000,0.44528806,-11.690831,-5.009267,-0.0623362,3.1087763,0.012052684
60520000,0.4449573,-11.665698,-5.0093374,-0.062606655,3.108753,0.012014417
60528000,0.4446206,-11.640568,-5.0093956,-0.06291151,3.1087306,0.011932468
60536000,0.44428268,-11.615423,-5.00947,-0.06322974,3.1086566,0.011939288
60544000,0.44393906,-11.590283,-5.0095396,-0.06345692,3.108552,0.011973809
60552000,0.44358996,-11.565148,-5.0096045,-0.06373085,3.108468,0.011948924
60560000,0.44323504,-11.540017,-5.0096645,-0.0640306,3.1083941,0.011923812
60568000,0.44288442,-11.514879,-5.0097322,-0.064332075,3.108337,0.011915771
60576000,0.44252786,-11.489746,-5.009818,-0.06461765,3.1082633,0.01194082
60584000,0.4421654,-11.464616,-5.009898,-0.06495495,3.1082098,0.011952714
60592000,0.44179684,-11.43949,-5.0099745,-0.065290295,3.108185,0.011855098
60600000,0.4414361,-11.414376,-5.010063,-0.06558897,3.1080565,0.0117860725
60608000,0.44106787,-11.389267,-5.0101476,-0.06591389,3.1078851,0.011763752
60616000,0.44069368,-11.3641615,-5.0102267,-0.06620932,3.1077657,0.011767264
60624000,0.44031382,-11.339061,-5.0103054,-0.066518515,3.1076515,0.011753704
60632000,0.43993673,-11.313987,-5.010391,-0.06681034,3.1075423,0.011720165
60640000,0.43955395,-11.288916,-5.010472,-0.06706504,3.1074147,0.011714806
60648000,0.43916583,-11.263848,-5.0105476,-0.06735321,3.1072917,0.011750637
60656000,0.43877196,-11.238785,-5.0106187,-0.067675814,3.1071653,0.011780801
60664000,0.43837234,-11.213724,-5.0106845,-0.06798934,3.1069517,0.011791846
60672000,0.43798465,-11.18869,-5.0107327,-0.06827274,3.1067843,0.011856254
60680000,0.4375896,-11.163658,-5.010776,-0.06862245,3.1065576,0.01197915
60688000,0.43718827,-11.13863,-5.010815,-0.06899459,3.1063745,0.012053902
60696000,0.4367808,-11.113605,-5.0108495,-0.06932808,3.106234,0.012103572
60704000,0.43639863,-11.088597,-5.010889,-0.06959997,3.1060364,0.01213221
60712000,0.43601033,-11.063593,-5.010925,-0.069920465,3.1059566,0.012119402
60720000,0.43561575,-11.03859,-5.010957,-0.07020537,3.105822,0.0121783605
60728000,0.43521547,-11.013592,-5.010995,-0.07045909,3.1056309,0.012183744
60736000,0.43483868,-10.988602,-5.0110416,-0.0706416,3.105452,0.012284638
60744000,0.4344545,-10.963615,-5.011083,-0.07090455,3.105264,0.012368679
60752000,0.43406424,-10.938631,-5.0111203,-0.071151294,3.1050646,0.012459066
60760000,0.43366823,-10.9136505,-5.011153,-0.071392275,3.104845,0.012483504
60768000,0.4333055,-10.888674,-5.0111995,-0.071679324,3.1046612,0.012512738
60776000,0.43293616,-10.8637,-5.011257,-0.07188154,3.1044483,0.012560226
60784000,0.43256065,-10.83873,-5.01131,-0.07209971,3.1042285,0.012584739
60792000,0.43217885,-10.813762,-5.0113583,-0.07235094,3.1040528,0.0126454495
60800000,0.4318344,-10.788814,-5.0114117,-0.07251148,3.103828,0.012697558
60808000,0.4314833,-10.763868,-5.01146,-0.07271658,3.1035855,0.012729292
60816000,0.43112403,-10.738925,-5.0115037,-0.072949454,3.103393,0.012818718
60824000,0.43075803,-10.7139845,-5.011547,-0.073180035,3.1031919,0.012839375
60832000,0.43043607,-10.689063,-5.0115933,-0.07341107,3.1029828,0.012901185
60840000,0.43010655,-10.6641445,-5.011635,-0.07361237,3.1027393,0.012879562
60848000,0.42976987,-10.639228,-5.0116725,-0.073802106,3.1024733,0.012903048
60860000,0.42942637,-10.614314,-5.011706,-0.07395361,3.1022127,0.0129463775
60868000,0.42912307,-10.589422,-5.011745,-0.074107826,3.1019623,0.012962477
60876000,0.42881206,-10.564532,-5.011739,-0.07432418,3.1017108,0.013040335
60884000,0.42849332,-10.539643,-5.011729,-0.07449449,3.101513,0.013106812
60892000,0.42816585,-10.514756,-5.0117154,-0.074670754,3.1012628,0.013178364
60900000,0.42788905,-10.489885,-5.0117116,-0.07478863,3.1009383,0.013167656
60908000,0.42760417,-10.465017,-5.0117044,-0.07494601,3.1006274,0.013173982
60916000,0.4273112,-10.440151,-5.0116944,-0.075111754,3.100331,0.01322801
60924000,0.42701063,-10.415287,-5.0116806,-0.075211175,3.1000652,0.013255928
60932000,0.42670238,-10.390425,-5.0116777,-0.07539179,3.099776,0.013282063
60940000,0.42642283,-10.3655815,-5.011688,-0.07553057,3.0994422,0.013259949
60948000,0.42613506,-10.34074,-5.011695,-0.07567051,3.0991924,0.013282447
60956000,0.4258396,-10.315901,-5.011698,-0.07579655,3.0988915,0.013347271
60964000,0.42553508,-10.291063,-5.011697,-0.07591147,3.0986147,0.013371836
60972000,0.42526576,-10.266219,-5.0116973,-0.07597802,3.0984066,0.013440661
60980000,0.42498863,-10.241377,-5.0116873,-0.07607271,3.098141,0.013473867
60988000,0.42470357,-10.216537,-5.011674,-0.07617565,3.0979102,0.0135067785
60996000,0.42441073,-10.191699,-5.0116577,-0.07630275,3.097653,0.013530104
61004000,0.42415577,-10.166875,-5.01164,-0.07640074,3.097409,0.013555201
61012000,0.4238923,-10.142052,-5.011619,-0.07654272,3.097213,0.013602707
61020000,0.4236204,-10.11723,-5.011595,-0.07662024,3.0969248,0.0136589175
61028000,0.42333913,-10.092411,-5.0115647,-0.07672381,3.0966485,0.01377477
61036000,0.4231056,-10.067613,-5.011527,-0.076788574,3.096404,0.013841164
61044000,0.4228631,-10.042815,-5.0114865,-0.07692525,3.096167,0.013967592
61052000,0.4226114,-10.01802,-5.0114427,-0.07707898,3.0959096,0.014010594
61060000,0.42235065,-9.993226,-5.0113964,-0.07722978,3.0956564,0.014047344
61068000,0.4221033,-9.9684515,-5.0113525,-0.07732245,3.0953667,0.014019734
61076000,0.42184728,-9.943679,-5.0113177,-0.07738577,3.0950973,0.014068847
61084000,0.42158282,-9.918907,-5.0112796,-0.077505015,3.094829,0.0140974475
61092000,0.42130965,-9.894136,-5.011239,-0.07765469,3.0945888,0.014081697
61100000,0.42106134,-9.869365,-5.01119,-0.077759326,3.0942824,0.01407597
61108000,0.420804,-9.844595,-5.011139,-0.07788127,3.0940096,0.014108889
61116000,0.42053792,-9.819826,-5.011085,-0.077998586,3.0937316,0.014116522
61124000,0.42026314,-9.795058,-5.0110292,-0.07813276,3.0934823,0.014096376
61132000,0.42001092,-9.770268,-5.0109515,-0.07822482,3.0932183,0.014181987
61140000,0.41975003,-9.745481,-5.0108714,-0.07828944,3.0929322,0.014141842
61148000,0.41948012,-9.720695,-5.0107903,-0.078495115,3.0926867,0.014118288
61156000,0.41920117,-9.69591,-5.0107083,-0.07864462,3.0924747,0.0140991025
61164000,0.4189458,-9.671111,-5.010602,-0.07872023,3.0922165,0.014149206
61172000,0.4186802,-9.646314,-5.010494,-0.078849696,3.0919762,0.014221206
61180000,0.41840544,-9.621518,-5.0103407,-0.079018846,3.0917783,0.014228277
61188000,0.41812164,-9.596724,-5.010187,-0.07917647,3.091619,0.0142791625
61196000,0.41782913,-9.571932,-5.010034,-0.07932766,3.0913632,0.014272009
61204000,0.41755813,-9.547125,-5.0098834,-0.07945581,3.0911598,0.014311471
61212000,0.41727793,-9.52232,-5.0097327,-0.0796423,3.0909595,0.0143310195
61220000,0.41698852,-9.497517,-5.0095825,-0.079798855,3.090801,0.014248556
61228000,0.4166903,-9.472715,-5.0094247,-0.07997869,3.090639,0.014231301
61236000,0.4163947,-9.447905,-5.009282,-0.08019131,3.0904124,0.014192544
61244000,0.4160886,-9.423097,-5.00914,-0.0803612,3.090231,0.014075748
61252000,0.41577357,-9.398291,-5.008999,-0.08060157,3.090036,0.013999659
61260000,0.4154493,-9.373487,-5.0088587,-0.0808466,3.0897758,0.013917407
61272000,0.41513738,-9.34868,-5.0087276,-0.081032395,3.0895834,0.013868573
61280000,0.41481617,-9.323874,-5.0085855,-0.08132189,3.0894303,0.01379534
61288000,0.4144854,-9.29907,-5.008444,-0.081603855,3.0892217,0.013744524
61296000,0.41414544,-9.27427,-5.008303,-0.08184683,3.0890672,0.013663728
61304000,0.41381252,-9.24945,-5.0081797,-0.08208957,3.0889168,0.013563955
61312000,0.41346878,-9.224633,-5.008057,-0.082352154,3.0887268,0.013434318
61320000,0.41311625,-9.199819,-5.007935,-0.082536966,3.0885925,0.013343705
61328000,0.4127554,-9.175007,-5.0078135,-0.08274678,3.0883899,0.013231048
61336000,0.4124114,-9.15017,-5.0077114,-0.08293075,3.0882313,0.01308628
61344000,0.41205865,-9.125338,-5.0076094,-0.083150275,3.088028,0.013000582
61352000,0.41169712,-9.100508,-5.007508,-0.0833739,3.0878594,0.01288983
61360000,0.41132694,-9.075681,-5.007406,-0.08361362,3.0877466,0.012783027
61368000,0.41098735,-9.050825,-5.0073123,-0.08381596,3.0876188,0.0126154795
61376000,0.41063848,-9.025973,-5.007219,-0.084051505,3.0875132,0.012520749
61384000,0.4102789,-9.001123,-5.0071344,-0.08428649,3.0874367,0.012394764
61392000,0.40991023,-8.976277,-5.0070496,-0.08453338,3.0873418,0.012240119
61400000,0.40957272,-8.951392,-5.0069666,-0.084708594,3.0872393,0.012108683
61408000,0.40922582,-8.926512,-5.006884,-0.084950574,3.0870702,0.011946691
61416000,0.40886962,-8.901635,-5.006801,-0.08513796,3.0870056,0.011843195
61424000,0.4085045,-8.876762,-5.0067186,-0.085374154,3.086938,0.011699989
61432000,0.40818262,-8.851853,-5.006648,-0.08553982,3.0868676,0.011543633
61440000,0.407851,-8.826948,-5.0065775,-0.08575307,3.0867808,0.011415009
61448000,0.40750968,-8.802047,-5.006507,-0.08596683,3.0867429,0.011297774
61456000,0.40715688,-8.77715,-5.0064363,-0.08622181,3.086627,0.011137484
61464000,0.40679443,-8.752257,-5.0063653,-0.08644571,3.0865579,0.0110117905
61472000,0.40645677,-8.727326,-5.006305,-0.0866587,3.086467,0.010929838
61480000,0.40610954,-8.702401,-5.0062532,-0.08682657,3.0863526,0.010799068
61488000,0.40575305,-8.67748,-5.006201,-0.087002516,3.0862944,0.010650218
61496000,0.40538716,-8.652564,-5.006148,-0.087225795,3.086243,0.010553283
61504000,0.4050373,-8.627603,-5.006098,-0.087496445,3.086215,0.010445982
61512000,0.40467703,-8.602646,-5.0060477,-0.08780053,3.0862057,0.010309759
61520000,0.4043072,-8.577695,-5.0059967,-0.087973475,3.0861979,0.010182386
61528000,0.4039263,-8.552748,-5.005945,-0.08820853,3.08613,0.010112755
61536000,0.4035572,-8.527766,-5.005903,-0.08851046,3.0861256,0.009987856
61544000,0.4031784,-8.50279,-5.0058594,-0.088727504,3.0861409,0.009897496
61552000,0.40279,-8.477819,-5.005815,-0.089010306,3.0861275,0.009824116
61560000,0.4023922,-8.452854,-5.0057697,-0.08923705,3.086142,0.009699721
61568000,0.40201467,-8.427858,-5.005748,-0.08951143,3.0861359,0.009607152
61576000,0.4016272,-8.402869,-5.005725,-0.08977135,3.0860872,0.009569082
61584000,0.40123013,-8.377886,-5.0056996,-0.09004594,3.0860367,0.009538275
61592000,0.40082145,-8.352907,-5.005673,-0.0903269,3.0860243,0.009467795
61600000,0.4004062,-8.327904,-5.005665,-0.09063312,3.086065,0.009354887
61608000,0.39998126,-8.302906,-5.005656,-0.09095043,3.0861151,0.0092301145
61616000,0.39954698,-8.277913,-5.0056453,-0.09124521,3.0860784,0.009100355
61624000,0.39910322,-8.252927,-5.005634,-0.09161387,3.0860744,0.008998183
61632000,0.39865932,-8.227907,-5.0056357,-0.0919493,3.086091,0.008860004
61640000,0.3982062,-8.202894,-5.005636,-0.09222866,3.0861344,0.008677614
61648000,0.3977442,-8.177887,-5.005636,-0.09253964,3.0861368,0.008503244
61656000,0.39727286,-8.152886,-5.005635,-0.0929169,3.0860782,0.008395373
61664000,0.39679325,-8.127843,-5.005651,-0.09319868,3.0860739,0.008300708
61672000,0.39630497,-8.102806,-5.0056653,-0.09356038,3.0860624,0.008183878
61680000,0.39580742,-8.077776,-5.005681,-0.0939566,3.0860097,0.008141574
61688000,0.3953011,-8.052753,-5.005694,-0.09426922,3.0859838,0.00809507
61696000,0.39478803,-8.027682,-5.005721,-0.09459414,3.08599,0.007947878
61704000,0.39426634,-8.002619,-5.0057464,-0.09499079,3.0860171,0.007912419
61712000,0.39373574,-7.977563,-5.005769,-0.0953742,3.0860198,0.007927609
61720000,0.39319685,-7.952514,-5.0057883,-0.09569807,3.0860066,0.007883205
61728000,0.39264965,-7.9274726,-5.0058055,-0.09607784,3.086038,0.007824533
61736000,0.39208868,-7.9024,-5.005848,-0.09643388,3.0860562,0.007812276
61744000,0.39151996,-7.877335,-5.005887,-0.096783,3.0860493,0.007802174
61752000,0.3909432,-7.8522778,-5.0059237,-0.097154684,3.0860543,0.0076839654
61760000,0.39035866,-7.827228,-5.005958,-0.097509794,3.0859873,0.0076036244
61768000,0.38976562,-7.802157,-5.0060134,-0.09785437,3.085983,0.0075864885
61776000,0.38916475,-7.7770934,-5.0060654,-0.098290496,3.0859704,0.0075051207
61784000,0.38855574,-7.752038,-5.0061374,-0.09871787,3.0859435,0.007429872
61792000,0.3879387,-7.72699,-5.0062065,-0.09915111,3.085947,0.007360334
61800000,0.38731328,-7.701924,-5.00629,-0.09955493,3.0859373,0.007284405
61808000,0.38667804,-7.676865,-5.00637,-0.10002286,3.0859509,0.0072352565
61816000,0.38603494,-7.651814,-5.006447,-0.10048451,3.0859263,0.007200409
61824000,0.38538402,-7.626771,-5.00652,-0.1009186,3.0858738,0.0071390546
61832000,0.38471305,-7.6017084,-5.0066085,-0.10132883,3.0858397,0.0071289493
61840000,0.3840351,-7.576654,-5.006693,-0.10173268,3.085788,0.00707142
61848000,0.38335025,-7.5516076,-5.006774,-0.10217589,3.0857856,0.007039303
61856000,0.38265815,-7.5265684,-5.006851,-0.10263087,3.0857894,0.0070020123
61864000,0.38196796,-7.5015197,-5.006935,-0.10310043,3.085832,0.0069784
61872000,0.38126826,-7.4764776,-5.0070157,-0.10361085,3.0858257,0.0069386084
61880000,0.38056105,-7.4514427,-5.007098,-0.104104444,3.0857604,0.0069651343
61888000,0.37984672,-7.426416,-5.007177,-0.104514584,3.0857372,0.00701743
61896000,0.37913483,-7.4013844,-5.0072527,-0.10494042,3.0857,0.007105495
61904000,0.37841597,-7.3763604,-5.007324,-0.10537161,3.085629,0.007190606
61912000,0.37769002,-7.351344,-5.0073915,-0.10585625,3.08553,0.0072155334
61920000,0.3769569,-7.3263354,-5.007455,-0.106318675,3.085423,0.0073030363
61928000,0.312161,-46.77985,-5.0075235,-0.10681043,3.0853221,0.007366236
61936000,0.31143773,-46.755627,-5.0076,-0.107213974,3.0852222,0.007439566
61944000,0.3107071,-46.731388,-5.0076714,-0.107687116,3.0851626,0.0075012366
61952000,0.30996883,-46.707134,-5.007739,-0.10816313,3.0850666,0.0075371936
61960000,0.30920264,-46.686153,-5.007816,-0.108638026,3.0850098,0.007602648
61968000,0.3084295,-46.665062,-5.007889,-0.1090962,3.0849016,0.0075646527
61976000,0.3076497,-46.643864,-5.0079575,-0.10954719,3.084783,0.0075969426
61984000,0.3068633,-46.622566,-5.0080304,-0.110012695,3.0846875,0.0076373513
61992000,0.30607015,-46.60117,-5.0080996,-0.11049948,3.08459,0.007622326
62000000,0.3052474,-46.582737,-5.008178,-0.11094616,3.084479,0.0076609496
62008000,0.30441868,-46.564117,-5.0082517,-0.11144015,3.0843987,0.007759675
62016000,0.303584,-46.545326,-5.0083213,-0.111917146,3.0843184,0.007797451
62024000,0.30274367,-46.52636,-5.008386,-0.112354085,3.0842571,0.007823974
62032000,0.30195433,-46.510006,-5.0084724,-0.11280316,3.08415,0.007845067
62040000,0.30115774,-46.49341,-5.0085545,-0.11326981,3.0840564,0.007854528
62048000,0.30035385,-46.476578,-5.008632,-0.11373291,3.083921,0.0077949236
62056000,0.29954278,-46.45952,-5.008706,-0.11419929,3.0838227,0.0077615557
62064000,0.29885042,-46.44503,-5.0087924,-0.11456719,3.0837178,0.0077423337
62072000,0.2981481,-46.430244,-5.0088744,-0.114968464,3.0835376,0.007822752
62080000,0.29743594,-46.415173,-5.008932,-0.11534569,3.0833716,0.007839681
62088000,0.29671448,-46.399822,-5.008986,-0.11569724,3.0832024,0.007821391
62096000,0.29604363,-46.386906,-5.009053,-0.11596696,3.0830784,0.0078358995
62104000,0.29536346,-46.373646,-5.009116,-0.116089344,3.0829303,0.007849706
62112000,0.29467475,-46.360054,-5.0091753,-0.11621838,3.0828214,0.0079298755
62120000,0.29397774,-46.34614,-5.00923,-0.11632939,3.082573,0.0080043785
62128000,0.29331613,-46.334633,-5.0092936,-0.1164048,3.0824203,0.008110042
62136000,0.2926462,-46.322742,-5.0093613,-0.116378844,3.0822039,0.008186966
62144000,0.29196888,-46.310482,-5.0094237,-0.11628162,3.0820246,0.00826701
62152000,0.29128498,-46.29786,-5.0094824,-0.11612004,3.0818675,0.008325478
62160000,0.2906143,-46.287525,-5.00955,-0.11587825,3.081687,0.008408046
62168000,0.28993794,-46.276775,-5.0096135,-0.11556902,3.081516,0.008499179
62176000,0.2892565,-46.265625,-5.009672,-0.11525758,3.081323,0.008554968
62184000,0.28857046,-46.254078,-5.009707,-0.11488029,3.0810926,0.00869474
62192000,0.28795356,-46.24477,-5.0097585,-0.11442053,3.0809412,0.008821196
62200000,0.2873315,-46.23502,-5.0098057,-0.11389536,3.08074,0.0089060115
62208000,0.286705,-46.224834,-5.009848,-0.11336977,3.0805855,0.009023053
62216000,0.2860745,-46.214226,-5.0098867,-0.11276417,3.0804293,0.009146428
62224000,0.2854406,-46.203213,-5.009921,-0.11215916,3.0802066,0.009229484
62232000,0.28484586,-46.194477,-5.009951,-0.11146198,3.0800042,0.009377821
62240000,0.28424758,-46.185284,-5.009977,-0.110817194,3.0798218,0.009472715
62248000,0.28364596,-46.17564,-5.0099993,-0.11008401,3.0796156,0.009565692
62256000,0.2830422,-46.165558,-5.010018,-0.109243,3.0793486,0.009540837
62264000,0.2825101,-46.157738,-5.010054,-0.10842571,3.0791595,0.009628969
62276000,0.28197485,-46.149426,-5.010086,-0.10752329,3.0789511,0.009716603
62280000,0.28143728,-46.14064,-5.010134,-0.10657201,3.078764,0.009822591
62288000,0.28089777,-46.131393,-5.0101776,-0.10561714,3.0785525,0.009950283
62296000,0.28040704,-46.124363,-5.010247,-0.104615755,3.078291,0.010086683
62304000,0.27991393,-46.116817,-5.010312,-0.10363416,3.0780869,0.010145848
62312000,0.27941868,-46.10878,-5.0103717,-0.10262067,3.077883,0.010255042
62320000,0.278922,-46.100254,-5.0104265,-0.10156077,3.0776594,0.010326412
62328000,0.27850145,-46.09391,-5.010497,-0.100485995,3.0773787,0.010328306
62336000,0.2780783,-46.087036,-5.010568,-0.09937777,3.0771577,0.010355638
62344000,0.27765334,-46.079647,-5.0106344,-0.098191865,3.0769057,0.010421655
62352000,0.277227,-46.071754,-5.010696,-0.097063124,3.076662,0.010442133
62360000,0.27683148,-46.06601,-5.010757,-0.09587429,3.0763552,0.01052214
62368000,0.27643445,-46.05972,-5.0108128,-0.09468644,3.0760443,0.010557102
62376000,0.27603617,-46.05289,-5.0108643,-0.09350875,3.0757537,0.010590888
62384000,0.27563703,-46.04555,-5.0109224,-0.09233133,3.0754504,0.010662823
62392000,0.27529964,-46.04035,-5.0109806,-0.09114958,3.0751483,0.010739778
62400000,0.2749605,-46.034588,-5.0110335,-0.08990889,3.0748312,0.010837121
62408000,0.27462015,-46.028275,-5.011082,-0.08865317,3.0745807,0.010807902
62416000,0.27427897,-46.02143,-5.0111265,-0.087409385,3.0743349,0.010922844
62424000,0.27399418,-46.016705,-5.011166,-0.08612603,3.074032,0.010969796
62432000,0.27370745,-46.0114,-5.0112133,-0.08490311,3.0737016,0.011053202
62440000,0.2734191,-46.005535,-5.0112557,-0.0836861,3.0733635,0.01113113
62448000,0.27312934,-45.999123,-5.0112934,-0.08246097,3.0730128,0.011207097
62456000,0.27288088,-45.9948,-5.0113335,-0.08119924,3.0726602,0.011229694
62464000,0.27263108,-45.98989,-5.0113697,-0.07991166,3.072325,0.011260637
62472000,0.27238014,-45.98441,-5.0114017,-0.07864891,3.0719748,0.011352545
62480000,0.27212855,-45.97837,-5.011396,-0.077361315,3.0716424,0.011456374
62488000,0.27193323,-45.97441,-5.0114055,-0.076088205,3.0712907,0.011583781
62496000,0.271736,-45.969856,-5.011411,-0.07486647,3.0709438,0.011693239
62504000,0.27153692,-45.964718,-5.011413,-0.07361408,3.0705266,0.011780382
62512000,0.27133656,-45.95901,-5.0114117,-0.072385974,3.0701377,0.011831865
62520000,0.27113527,-45.95276,-5.011407,-0.071125165,3.0697458,0.011896574
62528000,0.2709747,-45.948647,-5.0114174,-0.069866024,3.069332,0.01191532
62536000,0.27081284,-45.94394,-5.0114174,-0.06863848,3.0688922,0.011988041
62544000,0.27064943,-45.938656,-5.011413,-0.06743222,3.0684128,0.012039497
62552000,0.27048516,-45.93281,-5.0114064,-0.06620466,3.0680091,0.012084886
62560000,0.27032626,-45.929096,-5.0114017,-0.06501478,3.067492,0.012122666
62568000,0.2701666,-45.924774,-5.0113935,-0.0637911,3.0670033,0.012197446
62576000,0.27000612,-45.919865,-5.0113826,-0.06263128,3.0665994,0.012279148
62584000,0.2698451,-45.914387,-5.0113306,-0.06147437,3.0660748,0.012348668
62592000,0.26971582,-45.91103,-5.0112844,-0.060322523,3.065536,0.012445217
62600000,0.26958594,-45.907063,-5.011235,-0.05912441,3.0649843,0.012503393
62608000,0.26945552,-45.902496,-5.011184,-0.05799891,3.0644746,0.01253276
62616000,0.26932454,-45.897346,-5.0111313,-0.056885213,3.0639906,0.012562639
62624000,0.2692174,-45.894314,-5.011087,-0.05584352,3.0634096,0.012576972
62632000,0.26910904,-45.890656,-5.011037,-0.0547683,3.0627975,0.01261277
62640000,0.26899993,-45.886395,-5.0109844,-0.053699724,3.0622046,0.012665563
62648000,0.2688897,-45.881542,-5.01093,-0.052655723,3.06165,0.012722902
62656000,0.2688127,-45.8788,-5.0108757,-0.051581517,3.0610201,0.012707566
62664000,0.26873446,-45.875427,-5.01082,-0.050572854,3.0604234,0.012720955
62672000,0.26865503,-45.871437,-5.010762,-0.04958644,3.0598476,0.01271784
62680000,0.26857466,-45.866856,-5.010702,-0.04854928,3.0592182,0.01272699
62688000,0.26851755,-45.864365,-5.0106325,-0.047513288,3.0585058,0.012676963
62696000,0.26845962,-45.861237,-5.010562,-0.04648029,3.0578635,0.012651213
62704000,0.26840106,-45.857487,-5.0104904,-0.045482464,3.0571945,0.012629239
62712000,0.26834142,-45.853138,-5.0104175,-0.044523384,3.0566144,0.012667879
62720000,0.2683001,-45.850864,-5.01034,-0.04352973,3.0559037,0.012635865
62728000,0.26825798,-45.847946,-5.010262,-0.042601895,3.0551782,0.012616231
62736000,0.26821512,-45.844402,-5.010195,-0.04169,3.0545104,0.012594445
62744000,0.26817194,-45.840252,-5.010126,-0.04072128,3.053817,0.012532719
62752000,0.2681678,-45.838154,-5.010054,-0.039761826,3.053077,0.012480721
62760000,0.26816297,-45.83541,-5.0099816,-0.03882046,3.0523438,0.012414481
62768000,0.26815757,-45.832035,-5.0099077,-0.03786824,3.051663,0.012429379
62776000,0.2681516,-45.828053,-5.009833,-0.03699901,3.0510025,0.0124209225
62784000,0.26814443,-45.823475,-5.00979,-0.036144137,3.0503254,0.0123467725
62792000,0.26817706,-45.821,-5.0097556,-0.0352518,3.0495467,0.012299948
62800000,0.26820847,-45.817883,-5.009719,-0.034411225,3.0488162,0.01225747
62808000,0.26823854,-45.81415,-5.0096807,-0.03355198,3.048074,0.012191836
62816000,0.26826763,-45.809822,-5.009641,-0.032722868,3.047442,0.012113789
62824000,0.26834172,-45.807568,-5.009607,-0.03185882,3.04677,0.012101172
62832000,0.2684141,-45.804672,-5.009566,-0.031030308,3.0460405,0.012099418
62840000,0.26848483,-45.80115,-5.009523,-0.0301772,3.0453298,0.011984729
62848000,0.26855424,-45.797028,-5.009479,-0.029342638,3.0446496,0.011919961
62856000,0.26866248,-45.79497,-5.0094385,-0.02854916,3.0439026,0.011851277
62864000,0.26876834,-45.79227,-5.0093966,-0.027769186,3.0432167,0.011821157
62872000,0.268872,-45.78894,-5.009353,-0.026991637,3.042561,0.0117732035
62880000,0.26897356,-45.784996,-5.00934,-0.026247282,3.0419645,0.011740919
62888000,0.26912403,-45.78311,-5.009324,-0.025452947,3.041305,0.011755753
62896000,0.26927167,-45.780575,-5.0093055,-0.024708675,3.0406034,0.011755402
62904000,0.2694162,-45.7774,-5.009285,-0.024020115,3.0398908,0.011705919
62912000,0.26955763,-45.773617,-5.009262,-0.023334557,3.0392535,0.01164349
62920000,0.26973084,-45.771896,-5.009254,-0.022587733,3.0385163,0.011592244
62928000,0.2699006,-45.76952,-5.0092435,-0.021881996,3.0378127,0.011494295
62936000,0.270067,-45.766506,-5.0092254,-0.021241434,3.037183,0.011463768
62944000,0.27023014,-45.762875,-5.0092044,-0.020573592,3.0365233,0.011428587
62952000,0.27041024,-45.761307,-5.0091915,-0.019892149,3.0358336,0.011353949
62960000,0.27058715,-45.75908,-5.0091767,-0.019244634,3.0351527,0.011309901
62968000,0.2707611,-45.756207,-5.00916,-0.018539589,3.0344772,0.011283436
62976000,0.27093247,-45.752712,-5.009141,-0.017889297,3.033834,0.011210848
62984000,0.2711314,-45.75128,-5.009151,-0.01725699,3.0330834,0.011149691
62992000,0.2713266,-45.749187,-5.0091577,-0.016611956,3.0323815,0.011152959
63000000,0.27151844,-45.74645,-5.009162,-0.01603961,3.0316777,0.011168315
63008000,0.2717067,-45.74308,-5.009163,-0.015473667,3.031099,0.011140106
63016000,0.27191794,-45.74177,-5.009174,-0.014918702,3.0303483,0.011111601
63024000,0.2721253,-45.739796,-5.009182,-0.014349847,3.0296085,0.011079812
63032000,0.27232888,-45.73717,-5.0092025,-0.013840366,3.028887,0.011017119
63040000,0.27252835,-45.733917,-5.0092206,-0.013352896,3.0282743,0.010977432
63048000,0.27272412,-45.730053,-5.0092354,-0.012807518,3.027627,0.010914738
63056000,0.27293962,-45.728287,-5.009265,-0.012296831,3.0268862,0.010840448
63064000,0.27315056,-45.72587,-5.009291,-0.01183145,3.026155,0.010770358
63072000,0.2733573,-45.722816,-5.0093145,-0.011398113,3.0254486,0.010760866
63080000,0.2735597,-45.719143,-5.0093446,-0.010986322,3.0247705,0.010694611
63088000,0.2737745,-45.71757,-5.0093884,-0.010567388,3.023954,0.010637644
63096000,0.27398506,-45.715343,-5.009429,-0.010143561,3.0232158,0.010634324
63104000,0.2741914,-45.712475,-5.0094657,-0.00970378,3.0224638,0.010631884
63112000,0.27439395,-45.708984,-5.009499,-0.0092625795,3.021772,0.01062401
63120000,0.27459937,-45.70759,-5.009539,-0.00889343,3.020938,0.010627756
63128000,0.27480063,-45.705532,-5.009575,-0.008464581,3.0201986,0.010641694
63136000,0.2749978,-45.70283,-5.0096164,-0.008090811,3.0194254,0.010637487
63144000,0.27519086,-45.699505,-5.009654,-0.0077292793,3.0186996,0.010657355
63152000,0.27539432,-45.69827,-5.0096984,-0.007392785,3.017834,0.010686938
63160000,0.27559346,-45.69637,-5.0097384,-0.0070440513,3.0170298,0.010750448
63168000,0.27578825,-45.69382,-5.0097747,-0.006756181,3.0161765,0.01079424
63176000,0.27597883,-45.690643,-5.0098066,-0.006425443,3.0154178,0.010863664
63184000,0.2761828,-45.689556,-5.0098763,-0.0061215977,3.0145338,0.010885577
63192000,0.2763824,-45.687805,-5.0099416,-0.0057860776,3.0136771,0.010863609
63200000,0.27657765,-45.6854,-5.0100026,-0.0055004396,3.0128403,0.010888819
63208000,0.276768,-45.68236,-5.0100584,-0.005254915,3.0120587,0.010901481
63216000,0.2769802,-45.681404,-5.010097,-0.005023091,3.011169,0.010919385
63224000,0.27718717,-45.679775,-5.0101323,-0.004769132,3.0102613,0.010895962
63232000,0.27738923,-45.67749,-5.010164,-0.004509599,3.0094357,0.010952693
63240000,0.27758646,-45.674576,-5.0101905,-0.004281797,3.0086567,0.011026114
63248000,0.27779612,-45.67372,-5.010201,-0.0040934053,3.0077565,0.011064615
63256000,0.2780001,-45.672195,-5.0102077,-0.0039204103,3.0068579,0.0110788895
63264000,0.27819827,-45.670017,-5.010211,-0.0038114355,3.0060694,0.011109528
63272000,0.27839014,-45.6672,-5.010211,-0.003673529,3.0053136,0.011150442
63280000,0.27859983,-45.66645,-5.0102024,-0.0035575063,3.0044196,0.011223645
63288000,0.2788032,-45.665024,-5.0101905,-0.0034521113,3.003483,0.011311185
63296000,0.27900064,-45.662945,-5.010175,-0.00330805,3.0026588,0.0113924965
63304000,0.27919233,-45.66022,-5.0101566,-0.0031893014,3.0018995,0.011439962
63312000,0.27937835,-45.65688,-5.0101347,-0.0030406725,3.0011356,0.011527371
63320000,0.27957493,-45.65566,-5.010098,-0.0029912726,3.000221,0.011526188
63328000,0.27976525,-45.65377,-5.010059,-0.002875268,2.9993536,0.011588735
63336000,0.27994975,-45.651245,-5.0100126,-0.0027777106,2.9985266,0.0116244815
63344000,0.28012785,-45.64809,-5.0099645,-0.0027000543,2.9977527,0.011662
63352000,0.28031257,-45.647057,-5.0098996,-0.0026648322,2.9967902,0.011661397
63360000,0.2804912,-45.645355,-5.009834,-0.002580436,2.9957986,0.011688376
63368000,0.28066394,-45.64301,-5.0097656,-0.002499892,2.9949334,0.011740055
63376000,0.28083122,-45.640034,-5.009696,-0.0023923893,2.994138,0.011729703
63384000,0.28100914,-45.639183,-5.009632,-0.0024283784,2.993204,0.011789065
63392000,0.28118053,-45.637657,-5.009566,-0.0024048423,2.9922593,0.011869489
63400000,0.28134573,-45.635483,-5.009497,-0.0023788654,2.991403,0.011961358
63408000,0.2815049,-45.63267,-5.0094266,-0.0023882748,2.9905906,0.012017991
63416000,0.28167623,-45.631985,-5.009338,-0.0023723491,2.989614,0.012080712
63424000,0.28184134,-45.63062,-5.009248,-0.0023196843,2.988657,0.012089181
63432000,0.2820007,-45.6286,-5.0091524,-0.0022592172,2.9877481,0.0120900255
63440000,0.282154,-45.625946,-5.009056,-0.002285521,2.9868705,0.012118182
63448000,0.2823239,-45.62541,-5.0089474,-0.002315402,2.985767,0.012098611
63456000,0.28248724,-45.624195,-5.008839,-0.0023164647,2.9847732,0.012030153
63464000,0.28264406,-45.622322,-5.00873,-0.002332008,2.9837587,0.0120514175
63472000,0.2827945,-45.619812,-5.0086203,-0.0023884256,2.9828804,0.012015393
63480000,0.282956,-45.619415,-5.008527,-0.0024018844,2.9817953,0.011960177
63488000,0.2831102,-45.618336,-5.0084324,-0.0024634644,2.9807677,0.011950478
63496000,0.28325754,-45.616596,-5.008337,-0.002540979,2.979788,0.01189449
63504000,0.28339845,-45.614216,-5.0082417,-0.0025582337,2.978844,0.011871279
63512000,0.283561,-45.613945,-5.008148,-0.0025938363,2.9777262,0.01183296
63520000,0.28371674,-45.612988,-5.008054,-0.0026233718,2.9766958,0.011779098
63528000,0.2838659,-45.61137,-5.0079594,-0.0026564493,2.975718,0.011744747
63536000,0.2840087,-45.609108,-5.007866,-0.0026821631,2.9748247,0.0117029315
63544000,0.28418407,-45.60894,-5.007787,-0.0027208019,2.9737275,0.0116403755
63552000,0.28435177,-45.60809,-5.0077076,-0.0027276913,2.9726994,0.011582137
63560000,0.28451297,-45.606575,-5.007628,-0.002706166,2.9717238,0.011404825
63568000,0.284668,-45.604416,-5.007548,-0.0026819312,2.9707515,0.011291288
63576000,0.2848167,-45.601624,-5.0074677,-0.002724442,2.969817,0.011239786
63584000,0.28500172,-45.60097,-5.0073977,-0.0027415971,2.9687433,0.011190154
63592000,0.2851798,-45.599648,-5.007327,-0.0027188403,2.9677687,0.011039537
63600000,0.28535137,-45.597675,-5.0072565,-0.0027017654,2.9668725,0.010908824
63608000,0.28551644,-45.595066,-5.0071855,-0.0026951982,2.9660068,0.010783168
63616000,0.28571814,-45.59459,-5.007122,-0.0026806588,2.9649243,0.010680938
63624000,0.28591183,-45.593437,-5.0070577,-0.0026896808,2.9639273,0.010623264
63632000,0.28609863,-45.59163,-5.0069933,-0.0026718637,2.9629917,0.0105307335
63640000,0.28627884,-45.589188,-5.0069284,-0.0026186728,2.9620948,0.010443901
63648000,0.2865057,-45.588856,-5.006872,-0.0025327327,2.9609697,0.010390305
63656000,0.2867255,-45.58785,-5.0068154,-0.0024902478,2.959898,0.010333024
63664000,0.28693816,-45.586185,-5.0067577,-0.002462269,2.9589534,0.010258776
63672000,0.28714374,-45.58388,-5.006699,-0.002453091,2.9580865,0.010162528
63680000,0.28738707,-45.583675,-5.00664,-0.0024222515,2.9570076,0.0100770425
63688000,0.28762305,-45.58279,-5.00658,-0.002350326,2.955969,0.010014472
63696000,0.28785095,-45.58124,-5.0065193,-0.0022997358,2.9550226,0.009920641
63704000,0.28807193,-45.579056,-5.0064583,-0.002233768,2.9541366,0.00982857
63712000,0.28834015,-45.578964,-5.0064073,-0.0021375776,2.9530578,0.009788896
63720000,0.28860095,-45.578194,-5.0063553,-0.0020444999,2.9520996,0.009728384
63728000,0.2888544,-45.576756,-5.0063024,-0.0019542922,2.951152,0.009647771
63736000,0.2891005,-45.574677,-5.006244,-0.0019363485,2.950268,0.009583068
63744000,0.28939584,-45.57469,-5.006192,-0.0017972679,2.9492605,0.00953057
63752000,0.28968343,-45.57402,-5.0061393,-0.0016889184,2.9482956,0.009499866
63760000,0.28996325,-45.572685,-5.006085,-0.0016243793,2.9474034,0.009464218
63768000,0.29023418,-45.5707,-5.0060296,-0.0015516164,2.9465864,0.009421327
63776000,0.29055858,-45.570824,-5.0059857,-0.0014397982,2.94557,0.009306517
63784000,0.29087454,-45.57026,-5.00596,-0.001347061,2.9445562,0.009229092
63792000,0.2911823,-45.569023,-5.0059333,-0.0012340315,2.9436252,0.009184954
63800000,0.29148212,-45.56714,-5.0059047,-0.0011384841,2.942831,0.0091179395
63808000,0.29177403,-45.564625,-5.005875,-0.0010615436,2.94205,0.009066213
63816000,0.2921177,-45.564243,-5.0058565,-0.000887527,2.9410906,0.008996522
63824000,0.29245308,-45.563194,-5.0058365,-0.0007493949,2.9401875,0.008877457
63832000,0.29277876,-45.56149,-5.005822,-0.0006823846,2.939306,0.008808257
63844000,0.2930963,-45.559147,-5.005806,-0.0005643412,2.9385219,0.008710555
63848000,0.29343358,-45.556023,-5.0058017,-0.00045078853,2.937998,0.008612393
63860000,0.29376304,-45.5523,-5.0057964,-0.00026849413,2.937525,0.008502373
63868000,0.2940851,-45.547993,-5.0057893,-0.00013857821,2.937174,0.008415806
63876000,0.29439965,-45.543118,-5.0057807,-1.3656128e-05,2.9368722,0.008343026
63884000,0.29472342,-45.537518,-5.0057425,7.603699e-05,2.936807,0.008252986
63892000,0.29503953,-45.531384,-5.0057034,0.00018149953,2.9368398,0.008186021
63900000,0.2953482,-45.524727,-5.005664,0.0002467406,2.9369342,0.008094281
63908000,0.29564804,-45.517563,-5.005624,0.000353624,2.9371,0.008082453
63916000,0.29596296,-45.509727,-5.0055857,0.0004982111,2.9375036,0.008026772
63928000,0.29627115,-45.50142,-5.0055466,0.00064742507,2.9379978,0.00793403
63936000,0.29657257,-45.492638,-5.005507,0.0007480129,2.9384391,0.007923199
63944000,0.29686734,-45.483406,-5.005458,0.00089667784,2.9389048,0.007928694
63948000,0.29719326,-45.426632,-5.0052934,0.00079399394,2.9423618,0.007808716
63956000,0.29750043,-45.416332,-5.0052547,0.0009749321,2.9432037,0.007763712
63964000,0.2978015,-45.405617,-5.0052147,0.0011493607,2.9441042,0.007739618
63972000,0.29809657,-45.394493,-5.005174,0.0012997757,2.945011,0.007703433
63980000,0.2984097,-45.382805,-5.0051513,0.0014876851,2.946168,0.007609187
63988000,0.2987171,-45.370728,-5.005121,0.0017153033,2.9473262,0.0075900406
63996000,0.29901865,-45.358284,-5.0050898,0.0018390117,2.948521,0.007551875
64004000,0.29931408,-45.34547,-5.005058,0.0019812905,2.9497185,0.007496501
64012000,0.29961604,-45.33215,-5.005051,0.0020980106,2.9510999,0.0074193846
64020000,0.29991195,-45.318485,-5.005043,0.0022259448,2.952543,0.0074534575
64028000,0.30020207,-45.30449,-5.0050335,0.0023666853,2.9539933,0.00735783
64036000,0.30048642,-45.290165,-5.0050206,0.0024590231,2.9554808,0.0072697843
64044000,0.30076241,-45.275368,-5.005037,0.0025755733,2.9571414,0.0071719186
64052000,0.30103073,-45.260265,-5.005052,0.0026215303,2.95874,0.007051704
64060000,0.30129355,-45.24487,-5.005066,0.0027520957,2.9603148,0.007002895
64068000,0.3015514,-45.22918,-5.0050774,0.0028844215,2.9618802,0.006946483
64076000,0.30180207,-45.21305,-5.005114,0.0029619862,2.9636588,0.006896205
64084000,0.30204776,-45.19665,-5.0051694,0.003091579,2.9654856,0.006827366
64092000,0.30228865,-45.179985,-5.005223,0.0031710053,2.967201,0.0067041405
64100000,0.3027204,-45.172237,-5.0053754,0.0033810465,2.9690354,0.0048037153
64108000,0.30309135,-45.16169,-5.0055285,0.0034731077,2.9709527,0.003132083
64116000,0.30341583,-45.14904,-5.005684,0.0034748125,2.9728687,0.0016743648
64124000,0.3037044,-45.134785,-5.0058236,0.0034992846,2.9747283,0.00033590873
64132000,0.30396238,-45.119095,-5.005963,0.003481424,2.9767694,-0.00088819524
64140000,0.30419824,-45.102425,-5.0061116,0.0034810272,2.9788153,-0.0019732297
64148000,0.30441645,-45.084976,-5.006269,0.0035073848,2.9808295,-0.0029026275
64156000,0.30462018,-45.066883,-5.006435,0.0034754595,2.9827704,-0.003664304
64164000,0.30479798,-45.04809,-5.0066137,0.0034066618,2.984878,-0.004388516
64172000,0.30496326,-45.02886,-5.0068145,0.003353584,2.9869907,-0.004954807
64180000,0.30511996,-45.00925,-5.0070224,0.0033169081,2.98904,-0.0053750933
64188000,0.30526894,-44.98932,-5.0072365,0.0031976304,2.9910355,-0.005835006
64196000,0.30539355,-44.968937,-5.007456,0.0031341098,2.9931526,-0.00621414
64204000,0.30551234,-44.948303,-5.007681,0.0030098783,2.9953132,-0.006377834
64212000,0.30562556,-44.927444,-5.0079107,0.002933282,2.9973662,-0.006502518
64220000,0.30573413,-44.906384,-5.0081654,0.0028825207,2.99945,-0.006603494
64228000,0.30583006,-44.884975,-5.008434,0.0027947514,3.0016348,-0.006629168
64236000,0.30592158,-44.863396,-5.0087056,0.0026288948,3.0037947,-0.006619174
64244000,0.30600613,-44.841656,-5.0089803,0.0025034703,3.0058393,-0.006541319
64252000,0.30608666,-44.819767,-5.009257,0.002355102,3.0078876,-0.0064480817
64260000,0.30614954,-44.797585,-5.009539,0.0021771777,3.0100715,-0.006339843
64268000,0.30620825,-44.77527,-5.0098124,0.001971764,3.0121722,-0.006158917
64276000,0.3062633,-44.752827,-5.0100856,0.0018678688,3.014209,-0.00590819
64284000,0.30631477,-44.730267,-5.0103583,0.0016657312,3.016198,-0.0056486772
64292000,0.30634797,-44.707436,-5.010637,0.0014747096,3.0182793,-0.005382763
64300000,0.3063779,-44.684494,-5.0109134,0.0013228911,3.0203054,-0.005045516
64308000,0.3064044,-44.66145,-5.011188,0.0011201572,3.0223165,-0.004702306
64316000,0.30642536,-44.63831,-5.0114594,0.0009393757,3.0243056,-0.0043080845
64324000,0.30644336,-44.61492,-5.0117416,0.00072335644,3.0263786,-0.003951678
64332000,0.3064581,-44.59144,-5.01202,0.00054484955,3.0283918,-0.003578276
64340000,0.30646962,-44.567875,-5.012295,0.0003741644,3.0303392,-0.0031555984
64348000,0.306478,-44.544224,-5.0125647,0.00017213523,3.0322306,-0.0027494058
64356000,0.30648306,-44.520493,-5.01283,-4.431056e-05,3.0340247,-0.0023058895
64364000,0.30648267,-44.49652,-5.0130935,-0.00030020712,3.0360105,-0.0019072508
64372000,0.30647898,-44.472477,-5.0133896,-0.0004943281,3.0379407,-0.0014652563
64380000,0.3064703,-44.448364,-5.013679,-0.0006674707,3.0397992,-0.0010326583
64388000,0.30645874,-44.424183,-5.0139623,-0.00084951526,3.0416174,-0.0005730127
64396000,0.30644,-44.399784,-5.0142446,-0.0010051589,3.0435052,-0.000119786215
64404000,0.30641901,-44.375324,-5.0145197,-0.0010867608,3.0453207,0.00033241377
64412000,0.30639583,-44.350803,-5.014788,-0.0012448531,3.047088,0.0007808673
64420000,0.3063702,-44.32623,-5.0150504,-0.0013913648,3.0487754,0.0012352299
64428000,0.30634117,-44.301445,-5.015314,-0.0014905162,3.0505843,0.001680841
64436000,0.30631,-44.27661,-5.01557,-0.0016416949,3.052323,0.0021302963
64444000,0.30627644,-44.25173,-5.0158186,-0.0018181383,3.0540252,0.002582226
64452000,0.30623862,-44.226803,-5.0160594,-0.002001878,3.055617,0.0030825036
64460000,0.3061937,-44.20168,-5.0163045,-0.002178856,3.0573213,0.0035585994
64468000,0.30614638,-44.176514,-5.0165434,-0.0023884196,3.059045,0.0040109833
64476000,0.30609655,-44.15131,-5.0167747,-0.0025779412,3.060661,0.0044929367
64484000,0.3060447,-44.126064,-5.016997,-0.0027235486,3.0622313,0.0049602897
64492000,0.30597216,-44.100628,-5.017218,-0.0029015648,3.063901,0.005501055
64500000,0.3058978,-44.075153,-5.0174303,-0.0030909302,3.0654898,0.005987169
64508000,0.30582166,-44.04965,-5.0176344,-0.0032473428,3.067026,0.006458236
64516000,0.30574402,-44.024113,-5.01783,-0.0034103896,3.0685112,0.006933131
64524000,0.3056338,-43.998394,-5.018022,-0.0036512285,3.0700762,0.0074280035
64532000,0.3055223,-43.97265,-5.0182056,-0.0038239185,3.0715802,0.007890072
64540000,0.30540967,-43.94688,-5.01838,-0.004040941,3.0729778,0.008359043
64548000,0.30529547,-43.921085,-5.0185475,-0.0042614476,3.0743005,0.008738896
64556000,0.30517223,-43.89512,-5.018707,-0.0044814823,3.0757961,0.00919468
64564000,0.30504784,-43.86913,-5.0188584,-0.004648371,3.077202,0.00956251
64572000,0.3049224,-43.843124,-5.0190296,-0.0048682652,3.078552,0.009968969
64580000,0.3047956,-43.8171,-5.0191927,-0.0051076827,3.0798151,0.0103715705
64588000,0.3046648,-43.790905,-5.0193443,-0.005342221,3.0811641,0.010775965
64596000,0.30453146,-43.764698,-5.0194874,-0.005566426,3.0824614,0.0112264315
64604000,0.30439702,-43.738483,-5.019622,-0.0057872944,3.0836895,0.011634434
64612000,0.30426142,-43.712257,-5.019748,-0.005963978,3.0848656,0.012027349
64620000,0.30412486,-43.68602,-5.019863,-0.006139884,3.0859997,0.012380325
64628000,0.30398178,-43.65961,-5.0199647,-0.006359815,3.0872366,0.012752092
64636000,0.30383778,-43.633194,-5.0200586,-0.0065076696,3.0884087,0.013070964
64644000,0.30369315,-43.606777,-5.0201454,-0.0066880463,3.089511,0.013387341
64652000,0.30354762,-43.580353,-5.0202246,-0.006859823,3.0905879,0.0137600945
64660000,0.303399,-43.553772,-5.0202913,-0.007045448,3.0917454,0.014115574
64668000,0.30324948,-43.52719,-5.0203156,-0.007229469,3.092822,0.014473629
64676000,0.3030992,-43.50061,-5.020334,-0.007397572,3.0938525,0.014832484
64684000,0.30294818,-43.474033,-5.0203457,-0.0075736237,3.094803,0.015119435
64692000,0.30279663,-43.447304,-5.0203424,-0.0077347984,3.0958319,0.015462121
64700000,0.3026445,-43.420578,-5.020333,-0.00788916,3.096845,0.015811132
64708000,0.3024918,-43.393856,-5.0203176,-0.008027998,3.0977414,0.01619606
64716000,0.30233866,-43.36714,-5.020297,-0.008164368,3.0986896,0.016489048
64724000,0.30218357,-43.340294,-5.020273,-0.008293447,3.099679,0.016792944
64732000,0.3020276,-43.313454,-5.020244,-0.008430878,3.1005638,0.017019056
64740000,0.30187136,-43.286625,-5.0202107,-0.008548731,3.1013901,0.01731555
64748000,0.30171472,-43.259804,-5.0201716,-0.008687846,3.1021261,0.017611958
64756000,0.3015654,-43.232857,-5.020134,-0.0088481,3.1030073,0.017871754
64764000,0.30141532,-43.205925,-5.0200915,-0.009012158,3.1037858,0.01809584
64772000,0.3012644,-43.179005,-5.0200834,-0.009175218,3.1044738,0.018252503
64780000,0.30111283,-43.152096,-5.02007,-0.009300219,3.1051672,0.018408885
64788000,0.3009679,-43.125088,-5.020049,-0.009410648,3.1058831,0.018607577
64796000,0.30082238,-43.098095,-5.020023,-0.009528147,3.1065493,0.01878882
64804000,0.300676,-43.07112,-5.0199914,-0.009667619,3.1071374,0.018966034
64812000,0.30052927,-43.04416,-5.019955,-0.009729285,3.1077192,0.019054152
64820000,0.30038676,-43.017113,-5.019918,-0.009839989,3.1082876,0.019221807
64828000,0.3002437,-42.99008,-5.019876,-0.00996032,3.1089325,0.019399643
64836000,0.30009976,-42.96307,-5.019829,-0.01008478,3.109453,0.01959161
64844000,0.2999555,-42.936073,-5.0197763,-0.010164226,3.1099544,0.019739283
64852000,0.2998102,-42.90897,-5.0197277,-0.010183514,3.110498,0.01985009
64860000,0.2996651,-42.88189,-5.0196743,-0.010229416,3.1109626,0.019964635
64868000,0.2995198,-42.854824,-5.019606,-0.010314261,3.1113644,0.020088436
64876000,0.29937425,-42.827785,-5.019534,-0.010398338,3.1118038,0.020211708
64884000,0.29922858,-42.800762,-5.019458,-0.010462909,3.1121476,0.020295788
64892000,0.29907712,-42.77365,-5.019386,-0.010567819,3.1125596,0.020398473
64900000,0.29892537,-42.74656,-5.01931,-0.010641951,3.1129608,0.020538988
64908000,0.29877338,-42.71949,-5.0192294,-0.010763498,3.1132555,0.020669328
64916000,0.29862115,-42.692444,-5.0191445,-0.010818622,3.1135557,0.020789098
64924000,0.2984697,-42.665314,-5.01907,-0.010910685,3.1138332,0.020858806
64932000,0.29831815,-42.63821,-5.018992,-0.010985524,3.1140866,0.020865835
64940000,0.29816684,-42.61113,-5.0189104,-0.011064198,3.114341,0.02088017
64948000,0.29801515,-42.584072,-5.0188255,-0.0111817075,3.1145563,0.020952422
64956000,0.29787463,-42.55694,-5.018739,-0.01126299,3.1148334,0.021019299
64964000,0.29773372,-42.529827,-5.018649,-0.011335722,3.1150582,0.021069778
64972000,0.2975926,-42.502743,-5.018608,-0.011366916,3.1152368,0.021097908
64980000,0.29745123,-42.475685,-5.0185623,-0.011465871,3.1153257,0.021111552
64988000,0.29731756,-42.448544,-5.0185056,-0.011505857,3.1154766,0.021157866
64996000,0.29718366,-42.42143,-5.018444,-0.011532161,3.1155891,0.021190379
65004000,0.29704964,-42.394344,-5.0183787,-0.011544414,3.1156666,0.021216508
65012000,0.2969163,-42.367283,-5.018309,-0.011564573,3.1157281,0.021195225
65020000,0.2967684,-42.34014,-5.01823,-0.011654766,3.1157997,0.021115426
65028000,0.29662022,-42.31303,-5.0181475,-0.011721062,3.1158648,0.02115413
65036000,0.29647186,-42.285942,-5.0180607,-0.011803432,3.1159024,0.02118573
65044000,0.2963231,-42.258884,-5.017971,-0.011910897,3.115908,0.02118171
65052000,0.29616508,-42.23175,-5.0178685,-0.011984769,3.1159635,0.021197936
65060000,0.29600698,-42.20464,-5.0177627,-0.0120558785,3.116,0.021220354
65068000,0.29584873,-42.177563,-5.017643,-0.012166639,3.1159663,0.021177756
65076000,0.2956903,-42.150513,-5.017522,-0.012255114,3.1158795,0.021088814
65084000,0.29552928,-42.123413,-5.0173826,-0.012269417,3.1157885,0.021081464
65092000,0.29536882,-42.096344,-5.017241,-0.012301257,3.1156845,0.021094846
65100000,0.29520842,-42.06931,-5.0170975,-0.012381399,3.115565,0.021085354
65108000,0.2950481,-42.042297,-5.016952,-0.012439632,3.1154544,0.021045335
65116000,0.29489902,-42.015232,-5.0167885,-0.012479913,3.1153429,0.020963162
65124000,0.29474998,-41.988194,-5.016629,-0.012502939,3.1152341,0.020903721
65132000,0.29460105,-41.961185,-5.016469,-0.0125265,3.115073,0.020853601
65140000,0.29445234,-41.934208,-5.0163074,-0.012561808,3.1148834,0.020803079
65148000,0.29430354,-41.90726,-5.0161448,-0.01259472,3.1146426,0.02074575
65156000,0.29414997,-41.880264,-5.0159693,-0.012639025,3.1144645,0.0206626
65164000,0.29399693,-41.853294,-5.015794,-0.012577623,3.114286,0.02060833
65172000,0.2938443,-41.826355,-5.0156126,-0.012630541,3.1140792,0.020560157
65180000,0.2936918,-41.799446,-5.015431,-0.012659994,3.1138184,0.020502426
65188000,0.29353112,-41.772488,-5.015233,-0.0127503695,3.113634,0.020418653
65196000,0.29337052,-41.745556,-5.015035,-0.012767164,3.1134374,0.020354265
65204000,0.2932106,-41.718655,-5.0148377,-0.012744666,3.1131198,0.020247446
65212000,0.29305103,-41.691788,-5.0146403,-0.012813059,3.1128318,0.020140313
65220000,0.29287726,-41.66487,-5.0144143,-0.012890583,3.1126094,0.02005311
65228000,0.2927039,-41.63799,-5.0141892,-0.012935529,3.112318,0.01993408
65236000,0.29253122,-41.611137,-5.013965,-0.012932408,3.1119933,0.019800013
65244000,0.29235926,-41.584316,-5.013743,-0.012946438,3.1116307,0.019648071
65252000,0.29217827,-41.55742,-5.0134964,-0.012975845,3.1113746,0.019542605
65260000,0.29199794,-41.530556,-5.0132513,-0.013017867,3.1110547,0.019411972
65268000,0.2918183,-41.503723,-5.013015,-0.013065981,3.1106815,0.019296972
65276000,0.2916391,-41.476925,-5.0127797,-0.013133728,3.1103346,0.019113682
65284000,0.29145646,-41.45005,-5.012526,-0.013168329,3.110102,0.018991567
65292000,0.2912758,-41.423206,-5.0122747,-0.013189021,3.1098223,0.018825106
65300000,0.29109603,-41.396393,-5.0120254,-0.013196624,3.1095057,0.018703358
65308000,0.2909169,-41.369614,-5.0117784,-0.013261867,3.109133,0.018518308
65316000,0.29073387,-41.34276,-5.011512,-0.013310718,3.108792,0.018378858
65328000,0.29055163,-41.315937,-5.011234,-0.013305126,3.1084878,0.018259285
65332000,0.29037043,-41.289146,-5.010959,-0.013327035,3.108218,0.018056286
65340000,0.29018986,-41.262386,-5.010688,-0.013374255,3.10792,0.017853448
65348000,0.2900093,-41.23555,-5.010405,-0.0134507865,3.1076221,0.01766175
65356000,0.28982913,-41.208748,-5.010126,-0.013510415,3.1073177,0.017492758
65364000,0.2896505,-41.181976,-5.0098505,-0.013593617,3.1069806,0.017348409
65372000,0.28947228,-41.15524,-5.0095572,-0.01362461,3.1066139,0.017251352
65380000,0.28930548,-41.128433,-5.009261,-0.013661206,3.106398,0.017082818
65388000,0.2891391,-41.101658,-5.008969,-0.013679434,3.1060927,0.016878422
65396000,0.28897324,-41.074917,-5.0086813,-0.013658951,3.1057737,0.016664088
65404000,0.28880802,-41.048206,-5.008398,-0.013675245,3.1054194,0.016463442
65412000,0.28864312,-41.021526,-5.0081186,-0.013727608,3.105014,0.016232649
65420000,0.28850433,-40.994778,-5.0078363,-0.013729391,3.1046867,0.015946943
65428000,0.28836563,-40.96806,-5.007559,-0.013704538,3.1042998,0.015736911
65436000,0.28822824,-40.941376,-5.0072856,-0.013741415,3.103949,0.0154901855
65444000,0.28809056,-40.914722,-5.0070167,-0.0137558235,3.103573,0.015298007
65452000,0.2879796,-40.887997,-5.0067472,-0.013734607,3.103269,0.01512647
65460000,0.2878682,-40.861305,-5.006482,-0.013696639,3.102903,0.014859518
65468000,0.2877564,-40.834644,-5.0061893,-0.01369144,3.102518,0.0145939505
65476000,0.28764418,-40.808014,-5.0059013,-0.013655948,3.1021297,0.014366156
65484000,0.28754857,-40.781326,-5.005612,-0.013639367,3.1018088,0.014150792
65492000,0.28745213,-40.75467,-5.005328,-0.013641417,3.1015375,0.013872348
65500000,0.28735623,-40.728046,-5.0050497,-0.013629717,3.1011946,0.013551843
65508000,0.2872595,-40.70145,-5.004777,-0.013622336,3.1008468,0.013258594
65516000,0.28717968,-40.674812,-5.0045094,-0.0135743795,3.1005194,0.012968921
65524000,0.28709915,-40.648205,-5.0042653,-0.013517527,3.100168,0.012684132
65532000,0.2870179,-40.62163,-5.0040264,-0.013464928,3.0997813,0.0123717645
65540000,0.28693596,-40.595085,-5.003792,-0.013429129,3.0993295,0.012084944
65548000,0.28685424,-40.568485,-5.0035486,-0.0133684985,3.0990105,0.0117908195
65556000,0.28677195,-40.541916,-5.00331,-0.013329683,3.0986423,0.011465303
65564000,0.28668898,-40.515377,-5.0030775,-0.013292664,3.09826,0.011121301
65572000,0.28660655,-40.488873,-5.002818,-0.013288152,3.0979376,0.01078583
65580000,0.28652805,-40.462296,-5.0025544,-0.013254837,3.09762,0.010482553
65588000,0.28644878,-40.435753,-5.0022974,-0.013228057,3.0973012,0.010160019
65596000,0.2863686,-40.40924,-5.002046,-0.013235003,3.0969195,0.009836502
65604000,0.28628725,-40.38276,-5.001801,-0.013264436,3.0965168,0.0095762005
65612000,0.28622475,-40.35622,-5.00155,-0.013255906,3.0961268,0.009322744
65620000,0.28616124,-40.32971,-5.001311,-0.013155196,3.0957735,0.009062994
65628000,0.28609693,-40.30323,-5.001077,-0.013146169,3.0954912,0.008800037
65636000,0.28603107,-40.27678,-5.0008492,-0.013185061,3.0951166,0.008472392
65644000,0.28596464,-40.250282,-5.0006046,-0.01316517,3.0947678,0.008216063
65652000,0.2858972,-40.223816,-5.0003653,-0.013123625,3.0944774,0.007986028
65660000,0.28582883,-40.19738,-5.000132,-0.013095013,3.094189,0.007744521
65668000,0.2857593,-40.17097,-4.999892,-0.013094899,3.0937998,0.007490444
65676000,0.28568873,-40.144596,-4.9996586,-0.013067932,3.0933757,0.007184983
65684000,0.28563133,-40.118187,-4.99941,-0.013048849,3.093035,0.0068952315
65692000,0.2855728,-40.09181,-4.9991684,-0.0129875885,3.0926342,0.0065525686
65700000,0.28551346,-40.06546,-4.998934,-0.012899506,3.0922022,0.0062122033
65708000,0.28545338,-40.03914,-4.9987054,-0.012817171,3.091753,0.0059244256
65716000,0.28543192,-40.012794,-4.9984636,-0.012733944,3.0913436,0.0056350008
65724000,0.28540882,-39.98648,-4.9982333,-0.012686757,3.090911,0.0053549395
65732000,0.2853839,-39.960194,-4.998009,-0.012637158,3.0904524,0.0050855707
65740000,0.28535727,-39.933933,-4.9977913,-0.012577095,3.090083,0.0048025087
65748000,0.28535146,-39.90763,-4.9975533,-0.01254067,3.0896845,0.0045248964
65756000,0.28534344,-39.881355,-4.9973226,-0.012489865,3.089261,0.004266852
65764000,0.2853336,-39.85511,-4.9970975,-0.012373962,3.0888438,0.00402054
65772000,0.28532198,-39.82889,-4.9968767,-0.012351615,3.0884745,0.0037178965
65780000,0.2853191,-39.80263,-4.996636,-0.012273625,3.0880685,0.0033741882
65788000,0.2853145,-39.776394,-4.996403,-0.012158957,3.0876415,0.0029752878
65796000,0.28530812,-39.75019,-4.9961777,-0.012109768,3.0872197,0.0026628943
65804000,0.28529975,-39.72401,-4.995959,-0.01204701,3.0868042,0.0025144257
65812000,0.2853034,-39.69778,-4.9957247,-0.011940531,3.086465,0.0025237522
65820000,0.28530487,-39.67158,-4.995501,-0.011928092,3.086084,0.0027814952
65828000,0.28530395,-39.64541,-4.995279,-0.011906919,3.0856805,0.0034152386
65836000,0.28530058,-39.619267,-4.995054,-0.011930605,3.0852823,0.004526913
65844000,0.28531784,-39.59308,-4.994812,-0.011896182,3.0848956,0.0060058804
65852000,0.285334,-39.566917,-4.994562,-0.011808258,3.0844536,0.0077013574
65860000,0.2853479,-39.540787,-4.9943013,-0.011761243,3.0840323,0.009759632
65868000,0.28535965,-39.514683,-4.994023,-0.011657978,3.083558,0.0122595215
65876000,0.28538877,-39.48855,-4.993713,-0.01152619,3.0831192,0.015259002
65884000,0.28541577,-39.462444,-4.9933815,-0.011435614,3.0826604,0.018707408
65892000,0.28544062,-39.436363,-4.993026,-0.011320209,3.0820818,0.022432951
65900000,0.28546312,-39.410313,-4.9926434,-0.011265248,3.0814447,0.026520995
65908000,0.28550637,-39.384235,-4.9922156,-0.01108191,3.080826,0.031018287
65916000,0.28554773,-39.358185,-4.991755,-0.010926572,3.0801566,0.036001872
65924000,0.28558835,-39.332165,-4.991247,-0.010753583,3.079394,0.041405223
65932000,0.28562713,-39.306175,-4.9907,-0.010585103,3.0786142,0.04698768
65940000,0.28566393,-39.280212,-4.990111,-0.010479255,3.0777233,0.052934278
65948000,0.28571808,-39.254227,-4.9894485,-0.010283234,3.0768707,0.0593224
65956000,0.28577042,-39.22827,-4.9887385,-0.010100635,3.0759962,0.06612035
65964000,0.28582075,-39.202347,-4.987977,-0.009932415,3.0750232,0.073267356
65972000,0.28586882,-39.17645,-4.9871354,-0.009843138,3.0739772,0.08064105
65980000,0.28593883,-39.15053,-4.986203,-0.009672402,3.072908,0.08828408
65988000,0.2860066,-39.124645,-4.985214,-0.009475099,3.0717843,0.09624978
65996000,0.28607383,-39.09879,-4.9841657,-0.009261535,3.0705616,0.10460787
66004000,0.2861391,-39.072964,-4.9830546,-0.009076407,3.0692887,0.11331281
66012000,0.2862182,-39.047127,-4.981833,-0.008842842,3.067881,0.122095115
66020000,0.2862953,-39.021324,-4.9805574,-0.008648113,3.066418,0.13117196
66028000,0.28637052,-38.995552,-4.9792147,-0.008374072,3.0648956,0.14057736
66036000,0.28644404,-38.969814,-4.977801,-0.008211081,3.0633042,0.150335
66044000,0.2865394,-38.944073,-4.976271,-0.007999312,3.0616932,0.1604174
66052000,0.2866326,-38.918365,-4.974667,-0.007786873,3.0599525,0.17054795
66060000,0.28672537,-38.89269,-4.972988,-0.0076001827,3.058105,0.18093984
66068000,0.28681594,-38.86705,-4.971228,-0.0073646083,3.0561047,0.19168448
66076000,0.2869306,-38.841434,-4.969333,-0.0071155736,3.0540879,0.20276964
66084000,0.28704286,-38.815857,-4.9673553,-0.0068906974,3.0520756,0.2141659
66092000,0.2871526,-38.79031,-4.965293,-0.0067137983,3.0499468,0.22565146
66100000,0.28725976,-38.7648,-4.9631453,-0.0065031284,3.0476365,0.23723511
66108000,0.28736764,-38.739323,-4.9608493,-0.006302533,3.0452619,0.24916932
66116000,0.2874731,-38.713882,-4.9584646,-0.006127812,3.042788,0.2614606
66124000,0.28757614,-38.68848,-4.9559994,-0.0059283134,3.0402317,0.27404433
66132000,0.2876799,-38.663116,-4.9534407,-0.0057058856,3.0375552,0.28654546
66140000,0.28778833,-38.637787,-4.950722,-0.0054538245,3.0347095,0.29920706
66148000,0.2878947,-38.612495,-4.94791,-0.005261443,3.0317414,0.31226742
66156000,0.28799903,-38.587246,-4.9450006,-0.0050481083,3.0286386,0.3255927
66164000,0.28810114,-38.562035,-4.9419913,-0.004897261,3.0254867,0.33919322
66172000,0.2881981,-38.53689,-4.938811,-0.0047540036,3.0220864,0.3527502
66180000,0.28829288,-38.51178,-4.9355316,-0.004571151,3.0185924,0.36634085
66188000,0.28838587,-38.486717,-4.932152,-0.0043973527,3.0149279,0.38024667
66196000,0.28847697,-38.461697,-4.928669,-0.0042127776,3.0111856,0.39422503
66204000,0.28857,-38.43672,-4.9250836,-0.0040943264,3.007328,0.4081993
66212000,0.2886568,-38.411808,-4.9213147,-0.0039576236,3.003256,0.42185533
66220000,0.28874192,-38.38694,-4.9174376,-0.0037498407,2.9989524,0.43530253
66228000,0.28882557,-38.36212,-4.9134636,-0.003586725,2.9944668,0.44869426
66236000,0.2889076,-38.337353,-4.909393,-0.0034244522,2.989813,0.46206284
66244000,0.28898996,-38.31266,-4.905141,-0.0032855838,2.9848902,0.47531933
66252000,0.2890706,-38.288017,-4.9007964,-0.003151061,2.9797955,0.48808262
66260000,0.2891493,-38.26343,-4.896363,-0.0030393966,2.9744396,0.50064933
66268000,0.28922638,-38.2389,-4.8918185,-0.0028825589,2.9689398,0.5132552
66276000,0.289308,-38.21445,-4.887101,-0.0027108232,2.9632304,0.52569675
66284000,0.28938818,-38.190063,-4.8822994,-0.0025383453,2.9572804,0.5377354
66292000,0.28946674,-38.165733,-4.877416,-0.0024448254,2.9510617,0.54912317
66300000,0.28954315,-38.141464,-4.872456,-0.0023942238,2.944473,0.56005794
66308000,0.28961292,-38.117283,-4.8673377,-0.002292845,2.9375906,0.5704757
66316000,0.28968102,-38.093166,-4.862151,-0.002208639,2.9304762,0.5805696
66328000,0.28974733,-38.069115,-4.8569174,-0.0021323527,2.9231112,0.5902096
66332000,0.28981176,-38.045135,-4.851622,-0.0020806591,2.9154823,0.5992488
66344000,0.2898883,-38.02127,-4.846195,-0.002049124,2.9075055,0.60795116
66352000,0.28996265,-37.997482,-4.840714,-0.001978067,2.899248,0.61633956
66360000,0.29003513,-37.973766,-4.8351808,-0.0019024702,2.8907616,0.62441474
66368000,0.29010564,-37.950127,-4.829597,-0.0018269658,2.8819633,0.6322212
66376000,0.29017985,-37.926617,-4.8239074,-0.0017750168,2.8728807,0.63956153
66384000,0.29025185,-37.903183,-4.8181744,-0.0017503746,2.8635633,0.6465735
66392000,0.2903216,-37.879833,-4.812401,-0.0017301409,2.8540096,0.6530931
66400000,0.29038942,-37.856567,-4.806591,-0.0016172888,2.8441384,0.6590858
66408000,0.29045144,-37.833454,-4.800688,-0.001560544,2.8340108,0.6648794
66416000,0.29052168,-37.81043,-4.7947545,-0.0014876637,2.823577,0.670183
66424000,0.2905899,-37.787487,-4.7887816,-0.001475895,2.8129785,0.67510533
66432000,0.2906561,-37.764637,-4.782785,-0.0014299208,2.8021472,0.6796505
66440000,0.29069895,-37.741962,-4.7767243,-0.0014451888,2.7909248,0.6837416
66448000,0.29073972,-37.719383,-4.7706466,-0.0014980538,2.7795143,0.6875198
66456000,0.29077864,-37.696896,-4.7645535,-0.0014984988,2.7678342,0.69095474
66464000,0.29081574,-37.674503,-4.758448,-0.0015608727,2.7560027,0.6940172
66472000,0.29085067,-37.652206,-4.752326,-0.0016284123,2.7438695,0.69673836
66480000,0.29087323,-37.630127,-4.7461734,-0.0016969392,2.7315145,0.69901395
66488000,0.29090717,-37.608143,-4.740017,-0.001712489,2.7189152,0.70104194
66496000,0.29093915,-37.586258,-4.733858,-0.0017940725,2.706153,0.702783
66504000,0.29096925,-37.564476,-4.7276993,-0.0018338207,2.6931446,0.7042585
66512000,0.29100987,-37.542927,-4.7215247,-0.0018909631,2.679809,0.7053313
66520000,0.2910482,-37.521484,-4.715356,-0.0019979193,2.6663623,0.7060677
66528000,0.2910839,-37.500145,-4.7092085,-0.0021058377,2.652718,0.70651543
66536000,0.29111716,-37.478912,-4.703071,-0.0022009034,2.6389484,0.7066347
66548000,0.291186,-37.457935,-4.696921,-0.0022855727,2.6248665,0.70636696
66556000,0.29125175,-37.437065,-4.690785,-0.0023361694,2.6106904,0.7058324
66564000,0.29133043,-37.416298,-4.6846666,-0.0023969733,2.5962908,0.70504594
66572000,0.29140577,-37.395645,-4.678566,-0.002471708,2.5818434,0.7040377
66580000,0.29152018,-37.37524,-4.6724634,-0.0025378577,2.567072,0.7028169
66588000,0.2916305,-37.354946,-4.6663823,-0.0026030636,2.5521998,0.7013761
66596000,0.29173696,-37.33476,-4.6603246,-0.0026206104,2.5372448,0.69966525
66604000,0.29183972,-37.314686,-4.6542926,-0.002720878,2.5221379,0.69771236
66612000,0.2919679,-37.29488,-4.6482816,-0.0027926937,2.506792,0.6954823
66620000,0.292092,-37.275185,-4.6422997,-0.002768301,2.491368,0.6929477
66628000,0.29223028,-37.2556,-4.6363516,-0.0028195034,2.4758542,0.69020736
66636000,0.292364,-37.23613,-4.6304364,-0.0028886965,2.4602253,0.6872665
66644000,0.2925244,-37.21694,-4.624556,-0.002916977,2.4444249,0.6841132
66652000,0.29267976,-37.19786,-4.618712,-0.0029887152,2.4284823,0.68071604
66660000,0.2928304,-37.178898,-4.6129045,-0.0029938135,2.4125335,0.67707276
66668000,0.29297653,-37.160046,-4.6071362,-0.003034659,2.396501,0.67328227
66676000,0.29316878,-37.141483,-4.6014185,-0.0031052788,2.3803525,0.6693526
66684000,0.2933552,-37.123035,-4.5957403,-0.0031491837,2.3641975,0.6655361
66692000,0.2935361,-37.1047,-4.590101,-0.0032092056,2.348062,0.66172504
66700000,0.29376522,-37.086872,-4.5844574,-0.0031620106,2.3319604,0.65795165
66708000,0.294034,-37.069252,-4.5788903,-0.0031815213,2.3157845,0.65434325
66716000,0.29428905,-37.051655,-4.573366,-0.0031353666,2.2996624,0.6508911
66724000,0.29453248,-37.034107,-4.56788,-0.0030827408,2.2835789,0.64763176
66732000,0.29476568,-37.01662,-4.5624313,-0.0030728946,2.2676105,0.64445794
66740000,0.29504186,-36.999416,-4.557049,-0.0030777208,2.25156,0.64144075
66748000,0.29530782,-36.982285,-4.5516977,-0.0031208969,2.2356308,0.6387343
66756000,0.2955646,-36.965233,-4.546375,-0.0030936073,2.2197375,0.63614
66764000,0.29583392,-36.94827,-4.541079,-0.0030640184,2.2039702,0.63380957
66772000,0.29614383,-36.9316,-4.5358567,-0.002996528,2.1881275,0.6316542
66780000,0.29644516,-36.915016,-4.5306554,-0.0029317553,2.1723557,0.6295967
66788000,0.29673854,-36.898525,-4.525474,-0.0028597675,2.1567364,0.62776524
66796000,0.29702428,-36.88213,-4.5203114,-0.0028125844,2.1412594,0.6260742
66804000,0.29735357,-36.86603,-4.5152035,-0.0028135276,2.1257217,0.6245365
66812000,0.29767415,-36.850025,-4.51011,-0.0028117625,2.1102695,0.62309647
66820000,0.2979864,-36.83411,-4.505031,-0.0028016043,2.094972,0.62171596
66828000,0.29829055,-36.818295,-4.499976,-0.0028084856,2.0797243,0.62051517
66840000,0.2986542,-36.80274,-4.494976,-0.002675751,2.064475,0.6194311
66844000,0.29900947,-36.787273,-4.4899845,-0.0026125861,2.0493784,0.61856294
66852000,0.29935646,-36.7719,-4.4850006,-0.0025678496,2.0343645,0.61774695
66860000,0.29969513,-36.75662,-4.480024,-0.00252558,2.0195,0.61710864
66868000,0.30002582,-36.741432,-4.475053,-0.002502691,2.0047295,0.61651546
66876000,0.30037692,-36.726486,-4.4701405,-0.0024943273,1.9899877,0.6159853
66884000,0.3007196,-36.71163,-4.4652314,-0.002450575,1.9753433,0.6155437
66892000,0.30105418,-36.69687,-4.460325,-0.0024470433,1.9608071,0.61521065
66900000,0.30138063,-36.682194,-4.4554214,-0.00242319,1.9463617,0.6147269
66908000,0.30174884,-36.66775,-4.450565,-0.0023986085,1.9319134,0.61444974
66916000,0.30210832,-36.653397,-4.4457088,-0.002371892,1.9175872,0.61422926
66924000,0.30245936,-36.63913,-4.4408436,-0.0023529092,1.9034034,0.6141866
66932000,0.3028019,-36.624947,-4.4359784,-0.0023569996,1.8893174,0.61406446
66940000,0.3031867,-36.610985,-4.431156,-0.002307886,1.8752348,0.61386526
66948000,0.3035624,-36.597103,-4.4263325,-0.0023024783,1.8612888,0.6138301
66956000,0.30392915,-36.583305,-4.421507,-0.0023003782,1.8474565,0.61379534
66964000,0.30428672,-36.56959,-4.4166794,-0.002359079,1.833704,0.61394614
66972000,0.30466673,-36.556107,-4.4118605,-0.0023201052,1.8199807,0.6140179
66980000,0.3050566,-36.542698,-4.4070396,-0.0023340848,1.8063864,0.61407584
66988000,0.3054372,-36.52937,-4.4022155,-0.00231137,1.792905,0.6142576
66996000,0.30580863,-36.516125,-4.397388,-0.002321538,1.7794771,0.6144493
67004000,0.30621877,-36.503098,-4.3925757,-0.002265434,1.76613,0.6146724
67012000,0.30661958,-36.490147,-4.3877583,-0.0022004377,1.7529043,0.61503595
67020000,0.30701092,-36.47727,-4.3829365,-0.0022068694,1.7397951,0.6153235
67028000,0.3073928,-36.46447,-4.3781085,-0.002201588,1.7268548,0.61585003
67036000,0.30781665,-36.451874,-4.3732867,-0.0021780883,1.7139239,0.6166024
67044000,0.30824834,-36.43935,-4.368456,-0.0022069141,1.7011749,0.61756474
67052000,0.3086695,-36.4269,-4.3636146,-0.0021995432,1.6885878,0.6186275
67060000,0.30908045,-36.414516,-4.358762,-0.002242624,1.67609,0.61971515
67068000,0.3095352,-36.402332,-4.353914,-0.0021981762,1.663627,0.6209372
67076000,0.30997944,-36.390217,-4.3490777,-0.0021665136,1.6512558,0.62220275
67084000,0.31041297,-36.37817,-4.3442283,-0.0021863764,1.6389399,0.623496
67096000,0.3108358,-36.366188,-4.339365,-0.002238352,1.626816,0.624805
67100000,0.31132445,-36.35437,-4.334495,-0.0021850057,1.6147342,0.62599397
67108000,0.3118018,-36.34262,-4.3296123,-0.0021537766,1.6027564,0.62728226
67116000,0.31228516,-36.330933,-4.324716,-0.0021008106,1.590923,0.62855226
67124000,0.31275725,-36.319313,-4.3198147,-0.0020636094,1.5791869,0.6298401
67132000,0.31321797,-36.30776,-4.3149,-0.002117221,1.5675012,0.6311145
67140000,0.31374174,-36.296345,-4.3099875,-0.0020628315,1.5558975,0.632272
67148000,0.31425324,-36.284996,-4.305062,-0.002046509,1.5443622,0.6334747
67156000,0.31475255,-36.27371,-4.300123,-0.0020657012,1.5329919,0.6347368
67164000,0.31523985,-36.262486,-4.295171,-0.0020642169,1.5217481,0.6360373
67176000,0.31577864,-36.251392,-4.29023,-0.0020428675,1.5104835,0.63726085
67184000,0.31630448,-36.24036,-4.285275,-0.0020955205,1.4993515,0.6384432
67192000,0.3168336,-36.22939,-4.280308,-0.002116724,1.4883364,0.63958824
67200000,0.31734982,-36.21848,-4.275327,-0.0021601594,1.477381,0.64084
67208000,0.31790286,-36.207703,-4.270339,-0.0021611995,1.4665194,0.64210457
67216000,0.3184427,-36.196983,-4.265337,-0.0021620505,1.4558245,0.64336455
67224000,0.31896967,-36.186325,-4.260321,-0.0021846015,1.4451445,0.6447056
67232000,0.3194838,-36.175724,-4.255263,-0.00222395,1.4345733,0.6459943
67240000,0.32003206,-36.165253,-4.250202,-0.0021958016,1.424059,0.647132
67248000,0.32056713,-36.154842,-4.245129,-0.002252925,1.413623,0.64830863
67256000,0.32108885,-36.144485,-4.240044,-0.0023404271,1.403341,0.6495567
67264000,0.32161272,-36.134186,-4.2349463,-0.0024123264,1.3931633,0.65080386
67272000,0.3221696,-36.124004,-4.2298436,-0.0024767572,1.3830518,0.652044
67280000,0.3227129,-36.113876,-4.224717,-0.0025164564,1.3729569,0.6532328
67288000,0.32324255,-36.103806,-4.219579,-0.0026216342,1.3629258,0.6543073
67296000,0.32375887,-36.09379,-4.21443,-0.0026714827,1.3530349,0.65547454
67304000,0.32429922,-36.08385,-4.2092805,-0.0026907336,1.3432493,0.6565935
67312000,0.3248263,-36.07397,-4.2041197,-0.0027402984,1.3335377,0.6576945
67320000,0.3253402,-36.064144,-4.198948,-0.002802253,1.3239142,0.65865225
67328000,0.32585517,-36.05437,-4.193775,-0.0029189498,1.3143129,0.65962756
67336000,0.326434,-36.04468,-4.1886086,-0.0030168865,1.304837,0.6607134
67344000,0.32699835,-36.035046,-4.1834307,-0.0030422756,1.2954717,0.6617395
67352000,0.32754862,-36.02546,-4.1782413,-0.0031389974,1.2861611,0.66277677
67360000,0.3280845,-36.01593,-4.1730413,-0.003294376,1.2770084,0.6636287
67368000,0.32868767,-36.006466,-4.167842,-0.00334371,1.2678883,0.6644729
67376000,0.3292756,-35.99705,-4.1626573,-0.0034367738,1.25881,0.6653382
67384000,0.32984853,-35.987694,-4.157461,-0.003524152,1.2498198,0.6662312
67392000,0.3304067,-35.978382,-4.152255,-0.003635167,1.2409505,0.6671032
67400000,0.33096367,-35.969124,-4.147039,-0.0037050568,1.2322218,0.66784364
67408000,0.33156568,-35.959904,-4.141823,-0.0037982364,1.2235003,0.66855526
67416000,0.33215204,-35.950737,-4.1365967,-0.003915864,1.2148528,0.66933835
67424000,0.33272317,-35.94162,-4.131361,-0.0040235226,1.2062551,0.6702065
67432000,0.3332792,-35.932556,-4.126115,-0.004171341,1.1977996,0.67102724
67440000,0.3338928,-35.92354,-4.1208653,-0.0042746556,1.189413,0.6717202
67448000,0.3344905,-35.914574,-4.115607,-0.0043542427,1.1810899,0.672445
67456000,0.3350727,-35.90566,-4.110339,-0.004476691,1.1728364,0.6731541
67464000,0.33563948,-35.89679,-4.105063,-0.004607276,1.1646334,0.67388195
67472000,0.33628368,-35.887974,-4.099786,-0.0047204527,1.1565044,0.6746257
67480000,0.3369112,-35.879204,-4.0945005,-0.004823873,1.1484569,0.67526567
67488000,0.3375221,-35.870483,-4.089207,-0.004979143,1.1404314,0.67581093
67496000,0.33811697,-35.861813,-4.083906,-0.005061967,1.1324824,0.6764046
67504000,0.3387814,-35.853195,-4.0785947,-0.0051368624,1.1245962,0.6770612
67512000,0.33942848,-35.844627,-4.073275,-0.0052823205,1.1168169,0.67773336
67520000,0.3400584,-35.836105,-4.067948,-0.005404763,1.1091052,0.6782485
67528000,0.34067163,-35.827633,-4.062614,-0.0055490024,1.1014494,0.6787619
67536000,0.34126827,-35.819202,-4.0572734,-0.005739966,1.0938346,0.6793368
67544000,0.34194112,-35.810814,-4.0519323,-0.005861176,1.0863035,0.6798999
67556000,0.34259638,-35.802475,-4.046584,-0.005962425,1.0788523,0.68048686
67564000,0.34323424,-35.794178,-4.0412292,-0.006141453,1.0714356,0.6809447
67572000,0.3439289,-35.78591,-4.035873,-0.0062693167,1.0641584,0.6815129
67580000,0.34460503,-35.77769,-4.0305095,-0.006415929,1.0569403,0.68196905
67588000,0.3452631,-35.769516,-4.02514,-0.006585324,1.0497718,0.6825152
67596000,0.34590313,-35.761387,-4.019763,-0.006763011,1.0426645,0.6831823
67604000,0.34659454,-35.753292,-4.0143886,-0.006923761,1.0355875,0.68382764
67612000,0.34727776,-35.74524,-4.009007,-0.007081789,1.0285845,0.68448704
67620000,0.34794223,-35.737232,-4.003618,-0.0072896667,1.0216566,0.6849841
67628000,0.34858838,-35.72927,-3.9982224,-0.0074792085,1.0147475,0.6855108
67636000,0.34927145,-35.721313,-3.992828,-0.007662215,1.0079402,0.6860603
67644000,0.34993562,-35.7134,-3.9874263,-0.007882669,1.0011966,0.6866026
67652000,0.3505812,-35.705536,-3.982018,-0.008064304,0.9945256,0.6871779
67660000,0.3512085,-35.697712,-3.976603,-0.008333639,0.98777676,0.6876953
67668000,0.35181716,-35.689938,-3.9711814,-0.008658999,0.98108655,0.68816626
67676000,0.35245928,-35.682175,-3.9657621,-0.008869287,0.97454965,0.6887408
67684000,0.353093,-35.674458,-3.9603477,-0.009061516,0.9680295,0.68923426
67692000,0.35370865,-35.666782,-3.954926,-0.009272641,0.96157724,0.689792
67700000,0.3543063,-35.659157,-3.9494977,-0.009534753,0.9551139,0.69019365
67708000,0.35502213,-35.651802,-3.9440699,-0.009756497,0.94874376,0.6905202
67716000,0.35569572,-35.644424,-3.9386349,-0.009945337,0.9424314,0.6909659
67724000,0.35633284,-35.637043,-3.9331932,-0.010189032,0.9361971,0.691489
67732000,0.35696638,-35.629616,-3.9277701,-0.010470538,0.9299872,0.69192475
67740000,0.35757008,-35.622204,-3.9223404,-0.010759314,0.92381763,0.69228333
67748000,0.35815623,-35.614815,-3.9169044,-0.01110641,0.91764456,0.69261307
67756000,0.35871702,-35.607452,-3.9114618,-0.0114740115,0.91152537,0.6930103
67764000,0.35926306,-35.60007,-3.9060159,-0.011806919,0.90546435,0.6934081
67772000,0.35978714,-35.592728,-3.9005632,-0.012176127,0.8994746,0.69385815
67780000,0.3602904,-35.585415,-3.895105,-0.01252189,0.89353925,0.6941787
67788000,0.36077407,-35.578144,-3.8896413,-0.012882516,0.8876687,0.6945069
67796000,0.36123863,-35.570915,-3.884172,-0.013302318,0.88173336,0.694896
67804000,0.36169717,-35.563663,-3.8787012,-0.013694138,0.8758425,0.6952504
67812000,0.36213768,-35.556458,-3.8732257,-0.014101209,0.8700337,0.695575
67820000,0.3625693,-35.549297,-3.867745,-0.01454859,0.86432344,0.69584215
67828000,0.3629832,-35.54218,-3.8622646,-0.015072733,0.85857093,0.6960944
67836000,0.36338258,-35.53505,-3.856783,-0.015563301,0.85290974,0.69638723
67844000,0.36376497,-35.527966,-3.851296,-0.016036438,0.84728134,0.69671017
67852000,0.36413065,-35.520927,-3.8458042,-0.016561005,0.84164584,0.6970074
67860000,0.36447957,-35.513935,-3.8403087,-0.01709834,0.8359833,0.6971797
67868000,0.3648477,-35.50694,-3.8347988,-0.017603258,0.8304273,0.6973949
67876000,0.36519894,-35.499992,-3.8292851,-0.018125404,0.82495224,0.69760627
67884000,0.3655336,-35.493088,-3.8237681,-0.018671418,0.8194484,0.6978871
67892000,0.3658602,-35.48623,-3.8182468,-0.019204246,0.81398886,0.69814306
67900000,0.3661754,-35.479362,-3.8127148,-0.019764783,0.8085205,0.6983262
67908000,0.36647406,-35.47254,-3.80718,-0.020384377,0.80313164,0.69848466
67916000,0.36675617,-35.465767,-3.801642,-0.02101097,0.79774684,0.6987526
67924000,0.3670217,-35.459038,-3.7961004,-0.02165368,0.7923715,0.6989815
67932000,0.36728618,-35.4523,-3.7905686,-0.022274788,0.787106,0.6992268
67940000,0.36753452,-35.44561,-3.7850335,-0.02286179,0.781896,0.69939643
67948000,0.36776713,-35.438965,-3.7794955,-0.023454206,0.77668935,0.69957936
67956000,0.36798424,-35.432365,-3.7739542,-0.024055475,0.77143943,0.6998269
67964000,0.36820772,-35.42575,-3.7684112,-0.024626922,0.7663073,0.69999933
67972000,0.36841592,-35.419178,-3.7628653,-0.025209984,0.761163,0.70023036
67980000,0.3686087,-35.412655,-3.7573433,-0.025821995,0.75595385,0.70031583
67988000,0.36878636,-35.406178,-3.751819,-0.026408302,0.7507558,0.7003875
67996000,0.36892727,-35.399685,-3.7462897,-0.027036753,0.7456515,0.7005485
68004000,0.36905372,-35.39324,-3.7407572,-0.02765131,0.7405973,0.7007581
68012000,0.36916602,-35.38684,-3.735221,-0.028292883,0.7355315,0.7010093
68020000,0.36926407,-35.38049,-3.7296815,-0.028963279,0.73047525,0.7011194
68028000,0.36929253,-35.37411,-3.7241552,-0.029698333,0.72552735,0.7012269
68036000,0.3693077,-35.367783,-3.7186255,-0.030459113,0.7206238,0.7014109
68044000,0.36930975,-35.361496,-3.7130926,-0.031180998,0.715648,0.7016062
68052000,0.36929896,-35.35526,-3.7075558,-0.03188976,0.7106772,0.7018209
68060000,0.36927545,-35.349068,-3.7020159,-0.032652326,0.7057298,0.7018387
68068000,0.36918393,-35.342865,-3.6964972,-0.033465285,0.70087504,0.7018215
68076000,0.36908075,-35.336708,-3.6909938,-0.034212396,0.6960002,0.701943
68084000,0.36896622,-35.3306,-3.6854863,-0.034980237,0.6911456,0.7021269
68092000,0.36884028,-35.324535,-3.6799748,-0.035757393,0.6863185,0.7023201
68100000,0.36866155,-35.318455,-3.6744747,-0.0365827,0.68147415,0.70245665
68108000,0.36847237,-35.31242,-3.6689713,-0.0373549,0.6767165,0.7025297
68116000,0.36827293,-35.30643,-3.663464,-0.038141843,0.67193896,0.70262617
68124000,0.36806318,-35.300488,-3.6579533,-0.038943008,0.6671477,0.7027734
68132000,0.3677931,-35.294525,-3.6524408,-0.039785992,0.6624566,0.70294213
68140000,0.36751345,-35.288605,-3.646925,-0.04065822,0.6577414,0.70294386
68148000,0.36722437,-35.282734,-3.6414063,-0.041469693,0.6529685,0.7029616
68156000,0.36692613,-35.27691,-3.6358848,-0.042277444,0.6482375,0.70307827
68164000,0.3665985,-35.271053,-3.63037,-0.04309037,0.6435728,0.70315045
68172000,0.36626908,-35.265247,-3.6248517,-0.04391605,0.63894993,0.7032889
68180000,0.36593053,-35.259487,-3.6193302,-0.04477759,0.6343328,0.70327616
68188000,0.3655831,-35.253777,-3.6138065,-0.045593526,0.6297013,0.70327455
68196000,0.36519885,-35.24804,-3.6082954,-0.046393547,0.6251459,0.7033651
68204000,0.36480656,-35.24235,-3.6027808,-0.0472134,0.62063146,0.70352685
68212000,0.36440635,-35.236713,-3.597262,-0.047995888,0.61602074,0.7036997
68220000,0.36399823,-35.23112,-3.59174,-0.048805814,0.61143976,0.7036642
68228000,0.36356074,-35.225517,-3.5862179,-0.049610045,0.60689443,0.70367044
68236000,0.36311585,-35.219963,-3.5806928,-0.050408475,0.6022998,0.7037691
68244000,0.36267027,-35.21446,-3.5751643,-0.05122293,0.5977903,0.70393306
68252000,0.36221728,-35.209,-3.5696318,-0.052001428,0.5932717,0.7041054
68260000,0.36173946,-35.203533,-3.564099,-0.05275021,0.58875287,0.7042056
68268000,0.36125496,-35.198116,-3.5585632,-0.05352971,0.58428276,0.70427257
68276000,0.3607638,-35.192745,-3.553026,-0.054260734,0.5798687,0.70439994
68284000,0.36026585,-35.18742,-3.5474854,-0.055039424,0.5754186,0.70456
68292000,0.3597302,-35.182095,-3.5419645,-0.055817615,0.57097125,0.7046917
68300000,0.35918823,-35.176815,-3.5364406,-0.056647442,0.56657267,0.7047237
68308000,0.35864654,-35.171585,-3.5309136,-0.05740615,0.5621515,0.70473915
68316000,0.35809904,-35.1664,-3.5253837,-0.05809229,0.5577012,0.7048055
68324000,0.35754618,-35.161266,-3.5198505,-0.058745954,0.55324763,0.7049072
68332000,0.35694566,-35.156124,-3.5143442,-0.059474215,0.54884106,0.70503914
68340000,0.35634026,-35.15103,-3.508834,-0.060191505,0.5444467,0.7050868
68348000,0.35573035,-35.145985,-3.5033205,-0.060850274,0.54003316,0.7051127
68356000,0.35511586,-35.140984,-3.497803,-0.06156112,0.5356623,0.7052319
68364000,0.35444862,-35.135983,-3.4923012,-0.06228997,0.53130037,0.7054055
68372000,0.3537775,-35.131027,-3.4867945,-0.06300114,0.5269215,0.70559734
68380000,0.35310927,-35.126118,-3.481307,-0.0636672,0.52250415,0.70560086
68388000,0.35243753,-35.121254,-3.4758158,-0.0643358,0.51811486,0.705591
68396000,0.35172004,-35.116405,-3.4703453,-0.06508,0.5137999,0.70561534
68404000,0.35099974,-35.1116,-3.46487,-0.065716736,0.50946105,0.7057183
68412000,0.35027677,-35.10684,-3.4593894,-0.06637575,0.50512236,0.7058542
68420000,0.34955132,-35.102127,-3.453904,-0.06698565,0.5007801,0.7059067
68428000,0.34879166,-35.09744,-3.448438,-0.067627795,0.49646932,0.70596653
68436000,0.34803006,-35.0928,-3.4429667,-0.068246864,0.4921331,0.70603716
68444000,0.34726682,-35.088203,-3.4374902,-0.0688348,0.4877678,0.70619327
68452000,0.3465079,-35.083656,-3.4320083,-0.069453366,0.48338783,0.7063362
68460000,0.34572637,-35.079155,-3.42652,-0.070055306,0.47909555,0.7064161
68468000,0.34494328,-35.0747,-3.4210272,-0.07066238,0.4748279,0.7064871
68476000,0.34415853,-35.070286,-3.4155457,-0.07123995,0.47051057,0.70660406
68484000,0.34337246,-35.065918,-3.4100587,-0.071765214,0.46617943,0.706791
68496000,0.34258026,-35.061596,-3.4045658,-0.07225892,0.46183893,0.70696396
68504000,0.34178716,-35.057316,-3.3990679,-0.07276007,0.45752603,0.70704174
68512000,0.34099305,-35.05308,-3.393565,-0.07324403,0.45325038,0.707161
68520000,0.34019792,-35.04889,-3.388057,-0.07374051,0.44898215,0.7073602
68528000,0.33938217,-35.044754,-3.3825383,-0.074194886,0.4446624,0.70758533
68536000,0.33856648,-35.04066,-3.3770175,-0.07457519,0.4403341,0.70783204
68544000,0.3377506,-35.03661,-3.3714912,-0.0750304,0.43602657,0.708139
68552000,0.33693427,-35.032604,-3.3659587,-0.075477496,0.43179438,0.70849216
68560000,0.3361048,-35.028652,-3.360421,-0.07583931,0.427456,0.70873135
68568000,0.33527595,-35.024742,-3.3548784,-0.07617507,0.4232272,0.7089092
68576000,0.33444774,-35.020878,-3.3493307,-0.07649538,0.4189426,0.7091531
68584000,0.33362007,-35.01705,-3.3438194,-0.07684372,0.41469976,0.70941955
68592000,0.33279896,-35.013268,-3.3383017,-0.07713642,0.41045594,0.70967776
68600000,0.33197334,-35.009544,-3.3327749,-0.07741192,0.4062327,0.7098456
68608000,0.3311484,-35.00586,-3.3272426,-0.07773163,0.40201002,0.71006095
68616000,0.33032414,-35.002216,-3.3217049,-0.07797313,0.39776716,0.71025133
68624000,0.3295011,-34.998615,-3.3161619,-0.0781873,0.3935725,0.7105433
68632000,0.3286672,-34.995064,-3.3106241,-0.07836857,0.38933966,0.7108112
68640000,0.327835,-34.991554,-3.305081,-0.07856325,0.38510764,0.71099365
68648000,0.32700533,-34.9882,-3.299548,-0.078751646,0.38088167,0.7111266
68656000,0.32617322,-34.98484,-3.2940078,-0.07894392,0.37669003,0.71135545
68664000,0.32534844,-34.9815,-3.2884593,-0.07911317,0.372541,0.7116401
68672000,0.3245252,-34.978176,-3.282903,-0.079221904,0.36842823,0.7118124
68680000,0.32370386,-34.97488,-3.2773402,-0.079328954,0.36431438,0.7119016
68688000,0.32288513,-34.97158,-3.2717698,-0.07940835,0.360197,0.711914
68696000,0.32206875,-34.96831,-3.266194,-0.07939589,0.35605553,0.7120952
68704000,0.32125476,-34.965076,-3.260613,-0.07947565,0.35193974,0.71229047
68712000,0.32044274,-34.961876,-3.2550263,-0.07954515,0.3478522,0.71255237
68720000,0.31963283,-34.95871,-3.2494347,-0.07959699,0.34376457,0.71269697
68728000,0.31883326,-34.95553,-3.2438557,-0.079587154,0.33976358,0.7127454
68736000,0.31803617,-34.95238,-3.2382727,-0.079541475,0.33574274,0.7128217
68744000,0.31724176,-34.949272,-3.2326853,-0.079509184,0.33172935,0.7129226
68752000,0.3164497,-34.9462,-3.227094,-0.079498865,0.3277509,0.7130744
68760000,0.315667,-34.943127,-3.2215116,-0.07943891,0.32383448,0.71313393
68768000,0.31488687,-34.940094,-3.2159252,-0.0793395,0.31988612,0.71320045
68776000,0.3141095,-34.937096,-3.2103353,-0.079273544,0.31595084,0.7132273
68784000,0.31333452,-34.93414,-3.2047417,-0.07921558,0.31210265,0.713329
68792000,0.31256402,-34.93117,-3.1991649,-0.079110354,0.30824152,0.7135077
68800000,0.31180143,-34.92824,-3.1935837,-0.07901429,0.3044214,0.71356213
68808000,0.31104133,-34.92535,-3.187999,-0.07890474,0.30062267,0.71363884
68816000,0.3102843,-34.922497,-3.18241,-0.07869138,0.29678375,0.71372926
68824000,0.3095242,-34.919632,-3.1768286,-0.078494646,0.2930364,0.71385086
68832000,0.30876744,-34.916805,-3.1712427,-0.07831169,0.289343,0.7139881
68840000,0.30801424,-34.914013,-3.1656528,-0.07805862,0.28563124,0.7140505
68848000,0.30726478,-34.911263,-3.1600595,-0.07781231,0.28191376,0.71404165
68856000,0.3065196,-34.908493,-3.15448,-0.07762849,0.2782608,0.7141137
68864000,0.30577785,-34.905766,-3.1488965,-0.0773866,0.27466428,0.71421826
68876000,0.3050449,-34.903072,-3.1433089,-0.07712108,0.27106652,0.7143271
68884000,0.30431548,-34.90042,-3.1377199,-0.076896876,0.26751763,0.7143125
68892000,0.3035748,-34.897743,-3.1321418,-0.0766539,0.2639993,0.7143492
68900000,0.30283812,-34.895103,-3.1265597,-0.07633881,0.26053894,0.714475
68908000,0.30210587,-34.892498,-3.1209733,-0.0760291,0.25706962,0.7146063
68916000,0.30137765,-34.889935,-3.1153822,-0.075767614,0.25365388,0.71477294
68924000,0.3006402,-34.887337,-3.1098044,-0.075478144,0.25026575,0.71503323
68932000,0.29990715,-34.884777,-3.1042242,-0.07517417,0.24687971,0.7153076
68940000,0.29917857,-34.88225,-3.0986385,-0.07484275,0.24354638,0.7154961
68948000,0.29845944,-34.87977,-3.093048,-0.07454079,0.24021824,0.7156454
68956000,0.29772165,-34.87723,-3.0874727,-0.0742446,0.23689522,0.71575683
68964000,0.2969888,-34.87473,-3.0818925,-0.073882475,0.23368746,0.7159193
68972000,0.29626116,-34.872265,-3.076307,-0.07348599,0.23042795,0.71612746
68980000,0.29553905,-34.86984,-3.07072,-0.07307101,0.227275,0.7162116
68988000,0.29482225,-34.867447,-3.0651288,-0.07269856,0.22411542,0.71628386
68996000,0.2941031,-34.864994,-3.0595562,-0.072321385,0.22102542,0.7163594
69004000,0.29338935,-34.862576,-3.0539784,-0.07192314,0.21792479,0.71653116
69012000,0.29268557,-34.8602,-3.0483959,-0.07152877,0.21489258,0.71664906
69020000,0.29198694,-34.857853,-3.042809,-0.07115294,0.21181385,0.7166492
69028000,0.29130274,-34.855507,-3.0372581,-0.07070306,0.20880099,0.7166948
69036000,0.2906228,-34.853176,-3.0316982,-0.070259556,0.2058796,0.71670085
69044000,0.28994754,-34.850876,-3.02613,-0.06977052,0.20300564,0.71682984
69052000,0.28927505,-34.848507,-3.0205638,-0.069291994,0.20018266,0.71693873
69060000,0.2886076,-34.846172,-3.014991,-0.068826035,0.19727941,0.71697325
69068000,0.28794557,-34.84387,-3.0094128,-0.06830015,0.19440536,0.7169316
69076000,0.28728908,-34.841602,-3.0038292,-0.06780497,0.191584,0.71694005
69084000,0.2866424,-34.839283,-2.9982517,-0.067335285,0.18880987,0.71699786
69092000,0.28600058,-34.837,-2.992669,-0.066917434,0.186026,0.7170592
69100000,0.28536373,-34.834755,-2.9870818,-0.066439964,0.18327023,0.71703863
69108000,0.28473216,-34.832542,-2.9814904,-0.06595826,0.18054096,0.71702254
69116000,0.28410587,-34.830368,-2.9758952,-0.06544413,0.17777787,0.7170963
69124000,0.28348598,-34.828148,-2.970309,-0.06492815,0.17513555,0.71720344
69132000,0.2828714,-34.825962,-2.9647257,-0.06445148,0.1724796,0.7173717
69140000,0.28226218,-34.823814,-2.9591377,-0.06390849,0.16980562,0.71734893
69148000,0.2816628,-34.821705,-2.953546,-0.06338564,0.16711162,0.71733487
69156000,0.2810803,-34.819542,-2.9479592,-0.062803976,0.16456956,0.7173294
69164000,0.28050354,-34.817417,-2.942368,-0.062189188,0.16201994,0.71744174
69172000,0.27993268,-34.81533,-2.936772,-0.061595604,0.15944101,0.71751046
69180000,0.2793672,-34.81328,-2.9311724,-0.061021127,0.1568546,0.7175672
69188000,0.27882877,-34.81117,-2.9255674,-0.060440917,0.15439536,0.717546
69196000,0.27829525,-34.809093,-2.9199593,-0.059855938,0.15197305,0.7175453
69204000,0.2777671,-34.807053,-2.9143474,-0.059216112,0.14955299,0.717644
69212000,0.27724442,-34.80505,-2.9087317,-0.05857277,0.1471015,0.7177566
69220000,0.2767421,-34.803,-2.9031065,-0.057953253,0.14469628,0.71776074
69228000,0.27624467,-34.800987,-2.8974783,-0.057349883,0.14233948,0.7177482
69236000,0.27575245,-34.79901,-2.8918474,-0.056678955,0.1399384,0.7177823
69244000,0.27526578,-34.79707,-2.8862133,-0.055993963,0.13761343,0.7178832
69252000,0.27478805,-34.795086,-2.8805661,-0.055339847,0.13534354,0.71789193
69260000,0.27431542,-34.793144,-2.8749163,-0.05470644,0.13301913,0.71789604
69268000,0.27384815,-34.791233,-2.8692646,-0.054023415,0.13076182,0.7178637
69276000,0.27338648,-34.78936,-2.863617,-0.05330837,0.1284979,0.71785665
69284000,0.27292907,-34.78744,-2.8579602,-0.052678388,0.12625611,0.71788156
69292000,0.27248058,-34.78556,-2.8523011,-0.052000374,0.124044396,0.7179398
69300000,0.27203754,-34.783714,-2.8466396,-0.05132859,0.12185462,0.7178636
69308000,0.27159983,-34.781902,-2.8409767,-0.05066648,0.11965894,0.71782494
69316000,0.27116904,-34.78005,-2.8353033,-0.04996099,0.11749682,0.71783334
69324000,0.27074385,-34.77823,-2.8296278,-0.04925357,0.115332015,0.7178533
69332000,0.27032453,-34.776447,-2.8239534,-0.048532736,0.11319505,0.71791965
69340000,0.26991075,-34.7747,-2.8182771,-0.047857884,0.111040294,0.7178585
69348000,0.26949498,-34.77292,-2.8125858,-0.047187258,0.108970076,0.7177736
69356000,0.26908484,-34.771175,-2.8068933,-0.046511486,0.10691823,0.71776736
69364000,0.26868367,-34.769463,-2.8011994,-0.04583566,0.10482934,0.717788
69372000,0.26828814,-34.767784,-2.7955039,-0.045139678,0.10278896,0.717818
69380000,0.2678986,-34.766144,-2.789807,-0.044386886,0.100678325,0.717762
69388000,0.2675232,-34.76444,-2.7840986,-0.043685474,0.09862953,0.7176705
69396000,0.26715317,-34.76277,-2.7783897,-0.043029163,0.096596986,0.717648
69404000,0.26678833,-34.761135,-2.7726798,-0.042356934,0.09456151,0.7176327
69412000,0.26642886,-34.759537,-2.766969,-0.041658487,0.09258716,0.7176076
69420000,0.2660825,-34.75788,-2.7612545,-0.041001484,0.09070746,0.71750313
69428000,0.2657447,-34.756264,-2.7555401,-0.040276945,0.08878354,0.71741694
69436000,0.2654123,-34.75468,-2.7498255,-0.039565016,0.08681323,0.7172908
69444000,0.2650854,-34.753128,-2.744111,-0.038845986,0.084915176,0.7172201
69452000,0.26477283,-34.751522,-2.7383966,-0.038183883,0.08303385,0.71716243
69460000,0.26446524,-34.749954,-2.7326822,-0.037468515,0.08112946,0.71704465
69468000,0.26416314,-34.748417,-2.726968,-0.03671288,0.07926358,0.716917
69476000,0.26386636,-34.746914,-2.7212815,-0.036011048,0.07736672,0.71679765
69484000,0.26358226,-34.74536,-2.715597,-0.035277195,0.07557192,0.71673715
69492000,0.26330316,-34.74384,-2.7099109,-0.034608692,0.073751576,0.71673536
69500000,0.2630318,-34.742355,-2.7042236,-0.033962887,0.07194167,0.7166413
69508000,0.26276532,-34.740902,-2.698536,-0.033226367,0.07012701,0.7165045
69516000,0.26252216,-34.739418,-2.6928556,-0.032504376,0.068330005,0.7164088
69524000,0.26228395,-34.737965,-2.687174,-0.031744074,0.06655387,0.71635956
69532000,0.26205042,-34.736546,-2.6814911,-0.031083792,0.064727604,0.7163409
69540000,0.26182145,-34.73516,-2.6758072,-0.030350868,0.0629208,0.71621436
69548000,0.2613545,-34.733276,-2.6643965,-0.029031448,0.05899041,0.71589845
69556000,0.26113158,-34.73192,-2.658714,-0.028381465,0.05721963,0.71586454
69564000,0.2609132,-34.73059,-2.6530306,-0.027732115,0.055527944,0.71574926
69572000,0.26070228,-34.729298,-2.6473475,-0.027077574,0.053797435,0.715464
69580000,0.26048395,-34.72797,-2.6416872,-0.026438469,0.052081145,0.7151253
69588000,0.26027042,-34.726677,-2.636028,-0.025750086,0.050387155,0.71472913
69596000,0.26006186,-34.725414,-2.63037,-0.025118722,0.048679017,0.71438646
69604000,0.2598578,-34.724182,-2.6247127,-0.024495028,0.046972994,0.71405584
69612000,0.2596462,-34.7229,-2.6190557,-0.023867726,0.04528783,0.7136503
69620000,0.25943953,-34.721645,-2.6134007,-0.023243979,0.043654524,0.7132511
69628000,0.2592377,-34.720425,-2.6077468,-0.022622816,0.042066652,0.71291345
69636000,0.25904053,-34.719234,-2.6020942,-0.022028334,0.04035253,0.7125957
69644000,0.25885123,-34.71808,-2.5964422,-0.021376958,0.03872124,0.71232986
69652000,0.2586381,-34.716866,-2.5907803,-0.020779237,0.037136335,0.7119883
69660000,0.25843,-34.715687,-2.58512,-0.020219024,0.035468273,0.7116533
69668000,0.2582272,-34.714535,-2.5794609,-0.01960146,0.033835653,0.7114207
69676000,0.25802955,-34.71342,-2.5738196,-0.019028928,0.032213125,0.7111902
69684000,0.257814,-34.712242,-2.568176,-0.018495869,0.030626155,0.71099025
69692000,0.25760362,-34.711098,-2.562533,-0.017945668,0.0290734,0.7107121
69700000,0.25741354,-34.709972,-2.5569086,-0.017322479,0.027648656,0.7104808
69708000,0.25720367,-34.70878,-2.5512838,-0.016796501,0.026217103,0.7102457
69716000,0.25699738,-34.70762,-2.5456562,-0.016290788,0.024804015,0.7100285
69724000,0.25679514,-34.706493,-2.5400426,-0.01575676,0.02334885,0.7098491
69732000,0.25659743,-34.705402,-2.5344265,-0.015225079,0.021859404,0.70963544
69740000,0.25637805,-34.70427,-2.5287948,-0.01469343,0.020475324,0.70945114
69748000,0.2561645,-34.70317,-2.523162,-0.014173723,0.01906025,0.7093114
69756000,0.2559567,-34.702103,-2.517528,-0.0136375725,0.01758651,0.70915544
69764000,0.25575465,-34.701073,-2.5118935,-0.013121917,0.016195448,0.70900214
69772000,0.25552043,-34.700005,-2.5062547,-0.012707221,0.014776847,0.7088083
69780000,0.25529236,-34.69897,-2.5006166,-0.012233982,0.013379989,0.7085767
69788000,0.2550704,-34.69797,-2.4949784,-0.011795789,0.011946397,0.7084648
69796000,0.25485417,-34.697,-2.48934,-0.011369144,0.010540584,0.70832694
69804000,0.25461128,-34.69598,-2.4837098,-0.010925255,0.009143877,0.7082461
69812000,0.254375,-34.694996,-2.4780788,-0.010471089,0.007803774,0.7081243
69820000,0.25414518,-34.694042,-2.4724483,-0.010051931,0.0063698604,0.7079199
69828000,0.2539214,-34.693115,-2.466818,-0.009629589,0.0049816677,0.7077893
69836000,0.25368422,-34.692173,-2.461196,-0.009183784,0.0036421758,0.70771116
69844000,0.2534558,-34.69126,-2.4555728,-0.008783941,0.0022904903,0.70770586
69852000,0.25323364,-34.69038,-2.449949,-0.008334335,0.0009578753,0.7076019
69860000,0.25301787,-34.689526,-2.4443254,-0.0079112,-0.0003618209,0.70744157
69868000,0.25278884,-34.68863,-2.4387167,-0.007555044,-0.0017050296,0.70736754
69876000,0.25256583,-34.687763,-2.433107,-0.0071766577,-0.0030222025,0.7073193
69884000,0.2523489,-34.686928,-2.4274962,-0.006784105,-0.004320484,0.70732373
69892000,0.2521383,-34.68612,-2.4218848,-0.0063468087,-0.005682792,0.7071677
69900000,0.25193438,-34.685345,-2.416273,-0.005835839,-0.007056753,0.7070525
69908000,0.251715,-34.684525,-2.4106638,-0.0054527074,-0.0083305035,0.70701194
69916000,0.2515043,-34.68373,-2.4050534,-0.005023902,-0.009610142,0.7070345
69924000,0.25129986,-34.682972,-2.3994415,-0.0046669575,-0.010891735,0.70701504
69932000,0.25110173,-34.68224,-2.3938289,-0.004207731,-0.012152509,0.70694584
69940000,0.25089794,-34.681484,-2.3882356,-0.0038013675,-0.013462495,0.7068291
69948000,0.2507004,-34.680756,-2.3826413,-0.00344241,-0.014729995,0.7067684
69956000,0.250509,-34.68006,-2.3770456,-0.0030438926,-0.01595909,0.7067919
69964000,0.25032368,-34.67939,-2.3714483,-0.002668407,-0.017218051,0.70678365
69972000,0.2501295,-34.678722,-2.3658566,-0.0022609304,-0.01848901,0.7067221
69980000,0.24994355,-34.67808,-2.360264,-0.0019206019,-0.019760154,0.7065902
69988000,0.24976364,-34.67747,-2.3546708,-0.0015453425,-0.021026453,0.70652264
69996000,0.24958982,-34.676884,-2.3490763,-0.0011688014,-0.022251746,0.70657045
70004000,0.24941573,-34.676285,-2.3434691,-0.00075662637,-0.023480015,0.70666534
70012000,0.24924786,-34.67571,-2.3378603,-0.00038505532,-0.024652587,0.7066432
70020000,0.2490859,-34.675163,-2.3322556,-5.8446698e-05,-0.025927644,0.7065443
70028000,0.24892946,-34.674644,-2.3266501,0.00028913387,-0.027173959,0.7065077
70036000,0.24877319,-34.674107,-2.3210368,0.0006280377,-0.028356628,0.70657504
70044000,0.24862266,-34.673595,-2.3154218,0.00100291,-0.029543169,0.706633
70052000,0.24848026,-34.67311,-2.3098056,0.0014260903,-0.030774653,0.7066734
70060000,0.2483438,-34.672653,-2.3041885,0.0017603261,-0.03206494,0.7065803
70068000,0.24819338,-34.67218,-2.298588,0.002083163,-0.033267602,0.70654964
70076000,0.24804883,-34.67173,-2.2929864,0.0024134142,-0.034471296,0.7065914
70084000,0.24791016,-34.671307,-2.2873824,0.0027907584,-0.03568441,0.70677286
70092000,0.24777743,-34.67091,-2.2817762,0.003147317,-0.036869198,0.7067593
70100000,0.2476413,-34.67049,-2.276147,0.0034674173,-0.037986483,0.7066786
70108000,0.24751064,-34.670094,-2.270517,0.0037599583,-0.03921331,0.70669013
70116000,0.24738543,-34.669724,-2.2648864,0.004068012,-0.04036858,0.7067345
70124000,0.24726756,-34.66938,-2.2592547,0.0043943236,-0.04152622,0.70679814
70132000,0.24712731,-34.669025,-2.2536004,0.004761132,-0.042685326,0.7067127
70140000,0.24699344,-34.668697,-2.247947,0.005123595,-0.043792427,0.7066336
70148000,0.24686591,-34.668396,-2.2422936,0.005484642,-0.04498218,0.7066447
70156000,0.24674426,-34.668114,-2.2366402,0.005769724,-0.046114564,0.70668674
70164000,0.24662852,-34.66786,-2.2309864,0.006161541,-0.047288775,0.7066987
70172000,0.246486,-34.667595,-2.225333,0.006445884,-0.048384067,0.70662296
70180000,0.24634951,-34.667355,-2.21968,0.0067196717,-0.04952166,0.70657635
70188000,0.2462192,-34.66714,-2.2140274,0.007055395,-0.05066702,0.70653653
70196000,0.24609725,-34.666946,-2.2083747,0.0074081467,-0.051762298,0.70658857
70204000,0.24593565,-34.666748,-2.2027009,0.007705576,-0.05291514,0.7066434
70212000,0.24578086,-34.666576,-2.1970272,0.007960002,-0.05402478,0.7066511
70220000,0.24563244,-34.666424,-2.1913667,0.00819443,-0.055115838,0.7066818
70228000,0.24549042,-34.666294,-2.185706,0.008466392,-0.056249443,0.70670724
70236000,0.24531828,-34.666153,-2.180034,0.008699644,-0.057318177,0.7067679
70244000,0.24515298,-34.66603,-2.1743617,0.008911888,-0.058383152,0.70679414
70252000,0.24499439,-34.665936,-2.1686902,0.009179418,-0.05949346,0.7067314
70260000,0.24484447,-34.66586,-2.1630197,0.009449662,-0.06052698,0.70665467
70268000,0.2446837,-34.665756,-2.1573367,0.009695492,-0.061590564,0.70656973
70276000,0.24452999,-34.665676,-2.1516545,0.009967667,-0.062618025,0.70666087
70284000,0.24438323,-34.665615,-2.1459723,0.010236881,-0.0636527,0.70671856
70292000,0.24424313,-34.66558,-2.1402905,0.010477339,-0.06468024,0.7066616
70300000,0.24408652,-34.665512,-2.1346035,0.010716608,-0.06563104,0.70659846
70308000,0.24393678,-34.665466,-2.1289175,0.010930543,-0.06662546,0.70652854
70316000,0.24379344,-34.66544,-2.1232326,0.01114211,-0.067662746,0.70652354
70324000,0.24365672,-34.665436,-2.1175487,0.011383289,-0.068667255,0.7065374
70332000,0.24349172,-34.66542,-2.1118462,0.011607782,-0.0696482,0.70645046
70340000,0.24333389,-34.66543,-2.1061459,0.011843784,-0.07063235,0.7064304
70348000,0.24318309,-34.665455,-2.1004465,0.012063913,-0.07158306,0.7064399
70356000,0.24303919,-34.6655,-2.0947483,0.012289873,-0.072539106,0.70643234
70364000,0.24285918,-34.665546,-2.0890315,0.012449504,-0.07347967,0.7064673
70372000,0.24268652,-34.665615,-2.0833187,0.012656187,-0.07438478,0.70643723
70380000,0.24252133,-34.6657,-2.077608,0.012880844,-0.075270146,0.70635056
70388000,0.24236327,-34.665806,-2.0718994,0.013068922,-0.076186344,0.7062941
70396000,0.24216647,-34.665928,-2.0661695,0.013299333,-0.077115506,0.7063251
70404000,0.2419793,-34.666073,-2.060441,0.013529786,-0.07798736,0.70639366
70412000,0.24179992,-34.666233,-2.0547144,0.013716555,-0.07890569,0.7062861
70420000,0.24162813,-34.666412,-2.0490093,0.013898021,-0.07985589,0.70616686
70428000,0.24146369,-34.66661,-2.043306,0.014060156,-0.080796316,0.7061098
70436000,0.24127048,-34.66682,-2.0375876,0.014191693,-0.0817196,0.7060517
70444000,0.24108478,-34.667053,-2.0318708,0.014304977,-0.082614794,0.70608544
70452000,0.24090634,-34.667297,-2.026156,0.014426401,-0.08352257,0.70597154
70460000,0.2407352,-34.66756,-2.0204437,0.014607299,-0.08440915,0.70586175
70468000,0.2405349,-34.66783,-2.014719,0.0147883,-0.08524748,0.7058039
70476000,0.2403439,-34.668114,-2.0089962,0.014932057,-0.08610789,0.7058149
70484000,0.24016072,-34.668415,-2.0032752,0.015126365,-0.08690194,0.70584273
70492000,0.23998566,-34.66873,-1.9975561,0.01534007,-0.08777407,0.7057419
70500000,0.23976734,-34.669056,-1.9918295,0.01550337,-0.088605516,0.70564437
70508000,0.23955742,-34.6694,-1.9861058,0.015603816,-0.08941152,0.70556283
70516000,0.23935539,-34.669754,-1.9803842,0.015720977,-0.0902281,0.7055298
70524000,0.23916152,-34.670124,-1.9746646,0.01589284,-0.090994604,0.70551246
70532000,0.23892179,-34.670486,-1.9689368,0.016012143,-0.09177123,0.7053481
70540000,0.23869218,-34.670864,-1.9632126,0.016181773,-0.0925271,0.70516354
70548000,0.23847164,-34.671253,-1.9574913,0.016355023,-0.09325771,0.70510715
70556000,0.23825987,-34.671658,-1.9517721,0.01649722,-0.09396982,0.70503867
70564000,0.237995,-34.67205,-1.9460601,0.016625708,-0.09470471,0.7050129
70572000,0.23773994,-34.67246,-1.9403504,0.01678605,-0.095420115,0.7048974
70580000,0.23749448,-34.672882,-1.9346434,0.01694865,-0.09613638,0.70475775
70588000,0.23725845,-34.673317,-1.9289385,0.017100705,-0.09675795,0.7047303
70596000,0.23697172,-34.673748,-1.9232396,0.017202444,-0.09740667,0.70472246
70604000,0.23669475,-34.674187,-1.9175421,0.017265454,-0.09803309,0.70466524
70612000,0.23642854,-34.674644,-1.9118472,0.017386623,-0.09873556,0.7045107
70620000,0.23617198,-34.675114,-1.9061548,0.017497415,-0.09934431,0.7043647
70628000,0.23588021,-34.675594,-1.9004673,0.01759922,-0.10000329,0.70429635
70636000,0.23559873,-34.67609,-1.8947815,0.01771283,-0.100615785,0.7042357
70644000,0.23532744,-34.676598,-1.8890971,0.01785402,-0.10123161,0.7042113
70652000,0.23506604,-34.677116,-1.8834146,0.017992204,-0.10182805,0.7040941
70660000,0.23476693,-34.67764,-1.8777372,0.018070605,-0.102433,0.7039336
70668000,0.23447779,-34.678177,-1.8720857,0.018093891,-0.10299743,0.7038752
70676000,0.23419836,-34.678726,-1.8664354,0.018163083,-0.10360568,0.703796
70684000,0.23392981,-34.679283,-1.8607858,0.01828968,-0.104140684,0.70378566
70692000,0.23367102,-34.679855,-1.8551372,0.018369678,-0.10470455,0.7036557
70700000,0.23337792,-34.680435,-1.849486,0.018480122,-0.105276965,0.70353913
70708000,0.2330954,-34.681023,-1.8438357,0.018615384,-0.10580471,0.70349014
70716000,0.23282309,-34.681625,-1.8381864,0.018717397,-0.106283925,0.7035204
70724000,0.23256059,-34.682236,-1.8325375,0.018799752,-0.10679357,0.7034749
70732000,0.23228125,-34.682846,-1.8268892,0.018916108,-0.107343234,0.70331305
70744000,0.23201224,-34.68347,-1.8212425,0.0190582,-0.10786228,0.7031772
70748000,0.23175347,-34.684105,-1.8155973,0.019191692,-0.10836286,0.7030583
70756000,0.23150529,-34.684746,-1.8099532,0.019277422,-0.108853094,0.70306003
70764000,0.2312307,-34.685394,-1.804307,0.019409776,-0.109324455,0.7031588
70772000,0.23096652,-34.68605,-1.7986609,0.019542675,-0.10980805,0.70315933
70780000,0.23071252,-34.686718,-1.7930156,0.019674039,-0.11024283,0.7031404
70788000,0.23046853,-34.687393,-1.7873706,0.019807717,-0.110666305,0.70316815
70796000,0.23020323,-34.68808,-1.7817184,0.019944401,-0.111124806,0.7031474
70804000,0.22994833,-34.68877,-1.7760671,0.020072596,-0.111473024,0.7031202
70812000,0.22970353,-34.689472,-1.770417,0.020233221,-0.11185579,0.7030057
70820000,0.22946954,-34.69018,-1.7647792,0.020346433,-0.11219901,0.70282465
70828000,0.22478455,-74.11918,-1.7591295,0.020473806,-0.11254672,0.70277023
70836000,0.22456779,-74.11988,-1.7534807,0.020602709,-0.11293375,0.70278615
70844000,0.22436015,-74.12059,-1.7478327,0.020726161,-0.11330487,0.70275533
70852000,0.22416164,-74.1213,-1.742186,0.020904468,-0.11363309,0.7026275
70860000,0.22399709,-74.1253,-1.7365321,0.020983025,-0.11402191,0.70252025
70868000,0.22383986,-74.12921,-1.7308794,0.021096459,-0.11436997,0.70253724
70876000,0.22368991,-74.13303,-1.7252275,0.021208012,-0.114749305,0.70260626
70884000,0.22354737,-74.13678,-1.7195756,0.021371758,-0.11506765,0.7026771
70892000,0.22324449,-74.14317,-1.7139127,0.021490512,-0.11539935,0.7025835
70900000,0.22295299,-74.149414,-1.7082516,0.021608792,-0.11570207,0.70256317
70908000,0.22267288,-74.1555,-1.7025911,0.02174558,-0.11595689,0.7026796
70916000,0.22240382,-74.16144,-1.6969305,0.021852007,-0.11619239,0.7028476
70924000,0.22219805,-74.16989,-1.6912699,0.021906523,-0.11634329,0.7030615
70932000,0.22200046,-74.17813,-1.6856091,0.021979202,-0.11642425,0.70314515
70940000,0.22181131,-74.18616,-1.6799487,0.022100028,-0.116465695,0.70325685
70948000,0.22163025,-74.19398,-1.6742882,0.022168119,-0.11637635,0.7033587
70956000,0.22145703,-74.2016,-1.6686277,0.022267677,-0.11617498,0.70350534
70964000,0.22129539,-74.21177,-1.6629723,0.022274269,-0.11582002,0.70367396
70972000,0.22114044,-74.22167,-1.657317,0.02229628,-0.11536099,0.70365477
70984000,0.2209918,-74.231316,-1.651663,0.02228488,-0.11477828,0.7036284
70988000,0.22084954,-74.24069,-1.6460098,0.022303233,-0.11411363,0.70356345
70996000,0.22068603,-74.252464,-1.6403581,0.022250798,-0.11322754,0.70355725
71004000,0.22052887,-74.263916,-1.6347072,0.022285815,-0.112204984,0.7035566
71012000,0.2203784,-74.275055,-1.6290572,0.022317598,-0.1109752,0.7034796
71020000,0.22023407,-74.28588,-1.6234156,0.022267481,-0.109513745,0.7033257
71028000,0.22010343,-74.299034,-1.6177679,0.02216046,-0.10791016,0.7031752
71036000,0.21997781,-74.31181,-1.612122,0.022093896,-0.10611009,0.7030229
71044000,0.21985681,-74.32423,-1.6064782,0.02198312,-0.104153164,0.70283693
71052000,0.21974018,-74.336296,-1.600837,0.02192305,-0.10196264,0.70252347
71060000,0.21965268,-74.3506,-1.5951895,0.02182565,-0.09953148,0.702177
71068000,0.21956801,-74.364494,-1.5895627,0.021638457,-0.096805945,0.7017881
71076000,0.21948613,-74.37799,-1.5839392,0.021538798,-0.09380817,0.70140845
71084000,0.21940723,-74.39108,-1.5783194,0.02139768,-0.090630025,0.70100725
71092000,0.21940044,-74.40643,-1.5727047,0.021212585,-0.08721474,0.70046365
71100000,0.21939409,-74.421326,-1.5670947,0.021042444,-0.083509944,0.6998974
71108000,0.21938807,-74.43578,-1.5614897,0.020878876,-0.079535276,0.6992703
71116000,0.21938226,-74.4498,-1.5558902,0.02069756,-0.07532924,0.69866127
71124000,0.21939611,-74.465996,-1.5503057,0.020520477,-0.07068697,0.6980515
71132000,0.21940932,-74.481705,-1.5447266,0.020326314,-0.06582993,0.6973561
71144000,0.21942201,-74.496925,-1.5391536,0.020152349,-0.060658082,0.696557
71148000,0.21943378,-74.51168,-1.5335867,0.019892067,-0.055155758,0.69578874
71156000,0.21944332,-74.52856,-1.528041,0.019694086,-0.04934892,0.6949838
71164000,0.21945192,-74.544914,-1.5225016,0.019493228,-0.04328213,0.6941436
71172000,0.21945965,-74.56075,-1.5169686,0.019325953,-0.036876146,0.69326085
71180000,0.2194667,-74.57609,-1.5114428,0.01913695,-0.03016187,0.6922842
71188000,0.21948847,-74.59351,-1.5059431,0.018877124,-0.023066835,0.69132894
71196000,0.21950811,-74.61038,-1.5004503,0.01861311,-0.015636727,0.6903737
71204000,0.2195257,-74.6267,-1.4949644,0.018383592,-0.007871705,0.6894051
71212000,0.2195415,-74.64249,-1.4894861,0.018150033,0.00015349357,0.6882907
71220000,0.2195559,-74.65774,-1.484016,0.017983675,0.008597525,0.6872066
71228000,0.2195572,-74.6751,-1.4785665,0.017675018,0.01740914,0.68611175
71236000,0.21955663,-74.69188,-1.4731253,0.017457932,0.026566194,0.6849578
71244000,0.21955353,-74.70809,-1.4676919,0.017227603,0.036113072,0.68390113
71252000,0.2195487,-74.72374,-1.4622663,0.016956978,0.045962084,0.68273574
71260000,0.21952435,-74.741455,-1.456854,0.016625952,0.05620992,0.68154395
71268000,0.21949789,-74.75855,-1.4514505,0.01632441,0.06682165,0.68032134
71276000,0.2194697,-74.77505,-1.4460554,0.016041867,0.07776861,0.67919105
71284000,0.21943958,-74.790955,-1.440668,0.015727472,0.08905961,0.67813766
71292000,0.21940726,-74.808876,-1.4352853,0.015417303,0.10073977,0.67698765
71300000,0.2193726,-74.82616,-1.4299114,0.01509322,0.112758115,0.675808
71308000,0.21933556,-74.84281,-1.4245459,0.014770883,0.12514451,0.674653
71316000,0.21929345,-74.85885,-1.4191884,0.014432824,0.13785465,0.6735703
71324000,0.21925154,-74.87687,-1.4138383,0.014124849,0.15097305,0.67255396
71332000,0.21920693,-74.894226,-1.4084955,0.013795009,0.16440447,0.67152536
71340000,0.21915963,-74.91093,-1.4031603,0.013517425,0.17820065,0.6705356
71348000,0.21911004,-74.92698,-1.3978316,0.013215546,0.19230074,0.669704
71356000,0.21907976,-74.94502,-1.3924991,0.01287984,0.20680201,0.6689543
71364000,0.21904579,-74.962364,-1.3871716,0.012551192,0.22163242,0.6683212
71372000,0.21900828,-74.979034,-1.3818489,0.012216749,0.23675537,0.6676543
71380000,0.2189622,-74.99503,-1.3765305,0.011821874,0.25210488,0.66711307
71388000,0.21895187,-75.01298,-1.3712149,0.011449742,0.26792768,0.6666731
71396000,0.21893644,-75.030205,-1.3659022,0.011106228,0.28402114,0.66631836
71404000,0.21891598,-75.04673,-1.3605913,0.010723975,0.3003596,0.6661294
71412000,0.21889046,-75.06256,-1.3552816,0.010354466,0.31699413,0.6659028
71424000,0.21887633,-75.08032,-1.349996,0.010018222,0.33401424,0.66570204
71428000,0.21885681,-75.097336,-1.3447102,0.009653029,0.35134,0.6656775
71436000,0.21883208,-75.113625,-1.3394235,0.009314512,0.3689046,0.665728
71444000,0.2188025,-75.12921,-1.3341349,0.009014705,0.38670227,0.6659368
71452000,0.21878208,-75.14669,-1.3288454,0.008687971,0.40486294,0.6661528
71460000,0.2187563,-75.163414,-1.323553,0.008346107,0.4232445,0.6664081
71468000,0.21872547,-75.17939,-1.3182575,0.008056727,0.44186243,0.66674924
71476000,0.21868983,-75.19465,-1.312958,0.007734456,0.4606139,0.66715
71484000,0.21864922,-75.2092,-1.3076541,0.0073754597,0.47956845,0.6676712
71492000,0.21862559,-75.225655,-1.3023443,0.007019606,0.49889043,0.66805434
71500000,0.21859628,-75.241356,-1.2970303,0.0067107184,0.51840675,0.6685537
71508000,0.21856193,-75.25632,-1.2917116,0.0064252587,0.5380885,0.66908646
71516000,0.21852277,-75.270546,-1.2863872,0.0061772256,0.55798864,0.66976583
71524000,0.21848813,-75.28666,-1.2810786,0.005889721,0.5780954,0.6704695
71532000,0.21844818,-75.301994,-1.2757632,0.005605916,0.5984105,0.6711132
71544000,0.21840309,-75.316574,-1.2704414,0.0053041466,0.6189019,0.671854
71552000,0.21835296,-75.33041,-1.2651118,0.0050207265,0.63951516,0.672678
71560000,0.21829136,-75.346085,-1.2597756,0.0046999287,0.6602694,0.67353684
71568000,0.21822459,-75.36098,-1.254431,0.0044166707,0.68122035,0.67448634
71576000,0.2181532,-75.3751,-1.2490776,0.0041243606,0.7023093,0.6754423
71584000,0.21807714,-75.388466,-1.243715,0.0038254508,0.7235319,0.6765085
71592000,0.2179812,-75.403656,-1.2383507,0.0035056039,0.7449287,0.67743254
71600000,0.21788071,-75.41804,-1.2329777,0.003166371,0.7664428,0.6784281
71608000,0.21777578,-75.43165,-1.2275952,0.0028719301,0.78808707,0.6795226
71616000,0.21766698,-75.44449,-1.2222024,0.0025824092,0.8098111,0.6806576
71624000,0.21752432,-75.45915,-1.2167985,0.0022517014,0.8317373,0.68185896
71632000,0.21737772,-75.47301,-1.2113842,0.0018907937,0.85374016,0.68298626
71640000,0.21722762,-75.48608,-1.2059594,0.0016206877,0.87582487,0.68415785
71648000,0.21707456,-75.49837,-1.2005243,0.0013714365,0.8979697,0.6853384
71656000,0.21689245,-75.51246,-1.195069,0.0010467407,0.92032886,0.68655586
71664000,0.21670753,-75.525734,-1.1896026,0.0007732556,0.9427238,0.6878327
71672000,0.21651994,-75.53821,-1.1841257,0.00046529295,0.9651567,0.68902266
71680000,0.2163298,-75.549904,-1.1786385,0.00020638062,0.9876322,0.6902122
71688000,0.21611664,-75.56337,-1.1731417,-6.9673e-05,1.0102992,0.6914394
71696000,0.2158713,-75.57861,-1.1676394,-0.00042544876,1.0330732,0.6926618
71704000,0.21563026,-75.59239,-1.1621253,-0.0007955672,1.0558307,0.6938747
71712000,0.21539247,-75.60487,-1.1565999,-0.0010627143,1.0786123,0.6950527
71720000,0.2151313,-75.61885,-1.1510564,-0.0014127251,1.1014768,0.69619155
71728000,0.21487175,-75.63167,-1.1455023,-0.0017478261,1.1243278,0.69744253
71736000,0.21461326,-75.643425,-1.1399376,-0.0020518093,1.14723,0.6986525
71744000,0.21435533,-75.65418,-1.1343621,-0.0023873388,1.1700846,0.6998823
71752000,0.21406002,-75.66662,-1.1287732,-0.0027333135,1.1929922,0.7009903
71760000,0.21376517,-75.67809,-1.123175,-0.003030775,1.2159576,0.7020927
71768000,0.21347097,-75.68865,-1.1175722,-0.0032756317,1.2388717,0.7032188
71776000,0.21317708,-75.69834,-1.1119595,-0.003566512,1.2618064,0.704382
71784000,0.21285643,-75.70977,-1.1063293,-0.0038550699,1.2847546,0.70555013
71792000,0.21253611,-75.72032,-1.10069,-0.004086,1.3076564,0.7065403
71800000,0.21221654,-75.73002,-1.0950425,-0.004302942,1.3305458,0.7075234
71812000,0.21189728,-75.7389,-1.0893866,-0.004572413,1.3534144,0.7085371
71820000,0.21153085,-75.74952,-1.0837121,-0.004873706,1.3763039,0.7095665
71828000,0.2111651,-75.75929,-1.0780448,-0.005154063,1.3992027,0.71072143
71836000,0.21080019,-75.76824,-1.0723678,-0.00540409,1.4220148,0.7118332
71844000,0.21043646,-75.77639,-1.0666811,-0.0055810134,1.4447739,0.7130211
71852000,0.21002045,-75.78629,-1.0609742,-0.005869761,1.4674783,0.71415037
71860000,0.20960604,-75.79536,-1.0552588,-0.0061549754,1.4901322,0.7151358
71868000,0.20919342,-75.80361,-1.0495349,-0.0063719144,1.5127413,0.7161699
71876000,0.20878291,-75.81107,-1.0438026,-0.006582856,1.5352454,0.71722895
71884000,0.2083749,-75.81776,-1.0380614,-0.0067104734,1.5577186,0.7183253
71892000,0.20790273,-75.82625,-1.0322998,-0.0069484026,1.5801697,0.71940255
71900000,0.20743373,-75.833916,-1.0265304,-0.0071860706,1.6025934,0.720279
71908000,0.20696788,-75.8408,-1.0207542,-0.0074337306,1.6248617,0.72115135
71916000,0.20650525,-75.84691,-1.0149709,-0.007632357,1.64709,0.7220936
71924000,0.2059677,-75.85481,-1.009168,-0.007886656,1.6692512,0.723092
71932000,0.20543453,-75.861916,-1.0033578,-0.008153594,1.69131,0.7240048
71944000,0.20490582,-75.86822,-0.9975412,-0.008368947,1.7133522,0.72479165
71948000,0.20438188,-75.87374,-0.9917184,-0.008538498,1.7352777,0.7256292
71956000,0.20378783,-75.881065,-0.98587334,-0.0088430215,1.7570792,0.72644806
71964000,0.20319894,-75.88757,-0.98002195,-0.009100874,1.7786992,0.727381
71972000,0.20261519,-75.89329,-0.9741732,-0.009419643,1.8003002,0.72820646
71980000,0.20203668,-75.898224,-0.96831846,-0.009613868,1.8217701,0.72897625
71988000,0.20137803,-75.90494,-0.96244717,-0.009958628,1.8431649,0.729765
71996000,0.20072554,-75.91084,-0.95657074,-0.01026728,1.864399,0.7304239
72004000,0.2000792,-75.915955,-0.9506897,-0.010571303,1.8854955,0.73111796
72012000,0.19943918,-75.92029,-0.9448042,-0.010809247,1.906547,0.7316748
72020000,0.19872206,-75.92641,-0.9388927,-0.011154508,1.927484,0.73211026
72028000,0.19801223,-75.93172,-0.93299186,-0.011456005,1.9483244,0.7326007
72036000,0.1973096,-75.93623,-0.92708766,-0.011756843,1.9690105,0.73315907
72044000,0.19661443,-75.93998,-0.9211799,-0.011982698,1.989547,0.7336858
72052000,0.19584323,-75.94551,-0.9152471,-0.012315259,2.0099301,0.7341866
72060000,0.19508024,-75.95023,-0.90931237,-0.012615703,2.0302112,0.7345334
72068000,0.19432569,-75.95416,-0.90337574,-0.012880579,2.0503607,0.7349811
72076000,0.19357963,-75.95733,-0.8974371,-0.0130888745,2.070399,0.7353737
72084000,0.19275749,-75.96227,-0.89147973,-0.01340798,2.0902162,0.7358454
72092000,0.19194451,-75.966415,-0.88552094,-0.013695361,2.1098282,0.7361344
72100000,0.1911407,-75.96978,-0.87956166,-0.013976384,2.129345,0.73637646
72112000,0.190346,-75.97237,-0.8736019,-0.014255533,2.148711,0.7366665
72120000,0.18947357,-75.97675,-0.86762834,-0.01462644,2.167918,0.736966
72128000,0.18861097,-75.98034,-0.86165524,-0.014922605,2.1869242,0.7372416
72136000,0.18775864,-75.98314,-0.8556819,-0.015131924,2.2057683,0.7374655
72144000,0.18691689,-75.985176,-0.84970844,-0.01532116,2.2244701,0.73770505
72152000,0.18608531,-75.98647,-0.84373486,-0.015563869,2.2429252,0.7379081
72160000,0.18518,-75.989624,-0.8377625,-0.015856558,2.2612286,0.73801905
72168000,0.18428582,-75.992,-0.8317908,-0.016082464,2.2794015,0.7381513
72176000,0.18340302,-75.99361,-0.8258196,-0.016269725,2.2973375,0.7382819
72184000,0.18253137,-75.99448,-0.8198489,-0.016482314,2.3151085,0.7384086
72192000,0.18158984,-75.99722,-0.81387943,-0.016713219,2.3325994,0.7385072
72200000,0.18066052,-75.99918,-0.8079108,-0.0169215,2.3499358,0.73857385
72208000,0.1797435,-76.0004,-0.8019433,-0.017080117,2.3670816,0.7385881
72216000,0.17883877,-76.00086,-0.7959772,-0.017209742,2.3841372,0.7385905
72224000,0.1778768,-76.00321,-0.7900083,-0.01741049,2.4008794,0.73861367
72232000,0.17692758,-76.00479,-0.78404063,-0.017586708,2.4175124,0.73866403
72240000,0.17599131,-76.00561,-0.77807474,-0.017732596,2.4339137,0.73852056
72248000,0.17506808,-76.00569,-0.77211136,-0.017806476,2.4501245,0.7384134
72256000,0.17409347,-76.00767,-0.7661611,-0.017975137,2.4660654,0.7383267
72264000,0.17303132,-76.011826,-0.7602095,-0.018231593,2.481886,0.7382355
72272000,0.17200674,-76.01448,-0.75431114,-0.018418048,2.4974682,0.73803896
72280000,0.17101444,-76.015816,-0.74841434,-0.018548481,2.512918,0.73773664
72288000,0.16997534,-76.018745,-0.74251735,-0.018724287,2.5280454,0.73746943
72296000,0.16896291,-76.02052,-0.7366224,-0.018822365,2.5430233,0.73715574
72304000,0.16797444,-76.021255,-0.7307296,-0.018909963,2.5577376,0.7369071
72312000,0.16700782,-76.02104,-0.72483855,-0.018931288,2.5723302,0.7366165
72320000,0.165982,-76.022606,-0.71894205,-0.019041287,2.5866184,0.73620075
72328000,0.16497609,-76.02326,-0.7130567,-0.019087119,2.600762,0.7358207
72336000,0.16398907,-76.023056,-0.7071741,-0.019103331,2.61469,0.73547065
72344000,0.16302024,-76.02204,-0.70129424,-0.01905593,2.62842,0.73515815
72352000,0.1619892,-76.022896,-0.6954127,-0.019117532,2.641853,0.73476803
72360000,0.16097562,-76.022934,-0.68953514,-0.019139063,2.6550877,0.7342142
72368000,0.1599792,-76.022194,-0.68366194,-0.019090503,2.6681976,0.7337432
72376000,0.15899958,-76.0207,-0.67781115,-0.019048959,2.6811368,0.73331976
72384000,0.15796845,-76.021126,-0.6719663,-0.019023955,2.6937037,0.73293954
72392000,0.15695494,-76.020775,-0.66612417,-0.018876884,2.7060833,0.7325263
72400000,0.15595856,-76.019684,-0.6602856,-0.018797096,2.7183592,0.73197645
72408000,0.15497893,-76.01786,-0.65445095,-0.0186769,2.7304459,0.73149514
72416000,0.15394562,-76.01798,-0.64861226,-0.01860287,2.7421446,0.731021
72424000,0.15292981,-76.01734,-0.6427773,-0.018456515,2.7537704,0.7305758
72432000,0.15193133,-76.015976,-0.63694596,-0.018356724,2.7652023,0.73011327
72440000,0.15094973,-76.01389,-0.6311184,-0.018205412,2.7765076,0.7296017
72448000,0.14989997,-76.01376,-0.625283,-0.01805323,2.7873962,0.7290286
72456000,0.14886847,-76.01289,-0.6194527,-0.017907647,2.7981074,0.7284435
72464000,0.14785509,-76.0113,-0.613627,-0.017730555,2.8087313,0.7279544
72472000,0.14685994,-76.008995,-0.60781765,-0.017477348,2.8192089,0.72741115
72480000,0.14579499,-76.00867,-0.6019994,-0.01732667,2.8292823,0.7267739
72488000,0.14474912,-76.0076,-0.5961865,-0.017119186,2.8391504,0.72618157
72496000,0.14372315,-76.00581,-0.5903786,-0.016764022,2.8489351,0.725646
72504000,0.14271697,-76.00333,-0.58457494,-0.016450856,2.8585997,0.7251954
72512000,0.14163548,-76.00283,-0.57877177,-0.016143171,2.867904,0.7246242
72520000,0.14057519,-76.001595,-0.5729738,-0.015827667,2.8770185,0.72407943
72528000,0.1395359,-75.99964,-0.5671925,-0.015450172,2.8860176,0.7235795
72536000,0.1385175,-75.997,-0.56141543,-0.015120244,2.894884,0.7230828
72544000,0.1375196,-75.99368,-0.5556422,-0.014717917,2.9035368,0.7226512
72552000,0.13644513,-75.99242,-0.549876,-0.014363748,2.9117935,0.7221152
72560000,0.13539234,-75.990425,-0.5441147,-0.014053216,2.919995,0.72146404
72568000,0.13436134,-75.98775,-0.5383587,-0.013607798,2.9280348,0.72086406
72576000,0.13335207,-75.9844,-0.5326074,-0.013219746,2.9359748,0.72034377
72584000,0.13226739,-75.98309,-0.526865,-0.012869848,2.9434795,0.7198997
72592000,0.13120554,-75.98108,-0.52112657,-0.012440889,2.9508886,0.7194132
72600000,0.13016643,-75.97837,-0.5153924,-0.012025589,2.958226,0.7188431
72608000,0.1291497,-75.97499,-0.50966287,-0.011576352,2.9654033,0.71829194
72616000,0.12807047,-75.97367,-0.5039451,-0.011160331,2.972156,0.71774274
72624000,0.12701473,-75.97164,-0.4982462,-0.010696705,2.9788,0.71729726
72632000,0.12598254,-75.96892,-0.49255055,-0.010237267,2.9853396,0.7167845
72640000,0.124973364,-75.96552,-0.48685902,-0.009761082,2.991726,0.7161902
72648000,0.12390404,-75.9642,-0.48118585,-0.009276811,2.9977574,0.7156796
72656000,0.122859,-75.962166,-0.47551626,-0.008812983,3.0036013,0.7151145
72664000,0.121838145,-75.95944,-0.46985036,-0.008272544,3.0093553,0.7146137
72672000,0.120841704,-75.95605,-0.46418768,-0.007671139,3.01507,0.71416634
72680000,0.1197821,-75.95474,-0.45853925,-0.0071090413,3.020316,0.7135819
72688000,0.11874825,-75.95272,-0.4528947,-0.0064818445,3.0254579,0.71306014
72696000,0.117739856,-75.95002,-0.44725347,-0.0058753192,3.0305483,0.7125607
72704000,0.11675674,-75.94665,-0.4416157,-0.005200632,3.0355346,0.7120294
72712000,0.11570537,-75.945366,-0.43597418,-0.0047007846,3.040116,0.711516
72720000,0.1146796,-75.94338,-0.43033653,-0.0041388,3.044634,0.710974
72728000,0.11367944,-75.94071,-0.4247148,-0.0035322655,3.0489924,0.71052647
72736000,0.11270478,-75.93737,-0.4190958,-0.0029078,3.053303,0.7101131
72744000,0.1116503,-75.936134,-0.41348672,-0.0023207436,3.0571785,0.70972645
72752000,0.11062264,-75.93419,-0.4078802,-0.0017151332,3.0609486,0.70932513
72760000,0.10962168,-75.931564,-0.40227658,-0.0010724524,3.0647259,0.7088183
72768000,0.108647175,-75.92826,-0.39667606,-0.00038666598,3.0684066,0.7083902
72776000,0.10763508,-75.92421,-0.39109504,0.00023430283,3.072087,0.7080608
72784000,0.10664978,-75.919525,-0.38551497,0.0009512118,3.0756986,0.70781803
72792000,0.10569125,-75.91423,-0.37993628,0.0016245154,3.0792565,0.70741624
72800000,0.10475903,-75.90834,-0.37436026,0.0023589293,3.0827935,0.70692456
72808000,0.10385298,-75.90186,-0.36878633,0.003084625,3.0861976,0.7066103
72816000,0.10290557,-75.89472,-0.3632295,0.0037876165,3.0896842,0.7062746
72824000,0.10198422,-75.88704,-0.35767502,0.004420018,3.093169,0.70601106
72832000,0.10108877,-75.87882,-0.352121,0.005198503,3.0965385,0.70571756
72840000,0.10021954,-75.87008,-0.34656823,0.005950441,3.0997922,0.70534915
72848000,0.09931824,-75.86073,-0.3410275,0.006680872,3.1031647,0.7050669
72856000,0.09844327,-75.8509,-0.3354872,0.0074521643,3.106454,0.7047864
72864000,0.09759432,-75.84059,-0.32994694,0.008243798,3.109667,0.7046035
72872000,0.096771516,-75.82982,-0.32440645,0.009086385,3.1128645,0.7043944
72880000,0.09591945,-75.81849,-0.31888747,0.009874962,3.1161008,0.7040809
72888000,0.095093526,-75.806725,-0.31336862,0.010669675,3.1191792,0.7038092
72896000,0.09429347,-75.79454,-0.30784965,0.011470305,3.1222465,0.7035447
72904000,0.09351893,-75.78194,-0.3023302,0.012297664,3.125223,0.7033795
72912000,0.09271086,-75.76883,-0.29681784,0.013112657,3.1283486,0.7032083
72920000,0.09192848,-75.75534,-0.29130477,0.013861043,3.131272,0.702945
72928000,0.09117157,-75.74147,-0.28579688,0.014688283,3.1341102,0.70276016
72936000,0.09044001,-75.72723,-0.28028786,0.01551524,3.1368454,0.702607
72944000,0.08967282,-75.71255,-0.2747808,0.016368624,3.1395981,0.7025039
72952000,0.088931665,-75.69752,-0.2692725,0.017220924,3.1422768,0.7023058
72960000,0.08821635,-75.68216,-0.26376337,0.01808492,3.1448321,0.702096
72968000,0.087526746,-75.666466,-0.25825322,0.019024685,3.1472802,0.70196015
72976000,0.0867951,-75.65038,-0.2527306,0.019883301,3.1497967,0.7018088
72984000,0.08608959,-75.63399,-0.24720718,0.020767078,3.1521277,0.7016558
72992000,0.085410096,-75.617294,-0.2416829,0.021676207,3.1543365,0.7014855
73000000,0.08475648,-75.60031,-0.23615868,0.02259685,3.1564515,0.7011375
73008000,0.08406352,-75.58297,-0.23063852,0.023471767,3.1585321,0.70089877
73016000,0.08339675,-75.56536,-0.22511818,0.024369694,3.1605418,0.70065266
73024000,0.08275603,-75.547485,-0.21959777,0.025288511,3.1624095,0.7004067
73032000,0.08214119,-75.52935,-0.21407743,0.026242469,3.164133,0.70012313
73040000,0.08150121,-75.51089,-0.20854641,0.027202811,3.1657286,0.69970393
73048000,0.08088748,-75.49219,-0.20301677,0.028104618,3.1672304,0.6993809
73056000,0.08029936,-75.47326,-0.19748782,0.029021861,3.1685736,0.69913477
73064000,0.07973696,-75.4541,-0.19195895,0.030011129,3.1698127,0.698937
73072000,0.07920031,-75.43472,-0.1864595,0.03102244,3.1709204,0.6986808
73080000,0.078627765,-75.41506,-0.18094377,0.031950552,3.171954,0.6982753
73088000,0.078080975,-75.3952,-0.175429,0.032871984,3.1727703,0.6979937
73096000,0.07755963,-75.37514,-0.16991456,0.033838257,3.173491,0.6977108
73104000,0.077063836,-75.35489,-0.16440053,0.034828067,3.1740425,0.6974669
73112000,0.076536715,-75.33438,-0.15887071,0.03582207,3.1745176,0.6971577
73120000,0.07603569,-75.3137,-0.15334253,0.036799587,3.174835,0.6967342
73128000,0.075560436,-75.29284,-0.14781635,0.03781756,3.1749573,0.6963511
73136000,0.075110875,-75.27182,-0.1422918,0.038838647,3.1748958,0.69600004
73144000,0.07464196,-75.25057,-0.13675265,0.03984552,3.1747978,0.6956865
73152000,0.07419919,-75.22917,-0.13121535,0.04089857,3.174478,0.6953244
73160000,0.07378232,-75.20763,-0.12568085,0.041948516,3.1740057,0.69479245
73168000,0.07339101,-75.185936,-0.12014951,0.043002747,3.173416,0.69436455
73176000,0.07297946,-75.16405,-0.114605084,0.044064354,3.1726897,0.69392437
73184000,0.07259409,-75.14202,-0.10906346,0.045150526,3.171806,0.6935635
73192000,0.07223443,-75.11988,-0.1035247,0.046205197,3.1706688,0.69312346
73200000,0.07190032,-75.09762,-0.097989485,0.047313396,3.1693304,0.6925887
73208000,0.07155127,-75.075195,-0.092450425,0.048348818,3.1678572,0.69212055
73216000,0.07122784,-75.05266,-0.086914554,0.049451042,3.1661801,0.6917342
73228000,0.070930086,-75.03002,-0.08140181,0.05057124,3.16435,0.6913607
73232000,0.07065809,-75.00729,-0.07589169,0.05175013,3.1623292,0.6909186
73244000,0.070362665,-74.984406,-0.07037689,0.052866403,3.1602173,0.6902935
73248000,0.070093155,-74.96144,-0.06486596,0.05398717,3.1579263,0.68986213
73256000,0.06984905,-74.93839,-0.0593576,0.055076636,3.1553862,0.68951404
73264000,0.069629915,-74.91527,-0.05385126,0.05615703,3.152684,0.6892306
73272000,0.06940359,-74.89203,-0.048349395,0.057312287,3.149857,0.68892664
73280000,0.0692027,-74.86873,-0.042850003,0.05841035,3.1468363,0.6885134
73288000,0.06902673,-74.84537,-0.03735313,0.059494212,3.1435497,0.6881409
73296000,0.068875216,-74.821945,-0.031858936,0.06059397,3.1400735,0.6877243
73304000,0.06870414,-74.79844,-0.026367769,0.06170159,3.1363797,0.6873382
73312000,0.06855809,-74.77489,-0.020879433,0.06281566,3.1325312,0.6868968
73320000,0.06843674,-74.75128,-0.015394434,0.063892126,3.128543,0.68638307
73328000,0.068339795,-74.72764,-0.0099167675,0.065028295,3.1243565,0.6859368
73336000,0.06826747,-74.70396,-0.004442081,0.06619714,3.1199958,0.6855059
73344000,0.068177864,-74.68024,0.001024589,0.067296065,3.1153955,0.6850963
73352000,0.068112426,-74.65648,0.0064887255,0.06833216,3.1106436,0.6846934
73360000,0.06807093,-74.6327,0.011949614,0.06946109,3.1057844,0.6841579
73368000,0.0680536,-74.60889,0.017407447,0.07058154,3.100698,0.6837831
73376000,0.06802605,-74.58506,0.02281253,0.07171594,3.095408,0.6833836
73384000,0.06802281,-74.56122,0.028216586,0.07284574,3.0899148,0.68306786
73392000,0.06719363,-74.53643,0.031419143,-0.14000343,3.3156502,0.13271265
73400000,0.06552936,-74.51071,0.032416582,-0.13990234,3.3099136,0.13040172
73408000,0.064163685,-74.484695,0.03260447,-0.060869664,3.3791063,-0.065289356
73416000,0.06313153,-74.45837,0.032017246,-0.061822712,3.3727853,-0.063655175
73424000,0.062106486,-74.43204,0.03147067,-0.062625304,3.3670003,-0.05561247
73432000,0.061090544,-74.4057,0.031017095,-0.0630946,3.3618777,-0.040938333
73440000,0.05985441,-74.37919,0.030421808,-0.06345866,3.357287,-0.021367649
73448000,0.058634937,-74.35267,0.030006945,-0.063549586,3.3529236,0.0018561055
73456000,0.0574438,-74.32612,0.029757902,-0.058306295,3.363616,0.007919245
73464000,0.056313835,-74.299355,0.029444829,-0.058799677,3.3805134,0.001128775
73472000,0.05497957,-74.272285,0.028800532,-0.06769988,3.385654,0.007268423
73480000,0.053795114,-74.245,0.027845785,-0.024924235,3.4264927,-0.077115856
73488000,0.052815396,-74.21754,0.026691735,-0.02533924,3.4214752,-0.0496084
73496000,0.05185965,-74.19009,0.025760055,-0.023413057,3.4183526,-0.026418105
73504000,0.05085222,-74.1623,0.024510726,0.00022503978,3.4384751,-0.05009715
73512000,0.04997309,-74.13435,0.023163512,0.002850096,3.4499469,-0.054176643
73520000,0.049130585,-74.1063,0.021801054,0.004203829,3.4621806,-0.059372414
73528000,0.04832305,-74.07812,0.020419315,0.006389912,3.474283,-0.06373648
73536000,0.047436044,-74.049545,0.018671855,0.008650827,3.4860923,-0.067062624
73544000,0.046589978,-74.020874,0.016932607,0.010936568,3.4974098,-0.06915823
73552000,0.045784738,-73.99209,0.015209511,0.013261161,3.5082138,-0.07025401
73560000,0.04503409,-73.96321,0.01350911,0.015676387,3.5186152,-0.070585705
73568000,0.044372104,-73.93414,0.011826053,0.01845168,3.5289462,-0.07065253
73576000,0.04375282,-73.90498,0.010146514,0.021457408,3.539159,-0.070490636
73584000,0.043178525,-73.87573,0.0084943175,0.024904894,3.54941,-0.070523545
73592000,0.04265157,-73.84639,0.006867796,0.028612884,3.5595126,-0.07055871
73600000,0.0421737,-73.816956,0.005266592,0.032595795,3.5694408,-0.070529975
73608000,0.041796375,-73.7873,0.0036376119,0.03690003,3.5793774,-0.07047177
73616000,0.041481387,-73.75758,0.0020617098,0.044453744,3.584904,-0.06483219
73624000,0.04124846,-73.72779,0.00051659346,0.048479266,3.5957453,-0.06699712
73632000,0.04105692,-73.697914,-0.0009925663,0.051100478,3.6007016,-0.05805604
73640000,0.040930178,-73.66786,-0.002466023,0.057129197,3.615845,-0.06817969
73648000,0.040869046,-73.6377,-0.003973812,0.06332219,3.6252663,-0.06773782
73656000,0.04087174,-73.60747,-0.0054523647,0.06941051,3.6339216,-0.066369876
73664000,0.040935833,-73.57716,-0.0068940967,0.07520178,3.6417778,-0.06413776
73672000,0.04105124,-73.54668,-0.008306354,0.08160376,3.6461132,-0.057442974
73680000,0.04124498,-73.51616,-0.009647712,0.09060999,3.6535466,-0.0559061
73688000,0.041518785,-73.48559,-0.010912791,0.099221125,3.658607,-0.044188254
73696000,0.041913588,-73.45493,-0.01216574,0.10951329,3.6728945,-0.05299984
73704000,0.042388543,-73.424095,-0.013432637,0.11585404,3.6812117,-0.050028052
73712000,0.04293186,-73.39321,-0.014625534,0.12404048,3.6840165,-0.041151512
73720000,0.043550737,-73.36229,-0.01576665,0.1301903,3.6934683,-0.039209917
73728000,0.04422922,-73.33132,-0.016837016,0.13734455,3.6966121,-0.030326959
73736000,0.0450129,-73.30021,-0.017850295,0.1461403,3.7037723,-0.024335518
73744000,0.045880895,-73.26906,-0.018786639,0.15634313,3.7135694,-0.019452823
73752000,0.046841815,-73.23787,-0.019612893,0.16736703,3.7172828,-0.0045744986
73760000,0.04792412,-73.20657,-0.02039051,0.18077317,3.7307649,-0.0024263407
73768000,0.04917674,-73.175156,-0.021071047,0.19081175,3.7369044,0.008268567
73776000,0.050495256,-73.14373,-0.021637514,0.19348466,3.734628,0.021087222
73784000,0.051836584,-73.11228,-0.022118285,0.19766742,3.7450824,0.026767615
73792000,0.053237684,-73.080826,-0.022464976,0.20578581,3.746364,0.04543947
73800000,0.054770634,-73.04921,-0.022699729,0.21313903,3.7572434,0.053531095
73808000,0.056351893,-73.01759,-0.022804067,0.21744907,3.75422,0.06950547
73816000,0.05796206,-72.986015,-0.0227786,0.21563473,3.7544773,0.079338856
73824000,0.059519902,-72.954445,-0.022679806,0.20882836,3.746412,0.094038
73832000,0.0610926,-72.92288,-0.022404194,0.20137447,3.747161,0.10402907
73840000,0.06268736,-72.89131,-0.022023693,0.20103085,3.7520735,0.11852034
73848000,0.06431811,-72.85972,-0.02148819,0.20703797,3.7506974,0.139605
73856000,0.06598395,-72.828125,-0.020806134,0.20970787,3.7534947,0.15557897
73864000,0.06767382,-72.796555,-0.01994583,0.21153806,3.749773,0.17828952
73872000,0.0693958,-72.76502,-0.018834472,0.21411046,3.7377872,0.20635015
73880000,0.071132734,-72.73343,-0.017440706,0.21261837,3.7757673,0.24313259
73888000,0.072874576,-72.7017,-0.01577264,0.21522446,3.7706985,0.2723181
73896000,0.074648425,-72.67003,-0.013864502,0.21980526,3.763776,0.30129346
73904000,0.07644391,-72.63844,-0.0116541535,0.22629318,3.7455826,0.33299997
73912000,0.07827344,-72.60686,-0.009165004,0.22525343,3.7745755,0.36582428
73920000,0.080076896,-72.5752,-0.0064035505,0.21998905,3.7630088,0.40055096
73928000,0.08183324,-72.54364,-0.003344968,0.2125461,3.7523215,0.43768233
73936000,0.08366735,-72.510994,-0.0014849156,0.30557913,4.3392563,-0.33090717
73944000,0.085245036,-72.47101,-0.010397747,-0.18404588,5.133445,-1.7629282
73952000,0.08081695,-72.42699,-0.02843839,-0.6722607,5.37026,-2.3752165
73960000,0.07548292,-72.382805,-0.047398776,-0.66320026,5.3264327,-2.3232033
73968000,0.070135355,-72.33893,-0.06575532,-0.65768266,5.2975445,-2.264076
