timestamp,vel_innov_n,vel_innov_e,pos_innov_n,pos_innov_e,test_ratio_vel,test_ratio_pos
6612000,0,0,0.0,0.0,0,0
6620000,0,0,0.0,0.0,0,0
6628000,0,0,0.0,0.0,0,0
6636000,0,0,0.0,0.0,0,0
6652000,0,0,0.0,0.0,0,0
6660000,0,0,0.0,0.0,0,0
6668000,0,0,0.0,0.0,0,0
6676000,0,0,0.0,0.0,0,0
6692000,0,0,0.0,0.0,0,0
6700000,0,0,0.0,0.0,0,0
6708000,0,0,0.0,0.0,0,0
6716000,0,0,0.0,0.0,0,0
6732000,0,0,0.0,0.0,0,0
6740000,0,0,0.0,0.0,0,0
6748000,0,0,0.0,0.0,0,0
6756000,0,0,0.0,0.0,0,0
6772000,0,0,0.0,0.0,0,0
6780000,0,0,0.0,0.0,0,0
6788000,0,0,0.0,0.0,0,0
6796000,0,0,0.0,0.0,0,0
6812000,0,0,0.0,0.0,0,0
6820000,0,0,0.0,0.0,0,0
6828000,0,0,0.0,0.0,0,0
6836000,0,0,0.0,0.0,0,0
6852000,0,0,0.0,0.0,0,0
6860000,0,0,0.0,0.0,0,0
6868000,0,0,0.0,0.0,0,0
6876000,0,0,0.0,0.0,0,0
6892000,0,0,0.0,0.0,0,0
6900000,0,0,0.0,0.0,0,0
6908000,0,0,0.0,0.0,0,0
6916000,0,0,0.0,0.0,0,0
6932000,0,0,0.0,0.0,0,0
6940000,0,0,0.0,0.0,0,0
6948000,0,0,0.0,0.0,0,0
6956000,0,0,0.0,0.0,0,0
6972000,0,0,0.0,0.0,0,0
6980000,0,0,0.0,0.0,0,0
6988000,0,0,0.0,0.0,0,0
6996000,0,0,0.0,0.0,0,0
7012000,0,0,0.0,0.0,0,0
7020000,0,0,0.0,0.0,0,0
7028000,0,0,0.0,0.0,0,0
7036000,0,0,0.0,0.0,0,0
7052000,0,0,0.0,0.0,0,0
7060000,0,0,0.0,0.0,0,0
7068000,0,0,0.0,0.0,0,0
7076000,0,0,0.0,0.0,0,0
7092000,0,0,0.0,0.0,0,0
7100000,0,0,0.0,0.0,0,0
7108000,0,0,0.0,0.0,0,0
7116000,0,0,0.0,0.0,0,0
7132000,0,0,0.0,0.0,0,0
7140000,0,0,0.0,0.0,0,0
7148000,0,0,0.0,0.0,0,0
7156000,0,0,0.0,0.0,0,0
7172000,0,0,0.0,0.0,0,0
7180000,0,0,0.0,0.0,0,0
7188000,0,0,0.0,0.0,0,0
7196000,0,0,0.0,0.0,0,0
7212000,0,0,0.0,0.0,0,0
7220000,0,0,0.0,0.0,0,0
7228000,0,0,0.0,0.0,0,0
7236000,0,0,0.0,0.0,0,0
7252000,0,0,0.0,0.0,0,0
7260000,0,0,0.0,0.0,0,0
7268000,0,0,0.0,0.0,0,0
7276000,0,0,0.0,0.0,0,0
7292000,0,0,0.0,0.0,0,0
7300000,0,0,0.0,0.0,0,0
7308000,0,0,0.0,0.0,0,0
7316000,0,0,0.0,0.0,0,0
7332000,0,0,0.0,0.0,0,0
7340000,0,0,0.0,0.0,0,0
7348000,0,0,0.0,0.0,0,0
7356000,0,0,0.0,0.0,0,0
7372000,0,0,0.0,0.0,0,0
7380000,0,0,0.0,0.0,0,0
7388000,0,0,0.0,0.0,0,0
7396000,0,0,0.0,0.0,0,0
7416000,0,0,0.0,0.0,0,0
7424000,0,0,0.0,0.0,0,0
7432000,0,0,0.0,0.0,0,0
7440000,0,0,0.0,0.0,0,0
7448000,0,0,0.0,0.0,0,0
7456000,0,0,0.0,0.0,0,0
7472000,0,0,0.0,0.0,0,0
7480000,0,0,0.0,0.0,0,0
7488000,0,0,0.0,0.0,0,0
7496000,0,0,0.0,0.0,0,0
7512000,0,0,0.0,0.0,0,0
7520000,0,0,0.0,0.0,0,0
7528000,0,0,0.0,0.0,0,0
7536000,0,0,0.0,0.0,0,0
7552000,0,0,0.0,0.0,0,0
7560000,0,0,0.0,0.0,0,0
7568000,0,0,0.0,0.0,0,0
7576000,0,0,0.0,0.0,0,0
7592000,0,0,0.0,0.0,0,0
7600000,0,0,0.0,0.0,0,0
7608000,0,0,0.0,0.0,0,0
7616000,0,0,0.0,0.0,0,0
7632000,0,0,0.0,0.0,0,0
7640000,0,0,0.0,0.0,0,0
7648000,0,0,0.0,0.0,0,0
7656000,0,0,0.0,0.0,0,0
7672000,0,0,0.0,0.0,0,0
7680000,0,0,0.0,0.0,0,0
7688000,0,0,0.0,0.0,0,0
7696000,0,0,0.0,0.0,0,0
7712000,0,0,0.0,0.0,0,0
7720000,0,0,0.0,0.0,0,0
7728000,0,0,0.0,0.0,0,0
7736000,0,0,0.0,0.0,0,0
7752000,0,0,0.0,0.0,0,0
7760000,0,0,0.0,0.0,0,0
7768000,0,0,0.0,0.0,0,0
7776000,0,0,0.0,0.0,0,0
7792000,0,0,0.0,0.0,0,0
7800000,0,0,0.0,0.0,0,0
7808000,0,0,0.0,0.0,0,0
7816000,0,0,0.0,0.0,0,0
7832000,0,0,0.0,0.0,0,0
7840000,0,0,0.0,0.0,0,0
7848000,0,0,0.0,0.0,0,0
7856000,0,0,0.0,0.0,0,0
7872000,0,0,0.0,0.0,0,0
7880000,0,0,0.0,0.0,0,0
7888000,0,0,0.0,0.0,0,0
7896000,0,0,0.0,0.0,0,0
7912000,0,0,0.0,0.0,0,0
7920000,0,0,0.0,0.0,0,0
7928000,0,0,0.0,0.0,0,0
7936000,0,0,0.0,0.0,0,0
7952000,0,0,0.0,0.0,0,0
7960000,0,0,0.0,0.0,0,0
7968000,0,0,0.0,0.0,0,0
7976000,0,0,0.0,0.0,0,0
7992000,0,0,0.0,0.0,0,0
8000000,0,0,0.0,0.0,0,0
8008000,0,0,0.0,0.0,0,0
8016000,0,0,0.0,0.0,0,0
8032000,0,0,0.0,0.0,0,0
8040000,0,0,0.0,0.0,0,0
8048000,0,0,0.0,0.0,0,0
8056000,0,0,0.0,0.0,0,0
8072000,0,0,0.0,0.0,0,0
8080000,0,0,0.0,0.0,0,0
8088000,0,0,0.0,0.0,0,0
8096000,0,0,0.0,0.0,0,0
8112000,0,0,0.0,0.0,0,0
8120000,0,0,0.0,0.0,0,0
8128000,0,0,0.0,0.0,0,0
8136000,0,0,0.0,0.0,0,0
8152000,0,0,0.0,0.0,0,0
8160000,0,0,0.0,0.0,0,0
8168000,0,0,0.0,0.0,0,0
8176000,0,0,0.0,0.0,0,0
8192000,0,0,0.0,0.0,0,0
8200000,0,0,0.0,0.0,0,0
8208000,0,0,0.0,0.0,0,0
8216000,0,0,0.0,0.0,0,0
8232000,0,0,0.0,0.0,0,0
8240000,0,0,0.0,0.0,0,0
8248000,0,0,0.0,0.0,0,0
8256000,0,0,0.0,0.0,0,0
8272000,0,0,0.0,0.0,0,0
8280000,0,0,0.0,0.0,0,0
8288000,0,0,0.0,0.0,0,0
8296000,0,0,0.0,0.0,0,0
8312000,0,0,0.0,0.0,0,0
8320000,0,0,0.0,0.0,0,0
8328000,0,0,0.0,0.0,0,0
8336000,0,0,0.0,0.0,0,0
8352000,0,0,0.0,0.0,0,0
8360000,0,0,0.0,0.0,0,0
8368000,0,0,0.0,0.0,0,0
8376000,0,0,0.0,0.0,0,0
8392000,0,0,0.0,0.0,0,0
8400000,0,0,0.0,0.0,0,0
8408000,0,0,0.0,0.0,0,0
8416000,0,0,0.0,0.0,0,0
8432000,0,0,0.0,0.0,0,0
8440000,0,0,0.0,0.0,0,0
8448000,0,0,0.0,0.0,0,0
8456000,0,0,0.0,0.0,0,0
8472000,0,0,0.0,0.0,0,0
8480000,0,0,0.0,0.0,0,0
8488000,0,0,0.0,0.0,0,0
8496000,0,0,0.0,0.0,0,0
8512000,0,0,0.0,0.0,0,0
8520000,0,0,0.0,0.0,0,0
8528000,0,0,0.0,0.0,0,0
8536000,0,0,0.0,0.0,0,0
8552000,0,0,0.0,0.0,0,0
8560000,0,0,0.0,0.0,0,0
8568000,0,0,0.0,0.0,0,0
8576000,0,0,0.0,0.0,0,0
8592000,0,0,0.0,0.0,0,0
8600000,0,0,0.0,0.0,0,0
8608000,0,0,0.0,0.0,0,0
8616000,0,0,0.0,0.0,0,0
8632000,0,0,0.0,0.0,0,0
8640000,0,0,0.0,0.0,0,0
8648000,0,0,0.0,0.0,0,0
8656000,0,0,0.0,0.0,0,0
8672000,0,0,0.0,0.0,0,0
8680000,0,0,0.0,0.0,0,0
8688000,0,0,0.0,0.0,0,0
8696000,0,0,0.0,0.0,0,0
8712000,0,0,0.0,0.0,0,0
8720000,0,0,0.0,0.0,0,0
8728000,0,0,0.0,0.0,0,0
8736000,0,0,0.0,0.0,0,0
8752000,0,0,0.0,0.0,0,0
8760000,0,0,0.0,0.0,0,0
8768000,0,0,0.0,0.0,0,0
8776000,0,0,0.0,0.0,0,0
8792000,0,0,0.0,0.0,0,0
8800000,0,0,0.0,0.0,0,0
8808000,0,0,0.0,0.0,0,0
8816000,0,0,0.0,0.0,0,0
8832000,0,0,0.0,0.0,0,0
8840000,0,0,0.0,0.0,0,0
8848000,0,0,0.0,0.0,0,0
8856000,0,0,0.0,0.0,0,0
8872000,0,0,0.0,0.0,0,0
8880000,0,0,0.0,0.0,0,0
8888000,0,0,0.0,0.0,0,0
8896000,0,0,0.0,0.0,0,0
8912000,0,0,0.0,0.0,0,0
8920000,0,0,0.0,0.0,0,0
8928000,0,0,0.0,0.0,0,0
8936000,0,0,0.0,0.0,0,0
8952000,0,0,0.0,0.0,0,0
8960000,0,0,0.0,0.0,0,0
8968000,0,0,0.0,0.0,0,0
8976000,0,0,0.0,0.0,0,0
8992000,0,0,0.0,0.0,0,0
9000000,0,0,0.0,0.0,0,0
9008000,0,0,0.0,0.0,0,0
9016000,0,0,0.0,0.0,0,0
9032000,0,0,0.0,0.0,0,0
9040000,0,0,0.0,0.0,0,0
9048000,0,0,0.0,0.0,0,0
9056000,0,0,0.0,0.0,0,0
9072000,0,0,0.0,0.0,0,0
9080000,0,0,0.0,0.0,0,0
9088000,0,0,0.0,0.0,0,0
9096000,0,0,0.0,0.0,0,0
9112000,0,0,0.0,0.0,0,0
9120000,0,0,0.0,0.0,0,0
9128000,0,0,0.0,0.0,0,0
9136000,0,0,0.0,0.0,0,0
9152000,0,0,0.0,0.0,0,0
9160000,0,0,0.0,0.0,0,0
9168000,0,0,0.0,0.0,0,0
9176000,0,0,0.0,0.0,0,0
9192000,0,0,0.0,0.0,0,0
9200000,0,0,0.0,0.0,0,0
9208000,0,0,0.0,0.0,0,0
9216000,0,0,0.0,0.0,0,0
9232000,0,0,0.0,0.0,0,0
9240000,0,0,0.0,0.0,0,0
9248000,0,0,0.0,0.0,0,0
9256000,0,0,0.0,0.0,0,0
9272000,0,0,0.0,0.0,0,0
9280000,0,0,0.0,0.0,0,0
9288000,0,0,0.0,0.0,0,0
9296000,0,0,0.0,0.0,0,0
9312000,0,0,0.0,0.0,0,0
9320000,0,0,0.0,0.0,0,0
9328000,0,0,0.0,0.0,0,0
9336000,0,0,0.0,0.0,0,0
9352000,0,0,0.0,0.0,0,0
9360000,0,0,0.0,0.0,0,0
9368000,0,0,0.0,0.0,0,0
9376000,0,0,0.0,0.0,0,0
9392000,0,0,0.0,0.0,0,0
9400000,0,0,0.0,0.0,0,0
9408000,0,0,0.0,0.0,0,0
9416000,0,0,0.0,0.0,0,0
9432000,0,0,0.0,0.0,0,0
9440000,0,0,0.0,0.0,0,0
9448000,0,0,0.0,0.0,0,0
9456000,0,0,0.0,0.0,0,0
9472000,0,0,0.0,0.0,0,0
9480000,0,0,0.0,0.0,0,0
9488000,0,0,0.0,0.0,0,0
9496000,0,0,0.0,0.0,0,0
9512000,0,0,0.0,0.0,0,0
9520000,0,0,0.0,0.0,0,0
9528000,0,0,0.0,0.0,0,0
9536000,0,0,0.0,0.0,0,0
9552000,0,0,0.0,0.0,0,0
9560000,0,0,0.0,0.0,0,0
9568000,0,0,0.0,0.0,0,0
9576000,0,0,0.0,0.0,0,0
9592000,0,0,0.0,0.0,0,0
9600000,0,0,0.0,0.0,0,0
9608000,0,0,0.0,0.0,0,0
9616000,0,0,0.0,0.0,0,0
9632000,0,0,0.0,0.0,0,0
9640000,0,0,0.0,0.0,0,0
9648000,0,0,0.0,0.0,0,0
9656000,0,0,0.0,0.0,0,0
9672000,0,0,0.0,0.0,0,0
9680000,0,0,0.0,0.0,0,0
9688000,0,0,0.0,0.0,0,0
9696000,0,0,0.0,0.0,0,0
9712000,0,0,0.0,0.0,0,0
9720000,0,0,0.0,0.0,0,0
9728000,0,0,0.0,0.0,0,0
9736000,0,0,0.0,0.0,0,0
9752000,0,0,0.0,0.0,0,0
9760000,0,0,0.0,0.0,0,0
9768000,0,0,0.0,0.0,0,0
9776000,0,0,0.0,0.0,0,0
9792000,0,0,0.0,0.0,0,0
9800000,0,0,0.0,0.0,0,0
9808000,0,0,0.0,0.0,0,0
9816000,0,0,0.0,0.0,0,0
9824000,0,0,0.0,0.0,0,0
9840000,0,0,0.0,0.0,0,0
9848000,0,0,0.0,0.0,0,0
9856000,0,0,0.0,0.0,0,0
9872000,0,0,0.0,0.0,0,0
9880000,0,0,0.0,0.0,0,0
9888000,0,0,0.0,0.0,0,0
9896000,0,0,0.0,0.0,0,0
9912000,0,0,0.0,0.0,0,0
9920000,0,0,0.0,0.0,0,0
9928000,0,0,0.0,0.0,0,0
9936000,0,0,0.0,0.0,0,0
9952000,0,0,0.0,0.0,0,0
9960000,0,0,0.0,0.0,0,0
9968000,0,0,0.0,0.0,0,0
9976000,0,0,0.0,0.0,0,0
9992000,0,0,0.0,0.0,0,0
10000000,0,0,0.0,0.0,0,0
10008000,0,0,0.0,0.0,0,0
10016000,0,0,0.0,0.0,0,0
10032000,0,0,0.0,0.0,0,0
10040000,0,0,0.0,0.0,0,0
10048000,0,0,0.0,0.0,0,0
10056000,0,0,0.0,0.0,0,0
10072000,0,0,0.0,0.0,0,0
10080000,0,0,0.0,0.0,0,0
10088000,0,0,0.0,0.0,0,0
10096000,0,0,0.0,0.0,0,0
10112000,0,0,0.0,0.0,0,0
10120000,0,0,0.0,0.0,0,0
10128000,0,0,0.0,0.0,0,0
10136000,0,0,0.0,0.0,0,0
10152000,0,0,0.0,0.0,0,0
10160000,0,0,0.0,0.0,0,0
10168000,0,0,0.0,0.0,0,0
10176000,0,0,0.0,0.0,0,0
10192000,0,0,0.0,0.0,0,0
10200000,0,0,0.0,0.0,0,0
10208000,0,0,0.0,0.0,0,0
10216000,0,0,0.0,0.0,0,0
10232000,0,0,0.0,0.0,0,0
10240000,0,0,0.0,0.0,0,0
10248000,0,0,0.0,0.0,0,0
10256000,0,0,0.0,0.0,0,0
10272000,0,0,0.0,0.0,0,0
10280000,0,0,0.0,0.0,0,0
10288000,0,0,0.0,0.0,0,0
10296000,0,0,0.0,0.0,0,0
10312000,0,0,0.0,0.0,0,0
10320000,0,0,0.0,0.0,0,0
10328000,0,0,0.0,0.0,0,0
10336000,0,0,0.0,0.0,0,0
10352000,0,0,0.0,0.0,0,0
10360000,0,0,0.0,0.0,0,0
10368000,0,0,0.0,0.0,0,0
10376000,0,0,0.0,0.0,0,0
10392000,0,0,0.0,0.0,0,0
10400000,0,0,0.0,0.0,0,0
10408000,0,0,0.0,0.0,0,0
10416000,0,0,0.0,0.0,0,0
10432000,0,0,0.0,0.0,0,0
10440000,0,0,0.0,0.0,0,0
10448000,0,0,0.0,0.0,0,0
10456000,0,0,0.0,0.0,0,0
10472000,0,0,0.0,0.0,0,0
10480000,0,0,0.0,0.0,0,0
10488000,0,0,0.0,0.0,0,0
10496000,0,0,0.0,0.0,0,0
10512000,0,0,0.0,0.0,0,0
10520000,0,0,0.0,0.0,0,0
10528000,0,0,0.0,0.0,0,0
10536000,0,0,0.0,0.0,0,0
10552000,0,0,0.0,0.0,0,0
10560000,0,0,0.0,0.0,0,0
10568000,0,0,0.0,0.0,0,0
10576000,0,0,0.0,0.0,0,0
10592000,0,0,0.0,0.0,0,0
10600000,0,0,0.0,0.0,0,0
10608000,0,0,0.0,0.0,0,0
10616000,0,0,0.0,0.0,0,0
10632000,0,0,0.0,0.0,0,0
10640000,0,0,0.0,0.0,0,0
10648000,0,0,0.0,0.0,0,0
10656000,0,0,0.0,0.0,0,0
10672000,0,0,0.0,0.0,0,0
10680000,0,0,0.0,0.0,0,0
10688000,0,0,0.0,0.0,0,0
10696000,0,0,0.0,0.0,0,0
10712000,0,0,0.0,0.0,0,0
10720000,0,0,0.0,0.0,0,0
10728000,0,0,0.0,0.0,0,0
10736000,0,0,0.0,0.0,0,0
10752000,0,0,0.0,0.0,0,0
10760000,0,0,0.0,0.0,0,0
10768000,0,0,0.0,0.0,0,0
10776000,0,0,0.0,0.0,0,0
10792000,0,0,0.0,0.0,0,0
10800000,0,0,0.0,0.0,0,0
10808000,0,0,0.0,0.0,0,0
10816000,0,0,0.0,0.0,0,0
10832000,0,0,0.0,0.0,0,0
10840000,0,0,0.0,0.0,0,0
10848000,0,0,0.0,0.0,0,0
10856000,0,0,0.0,0.0,0,0
10872000,0,0,0.0,0.0,0,0
10880000,0,0,0.0,0.0,0,0
10888000,0,0,0.0,0.0,0,0
10896000,0,0,0.0,0.0,0,0
10912000,0,0,0.0,0.0,0,0
10920000,0,0,0.0,0.0,0,0
10928000,0,0,0.0,0.0,0,0
10936000,0,0,0.0,0.0,0,0
10952000,0,0,0.0,0.0,0,0
10960000,0,0,0.0,0.0,0,0
10968000,0,0,0.0,0.0,0,0
10976000,0,0,0.0,0.0,0,0
10992000,0,0,0.0,0.0,0,0
11000000,0,0,0.0,0.0,0,0
11008000,0,0,0.0,0.0,0,0
11016000,0,0,0.0,0.0,0,0
11032000,0,0,0.0,0.0,0,0
11040000,0,0,0.0,0.0,0,0
11048000,0,0,0.0,0.0,0,0
11056000,0,0,0.0,0.0,0,0
11072000,0,0,0.0,0.0,0,0
11080000,0,0,0.0,0.0,0,0
11088000,0,0,0.0,0.0,0,0
11096000,0,0,0.0,0.0,0,0
11112000,0,0,0.0,0.0,0,0
11120000,0,0,0.0,0.0,0,0
11128000,0,0,0.0,0.0,0,0
11136000,0,0,0.0,0.0,0,0
11152000,0,0,0.0,0.0,0,0
11160000,0,0,0.0,0.0,0,0
11168000,0,0,-5.2409965e+06,-951354.6,0,0
11176000,0,0,-5.2409965e+06,-951354.6,0,0
11192000,0,0,-5.2409965e+06,-951354.6,0,0
11200000,0,0,-5.2409965e+06,-951354.6,0,0
11208000,0,0,-5.2409965e+06,-951354.6,0,0
11216000,0,0,-5.2409965e+06,-951354.6,0,0
11232000,0,0,-5.2409965e+06,-951354.6,0,0
11240000,0,0,-5.2409965e+06,-951354.6,0,0
11248000,0,0,-5.2409965e+06,-951354.6,0,0
11256000,0,0,-5.2409965e+06,-951354.6,0,0
11272000,0,0,-5.2409965e+06,-951354.56,0,0
11280000,0,0,-5.2409965e+06,-951354.56,0,0
11288000,0,0,-5.2409965e+06,-951354.56,0,0
11296000,0,0,-5.2409965e+06,-951354.6,0,0
11312000,0,0,-5.2409965e+06,-951354.6,0,0
11320000,0,0,-5.2409965e+06,-951354.6,0,0
11328000,0,0,-5.2409965e+06,-951354.6,0,0
11336000,0,0,-5.2409965e+06,-951354.6,0,0
11352000,0,0,-5.2409965e+06,-951354.6,0,0
11360000,0,0,-5.2409965e+06,-951354.6,0,0
11368000,0,0,-5.2409965e+06,-951354.6,0,0
11376000,0,0,-5.2409965e+06,-951354.6,0,0
11392000,0,0,-5.2409965e+06,-951354.6,0,0
11400000,0,0,-5.2409965e+06,-951354.6,0,0
11408000,0,0,-5.2409965e+06,-951354.6,0,0
11416000,0,0,-5.2409965e+06,-951354.6,0,0
11432000,0,0,-5.2409965e+06,-951354.6,0,0
11440000,0,0,-5.2409965e+06,-951354.6,0,0
11448000,0,0,-5.2409965e+06,-951354.6,0,0
11456000,0,0,-5.2409965e+06,-951354.6,0,0
11472000,0,0,-5.2409965e+06,-951354.6,0,0
11480000,0,0,-5.2409965e+06,-951354.6,0,0
11488000,0,0,-5.2409965e+06,-951354.6,0,0
11496000,0,0,-5.2409965e+06,-951354.6,0,0
11512000,0,0,-5.2409965e+06,-951354.6,0,0
11520000,0,0,-5.2409965e+06,-951354.6,0,0
11528000,0,0,-5.2409965e+06,-951354.6,0,0
11536000,0,0,-5.2409965e+06,-951354.6,0,0
11552000,0,0,-5.2409965e+06,-951354.6,0,0
11560000,0,0,-5.2409965e+06,-951354.6,0,0
11568000,0,0,-5.2409965e+06,-951354.6,0,0
11576000,0,0,-5.2409965e+06,-951354.6,0,0
11592000,0,0,-5.2409965e+06,-951354.6,0,0
11600000,0,0,-5.2409965e+06,-951354.6,0,0
11608000,0,0,-5.2409965e+06,-951354.6,0,0
11616000,0,0,-5.2409965e+06,-951354.6,0,0
11632000,0,0,-5.2409965e+06,-951354.6,0,0
11640000,0,0,-5.2409965e+06,-951354.6,0,0
11648000,0,0,-5.2409965e+06,-951354.6,0,0
11656000,0,0,-5.2409965e+06,-951354.6,0,0
11672000,0,0,-5.2409965e+06,-951354.6,0,0
11680000,0,0,-5.2409965e+06,-951354.6,0,0
11692000,0,0,-5.2409965e+06,-951354.6,0,0
11696000,0,0,-5.2409965e+06,-951354.6,0,0
11712000,0,0,-5.2409965e+06,-951354.6,0,0
11720000,0,0,-5.2409965e+06,-951354.6,0,0
11728000,0,0,-5.2409965e+06,-951354.6,0,0
11736000,0,0,0.0,0.0,0,0
11752000,0,0,0.0,0.0,0,0
11760000,0,0,-0.003309827,-0.0051511563,0,0
11768000,0,0,-0.003309827,-0.0051511563,0,0
11776000,0,0,-0.003309827,-0.0051511563,0,0
11792000,0,0,0.008830936,-0.0053284205,0,0
11800000,0,0,0.008830936,-0.0053284205,0,0
11808000,0,0,0.008830936,-0.0053284205,0,0
11816000,0,0,0.008830936,-0.0053284205,0,0
11832000,0,0,-0.005670014,-0.009897409,0,0
11840000,0,0,-0.005670014,-0.009897409,0,0
11848000,0,0,-0.005670014,-0.009897409,0,0
11856000,0,0,-0.0010442521,-0.0018828996,0,0
11872000,0,0,-0.0010442521,-0.0018828996,0,0
11880000,0,0,-0.0010442521,-0.0018828996,0,0
11888000,0,0,-7.9611884e-05,0.005758088,0,0
11896000,0,0,-7.9611884e-05,0.005758088,0,0
11912000,0,0,-7.9611884e-05,0.005758088,0,0
11920000,0,0,0.008041242,0.015570824,0,0
11928000,0,0,0.008041242,0.015570824,0,0
11936000,0,0,0.008041242,0.015570824,0,0
11952000,0,0,0.008041242,0.015570824,0,0
11960000,0,0,0.006920324,0.0024865253,0,0
11968000,0,0,0.006920324,0.0024865253,0,0
11976000,0,0,0.006920324,0.0024865253,0,0
11992000,0,0,-0.0020787145,0.005826945,0,0
12000000,0,0,-0.0020787145,0.005826945,0,0
12008000,0,0,-0.0020787145,0.005826945,0,0
12016000,0,0,-0.0020787145,0.005826945,0,0
12032000,0,0,0.000100907826,0.011941873,0,0
12040000,0,0,0.000100907826,0.011941873,0,0
12048000,0,0,0.000100907826,0.011941873,0,0
12056000,0,0,0.0042201146,0.008264711,0,0
12072000,0,0,0.0042201146,0.008264711,0,0
12080000,0,0,0.0042201146,0.008264711,0,0
12088000,0,0,0.0063844305,0.0069739725,0,0
12096000,0,0,0.0063844305,0.0069739725,0,0
12112000,0,0,0.0063844305,0.0069739725,0,0
12120000,0,0,0.0054604127,0.007194198,0,0
12128000,0,0,0.0054604127,0.007194198,0,0
12136000,0,0,0.0054604127,0.007194198,0,0
12152000,0,0,0.007867712,0.0055577396,0,0
12160000,0,0,0.007867712,0.0055577396,0,0
12168000,0,0,0.007867712,0.0055577396,0,0
12176000,0,0,0.007867712,0.0055577396,0,0
12192000,0,0,0.018077303,0.002385271,0,0
12200000,0,0,0.018077303,0.002385271,0,0
12208000,0,0,0.018077303,0.002385271,0,0
12216000,0,0,0.018077303,0.002385271,0,0
12232000,0,0,0.018279469,-0.0018947755,0,0
12240000,0,0,0.018279469,-0.0018947755,0,0
12248000,0,0,0.018279469,-0.0018947755,0,0
12256000,0,0,0.025345635,0.004867723,0,0
12272000,0,0,0.025345635,0.004867723,0,0
12280000,0,0,0.025345635,0.004867723,0,0
12288000,0,0,0.027964635,0.009155864,0,0
12296000,0,0,0.027964635,0.009155864,0,0
12312000,0,0,0.027964635,0.009155864,0,0
12320000,0,0,0.030392336,0.015324513,0,0
12328000,0,0,0.030392336,0.015324513,0,0
12336000,0,0,0.030392336,0.015324513,0,0
12352000,0,0,0.020257222,0.020163782,0,0
12360000,0,0,0.020257222,0.020163782,0,0
12368000,0,0,0.020257222,0.020163782,0,0
12376000,0,0,0.020257222,0.020163782,0,0
12392000,0,0,0.013799893,0.027712727,0,0
12400000,0,0,0.013799893,0.027712727,0,0
12408000,0,0,0.013799893,0.027712727,0,0
12416000,0,0,0.01576585,0.022835867,0,0
12432000,0,0,0.01576585,0.022835867,0,0
12440000,0,0,0.01576585,0.022835867,0,0
12448000,0,0,0.023014333,0.014129513,0,0
12456000,0,0,0.023014333,0.014129513,0,0
12472000,0,0,0.023014333,0.014129513,0,0
12480000,0,0,0.023014333,0.014129513,0,0
12488000,0,0,0.026008999,0.007794945,0,0
12496000,0,0,0.026008999,0.007794945,0,0
12512000,0,0,0.026008999,0.007794945,0,0
12520000,0,0,0.028982745,0.014699683,0,0
12528000,0,0,0.028982745,0.014699683,0,0
12536000,0,0,0.028982745,0.014699683,0,0
12552000,0,0,0.018412275,0.014381936,0,0
12560000,0,0,0.018412275,0.014381936,0,0
12568000,0,0,0.018412275,0.014381936,0,0
12576000,0,0,0.018412275,0.014381936,0,0
12592000,0,0,0.0074397526,0.01826612,0,0
12600000,0,0,0.0074397526,0.01826612,0,0
12608000,0,0,0.0074397526,0.01826612,0,0
12616000,0,0,0.007655314,0.021102957,0,0
12632000,0,0,0.007655314,0.021102957,0,0
12640000,0,0,0.007655314,0.021102957,0,0
12648000,0,0,0.021129193,0.011138453,0,0
12656000,0,0,0.021129193,0.011138453,0,0
12672000,0,0,0.021129193,0.011138453,0,0
12680000,0,0,0.0061649685,0.010920659,0,0
12688000,0,0,0.0061649685,0.010920659,0,0
12696000,0,0,0.0061649685,0.010920659,0,0
12712000,0,0,-0.0073027615,0.0065767895,0,0
12720000,0,0,-0.0073027615,0.0065767895,0,0
12728000,0,0,-0.0073027615,0.0065767895,0,0
12736000,0,0,-0.0073027615,0.0065767895,0,0
12752000,0,0,-0.025318136,0.0036539927,0,0
12760000,0,0,-0.025318136,0.0036539927,0,0
12768000,0,0,-0.025318136,0.0036539927,0,0
12776000,0,0,-0.025318136,0.0036539927,0,0
12792000,0,0,-0.031205926,0.004149823,0,0
12800000,0,0,-0.031205926,0.004149823,0,0
12808000,0,0,-0.031205926,0.004149823,0,0
12816000,0,0,-0.03645416,0.0015424853,0,0
12832000,0,0,-0.03645416,0.0015424853,0,0
12840000,0,0,-0.03645416,0.0015424853,0,0
12852000,0,0,-0.025907954,0.0044526006,0,0
12856000,0,0,-0.025907954,0.0044526006,0,0
12872000,0,0,-0.025907954,0.0044526006,0,0
12880000,0,0,-0.018937748,-0.004302208,0,0
12888000,0,0,-0.018937748,-0.004302208,0,0
12896000,0,0,-0.018937748,-0.004302208,0,0
12912000,0,0,-0.008458279,-0.0039989827,0,0
12920000,0,0,-0.008458279,-0.0039989827,0,0
12928000,0,0,-0.008458279,-0.0039989827,0,0
12936000,0,0,-0.008458279,-0.0039989827,0,0
12952000,0,0,0.0018885438,0.0076913214,0,0
12960000,0,0,0.0018885438,0.0076913214,0,0
12968000,0,0,0.0018885438,0.0076913214,0,0
12976000,0,0,-0.003302318,0.015267028,0,0
12992000,0,0,-0.003302318,0.015267028,0,0
13000000,0,0,-0.003302318,0.015267028,0,0
13008000,0,0,-0.003302318,0.015267028,0,0
13016000,0,0,0.0019696897,0.017117163,0,0
13032000,0,0,0.0019696897,0.017117163,0,0
13040000,0,0,0.0019696897,0.017117163,0,0
13048000,0,0,-0.007585104,0.0025378026,0,0
13056000,0,0,-0.007585104,0.0025378026,0,0
13072000,0,0,-0.007585104,0.0025378026,0,0
13080000,0,0,0.0010345832,0.0073152673,0,0
13088000,0,0,0.0010345832,0.0073152673,0,0
13096000,0,0,0.0010345832,0.0073152673,0,0
13112000,0,0,0.004085968,0.0047420203,0,0
13120000,0,0,0.004085968,0.0047420203,0,0
13128000,0,0,0.004085968,0.0047420203,0,0
13136000,0,0,0.004085968,0.0047420203,0,0
13152000,0,0,0.00636192,0.001854308,0,0
13160000,0,0,0.00636192,0.001854308,0,0
13168000,0,0,0.00636192,0.001854308,0,0
13176000,0,0,0.013049503,0.013832854,0,0
13192000,0,0,0.013049503,0.013832854,0,0
13200000,0,0,0.013049503,0.013832854,0,0
13208000,0,0,0.007247524,0.011217567,0,0
13216000,0,0,0.007247524,0.011217567,0,0
13232000,0,0,0.007247524,0.011217567,0,0
13244000,0,0,0.013631453,0.020082537,0,0
13252000,0,0,0.013631453,0.020082537,0,0
13264000,0,0,0.013631453,0.020082537,0,0
13272000,0,0,0.013631453,0.020082537,0,0
13288000,0,0,0.013631453,0.020082537,0,0
13296000,0,0,0.01901579,0.011294268,0,0
13304000,0,0,0.01901579,0.011294268,0,0
13312000,0,0,0.01901579,0.011294268,0,0
13320000,0,0,0.01901579,0.011294268,0,0
13328000,0,0,0.02344406,0.009926877,0,0
13336000,0,0,0.02344406,0.009926877,0,0
13352000,0,0,0.02344406,0.009926877,0,0
13360000,0,0,0.023288734,0.0076609068,0,0
13368000,0,0,0.023288734,0.0076609068,0,0
13376000,0,0,0.023288734,0.0076609068,0,0
13392000,0,0,0.027354347,0.0056462986,0,0
13400000,0,0,0.027354347,0.0056462986,0,0
13408000,0,0,0.027354347,0.0056462986,0,0
13416000,0,0,0.027354347,0.0056462986,0,0
13432000,0,0,0.026823465,0.012029813,0,0
13440000,0,0,0.026823465,0.012029813,0,0
13448000,0,0,0.026823465,0.012029813,0,0
13456000,0,0,0.028556764,0.011923273,0,0
13472000,0,0,0.028556764,0.011923273,0,0
13480000,0,0,0.028556764,0.011923273,0,0
13488000,0,0,0.04281271,0.016379127,0,0
13496000,0,0,0.04281271,0.016379127,0,0
13512000,0,0,0.04281271,0.016379127,0,0
13520000,0,0,0.04717493,0.020265838,0,0
13528000,0,0,0.04717493,0.020265838,0,0
13536000,0,0,0.04717493,0.020265838,0,0
13552000,0,0,0.04234578,0.013560606,0,0
13560000,0,0,0.04234578,0.013560606,0,0
13568000,0,0,0.04234578,0.013560606,0,0
13576000,0,0,0.04234578,0.013560606,0,0
13592000,0,0,0.04024862,0.00010911144,0,0
13600000,0,0,0.04024862,0.00010911144,0,0
13608000,0,0,0.04024862,0.00010911144,0,0
13616000,0,0,0.039619915,-0.009549411,0,0
13632000,0,0,0.039619915,-0.009549411,0,0
13640000,0,0,0.039619915,-0.009549411,0,0
13648000,0,0,0.035177585,0.0002760689,0,0
13656000,0,0,0.035177585,0.0002760689,0,0
13672000,0,0,0.035177585,0.0002760689,0,0
13680000,0,0,0.035177585,0.0002760689,0,0
13688000,0,0,0.029935494,0.0035391394,0,0
13696000,0,0,0.029935494,0.0035391394,0,0
13712000,0,0,0.029935494,0.0035391394,0,0
13720000,0,0,0.022644863,-0.0033156935,0,0
13728000,0,0,0.022644863,-0.0033156935,0,0
13736000,0,0,0.022644863,-0.0033156935,0,0
13752000,0,0,0.009587293,0.0025133057,0,0
13760000,0,0,0.009587293,0.0025133057,0,0
13768000,0,0,0.009587293,0.0025133057,0,0
13776000,0,0,0.009587293,0.0025133057,0,0
13792000,0,0,0.00917686,0.0027109217,0,0
13800000,0,0,0.00917686,0.0027109217,0,0
13808000,0,0,0.00917686,0.0027109217,0,0
13816000,0,0,0.0009156722,0.0013851215,0,0
13832000,0,0,0.0009156722,0.0013851215,0,0
13840000,0,0,0.0009156722,0.0013851215,0,0
13848000,0,0,-0.011861756,-0.008971737,0,0
13856000,0,0,-0.011861756,-0.008971737,0,0
13872000,0,0,-0.011861756,-0.008971737,0,0
13880000,0,0,-0.007413708,-0.0030629914,0,0
13888000,0,0,-0.007413708,-0.0030629914,0,0
13896000,0,0,-0.007413708,-0.0030629914,0,0
13912000,0,0,-0.0096613355,-0.023945352,0,0
13920000,0,0,-0.0096613355,-0.023945352,0,0
13928000,0,0,-0.0096613355,-0.023945352,0,0
13936000,0,0,-0.0096613355,-0.023945352,0,0
13952000,0,0,-0.01989572,-0.019970316,0,0
13960000,0,0,-0.01989572,-0.019970316,0,0
13968000,0,0,-0.01989572,-0.019970316,0,0
13976000,0,0,-0.01989572,-0.019970316,0,0
13992000,0,0,-0.02048555,-0.003080748,0,0
14000000,0,0,-0.02048555,-0.003080748,0,0
14008000,0,0,-0.02048555,-0.003080748,0,0
14016000,0,0,-0.019550106,-0.0019403173,0,0
14032000,0,0,-0.019550106,-0.0019403173,0,0
14040000,0,0,-0.019550106,-0.0019403173,0,0
14048000,0,0,-0.013652103,0.007917241,0,0
14056000,0,0,-0.013652103,0.007917241,0,0
14072000,0,0,-0.013652103,0.007917241,0,0
14080000,0,0,-0.00020114631,0.020840494,0,0
14088000,0,0,-0.00020114631,0.020840494,0,0
14096000,0,0,-0.00020114631,0.020840494,0,0
14112000,0,0,-0.0009578425,0.020092625,0,0
14120000,0,0,-0.0009578425,0.020092625,0,0
14128000,0,0,-0.0009578425,0.020092625,0,0
14136000,0,0,-0.0009578425,0.020092625,0,0
14152000,0,0,0.0036877552,0.023569005,0,0
14160000,0,0,0.0036877552,0.023569005,0,0
14168000,0,0,0.0036877552,0.023569005,0,0
14176000,0,0,0.017225131,0.022915002,0,0
14192000,0,0,0.017225131,0.022915002,0,0
14200000,0,0,0.017225131,0.022915002,0,0
14208000,0,0,0.017225131,0.022915002,0,0
14216000,0,0,0.0036332759,0.024569197,0,0
14232000,0,0,0.0036332759,0.024569197,0,0
14240000,0,0,0.0036332759,0.024569197,0,0
14248000,0,0,0.009627941,0.024628084,0,0
14256000,0,0,0.009627941,0.024628084,0,0
14272000,0,0,0.009627941,0.024628084,0,0
14280000,0,0,0.015953215,0.032254,0,0
14288000,0,0,0.015953215,0.032254,0,0
14296000,0,0,0.015953215,0.032254,0,0
14312000,0,0,0.009970969,0.024355432,0,0
14320000,0,0,0.009970969,0.024355432,0,0
14328000,0,0,0.009970969,0.024355432,0,0
14336000,0,0,0.009970969,0.024355432,0,0
14352000,0,0,-0.006354511,0.03347932,0,0
14360000,0,0,-0.006354511,0.03347932,0,0
14368000,0,0,-0.006354511,0.03347932,0,0
14376000,0,0,-0.008276878,0.031311546,0,0
14392000,0,0,-0.008276878,0.031311546,0,0
14400000,0,0,-0.008276878,0.031311546,0,0
14408000,0,0,-0.009971839,0.027458746,0,0
14416000,0,0,-0.009971839,0.027458746,0,0
14432000,0,0,-0.009971839,0.027458746,0,0
14440000,0,0,-0.026515804,0.019716486,0,0
14448000,0,0,-0.026515804,0.019716486,0,0
14456000,0,0,-0.026515804,0.019716486,0,0
14472000,0,0,-0.026515804,0.019716486,0,0
14480000,0,0,-0.03802051,0.016767625,0,0
14488000,0,0,-0.03802051,0.016767625,0,0
14496000,0,0,-0.03802051,0.016767625,0,0
14512000,0,0,-0.04382026,0.022017607,0,0
14520000,0,0,-0.04382026,0.022017607,0,0
14528000,0,0,-0.04382026,0.022017607,0,0
14536000,0,0,-0.04382026,0.022017607,0,0
14552000,0,0,-0.047143288,0.017470967,0,0
14560000,0,0,-0.047143288,0.017470967,0,0
14568000,0,0,-0.047143288,0.017470967,0,0
14576000,0,0,-0.0441589,0.013788455,0,0
14592000,0,0,-0.0441589,0.013788455,0,0
14600000,0,0,-0.0441589,0.013788455,0,0
14608000,0,0,-0.032364678,0.013714239,0,0
14616000,0,0,-0.032364678,0.013714239,0,0
14632000,0,0,-0.032364678,0.013714239,0,0
14640000,0,0,-0.048718195,0.018234082,0,0
14648000,0,0,-0.048718195,0.018234082,0,0
14656000,0,0,-0.048718195,0.018234082,0,0
14672000,0,0,-0.050938595,0.015321581,0,0
14680000,0,0,-0.050938595,0.015321581,0,0
14688000,0,0,-0.050938595,0.015321581,0,0
14696000,0,0,-0.050938595,0.015321581,0,0
14712000,0,0,-0.057595417,0.015426363,0,0
14720000,0,0,-0.057595417,0.015426363,0,0
14728000,0,0,-0.057595417,0.015426363,0,0
14736000,0,0,-0.057595417,0.015426363,0,0
14752000,0,0,-0.044227194,0.008454209,0,0
14760000,0,0,-0.044227194,0.008454209,0,0
14768000,0,0,-0.044227194,0.008454209,0,0
14776000,0,0,-0.04160929,0.010744573,0,0
14792000,0,0,-0.04160929,0.010744573,0,0
14800000,0,0,-0.04160929,0.010744573,0,0
14808000,0,0,-0.043589793,0.016457288,0,0
14816000,0,0,-0.043589793,0.016457288,0,0
14832000,0,0,-0.043589793,0.016457288,0,0
14840000,0,0,-0.043641686,0.013838644,0,0
14848000,0,0,-0.043641686,0.013838644,0,0
14856000,0,0,-0.043641686,0.013838644,0,0
14872000,0,0,-0.052477725,0.013646509,0,0
14880000,0,0,-0.052477725,0.013646509,0,0
14888000,0,0,-0.052477725,0.013646509,0,0
14896000,0,0,-0.052477725,0.013646509,0,0
14912000,0,0,-0.04941451,0.008945287,0,0
14920000,0,0,-0.04941451,0.008945287,0,0
14928000,0,0,-0.04941451,0.008945287,0,0
14936000,0,0,-0.044400953,0.009739949,0,0
14952000,0,0,-0.044400953,0.009739949,0,0
14960000,0,0,-0.044400953,0.009739949,0,0
14968000,0,0,-0.045418095,0.010504202,0,0
14976000,0,0,-0.045418095,0.010504202,0,0
14992000,0,0,-0.045418095,0.010504202,0,0
15000000,0,0,-0.045418095,0.010504202,0,0
15008000,0,0,-0.038652916,0.016260002,0,0
15016000,0,0,-0.038652916,0.016260002,0,0
15032000,0,0,-0.038652916,0.016260002,0,0
15040000,0,0,-0.049134076,0.01924547,0,0
15048000,0,0,-0.049134076,0.01924547,0,0
15056000,0,0,-0.049134076,0.01924547,0,0
15072000,0,0,-0.051354393,0.016466675,0,0
15080000,0,0,-0.051354393,0.016466675,0,0
15088000,0,0,-0.051354393,0.016466675,0,0
15096000,0,0,-0.051354393,0.016466675,0,0
15112000,0,0,-0.0582892,0.022377722,0,0
15120000,0,0,-0.0582892,0.022377722,0,0
15128000,0,0,-0.0582892,0.022377722,0,0
15136000,0,0,-0.053520024,0.016387396,0,0
15152000,0,0,-0.053520024,0.016387396,0,0
15160000,0,0,-0.053520024,0.016387396,0,0
15168000,0,0,-0.050140988,0.014607592,0,0
15176000,0,0,-0.050140988,0.014607592,0,0
15192000,0,0,-0.050140988,0.014607592,0,0
15200000,0,0,-0.046104345,-0.00026474526,0,0
15208000,0,0,-0.046104345,-0.00026474526,0,0
15216000,0,0,-0.046104345,-0.00026474526,0,0
15232000,0,0,-0.052168187,-0.0020523828,0,0
15240000,0,0,-0.052168187,-0.0020523828,0,0
15248000,0,0,-0.052168187,-0.0020523828,0,0
15256000,0,0,-0.052168187,-0.0020523828,0,0
15272000,0,0,-0.04940393,-0.0059086396,0,0
15280000,0,0,-0.04940393,-0.0059086396,0,0
15288000,0,0,-0.04940393,-0.0059086396,0,0
15296000,0,0,-0.04940393,-0.0059086396,0,0
15312000,0,0,-0.044643633,-0.012863677,0,0
15320000,0,0,-0.044643633,-0.012863677,0,0
15328000,0,0,-0.044643633,-0.012863677,0,0
15336000,0,0,-0.03994957,-0.024983887,0,0
15352000,0,0,-0.03994957,-0.024983887,0,0
15360000,0,0,-0.03994957,-0.024983887,0,0
15368000,0,0,-0.03666391,-0.024530502,0,0
15376000,0,0,-0.03666391,-0.024530502,0,0
15392000,0,0,-0.03666391,-0.024530502,0,0
15400000,0,0,-0.034190226,-0.02446406,0,0
15408000,0,0,-0.034190226,-0.02446406,0,0
15416000,0,0,-0.034190226,-0.02446406,0,0
15432000,0,0,-0.02357605,-0.022592323,0,0
15440000,0,0,-0.02357605,-0.022592323,0,0
15448000,0,0,-0.02357605,-0.022592323,0,0
15456000,0,0,-0.02357605,-0.022592323,0,0
15472000,0,0,-0.016669381,-0.021143997,0,0
15480000,0,0,-0.016669381,-0.021143997,0,0
15488000,0,0,-0.016669381,-0.021143997,0,0
15496000,0,0,-0.014427001,-0.017218342,0,0
15512000,0,0,-0.014427001,-0.017218342,0,0
15520000,0,0,-0.014427001,-0.017218342,0,0
15528000,0,0,-0.014427001,-0.017218342,0,0
15536000,0,0,-0.012727298,-0.013489098,0,0
15552000,0,0,-0.012727298,-0.013489098,0,0
15560000,0,0,-0.012727298,-0.013489098,0,0
15568000,0,0,-0.01645299,-0.0145168165,0,0
15576000,0,0,-0.01645299,-0.0145168165,0,0
15592000,0,0,-0.01645299,-0.0145168165,0,0
15600000,0,0,-0.008939432,-0.004478783,0,0
15608000,0,0,-0.008939432,-0.004478783,0,0
15616000,0,0,-0.008939432,-0.004478783,0,0
15632000,0,0,0.004232998,-0.012608033,0,0
15640000,0,0,0.004232998,-0.012608033,0,0
15648000,0,0,0.004232998,-0.012608033,0,0
15656000,0,0,0.004232998,-0.012608033,0,0
15672000,0,0,0.014694587,-0.0011085852,0,0
15680000,0,0,0.014694587,-0.0011085852,0,0
15688000,0,0,0.014694587,-0.0011085852,0,0
15696000,0,0,0.023430293,-0.006865437,0,0
15712000,0,0,0.023430293,-0.006865437,0,0
15720000,0,0,0.023430293,-0.006865437,0,0
15728000,0,0,0.01358668,-0.0012865887,0,0
15736000,0,0,0.01358668,-0.0012865887,0,0
15752000,0,0,0.01358668,-0.0012865887,0,0
15756000,0,0,0.008351917,0.00223731,0,0
15772000,0,0,0.008351917,0.00223731,0,0
15780000,0,0,0.008351917,0.00223731,0,0
15788000,0,0,0.008351917,0.00223731,0,0
15796000,0,0,0.009671871,0.0010500681,0,0
15812000,0,0,0.009671871,0.0010500681,0,0
15820000,0,0,0.009671871,0.0010500681,0,0
15828000,0,0,-0.0041844156,-0.012757337,0,0
15836000,0,0,-0.0041844156,-0.012757337,0,0
15852000,0,0,-0.0041844156,-0.012757337,0,0
15860000,0,0,-0.0048893443,-0.018091105,0,0
15868000,0,0,-0.0048893443,-0.018091105,0,0
15876000,0,0,-0.0048893443,-0.018091105,0,0
15892000,0,0,-0.002286037,-0.016163748,0,0
15900000,0,0,-0.002286037,-0.016163748,0,0
15908000,0,0,-0.002286037,-0.016163748,0,0
15916000,0,0,-0.009024957,-0.017683718,0,0
15932000,0,0,-0.009024957,-0.017683718,0,0
15940000,0,0,-0.009024957,-0.017683718,0,0
15948000,0,0,-0.01843545,-0.016771274,0,0
15956000,0,0,-0.01843545,-0.016771274,0,0
15972000,0,0,-0.01843545,-0.016771274,0,0
15980000,0,0,-0.016488884,-0.016887993,0,0
15988000,0,0,-0.016488884,-0.016887993,0,0
15996000,0,0,-0.016488884,-0.016887993,0,0
16012000,0,0,-0.017667541,-0.0142081585,0,0
16020000,0,0,-0.017667541,-0.0142081585,0,0
16028000,0,0,-0.017667541,-0.0142081585,0,0
16036000,0,0,-0.017667541,-0.0142081585,0,0
16052000,0,0,-0.027214203,-0.015364896,0,0
16060000,0,0,-0.027214203,-0.015364896,0,0
16068000,0,0,-0.027214203,-0.015364896,0,0
16076000,0,0,-0.027214203,-0.015364896,0,0
16092000,0,0,-0.04135191,-0.018272044,0,0
16100000,0,0,-0.04135191,-0.018272044,0,0
16108000,0,0,-0.04135191,-0.018272044,0,0
16116000,0,0,-0.055743486,-0.020463267,0,0
16132000,0,0,-0.055743486,-0.020463267,0,0
16140000,0,0,-0.055743486,-0.020463267,0,0
16148000,0,0,-0.045097265,-0.015878215,0,0
16156000,0,0,-0.045097265,-0.015878215,0,0
16172000,0,0,-0.045097265,-0.015878215,0,0
16180000,0,0,-0.04006224,-0.011772013,0,0
16188000,0,0,-0.04006224,-0.011772013,0,0
16196000,0,0,-0.04006224,-0.011772013,0,0
16212000,0,0,-0.038912382,-0.010796579,0,0
16220000,0,0,-0.038912382,-0.010796579,0,0
16228000,0,0,-0.038912382,-0.010796579,0,0
16236000,0,0,-0.038912382,-0.010796579,0,0
16252000,0,0,-0.03343855,-0.0068083466,0,0
16260000,0,0,-0.03343855,-0.0068083466,0,0
16268000,0,0,-0.03343855,-0.0068083466,0,0
16276000,0,0,-0.032364987,-0.001220109,0,0
16292000,0,0,-0.032364987,-0.001220109,0,0
16300000,0,0,-0.032364987,-0.001220109,0,0
16308000,0,0,-0.032364987,-0.001220109,0,0
16316000,0,0,-0.033605374,-0.00316519,0,0
16332000,0,0,-0.033605374,-0.00316519,0,0
16340000,0,0,-0.033605374,-0.00316519,0,0
16348000,0,0,-0.034903415,0.004422907,0,0
16356000,0,0,-0.034903415,0.004422907,0,0
16372000,0,0,-0.034903415,0.004422907,0,0
16384000,0,0,-0.02955013,0.0030019104,0,0
16388000,0,0,-0.02955013,0.0030019104,0,0
16396000,0,0,-0.02955013,0.0030019104,0,0
16412000,0,0,-0.024930477,0.00027258796,0,0
16420000,0,0,-0.024930477,0.00027258796,0,0
16428000,0,0,-0.024930477,0.00027258796,0,0
16436000,0,0,-0.024930477,0.00027258796,0,0
16452000,0,0,-0.023228744,0.0034044525,0,0
16460000,0,0,-0.023228744,0.0034044525,0,0
16468000,0,0,-0.023228744,0.0034044525,0,0
16476000,0,0,-0.035961907,-0.0015648719,0,0
16492000,0,0,-0.035961907,-0.0015648719,0,0
16500000,0,0,-0.035961907,-0.0015648719,0,0
16508000,0,0,-0.034023266,-0.0048562195,0,0
16516000,0,0,-0.034023266,-0.0048562195,0,0
16532000,0,0,-0.034023266,-0.0048562195,0,0
16540000,0,0,-0.03932117,-0.005508664,0,0
16548000,0,0,-0.03932117,-0.005508664,0,0
16556000,0,0,-0.03932117,-0.005508664,0,0
16572000,0,0,-0.03932117,-0.005508664,0,0
16580000,0,0,-0.038544793,-0.009285744,0,0
16588000,0,0,-0.038544793,-0.009285744,0,0
16596000,0,0,-0.038544793,-0.009285744,0,0
16612000,0,0,-0.022763686,-0.0068439,0,0
16620000,0,0,-0.022763686,-0.0068439,0,0
16628000,0,0,-0.022763686,-0.0068439,0,0
16636000,0,0,-0.022763686,-0.0068439,0,0
16652000,0,0,-0.02759927,-0.005307629,0,0
16660000,0,0,-0.02759927,-0.005307629,0,0
16668000,0,0,-0.02759927,-0.005307629,0,0
16676000,0,0,-0.026529167,-0.0020627743,0,0
16692000,0,0,-0.026529167,-0.0020627743,0,0
16700000,0,0,-0.026529167,-0.0020627743,0,0
16708000,0,0,-0.024664244,-0.003232087,0,0
16716000,0,0,-0.024664244,-0.003232087,0,0
16732000,0,0,-0.024664244,-0.003232087,0,0
16740000,0,0,-0.03272332,-0.0040354086,0,0
16748000,0,0,-0.03272332,-0.0040354086,0,0
16756000,0,0,-0.03272332,-0.0040354086,0,0
16772000,0,0,-0.04315986,0.002268663,0,0
16780000,0,0,-0.04315986,0.002268663,0,0
16788000,0,0,-0.04315986,0.002268663,0,0
16796000,0,0,-0.04315986,0.002268663,0,0
16812000,0,0,-0.04114051,-0.0045408215,0,0
16820000,0,0,-0.04114051,-0.0045408215,0,0
16828000,0,0,-0.04114051,-0.0045408215,0,0
16836000,0,0,-0.04114051,-0.0045408215,0,0
16852000,0,0,-0.035290223,-0.008104987,0,0
16860000,0,0,-0.035290223,-0.008104987,0,0
16868000,0,0,-0.035290223,-0.008104987,0,0
16876000,0,0,-0.02921668,-0.017377542,0,0
16892000,0,0,-0.02921668,-0.017377542,0,0
16900000,0,0,-0.02921668,-0.017377542,0,0
16908000,0,0,-0.019102408,-0.018316377,0,0
16916000,0,0,-0.019102408,-0.018316377,0,0
16932000,0,0,-0.019102408,-0.018316377,0,0
16940000,0,0,-0.00067546096,-0.020211946,0,0
16948000,0,0,-0.00067546096,-0.020211946,0,0
16956000,0,0,-0.00067546096,-0.020211946,0,0
16972000,0,0,0.0027150887,-0.02023277,0,0
16980000,0,0,0.0027150887,-0.02023277,0,0
16988000,0,0,0.0027150887,-0.02023277,0,0
16996000,0,0,0.0027150887,-0.02023277,0,0
17012000,0,0,0.0051269755,-0.018188255,0,0
17020000,0,0,0.0051269755,-0.018188255,0,0
17028000,0,0,0.0051269755,-0.018188255,0,0
17036000,0,0,0.020346913,-0.013941378,0,0
17052000,0,0,0.020346913,-0.013941378,0,0
17060000,0,0,0.020346913,-0.013941378,0,0
17068000,0,0,0.02751282,-0.02054551,0,0
17076000,0,0,0.02751282,-0.02054551,0,0
17092000,0,0,0.02751282,-0.02054551,0,0
17100000,0,0,0.02751282,-0.02054551,0,0
17108000,0,0,0.03509084,-0.02455912,0,0
17116000,0,0,0.03509084,-0.02455912,0,0
17132000,0,0,0.03509084,-0.02455912,0,0
17140000,0,0,0.03978038,-0.028041376,0,0
17148000,0,0,0.03978038,-0.028041376,0,0
17156000,0,0,0.03978038,-0.028041376,0,0
17172000,0,0,0.04561613,-0.031358216,0,0
17180000,0,0,0.04561613,-0.031358216,0,0
17188000,0,0,0.04561613,-0.031358216,0,0
17196000,0,0,0.04561613,-0.031358216,0,0
17212000,0,0,0.044855252,-0.028731126,0,0
17220000,0,0,0.044855252,-0.028731126,0,0
17228000,0,0,0.044855252,-0.028731126,0,0
17236000,0,0,0.038410507,-0.022362622,0,0
17252000,0,0,0.038410507,-0.022362622,0,0
17260000,0,0,0.038410507,-0.022362622,0,0
17268000,0,0,0.04180168,-0.020792568,0,0
17276000,0,0,0.04180168,-0.020792568,0,0
17292000,0,0,0.04180168,-0.020792568,0,0
17300000,0,0,0.030907318,-0.021563992,0,0
17308000,0,0,0.030907318,-0.021563992,0,0
17316000,0,0,0.030907318,-0.021563992,0,0
17332000,0,0,0.028339105,-0.011307189,0,0
17340000,0,0,0.028339105,-0.011307189,0,0
17348000,0,0,0.028339105,-0.011307189,0,0
17356000,0,0,0.028339105,-0.011307189,0,0
17372000,0,0,0.01901066,-0.0077923876,0,0
17380000,0,0,0.01901066,-0.0077923876,0,0
17388000,0,0,0.01901066,-0.0077923876,0,0
17396000,0,0,0.01901066,-0.0077923876,0,0
17412000,0,0,0.02096974,-0.005131295,0,0
17420000,0,0,0.02096974,-0.005131295,0,0
17428000,0,0,0.02096974,-0.005131295,0,0
17436000,0,0,0.025430586,0.0051874667,0,0
17452000,0,0,0.025430586,0.0051874667,0,0
17460000,0,0,0.025430586,0.0051874667,0,0
17468000,0,0,0.02532249,0.0060372185,0,0
17476000,0,0,0.02532249,0.0060372185,0,0
17492000,0,0,0.02532249,0.0060372185,0,0
17500000,0,0,0.02931533,0.0063787703,0,0
17508000,0,0,0.02931533,0.0063787703,0,0
17516000,0,0,0.02931533,0.0063787703,0,0
17532000,0,0,0.0140338605,-0.009211934,0,0
17540000,0,0,0.0140338605,-0.009211934,0,0
17548000,0,0,0.0140338605,-0.009211934,0,0
17556000,0,0,0.0140338605,-0.009211934,0,0
17572000,0,0,0.003994744,-0.006958237,0,0
17580000,0,0,0.003994744,-0.006958237,0,0
17588000,0,0,0.003994744,-0.006958237,0,0
17596000,0,0,0.012512718,-0.00063581276,0,0
17612000,0,0,0.012512718,-0.00063581276,0,0
17620000,0,0,0.012512718,-0.00063581276,0,0
17628000,0,0,0.012512718,-0.00063581276,0,0
17636000,0,0,0.0065137395,-0.009061312,0,0
17652000,0,0,0.0065137395,-0.009061312,0,0
17660000,0,0,0.0065137395,-0.009061312,0,0
17668000,0,0,0.010766396,-0.012924372,0,0
17676000,0,0,0.010766396,-0.012924372,0,0
17692000,0,0,0.010766396,-0.012924372,0,0
17700000,0,0,0.0006131695,-0.013154051,0,0
17708000,0,0,0.0006131695,-0.013154051,0,0
17716000,0,0,0.0006131695,-0.013154051,0,0
17732000,0,0,-0.0022334724,-0.00894815,0,0
17740000,0,0,-0.0022334724,-0.00894815,0,0
17748000,0,0,-0.0022334724,-0.00894815,0,0
17756000,0,0,-0.0022334724,-0.00894815,0,0
17772000,0,0,-0.0025416592,-0.015154942,0,0
17780000,0,0,-0.0025416592,-0.015154942,0,0
17788000,0,0,-0.0025416592,-0.015154942,0,0
17796000,0,0,0.006621937,-0.012149671,0,0
17812000,0,0,0.006621937,-0.012149671,0,0
17820000,0,0,0.006621937,-0.012149671,0,0
17828000,0,0,0.0146218985,-0.011658776,0,0
17836000,0,0,0.0146218985,-0.011658776,0,0
17852000,0,0,0.0146218985,-0.011658776,0,0
17860000,0,0,0.019364698,-0.008490224,0,0
17868000,0,0,0.019364698,-0.008490224,0,0
17876000,0,0,0.019364698,-0.008490224,0,0
17892000,0,0,0.019364698,-0.008490224,0,0
17900000,0,0,0.014058958,-0.014635863,0,0
17908000,0,0,0.014058958,-0.014635863,0,0
17916000,0,0,0.014058958,-0.014635863,0,0
17936000,0,0,0.014985406,-0.018438237,0,0
17940000,0,0,0.014985406,-0.018438237,0,0
17952000,0,0,0.014985406,-0.018438237,0,0
17960000,0,0,0.014985406,-0.018438237,0,0
17968000,0,0,0.01608242,-0.022894759,0,0
17976000,0,0,0.01608242,-0.022894759,0,0
17992000,0,0,0.01608242,-0.022894759,0,0
18000000,0,0,0.006362967,-0.015767869,0,0
18008000,0,0,0.006362967,-0.015767869,0,0
18016000,0,0,0.006362967,-0.015767869,0,0
18032000,0,0,-0.009837421,-0.0064758016,0,0
18040000,0,0,-0.009837421,-0.0064758016,0,0
18048000,0,0,-0.009837421,-0.0064758016,0,0
18056000,0,0,-0.009837421,-0.0064758016,0,0
18072000,0,0,-0.017422311,-0.012461024,0,0
18080000,0,0,-0.017422311,-0.012461024,0,0
18088000,0,0,-0.017422311,-0.012461024,0,0
18096000,0,0,-0.015313661,-0.011445543,0,0
18112000,0,0,-0.015313661,-0.011445543,0,0
18120000,0,0,-0.015313661,-0.011445543,0,0
18128000,0,0,-0.0198591,-0.0035636858,0,0
18136000,0,0,-0.0198591,-0.0035636858,0,0
18152000,0,0,-0.0198591,-0.0035636858,0,0
18160000,0,0,-0.025835387,-0.01236731,0,0
18168000,0,0,-0.025835387,-0.01236731,0,0
18176000,0,0,-0.025835387,-0.01236731,0,0
18192000,0,0,-0.024157412,-0.012305896,0,0
18200000,0,0,-0.024157412,-0.012305896,0,0
18208000,0,0,-0.024157412,-0.012305896,0,0
18216000,0,0,-0.024157412,-0.012305896,0,0
18232000,0,0,-0.015351253,-0.015720868,0,0
18240000,0,0,-0.015351253,-0.015720868,0,0
18248000,0,0,-0.015351253,-0.015720868,0,0
18256000,0,0,-0.017469792,-0.017080076,0,0
18272000,0,0,-0.017469792,-0.017080076,0,0
18280000,0,0,-0.017469792,-0.017080076,0,0
18288000,0,0,-0.017469792,-0.017080076,0,0
18296000,0,0,-0.025116881,-0.022679564,0,0
18312000,0,0,-0.025116881,-0.022679564,0,0
18320000,0,0,-0.025116881,-0.022679564,0,0
18328000,0,0,-0.04425046,-0.025418356,0,0
18336000,0,0,-0.04425046,-0.025418356,0,0
18352000,0,0,-0.04425046,-0.025418356,0,0
18360000,0,0,-0.04826521,-0.022838555,0,0
18368000,0,0,-0.04826521,-0.022838555,0,0
18376000,0,0,-0.04826521,-0.022838555,0,0
18392000,0,0,-0.06444115,-0.02063784,0,0
18400000,0,0,-0.06444115,-0.02063784,0,0
18408000,0,0,-0.06444115,-0.02063784,0,0
18416000,0,0,-0.06444115,-0.02063784,0,0
18432000,0,0,-0.058399454,-0.028850138,0,0
18440000,0,0,-0.058399454,-0.028850138,0,0
18448000,0,0,-0.058399454,-0.028850138,0,0
18456000,0,0,-0.04853719,-0.022030588,0,0
18472000,0,0,-0.04853719,-0.022030588,0,0
18480000,0,0,-0.04853719,-0.022030588,0,0
18488000,0,0,-0.03846155,-0.028217673,0,0
18496000,0,0,-0.03846155,-0.028217673,0,0
18512000,0,0,-0.03846155,-0.028217673,0,0
18520000,0,0,-0.045748107,-0.030146109,0,0
18528000,0,0,-0.045748107,-0.030146109,0,0
18536000,0,0,-0.045748107,-0.030146109,0,0
18552000,0,0,-0.045748107,-0.030146109,0,0
18560000,0,0,-0.040724266,-0.025806094,0,0
18568000,0,0,-0.040724266,-0.025806094,0,0
18576000,0,0,-0.040724266,-0.025806094,0,0
18592000,0,0,-0.031890772,-0.036938038,0,0
18600000,0,0,-0.031890772,-0.036938038,0,0
18608000,0,0,-0.031890772,-0.036938038,0,0
18616000,0,0,-0.031890772,-0.036938038,0,0
18632000,0,0,-0.03622458,-0.044775292,0,0
18640000,0,0,-0.03622458,-0.044775292,0,0
18648000,0,0,-0.03622458,-0.044775292,0,0
18656000,0,0,-0.04011249,-0.041024014,0,0
18672000,0,0,-0.04011249,-0.041024014,0,0
18680000,0,0,-0.04011249,-0.041024014,0,0
18688000,0,0,-0.04054774,-0.033434972,0,0
18696000,0,0,-0.04054774,-0.033434972,0,0
18712000,0,0,-0.04054774,-0.033434972,0,0
18720000,0,0,-0.032039586,-0.028523095,0,0
18728000,0,0,-0.032039586,-0.028523095,0,0
18736000,0,0,-0.032039586,-0.028523095,0,0
18752000,0,0,-0.031105869,-0.026014667,0,0
18760000,0,0,-0.031105869,-0.026014667,0,0
18768000,0,0,-0.031105869,-0.026014667,0,0
18776000,0,0,-0.031105869,-0.026014667,0,0
18792000,0,0,-0.015663242,-0.016150225,0,0
18800000,0,0,-0.015663242,-0.016150225,0,0
18808000,0,0,-0.015663242,-0.016150225,0,0
18816000,0,0,-0.015663242,-0.016150225,0,0
18832000,0,0,-0.021249976,-0.01525597,0,0
18840000,0,0,-0.021249976,-0.01525597,0,0
18848000,0,0,-0.021249976,-0.01525597,0,0
18856000,0,0,-0.026903601,-0.013858891,0,0
18872000,0,0,-0.026903601,-0.013858891,0,0
18880000,0,0,-0.026903601,-0.013858891,0,0
18888000,0,0,-0.035784375,-0.016465947,0,0
18896000,0,0,-0.035784375,-0.016465947,0,0
18912000,0,0,-0.035784375,-0.016465947,0,0
18920000,0,0,-0.021491861,-0.021320557,0,0
18928000,0,0,-0.021491861,-0.021320557,0,0
18936000,0,0,-0.021491861,-0.021320557,0,0
18952000,0,0,-0.01602027,-0.017356949,0,0
18960000,0,0,-0.01602027,-0.017356949,0,0
18968000,0,0,-0.01602027,-0.017356949,0,0
18976000,0,0,-0.01602027,-0.017356949,0,0
18992000,0,0,-0.00492955,-0.02739249,0,0
19000000,0,0,-0.00492955,-0.02739249,0,0
19008000,0,0,-0.00492955,-0.02739249,0,0
19016000,0,0,0.008156397,-0.021601066,0,0
19032000,0,0,0.008156397,-0.021601066,0,0
19040000,0,0,0.008156397,-0.021601066,0,0
19048000,0,0,0.014555702,-0.016077362,0,0
19056000,0,0,0.014555702,-0.016077362,0,0
19072000,0,0,0.014555702,-0.016077362,0,0
19080000,0,0,0.014555702,-0.016077362,0,0
19088000,0,0,0.003951039,-0.017087813,0,0
19096000,0,0,0.003951039,-0.017087813,0,0
19112000,0,0,0.003951039,-0.017087813,0,0
19120000,0,0,-0.0067946906,-0.008976027,0,0
19128000,0,0,-0.0067946906,-0.008976027,0,0
19136000,0,0,-0.0067946906,-0.008976027,0,0
19152000,0,0,-0.013167472,-0.007060262,0,0
19160000,0,0,-0.013167472,-0.007060262,0,0
19168000,0,0,-0.013167472,-0.007060262,0,0
19176000,0,0,-0.013167472,-0.007060262,0,0
19192000,0,0,-0.010004241,-0.006397302,0,0
19200000,0,0,-0.010004241,-0.006397302,0,0
19208000,0,0,-0.010004241,-0.006397302,0,0
19216000,0,0,-0.011476405,-0.0075301835,0,0
19232000,0,0,-0.011476405,-0.0075301835,0,0
19240000,0,0,-0.011476405,-0.0075301835,0,0
19248000,0,0,-0.0051761325,-0.015879294,0,0
19256000,0,0,-0.0051761325,-0.015879294,0,0
19272000,0,0,-0.0051761325,-0.015879294,0,0
19280000,0,0,-0.017281374,-0.02008723,0,0
19288000,0,0,-0.017281374,-0.02008723,0,0
19296000,0,0,-0.017281374,-0.02008723,0,0
19312000,0,0,-0.019775651,-0.015620467,0,0
19320000,0,0,-0.019775651,-0.015620467,0,0
19328000,0,0,-0.019775651,-0.015620467,0,0
19336000,0,0,-0.019775651,-0.015620467,0,0
19352000,0,0,-0.010941089,-0.016787764,0,0
19360000,0,0,-0.010941089,-0.016787764,0,0
19368000,0,0,-0.010941089,-0.016787764,0,0
19376000,0,0,-0.010941089,-0.016787764,0,0
19392000,0,0,-0.0097942855,-0.020121282,0,0
19400000,0,0,-0.0097942855,-0.020121282,0,0
19408000,0,0,-0.0097942855,-0.020121282,0,0
19416000,0,0,-0.010594949,-0.02057996,0,0
19432000,0,0,-0.010594949,-0.02057996,0,0
19440000,0,0,-0.010594949,-0.02057996,0,0
19448000,0,0,-0.015292608,-0.019990662,0,0
19456000,0,0,-0.015292608,-0.019990662,0,0
19472000,0,0,-0.015292608,-0.019990662,0,0
19480000,0,0,-0.025430486,-0.019084401,0,0
19488000,0,0,-0.025430486,-0.019084401,0,0
19496000,0,0,-0.025430486,-0.019084401,0,0
19512000,0,0,-0.02699371,-0.013800298,0,0
19520000,0,0,-0.02699371,-0.013800298,0,0
19528000,0,0,-0.02699371,-0.013800298,0,0
19536000,0,0,-0.02699371,-0.013800298,0,0
19552000,0,0,-0.031398155,-0.016102115,0,0
19560000,0,0,-0.031398155,-0.016102115,0,0
19568000,0,0,-0.031398155,-0.016102115,0,0
19576000,0,0,-0.02514987,-0.014579178,0,0
19592000,0,0,-0.02514987,-0.014579178,0,0
19600000,0,0,-0.02514987,-0.014579178,0,0
19608000,0,0,-0.02514987,-0.014579178,0,0
19616000,0,0,-0.018208902,-0.011570125,0,0
19632000,0,0,-0.018208902,-0.011570125,0,0
19640000,0,0,-0.018208902,-0.011570125,0,0
19648000,0,0,-0.023988673,-0.013141283,0,0
19656000,0,0,-0.023988673,-0.013141283,0,0
19672000,0,0,-0.023988673,-0.013141283,0,0
19680000,0,0,-0.035662804,-0.0043249195,0,0
19688000,0,0,-0.035662804,-0.0043249195,0,0
19696000,0,0,-0.035662804,-0.0043249195,0,0
19712000,0,0,-0.018088695,0.0005367212,0,0
19720000,0,0,-0.018088695,0.0005367212,0,0
19728000,0,0,-0.018088695,0.0005367212,0,0
19736000,0,0,-0.018088695,0.0005367212,0,0
19752000,0,0,-0.011805433,-0.006134527,0,0
19760000,0,0,-0.011805433,-0.006134527,0,0
19768000,0,0,-0.011805433,-0.006134527,0,0
19776000,0,0,-0.030940179,-0.005906208,0,0
19792000,0,0,-0.030940179,-0.005906208,0,0
19800000,0,0,-0.030940179,-0.005906208,0,0
19808000,0,0,-0.029720059,-0.015433513,0,0
19816000,0,0,-0.029720059,-0.015433513,0,0
19832000,0,0,-0.029720059,-0.015433513,0,0
19840000,0,0,-0.03909137,-0.023224698,0,0
19848000,0,0,-0.03909137,-0.023224698,0,0
19856000,0,0,-0.03909137,-0.023224698,0,0
19872000,0,0,-0.03909137,-0.023224698,0,0
19880000,0,0,-0.048080526,-0.02547885,0,0
19888000,0,0,-0.048080526,-0.02547885,0,0
19896000,0,0,-0.048080526,-0.02547885,0,0
19912000,0,0,-0.04380025,-0.028060604,0,0
19920000,0,0,-0.04380025,-0.028060604,0,0
19928000,0,0,-0.04380025,-0.028060604,0,0
19936000,0,0,-0.04380025,-0.028060604,0,0
19952000,0,0,-0.049419966,-0.022018852,0,0
19960000,0,0,-0.049419966,-0.022018852,0,0
19968000,0,0,-0.049419966,-0.022018852,0,0
19976000,0,0,-0.05021092,-0.018664982,0,0
19992000,0,0,-0.05021092,-0.018664982,0,0
20000000,0,0,-0.05021092,-0.018664982,0,0
20008000,0,0,-0.049263924,-0.02233228,0,0
20016000,0,0,-0.049263924,-0.02233228,0,0
20032000,0,0,-0.049263924,-0.02233228,0,0
20040000,0,0,-0.033172876,-0.011185694,0,0
20048000,0,0,-0.033172876,-0.011185694,0,0
20056000,0,0,-0.033172876,-0.011185694,0,0
20072000,0,0,-0.01273205,-0.012528891,0,0
20080000,0,0,-0.01273205,-0.012528891,0,0
20088000,0,0,-0.01273205,-0.012528891,0,0
20096000,0,0,-0.01273205,-0.012528891,0,0
20112000,0,0,-0.008906312,-0.023067228,0,0
20120000,0,0,-0.008906312,-0.023067228,0,0
20128000,0,0,-0.008906312,-0.023067228,0,0
20136000,0,0,-0.008906312,-0.023067228,0,0
20152000,0,0,-0.0071342424,-0.02434374,0,0
20160000,0,0,-0.0071342424,-0.02434374,0,0
20168000,0,0,-0.0071342424,-0.02434374,0,0
20176000,0,0,-0.009963444,-0.02398011,0,0
20192000,0,0,-0.009963444,-0.02398011,0,0
20200000,0,0,-0.009963444,-0.02398011,0,0
20208000,0,0,0.0046531046,-0.027518803,0,0
20216000,0,0,0.0046531046,-0.027518803,0,0
20232000,0,0,0.0046531046,-0.027518803,0,0
20240000,0,0,0.011187673,-0.0254603,0,0
20248000,0,0,0.011187673,-0.0254603,0,0
20256000,0,0,0.011187673,-0.0254603,0,0
20272000,0,0,0.011795004,-0.03274802,0,0
20280000,0,0,0.011795004,-0.03274802,0,0
20288000,0,0,0.011795004,-0.03274802,0,0
20296000,0,0,0.011795004,-0.03274802,0,0
20312000,0,0,0.0059522195,-0.024755595,0,0
20320000,0,0,0.0059522195,-0.024755595,0,0
20328000,0,0,0.0059522195,-0.024755595,0,0
20336000,0,0,0.0023068453,-0.027289458,0,0
20352000,0,0,0.0023068453,-0.027289458,0,0
20360000,0,0,0.0023068453,-0.027289458,0,0
20368000,0,0,0.0061633447,-0.033332445,0,0
20376000,0,0,0.0061633447,-0.033332445,0,0
20392000,0,0,0.0061633447,-0.033332445,0,0
20400000,0,0,0.0061633447,-0.033332445,0,0
20408000,0,0,0.018179173,-0.031807665,0,0
20416000,0,0,0.018179173,-0.031807665,0,0
20432000,0,0,0.018179173,-0.031807665,0,0
20440000,0,0,0.011519314,-0.027398897,0,0
20448000,0,0,0.011519314,-0.027398897,0,0
20456000,0,0,0.011519314,-0.027398897,0,0
20472000,0,0,0.014192893,-0.020838581,0,0
20480000,0,0,0.014192893,-0.020838581,0,0
20488000,0,0,0.014192893,-0.020838581,0,0
20496000,0,0,0.014192893,-0.020838581,0,0
20512000,0,0,0.028950848,-0.014619042,0,0
20520000,0,0,0.028950848,-0.014619042,0,0
20528000,0,0,0.028950848,-0.014619042,0,0
20536000,0,0,0.026186503,-0.017190844,0,0
20552000,0,0,0.026186503,-0.017190844,0,0
20560000,0,0,0.026186503,-0.017190844,0,0
20568000,0,0,0.032167435,-0.015472015,0,0
20576000,0,0,0.032167435,-0.015472015,0,0
20592000,0,0,0.032167435,-0.015472015,0,0
20600000,0,0,0.03323232,-0.020414518,0,0
20608000,0,0,0.03323232,-0.020414518,0,0
20616000,0,0,0.03323232,-0.020414518,0,0
20632000,0,0,0.030305399,-0.022348654,0,0
20640000,0,0,0.030305399,-0.022348654,0,0
20648000,0,0,0.030305399,-0.022348654,0,0
20656000,0,0,0.030305399,-0.022348654,0,0
20672000,0,0,0.015519906,-0.019281534,0,0
20680000,0,0,0.015519906,-0.019281534,0,0
20688000,0,0,0.015519906,-0.019281534,0,0
20696000,0,0,0.015519906,-0.019281534,0,0
20712000,0,0,0.020017505,-0.022321956,0,0
20720000,0,0,0.020017505,-0.022321956,0,0
20728000,0,0,0.020017505,-0.022321956,0,0
20736000,0,0,0.02792793,-0.019705305,0,0
20752000,0,0,0.02792793,-0.019705305,0,0
20760000,0,0,0.02792793,-0.019705305,0,0
20768000,0,0,0.026226882,-0.019249689,0,0
20776000,0,0,0.026226882,-0.019249689,0,0
20792000,0,0,0.026226882,-0.019249689,0,0
20800000,0,0,0.035464942,-0.021452747,0,0
20808000,0,0,0.035464942,-0.021452747,0,0
20816000,0,0,0.035464942,-0.021452747,0,0
20832000,0,0,0.042297192,-0.029771583,0,0
20840000,0,0,0.042297192,-0.029771583,0,0
20848000,0,0,0.042297192,-0.029771583,0,0
20856000,0,0,0.042297192,-0.029771583,0,0
20872000,0,0,0.038052488,-0.028611142,0,0
20880000,0,0,0.038052488,-0.028611142,0,0
20888000,0,0,0.038052488,-0.028611142,0,0
20896000,0,0,0.0313041,-0.02945578,0,0
20912000,0,0,0.0313041,-0.02945578,0,0
20920000,0,0,0.0313041,-0.02945578,0,0
20928000,0,0,0.0313041,-0.02945578,0,0
20936000,0,0,0.03276004,-0.030621272,0,0
20952000,0,0,0.03276004,-0.030621272,0,0
20960000,0,0,0.03276004,-0.030621272,0,0
20968000,0,0,0.022920933,-0.017088315,0,0
20976000,0,0,0.022920933,-0.017088315,0,0
20992000,0,0,0.022920933,-0.017088315,0,0
21000000,0,0,0.025935916,-0.023261521,0,0
21008000,0,0,0.025935916,-0.023261521,0,0
21016000,0,0,0.025935916,-0.023261521,0,0
21032000,0,0,0.018185634,-0.019679757,0,0
21040000,0,0,0.018185634,-0.019679757,0,0
21048000,0,0,0.018185634,-0.019679757,0,0
21056000,0,0,0.018185634,-0.019679757,0,0
21072000,0,0,0.016072031,-0.02221647,0,0
21080000,0,0,0.016072031,-0.02221647,0,0
21088000,0,0,0.016072031,-0.02221647,0,0
21096000,0,0,0.020593716,-0.022332001,0,0
21112000,0,0,0.020593716,-0.022332001,0,0
21120000,0,0,0.020593716,-0.022332001,0,0
21128000,0,0,0.029965563,-0.024236113,0,0
21136000,0,0,0.029965563,-0.024236113,0,0
21152000,0,0,0.029965563,-0.024236113,0,0
21160000,0,0,0.025609856,-0.026947048,0,0
21168000,0,0,0.025609856,-0.026947048,0,0
21176000,0,0,0.025609856,-0.026947048,0,0
21192000,0,0,0.025609856,-0.026947048,0,0
21200000,0,0,0.024718627,-0.02231292,0,0
21208000,0,0,0.024718627,-0.02231292,0,0
21216000,0,0,0.024718627,-0.02231292,0,0
21232000,0,0,0.039798938,-0.01602195,0,0
21240000,0,0,0.039798938,-0.01602195,0,0
21248000,0,0,0.039798938,-0.01602195,0,0
21256000,0,0,0.039798938,-0.01602195,0,0
21272000,0,0,0.028942116,-0.018922918,0,0
21280000,0,0,0.028942116,-0.018922918,0,0
21288000,0,0,0.028942116,-0.018922918,0,0
21296000,0,0,0.023910677,-0.014135368,0,0
21312000,0,0,0.023910677,-0.014135368,0,0
21320000,0,0,0.023910677,-0.014135368,0,0
21328000,0,0,0.03277896,-0.010298156,0,0
21336000,0,0,0.03277896,-0.010298156,0,0
21352000,0,0,0.03277896,-0.010298156,0,0
21360000,0,0,0.033403926,0.00041319674,0,0
21368000,0,0,0.033403926,0.00041319674,0,0
21376000,0,0,0.033403926,0.00041319674,0,0
21392000,0,0,0.03068665,0.0007774784,0,0
21400000,0,0,0.03068665,0.0007774784,0,0
21408000,0,0,0.03068665,0.0007774784,0,0
21416000,0,0,0.03068665,0.0007774784,0,0
21432000,0,0,0.03876624,-0.005500781,0,0
21440000,0,0,0.03876624,-0.005500781,0,0
21448000,0,0,0.03876624,-0.005500781,0,0
21456000,0,0,0.03876624,-0.005500781,0,0
21472000,0,0,0.04256906,-0.000501786,0,0
21484000,0,0,0.04256906,-0.000501786,0,0
21492000,0,0,0.04256906,-0.000501786,0,0
21500000,0,0,0.04679453,0.0035971275,0,0
21508000,0,0,0.04679453,0.0035971275,0,0
21516000,0,0,0.04679453,0.0035971275,0,0
21532000,0,0,0.039824918,0.010253317,0,0
21540000,0,0,0.039824918,0.010253317,0,0
21548000,0,0,0.039824918,0.010253317,0,0
21556000,0,0,0.039824918,0.010253317,0,0
21572000,0,0,0.028654762,0.017872447,0,0
21580000,0,0,0.028654762,0.017872447,0,0
21588000,0,0,0.028654762,0.017872447,0,0
21596000,0,0,0.01389843,0.00912348,0,0
21612000,0,0,0.01389843,0.00912348,0,0
21620000,0,0,0.01389843,0.00912348,0,0
21628000,0,0,0.020081136,0.0058301985,0,0
21636000,0,0,0.020081136,0.0058301985,0,0
21652000,0,0,0.020081136,0.0058301985,0,0
21660000,0,0,0.029765166,0.0082355365,0,0
21668000,0,0,0.029765166,0.0082355365,0,0
21676000,0,0,0.029765166,0.0082355365,0,0
21692000,0,0,0.01130975,0.0101657985,0,0
21700000,0,0,0.01130975,0.0101657985,0,0
21708000,0,0,0.01130975,0.0101657985,0,0
21716000,0,0,0.01130975,0.0101657985,0,0
21732000,0,0,0.0037810237,0.010378646,0,0
21740000,0,0,0.0037810237,0.010378646,0,0
21748000,0,0,0.0037810237,0.010378646,0,0
21756000,0,0,0.0037810237,0.010378646,0,0
21772000,0,0,-0.00051988853,0.013996209,0,0
21780000,0,0,-0.00051988853,0.013996209,0,0
21788000,0,0,-0.00051988853,0.013996209,0,0
21796000,0,0,-0.0102381315,0.008673291,0,0
21812000,0,0,-0.0102381315,0.008673291,0,0
21820000,0,0,-0.0102381315,0.008673291,0,0
21828000,0,0,-0.023083005,-0.00053012196,0,0
21836000,0,0,-0.023083005,-0.00053012196,0,0
21852000,0,0,-0.023083005,-0.00053012196,0,0
21860000,0,0,-0.03255584,-0.0052849096,0,0
21868000,0,0,-0.03255584,-0.0052849096,0,0
21876000,0,0,-0.03255584,-0.0052849096,0,0
21892000,0,0,-0.038602155,0.005859147,0,0
21900000,0,0,-0.038602155,0.005859147,0,0
21908000,0,0,-0.038602155,0.005859147,0,0
21916000,0,0,-0.038602155,0.005859147,0,0
21932000,0,0,-0.028284544,0.0010530412,0,0
21940000,0,0,-0.028284544,0.0010530412,0,0
21948000,0,0,-0.028284544,0.0010530412,0,0
21956000,0,0,-0.02718725,0.0062150294,0,0
21972000,0,0,-0.02718725,0.0062150294,0,0
21980000,0,0,-0.02718725,0.0062150294,0,0
21988000,0,0,-0.02718725,0.0062150294,0,0
21996000,0,0,-0.021492993,0.011603406,0,0
22012000,0,0,-0.021492993,0.011603406,0,0
22020000,0,0,-0.021492993,0.011603406,0,0
22028000,0,0,-0.02571286,0.008059896,0,0
22036000,0,0,-0.02571286,0.008059896,0,0
22052000,0,0,-0.02571286,0.008059896,0,0
22060000,0,0,-0.03182129,0.008723834,0,0
22068000,0,0,-0.03182129,0.008723834,0,0
22076000,0,0,-0.03182129,0.008723834,0,0
22092000,0,0,-0.03477362,0.0037016943,0,0
22100000,0,0,-0.03477362,0.0037016943,0,0
22108000,0,0,-0.03477362,0.0037016943,0,0
22116000,0,0,-0.03477362,0.0037016943,0,0
22132000,0,0,-0.034788538,-0.0040316917,0,0
22140000,0,0,-0.034788538,-0.0040316917,0,0
22148000,0,0,-0.034788538,-0.0040316917,0,0
22156000,0,0,-0.027620073,-0.0035356996,0,0
22172000,0,0,-0.027620073,-0.0035356996,0,0
22180000,0,0,-0.027620073,-0.0035356996,0,0
22188000,0,0,-0.03060442,0.011537552,0,0
22196000,0,0,-0.03060442,0.011537552,0,0
22212000,0,0,-0.03060442,0.011537552,0,0
22220000,0,0,-0.022410277,0.00804493,0,0
22228000,0,0,-0.022410277,0.00804493,0,0
22236000,0,0,-0.022410277,0.00804493,0,0
22252000,0,0,-0.022410277,0.00804493,0,0
22260000,0,0,-0.0015984658,0.0069237873,0,0
22268000,0,0,-0.0015984658,0.0069237873,0,0
22276000,0,0,-0.0015984658,0.0069237873,0,0
22292000,0,0,-0.006852105,0.00400567,0,0
22300000,0,0,-0.006852105,0.00400567,0,0
22308000,0,0,-0.006852105,0.00400567,0,0
22316000,0,0,-0.006852105,0.00400567,0,0
22332000,0,0,-0.0027063491,-0.002087368,0,0
22340000,0,0,-0.0027063491,-0.002087368,0,0
22348000,0,0,-0.0027063491,-0.002087368,0,0
22356000,0,0,0.0047128927,-0.003730357,0,0
22372000,0,0,0.0047128927,-0.003730357,0,0
22380000,0,0,0.0047128927,-0.003730357,0,0
22388000,0,0,0.005648323,-0.0002808598,0,0
22396000,0,0,0.005648323,-0.0002808598,0,0
22412000,0,0,0.005648323,-0.0002808598,0,0
22420000,0,0,-0.0005592346,0.008218837,0,0
22428000,0,0,-0.0005592346,0.008218837,0,0
22436000,0,0,-0.0005592346,0.008218837,0,0
22452000,0,0,0.014129471,0.0030599558,0,0
22460000,0,0,0.014129471,0.0030599558,0,0
22468000,0,0,0.014129471,0.0030599558,0,0
22476000,0,0,0.014129471,0.0030599558,0,0
22492000,0,0,-6.0258666e-05,-0.0012785203,0,0
22500000,0,0,-6.0258666e-05,-0.0012785203,0,0
22508000,0,0,-6.0258666e-05,-0.0012785203,0,0
22516000,0,0,-6.0258666e-05,-0.0012785203,0,0
22532000,0,0,-0.0063606175,-0.0017825917,0,0
22540000,0,0,-0.0063606175,-0.0017825917,0,0
22548000,0,0,-0.0063606175,-0.0017825917,0,0
22556000,0,0,-0.0033290763,0.0037145822,0,0
22572000,0,0,-0.0033290763,0.0037145822,0,0
22580000,0,0,-0.0033290763,0.0037145822,0,0
22588000,0,0,-0.0016818341,0.0025529407,0,0
22596000,0,0,-0.0016818341,0.0025529407,0,0
22612000,0,0,-0.0016818341,0.0025529407,0,0
22620000,0,0,-0.003907092,0.013970718,0,0
22628000,0,0,-0.003907092,0.013970718,0,0
22636000,0,0,-0.003907092,0.013970718,0,0
22652000,0,0,-0.011847051,0.012538286,0,0
22660000,0,0,-0.011847051,0.012538286,0,0
22668000,0,0,-0.011847051,0.012538286,0,0
22676000,0,0,-0.011847051,0.012538286,0,0
22692000,0,0,0.009166278,0.005333295,0,0
22700000,0,0,0.009166278,0.005333295,0,0
22708000,0,0,0.009166278,0.005333295,0,0
22716000,0,0,0.011995675,0.010697087,0,0
22732000,0,0,0.011995675,0.010697087,0,0
22740000,0,0,0.011995675,0.010697087,0,0
22748000,0,0,0.02863474,0.008792724,0,0
22756000,0,0,0.02863474,0.008792724,0,0
22772000,0,0,0.02863474,0.008792724,0,0
22780000,0,0,0.02863474,0.008792724,0,0
22788000,0,0,0.006559367,0.004293201,0,0
22796000,0,0,0.006559367,0.004293201,0,0
22812000,0,0,0.006559367,0.004293201,0,0
22820000,0,0,-0.0007459722,0.0042006318,0,0
22828000,0,0,-0.0007459722,0.0042006318,0,0
22836000,0,0,-0.0007459722,0.0042006318,0,0
22852000,0,0,-0.0044211587,0.0029466397,0,0
22860000,0,0,-0.0044211587,0.0029466397,0,0
22868000,0,0,-0.0044211587,0.0029466397,0,0
22876000,0,0,-0.0044211587,0.0029466397,0,0
22892000,0,0,-0.012363375,0.005853561,0,0
22900000,0,0,-0.012363375,0.005853561,0,0
22908000,0,0,-0.012363375,0.005853561,0,0
22916000,0,0,0.0025093511,-0.006836388,0,0
22932000,0,0,0.0025093511,-0.006836388,0,0
22940000,0,0,0.0025093511,-0.006836388,0,0
22948000,0,0,0.011256659,-0.022903072,0,0
22956000,0,0,0.011256659,-0.022903072,0,0
22972000,0,0,0.011256659,-0.022903072,0,0
22980000,0,0,0.0021720477,-0.021700189,0,0
22988000,0,0,0.0021720477,-0.021700189,0,0
22996000,0,0,0.0021720477,-0.021700189,0,0
23012000,0,0,-0.0005722281,-0.015994614,0,0
23020000,0,0,-0.0005722281,-0.015994614,0,0
23028000,0,0,-0.0005722281,-0.015994614,0,0
23036000,0,0,-0.0005722281,-0.015994614,0,0
23052000,0,0,-0.008770648,-0.012607383,0,0
23060000,0,0,-0.008770648,-0.012607383,0,0
23068000,0,0,-0.008770648,-0.012607383,0,0
23076000,0,0,-0.008770648,-0.012607383,0,0
23092000,0,0,-0.01618441,-0.010314651,0,0
23100000,0,0,-0.01618441,-0.010314651,0,0
23108000,0,0,-0.01618441,-0.010314651,0,0
23116000,0,0,-0.01292791,-0.012932985,0,0
23132000,0,0,-0.01292791,-0.012932985,0,0
23140000,0,0,-0.01292791,-0.012932985,0,0
23148000,0,0,-0.0057673696,-0.0075848904,0,0
23156000,0,0,-0.0057673696,-0.0075848904,0,0
23172000,0,0,-0.0057673696,-0.0075848904,0,0
23180000,0,0,-0.012861222,-0.0031508051,0,0
23188000,0,0,-0.012861222,-0.0031508051,0,0
23196000,0,0,-0.012861222,-0.0031508051,0,0
23212000,0,0,-0.007422013,-0.0067476714,0,0
23220000,0,0,-0.007422013,-0.0067476714,0,0
23228000,0,0,-0.007422013,-0.0067476714,0,0
23236000,0,0,-0.007422013,-0.0067476714,0,0
23252000,0,0,-0.0069600367,-0.013675175,0,0
23260000,0,0,-0.0069600367,-0.013675175,0,0
23268000,0,0,-0.0069600367,-0.013675175,0,0
23276000,0,0,-0.003942884,-0.0027995328,0,0
23292000,0,0,-0.003942884,-0.0027995328,0,0
23300000,0,0,-0.003942884,-0.0027995328,0,0
23308000,0,0,-0.003942884,-0.0027995328,0,0
23316000,0,0,-0.017408172,-0.0120207695,0,0
23332000,0,0,-0.017408172,-0.0120207695,0,0
23340000,0,0,-0.017408172,-0.0120207695,0,0
23348000,0,0,-0.013370292,-0.0100639,0,0
23356000,0,0,-0.013370292,-0.0100639,0,0
23372000,0,0,-0.013370292,-0.0100639,0,0
23380000,0,0,-0.025236117,-0.020913556,0,0
23388000,0,0,-0.025236117,-0.020913556,0,0
23396000,0,0,-0.025236117,-0.020913556,0,0
23412000,0,0,-0.0123630585,-0.021735426,0,0
23420000,0,0,-0.0123630585,-0.021735426,0,0
23428000,0,0,-0.0123630585,-0.021735426,0,0
23436000,0,0,-0.0123630585,-0.021735426,0,0
23452000,0,0,-0.0125404475,-0.02481247,0,0
23460000,0,0,-0.0125404475,-0.02481247,0,0
23468000,0,0,-0.0125404475,-0.02481247,0,0
23476000,0,0,-0.014240508,-0.022194367,0,0
23492000,0,0,-0.014240508,-0.022194367,0,0
23500000,0,0,-0.014240508,-0.022194367,0,0
23508000,0,0,0.0014146714,-0.016724508,0,0
23516000,0,0,0.0014146714,-0.016724508,0,0
23532000,0,0,0.0014146714,-0.016724508,0,0
23540000,0,0,2.1928377e-05,-0.009188476,0,0
23548000,0,0,2.1928377e-05,-0.009188476,0,0
23556000,0,0,2.1928377e-05,-0.009188476,0,0
23572000,0,0,2.1928377e-05,-0.009188476,0,0
23580000,0,0,0.022247562,-0.0124209225,0,0
23588000,0,0,0.022247562,-0.0124209225,0,0
23596000,0,0,0.022247562,-0.0124209225,0,0
23612000,0,0,0.016253065,-0.007674002,0,0
23620000,0,0,0.016253065,-0.007674002,0,0
23628000,0,0,0.016253065,-0.007674002,0,0
23636000,0,0,0.016253065,-0.007674002,0,0
23652000,0,0,0.0095771,-0.011328097,0,0
23660000,0,0,0.0095771,-0.011328097,0,0
23668000,0,0,0.0095771,-0.011328097,0,0
23676000,0,0,0.0047801035,-0.01753637,0,0
23692000,0,0,0.0047801035,-0.01753637,0,0
23700000,0,0,0.0047801035,-0.01753637,0,0
23708000,0,0,0.022281712,-0.006471656,0,0
23716000,0,0,0.022281712,-0.006471656,0,0
23732000,0,0,0.022281712,-0.006471656,0,0
23740000,0,0,0.023603646,-0.003570265,0,0
23748000,0,0,0.023603646,-0.003570265,0,0
23756000,0,0,0.023603646,-0.003570265,0,0
23772000,0,0,0.03143543,-0.00952155,0,0
23780000,0,0,0.03143543,-0.00952155,0,0
23788000,0,0,0.03143543,-0.00952155,0,0
23796000,0,0,0.03143543,-0.00952155,0,0
23812000,0,0,0.033551905,-0.009135996,0,0
23820000,0,0,0.033551905,-0.009135996,0,0
23828000,0,0,0.033551905,-0.009135996,0,0
23836000,0,0,0.033551905,-0.009135996,0,0
23852000,0,0,0.018735081,-0.0077654906,0,0
23860000,0,0,0.018735081,-0.0077654906,0,0
23868000,0,0,0.018735081,-0.0077654906,0,0
23876000,0,0,0.021359138,-0.008054304,0,0
23892000,0,0,0.021359138,-0.008054304,0,0
23900000,0,0,0.021359138,-0.008054304,0,0
23908000,0,0,0.023324385,-0.0064202687,0,0
23916000,0,0,0.023324385,-0.0064202687,0,0
23932000,0,0,0.023324385,-0.0064202687,0,0
23940000,0,0,0.030292686,-0.008324719,0,0
23948000,0,0,0.030292686,-0.008324719,0,0
23956000,0,0,0.030292686,-0.008324719,0,0
23972000,0,0,0.033620223,-0.010273184,0,0
23980000,0,0,0.033620223,-0.010273184,0,0
23988000,0,0,0.033620223,-0.010273184,0,0
23996000,0,0,0.033620223,-0.010273184,0,0
24012000,0,0,0.04272632,-0.01731179,0,0
24020000,0,0,0.04272632,-0.01731179,0,0
24028000,0,0,0.04272632,-0.01731179,0,0
24036000,0,0,0.047234178,-0.018460374,0,0
24052000,0,0,0.047234178,-0.018460374,0,0
24060000,0,0,0.047234178,-0.018460374,0,0
24068000,0,0,0.048996266,-0.015529077,0,0
24076000,0,0,0.048996266,-0.015529077,0,0
24092000,0,0,0.048996266,-0.015529077,0,0
24104000,0,0,0.048996266,-0.015529077,0,0
24108000,0,0,0.053552594,-0.0117908865,0,0
24116000,0,0,0.053552594,-0.0117908865,0,0
24132000,0,0,0.053552594,-0.0117908865,0,0
24140000,0,0,0.066902876,-0.013240253,0,0
24148000,0,0,0.066902876,-0.013240253,0,0
24156000,0,0,0.066902876,-0.013240253,0,0
24172000,0,0,0.07101016,-0.010798008,0,0
24180000,0,0,0.07101016,-0.010798008,0,0
24188000,0,0,0.07101016,-0.010798008,0,0
24196000,0,0,0.07101016,-0.010798008,0,0
24212000,0,0,0.059350546,-0.006840732,0,0
24220000,0,0,0.059350546,-0.006840732,0,0
24228000,0,0,0.059350546,-0.006840732,0,0
24236000,0,0,0.056097172,-0.0036400154,0,0
24252000,0,0,0.056097172,-0.0036400154,0,0
24260000,0,0,0.056097172,-0.0036400154,0,0
24268000,0,0,0.052672137,0.0048180926,0,0
24276000,0,0,0.052672137,0.0048180926,0,0
24292000,0,0,0.052672137,0.0048180926,0,0
24300000,0,0,0.05270018,0.008169705,0,0
24308000,0,0,0.05270018,0.008169705,0,0
24316000,0,0,0.05270018,0.008169705,0,0
24332000,0,0,0.0472194,-0.003408732,0,0
24340000,0,0,0.0472194,-0.003408732,0,0
24348000,0,0,0.0472194,-0.003408732,0,0
24356000,0,0,0.0472194,-0.003408732,0,0
24372000,0,0,0.03856103,-0.0037885832,0,0
24380000,0,0,0.03856103,-0.0037885832,0,0
24388000,0,0,0.03856103,-0.0037885832,0,0
24396000,0,0,0.03856103,-0.0037885832,0,0
24412000,0,0,0.03607817,0.00021057324,0,0
24420000,0,0,0.03607817,0.00021057324,0,0
24428000,0,0,0.03607817,0.00021057324,0,0
24436000,0,0,0.03767791,-0.0042353906,0,0
24452000,0,0,0.03767791,-0.0042353906,0,0
24460000,0,0,0.03767791,-0.0042353906,0,0
24468000,0,0,0.030830953,-0.0022756457,0,0
24476000,0,0,0.030830953,-0.0022756457,0,0
24492000,0,0,0.030830953,-0.0022756457,0,0
24500000,0,0,0.023887526,-0.006476745,0,0
24508000,0,0,0.023887526,-0.006476745,0,0
24516000,0,0,0.023887526,-0.006476745,0,0
24532000,0,0,0.030117754,-0.013244629,0,0
24540000,0,0,0.030117754,-0.013244629,0,0
24548000,0,0,0.030117754,-0.013244629,0,0
24556000,0,0,0.030117754,-0.013244629,0,0
24572000,0,0,0.034527972,-0.006299309,0,0
24580000,0,0,0.034527972,-0.006299309,0,0
24588000,0,0,0.034527972,-0.006299309,0,0
24596000,0,0,0.042978413,-0.0066458457,0,0
24612000,0,0,0.042978413,-0.0066458457,0,0
24620000,0,0,0.042978413,-0.0066458457,0,0
24628000,0,0,0.042978413,-0.0066458457,0,0
24636000,0,0,0.03157633,0.00086084055,0,0
24652000,0,0,0.03157633,0.00086084055,0,0
24660000,0,0,0.03157633,0.00086084055,0,0
24668000,0,0,0.037503764,0.0068598194,0,0
24676000,0,0,0.037503764,0.0068598194,0,0
24692000,0,0,0.037503764,0.0068598194,0,0
24700000,0,0,0.02656717,0.0025716997,0,0
24708000,0,0,0.02656717,0.0025716997,0,0
24716000,0,0,0.02656717,0.0025716997,0,0
24732000,0,0,0.024663776,-0.010284115,0,0
24740000,0,0,0.024663776,-0.010284115,0,0
24748000,0,0,0.024663776,-0.010284115,0,0
24756000,0,0,0.024663776,-0.010284115,0,0
24772000,0,0,0.018025925,-0.002250326,0,0
24780000,0,0,0.018025925,-0.002250326,0,0
24788000,0,0,0.018025925,-0.002250326,0,0
24796000,0,0,0.01876625,0.0008835994,0,0
24812000,0,0,0.01876625,0.0008835994,0,0
24820000,0,0,0.01876625,0.0008835994,0,0
24828000,0,0,0.014537278,0.007725669,0,0
24836000,0,0,0.014537278,0.007725669,0,0
24852000,0,0,0.014537278,0.007725669,0,0
24860000,0,0,0.017068306,-0.0015430719,0,0
24868000,0,0,0.017068306,-0.0015430719,0,0
24876000,0,0,0.017068306,-0.0015430719,0,0
24892000,0,0,0.017068306,-0.0015430719,0,0
24900000,0,0,0.010217415,0.010894303,0,0
24908000,0,0,0.010217415,0.010894303,0,0
24916000,0,0,0.010217415,0.010894303,0,0
24932000,0,0,0.0131957745,0.0059263,0,0
24940000,0,0,0.0131957745,0.0059263,0,0
24948000,0,0,0.0131957745,0.0059263,0,0
24956000,0,0,0.0131957745,0.0059263,0,0
24972000,0,0,0.01960803,0.008265897,0,0
24980000,0,0,0.01960803,0.008265897,0,0
24988000,0,0,0.01960803,0.008265897,0,0
24996000,0,0,0.0158371,0.0147438375,0,0
25012000,0,0,0.0158371,0.0147438375,0,0
25020000,0,0,0.0158371,0.0147438375,0,0
25028000,0,0,0.0030304543,0.01859118,0,0
25036000,0,0,0.0030304543,0.01859118,0,0
25052000,0,0,0.0030304543,0.01859118,0,0
25060000,0,0,0.007865397,0.022787783,0,0
25068000,0,0,0.007865397,0.022787783,0,0
25076000,0,0,0.007865397,0.022787783,0,0
25092000,0,0,0.004278807,0.015331981,0,0
25100000,0,0,0.004278807,0.015331981,0,0
25108000,0,0,0.004278807,0.015331981,0,0
25116000,0,0,0.004278807,0.015331981,0,0
25132000,0,0,0.0015342897,0.011007976,0,0
25140000,0,0,0.0015342897,0.011007976,0,0
25148000,0,0,0.0015342897,0.011007976,0,0
25156000,0,0,0.0015342897,0.011007976,0,0
25172000,0,0,0.00410677,0.01796433,0,0
25180000,0,0,0.00410677,0.01796433,0,0
25188000,0,0,0.00410677,0.01796433,0,0
25196000,0,0,0.000522449,0.019572068,0,0
25212000,0,0,0.000522449,0.019572068,0,0
25220000,0,0,0.000522449,0.019572068,0,0
25228000,0,0,-0.008807837,0.02247354,0,0
25236000,0,0,-0.008807837,0.02247354,0,0
25252000,0,0,-0.008807837,0.02247354,0,0
25260000,0,0,-0.00494838,0.012165092,0,0
25268000,0,0,-0.00494838,0.012165092,0,0
25276000,0,0,-0.00494838,0.012165092,0,0
25292000,0,0,-0.00959582,-0.0015565691,0,0
25300000,0,0,-0.00959582,-0.0015565691,0,0
25308000,0,0,-0.00959582,-0.0015565691,0,0
25316000,0,0,-0.00959582,-0.0015565691,0,0
25332000,0,0,-0.0024996006,-0.0010353938,0,0
25340000,0,0,-0.0024996006,-0.0010353938,0,0
25348000,0,0,-0.0024996006,-0.0010353938,0,0
25356000,0,0,-0.008650149,-0.014741466,0,0
25372000,0,0,-0.008650149,-0.014741466,0,0
25380000,0,0,-0.008650149,-0.014741466,0,0
25388000,0,0,-0.0017650253,-0.0206864,0,0
25396000,0,0,-0.0017650253,-0.0206864,0,0
25412000,0,0,-0.0017650253,-0.0206864,0,0
25420000,0,0,-0.0017650253,-0.0206864,0,0
25428000,0,0,0.0044161337,-0.01778613,0,0
25436000,0,0,0.0044161337,-0.01778613,0,0
25452000,0,0,0.0044161337,-0.01778613,0,0
25460000,0,0,0.010573351,-0.014688896,0,0
25468000,0,0,0.010573351,-0.014688896,0,0
25476000,0,0,0.010573351,-0.014688896,0,0
25492000,0,0,0.011053386,-0.004156264,0,0
25500000,0,0,0.011053386,-0.004156264,0,0
25508000,0,0,0.011053386,-0.004156264,0,0
25516000,0,0,0.011053386,-0.004156264,0,0
25532000,0,0,0.016884562,-0.0057634194,0,0
25540000,0,0,0.016884562,-0.0057634194,0,0
25548000,0,0,0.016884562,-0.0057634194,0,0
25556000,0,0,0.034375947,-0.0033056797,0,0
25572000,0,0,0.034375947,-0.0033056797,0,0
25580000,0,0,0.034375947,-0.0033056797,0,0
25588000,0,0,0.031441353,-0.008349518,0,0
25596000,0,0,0.031441353,-0.008349518,0,0
25612000,0,0,0.031441353,-0.008349518,0,0
25620000,0,0,0.031068424,-0.0069317953,0,0
25628000,0,0,0.031068424,-0.0069317953,0,0
25636000,0,0,0.031068424,-0.0069317953,0,0
25652000,0,0,0.04152707,-0.01184043,0,0
25660000,0,0,0.04152707,-0.01184043,0,0
25668000,0,0,0.04152707,-0.01184043,0,0
25676000,0,0,0.04152707,-0.01184043,0,0
25692000,0,0,0.05081088,-0.015290347,0,0
25700000,0,0,0.05081088,-0.015290347,0,0
25708000,0,0,0.05081088,-0.015290347,0,0
25716000,0,0,0.05081088,-0.015290347,0,0
25732000,0,0,0.052949805,-0.008296453,0,0
25740000,0,0,0.052949805,-0.008296453,0,0
25748000,0,0,0.052949805,-0.008296453,0,0
25756000,0,0,0.040229455,-0.016743017,0,0
25772000,0,0,0.040229455,-0.016743017,0,0
25780000,0,0,0.040229455,-0.016743017,0,0
25788000,0,0,0.03445718,-0.016689435,0,0
25796000,0,0,0.03445718,-0.016689435,0,0
25812000,0,0,0.03445718,-0.016689435,0,0
25820000,0,0,0.030838499,-0.010968807,0,0
25828000,0,0,0.030838499,-0.010968807,0,0
25836000,0,0,0.030838499,-0.010968807,0,0
25852000,0,0,0.032885384,-0.014621188,0,0
25860000,0,0,0.032885384,-0.014621188,0,0
25868000,0,0,0.032885384,-0.014621188,0,0
25876000,0,0,0.032885384,-0.014621188,0,0
25892000,0,0,0.047023214,-0.009896673,0,0
25900000,0,0,0.047023214,-0.009896673,0,0
25908000,0,0,0.047023214,-0.009896673,0,0
25916000,0,0,0.047297005,-0.003833851,0,0
25932000,0,0,0.047297005,-0.003833851,0,0
25940000,0,0,0.047297005,-0.003833851,0,0
25948000,0,0,0.047297005,-0.003833851,0,0
25956000,0,0,0.049930498,0.0007901064,0,0
25972000,0,0,0.049930498,0.0007901064,0,0
25980000,0,0,0.049930498,0.0007901064,0,0
25988000,0,0,0.050193083,0.0021854993,0,0
25996000,0,0,0.050193083,0.0021854993,0,0
26012000,0,0,0.050193083,0.0021854993,0,0
26020000,0,0,0.04262079,0.0033703852,0,0
26028000,0,0,0.04262079,0.0033703852,0,0
26036000,0,0,0.04262079,0.0033703852,0,0
26052000,0,0,0.036649615,0.005511272,0,0
26060000,0,0,0.036649615,0.005511272,0,0
26068000,0,0,0.036649615,0.005511272,0,0
26076000,0,0,0.036649615,0.005511272,0,0
26092000,0,0,0.043315798,0.011438766,0,0
26100000,0,0,0.043315798,0.011438766,0,0
26108000,0,0,0.043315798,0.011438766,0,0
26116000,0,0,0.04151563,0.013923304,0,0
26132000,0,0,0.04151563,0.013923304,0,0
26140000,0,0,0.04151563,0.013923304,0,0
26148000,0,0,0.035718728,0.014171151,0,0
26156000,0,0,0.035718728,0.014171151,0,0
26172000,0,0,0.035718728,0.014171151,0,0
26180000,0,0,0.032509156,0.021587895,0,0
26188000,0,0,0.032509156,0.021587895,0,0
26196000,0,0,0.032509156,0.021587895,0,0
26212000,0,0,0.032509156,0.021587895,0,0
26220000,0,0,0.02953392,0.019521995,0,0
26228000,0,0,0.02953392,0.019521995,0,0
26236000,0,0,0.02953392,0.019521995,0,0
26252000,0,0,0.028399311,0.023762148,0,0
26260000,0,0,0.028399311,0.023762148,0,0
26268000,0,0,0.028399311,0.023762148,0,0
26276000,0,0,0.028399311,0.023762148,0,0
26292000,0,0,0.03519306,0.030341173,0,0
26300000,0,0,0.03519306,0.030341173,0,0
26308000,0,0,0.03519306,0.030341173,0,0
26316000,0,0,0.04932675,0.028985,0,0
26332000,0,0,0.04932675,0.028985,0,0
26340000,0,0,0.04932675,0.028985,0,0
26348000,0,0,0.04584027,0.023056742,0,0
26356000,0,0,0.04584027,0.023056742,0,0
26372000,0,0,0.04584027,0.023056742,0,0
26380000,0,0,0.035536256,0.014020565,0,0
26388000,0,0,0.035536256,0.014020565,0,0
26396000,0,0,0.035536256,0.014020565,0,0
26412000,0,0,0.046484265,0.021403681,0,0
26420000,0,0,0.046484265,0.021403681,0,0
26428000,0,0,0.046484265,0.021403681,0,0
26436000,0,0,0.046484265,0.021403681,0,0
26452000,0,0,0.04928234,0.021533662,0,0
26460000,0,0,0.04928234,0.021533662,0,0
26468000,0,0,0.04928234,0.021533662,0,0
26476000,0,0,0.04928234,0.021533662,0,0
26492000,0,0,0.046217456,0.014090664,0,0
26500000,0,0,0.046217456,0.014090664,0,0
26508000,0,0,0.046217456,0.014090664,0,0
26516000,0,0,0.043102697,0.0060827043,0,0
26532000,0,0,0.043102697,0.0060827043,0,0
26540000,0,0,0.043102697,0.0060827043,0,0
26548000,0,0,0.031669937,0.0074168835,0,0
26556000,0,0,0.031669937,0.0074168835,0,0
26572000,0,0,0.031669937,0.0074168835,0,0
26580000,0,0,0.03340743,0.007269885,0,0
26588000,0,0,0.03340743,0.007269885,0,0
26596000,0,0,0.03340743,0.007269885,0,0
26612000,0,0,0.03989876,0.005159572,0,0
26620000,0,0,0.03989876,0.005159572,0,0
26628000,0,0,0.03989876,0.005159572,0,0
26636000,0,0,0.03989876,0.005159572,0,0
26652000,0,0,0.043534297,0.0009334356,0,0
26660000,0,0,0.043534297,0.0009334356,0,0
26668000,0,0,0.043534297,0.0009334356,0,0
26676000,0,0,0.045425847,-0.0011504309,0,0
26692000,0,0,0.045425847,-0.0011504309,0,0
26700000,0,0,0.045425847,-0.0011504309,0,0
26708000,0,0,0.045425847,-0.0011504309,0,0
26716000,0,0,0.044140585,0.0006047621,0,0
26732000,0,0,0.044140585,0.0006047621,0,0
26740000,0,0,0.044140585,0.0006047621,0,0
26748000,0,0,0.033264805,-0.005529874,0,0
26756000,0,0,0.033264805,-0.005529874,0,0
26772000,0,0,0.033264805,-0.005529874,0,0
26780000,0,0,0.013284256,-0.0039366116,0,0
26788000,0,0,0.013284256,-0.0039366116,0,0
26796000,0,0,0.013284256,-0.0039366116,0,0
26812000,0,0,0.012857326,-0.0044102482,0,0
26820000,0,0,0.012857326,-0.0044102482,0,0
26828000,0,0,0.012857326,-0.0044102482,0,0
26836000,0,0,0.012857326,-0.0044102482,0,0
26852000,0,0,0.011626008,-0.00595895,0,0
26860000,0,0,0.011626008,-0.00595895,0,0
26868000,0,0,0.011626008,-0.00595895,0,0
26876000,0,0,0.008866732,-0.0040311855,0,0
26892000,0,0,0.008866732,-0.0040311855,0,0
26900000,0,0,0.008866732,-0.0040311855,0,0
26908000,0,0,0.0130946,-0.0043176454,0,0
26916000,0,0,0.0130946,-0.0043176454,0,0
26932000,0,0,0.0130946,-0.0043176454,0,0
26940000,0,0,0.022518886,-0.008133441,0,0
26948000,0,0,0.022518886,-0.008133441,0,0
26956000,0,0,0.022518886,-0.008133441,0,0
26972000,0,0,0.013718824,-0.007552518,0,0
26980000,0,0,0.013718824,-0.007552518,0,0
26988000,0,0,0.013718824,-0.007552518,0,0
26996000,0,0,0.013718824,-0.007552518,0,0
27012000,0,0,0.020523535,-0.00760713,0,0
27020000,0,0,0.020523535,-0.00760713,0,0
27028000,0,0,0.020523535,-0.00760713,0,0
27036000,0,0,0.020523535,-0.00760713,0,0
27052000,0,0,0.018724065,-0.01092667,0,0
27060000,0,0,0.018724065,-0.01092667,0,0
27068000,0,0,0.018724065,-0.01092667,0,0
27076000,0,0,0.021335207,-0.0013993179,0,0
27092000,0,0,0.021335207,-0.0013993179,0,0
27100000,0,0,0.021335207,-0.0013993179,0,0
27108000,0,0,0.016058853,-0.009160098,0,0
27116000,0,0,0.016058853,-0.009160098,0,0
27132000,0,0,0.016058853,-0.009160098,0,0
27140000,0,0,0.0125531675,-0.007097366,0,0
27148000,0,0,0.0125531675,-0.007097366,0,0
27156000,0,0,0.0125531675,-0.007097366,0,0
27172000,0,0,0.016983122,0.00023450506,0,0
27180000,0,0,0.016983122,0.00023450506,0,0
27188000,0,0,0.016983122,0.00023450506,0,0
27196000,0,0,0.016983122,0.00023450506,0,0
27212000,0,0,0.015587912,-0.0002652361,0,0
27220000,0,0,0.015587912,-0.0002652361,0,0
27228000,0,0,0.015587912,-0.0002652361,0,0
27236000,0,0,0.027297525,0.0040091504,0,0
27252000,0,0,0.027297525,0.0040091504,0,0
27260000,0,0,0.027297525,0.0040091504,0,0
27268000,0,0,0.027297525,0.0040091504,0,0
27276000,0,0,0.025247848,0.009683397,0,0
27292000,0,0,0.025247848,0.009683397,0,0
27300000,0,0,0.025247848,0.009683397,0,0
27308000,0,0,0.027899476,0.022324413,0,0
27316000,0,0,0.027899476,0.022324413,0,0
27332000,0,0,0.027899476,0.022324413,0,0
27340000,0,0,0.031918976,0.019775486,0,0
27348000,0,0,0.031918976,0.019775486,0,0
27356000,0,0,0.031918976,0.019775486,0,0
27372000,0,0,0.011836284,0.019568093,0,0
27380000,0,0,0.011836284,0.019568093,0,0
27388000,0,0,0.011836284,0.019568093,0,0
27396000,0,0,0.011836284,0.019568093,0,0
27412000,0,0,0.025484584,0.02019447,0,0
27420000,0,0,0.025484584,0.02019447,0,0
27428000,0,0,0.025484584,0.02019447,0,0
27436000,0,0,0.02861994,0.028378237,0,0
27452000,0,0,0.02861994,0.028378237,0,0
27460000,0,0,0.02861994,0.028378237,0,0
27468000,0,0,0.0155267175,0.029153017,0,0
27476000,0,0,0.0155267175,0.029153017,0,0
27492000,0,0,0.0155267175,0.029153017,0,0
27500000,0,0,0.018976517,0.024025224,0,0
27508000,0,0,0.018976517,0.024025224,0,0
27516000,0,0,0.018976517,0.024025224,0,0
27532000,0,0,0.018976517,0.024025224,0,0
27540000,0,0,0.0088709835,0.027480057,0,0
27548000,0,0,0.0088709835,0.027480057,0,0
27556000,0,0,0.0088709835,0.027480057,0,0
27572000,0,0,0.018130153,0.04222527,0,0
27580000,0,0,0.018130153,0.04222527,0,0
27588000,0,0,0.018130153,0.04222527,0,0
27596000,0,0,0.018130153,0.04222527,0,0
27612000,0,0,0.015222535,0.036414802,0,0
27620000,0,0,0.015222535,0.036414802,0,0
27628000,0,0,0.015222535,0.036414802,0,0
27636000,0,0,0.015787309,0.037494827,0,0
27652000,0,0,0.015787309,0.037494827,0,0
27660000,0,0,0.015787309,0.037494827,0,0
27668000,0,0,0.018617844,0.033157855,0,0
27676000,0,0,0.018617844,0.033157855,0,0
27692000,0,0,0.018617844,0.033157855,0,0
27700000,0,0,0.019284105,0.032371037,0,0
27708000,0,0,0.019284105,0.032371037,0,0
27716000,0,0,0.019284105,0.032371037,0,0
27732000,0,0,0.022063632,0.039502066,0,0
27740000,0,0,0.022063632,0.039502066,0,0
27748000,0,0,0.022063632,0.039502066,0,0
27756000,0,0,0.022063632,0.039502066,0,0
27772000,0,0,0.018760469,0.03923027,0,0
27780000,0,0,0.018760469,0.03923027,0,0
27788000,0,0,0.018760469,0.03923027,0,0
27796000,0,0,0.018760469,0.03923027,0,0
27812000,0,0,0.013956836,0.03745991,0,0
27820000,0,0,0.013956836,0.03745991,0,0
27828000,0,0,0.013956836,0.03745991,0,0
27836000,0,0,0.01491571,0.031682648,0,0
27852000,0,0,0.01491571,0.031682648,0,0
27860000,0,0,0.01491571,0.031682648,0,0
27868000,0,0,0.015871769,0.037228737,0,0
27876000,0,0,0.015871769,0.037228737,0,0
27892000,0,0,0.015871769,0.037228737,0,0
27900000,0,0,0.015900709,0.04100015,0,0
27908000,0,0,0.015900709,0.04100015,0,0
27916000,0,0,0.015900709,0.04100015,0,0
27932000,0,0,0.0024065261,0.03811957,0,0
27940000,0,0,0.0024065261,0.03811957,0,0
27948000,0,0,0.0024065261,0.03811957,0,0
27956000,0,0,0.0024065261,0.03811957,0,0
27972000,0,0,0.010047711,0.047592156,0,0
27980000,0,0,0.010047711,0.047592156,0,0
27988000,0,0,0.010047711,0.047592156,0,0
27996000,0,0,0.013475831,0.037281293,0,0
28012000,0,0,0.013475831,0.037281293,0,0
28020000,0,0,0.013475831,0.037281293,0,0
28028000,0,0,0.013419599,0.034050673,0,0
28036000,0,0,0.013419599,0.034050673,0,0
28052000,0,0,0.013419599,0.034050673,0,0
28060000,0,0,0.013419599,0.034050673,0,0
28068000,0,0,0.01195949,0.039244108,0,0
28076000,0,0,0.01195949,0.039244108,0,0
28092000,0,0,0.01195949,0.039244108,0,0
28100000,0,0,0.017026745,0.03039023,0,0
28108000,0,0,0.017026745,0.03039023,0,0
28116000,0,0,0.017026745,0.03039023,0,0
28132000,0,0,-0.0015759107,0.02767345,0,0
28140000,0,0,-0.0015759107,0.02767345,0,0
28148000,0,0,-0.0015759107,0.02767345,0,0
28156000,0,0,-0.0015759107,0.02767345,0,0
28172000,0,0,0.0016382271,0.023003703,0,0
28180000,0,0,0.0016382271,0.023003703,0,0
28188000,0,0,0.0016382271,0.023003703,0,0
28196000,0,0,-0.0023361365,0.021343356,0,0
28212000,0,0,-0.0023361365,0.021343356,0,0
28220000,0,0,-0.0023361365,0.021343356,0,0
28228000,0,0,0.012466246,0.01546751,0,0
28236000,0,0,0.012466246,0.01546751,0,0
28252000,0,0,0.012466246,0.01546751,0,0
28260000,0,0,0.00255865,0.011577051,0,0
28268000,0,0,0.00255865,0.011577051,0,0
28276000,0,0,0.00255865,0.011577051,0,0
28292000,0,0,0.0009820401,1.35754035e-05,0,0
28300000,0,0,0.0009820401,1.35754035e-05,0,0
28308000,0,0,0.0009820401,1.35754035e-05,0,0
28316000,0,0,0.0009820401,1.35754035e-05,0,0
28332000,0,0,-0.01101187,-0.005089271,0,0
28340000,0,0,-0.01101187,-0.005089271,0,0
28348000,0,0,-0.01101187,-0.005089271,0,0
28356000,0,0,-0.01101187,-0.005089271,0,0
28372000,0,0,-0.0013968729,-0.004406295,0,0
28380000,0,0,-0.0013968729,-0.004406295,0,0
28388000,0,0,-0.0013968729,-0.004406295,0,0
28396000,0,0,-0.0027490521,-0.012047784,0,0
28412000,0,0,-0.0027490521,-0.012047784,0,0
28420000,0,0,-0.0027490521,-0.012047784,0,0
28428000,0,0,-0.018509839,-0.011877249,0,0
28436000,0,0,-0.018509839,-0.011877249,0,0
28452000,0,0,-0.018509839,-0.011877249,0,0
28460000,0,0,-0.024294995,-0.012763389,0,0
28468000,0,0,-0.024294995,-0.012763389,0,0
28476000,0,0,-0.024294995,-0.012763389,0,0
28492000,0,0,-0.033424083,-0.015163115,0,0
28500000,0,0,-0.033424083,-0.015163115,0,0
28508000,0,0,-0.033424083,-0.015163115,0,0
28516000,0,0,-0.033424083,-0.015163115,0,0
28532000,0,0,-0.036397986,-0.012279731,0,0
28540000,0,0,-0.036397986,-0.012279731,0,0
28548000,0,0,-0.036397986,-0.012279731,0,0
28556000,0,0,-0.038822044,-0.021154366,0,0
28572000,0,0,-0.038822044,-0.021154366,0,0
28580000,0,0,-0.038822044,-0.021154366,0,0
28588000,0,0,-0.038822044,-0.021154366,0,0
28596000,0,0,-0.021239487,-0.02614057,0,0
28612000,0,0,-0.021239487,-0.02614057,0,0
28620000,0,0,-0.021239487,-0.02614057,0,0
28628000,0,0,-0.018446667,-0.035310157,0,0
28636000,0,0,-0.018446667,-0.035310157,0,0
28652000,0,0,-0.018446667,-0.035310157,0,0
28660000,0,0,-0.01260957,-0.03755591,0,0
28668000,0,0,-0.01260957,-0.03755591,0,0
28676000,0,0,-0.01260957,-0.03755591,0,0
28692000,0,0,0.00072412356,-0.039149724,0,0
28700000,0,0,0.00072412356,-0.039149724,0,0
28708000,0,0,0.00072412356,-0.039149724,0,0
28716000,0,0,0.00072412356,-0.039149724,0,0
28732000,0,0,0.0012641797,-0.04343315,0,0
28740000,0,0,0.0012641797,-0.04343315,0,0
28748000,0,0,0.0012641797,-0.04343315,0,0
28756000,0,0,-0.0018798659,-0.04624014,0,0
28772000,0,0,-0.0018798659,-0.04624014,0,0
28780000,0,0,-0.0018798659,-0.04624014,0,0
28788000,0,0,0.0018092819,-0.046723757,0,0
28796000,0,0,0.0018092819,-0.046723757,0,0
28812000,0,0,0.0018092819,-0.046723757,0,0
28820000,0,0,0.011020632,-0.04558998,0,0
28828000,0,0,0.011020632,-0.04558998,0,0
28836000,0,0,0.011020632,-0.04558998,0,0
28852000,0,0,0.011020632,-0.04558998,0,0
28860000,0,0,0.02384677,-0.044967398,0,0
28868000,0,0,0.02384677,-0.044967398,0,0
28876000,0,0,0.02384677,-0.044967398,0,0
28892000,0,0,0.018947436,-0.047259852,0,0
28900000,0,0,0.018947436,-0.047259852,0,0
28908000,0,0,0.018947436,-0.047259852,0,0
28916000,0,0,0.018947436,-0.047259852,0,0
28932000,0,0,0.01112752,-0.04297449,0,0
28940000,0,0,0.01112752,-0.04297449,0,0
28948000,0,0,0.01112752,-0.04297449,0,0
28956000,0,0,0.0030614946,-0.04153269,0,0
28972000,0,0,0.0030614946,-0.04153269,0,0
28980000,0,0,0.0030614946,-0.04153269,0,0
28988000,0,0,0.009177528,-0.035260778,0,0
28996000,0,0,0.009177528,-0.035260778,0,0
29012000,0,0,0.009177528,-0.035260778,0,0
29020000,0,0,0.015197433,-0.028994288,0,0
29028000,0,0,0.015197433,-0.028994288,0,0
29036000,0,0,0.015197433,-0.028994288,0,0
29052000,0,0,0.013019523,-0.032157607,0,0
29060000,0,0,0.013019523,-0.032157607,0,0
29068000,0,0,0.013019523,-0.032157607,0,0
29076000,0,0,0.013019523,-0.032157607,0,0
29092000,0,0,0.0144362785,-0.030540042,0,0
29100000,0,0,0.0144362785,-0.030540042,0,0
29108000,0,0,0.0144362785,-0.030540042,0,0
29116000,0,0,0.0144362785,-0.030540042,0,0
29132000,0,0,0.0011888925,-0.036615375,0,0
29140000,0,0,0.0011888925,-0.036615375,0,0
29148000,0,0,0.0011888925,-0.036615375,0,0
29156000,0,0,0.0071665114,-0.027894476,0,0
29172000,0,0,0.0071665114,-0.027894476,0,0
29180000,0,0,0.0071665114,-0.027894476,0,0
29188000,0,0,0.0148878675,-0.024906164,0,0
29196000,0,0,0.0148878675,-0.024906164,0,0
29212000,0,0,0.0148878675,-0.024906164,0,0
29220000,0,0,0.00046928402,-0.01142869,0,0
29228000,0,0,0.00046928402,-0.01142869,0,0
29236000,0,0,0.00046928402,-0.01142869,0,0
29252000,0,0,-0.010021279,-0.012893263,0,0
29260000,0,0,-0.010021279,-0.012893263,0,0
29268000,0,0,-0.010021279,-0.012893263,0,0
29276000,0,0,-0.010021279,-0.012893263,0,0
29292000,0,0,-0.0040132166,-0.006755514,0,0
29300000,0,0,-0.0040132166,-0.006755514,0,0
29308000,0,0,-0.0040132166,-0.006755514,0,0
29316000,0,0,0.005707224,-0.0012846942,0,0
29332000,0,0,0.005707224,-0.0012846942,0,0
29340000,0,0,0.005707224,-0.0012846942,0,0
29348000,0,0,0.0062277107,-0.0047447854,0,0
29356000,0,0,0.0062277107,-0.0047447854,0,0
29372000,0,0,0.0062277107,-0.0047447854,0,0
29380000,0,0,0.0062277107,-0.0047447854,0,0
29388000,0,0,0.00984105,-0.0051474194,0,0
29396000,0,0,0.00984105,-0.0051474194,0,0
29412000,0,0,0.00984105,-0.0051474194,0,0
29420000,0,0,0.01226141,0.00033313676,0,0
29428000,0,0,0.01226141,0.00033313676,0,0
29436000,0,0,0.01226141,0.00033313676,0,0
29452000,0,0,0.014375104,0.001267566,0,0
29460000,0,0,0.014375104,0.001267566,0,0
29468000,0,0,0.014375104,0.001267566,0,0
29476000,0,0,0.014375104,0.001267566,0,0
29492000,0,0,0.003175418,-0.00038905678,0,0
29500000,0,0,0.003175418,-0.00038905678,0,0
29508000,0,0,0.003175418,-0.00038905678,0,0
29516000,0,0,-0.0006677013,-0.004914239,0,0
29532000,0,0,-0.0006677013,-0.004914239,0,0
29540000,0,0,-0.0006677013,-0.004914239,0,0
29548000,0,0,0.0064855213,-0.0033968447,0,0
29556000,0,0,0.0064855213,-0.0033968447,0,0
29572000,0,0,0.0064855213,-0.0033968447,0,0
29580000,0,0,0.004503589,-0.002680226,0,0
29588000,0,0,0.004503589,-0.002680226,0,0
29596000,0,0,0.004503589,-0.002680226,0,0
29612000,0,0,-0.011061953,-0.0015370998,0,0
29620000,0,0,-0.011061953,-0.0015370998,0,0
29628000,0,0,-0.011061953,-0.0015370998,0,0
29636000,0,0,-0.011061953,-0.0015370998,0,0
29652000,0,0,-0.028152578,-0.009418326,0,0
29660000,0,0,-0.028152578,-0.009418326,0,0
29668000,0,0,-0.028152578,-0.009418326,0,0
29676000,0,0,-0.028152578,-0.009418326,0,0
29692000,0,0,-0.0363054,-0.0075484826,0,0
29700000,0,0,-0.0363054,-0.0075484826,0,0
29708000,0,0,-0.0363054,-0.0075484826,0,0
29716000,0,0,-0.038594328,-0.0074174907,0,0
29732000,0,0,-0.038594328,-0.0074174907,0,0
29740000,0,0,-0.038594328,-0.0074174907,0,0
29748000,0,0,-0.0380712,-0.020515284,0,0
29756000,0,0,-0.0380712,-0.020515284,0,0
29772000,0,0,-0.0380712,-0.020515284,0,0
29780000,0,0,-0.036231965,-0.021330371,0,0
29788000,0,0,-0.036231965,-0.021330371,0,0
29796000,0,0,-0.036231965,-0.021330371,0,0
29812000,0,0,-0.0380781,-0.022524467,0,0
29820000,0,0,-0.0380781,-0.022524467,0,0
29828000,0,0,-0.0380781,-0.022524467,0,0
29836000,0,0,-0.0380781,-0.022524467,0,0
29852000,0,0,-0.03184746,-0.021894015,0,0
29860000,0,0,-0.03184746,-0.021894015,0,0
29868000,0,0,-0.03184746,-0.021894015,0,0
29876000,0,0,-0.035184164,-0.019799108,0,0
29892000,0,0,-0.035184164,-0.019799108,0,0
29900000,0,0,-0.035184164,-0.019799108,0,0
29908000,0,0,-0.035184164,-0.019799108,0,0
29916000,0,0,-0.041304003,-0.018948894,0,0
29932000,0,0,-0.041304003,-0.018948894,0,0
29940000,0,0,-0.041304003,-0.018948894,0,0
29948000,0,0,-0.0374517,-0.023698064,0,0
29956000,0,0,-0.0374517,-0.023698064,0,0
29972000,0,0,-0.0374517,-0.023698064,0,0
29980000,0,0,-0.03221474,-0.02393602,0,0
29988000,0,0,-0.03221474,-0.02393602,0,0
29996000,0,0,-0.03221474,-0.02393602,0,0
30012000,0,0,-0.035443947,-0.030320624,0,0
30020000,0,0,-0.035443947,-0.030320624,0,0
30028000,0,0,-0.035443947,-0.030320624,0,0
30036000,0,0,-0.035443947,-0.030320624,0,0
30052000,0,0,-0.03314876,-0.042431995,0,0
30060000,0,0,-0.03314876,-0.042431995,0,0
30068000,0,0,-0.03314876,-0.042431995,0,0
30076000,0,0,-0.034713347,-0.040366344,0,0
30092000,0,0,-0.034713347,-0.040366344,0,0
30100000,0,0,-0.034713347,-0.040366344,0,0
30108000,0,0,-0.012316886,-0.037700452,0,0
30116000,0,0,-0.012316886,-0.037700452,0,0
30132000,0,0,-0.012316886,-0.037700452,0,0
30140000,0,0,-0.012316886,-0.037700452,0,0
30148000,0,0,-0.0060226438,-0.027207607,0,0
30156000,0,0,-0.0060226438,-0.027207607,0,0
30172000,0,0,-0.0060226438,-0.027207607,0,0
30180000,0,0,0.0004682612,-0.030444387,0,0
30188000,0,0,0.0004682612,-0.030444387,0,0
30196000,0,0,0.0004682612,-0.030444387,0,0
30212000,0,0,0.010265609,-0.029781437,0,0
30220000,0,0,0.010265609,-0.029781437,0,0
30228000,0,0,0.010265609,-0.029781437,0,0
30236000,0,0,0.010265609,-0.029781437,0,0
30252000,0,0,0.018750459,-0.029201683,0,0
30260000,0,0,0.018750459,-0.029201683,0,0
30268000,0,0,0.018750459,-0.029201683,0,0
30276000,0,0,0.014974104,-0.034065053,0,0
30292000,0,0,0.014974104,-0.034065053,0,0
30300000,0,0,0.014974104,-0.034065053,0,0
30308000,0,0,0.022574462,-0.028848594,0,0
30316000,0,0,0.022574462,-0.028848594,0,0
30332000,0,0,0.022574462,-0.028848594,0,0
30340000,0,0,0.0041832556,-0.033452347,0,0
30348000,0,0,0.0041832556,-0.033452347,0,0
30356000,0,0,0.0041832556,-0.033452347,0,0
30372000,0,0,0.007929802,-0.029076185,0,0
30380000,0,0,0.007929802,-0.029076185,0,0
30388000,0,0,0.007929802,-0.029076185,0,0
30396000,0,0,0.007929802,-0.029076185,0,0
30412000,0,0,0.0069846786,-0.03749904,0,0
30420000,0,0,0.0069846786,-0.03749904,0,0
30428000,0,0,0.0069846786,-0.03749904,0,0
30436000,0,0,0.0069846786,-0.03749904,0,0
30452000,0,0,0.011991436,-0.031827614,0,0
30460000,0,0,0.011991436,-0.031827614,0,0
30468000,0,0,0.011991436,-0.031827614,0,0
30476000,0,0,0.0074720713,-0.03393819,0,0
30492000,0,0,0.0074720713,-0.03393819,0,0
30504000,0,0,0.0074720713,-0.03393819,0,0
30508000,0,0,0.024914566,-0.035419613,0,0
30516000,0,0,0.024914566,-0.035419613,0,0
30532000,0,0,0.024914566,-0.035419613,0,0
30540000,0,0,0.022100287,-0.02294423,0,0
30548000,0,0,0.022100287,-0.02294423,0,0
30556000,0,0,0.022100287,-0.02294423,0,0
30572000,0,0,0.024294794,-0.021298997,0,0
30580000,0,0,0.024294794,-0.021298997,0,0
30588000,0,0,0.024294794,-0.021298997,0,0
30596000,0,0,0.024294794,-0.021298997,0,0
30612000,0,0,0.010838468,-0.01579754,0,0
30620000,0,0,0.010838468,-0.01579754,0,0
30628000,0,0,0.010838468,-0.01579754,0,0
30636000,0,0,0.0036732734,-0.024501443,0,0
30652000,0,0,0.0036732734,-0.024501443,0,0
30660000,0,0,0.0036732734,-0.024501443,0,0
30668000,0,0,0.0028899293,-0.028364971,0,0
30676000,0,0,0.0028899293,-0.028364971,0,0
30692000,0,0,0.0028899293,-0.028364971,0,0
30700000,0,0,0.0028899293,-0.028364971,0,0
30708000,0,0,0.0023783161,-0.035360612,0,0
30716000,0,0,0.0023783161,-0.035360612,0,0
30732000,0,0,0.0023783161,-0.035360612,0,0
30740000,0,0,-0.006685922,-0.030944852,0,0
30748000,0,0,-0.006685922,-0.030944852,0,0
30756000,0,0,-0.006685922,-0.030944852,0,0
30772000,0,0,-0.016125534,-0.036146857,0,0
30780000,0,0,-0.016125534,-0.036146857,0,0
30788000,0,0,-0.016125534,-0.036146857,0,0
30796000,0,0,-0.016125534,-0.036146857,0,0
30812000,0,0,-0.015498247,-0.032601956,0,0
30820000,0,0,-0.015498247,-0.032601956,0,0
30828000,0,0,-0.015498247,-0.032601956,0,0
30836000,0,0,-0.040584587,-0.04259811,0,0
30852000,0,0,-0.040584587,-0.04259811,0,0
30860000,0,0,-0.040584587,-0.04259811,0,0
30868000,0,0,-0.040905003,-0.0429871,0,0
30876000,0,0,-0.040905003,-0.0429871,0,0
30892000,0,0,-0.040905003,-0.0429871,0,0
30900000,0,0,-0.030985227,-0.038001467,0,0
30908000,0,0,-0.030985227,-0.038001467,0,0
30916000,0,0,-0.030985227,-0.038001467,0,0
30932000,0,0,-0.019266384,-0.037910245,0,0
30940000,0,0,-0.019266384,-0.037910245,0,0
30948000,0,0,-0.019266384,-0.037910245,0,0
30956000,0,0,-0.019266384,-0.037910245,0,0
30972000,0,0,-0.009078706,-0.03596701,0,0
30980000,0,0,-0.009078706,-0.03596701,0,0
30988000,0,0,-0.009078706,-0.03596701,0,0
30996000,0,0,-0.009078706,-0.03596701,0,0
31012000,0,0,-0.010508818,-0.030532803,0,0
31020000,0,0,-0.010508818,-0.030532803,0,0
31028000,0,0,-0.010508818,-0.030532803,0,0
31036000,0,0,-0.0063443137,-0.040453516,0,0
31052000,0,0,-0.0063443137,-0.040453516,0,0
31060000,0,0,-0.0063443137,-0.040453516,0,0
31068000,0,0,-0.022369096,-0.045139678,0,0
31076000,0,0,-0.022369096,-0.045139678,0,0
31092000,0,0,-0.022369096,-0.045139678,0,0
31100000,0,0,-0.041400366,-0.035609532,0,0
31108000,0,0,-0.041400366,-0.035609532,0,0
31116000,0,0,-0.041400366,-0.035609532,0,0
31132000,0,0,-0.034949847,-0.0349596,0,0
31140000,0,0,-0.034949847,-0.0349596,0,0
31148000,0,0,-0.034949847,-0.0349596,0,0
31156000,0,0,-0.034949847,-0.0349596,0,0
31172000,0,0,-0.034149177,-0.024849335,0,0
31180000,0,0,-0.034149177,-0.024849335,0,0
31188000,0,0,-0.034149177,-0.024849335,0,0
31196000,0,0,-0.040595982,-0.029351896,0,0
31212000,0,0,-0.040595982,-0.029351896,0,0
31220000,0,0,-0.040595982,-0.029351896,0,0
31228000,0,0,-0.040595982,-0.029351896,0,0
31236000,0,0,-0.03811543,-0.015844634,0,0
31252000,0,0,-0.03811543,-0.015844634,0,0
31260000,0,0,-0.03811543,-0.015844634,0,0
31268000,0,0,-0.043691702,-0.005501811,0,0
31276000,0,0,-0.043691702,-0.005501811,0,0
31292000,0,0,-0.043691702,-0.005501811,0,0
31300000,0,0,-0.042241916,-0.0004204726,0,0
31308000,0,0,-0.042241916,-0.0004204726,0,0
31316000,0,0,-0.042241916,-0.0004204726,0,0
31332000,0,0,-0.038135104,0.0037606482,0,0
31340000,0,0,-0.038135104,0.0037606482,0,0
31348000,0,0,-0.038135104,0.0037606482,0,0
31356000,0,0,-0.038135104,0.0037606482,0,0
31372000,0,0,-0.037692733,0.005667989,0,0
31380000,0,0,-0.037692733,0.005667989,0,0
31388000,0,0,-0.037692733,0.005667989,0,0
31396000,0,0,-0.04334314,0.004919826,0,0
31412000,0,0,-0.04334314,0.004919826,0,0
31420000,0,0,-0.04334314,0.004919826,0,0
31428000,0,0,-0.05371096,-0.000866708,0,0
31436000,0,0,-0.05371096,-0.000866708,0,0
31452000,0,0,-0.05371096,-0.000866708,0,0
31460000,0,0,-0.055845313,-0.0008895047,0,0
31468000,0,0,-0.055845313,-0.0008895047,0,0
31476000,0,0,-0.055845313,-0.0008895047,0,0
31492000,0,0,-0.055845313,-0.0008895047,0,0
31500000,0,0,-0.05119327,0.00067482016,0,0
31508000,0,0,-0.05119327,0.00067482016,0,0
31516000,0,0,-0.05119327,0.00067482016,0,0
31532000,0,0,-0.05425429,0.0059212297,0,0
31540000,0,0,-0.05425429,0.0059212297,0,0
31548000,0,0,-0.05425429,0.0059212297,0,0
31556000,0,0,-0.05425429,0.0059212297,0,0
31572000,0,0,-0.04659054,0.0019021248,0,0
31580000,0,0,-0.04659054,0.0019021248,0,0
31588000,0,0,-0.04659054,0.0019021248,0,0
31596000,0,0,-0.04281893,-0.0038647356,0,0
31612000,0,0,-0.04281893,-0.0038647356,0,0
31620000,0,0,-0.04281893,-0.0038647356,0,0
31628000,0,0,-0.041574366,-0.0014105807,0,0
31636000,0,0,-0.041574366,-0.0014105807,0,0
31652000,0,0,-0.041574366,-0.0014105807,0,0
31660000,0,0,-0.040886745,0.0014895111,0,0
31668000,0,0,-0.040886745,0.0014895111,0,0
31676000,0,0,-0.040886745,0.0014895111,0,0
31692000,0,0,-0.04188778,0.0011216123,0,0
31700000,0,0,-0.04188778,0.0011216123,0,0
31708000,0,0,-0.04188778,0.0011216123,0,0
31716000,0,0,-0.04188778,0.0011216123,0,0
31732000,0,0,-0.044592388,0.00061839755,0,0
31740000,0,0,-0.044592388,0.00061839755,0,0
31748000,0,0,-0.044592388,0.00061839755,0,0
31756000,0,0,-0.044592388,0.00061839755,0,0
31772000,0,0,-0.03233628,-0.004459775,0,0
31780000,0,0,-0.03233628,-0.004459775,0,0
31788000,0,0,-0.03233628,-0.004459775,0,0
31796000,0,0,-0.03279751,-0.0028927291,0,0
31812000,0,0,-0.03279751,-0.0028927291,0,0
31820000,0,0,-0.03279751,-0.0028927291,0,0
31828000,0,0,-0.03671142,-0.005367197,0,0
31836000,0,0,-0.03671142,-0.005367197,0,0
31852000,0,0,-0.03671142,-0.005367197,0,0
31860000,0,0,-0.032949112,-0.0030972015,0,0
31868000,0,0,-0.032949112,-0.0030972015,0,0
31876000,0,0,-0.032949112,-0.0030972015,0,0
31892000,0,0,-0.047961924,0.00042898674,0,0
31900000,0,0,-0.047961924,0.00042898674,0,0
31908000,0,0,-0.047961924,0.00042898674,0,0
31916000,0,0,-0.047961924,0.00042898674,0,0
31932000,0,0,-0.037031904,0.0017094273,0,0
31940000,0,0,-0.037031904,0.0017094273,0,0
31948000,0,0,-0.037031904,0.0017094273,0,0
31956000,0,0,-0.029992366,-0.0005662827,0,0
31972000,0,0,-0.029992366,-0.0005662827,0,0
31980000,0,0,-0.029992366,-0.0005662827,0,0
31988000,0,0,-0.03229013,-0.001005579,0,0
31996000,0,0,-0.03229013,-0.001005579,0,0
32012000,0,0,-0.03229013,-0.001005579,0,0
32020000,0,0,-0.03229013,-0.001005579,0,0
32028000,0,0,-0.018226875,0.0041242186,0,0
32036000,0,0,-0.018226875,0.0041242186,0,0
32052000,0,0,-0.018226875,0.0041242186,0,0
32060000,0,0,-0.027131815,0.0025445607,0,0
32068000,0,0,-0.027131815,0.0025445607,0,0
32076000,0,0,-0.027131815,0.0025445607,0,0
32092000,0,0,-0.011748745,0.0024293272,0,0
32100000,0,0,-0.011748745,0.0024293272,0,0
32108000,0,0,-0.011748745,0.0024293272,0,0
32116000,0,0,-0.011748745,0.0024293272,0,0
32132000,0,0,-0.016428584,0.00759431,0,0
32140000,0,0,-0.016428584,0.00759431,0,0
32148000,0,0,-0.016428584,0.00759431,0,0
32156000,0,0,-0.029297737,0.016021386,0,0
32172000,0,0,-0.029297737,0.016021386,0,0
32180000,0,0,-0.029297737,0.016021386,0,0
32188000,0,0,-0.010838396,-0.0002597252,0,0
32196000,0,0,-0.010838396,-0.0002597252,0,0
32212000,0,0,-0.010838396,-0.0002597252,0,0
32220000,0,0,0.003912803,0.0035682367,0,0
32228000,0,0,0.003912803,0.0035682367,0,0
32236000,0,0,0.003912803,0.0035682367,0,0
32252000,0,0,0.006685025,0.006427802,0,0
32260000,0,0,0.006685025,0.006427802,0,0
32268000,0,0,0.006685025,0.006427802,0,0
32276000,0,0,0.006685025,0.006427802,0,0
32292000,0,0,0.0061775367,-0.0012742546,0,0
32300000,0,0,0.0061775367,-0.0012742546,0,0
32308000,0,0,0.0061775367,-0.0012742546,0,0
32316000,0,0,0.0061775367,-0.0012742546,0,0
32332000,0,0,0.00867003,0.0015665427,0,0
32340000,0,0,0.00867003,0.0015665427,0,0
32348000,0,0,0.00867003,0.0015665427,0,0
32356000,0,0,0.004384007,0.011539258,0,0
32372000,0,0,0.004384007,0.011539258,0,0
32380000,0,0,0.004384007,0.011539258,0,0
32388000,0,0,-0.0069334237,0.011407067,0,0
32396000,0,0,-0.0069334237,0.011407067,0,0
32412000,0,0,-0.0069334237,0.011407067,0,0
32420000,0,0,-0.019275468,0.011504521,0,0
32428000,0,0,-0.019275468,0.011504521,0,0
32436000,0,0,-0.019275468,0.011504521,0,0
32452000,0,0,-0.021295838,0.012363138,0,0
32460000,0,0,-0.021295838,0.012363138,0,0
32468000,0,0,-0.021295838,0.012363138,0,0
32476000,0,0,-0.021295838,0.012363138,0,0
32492000,0,0,-0.022568287,0.01674228,0,0
32500000,0,0,-0.022568287,0.01674228,0,0
32508000,0,0,-0.022568287,0.01674228,0,0
32516000,0,0,-0.020503383,0.014154823,0,0
32532000,0,0,-0.020503383,0.014154823,0,0
32540000,0,0,-0.020503383,0.014154823,0,0
32548000,0,0,-0.020503383,0.014154823,0,0
32556000,0,0,-0.004639544,0.019192433,0,0
32572000,0,0,-0.004639544,0.019192433,0,0
32580000,0,0,-0.004639544,0.019192433,0,0
32588000,0,0,-0.01762177,0.024955168,0,0
32596000,0,0,-0.01762177,0.024955168,0,0
32612000,0,0,-0.01762177,0.024955168,0,0
32620000,0,0,-0.01594566,0.016903592,0,0
32628000,0,0,-0.01594566,0.016903592,0,0
32636000,0,0,-0.01594566,0.016903592,0,0
32652000,0,0,-0.0143809,0.012162859,0,0
32660000,0,0,-0.0143809,0.012162859,0,0
32668000,0,0,-0.0143809,0.012162859,0,0
32676000,0,0,-0.0143809,0.012162859,0,0
32692000,0,0,-0.022399075,0.004332206,0,0
32700000,0,0,-0.022399075,0.004332206,0,0
32708000,0,0,-0.022399075,0.004332206,0,0
32716000,0,0,-0.028182004,0.00561296,0,0
32732000,0,0,-0.028182004,0.00561296,0,0
32740000,0,0,-0.028182004,0.00561296,0,0
32748000,0,0,-0.010864406,0.0067668613,0,0
32756000,0,0,-0.010864406,0.0067668613,0,0
32772000,0,0,-0.010864406,0.0067668613,0,0
32780000,0,0,-0.01679536,0.0013069104,0,0
32788000,0,0,-0.01679536,0.0013069104,0,0
32796000,0,0,-0.01679536,0.0013069104,0,0
32812000,0,0,-0.01679536,0.0013069104,0,0
32820000,0,0,-0.010671835,-0.0073711905,0,0
32828000,0,0,-0.010671835,-0.0073711905,0,0
32836000,0,0,-0.010671835,-0.0073711905,0,0
32852000,0,0,-0.0060387948,-0.0077022146,0,0
32860000,0,0,-0.0060387948,-0.0077022146,0,0
32868000,0,0,-0.0060387948,-0.0077022146,0,0
32876000,0,0,-0.0060387948,-0.0077022146,0,0
32892000,0,0,-0.008383945,-0.00951512,0,0
32900000,0,0,-0.008383945,-0.00951512,0,0
32908000,0,0,-0.008383945,-0.00951512,0,0
32916000,0,0,0.00064153975,-0.0140866665,0,0
32932000,0,0,0.00064153975,-0.0140866665,0,0
32940000,0,0,0.00064153975,-0.0140866665,0,0
32948000,0,0,-0.011801823,-0.012631379,0,0
32956000,0,0,-0.011801823,-0.012631379,0,0
32972000,0,0,-0.011801823,-0.012631379,0,0
32980000,0,0,-0.026350986,-0.005392719,0,0
32988000,0,0,-0.026350986,-0.005392719,0,0
32996000,0,0,-0.026350986,-0.005392719,0,0
33012000,0,0,-0.022276834,0.00051427714,0,0
33020000,0,0,-0.022276834,0.00051427714,0,0
33028000,0,0,-0.022276834,0.00051427714,0,0
33036000,0,0,-0.022276834,0.00051427714,0,0
33052000,0,0,-0.015210483,-0.0025536043,0,0
33060000,0,0,-0.015210483,-0.0025536043,0,0
33068000,0,0,-0.015210483,-0.0025536043,0,0
33076000,0,0,-0.015210483,-0.0025536043,0,0
33092000,0,0,-0.005099693,0.0006460197,0,0
33100000,0,0,-0.005099693,0.0006460197,0,0
33108000,0,0,-0.005099693,0.0006460197,0,0
33116000,0,0,0.004387518,-0.0042292303,0,0
33132000,0,0,0.004387518,-0.0042292303,0,0
33140000,0,0,0.004387518,-0.0042292303,0,0
33148000,0,0,0.0042877304,-0.0044823773,0,0
33156000,0,0,0.0042877304,-0.0044823773,0,0
33172000,0,0,0.0042877304,-0.0044823773,0,0
33180000,0,0,-0.0070605744,-0.0007725558,0,0
33188000,0,0,-0.0070605744,-0.0007725558,0,0
33196000,0,0,-0.0070605744,-0.0007725558,0,0
33212000,0,0,-0.010717423,0.007494633,0,0
33220000,0,0,-0.010717423,0.007494633,0,0
33228000,0,0,-0.010717423,0.007494633,0,0
33236000,0,0,-0.010717423,0.007494633,0,0
33252000,0,0,-0.016969169,0.006437561,0,0
33260000,0,0,-0.016969169,0.006437561,0,0
33268000,0,0,-0.016969169,0.006437561,0,0
33276000,0,0,-0.018629517,0.008728096,0,0
33292000,0,0,-0.018629517,0.008728096,0,0
33300000,0,0,-0.018629517,0.008728096,0,0
33308000,0,0,-0.0031575065,0.0040981607,0,0
33316000,0,0,-0.0031575065,0.0040981607,0,0
33332000,0,0,-0.0031575065,0.0040981607,0,0
33340000,0,0,-0.0031575065,0.0040981607,0,0
33348000,0,0,0.0072303712,0.012672123,0,0
33356000,0,0,0.0072303712,0.012672123,0,0
33372000,0,0,0.0072303712,0.012672123,0,0
33380000,0,0,0.0050230976,0.0072663506,0,0
33388000,0,0,0.0050230976,0.0072663506,0,0
33396000,0,0,0.0050230976,0.0072663506,0,0
33412000,0,0,0.011446466,-0.00095179834,0,0
33420000,0,0,0.011446466,-0.00095179834,0,0
33428000,0,0,0.011446466,-0.00095179834,0,0
33436000,0,0,0.011446466,-0.00095179834,0,0
33452000,0,0,0.013955695,-0.0069791144,0,0
33460000,0,0,0.013955695,-0.0069791144,0,0
33468000,0,0,0.013955695,-0.0069791144,0,0
33476000,0,0,0.004713905,-0.0080579845,0,0
33492000,0,0,0.004713905,-0.0080579845,0,0
33500000,0,0,0.004713905,-0.0080579845,0,0
33508000,0,0,0.007666433,-0.011452539,0,0
33516000,0,0,0.007666433,-0.011452539,0,0
33532000,0,0,0.007666433,-0.011452539,0,0
33540000,0,0,-0.007633516,-0.01606862,0,0
33548000,0,0,-0.007633516,-0.01606862,0,0
33556000,0,0,-0.007633516,-0.01606862,0,0
33572000,0,0,-0.008877316,-0.019938422,0,0
33580000,0,0,-0.008877316,-0.019938422,0,0
33588000,0,0,-0.008877316,-0.019938422,0,0
33596000,0,0,-0.008877316,-0.019938422,0,0
33612000,0,0,-0.002333308,-0.019549632,0,0
33620000,0,0,-0.002333308,-0.019549632,0,0
33628000,0,0,-0.002333308,-0.019549632,0,0
33636000,0,0,-0.002333308,-0.019549632,0,0
33652000,0,0,0.009904457,-0.017313637,0,0
33660000,0,0,0.009904457,-0.017313637,0,0
33668000,0,0,0.009904457,-0.017313637,0,0
33676000,0,0,-0.0007369233,-0.029059878,0,0
33692000,0,0,-0.0007369233,-0.029059878,0,0
33700000,0,0,-0.0007369233,-0.029059878,0,0
33708000,0,0,-0.006563306,-0.023750681,0,0
33716000,0,0,-0.006563306,-0.023750681,0,0
33732000,0,0,-0.006563306,-0.023750681,0,0
33740000,0,0,-0.028569605,-0.031899836,0,0
33748000,0,0,-0.028569605,-0.031899836,0,0
33756000,0,0,-0.028569605,-0.031899836,0,0
33772000,0,0,-0.027611127,-0.02272494,0,0
33780000,0,0,-0.027611127,-0.02272494,0,0
33788000,0,0,-0.027611127,-0.02272494,0,0
33796000,0,0,-0.027611127,-0.02272494,0,0
33812000,0,0,-0.035259366,-0.017105965,0,0
33820000,0,0,-0.035259366,-0.017105965,0,0
33828000,0,0,-0.035259366,-0.017105965,0,0
33836000,0,0,-0.025190024,-0.00012977108,0,0
33852000,0,0,-0.025190024,-0.00012977108,0,0
33860000,0,0,-0.025190024,-0.00012977108,0,0
33868000,0,0,-0.025190024,-0.00012977108,0,0
33876000,0,0,-0.02481419,-0.0013225797,0,0
33892000,0,0,-0.02481419,-0.0013225797,0,0
33900000,0,0,-0.02481419,-0.0013225797,0,0
33908000,0,0,-0.014747291,-0.004210921,0,0
33916000,0,0,-0.014747291,-0.004210921,0,0
33932000,0,0,-0.014747291,-0.004210921,0,0
33940000,0,0,-0.020129217,0.0036981015,0,0
33948000,0,0,-0.020129217,0.0036981015,0,0
33956000,0,0,-0.020129217,0.0036981015,0,0
33972000,0,0,-0.02618521,0.001304804,0,0
33980000,0,0,-0.02618521,0.001304804,0,0
33988000,0,0,-0.02618521,0.001304804,0,0
33996000,0,0,-0.02618521,0.001304804,0,0
34012000,0,0,-0.036098443,0.0013944624,0,0
34020000,0,0,-0.036098443,0.0013944624,0,0
34028000,0,0,-0.036098443,0.0013944624,0,0
34036000,0,0,-0.038613558,0.003426429,0,0
34052000,0,0,-0.038613558,0.003426429,0,0
34060000,0,0,-0.038613558,0.003426429,0,0
34068000,0,0,-0.029096628,-0.0022833496,0,0
34076000,0,0,-0.029096628,-0.0022833496,0,0
34092000,0,0,-0.029096628,-0.0022833496,0,0
34100000,0,0,-0.025675463,-0.008733062,0,0
34108000,0,0,-0.025675463,-0.008733062,0,0
34116000,0,0,-0.025675463,-0.008733062,0,0
34132000,0,0,-0.025675463,-0.008733062,0,0
34140000,0,0,-0.029404571,-0.005639922,0,0
34148000,0,0,-0.029404571,-0.005639922,0,0
34156000,0,0,-0.029404571,-0.005639922,0,0
34172000,0,0,-0.023839556,-0.0018567411,0,0
34180000,0,0,-0.023839556,-0.0018567411,0,0
34188000,0,0,-0.023839556,-0.0018567411,0,0
34200000,0,0,-0.023839556,-0.0018567411,0,0
34208000,0,0,-0.018672796,-0.0019581562,0,0
34216000,0,0,-0.018672796,-0.0019581562,0,0
34232000,0,0,-0.018672796,-0.0019581562,0,0
34240000,0,0,-0.017416744,0.00018119118,0,0
34248000,0,0,-0.017416744,0.00018119118,0,0
34256000,0,0,-0.017416744,0.00018119118,0,0
34272000,0,0,-0.008619471,-0.0038229218,0,0
34280000,0,0,-0.008619471,-0.0038229218,0,0
34288000,0,0,-0.008619471,-0.0038229218,0,0
34296000,0,0,-0.008619471,-0.0038229218,0,0
34312000,0,0,-0.015344106,-0.000929489,0,0
34320000,0,0,-0.015344106,-0.000929489,0,0
34328000,0,0,-0.015344106,-0.000929489,0,0
34336000,0,0,-0.0077559007,0.007066021,0,0
34352000,0,0,-0.0077559007,0.007066021,0,0
34360000,0,0,-0.0077559007,0.007066021,0,0
34368000,0,0,-0.009519363,0.0054857456,0,0
34376000,0,0,-0.009519363,0.0054857456,0,0
34392000,0,0,-0.009519363,0.0054857456,0,0
34400000,0,0,-0.012745722,0.00012354112,0,0
34408000,0,0,-0.012745722,0.00012354112,0,0
34416000,0,0,-0.012745722,0.00012354112,0,0
34432000,0,0,-0.0019476471,-0.006789967,0,0
34440000,0,0,-0.0019476471,-0.006789967,0,0
34448000,0,0,-0.0019476471,-0.006789967,0,0
34456000,0,0,-0.0019476471,-0.006789967,0,0
34472000,0,0,0.004525034,-0.014565639,0,0
34480000,0,0,0.004525034,-0.014565639,0,0
34488000,0,0,0.004525034,-0.014565639,0,0
34496000,0,0,0.0075246263,-0.023137154,0,0
34512000,0,0,0.0075246263,-0.023137154,0,0
34520000,0,0,0.0075246263,-0.023137154,0,0
34528000,0,0,0.0075246263,-0.023137154,0,0
34536000,0,0,0.018067125,-0.023659956,0,0
34552000,0,0,0.018067125,-0.023659956,0,0
34560000,0,0,0.018067125,-0.023659956,0,0
34568000,0,0,0.021515148,-0.019686356,0,0
34576000,0,0,0.021515148,-0.019686356,0,0
34592000,0,0,0.021515148,-0.019686356,0,0
34600000,0,0,0.027617903,-0.0132359415,0,0
34608000,0,0,0.027617903,-0.0132359415,0,0
34616000,0,0,0.027617903,-0.0132359415,0,0
34632000,0,0,0.017681355,-0.010838472,0,0
34640000,0,0,0.017681355,-0.010838472,0,0
34648000,0,0,0.017681355,-0.010838472,0,0
34656000,0,0,0.017681355,-0.010838472,0,0
34672000,0,0,0.016627364,-0.001985613,0,0
34680000,0,0,0.016627364,-0.001985613,0,0
34688000,0,0,0.016627364,-0.001985613,0,0
34696000,0,0,0.01051756,-0.0044535,0,0
34712000,0,0,0.01051756,-0.0044535,0,0
34720000,0,0,0.01051756,-0.0044535,0,0
34728000,0,0,0.008549184,-0.0065204883,0,0
34736000,0,0,0.008549184,-0.0065204883,0,0
34752000,0,0,0.008549184,-0.0065204883,0,0
34760000,0,0,0.016661314,-0.008526509,0,0
34768000,0,0,0.016661314,-0.008526509,0,0
34776000,0,0,0.016661314,-0.008526509,0,0
34792000,0,0,0.016661314,-0.008526509,0,0
34800000,0,0,0.012821128,-0.0027097368,0,0
34808000,0,0,0.012821128,-0.0027097368,0,0
34816000,0,0,0.012821128,-0.0027097368,0,0
34832000,0,0,0.008236699,-0.001244258,0,0
34840000,0,0,0.008236699,-0.001244258,0,0
34848000,0,0,0.008236699,-0.001244258,0,0
34856000,0,0,0.008236699,-0.001244258,0,0
34872000,0,0,0.019650927,-0.0013935515,0,0
34880000,0,0,0.019650927,-0.0013935515,0,0
34888000,0,0,0.019650927,-0.0013935515,0,0
34896000,0,0,0.025791237,-0.0010635287,0,0
34912000,0,0,0.025791237,-0.0010635287,0,0
34920000,0,0,0.025791237,-0.0010635287,0,0
34928000,0,0,0.031395234,0.0045924797,0,0
34936000,0,0,0.031395234,0.0045924797,0,0
34952000,0,0,0.031395234,0.0045924797,0,0
34960000,0,0,0.030438317,0.0039349403,0,0
34968000,0,0,0.030438317,0.0039349403,0,0
34976000,0,0,0.030438317,0.0039349403,0,0
34992000,0,0,0.027816275,0.0037839585,0,0
35000000,0,0,0.027816275,0.0037839585,0,0
35008000,0,0,0.027816275,0.0037839585,0,0
35016000,0,0,0.027816275,0.0037839585,0,0
35032000,0,0,0.028058901,0.006952429,0,0
35040000,0,0,0.028058901,0.006952429,0,0
35048000,0,0,0.028058901,0.006952429,0,0
35056000,0,0,0.028058901,0.006952429,0,0
35072000,0,0,0.022797748,-0.0013085044,0,0
35080000,0,0,0.022797748,-0.0013085044,0,0
35088000,0,0,0.022797748,-0.0013085044,0,0
35096000,0,0,0.019664131,-0.0056139026,0,0
35112000,0,0,0.019664131,-0.0056139026,0,0
35120000,0,0,0.019664131,-0.0056139026,0,0
35128000,0,0,0.02883196,-0.0064431927,0,0
35136000,0,0,0.02883196,-0.0064431927,0,0
35152000,0,0,0.02883196,-0.0064431927,0,0
35160000,0,0,0.033660363,-0.0039275293,0,0
35168000,0,0,0.033660363,-0.0039275293,0,0
35176000,0,0,0.033660363,-0.0039275293,0,0
35192000,0,0,0.01885106,-0.003535626,0,0
35200000,0,0,0.01885106,-0.003535626,0,0
35208000,0,0,0.01885106,-0.003535626,0,0
35216000,0,0,0.01885106,-0.003535626,0,0
35232000,0,0,0.006937739,-0.010042306,0,0
35240000,0,0,0.006937739,-0.010042306,0,0
35248000,0,0,0.006937739,-0.010042306,0,0
35256000,0,0,0.0063329847,-0.0116736,0,0
35272000,0,0,0.0063329847,-0.0116736,0,0
35280000,0,0,0.0063329847,-0.0116736,0,0
35288000,0,0,0.010831305,-0.0075274883,0,0
35296000,0,0,0.010831305,-0.0075274883,0,0
35312000,0,0,0.010831305,-0.0075274883,0,0
35320000,0,0,0.010831305,-0.0075274883,0,0
35328000,0,0,0.005895405,-0.0013353158,0,0
35336000,0,0,0.005895405,-0.0013353158,0,0
35352000,0,0,0.005895405,-0.0013353158,0,0
35360000,0,0,0.022731986,0.0027215716,0,0
35368000,0,0,0.022731986,0.0027215716,0,0
35376000,0,0,0.022731986,0.0027215716,0,0
35392000,0,0,0.025622588,0.0031221018,0,0
35400000,0,0,0.025622588,0.0031221018,0,0
35408000,0,0,0.025622588,0.0031221018,0,0
35416000,0,0,0.025622588,0.0031221018,0,0
35432000,0,0,0.0301857,0.003476537,0,0
35440000,0,0,0.0301857,0.003476537,0,0
35448000,0,0,0.0301857,0.003476537,0,0
35456000,0,0,0.023095736,0.011146285,0,0
35472000,0,0,0.023095736,0.011146285,0,0
35480000,0,0,0.023095736,0.011146285,0,0
35488000,0,0,0.013074265,0.00460013,0,0
35496000,0,0,0.013074265,0.00460013,0,0
35512000,0,0,0.013074265,0.00460013,0,0
35520000,0,0,0.018999837,-0.0052341903,0,0
35528000,0,0,0.018999837,-0.0052341903,0,0
35536000,0,0,0.018999837,-0.0052341903,0,0
35552000,0,0,0.01546284,-0.0043464266,0,0
35560000,0,0,0.01546284,-0.0043464266,0,0
35568000,0,0,0.01546284,-0.0043464266,0,0
35576000,0,0,0.01546284,-0.0043464266,0,0
35592000,0,0,0.01819546,0.006936416,0,0
35600000,0,0,0.01819546,0.006936416,0,0
35608000,0,0,0.01819546,0.006936416,0,0
35616000,0,0,0.01819546,0.006936416,0,0
35632000,0,0,0.023987232,0.006278638,0,0
35640000,0,0,0.023987232,0.006278638,0,0
35648000,0,0,0.023987232,0.006278638,0,0
35656000,0,0,0.030666584,0.009596186,0,0
35672000,0,0,0.030666584,0.009596186,0,0
35680000,0,0,0.030666584,0.009596186,0,0
35688000,0,0,0.031951822,0.010502568,0,0
35696000,0,0,0.031951822,0.010502568,0,0
35712000,0,0,0.031951822,0.010502568,0,0
35720000,0,0,0.04012419,0.0038367554,0,0
35728000,0,0,0.04012419,0.0038367554,0,0
35736000,0,0,0.04012419,0.0038367554,0,0
35752000,0,0,0.054560255,-0.00493481,0,0
35760000,0,0,0.054560255,-0.00493481,0,0
35768000,0,0,0.054560255,-0.00493481,0,0
35776000,0,0,0.054560255,-0.00493481,0,0
35792000,0,0,0.046543323,-0.0030142725,0,0
35800000,0,0,0.046543323,-0.0030142725,0,0
35808000,0,0,0.046543323,-0.0030142725,0,0
35816000,0,0,0.034559205,-0.0013935847,0,0
35832000,0,0,0.034559205,-0.0013935847,0,0
35840000,0,0,0.034559205,-0.0013935847,0,0
35848000,0,0,0.034559205,-0.0013935847,0,0
35856000,0,0,0.028734226,-0.0024719941,0,0
35872000,0,0,0.028734226,-0.0024719941,0,0
35880000,0,0,0.028734226,-0.0024719941,0,0
35888000,0,0,0.029146409,0.0010981066,0,0
35896000,0,0,0.029146409,0.0010981066,0,0
35912000,0,0,0.029146409,0.0010981066,0,0
35920000,0,0,0.019171879,0.00016913092,0,0
35928000,0,0,0.019171879,0.00016913092,0,0
35936000,0,0,0.019171879,0.00016913092,0,0
35952000,0,0,0.008621078,-0.005524518,0,0
35960000,0,0,0.008621078,-0.005524518,0,0
35968000,0,0,0.008621078,-0.005524518,0,0
35976000,0,0,0.008621078,-0.005524518,0,0
35992000,0,0,-0.0064145126,-0.012238915,0,0
36000000,0,0,-0.0064145126,-0.012238915,0,0
36008000,0,0,-0.0064145126,-0.012238915,0,0
36016000,0,0,-0.0025981886,-0.007479849,0,0
36032000,0,0,-0.0025981886,-0.007479849,0,0
36040000,0,0,-0.0025981886,-0.007479849,0,0
36048000,0,0,0.00644775,-0.011341705,0,0
36056000,0,0,0.00644775,-0.011341705,0,0
36072000,0,0,0.00644775,-0.011341705,0,0
36080000,0,0,0.012466122,-0.008359977,0,0
36088000,0,0,0.012466122,-0.008359977,0,0
36096000,0,0,0.012466122,-0.008359977,0,0
36112000,0,0,0.012466122,-0.008359977,0,0
36120000,0,0,0.023278153,0.0026803345,0,0
36128000,0,0,0.023278153,0.0026803345,0,0
36136000,0,0,0.023278153,0.0026803345,0,0
36152000,0,0,0.013998622,-0.0042152614,0,0
36160000,0,0,0.013998622,-0.0042152614,0,0
36168000,0,0,0.013998622,-0.0042152614,0,0
36176000,0,0,0.013998622,-0.0042152614,0,0
36192000,0,0,0.008988386,-0.0073918626,0,0
36200000,0,0,0.008988386,-0.0073918626,0,0
36208000,0,0,0.008988386,-0.0073918626,0,0
36216000,0,0,0.013673412,-0.004450148,0,0
36232000,0,0,0.013673412,-0.004450148,0,0
36240000,0,0,0.013673412,-0.004450148,0,0
36248000,0,0,0.023247667,-0.0035302036,0,0
36256000,0,0,0.023247667,-0.0035302036,0,0
36272000,0,0,0.023247667,-0.0035302036,0,0
36280000,0,0,0.033826012,-0.004346617,0,0
36288000,0,0,0.033826012,-0.004346617,0,0
36296000,0,0,0.033826012,-0.004346617,0,0
36312000,0,0,0.028050812,-0.0075122095,0,0
36320000,0,0,0.028050812,-0.0075122095,0,0
36328000,0,0,0.028050812,-0.0075122095,0,0
36336000,0,0,0.028050812,-0.0075122095,0,0
36352000,0,0,0.02906791,-0.0166372,0,0
36360000,0,0,0.02906791,-0.0166372,0,0
36368000,0,0,0.02906791,-0.0166372,0,0
36376000,0,0,0.02906791,-0.0166372,0,0
36392000,0,0,0.016518638,-0.019224659,0,0
36400000,0,0,0.016518638,-0.019224659,0,0
36408000,0,0,0.016518638,-0.019224659,0,0
36416000,0,0,0.013399344,-0.018381411,0,0
36432000,0,0,0.013399344,-0.018381411,0,0
36440000,0,0,0.013399344,-0.018381411,0,0
36448000,0,0,0.022256237,-0.027064491,0,0
36456000,0,0,0.022256237,-0.027064491,0,0
36472000,0,0,0.022256237,-0.027064491,0,0
36480000,0,0,0.015285548,-0.014626503,0,0
36488000,0,0,0.015285548,-0.014626503,0,0
36496000,0,0,0.015285548,-0.014626503,0,0
36512000,0,0,0.014037417,-0.025748372,0,0
36520000,0,0,0.014037417,-0.025748372,0,0
36528000,0,0,0.014037417,-0.025748372,0,0
36536000,0,0,0.014037417,-0.025748372,0,0
36552000,0,0,0.013641031,-0.028252454,0,0
36560000,0,0,0.013641031,-0.028252454,0,0
36568000,0,0,0.013641031,-0.028252454,0,0
36576000,0,0,0.020291058,-0.029102331,0,0
36592000,0,0,0.020291058,-0.029102331,0,0
36600000,0,0,0.020291058,-0.029102331,0,0
36608000,0,0,0.0075434525,-0.03402448,0,0
36616000,0,0,0.0075434525,-0.03402448,0,0
36632000,0,0,0.0075434525,-0.03402448,0,0
36640000,0,0,0.0075434525,-0.03402448,0,0
36648000,0,0,0.0095357355,-0.03504396,0,0
36656000,0,0,0.0095357355,-0.03504396,0,0
36672000,0,0,0.0095357355,-0.03504396,0,0
36680000,0,0,0.014399823,-0.039587334,0,0
36688000,0,0,0.014399823,-0.039587334,0,0
36696000,0,0,0.014399823,-0.039587334,0,0
36712000,0,0,0.011965803,-0.043808505,0,0
36720000,0,0,0.011965803,-0.043808505,0,0
36728000,0,0,0.011965803,-0.043808505,0,0
36736000,0,0,0.011965803,-0.043808505,0,0
36752000,0,0,0.01853514,-0.047424003,0,0
36760000,0,0,0.01853514,-0.047424003,0,0
36768000,0,0,0.01853514,-0.047424003,0,0
36776000,0,0,0.019897025,-0.05310408,0,0
36792000,0,0,0.019897025,-0.05310408,0,0
36800000,0,0,0.019897025,-0.05310408,0,0
36808000,0,0,0.022146204,-0.055989105,0,0
36816000,0,0,0.022146204,-0.055989105,0,0
36832000,0,0,0.022146204,-0.055989105,0,0
36840000,0,0,0.031249462,-0.044892006,0,0
36848000,0,0,0.031249462,-0.044892006,0,0
36856000,0,0,0.031249462,-0.044892006,0,0
36872000,0,0,0.040258974,-0.0419081,0,0
36880000,0,0,0.040258974,-0.0419081,0,0
36888000,0,0,0.040258974,-0.0419081,0,0
36896000,0,0,0.040258974,-0.0419081,0,0
36912000,0,0,0.032470554,-0.045660477,0,0
36920000,0,0,0.032470554,-0.045660477,0,0
36928000,0,0,0.032470554,-0.045660477,0,0
36936000,0,0,0.032470554,-0.045660477,0,0
36952000,0,0,0.020475635,-0.04168878,0,0
36960000,0,0,0.020475635,-0.04168878,0,0
36968000,0,0,0.020475635,-0.04168878,0,0
36976000,0,0,0.02358263,-0.039380394,0,0
36992000,0,0,0.02358263,-0.039380394,0,0
37000000,0,0,0.02358263,-0.039380394,0,0
37008000,0,0,0.026597606,-0.03855009,0,0
37016000,0,0,0.026597606,-0.03855009,0,0
37032000,0,0,0.026597606,-0.03855009,0,0
37040000,0,0,0.023044828,-0.038910344,0,0
37048000,0,0,0.023044828,-0.038910344,0,0
37056000,0,0,0.023044828,-0.038910344,0,0
37072000,0,0,0.02051161,-0.049845688,0,0
37080000,0,0,0.02051161,-0.049845688,0,0
37088000,0,0,0.02051161,-0.049845688,0,0
37096000,0,0,0.02051161,-0.049845688,0,0
37112000,0,0,0.019176003,-0.06044586,0,0
37120000,0,0,0.019176003,-0.06044586,0,0
37128000,0,0,0.019176003,-0.06044586,0,0
37136000,0,0,0.02438051,-0.04748387,0,0
37152000,0,0,0.02438051,-0.04748387,0,0
37160000,0,0,0.02438051,-0.04748387,0,0
37168000,0,0,0.02438051,-0.04748387,0,0
37176000,0,0,0.011248766,-0.04227174,0,0
37192000,0,0,0.011248766,-0.04227174,0,0
37200000,0,0,0.011248766,-0.04227174,0,0
37208000,0,0,0.006046264,-0.042397324,0,0
37216000,0,0,0.006046264,-0.042397324,0,0
37232000,0,0,0.006046264,-0.042397324,0,0
37240000,0,0,0.008963754,-0.05808008,0,0
37248000,0,0,0.008963754,-0.05808008,0,0
37256000,0,0,0.008963754,-0.05808008,0,0
37272000,0,0,-0.0003775708,-0.05817821,0,0
37280000,0,0,-0.0003775708,-0.05817821,0,0
37288000,0,0,-0.0003775708,-0.05817821,0,0
37296000,0,0,-0.0003775708,-0.05817821,0,0
37312000,0,0,-0.006509067,-0.06701027,0,0
37320000,0,0,-0.006509067,-0.06701027,0,0
37328000,0,0,-0.006509067,-0.06701027,0,0
37336000,0,0,-0.0058265175,-0.07680807,0,0
37352000,0,0,-0.0058265175,-0.07680807,0,0
37360000,0,0,-0.0058265175,-0.07680807,0,0
37368000,0,0,-0.025369281,-0.084001936,0,0
37376000,0,0,-0.025369281,-0.084001936,0,0
37392000,0,0,-0.025369281,-0.084001936,0,0
37400000,0,0,-0.024460837,-0.089581676,0,0
37408000,0,0,-0.024460837,-0.089581676,0,0
37416000,0,0,-0.024460837,-0.089581676,0,0
37432000,0,0,-0.024460837,-0.089581676,0,0
37440000,0,0,-0.018481357,-0.08801687,0,0
37448000,0,0,-0.018481357,-0.08801687,0,0
37456000,0,0,-0.018481357,-0.08801687,0,0
37472000,0,0,-0.013284828,-0.08730585,0,0
37480000,0,0,-0.013284828,-0.08730585,0,0
37488000,0,0,-0.013284828,-0.08730585,0,0
37496000,0,0,-0.013284828,-0.08730585,0,0
37512000,0,0,-0.01267861,-0.08910832,0,0
37520000,0,0,-0.01267861,-0.08910832,0,0
37528000,0,0,-0.01267861,-0.08910832,0,0
37536000,0,0,-0.017379256,-0.08503604,0,0
37552000,0,0,-0.017379256,-0.08503604,0,0
37560000,0,0,-0.017379256,-0.08503604,0,0
37568000,0,0,-0.02100631,-0.0956379,0,0
37576000,0,0,-0.02100631,-0.0956379,0,0
37592000,0,0,-0.02100631,-0.0956379,0,0
37600000,0,0,-0.01538187,-0.10128192,0,0
37608000,0,0,-0.01538187,-0.10128192,0,0
37616000,0,0,-0.01538187,-0.10128192,0,0
37636000,0,0,-0.02403265,-0.09616896,0,0
37640000,0,0,-0.02403265,-0.09616896,0,0
37648000,0,0,-0.02403265,-0.09616896,0,0
37656000,0,0,-0.02403265,-0.09616896,0,0
37672000,0,0,-0.027750744,-0.089453146,0,0
37680000,0,0,-0.027750744,-0.089453146,0,0
37688000,0,0,-0.027750744,-0.089453146,0,0
37696000,0,0,-0.027750744,-0.089453146,0,0
37712000,0,0,-0.026537653,-0.082646914,0,0
37720000,0,0,-0.026537653,-0.082646914,0,0
37728000,0,0,-0.026537653,-0.082646914,0,0
37736000,0,0,-0.023704907,-0.07335582,0,0
37752000,0,0,-0.023704907,-0.07335582,0,0
37760000,0,0,-0.023704907,-0.07335582,0,0
37768000,0,0,-0.025173951,-0.06822824,0,0
37776000,0,0,-0.025173951,-0.06822824,0,0
37792000,0,0,-0.025173951,-0.06822824,0,0
37800000,0,0,-0.029103057,-0.07040866,0,0
37808000,0,0,-0.029103057,-0.07040866,0,0
37816000,0,0,-0.029103057,-0.07040866,0,0
37832000,0,0,-0.02069047,-0.07588068,0,0
37840000,0,0,-0.02069047,-0.07588068,0,0
37848000,0,0,-0.02069047,-0.07588068,0,0
37856000,0,0,-0.02069047,-0.07588068,0,0
37872000,0,0,-0.019261325,-0.07500954,0,0
37880000,0,0,-0.019261325,-0.07500954,0,0
37888000,0,0,-0.019261325,-0.07500954,0,0
37896000,0,0,-0.020866934,-0.0712906,0,0
37912000,0,0,-0.020866934,-0.0712906,0,0
37920000,0,0,-0.020866934,-0.0712906,0,0
37928000,0,0,-0.008456466,-0.06644303,0,0
37936000,0,0,-0.008456466,-0.06644303,0,0
37952000,0,0,-0.008456466,-0.06644303,0,0
37960000,0,0,-0.008456466,-0.06644303,0,0
37968000,0,0,-0.015822396,-0.0598375,0,0
37976000,0,0,-0.015822396,-0.0598375,0,0
37992000,0,0,-0.015822396,-0.0598375,0,0
38000000,0,0,0.00542313,-0.05759992,0,0
38008000,0,0,0.00542313,-0.05759992,0,0
38016000,0,0,0.00542313,-0.05759992,0,0
38032000,0,0,0.010066651,-0.057357,0,0
38040000,0,0,0.010066651,-0.057357,0,0
38048000,0,0,0.010066651,-0.057357,0,0
38056000,0,0,0.010066651,-0.057357,0,0
38072000,0,0,0.017978624,-0.06441639,0,0
38080000,0,0,0.017978624,-0.06441639,0,0
38088000,0,0,0.017978624,-0.06441639,0,0
38096000,0,0,0.012296449,-0.072514854,0,0
38112000,0,0,0.012296449,-0.072514854,0,0
38120000,0,0,0.012296449,-0.072514854,0,0
38128000,0,0,0.013866433,-0.06659584,0,0
38136000,0,0,0.013866433,-0.06659584,0,0
38152000,0,0,0.013866433,-0.06659584,0,0
38160000,0,0,0.006786923,-0.060444184,0,0
38168000,0,0,0.006786923,-0.060444184,0,0
38176000,0,0,0.006786923,-0.060444184,0,0
38192000,0,0,0.004073442,-0.060596485,0,0
38200000,0,0,0.004073442,-0.060596485,0,0
38208000,0,0,0.004073442,-0.060596485,0,0
38216000,0,0,0.004073442,-0.060596485,0,0
38232000,0,0,0.015939109,-0.04551161,0,0
38240000,0,0,0.015939109,-0.04551161,0,0
38248000,0,0,0.015939109,-0.04551161,0,0
38256000,0,0,0.015939109,-0.04551161,0,0
38272000,0,0,0.013937981,-0.034296364,0,0
38280000,0,0,0.013937981,-0.034296364,0,0
38288000,0,0,0.013937981,-0.034296364,0,0
38296000,0,0,0.022856804,-0.034288783,0,0
38312000,0,0,0.022856804,-0.034288783,0,0
38320000,0,0,0.022856804,-0.034288783,0,0
38328000,0,0,0.020097775,-0.030162573,0,0
38336000,0,0,0.020097775,-0.030162573,0,0
38352000,0,0,0.020097775,-0.030162573,0,0
38360000,0,0,3.5733883e-05,-0.04079418,0,0
38368000,0,0,3.5733883e-05,-0.04079418,0,0
38376000,0,0,3.5733883e-05,-0.04079418,0,0
38392000,0,0,0.0047031865,-0.04566542,0,0
38400000,0,0,0.0047031865,-0.04566542,0,0
38408000,0,0,0.0047031865,-0.04566542,0,0
38416000,0,0,0.0047031865,-0.04566542,0,0
38432000,0,0,-0.01132417,-0.051368456,0,0
38440000,0,0,-0.01132417,-0.051368456,0,0
38448000,0,0,-0.01132417,-0.051368456,0,0
38456000,0,0,-0.00847907,-0.059506986,0,0
38472000,0,0,-0.00847907,-0.059506986,0,0
38480000,0,0,-0.00847907,-0.059506986,0,0
38488000,0,0,-0.00847907,-0.059506986,0,0
38496000,0,0,-0.019209068,-0.04412592,0,0
38512000,0,0,-0.019209068,-0.04412592,0,0
38520000,0,0,-0.019209068,-0.04412592,0,0
38528000,0,0,-0.0064630965,-0.044085238,0,0
38536000,0,0,-0.0064630965,-0.044085238,0,0
38552000,0,0,-0.0064630965,-0.044085238,0,0
38560000,0,0,0.00017177945,-0.047387373,0,0
38568000,0,0,0.00017177945,-0.047387373,0,0
38576000,0,0,0.00017177945,-0.047387373,0,0
38592000,0,0,0.00018356273,-0.048990287,0,0
38600000,0,0,0.00018356273,-0.048990287,0,0
38608000,0,0,0.00018356273,-0.048990287,0,0
38616000,0,0,0.00018356273,-0.048990287,0,0
38632000,0,0,0.0052617937,-0.060683444,0,0
38640000,0,0,0.0052617937,-0.060683444,0,0
38648000,0,0,0.0052617937,-0.060683444,0,0
38656000,0,0,0.024513438,-0.07321775,0,0
38672000,0,0,0.024513438,-0.07321775,0,0
38680000,0,0,0.024513438,-0.07321775,0,0
38688000,0,0,0.026290692,-0.07266245,0,0
38696000,0,0,0.026290692,-0.07266245,0,0
38712000,0,0,0.026290692,-0.07266245,0,0
38720000,0,0,0.02541452,-0.077510335,0,0
38728000,0,0,0.02541452,-0.077510335,0,0
38736000,0,0,0.02541452,-0.077510335,0,0
38752000,0,0,0.02541452,-0.077510335,0,0
38760000,0,0,0.022540562,-0.07113025,0,0
38768000,0,0,0.022540562,-0.07113025,0,0
38776000,0,0,0.022540562,-0.07113025,0,0
38792000,0,0,0.037142355,-0.07135977,0,0
38800000,0,0,0.037142355,-0.07135977,0,0
38808000,0,0,0.037142355,-0.07135977,0,0
38816000,0,0,0.037142355,-0.07135977,0,0
38832000,0,0,0.036868844,-0.07583906,0,0
38840000,0,0,0.036868844,-0.07583906,0,0
38848000,0,0,0.036868844,-0.07583906,0,0
38856000,0,0,0.01954278,-0.07053444,0,0
38872000,0,0,0.01954278,-0.07053444,0,0
38880000,0,0,0.01954278,-0.07053444,0,0
38888000,0,0,0.011443766,-0.07815771,0,0
38896000,0,0,0.011443766,-0.07815771,0,0
38912000,0,0,0.011443766,-0.07815771,0,0
38920000,0,0,0.009383794,-0.07608995,0,0
38928000,0,0,0.009383794,-0.07608995,0,0
38936000,0,0,0.009383794,-0.07608995,0,0
38952000,0,0,0.0032958353,-0.07684642,0,0
38960000,0,0,0.0032958353,-0.07684642,0,0
38968000,0,0,0.0032958353,-0.07684642,0,0
38976000,0,0,0.0032958353,-0.07684642,0,0
38992000,0,0,0.0034036303,-0.06990965,0,0
39000000,0,0,0.0034036303,-0.06990965,0,0
39008000,0,0,0.0034036303,-0.06990965,0,0
39016000,0,0,0.0034036303,-0.06990965,0,0
39032000,0,0,0.009401553,-0.058924463,0,0
39040000,0,0,0.009401553,-0.058924463,0,0
39048000,0,0,0.009401553,-0.058924463,0,0
39056000,0,0,-0.004371585,-0.06598674,0,0
39072000,0,0,-0.004371585,-0.06598674,0,0
39080000,0,0,-0.004371585,-0.06598674,0,0
39088000,0,0,0.0032776732,-0.05678254,0,0
39096000,0,0,0.0032776732,-0.05678254,0,0
39112000,0,0,0.0032776732,-0.05678254,0,0
39120000,0,0,0.0047506355,-0.055543594,0,0
39128000,0,0,0.0047506355,-0.055543594,0,0
39136000,0,0,0.0047506355,-0.055543594,0,0
39152000,0,0,-0.0068997513,-0.0685131,0,0
39160000,0,0,-0.0068997513,-0.0685131,0,0
39168000,0,0,-0.0068997513,-0.0685131,0,0
39176000,0,0,-0.0068997513,-0.0685131,0,0
39192000,0,0,0.0036667725,-0.06101196,0,0
39200000,0,0,0.0036667725,-0.06101196,0,0
39208000,0,0,0.0036667725,-0.06101196,0,0
39216000,0,0,0.0012586428,-0.057712357,0,0
39232000,0,0,0.0012586428,-0.057712357,0,0
39240000,0,0,0.0012586428,-0.057712357,0,0
39248000,0,0,-0.0054609994,-0.060526498,0,0
39256000,0,0,-0.0054609994,-0.060526498,0,0
39272000,0,0,-0.0054609994,-0.060526498,0,0
39280000,0,0,-0.0054609994,-0.060526498,0,0
39288000,0,0,-0.004592555,-0.045487475,0,0
39296000,0,0,-0.004592555,-0.045487475,0,0
39312000,0,0,-0.004592555,-0.045487475,0,0
39320000,0,0,0.0033743982,-0.04773331,0,0
39328000,0,0,0.0033743982,-0.04773331,0,0
39336000,0,0,0.0033743982,-0.04773331,0,0
39352000,0,0,-0.0022934482,-0.047071096,0,0
39360000,0,0,-0.0022934482,-0.047071096,0,0
39368000,0,0,-0.0022934482,-0.047071096,0,0
39376000,0,0,-0.0022934482,-0.047071096,0,0
39392000,0,0,-0.024391688,-0.04927548,0,0
39400000,0,0,-0.024391688,-0.04927548,0,0
39408000,0,0,-0.024391688,-0.04927548,0,0
39416000,0,0,-0.017221162,-0.06057946,0,0
39432000,0,0,-0.017221162,-0.06057946,0,0
39440000,0,0,-0.017221162,-0.06057946,0,0
39448000,0,0,-0.017785331,-0.06708543,0,0
39456000,0,0,-0.017785331,-0.06708543,0,0
39472000,0,0,-0.017785331,-0.06708543,0,0
39480000,0,0,-0.00905734,-0.07264177,0,0
39488000,0,0,-0.00905734,-0.07264177,0,0
39496000,0,0,-0.00905734,-0.07264177,0,0
39512000,0,0,-0.018355476,-0.07263364,0,0
39520000,0,0,-0.018355476,-0.07263364,0,0
39528000,0,0,-0.018355476,-0.07263364,0,0
39536000,0,0,-0.018355476,-0.07263364,0,0
39552000,0,0,-0.025008015,-0.06439023,0,0
39560000,0,0,-0.025008015,-0.06439023,0,0
39568000,0,0,-0.025008015,-0.06439023,0,0
39576000,0,0,-0.025008015,-0.06439023,0,0
39592000,0,0,-0.029093143,-0.06687218,0,0
39600000,0,0,-0.029093143,-0.06687218,0,0
39608000,0,0,-0.029093143,-0.06687218,0,0
39616000,0,0,-0.021860644,-0.06253639,0,0
39632000,0,0,-0.021860644,-0.06253639,0,0
39640000,0,0,-0.021860644,-0.06253639,0,0
39648000,0,0,-0.032377213,-0.05509117,0,0
39656000,0,0,-0.032377213,-0.05509117,0,0
39672000,0,0,-0.032377213,-0.05509117,0,0
39680000,0,0,-0.02924092,-0.054122377,0,0
39688000,0,0,-0.02924092,-0.054122377,0,0
39696000,0,0,-0.02924092,-0.054122377,0,0
39712000,0,0,-0.014795363,-0.052629907,0,0
39720000,0,0,-0.014795363,-0.052629907,0,0
39728000,0,0,-0.014795363,-0.052629907,0,0
39736000,0,0,-0.014795363,-0.052629907,0,0
39752000,0,0,-0.014454641,-0.063931204,0,0
39760000,0,0,-0.014454641,-0.063931204,0,0
39768000,0,0,-0.014454641,-0.063931204,0,0
39776000,0,0,-0.0125357695,-0.06057159,0,0
39792000,0,0,-0.0125357695,-0.06057159,0,0
39800000,0,0,-0.0125357695,-0.06057159,0,0
39808000,0,0,-0.0125357695,-0.06057159,0,0
39816000,0,0,-0.0061520925,-0.044426832,0,0
39832000,0,0,-0.0061520925,-0.044426832,0,0
39840000,0,0,-0.0061520925,-0.044426832,0,0
39848000,0,0,0.004533302,-0.03260715,0,0
39856000,0,0,0.004533302,-0.03260715,0,0
39872000,0,0,0.004533302,-0.03260715,0,0
39880000,0,0,-0.0102808,-0.032012526,0,0
39888000,0,0,-0.0102808,-0.032012526,0,0
39896000,0,0,-0.0102808,-0.032012526,0,0
39912000,0,0,-0.00985488,-0.029596752,0,0
39920000,0,0,-0.00985488,-0.029596752,0,0
39928000,0,0,-0.00985488,-0.029596752,0,0
39936000,0,0,-0.00985488,-0.029596752,0,0
39952000,0,0,0.005207203,-0.038730454,0,0
39960000,0,0,0.005207203,-0.038730454,0,0
39968000,0,0,0.005207203,-0.038730454,0,0
39976000,0,0,0.0020474307,-0.045685463,0,0
39992000,0,0,0.0020474307,-0.045685463,0,0
40000000,0,0,0.0020474307,-0.045685463,0,0
40008000,0,0,0.007028771,-0.040731065,0,0
40016000,0,0,0.007028771,-0.040731065,0,0
40024000,0,0,0.007028771,-0.040731065,0,0
40040000,0,0,0.0043389746,-0.039251804,0,0
40048000,0,0,0.0043389746,-0.039251804,0,0
40056000,0,0,0.0043389746,-0.039251804,0,0
40072000,0,0,0.0043389746,-0.039251804,0,0
40080000,0,0,0.024088029,-0.027808141,0,0
40088000,0,0,0.024088029,-0.027808141,0,0
40096000,0,0,0.024088029,-0.027808141,0,0
40112000,0,0,0.03185026,-0.031341456,0,0
40120000,0,0,0.03185026,-0.031341456,0,0
40128000,0,0,0.03185026,-0.031341456,0,0
40136000,0,0,0.03185026,-0.031341456,0,0
40152000,0,0,0.017752092,-0.024731075,0,0
40160000,0,0,0.017752092,-0.024731075,0,0
40168000,0,0,0.017752092,-0.024731075,0,0
40176000,0,0,0.016079359,-0.032930437,0,0
40192000,0,0,0.016079359,-0.032930437,0,0
40200000,0,0,0.016079359,-0.032930437,0,0
40208000,0,0,0.00465875,-0.032810826,0,0
40216000,0,0,0.00465875,-0.032810826,0,0
40232000,0,0,0.00465875,-0.032810826,0,0
40240000,0,0,-0.003359037,-0.028063089,0,0
40248000,0,0,-0.003359037,-0.028063089,0,0
40256000,0,0,-0.003359037,-0.028063089,0,0
40272000,0,0,-0.008070919,-0.032568306,0,0
40280000,0,0,-0.008070919,-0.032568306,0,0
40288000,0,0,-0.008070919,-0.032568306,0,0
40296000,0,0,-0.008070919,-0.032568306,0,0
40312000,0,0,-0.0073898947,-0.04280419,0,0
40320000,0,0,-0.0073898947,-0.04280419,0,0
40328000,0,0,-0.0073898947,-0.04280419,0,0
40336000,0,0,-0.0073898947,-0.04280419,0,0
40352000,0,0,-0.006558517,-0.038819462,0,0
40360000,0,0,-0.006558517,-0.038819462,0,0
40368000,0,0,-0.006558517,-0.038819462,0,0
40376000,0,0,0.0020828636,-0.040325537,0,0
40392000,0,0,0.0020828636,-0.040325537,0,0
40400000,0,0,0.0020828636,-0.040325537,0,0
40408000,0,0,-0.0042599803,-0.041759618,0,0
40416000,0,0,-0.0042599803,-0.041759618,0,0
40432000,0,0,-0.0042599803,-0.041759618,0,0
40440000,0,0,-0.010668956,-0.045568537,0,0
40448000,0,0,-0.010668956,-0.045568537,0,0
40456000,0,0,-0.010668956,-0.045568537,0,0
40472000,0,0,-0.011115972,-0.049770217,0,0
40480000,0,0,-0.011115972,-0.049770217,0,0
40488000,0,0,-0.011115972,-0.049770217,0,0
40496000,0,0,-0.011115972,-0.049770217,0,0
40512000,0,0,-0.0017005756,-0.04550963,0,0
40520000,0,0,-0.0017005756,-0.04550963,0,0
40528000,0,0,-0.0017005756,-0.04550963,0,0
40536000,0,0,0.013021702,-0.045701806,0,0
40552000,0,0,0.013021702,-0.045701806,0,0
40560000,0,0,0.013021702,-0.045701806,0,0
40568000,0,0,0.012766911,-0.049794547,0,0
40576000,0,0,0.012766911,-0.049794547,0,0
40592000,0,0,0.012766911,-0.049794547,0,0
40600000,0,0,0.012766911,-0.049794547,0,0
40608000,0,0,0.011141634,-0.049751677,0,0
40616000,0,0,0.011141634,-0.049751677,0,0
40632000,0,0,0.011141634,-0.049751677,0,0
40640000,0,0,0.015062695,-0.046443544,0,0
40648000,0,0,0.015062695,-0.046443544,0,0
40656000,0,0,0.015062695,-0.046443544,0,0
40672000,0,0,0.025840655,-0.039052445,0,0
40680000,0,0,0.025840655,-0.039052445,0,0
40688000,0,0,0.025840655,-0.039052445,0,0
40696000,0,0,0.025840655,-0.039052445,0,0
40712000,0,0,0.037273463,-0.0483194,0,0
40720000,0,0,0.037273463,-0.0483194,0,0
40728000,0,0,0.037273463,-0.0483194,0,0
40736000,0,0,0.034033284,-0.052303348,0,0
40752000,0,0,0.034033284,-0.052303348,0,0
40760000,0,0,0.034033284,-0.052303348,0,0
40768000,0,0,0.02328164,-0.04081621,0,0
40776000,0,0,0.02328164,-0.04081621,0,0
40792000,0,0,0.02328164,-0.04081621,0,0
40800000,0,0,0.006738588,-0.031968027,0,0
40808000,0,0,0.006738588,-0.031968027,0,0
40816000,0,0,0.006738588,-0.031968027,0,0
40832000,0,0,0.009660864,-0.03651436,0,0
40840000,0,0,0.009660864,-0.03651436,0,0
40848000,0,0,0.009660864,-0.03651436,0,0
40856000,0,0,0.009660864,-0.03651436,0,0
40872000,0,0,0.010904383,-0.03301839,0,0
40880000,0,0,0.010904383,-0.03301839,0,0
40888000,0,0,0.010904383,-0.03301839,0,0
40896000,0,0,0.010904383,-0.03301839,0,0
40912000,0,0,0.010713248,-0.030608034,0,0
40920000,0,0,0.010713248,-0.030608034,0,0
40928000,0,0,0.010713248,-0.030608034,0,0
40936000,0,0,0.00529964,-0.03661874,0,0
40952000,0,0,0.00529964,-0.03661874,0,0
40960000,0,0,0.00529964,-0.03661874,0,0
40968000,0,0,0.0023552522,-0.03533497,0,0
40976000,0,0,0.0023552522,-0.03533497,0,0
40992000,0,0,0.0023552522,-0.03533497,0,0
41000000,0,0,0.013627857,-0.052378748,0,0
41008000,0,0,0.013627857,-0.052378748,0,0
41016000,0,0,0.013627857,-0.052378748,0,0
41032000,0,0,0.0056699915,-0.06291762,0,0
41040000,0,0,0.0056699915,-0.06291762,0,0
41048000,0,0,0.0056699915,-0.06291762,0,0
41056000,0,0,0.0056699915,-0.06291762,0,0
41072000,0,0,0.004250388,-0.060877558,0,0
41080000,0,0,0.004250388,-0.060877558,0,0
41088000,0,0,0.004250388,-0.060877558,0,0
41096000,0,0,0.00046121154,-0.06259515,0,0
41112000,0,0,0.00046121154,-0.06259515,0,0
41120000,0,0,0.00046121154,-0.06259515,0,0
41128000,0,0,0.00046121154,-0.06259515,0,0
41136000,0,0,0.0077232113,-0.06488909,0,0
41152000,0,0,0.0077232113,-0.06488909,0,0
41160000,0,0,0.0077232113,-0.06488909,0,0
41168000,0,0,0.0035863272,-0.07198241,0,0
41176000,0,0,0.0035863272,-0.07198241,0,0
41192000,0,0,0.0035863272,-0.07198241,0,0
41200000,0,0,0.020534005,-0.07098447,0,0
41208000,0,0,0.020534005,-0.07098447,0,0
41216000,0,0,0.020534005,-0.07098447,0,0
41232000,0,0,0.016012177,-0.07400593,0,0
41240000,0,0,0.016012177,-0.07400593,0,0
41248000,0,0,0.016012177,-0.07400593,0,0
41256000,0,0,0.016012177,-0.07400593,0,0
41272000,0,0,0.0215716,-0.074409924,0,0
41280000,0,0,0.0215716,-0.074409924,0,0
41288000,0,0,0.0215716,-0.074409924,0,0
41296000,0,0,0.0069417525,-0.081194066,0,0
41312000,0,0,0.0069417525,-0.081194066,0,0
41320000,0,0,0.0069417525,-0.081194066,0,0
41328000,0,0,0.009169113,-0.076897025,0,0
41336000,0,0,0.009169113,-0.076897025,0,0
41352000,0,0,0.009169113,-0.076897025,0,0
41360000,0,0,0.016064938,-0.06707123,0,0
41368000,0,0,0.016064938,-0.06707123,0,0
41376000,0,0,0.016064938,-0.06707123,0,0
41392000,0,0,0.016064938,-0.06707123,0,0
41400000,0,0,0.006136235,-0.06895529,0,0
41408000,0,0,0.006136235,-0.06895529,0,0
41416000,0,0,0.006136235,-0.06895529,0,0
41432000,0,0,0.0077120936,-0.070041776,0,0
41440000,0,0,0.0077120936,-0.070041776,0,0
41448000,0,0,0.0077120936,-0.070041776,0,0
41456000,0,0,0.0077120936,-0.070041776,0,0
41472000,0,0,0.00032457046,-0.06815293,0,0
41480000,0,0,0.00032457046,-0.06815293,0,0
41488000,0,0,0.00032457046,-0.06815293,0,0
41496000,0,0,-4.7803936e-05,-0.072805405,0,0
41512000,0,0,-4.7803936e-05,-0.072805405,0,0
41520000,0,0,-4.7803936e-05,-0.072805405,0,0
41528000,0,0,0.005699258,-0.06380619,0,0
41536000,0,0,0.005699258,-0.06380619,0,0
41552000,0,0,0.005699258,-0.06380619,0,0
41560000,0,0,0.012173166,-0.055024695,0,0
41568000,0,0,0.012173166,-0.055024695,0,0
41576000,0,0,0.012173166,-0.055024695,0,0
41592000,0,0,0.0035903042,-0.05735976,0,0
41600000,0,0,0.0035903042,-0.05735976,0,0
41608000,0,0,0.0035903042,-0.05735976,0,0
41616000,0,0,0.0035903042,-0.05735976,0,0
41632000,0,0,-0.0031202883,-0.049607992,0,0
41640000,0,0,-0.0031202883,-0.049607992,0,0
41648000,0,0,-0.0031202883,-0.049607992,0,0
41656000,0,0,-0.0031202883,-0.049607992,0,0
41672000,0,0,-0.0017014777,-0.055837017,0,0
41680000,0,0,-0.0017014777,-0.055837017,0,0
41688000,0,0,-0.0017014777,-0.055837017,0,0
41696000,0,0,0.006621355,-0.047877632,0,0
41712000,0,0,0.006621355,-0.047877632,0,0
41720000,0,0,0.006621355,-0.047877632,0,0
41728000,0,0,-0.004918043,-0.056209385,0,0
41736000,0,0,-0.004918043,-0.056209385,0,0
41752000,0,0,-0.004918043,-0.056209385,0,0
41760000,0,0,0.0024862299,-0.059660226,0,0
41768000,0,0,0.0024862299,-0.059660226,0,0
41776000,0,0,0.0024862299,-0.059660226,0,0
41792000,0,0,0.0043706107,-0.051724993,0,0
41800000,0,0,0.0043706107,-0.051724993,0,0
41808000,0,0,0.0043706107,-0.051724993,0,0
41816000,0,0,0.0043706107,-0.051724993,0,0
41832000,0,0,0.014752052,-0.05363006,0,0
41840000,0,0,0.014752052,-0.05363006,0,0
41848000,0,0,0.014752052,-0.05363006,0,0
41856000,0,0,-0.0024998558,-0.050018918,0,0
41872000,0,0,-0.0024998558,-0.050018918,0,0
41880000,0,0,-0.0024998558,-0.050018918,0,0
41888000,0,0,-0.0025956694,-0.050148454,0,0
41896000,0,0,-0.0025956694,-0.050148454,0,0
41912000,0,0,-0.0025956694,-0.050148454,0,0
41920000,0,0,-0.0025956694,-0.050148454,0,0
41928000,0,0,0.00575183,-0.048314855,0,0
41936000,0,0,0.00575183,-0.048314855,0,0
41952000,0,0,0.00575183,-0.048314855,0,0
41960000,0,0,0.018225132,-0.049753744,0,0
41968000,0,0,0.018225132,-0.049753744,0,0
41976000,0,0,0.018225132,-0.049753744,0,0
41992000,0,0,0.019081203,-0.049041845,0,0
42000000,0,0,0.019081203,-0.049041845,0,0
42008000,0,0,0.019081203,-0.049041845,0,0
42016000,0,0,0.019081203,-0.049041845,0,0
42032000,0,0,0.008965055,-0.05613049,0,0
42040000,0,0,0.008965055,-0.05613049,0,0
42048000,0,0,0.008965055,-0.05613049,0,0
42056000,0,0,0.0031717988,-0.058758795,0,0
42072000,0,0,0.0031717988,-0.058758795,0,0
42080000,0,0,0.0031717988,-0.058758795,0,0
42088000,0,0,-0.0030665249,-0.05365804,0,0
42096000,0,0,-0.0030665249,-0.05365804,0,0
42112000,0,0,-0.0030665249,-0.05365804,0,0
42120000,0,0,-0.0043216045,-0.041136976,0,0
42128000,0,0,-0.0043216045,-0.041136976,0,0
42136000,0,0,-0.0043216045,-0.041136976,0,0
42152000,0,0,-0.018091047,-0.040696613,0,0
42160000,0,0,-0.018091047,-0.040696613,0,0
42168000,0,0,-0.018091047,-0.040696613,0,0
42176000,0,0,-0.018091047,-0.040696613,0,0
42192000,0,0,-0.0114042265,-0.03708798,0,0
42200000,0,0,-0.0114042265,-0.03708798,0,0
42208000,0,0,-0.0114042265,-0.03708798,0,0
42216000,0,0,-0.0114042265,-0.03708798,0,0
42232000,0,0,-0.016267614,-0.039904293,0,0
42240000,0,0,-0.016267614,-0.039904293,0,0
42248000,0,0,-0.016267614,-0.039904293,0,0
42256000,0,0,-0.026053397,-0.038264256,0,0
42272000,0,0,-0.026053397,-0.038264256,0,0
42284000,0,0,-0.026053397,-0.038264256,0,0
42292000,0,0,-0.027268406,-0.04049346,0,0
42300000,0,0,-0.027268406,-0.04049346,0,0
42308000,0,0,-0.027268406,-0.04049346,0,0
42316000,0,0,-0.027268406,-0.04049346,0,0
42332000,0,0,-0.0155106755,-0.03746688,0,0
42340000,0,0,-0.0155106755,-0.03746688,0,0
42348000,0,0,-0.0155106755,-0.03746688,0,0
42356000,0,0,-0.0120704025,-0.038347904,0,0
42372000,0,0,-0.0120704025,-0.038347904,0,0
42380000,0,0,-0.0120704025,-0.038347904,0,0
42388000,0,0,-0.028175687,-0.036221553,0,0
42396000,0,0,-0.028175687,-0.036221553,0,0
42412000,0,0,-0.028175687,-0.036221553,0,0
42420000,0,0,-0.017823586,-0.046315353,0,0
42428000,0,0,-0.017823586,-0.046315353,0,0
42436000,0,0,-0.017823586,-0.046315353,0,0
42452000,0,0,-0.017823586,-0.046315353,0,0
42460000,0,0,-0.0054336335,-0.05256766,0,0
42468000,0,0,-0.0054336335,-0.05256766,0,0
42476000,0,0,-0.0054336335,-0.05256766,0,0
42492000,0,0,-0.007291185,-0.050496176,0,0
42500000,0,0,-0.007291185,-0.050496176,0,0
42508000,0,0,-0.007291185,-0.050496176,0,0
42516000,0,0,-0.007291185,-0.050496176,0,0
42532000,0,0,-0.0025050556,-0.049333386,0,0
42540000,0,0,-0.0025050556,-0.049333386,0,0
42548000,0,0,-0.0025050556,-0.049333386,0,0
42556000,0,0,-0.009029742,-0.042822763,0,0
42572000,0,0,-0.009029742,-0.042822763,0,0
42580000,0,0,-0.009029742,-0.042822763,0,0
42588000,0,0,0.002462502,-0.032928422,0,0
42596000,0,0,0.002462502,-0.032928422,0,0
42612000,0,0,0.002462502,-0.032928422,0,0
42620000,0,0,0.007359815,-0.033725206,0,0
42628000,0,0,0.007359815,-0.033725206,0,0
42636000,0,0,0.007359815,-0.033725206,0,0
42652000,0,0,0.0047175973,-0.043396506,0,0
42660000,0,0,0.0047175973,-0.043396506,0,0
42668000,0,0,0.0047175973,-0.043396506,0,0
42676000,0,0,0.0047175973,-0.043396506,0,0
42692000,0,0,0.010643335,-0.044953257,0,0
42700000,0,0,0.010643335,-0.044953257,0,0
42708000,0,0,0.010643335,-0.044953257,0,0
42716000,0,0,0.010643335,-0.044953257,0,0
42732000,0,0,0.014126023,-0.05464399,0,0
42740000,0,0,0.014126023,-0.05464399,0,0
42748000,0,0,0.014126023,-0.05464399,0,0
42756000,0,0,0.03485298,-0.058554776,0,0
42772000,0,0,0.03485298,-0.058554776,0,0
42780000,0,0,0.03485298,-0.058554776,0,0
42788000,0,0,0.032730002,-0.05812348,0,0
42796000,0,0,0.032730002,-0.05812348,0,0
42812000,0,0,0.032730002,-0.05812348,0,0
42820000,0,0,0.034287333,-0.05992282,0,0
42828000,0,0,0.034287333,-0.05992282,0,0
42836000,0,0,0.034287333,-0.05992282,0,0
42852000,0,0,0.034952886,-0.05127271,0,0
42860000,0,0,0.034952886,-0.05127271,0,0
42868000,0,0,0.034952886,-0.05127271,0,0
42876000,0,0,0.034952886,-0.05127271,0,0
42892000,0,0,0.0471233,-0.047124464,0,0
42900000,0,0,0.0471233,-0.047124464,0,0
42908000,0,0,0.0471233,-0.047124464,0,0
42916000,0,0,0.048970383,-0.05252175,0,0
42932000,0,0,0.048970383,-0.05252175,0,0
42940000,0,0,0.048970383,-0.05252175,0,0
42948000,0,0,0.05327268,-0.054766413,0,0
42956000,0,0,0.05327268,-0.054766413,0,0
42972000,0,0,0.05327268,-0.054766413,0,0
42980000,0,0,0.05327268,-0.054766413,0,0
42988000,0,0,0.0513087,-0.06464608,0,0
42996000,0,0,0.0513087,-0.06464608,0,0
43012000,0,0,0.0513087,-0.06464608,0,0
43020000,0,0,0.05181925,-0.06610217,0,0
43028000,0,0,0.05181925,-0.06610217,0,0
43036000,0,0,0.05181925,-0.06610217,0,0
43052000,0,0,0.06288163,-0.0672108,0,0
43060000,0,0,0.06288163,-0.0672108,0,0
43068000,0,0,0.06288163,-0.0672108,0,0
43076000,0,0,0.06288163,-0.0672108,0,0
43092000,0,0,0.06688773,-0.06394401,0,0
43100000,0,0,0.06688773,-0.06394401,0,0
43108000,0,0,0.06688773,-0.06394401,0,0
43116000,0,0,0.07712658,-0.066993766,0,0
43132000,0,0,0.07712658,-0.066993766,0,0
43140000,0,0,0.07712658,-0.066993766,0,0
43148000,0,0,0.07979824,-0.063373,0,0
43156000,0,0,0.07979824,-0.063373,0,0
43172000,0,0,0.07979824,-0.063373,0,0
43180000,0,0,0.09130017,-0.06577102,0,0
43188000,0,0,0.09130017,-0.06577102,0,0
43196000,0,0,0.09130017,-0.06577102,0,0
43212000,0,0,0.09004527,-0.0702165,0,0
43220000,0,0,0.09004527,-0.0702165,0,0
43228000,0,0,0.09004527,-0.0702165,0,0
43236000,0,0,0.09004527,-0.0702165,0,0
43252000,0,0,0.08539163,-0.07254477,0,0
43260000,0,0,0.08539163,-0.07254477,0,0
43268000,0,0,0.08539163,-0.07254477,0,0
43276000,0,0,0.08539163,-0.07254477,0,0
43292000,0,0,0.07460219,-0.07333518,0,0
43300000,0,0,0.07460219,-0.07333518,0,0
43308000,0,0,0.07460219,-0.07333518,0,0
43316000,0,0,0.081396624,-0.07336426,0,0
43332000,0,0,0.081396624,-0.07336426,0,0
43340000,0,0,0.081396624,-0.07336426,0,0
43348000,0,0,0.0924362,-0.069976926,0,0
43356000,0,0,0.0924362,-0.069976926,0,0
43372000,0,0,0.0924362,-0.069976926,0,0
43380000,0,0,0.09915607,-0.06657015,0,0
43388000,0,0,0.09915607,-0.06657015,0,0
43396000,0,0,0.09915607,-0.06657015,0,0
43412000,0,0,0.09212545,-0.0692489,0,0
43420000,0,0,0.09212545,-0.0692489,0,0
43428000,0,0,0.09212545,-0.0692489,0,0
43436000,0,0,0.09212545,-0.0692489,0,0
43452000,0,0,0.083633825,-0.06623344,0,0
43460000,0,0,0.083633825,-0.06623344,0,0
43468000,0,0,0.083633825,-0.06623344,0,0
43476000,0,0,0.0668648,-0.07569814,0,0
43492000,0,0,0.0668648,-0.07569814,0,0
43500000,0,0,0.0668648,-0.07569814,0,0
43508000,0,0,0.0668648,-0.07569814,0,0
43516000,0,0,0.060089495,-0.07409089,0,0
43532000,0,0,0.060089495,-0.07409089,0,0
43540000,0,0,0.060089495,-0.07409089,0,0
43548000,0,0,0.05945143,-0.074541226,0,0
43556000,0,0,0.05945143,-0.074541226,0,0
43572000,0,0,0.05945143,-0.074541226,0,0
43580000,0,0,0.070120215,-0.07005764,0,0
43588000,0,0,0.070120215,-0.07005764,0,0
43596000,0,0,0.070120215,-0.07005764,0,0
43612000,0,0,0.074546255,-0.06445297,0,0
43620000,0,0,0.074546255,-0.06445297,0,0
43628000,0,0,0.074546255,-0.06445297,0,0
43636000,0,0,0.074546255,-0.06445297,0,0
43652000,0,0,0.085660584,-0.060987953,0,0
43660000,0,0,0.085660584,-0.060987953,0,0
43668000,0,0,0.085660584,-0.060987953,0,0
43676000,0,0,0.09087884,-0.056660242,0,0
43692000,0,0,0.09087884,-0.056660242,0,0
43700000,0,0,0.09087884,-0.056660242,0,0
43708000,0,0,0.088279754,-0.070359945,0,0
43716000,0,0,0.088279754,-0.070359945,0,0
43732000,0,0,0.088279754,-0.070359945,0,0
43740000,0,0,0.08773502,-0.067770764,0,0
43748000,0,0,0.08773502,-0.067770764,0,0
43756000,0,0,0.08773502,-0.067770764,0,0
43772000,0,0,0.08773502,-0.067770764,0,0
43780000,0,0,0.072500765,-0.06450215,0,0
43788000,0,0,0.072500765,-0.06450215,0,0
43796000,0,0,0.072500765,-0.06450215,0,0
43812000,0,0,0.0693488,-0.06871793,0,0
43820000,0,0,0.0693488,-0.06871793,0,0
43828000,0,0,0.0693488,-0.06871793,0,0
43836000,0,0,0.0693488,-0.06871793,0,0
43852000,0,0,0.06078781,-0.06730516,0,0
43860000,0,0,0.06078781,-0.06730516,0,0
43868000,0,0,0.06078781,-0.06730516,0,0
43876000,0,0,0.056098957,-0.066446595,0,0
43892000,0,0,0.056098957,-0.066446595,0,0
43900000,0,0,0.056098957,-0.066446595,0,0
43908000,0,0,0.073735245,-0.059461463,0,0
43916000,0,0,0.073735245,-0.059461463,0,0
43932000,0,0,0.073735245,-0.059461463,0,0
43940000,0,0,0.07550276,-0.053775445,0,0
43948000,0,0,0.07550276,-0.053775445,0,0
43956000,0,0,0.07550276,-0.053775445,0,0
43972000,0,0,0.06327449,-0.045299787,0,0
43980000,0,0,0.06327449,-0.045299787,0,0
43988000,0,0,0.06327449,-0.045299787,0,0
43996000,0,0,0.06327449,-0.045299787,0,0
44012000,0,0,0.051703557,-0.03722783,0,0
44020000,0,0,0.051703557,-0.03722783,0,0
44028000,0,0,0.051703557,-0.03722783,0,0
44036000,0,0,0.051703557,-0.03722783,0,0
44052000,0,0,0.03725146,-0.03739831,0,0
44060000,0,0,0.03725146,-0.03739831,0,0
44068000,0,0,0.03725146,-0.03739831,0,0
44076000,0,0,0.025244739,-0.034023263,0,0
44092000,0,0,0.025244739,-0.034023263,0,0
44100000,0,0,0.025244739,-0.034023263,0,0
44108000,0,0,0.024973579,-0.038339704,0,0
44116000,0,0,0.024973579,-0.038339704,0,0
44132000,0,0,0.024973579,-0.038339704,0,0
44140000,0,0,0.028315872,-0.033860315,0,0
44148000,0,0,0.028315872,-0.033860315,0,0
44156000,0,0,0.028315872,-0.033860315,0,0
44172000,0,0,0.053629003,-0.03893218,0,0
44180000,0,0,0.053629003,-0.03893218,0,0
44188000,0,0,0.053629003,-0.03893218,0,0
44196000,0,0,0.053629003,-0.03893218,0,0
44212000,0,0,0.060432516,-0.048361234,0,0
44220000,0,0,0.060432516,-0.048361234,0,0
44228000,0,0,0.060432516,-0.048361234,0,0
44236000,0,0,0.05628147,-0.04774851,0,0
44252000,0,0,0.05628147,-0.04774851,0,0
44260000,0,0,0.05628147,-0.04774851,0,0
44268000,0,0,0.054023597,-0.05416213,0,0
44276000,0,0,0.054023597,-0.05416213,0,0
44292000,0,0,0.054023597,-0.05416213,0,0
44300000,0,0,0.054023597,-0.05416213,0,0
44308000,0,0,0.043687727,-0.04828191,0,0
44316000,0,0,0.043687727,-0.04828191,0,0
44332000,0,0,0.043687727,-0.04828191,0,0
44340000,0,0,0.049441446,-0.05321862,0,0
44348000,0,0,0.049441446,-0.05321862,0,0
44356000,0,0,0.049441446,-0.05321862,0,0
44372000,0,0,0.043833487,-0.04871013,0,0
44380000,0,0,0.043833487,-0.04871013,0,0
44388000,0,0,0.043833487,-0.04871013,0,0
44396000,0,0,0.043833487,-0.04871013,0,0
44412000,0,0,0.04117466,-0.045203917,0,0
44420000,0,0,0.04117466,-0.045203917,0,0
44428000,0,0,0.04117466,-0.045203917,0,0
44436000,0,0,0.04807214,-0.042339444,0,0
44452000,0,0,0.04807214,-0.042339444,0,0
44460000,0,0,0.04807214,-0.042339444,0,0
44468000,0,0,0.05333456,-0.044837758,0,0
44476000,0,0,0.05333456,-0.044837758,0,0
44492000,0,0,0.05333456,-0.044837758,0,0
44500000,0,0,0.049543973,-0.04573477,0,0
44508000,0,0,0.049543973,-0.04573477,0,0
44516000,0,0,0.049543973,-0.04573477,0,0
44532000,0,0,0.03983503,-0.046615575,0,0
44540000,0,0,0.03983503,-0.046615575,0,0
44548000,0,0,0.03983503,-0.046615575,0,0
44556000,0,0,0.03983503,-0.046615575,0,0
44572000,0,0,0.04339683,-0.049237773,0,0
44580000,0,0,0.04339683,-0.049237773,0,0
44588000,0,0,0.04339683,-0.049237773,0,0
44596000,0,0,0.04339683,-0.049237773,0,0
44612000,0,0,0.0455156,-0.036726035,0,0
44620000,0,0,0.0455156,-0.036726035,0,0
44628000,0,0,0.0455156,-0.036726035,0,0
44636000,0,0,0.028966615,-0.034857098,0,0
44652000,0,0,0.028966615,-0.034857098,0,0
44660000,0,0,0.028966615,-0.034857098,0,0
44668000,0,0,0.0428425,-0.0359858,0,0
44676000,0,0,0.0428425,-0.0359858,0,0
44692000,0,0,0.0428425,-0.0359858,0,0
44700000,0,0,0.054663185,-0.03192597,0,0
44708000,0,0,0.054663185,-0.03192597,0,0
44716000,0,0,0.054663185,-0.03192597,0,0
44732000,0,0,0.058104698,-0.020280255,0,0
44740000,0,0,0.058104698,-0.020280255,0,0
44748000,0,0,0.058104698,-0.020280255,0,0
44756000,0,0,0.058104698,-0.020280255,0,0
44772000,0,0,0.04454051,-0.027072512,0,0
44780000,0,0,0.04454051,-0.027072512,0,0
44788000,0,0,0.04454051,-0.027072512,0,0
44796000,0,0,0.053582866,-0.021127444,0,0
44812000,0,0,0.053582866,-0.021127444,0,0
44820000,0,0,0.053582866,-0.021127444,0,0
44828000,0,0,0.053582866,-0.021127444,0,0
44836000,0,0,0.046830952,-0.018696228,0,0
44852000,0,0,0.046830952,-0.018696228,0,0
44860000,0,0,0.046830952,-0.018696228,0,0
44868000,0,0,0.06660168,-0.01680491,0,0
44876000,0,0,0.06660168,-0.01680491,0,0
44892000,0,0,0.06660168,-0.01680491,0,0
44900000,0,0,0.05630048,-0.022646222,0,0
44908000,0,0,0.05630048,-0.022646222,0,0
44916000,0,0,0.05630048,-0.022646222,0,0
44932000,0,0,0.058850467,-0.023561103,0,0
44940000,0,0,0.058850467,-0.023561103,0,0
44948000,0,0,0.058850467,-0.023561103,0,0
44956000,0,0,0.058850467,-0.023561103,0,0
44972000,0,0,0.070902996,-0.018065918,0,0
44980000,0,0,0.070902996,-0.018065918,0,0
44988000,0,0,0.070902996,-0.018065918,0,0
44996000,0,0,0.05219052,-0.011427438,0,0
45012000,0,0,0.05219052,-0.011427438,0,0
45020000,0,0,0.05219052,-0.011427438,0,0
45028000,0,0,0.068890065,-0.015962409,0,0
45036000,0,0,0.068890065,-0.015962409,0,0
45052000,0,0,0.068890065,-0.015962409,0,0
45060000,0,0,0.064960234,-0.023946073,0,0
45068000,0,0,0.064960234,-0.023946073,0,0
45076000,0,0,0.064960234,-0.023946073,0,0
45092000,0,0,0.064960234,-0.023946073,0,0
45100000,0,0,0.05004857,-0.010499949,0,0
45108000,0,0,0.05004857,-0.010499949,0,0
45116000,0,0,0.05004857,-0.010499949,0,0
45132000,0,0,0.04369087,-0.013172735,0,0
45140000,0,0,0.04369087,-0.013172735,0,0
45148000,0,0,0.04369087,-0.013172735,0,0
45156000,0,0,0.04369087,-0.013172735,0,0
45172000,0,0,0.034417935,-0.019750854,0,0
45180000,0,0,0.034417935,-0.019750854,0,0
45188000,0,0,0.034417935,-0.019750854,0,0
45196000,0,0,0.03912308,-0.02629111,0,0
45212000,0,0,0.03912308,-0.02629111,0,0
45220000,0,0,0.03912308,-0.02629111,0,0
45228000,0,0,0.06004922,-0.024803214,0,0
45236000,0,0,0.06004922,-0.024803214,0,0
45252000,0,0,0.06004922,-0.024803214,0,0
45260000,0,0,0.06531411,-0.030603101,0,0
45268000,0,0,0.06531411,-0.030603101,0,0
45276000,0,0,0.06531411,-0.030603101,0,0
45292000,0,0,0.059812464,-0.032379795,0,0
45300000,0,0,0.059812464,-0.032379795,0,0
45308000,0,0,0.059812464,-0.032379795,0,0
45316000,0,0,0.059812464,-0.032379795,0,0
45332000,0,0,0.052290384,-0.036773745,0,0
45340000,0,0,0.052290384,-0.036773745,0,0
45348000,0,0,0.052290384,-0.036773745,0,0
45356000,0,0,0.052290384,-0.036773745,0,0
45372000,0,0,0.025498394,-0.039862897,0,0
45380000,0,0,0.025498394,-0.039862897,0,0
45388000,0,0,0.025498394,-0.039862897,0,0
45396000,0,0,0.03435615,-0.04156738,0,0
45412000,0,0,0.03435615,-0.04156738,0,0
45420000,0,0,0.03435615,-0.04156738,0,0
45428000,0,0,0.020988109,-0.03564637,0,0
45436000,0,0,0.020988109,-0.03564637,0,0
45452000,0,0,0.020988109,-0.03564637,0,0
45460000,0,0,0.025483059,-0.022890763,0,0
45468000,0,0,0.025483059,-0.022890763,0,0
45476000,0,0,0.025483059,-0.022890763,0,0
45492000,0,0,0.03866624,-0.019841406,0,0
45500000,0,0,0.03866624,-0.019841406,0,0
45508000,0,0,0.03866624,-0.019841406,0,0
45516000,0,0,0.03866624,-0.019841406,0,0
45532000,0,0,0.024632711,-0.012312672,0,0
45540000,0,0,0.024632711,-0.012312672,0,0
45548000,0,0,0.024632711,-0.012312672,0,0
45556000,0,0,0.017190307,-0.01816506,0,0
45572000,0,0,0.017190307,-0.01816506,0,0
45580000,0,0,0.017190307,-0.01816506,0,0
45588000,0,0,0.019090166,-0.010265557,0,0
45596000,0,0,0.019090166,-0.010265557,0,0
45612000,0,0,0.019090166,-0.010265557,0,0
45620000,0,0,0.019090166,-0.010265557,0,0
45628000,0,0,0.0067519117,-0.016468635,0,0
45636000,0,0,0.0067519117,-0.016468635,0,0
45652000,0,0,0.0067519117,-0.016468635,0,0
45660000,0,0,0.010226379,-0.010912982,0,0
45668000,0,0,0.010226379,-0.010912982,0,0
45676000,0,0,0.010226379,-0.010912982,0,0
45692000,0,0,0.00054135727,-0.008626425,0,0
45700000,0,0,0.00054135727,-0.008626425,0,0
45708000,0,0,0.00054135727,-0.008626425,0,0
45716000,0,0,0.00054135727,-0.008626425,0,0
45732000,0,0,0.0040252353,-0.007680582,0,0
45740000,0,0,0.0040252353,-0.007680582,0,0
45748000,0,0,0.0040252353,-0.007680582,0,0
45756000,0,0,0.022498798,-0.006324413,0,0
45772000,0,0,0.022498798,-0.006324413,0,0
45780000,0,0,0.022498798,-0.006324413,0,0
45788000,0,0,0.025176568,-0.0057457625,0,0
45796000,0,0,0.025176568,-0.0057457625,0,0
45812000,0,0,0.025176568,-0.0057457625,0,0
45820000,0,0,0.016868541,-0.0018886063,0,0
45828000,0,0,0.016868541,-0.0018886063,0,0
45836000,0,0,0.016868541,-0.0018886063,0,0
45852000,0,0,0.017313467,-0.007986841,0,0
45860000,0,0,0.017313467,-0.007986841,0,0
45868000,0,0,0.017313467,-0.007986841,0,0
45876000,0,0,0.017313467,-0.007986841,0,0
45892000,0,0,0.0018935736,-0.016285585,0,0
45900000,0,0,0.0018935736,-0.016285585,0,0
45908000,0,0,0.0018935736,-0.016285585,0,0
45916000,0,0,0.0018935736,-0.016285585,0,0
45932000,0,0,0.0069126156,-0.02698417,0,0
45940000,0,0,0.0069126156,-0.02698417,0,0
45948000,0,0,0.0069126156,-0.02698417,0,0
45956000,0,0,0.0034220687,-0.031312715,0,0
45972000,0,0,0.0034220687,-0.031312715,0,0
45980000,0,0,0.0034220687,-0.031312715,0,0
45988000,0,0,0.00095102564,-0.027396401,0,0
45996000,0,0,0.00095102564,-0.027396401,0,0
46012000,0,0,0.00095102564,-0.027396401,0,0
46020000,0,0,0.0021911697,-0.02894964,0,0
46028000,0,0,0.0021911697,-0.02894964,0,0
46036000,0,0,0.0021911697,-0.02894964,0,0
46052000,0,0,0.0074563916,-0.026493618,0,0
46060000,0,0,0.0074563916,-0.026493618,0,0
46068000,0,0,0.0074563916,-0.026493618,0,0
46076000,0,0,0.0074563916,-0.026493618,0,0
46092000,0,0,0.007247742,-0.024510624,0,0
46100000,0,0,0.007247742,-0.024510624,0,0
46108000,0,0,0.007247742,-0.024510624,0,0
46116000,0,0,0.020904059,-0.03205684,0,0
46132000,0,0,0.020904059,-0.03205684,0,0
46140000,0,0,0.020904059,-0.03205684,0,0
46148000,0,0,0.020904059,-0.03205684,0,0
46156000,0,0,0.0053585493,-0.029990172,0,0
46172000,0,0,0.0053585493,-0.029990172,0,0
46180000,0,0,0.0053585493,-0.029990172,0,0
46188000,0,0,-0.011975448,-0.028948646,0,0
46196000,0,0,-0.011975448,-0.028948646,0,0
46212000,0,0,-0.011975448,-0.028948646,0,0
46220000,0,0,-0.021471528,-0.025156165,0,0
46228000,0,0,-0.021471528,-0.025156165,0,0
46236000,0,0,-0.021471528,-0.025156165,0,0
46252000,0,0,-0.03372195,-0.018081298,0,0
46260000,0,0,-0.03372195,-0.018081298,0,0
46268000,0,0,-0.03372195,-0.018081298,0,0
46276000,0,0,-0.03372195,-0.018081298,0,0
46292000,0,0,-0.023677533,-0.023184028,0,0
46300000,0,0,-0.023677533,-0.023184028,0,0
46308000,0,0,-0.023677533,-0.023184028,0,0
46316000,0,0,-0.010519936,-0.022717861,0,0
46332000,0,0,-0.010519936,-0.022717861,0,0
46340000,0,0,-0.010519936,-0.022717861,0,0
46348000,0,0,-0.0017845456,-0.023518123,0,0
46356000,0,0,-0.0017845456,-0.023518123,0,0
46372000,0,0,-0.0017845456,-0.023518123,0,0
46380000,0,0,0.0005435782,-0.020920344,0,0
46388000,0,0,0.0005435782,-0.020920344,0,0
46396000,0,0,0.0005435782,-0.020920344,0,0
46412000,0,0,0.0005435782,-0.020920344,0,0
46420000,0,0,-0.009001829,-0.018692894,0,0
46428000,0,0,-0.009001829,-0.018692894,0,0
46436000,0,0,-0.009001829,-0.018692894,0,0
46452000,0,0,-0.004679168,-0.020472625,0,0
46460000,0,0,-0.004679168,-0.020472625,0,0
46468000,0,0,-0.004679168,-0.020472625,0,0
46476000,0,0,-0.004679168,-0.020472625,0,0
46492000,0,0,0.006094053,-0.013790834,0,0
46500000,0,0,0.006094053,-0.013790834,0,0
46508000,0,0,0.006094053,-0.013790834,0,0
46516000,0,0,0.003692809,-0.021681082,0,0
46532000,0,0,0.003692809,-0.021681082,0,0
46540000,0,0,0.003692809,-0.021681082,0,0
46548000,0,0,0.0032201684,-0.026343247,0,0
46556000,0,0,0.0032201684,-0.026343247,0,0
46572000,0,0,0.0032201684,-0.026343247,0,0
46580000,0,0,-0.004894564,-0.03074275,0,0
46588000,0,0,-0.004894564,-0.03074275,0,0
46596000,0,0,-0.004894564,-0.03074275,0,0
46612000,0,0,0.0064209444,-0.034606878,0,0
46620000,0,0,0.0064209444,-0.034606878,0,0
46628000,0,0,0.0064209444,-0.034606878,0,0
46636000,0,0,0.0064209444,-0.034606878,0,0
46652000,0,0,-0.003808849,-0.028533388,0,0
46660000,0,0,-0.003808849,-0.028533388,0,0
46668000,0,0,-0.003808849,-0.028533388,0,0
46676000,0,0,-0.003808849,-0.028533388,0,0
46692000,0,0,0.0065046526,-0.02654379,0,0
46700000,0,0,0.0065046526,-0.02654379,0,0
46708000,0,0,0.0065046526,-0.02654379,0,0
46716000,0,0,0.012943025,-0.032353234,0,0
46732000,0,0,0.012943025,-0.032353234,0,0
46740000,0,0,0.012943025,-0.032353234,0,0
46748000,0,0,0.016640816,-0.0145144295,0,0
46756000,0,0,0.016640816,-0.0145144295,0,0
46772000,0,0,0.016640816,-0.0145144295,0,0
46780000,0,0,0.0025011227,-0.018586187,0,0
46788000,0,0,0.0025011227,-0.018586187,0,0
46796000,0,0,0.0025011227,-0.018586187,0,0
46812000,0,0,0.0059751105,-0.023694124,0,0
46820000,0,0,0.0059751105,-0.023694124,0,0
46828000,0,0,0.0059751105,-0.023694124,0,0
46836000,0,0,0.0059751105,-0.023694124,0,0
46852000,0,0,-0.00037545277,-0.018873943,0,0
46860000,0,0,-0.00037545277,-0.018873943,0,0
46868000,0,0,-0.00037545277,-0.018873943,0,0
46876000,0,0,-0.012824014,-0.0103587005,0,0
46892000,0,0,-0.012824014,-0.0103587005,0,0
46900000,0,0,-0.012824014,-0.0103587005,0,0
46908000,0,0,-0.011908378,-0.009535148,0,0
46916000,0,0,-0.011908378,-0.009535148,0,0
46932000,0,0,-0.011908378,-0.009535148,0,0
46940000,0,0,-0.011908378,-0.009535148,0,0
46948000,0,0,-0.01941556,-0.021224318,0,0
46956000,0,0,-0.01941556,-0.021224318,0,0
46972000,0,0,-0.01941556,-0.021224318,0,0
46980000,0,0,-0.035623126,-0.019207237,0,0
46988000,0,0,-0.035623126,-0.019207237,0,0
46996000,0,0,-0.035623126,-0.019207237,0,0
47012000,0,0,-0.03417514,-0.02391843,0,0
47020000,0,0,-0.03417514,-0.02391843,0,0
47028000,0,0,-0.03417514,-0.02391843,0,0
47036000,0,0,-0.03417514,-0.02391843,0,0
47052000,0,0,-0.03138848,-0.017414842,0,0
47060000,0,0,-0.03138848,-0.017414842,0,0
47068000,0,0,-0.03138848,-0.017414842,0,0
47076000,0,0,-0.025635136,-0.022259349,0,0
47092000,0,0,-0.025635136,-0.022259349,0,0
47100000,0,0,-0.025635136,-0.022259349,0,0
47108000,0,0,-0.03209348,-0.037250552,0,0
47116000,0,0,-0.03209348,-0.037250552,0,0
47132000,0,0,-0.03209348,-0.037250552,0,0
47140000,0,0,-0.015959749,-0.02666618,0,0
47148000,0,0,-0.015959749,-0.02666618,0,0
47156000,0,0,-0.015959749,-0.02666618,0,0
47172000,0,0,-0.012605796,-0.019728767,0,0
47180000,0,0,-0.012605796,-0.019728767,0,0
47188000,0,0,-0.012605796,-0.019728767,0,0
47196000,0,0,-0.012605796,-0.019728767,0,0
47212000,0,0,-0.01657524,-0.023220852,0,0
47220000,0,0,-0.01657524,-0.023220852,0,0
47228000,0,0,-0.01657524,-0.023220852,0,0
47236000,0,0,-0.01657524,-0.023220852,0,0
47252000,0,0,-0.024360932,-0.023991916,0,0
47260000,0,0,-0.024360932,-0.023991916,0,0
47268000,0,0,-0.024360932,-0.023991916,0,0
47276000,0,0,-0.015216025,-0.024146015,0,0
47292000,0,0,-0.015216025,-0.024146015,0,0
47300000,0,0,-0.015216025,-0.024146015,0,0
47308000,0,0,-0.032262728,-0.016911477,0,0
47316000,0,0,-0.032262728,-0.016911477,0,0
47332000,0,0,-0.032262728,-0.016911477,0,0
47340000,0,0,-0.02068622,-0.018910583,0,0
47348000,0,0,-0.02068622,-0.018910583,0,0
47356000,0,0,-0.02068622,-0.018910583,0,0
47372000,0,0,-0.038200274,-0.011669119,0,0
47380000,0,0,-0.038200274,-0.011669119,0,0
47388000,0,0,-0.038200274,-0.011669119,0,0
47396000,0,0,-0.038200274,-0.011669119,0,0
47412000,0,0,-0.05577868,-0.007055938,0,0
47420000,0,0,-0.05577868,-0.007055938,0,0
47428000,0,0,-0.05577868,-0.007055938,0,0
47436000,0,0,-0.054998502,-0.0061576655,0,0
47452000,0,0,-0.054998502,-0.0061576655,0,0
47460000,0,0,-0.054998502,-0.0061576655,0,0
47468000,0,0,-0.054998502,-0.0061576655,0,0
47476000,0,0,-0.04967336,-0.0026554344,0,0
47492000,0,0,-0.04967336,-0.0026554344,0,0
47500000,0,0,-0.04967336,-0.0026554344,0,0
47508000,0,0,-0.05025748,-0.006255615,0,0
47516000,0,0,-0.05025748,-0.006255615,0,0
47532000,0,0,-0.05025748,-0.006255615,0,0
47540000,0,0,-0.044158615,-0.0098779285,0,0
47548000,0,0,-0.044158615,-0.0098779285,0,0
47556000,0,0,-0.044158615,-0.0098779285,0,0
47572000,0,0,-0.039824698,-0.017073855,0,0
47580000,0,0,-0.039824698,-0.017073855,0,0
47588000,0,0,-0.039824698,-0.017073855,0,0
47596000,0,0,-0.039824698,-0.017073855,0,0
47612000,0,0,-0.03706415,-0.014538315,0,0
47620000,0,0,-0.03706415,-0.014538315,0,0
47628000,0,0,-0.03706415,-0.014538315,0,0
47636000,0,0,-0.031241039,-0.019185204,0,0
47652000,0,0,-0.031241039,-0.019185204,0,0
47660000,0,0,-0.031241039,-0.019185204,0,0
47668000,0,0,-0.047179483,-0.013303499,0,0
47680000,0,0,-0.047179483,-0.013303499,0,0
47692000,0,0,-0.047179483,-0.013303499,0,0
47700000,0,0,-0.045020625,-0.015544857,0,0
47708000,0,0,-0.045020625,-0.015544857,0,0
47716000,0,0,-0.045020625,-0.015544857,0,0
47732000,0,0,-0.045020625,-0.015544857,0,0
47740000,0,0,-0.040598255,-0.014390317,0,0
47748000,0,0,-0.040598255,-0.014390317,0,0
47756000,0,0,-0.040598255,-0.014390317,0,0
47772000,0,0,-0.039628394,-0.01792011,0,0
47780000,0,0,-0.039628394,-0.01792011,0,0
47788000,0,0,-0.039628394,-0.01792011,0,0
47796000,0,0,-0.039628394,-0.01792011,0,0
47812000,0,0,-0.027390981,-0.0093212435,0,0
47820000,0,0,-0.027390981,-0.0093212435,0,0
47828000,0,0,-0.027390981,-0.0093212435,0,0
47836000,0,0,-0.02219296,-0.01258871,0,0
47852000,0,0,-0.02219296,-0.01258871,0,0
47860000,0,0,-0.02219296,-0.01258871,0,0
47868000,0,0,-0.032437883,-0.019869676,0,0
47876000,0,0,-0.032437883,-0.019869676,0,0
47892000,0,0,-0.032437883,-0.019869676,0,0
47900000,0,0,-0.012174028,-0.022731945,0,0
47908000,0,0,-0.012174028,-0.022731945,0,0
47916000,0,0,-0.012174028,-0.022731945,0,0
47932000,0,0,-0.011669207,-0.019985087,0,0
47940000,0,0,-0.011669207,-0.019985087,0,0
47948000,0,0,-0.011669207,-0.019985087,0,0
47956000,0,0,-0.011669207,-0.019985087,0,0
47972000,0,0,-0.0024910052,-0.020421753,0,0
47980000,0,0,-0.0024910052,-0.020421753,0,0
47988000,0,0,-0.0024910052,-0.020421753,0,0
47996000,0,0,-0.0024910052,-0.020421753,0,0
48012000,0,0,0.010579392,-0.008930657,0,0
48020000,0,0,0.010579392,-0.008930657,0,0
48028000,0,0,0.010579392,-0.008930657,0,0
48036000,0,0,0.007922322,-0.0030419347,0,0
48052000,0,0,0.007922322,-0.0030419347,0,0
48060000,0,0,0.007922322,-0.0030419347,0,0
48068000,0,0,0.018242715,-0.0037008594,0,0
48076000,0,0,0.018242715,-0.0037008594,0,0
48092000,0,0,0.018242715,-0.0037008594,0,0
48100000,0,0,0.018035447,-0.006277918,0,0
48108000,0,0,0.018035447,-0.006277918,0,0
48116000,0,0,0.018035447,-0.006277918,0,0
48132000,0,0,0.008075601,-0.012094186,0,0
48140000,0,0,0.008075601,-0.012094186,0,0
48148000,0,0,0.008075601,-0.012094186,0,0
48156000,0,0,0.010713689,-0.010959852,0,0
48172000,0,0,0.010713689,-0.010959852,0,0
48180000,0,0,0.010713689,-0.010959852,0,0
48188000,0,0,0.023789367,-0.014206994,0,0
48196000,0,0,0.023789367,-0.014206994,0,0
48212000,0,0,0.023789367,-0.014206994,0,0
48220000,0,0,0.031144418,-0.005335972,0,0
48228000,0,0,0.031144418,-0.005335972,0,0
48236000,0,0,0.031144418,-0.005335972,0,0
48252000,0,0,0.031144418,-0.005335972,0,0
48260000,0,0,0.029795576,-0.007793714,0,0
48268000,0,0,0.029795576,-0.007793714,0,0
48276000,0,0,0.029795576,-0.007793714,0,0
48292000,0,0,0.0240068,-0.010431237,0,0
48300000,0,0,0.0240068,-0.010431237,0,0
48308000,0,0,0.0240068,-0.010431237,0,0
48316000,0,0,0.0240068,-0.010431237,0,0
48332000,0,0,0.021876652,-0.009096958,0,0
48340000,0,0,0.021876652,-0.009096958,0,0
48348000,0,0,0.021876652,-0.009096958,0,0
48356000,0,0,0.021799209,-0.0127451485,0,0
48372000,0,0,0.021799209,-0.0127451485,0,0
48380000,0,0,0.021799209,-0.0127451485,0,0
48388000,0,0,0.025260618,-0.018759517,0,0
48396000,0,0,0.025260618,-0.018759517,0,0
48412000,0,0,0.025260618,-0.018759517,0,0
48420000,0,0,0.029031146,-0.007230436,0,0
48428000,0,0,0.029031146,-0.007230436,0,0
48436000,0,0,0.029031146,-0.007230436,0,0
48452000,0,0,0.042827547,-0.006453206,0,0
48460000,0,0,0.042827547,-0.006453206,0,0
48468000,0,0,0.042827547,-0.006453206,0,0
48476000,0,0,0.042827547,-0.006453206,0,0
48492000,0,0,0.060726054,-0.0040848176,0,0
48500000,0,0,0.060726054,-0.0040848176,0,0
48508000,0,0,0.060726054,-0.0040848176,0,0
48516000,0,0,0.060726054,-0.0040848176,0,0
48532000,0,0,0.06400142,-0.00027267713,0,0
48540000,0,0,0.06400142,-0.00027267713,0,0
48548000,0,0,0.06400142,-0.00027267713,0,0
48556000,0,0,0.05831476,0.0065164776,0,0
48572000,0,0,0.05831476,0.0065164776,0,0
48580000,0,0,0.05831476,0.0065164776,0,0
48588000,0,0,0.050806724,0.00070545153,0,0
48600000,0,0,0.050806724,0.00070545153,0,0
48612000,0,0,0.050806724,0.00070545153,0,0
48620000,0,0,0.05587575,-0.0011941415,0,0
48628000,0,0,0.05587575,-0.0011941415,0,0
48636000,0,0,0.05587575,-0.0011941415,0,0
48652000,0,0,0.054967504,0.0077283843,0,0
48660000,0,0,0.054967504,0.0077283843,0,0
48668000,0,0,0.054967504,0.0077283843,0,0
48676000,0,0,0.054967504,0.0077283843,0,0
48692000,0,0,0.06841103,0.0074547436,0,0
48700000,0,0,0.06841103,0.0074547436,0,0
48708000,0,0,0.06841103,0.0074547436,0,0
48720000,0,0,0.08526298,0.018940585,0,0
48736000,0,0,0.08526298,0.018940585,0,0
48740000,0,0,0.08526298,0.018940585,0,0
48748000,0,0,0.08640831,0.0080224145,0,0
48756000,0,0,0.08640831,0.0080224145,0,0
48772000,0,0,0.08640831,0.0080224145,0,0
48780000,0,0,0.08640831,0.0080224145,0,0
48788000,0,0,0.085566334,0.011525701,0,0
48796000,0,0,0.085566334,0.011525701,0,0
48812000,0,0,0.085566334,0.011525701,0,0
48820000,0,0,0.083248325,0.011049545,0,0
48828000,0,0,0.083248325,0.011049545,0,0
48836000,0,0,0.083248325,0.011049545,0,0
48852000,0,0,0.08508133,0.014249231,0,0
48860000,0,0,0.08508133,0.014249231,0,0
48868000,0,0,0.08508133,0.014249231,0,0
48876000,0,0,0.08508133,0.014249231,0,0
48892000,0,0,0.0749913,0.018659508,0,0
48900000,0,0,0.0749913,0.018659508,0,0
48908000,0,0,0.0749913,0.018659508,0,0
48916000,0,0,0.064449824,0.022992462,0,0
48932000,0,0,0.064449824,0.022992462,0,0
48940000,0,0,0.064449824,0.022992462,0,0
48948000,0,0,0.06997263,0.027873851,0,0
48956000,0,0,0.06997263,0.027873851,0,0
48972000,0,0,0.06997263,0.027873851,0,0
48980000,0,0,0.06540564,0.027423032,0,0
48988000,0,0,0.06540564,0.027423032,0,0
48996000,0,0,0.06540564,0.027423032,0,0
49012000,0,0,0.0754205,0.029233662,0,0
49020000,0,0,0.0754205,0.029233662,0,0
49028000,0,0,0.0754205,0.029233662,0,0
49036000,0,0,0.0754205,0.029233662,0,0
49052000,0,0,0.0660325,0.034150682,0,0
49060000,0,0,0.0660325,0.034150682,0,0
49068000,0,0,0.0660325,0.034150682,0,0
49076000,0,0,0.0660325,0.034150682,0,0
49092000,0,0,0.06328351,0.02547638,0,0
49100000,0,0,0.06328351,0.02547638,0,0
49108000,0,0,0.06328351,0.02547638,0,0
49116000,0,0,0.059530195,0.02954725,0,0
49132000,0,0,0.059530195,0.02954725,0,0
49140000,0,0,0.059530195,0.02954725,0,0
49148000,0,0,0.05639741,0.03769665,0,0
49156000,0,0,0.05639741,0.03769665,0,0
49172000,0,0,0.05639741,0.03769665,0,0
49180000,0,0,0.053665232,0.03456133,0,0
49188000,0,0,0.053665232,0.03456133,0,0
49196000,0,0,0.053665232,0.03456133,0,0
49212000,0,0,0.047959566,0.045249954,0,0
49220000,0,0,0.047959566,0.045249954,0,0
49228000,0,0,0.047959566,0.045249954,0,0
49236000,0,0,0.047959566,0.045249954,0,0
49252000,0,0,0.047439244,0.046007153,0,0
49260000,0,0,0.047439244,0.046007153,0,0
49268000,0,0,0.047439244,0.046007153,0,0
49276000,0,0,0.04547024,0.05201323,0,0
49292000,0,0,0.04547024,0.05201323,0,0
49300000,0,0,0.04547024,0.05201323,0,0
49308000,0,0,0.04547024,0.05201323,0,0
49316000,0,0,0.047421444,0.048262455,0,0
49332000,0,0,0.047421444,0.048262455,0,0
49340000,0,0,0.047421444,0.048262455,0,0
49348000,0,0,0.042705536,0.047798038,0,0
49356000,0,0,0.042705536,0.047798038,0,0
49372000,0,0,0.042705536,0.047798038,0,0
49380000,0,0,0.043034386,0.048783712,0,0
49388000,0,0,0.043034386,0.048783712,0,0
49396000,0,0,0.043034386,0.048783712,0,0
49412000,0,0,0.037718374,0.05624832,0,0
49420000,0,0,0.037718374,0.05624832,0,0
49428000,0,0,0.037718374,0.05624832,0,0
49436000,0,0,0.037718374,0.05624832,0,0
49452000,0,0,0.033554927,0.06556046,0,0
49460000,0,0,0.033554927,0.06556046,0,0
49468000,0,0,0.033554927,0.06556046,0,0
49476000,0,0,0.025416207,0.06690188,0,0
49492000,0,0,0.025416207,0.06690188,0,0
49500000,0,0,0.025416207,0.06690188,0,0
49508000,0,0,0.03421695,0.076103546,0,0
49516000,0,0,0.03421695,0.076103546,0,0
49532000,0,0,0.03421695,0.076103546,0,0
49540000,0,0,0.039057765,0.0677043,0,0
49548000,0,0,0.039057765,0.0677043,0,0
49556000,0,0,0.039057765,0.0677043,0,0
49572000,0,0,0.039057765,0.0677043,0,0
49580000,0,0,0.038728908,0.068929404,0,0
49588000,0,0,0.038728908,0.068929404,0,0
49596000,0,0,0.038728908,0.068929404,0,0
49612000,0,0,0.029828932,0.07255827,0,0
49620000,0,0,0.029828932,0.07255827,0,0
49628000,0,0,0.029828932,0.07255827,0,0
49636000,0,0,0.029828932,0.07255827,0,0
49652000,0,0,0.03743704,0.07216227,0,0
49660000,0,0,0.03743704,0.07216227,0,0
49668000,0,0,0.03743704,0.07216227,0,0
49676000,0,0,0.049468335,0.0723612,0,0
49692000,0,0,0.049468335,0.0723612,0,0
49700000,0,0,0.049468335,0.0723612,0,0
49708000,0,0,0.051164407,0.080905296,0,0
49716000,0,0,0.051164407,0.080905296,0,0
49732000,0,0,0.051164407,0.080905296,0,0
49740000,0,0,0.055536646,0.07893751,0,0
49748000,0,0,0.055536646,0.07893751,0,0
49756000,0,0,0.055536646,0.07893751,0,0
49772000,0,0,0.063905776,0.056071613,0,0
49780000,0,0,0.063905776,0.056071613,0,0
49788000,0,0,0.063905776,0.056071613,0,0
49796000,0,0,0.063905776,0.056071613,0,0
49812000,0,0,0.07376886,0.056798913,0,0
49820000,0,0,0.07376886,0.056798913,0,0
49828000,0,0,0.07376886,0.056798913,0,0
49836000,0,0,0.07376886,0.056798913,0,0
49852000,0,0,0.07080779,0.060523286,0,0
49860000,0,0,0.07080779,0.060523286,0,0
49868000,0,0,0.07080779,0.060523286,0,0
49876000,0,0,0.048562553,0.051868204,0,0
49892000,0,0,0.048562553,0.051868204,0,0
49900000,0,0,0.048562553,0.051868204,0,0
49908000,0,0,0.04927962,0.044673715,0,0
49916000,0,0,0.04927962,0.044673715,0,0
49932000,0,0,0.04927962,0.044673715,0,0
49940000,0,0,0.05722185,0.049954537,0,0
49948000,0,0,0.05722185,0.049954537,0,0
49956000,0,0,0.05722185,0.049954537,0,0
49972000,0,0,0.046647012,0.054649685,0,0
49980000,0,0,0.046647012,0.054649685,0,0
49988000,0,0,0.046647012,0.054649685,0,0
49996000,0,0,0.046647012,0.054649685,0,0
50012000,0,0,0.058592707,0.05627201,0,0
50020000,0,0,0.058592707,0.05627201,0,0
50028000,0,0,0.058592707,0.05627201,0,0
50036000,0,0,0.05229945,0.06677358,0,0
50052000,0,0,0.05229945,0.06677358,0,0
50060000,0,0,0.05229945,0.06677358,0,0
50068000,0,0,0.05448191,0.06714238,0,0
50076000,0,0,0.05448191,0.06714238,0,0
50092000,0,0,0.05448191,0.06714238,0,0
50100000,0,0,0.05448191,0.06714238,0,0
50108000,0,0,0.054945823,0.06133898,0,0
50116000,0,0,0.054945823,0.06133898,0,0
50132000,0,0,0.054945823,0.06133898,0,0
50140000,0,0,0.052619614,0.066490166,0,0
50148000,0,0,0.052619614,0.066490166,0,0
50156000,0,0,0.052619614,0.066490166,0,0
50172000,0,0,0.05525058,0.07245612,0,0
50180000,0,0,0.05525058,0.07245612,0,0
50188000,0,0,0.05525058,0.07245612,0,0
50196000,0,0,0.05525058,0.07245612,0,0
50212000,0,0,0.058090862,0.08519277,0,0
50220000,0,0,0.058090862,0.08519277,0,0
50228000,0,0,0.058090862,0.08519277,0,0
50236000,0,0,0.06264178,0.09403469,0,0
50252000,0,0,0.06264178,0.09403469,0,0
50260000,0,0,0.06264178,0.09403469,0,0
50268000,0,0,0.057331875,0.092424296,0,0
50276000,0,0,0.057331875,0.092424296,0,0
50292000,0,0,0.057331875,0.092424296,0,0
50300000,0,0,0.047866404,0.08945091,0,0
50308000,0,0,0.047866404,0.08945091,0,0
50316000,0,0,0.047866404,0.08945091,0,0
50332000,0,0,0.051580954,0.085880406,0,0
50340000,0,0,0.051580954,0.085880406,0,0
50348000,0,0,0.051580954,0.085880406,0,0
50356000,0,0,0.051580954,0.085880406,0,0
50372000,0,0,0.04716441,0.07239097,0,0
50380000,0,0,0.04716441,0.07239097,0,0
50388000,0,0,0.04716441,0.07239097,0,0
50396000,0,0,0.04716441,0.07239097,0,0
50412000,0,0,0.030167628,0.06367536,0,0
50420000,0,0,0.030167628,0.06367536,0,0
50428000,0,0,0.030167628,0.06367536,0,0
50436000,0,0,0.025725441,0.0586308,0,0
50452000,0,0,0.025725441,0.0586308,0,0
50460000,0,0,0.025725441,0.0586308,0,0
50468000,0,0,0.026646635,0.052514754,0,0
50476000,0,0,0.026646635,0.052514754,0,0
50492000,0,0,0.026646635,0.052514754,0,0
50500000,0,0,0.033901807,0.06402104,0,0
50508000,0,0,0.033901807,0.06402104,0,0
50516000,0,0,0.033901807,0.06402104,0,0
50532000,0,0,0.02610621,0.060458187,0,0
50540000,0,0,0.02610621,0.060458187,0,0
50548000,0,0,0.02610621,0.060458187,0,0
50556000,0,0,0.02610621,0.060458187,0,0
50572000,0,0,0.01998801,0.05715029,0,0
50580000,0,0,0.01998801,0.05715029,0,0
50588000,0,0,0.01998801,0.05715029,0,0
50596000,0,0,0.02543766,0.059994623,0,0
50612000,0,0,0.02543766,0.059994623,0,0
50620000,0,0,0.02543766,0.059994623,0,0
50628000,0,0,0.02543766,0.059994623,0,0
50636000,0,0,0.03283801,0.041820448,0,0
50652000,0,0,0.03283801,0.041820448,0,0
50660000,0,0,0.03283801,0.041820448,0,0
50668000,0,0,0.03254499,0.043198608,0,0
50676000,0,0,0.03254499,0.043198608,0,0
50692000,0,0,0.03254499,0.043198608,0,0
50700000,0,0,0.037711464,0.047048487,0,0
50708000,0,0,0.037711464,0.047048487,0,0
50716000,0,0,0.037711464,0.047048487,0,0
50732000,0,0,0.051395375,0.04561776,0,0
50740000,0,0,0.051395375,0.04561776,0,0
50748000,0,0,0.051395375,0.04561776,0,0
50756000,0,0,0.051395375,0.04561776,0,0
50772000,0,0,0.047408473,0.06003409,0,0
50780000,0,0,0.047408473,0.06003409,0,0
50788000,0,0,0.047408473,0.06003409,0,0
50796000,0,0,0.050017253,0.056283418,0,0
50812000,0,0,0.050017253,0.056283418,0,0
50820000,0,0,0.050017253,0.056283418,0,0
50828000,0,0,0.06387895,0.041337542,0,0
50836000,0,0,0.06387895,0.041337542,0,0
50852000,0,0,0.06387895,0.041337542,0,0
50860000,0,0,0.07490066,0.029013777,0,0
50868000,0,0,0.07490066,0.029013777,0,0
50876000,0,0,0.07490066,0.029013777,0,0
50892000,0,0,0.07490066,0.029013777,0,0
50900000,0,0,0.09011094,0.01618885,0,0
50908000,0,0,0.09011094,0.01618885,0,0
50916000,0,0,0.09011094,0.01618885,0,0
50932000,0,0,0.07991315,0.022799345,0,0
50940000,0,0,0.07991315,0.022799345,0,0
50948000,0,0,0.07991315,0.022799345,0,0
50956000,0,0,0.07991315,0.022799345,0,0
50972000,0,0,0.06828635,0.02047309,0,0
50980000,0,0,0.06828635,0.02047309,0,0
50988000,0,0,0.06828635,0.02047309,0,0
50996000,0,0,0.053820327,0.018405935,0,0
51012000,0,0,0.053820327,0.018405935,0,0
51020000,0,0,0.053820327,0.018405935,0,0
51028000,0,0,0.045077894,0.029684534,0,0
51036000,0,0,0.045077894,0.029684534,0,0
51052000,0,0,0.045077894,0.029684534,0,0
51060000,0,0,0.046945047,0.035067387,0,0
51068000,0,0,0.046945047,0.035067387,0,0
51076000,0,0,0.046945047,0.035067387,0,0
51092000,0,0,0.02899328,0.04769472,0,0
51100000,0,0,0.02899328,0.04769472,0,0
51108000,0,0,0.02899328,0.04769472,0,0
51116000,0,0,0.02899328,0.04769472,0,0
51132000,0,0,0.036751274,0.048527792,0,0
51140000,0,0,0.036751274,0.048527792,0,0
51148000,0,0,0.036751274,0.048527792,0,0
51156000,0,0,0.036751274,0.048527792,0,0
51172000,0,0,0.03352004,0.03390305,0,0
51180000,0,0,0.03352004,0.03390305,0,0
51188000,0,0,0.03352004,0.03390305,0,0
51196000,0,0,0.031983815,0.032660957,0,0
51212000,0,0,0.031983815,0.032660957,0,0
51220000,0,0,0.031983815,0.032660957,0,0
51228000,0,0,0.038921975,0.020784399,0,0
51236000,0,0,0.038921975,0.020784399,0,0
51252000,0,0,0.038921975,0.020784399,0,0
51260000,0,0,0.047608625,0.024765668,0,0
51268000,0,0,0.047608625,0.024765668,0,0
51276000,0,0,0.047608625,0.024765668,0,0
51292000,0,0,0.0420774,0.040761422,0,0
51300000,0,0,0.0420774,0.040761422,0,0
51308000,0,0,0.0420774,0.040761422,0,0
51316000,0,0,0.0420774,0.040761422,0,0
51332000,0,0,0.03638977,0.051042255,0,0
51340000,0,0,0.03638977,0.051042255,0,0
51348000,0,0,0.03638977,0.051042255,0,0
51356000,0,0,0.029570073,0.039599158,0,0
51372000,0,0,0.029570073,0.039599158,0,0
51380000,0,0,0.029570073,0.039599158,0,0
51388000,0,0,0.0323241,0.035531525,0,0
51396000,0,0,0.0323241,0.035531525,0,0
51412000,0,0,0.0323241,0.035531525,0,0
51420000,0,0,0.0323241,0.035531525,0,0
51428000,0,0,0.045523856,0.017689558,0,0
51436000,0,0,0.045523856,0.017689558,0,0
51452000,0,0,0.045523856,0.017689558,0,0
51460000,0,0,0.034193717,0.021345532,0,0
51468000,0,0,0.034193717,0.021345532,0,0
51476000,0,0,0.034193717,0.021345532,0,0
51492000,0,0,0.038321923,0.021678794,0,0
51500000,0,0,0.038321923,0.021678794,0,0
51508000,0,0,0.038321923,0.021678794,0,0
51516000,0,0,0.038321923,0.021678794,0,0
51532000,0,0,0.042221032,0.013468721,0,0
51540000,0,0,0.042221032,0.013468721,0,0
51548000,0,0,0.042221032,0.013468721,0,0
51556000,0,0,0.046506185,0.039828252,0,0
51572000,0,0,0.046506185,0.039828252,0,0
51580000,0,0,0.046506185,0.039828252,0,0
51588000,0,0,0.039349947,0.042680204,0,0
51596000,0,0,0.039349947,0.042680204,0,0
51612000,0,0,0.039349947,0.042680204,0,0
51620000,0,0,0.030615311,0.036503576,0,0
51628000,0,0,0.030615311,0.036503576,0,0
51636000,0,0,0.030615311,0.036503576,0,0
51652000,0,0,0.022464626,0.037650462,0,0
51660000,0,0,0.022464626,0.037650462,0,0
51668000,0,0,0.022464626,0.037650462,0,0
51676000,0,0,0.022464626,0.037650462,0,0
51692000,0,0,0.02074942,0.03221043,0,0
51700000,0,0,0.02074942,0.03221043,0,0
51708000,0,0,0.02074942,0.03221043,0,0
51716000,0,0,0.02074942,0.03221043,0,0
51732000,0,0,0.030222509,0.028170403,0,0
51740000,0,0,0.030222509,0.028170403,0,0
51748000,0,0,0.030222509,0.028170403,0,0
51756000,0,0,0.030318871,0.028895939,0,0
51772000,0,0,0.030318871,0.028895939,0,0
51780000,0,0,0.030318871,0.028895939,0,0
51788000,0,0,0.031958368,0.0328065,0,0
51796000,0,0,0.031958368,0.0328065,0,0
51812000,0,0,0.031958368,0.0328065,0,0
51820000,0,0,0.040866308,0.039118547,0,0
51828000,0,0,0.040866308,0.039118547,0,0
51836000,0,0,0.040866308,0.039118547,0,0
51852000,0,0,0.05305815,0.0381167,0,0
51860000,0,0,0.05305815,0.0381167,0,0
51868000,0,0,0.05305815,0.0381167,0,0
51876000,0,0,0.05305815,0.0381167,0,0
51892000,0,0,0.037404682,0.028726682,0,0
51900000,0,0,0.037404682,0.028726682,0,0
51908000,0,0,0.037404682,0.028726682,0,0
51916000,0,0,0.03929433,0.027358696,0,0
51932000,0,0,0.03929433,0.027358696,0,0
51940000,0,0,0.03929433,0.027358696,0,0
51948000,0,0,0.03929433,0.027358696,0,0
51956000,0,0,0.04718382,0.02236352,0,0
51972000,0,0,0.04718382,0.02236352,0,0
51980000,0,0,0.04718382,0.02236352,0,0
51988000,0,0,0.059461806,0.03274803,0,0
51996000,0,0,0.059461806,0.03274803,0,0
52012000,0,0,0.059461806,0.03274803,0,0
52020000,0,0,0.05496534,0.0328037,0,0
52028000,0,0,0.05496534,0.0328037,0,0
52036000,0,0,0.05496534,0.0328037,0,0
52052000,0,0,0.06077885,0.030371657,0,0
52060000,0,0,0.06077885,0.030371657,0,0
52068000,0,0,0.06077885,0.030371657,0,0
52076000,0,0,0.06077885,0.030371657,0,0
52092000,0,0,0.05181775,0.04136261,0,0
52100000,0,0,0.05181775,0.04136261,0,0
52108000,0,0,0.05181775,0.04136261,0,0
52116000,0,0,0.053273447,0.03594259,0,0
52132000,0,0,0.053273447,0.03594259,0,0
52140000,0,0,0.053273447,0.03594259,0,0
52148000,0,0,0.063617885,0.037011966,0,0
52156000,0,0,0.063617885,0.037011966,0,0
52172000,0,0,0.063617885,0.037011966,0,0
52180000,0,0,0.07950189,0.037260465,0,0
52188000,0,0,0.07950189,0.037260465,0,0
52196000,0,0,0.07950189,0.037260465,0,0
52212000,0,0,0.07950189,0.037260465,0,0
52220000,0,0,0.07082205,0.017460866,0,0
52228000,0,0,0.07082205,0.017460866,0,0
52236000,0,0,0.07082205,0.017460866,0,0
52252000,0,0,0.071276374,0.017829621,0,0
52260000,0,0,0.071276374,0.017829621,0,0
52268000,0,0,0.071276374,0.017829621,0,0
52276000,0,0,0.071276374,0.017829621,0,0
52292000,0,0,0.06949217,0.024331793,0,0
52300000,0,0,0.06949217,0.024331793,0,0
52308000,0,0,0.06949217,0.024331793,0,0
52316000,0,0,0.06972064,0.016911877,0,0
52332000,0,0,0.06972064,0.016911877,0,0
52340000,0,0,0.06972064,0.016911877,0,0
52348000,0,0,0.07416669,0.029122688,0,0
52356000,0,0,0.07416669,0.029122688,0,0
52372000,0,0,0.07416669,0.029122688,0,0
52380000,0,0,0.0720445,0.025626317,0,0
52388000,0,0,0.0720445,0.025626317,0,0
52396000,0,0,0.0720445,0.025626317,0,0
52412000,0,0,0.07365713,0.024688916,0,0
52420000,0,0,0.07365713,0.024688916,0,0
52428000,0,0,0.07365713,0.024688916,0,0
52436000,0,0,0.07365713,0.024688916,0,0
52452000,0,0,0.07953056,0.019302841,0,0
52460000,0,0,0.07953056,0.019302841,0,0
52468000,0,0,0.07953056,0.019302841,0,0
52476000,0,0,0.07953056,0.019302841,0,0
52492000,0,0,0.07221502,-0.0065770946,0,0
52500000,0,0,0.07221502,-0.0065770946,0,0
52508000,0,0,0.07221502,-0.0065770946,0,0
52516000,0,0,0.064661674,-0.008335293,0,0
52532000,0,0,0.064661674,-0.008335293,0,0
52540000,0,0,0.064661674,-0.008335293,0,0
52548000,0,0,0.06645516,-0.01662223,0,0
52556000,0,0,0.06645516,-0.01662223,0,0
52572000,0,0,0.06645516,-0.01662223,0,0
52580000,0,0,0.06604925,-0.015722195,0,0
52588000,0,0,0.06604925,-0.015722195,0,0
52596000,0,0,0.06604925,-0.015722195,0,0
52612000,0,0,0.06485899,-0.00581746,0,0
52620000,0,0,0.06485899,-0.00581746,0,0
52628000,0,0,0.06485899,-0.00581746,0,0
52636000,0,0,0.06485899,-0.00581746,0,0
52652000,0,0,0.06494392,-0.008861323,0,0
52660000,0,0,0.06494392,-0.008861323,0,0
52668000,0,0,0.06494392,-0.008861323,0,0
52676000,0,0,0.07304457,-0.016940909,0,0
52692000,0,0,0.07304457,-0.016940909,0,0
52700000,0,0,0.07304457,-0.016940909,0,0
52708000,0,0,0.07552484,-0.012357736,0,0
52716000,0,0,0.07552484,-0.012357736,0,0
52732000,0,0,0.07552484,-0.012357736,0,0
52740000,0,0,0.07552484,-0.012357736,0,0
52748000,0,0,0.07247243,-0.023082342,0,0
52756000,0,0,0.07247243,-0.023082342,0,0
52772000,0,0,0.07247243,-0.023082342,0,0
52780000,0,0,0.0611944,-0.023755614,0,0
52788000,0,0,0.0611944,-0.023755614,0,0
52796000,0,0,0.0611944,-0.023755614,0,0
52812000,0,0,0.051108018,-0.014585296,0,0
52820000,0,0,0.051108018,-0.014585296,0,0
52828000,0,0,0.051108018,-0.014585296,0,0
52836000,0,0,0.051108018,-0.014585296,0,0
52852000,0,0,0.046347264,-0.017840305,0,0
52860000,0,0,0.046347264,-0.017840305,0,0
52868000,0,0,0.046347264,-0.017840305,0,0
52876000,0,0,0.05601494,-0.0151857,0,0
52892000,0,0,0.05601494,-0.0151857,0,0
52900000,0,0,0.05601494,-0.0151857,0,0
52908000,0,0,0.072068565,-0.029339103,0,0
52916000,0,0,0.072068565,-0.029339103,0,0
52932000,0,0,0.072068565,-0.029339103,0,0
52940000,0,0,0.08179549,-0.02288421,0,0
52948000,0,0,0.08179549,-0.02288421,0,0
52956000,0,0,0.08179549,-0.02288421,0,0
52972000,0,0,0.08889672,-0.015969384,0,0
52980000,0,0,0.08889672,-0.015969384,0,0
52988000,0,0,0.08889672,-0.015969384,0,0
52996000,0,0,0.08889672,-0.015969384,0,0
53012000,0,0,0.08002903,-0.014540742,0,0
53020000,0,0,0.08002903,-0.014540742,0,0
53028000,0,0,0.08002903,-0.014540742,0,0
53036000,0,0,0.08002903,-0.014540742,0,0
53052000,0,0,0.06456451,-0.02017003,0,0
53060000,0,0,0.06456451,-0.02017003,0,0
53068000,0,0,0.06456451,-0.02017003,0,0
53076000,0,0,0.063755766,-0.01776091,0,0
53092000,0,0,0.063755766,-0.01776091,0,0
53100000,0,0,0.063755766,-0.01776091,0,0
53108000,0,0,0.07818913,-0.025093285,0,0
53116000,0,0,0.07818913,-0.025093285,0,0
53132000,0,0,0.07818913,-0.025093285,0,0
53140000,0,0,0.06707331,-0.018800601,0,0
53148000,0,0,0.06707331,-0.018800601,0,0
53156000,0,0,0.06707331,-0.018800601,0,0
53172000,0,0,0.05928292,-0.014225746,0,0
53180000,0,0,0.05928292,-0.014225746,0,0
53188000,0,0,0.05928292,-0.014225746,0,0
53196000,0,0,0.05928292,-0.014225746,0,0
53212000,0,0,0.069039844,-0.01977272,0,0
53220000,0,0,0.069039844,-0.01977272,0,0
53228000,0,0,0.069039844,-0.01977272,0,0
53236000,0,0,0.06900369,-0.016697168,0,0
53252000,0,0,0.06900369,-0.016697168,0,0
53260000,0,0,0.06900369,-0.016697168,0,0
53268000,0,0,0.06900369,-0.016697168,0,0
53276000,0,0,0.079519324,-0.012810652,0,0
53292000,0,0,0.079519324,-0.012810652,0,0
53300000,0,0,0.079519324,-0.012810652,0,0
53308000,0,0,0.06303952,-0.02133788,0,0
53316000,0,0,0.06303952,-0.02133788,0,0
53332000,0,0,0.06303952,-0.02133788,0,0
53340000,0,0,0.06569064,-0.019830039,0,0
53348000,0,0,0.06569064,-0.019830039,0,0
53356000,0,0,0.06569064,-0.019830039,0,0
53372000,0,0,0.05036427,-0.017004346,0,0
53380000,0,0,0.05036427,-0.017004346,0,0
53388000,0,0,0.05036427,-0.017004346,0,0
53396000,0,0,0.05036427,-0.017004346,0,0
53412000,0,0,0.062906645,-0.001323662,0,0
53420000,0,0,0.062906645,-0.001323662,0,0
53428000,0,0,0.062906645,-0.001323662,0,0
53436000,0,0,0.054539625,0.0022127193,0,0
53452000,0,0,0.054539625,0.0022127193,0,0
53460000,0,0,0.054539625,0.0022127193,0,0
53468000,0,0,0.03362532,0.0006824669,0,0
53476000,0,0,0.03362532,0.0006824669,0,0
53492000,0,0,0.03362532,0.0006824669,0,0
53500000,0,0,0.0320614,-0.00034290508,0,0
53508000,0,0,0.0320614,-0.00034290508,0,0
53516000,0,0,0.0320614,-0.00034290508,0,0
53532000,0,0,0.0320614,-0.00034290508,0,0
53540000,0,0,0.035479255,0.0005093881,0,0
53548000,0,0,0.035479255,0.0005093881,0,0
53556000,0,0,0.035479255,0.0005093881,0,0
53572000,0,0,0.034243703,-0.0035664055,0,0
53580000,0,0,0.034243703,-0.0035664055,0,0
53588000,0,0,0.034243703,-0.0035664055,0,0
53596000,0,0,0.034243703,-0.0035664055,0,0
53612000,0,0,0.019229742,-0.010772536,0,0
53620000,0,0,0.019229742,-0.010772536,0,0
53628000,0,0,0.019229742,-0.010772536,0,0
53636000,0,0,0.019162385,-0.008061321,0,0
53652000,0,0,0.019162385,-0.008061321,0,0
53660000,0,0,0.019162385,-0.008061321,0,0
53668000,0,0,0.018707104,-0.007270121,0,0
53676000,0,0,0.018707104,-0.007270121,0,0
53692000,0,0,0.018707104,-0.007270121,0,0
53700000,0,0,0.020732002,-0.0127886,0,0
53708000,0,0,0.020732002,-0.0127886,0,0
53716000,0,0,0.020732002,-0.0127886,0,0
53732000,0,0,0.033655725,-0.0073829396,0,0
53740000,0,0,0.033655725,-0.0073829396,0,0
53748000,0,0,0.033655725,-0.0073829396,0,0
53756000,0,0,0.033655725,-0.0073829396,0,0
53772000,0,0,0.031626355,-0.012520638,0,0
53780000,0,0,0.031626355,-0.012520638,0,0
53788000,0,0,0.031626355,-0.012520638,0,0
53796000,0,0,0.031626355,-0.012520638,0,0
53812000,0,0,0.028125925,-0.015125656,0,0
53820000,0,0,0.028125925,-0.015125656,0,0
53828000,0,0,0.028125925,-0.015125656,0,0
53836000,0,0,0.030330561,-0.016102819,0,0
53852000,0,0,0.030330561,-0.016102819,0,0
53860000,0,0,0.030330561,-0.016102819,0,0
53868000,0,0,0.030587493,-0.006050552,0,0
53876000,0,0,0.030587493,-0.006050552,0,0
53892000,0,0,0.030587493,-0.006050552,0,0
53900000,0,0,0.033761583,-0.0054505896,0,0
53916000,0,0,0.033761583,-0.0054505896,0,0
53924000,0,0,0.033761583,-0.0054505896,0,0
53932000,0,0,0.035726544,-0.010118175,0,0
53940000,0,0,0.035726544,-0.010118175,0,0
53948000,0,0,0.035726544,-0.010118175,0,0
53956000,0,0,0.035726544,-0.010118175,0,0
53972000,0,0,0.03277261,-0.01448626,0,0
53980000,0,0,0.03277261,-0.01448626,0,0
53988000,0,0,0.03277261,-0.01448626,0,0
53996000,0,0,0.054819424,-0.019629687,0,0
54016000,0,0,0.054819424,-0.019629687,0,0
54020000,0,0,0.054819424,-0.019629687,0,0
54028000,0,0,0.04063577,-0.019877957,0,0
54036000,0,0,0.04063577,-0.019877957,0,0
54052000,0,0,0.04063577,-0.019877957,0,0
54060000,0,0,0.04063577,-0.019877957,0,0
54068000,0,0,0.037177604,-0.023459403,0,0
54076000,0,0,0.037177604,-0.023459403,0,0
54092000,0,0,0.037177604,-0.023459403,0,0
54100000,0,0,0.035078105,-0.017501008,0,0
54108000,0,0,0.035078105,-0.017501008,0,0
54116000,0,0,0.035078105,-0.017501008,0,0
54132000,0,0,0.024635246,-0.018009031,0,0
54140000,0,0,0.024635246,-0.018009031,0,0
54148000,0,0,0.024635246,-0.018009031,0,0
54156000,0,0,0.024635246,-0.018009031,0,0
54172000,0,0,0.02510438,-0.009732337,0,0
54180000,0,0,0.02510438,-0.009732337,0,0
54188000,0,0,0.02510438,-0.009732337,0,0
54196000,0,0,0.03272135,0.0018400343,0,0
54212000,0,0,0.03272135,0.0018400343,0,0
54220000,0,0,0.03272135,0.0018400343,0,0
54228000,0,0,0.02929705,0.009515755,0,0
54236000,0,0,0.02929705,0.009515755,0,0
54252000,0,0,0.02929705,0.009515755,0,0
54260000,0,0,0.028804734,0.013203937,0,0
54268000,0,0,0.028804734,0.013203937,0,0
54276000,0,0,0.028804734,0.013203937,0,0
54292000,0,0,0.034391504,0.007762344,0,0
54300000,0,0,0.034391504,0.007762344,0,0
54308000,0,0,0.034391504,0.007762344,0,0
54316000,0,0,0.034391504,0.007762344,0,0
54332000,0,0,0.034699857,0.009419325,0,0
54340000,0,0,0.034699857,0.009419325,0,0
54348000,0,0,0.034699857,0.009419325,0,0
54356000,0,0,0.034699857,0.009419325,0,0
54372000,0,0,0.048334353,0.013006776,0,0
54380000,0,0,0.048334353,0.013006776,0,0
54388000,0,0,0.048334353,0.013006776,0,0
54396000,0,0,0.041025728,0.013423835,0,0
54412000,0,0,0.041025728,0.013423835,0,0
54420000,0,0,0.041025728,0.013423835,0,0
54428000,0,0,0.042557795,0.011492622,0,0
54436000,0,0,0.042557795,0.011492622,0,0
54452000,0,0,0.042557795,0.011492622,0,0
54460000,0,0,0.042043835,0.008075798,0,0
54468000,0,0,0.042043835,0.008075798,0,0
54476000,0,0,0.042043835,0.008075798,0,0
54492000,0,0,0.024208913,0.0063778553,0,0
54500000,0,0,0.024208913,0.0063778553,0,0
54508000,0,0,0.024208913,0.0063778553,0,0
54516000,0,0,0.024208913,0.0063778553,0,0
54532000,0,0,0.032238077,0.00065342605,0,0
54540000,0,0,0.032238077,0.00065342605,0,0
54548000,0,0,0.032238077,0.00065342605,0,0
54556000,0,0,0.032287013,0.005801763,0,0
54572000,0,0,0.032287013,0.005801763,0,0
54580000,0,0,0.032287013,0.005801763,0,0
54588000,0,0,0.032287013,0.005801763,0,0
54596000,0,0,0.03012813,0.0081125675,0,0
54616000,0,0,0.03012813,0.0081125675,0,0
54620000,0,0,0.03012813,0.0081125675,0,0
54628000,0,0,0.03582463,0.006953435,0,0
54636000,0,0,0.03582463,0.006953435,0,0
54652000,0,0,0.03582463,0.006953435,0,0
54660000,0,0,0.028601285,0.00334604,0,0
54668000,0,0,0.028601285,0.00334604,0,0
54676000,0,0,0.028601285,0.00334604,0,0
54692000,0,0,0.0442436,0.0054089767,0,0
54700000,0,0,0.0442436,0.0054089767,0,0
54708000,0,0,0.0442436,0.0054089767,0,0
54716000,0,0,0.0442436,0.0054089767,0,0
54732000,0,0,0.03396695,0.009955213,0,0
54740000,0,0,0.03396695,0.009955213,0,0
54748000,0,0,0.03396695,0.009955213,0,0
54756000,0,0,0.035423808,0.016097229,0,0
54772000,0,0,0.035423808,0.016097229,0,0
54780000,0,0,0.035423808,0.016097229,0,0
54788000,0,0,0.040918835,0.004893243,0,0
54796000,0,0,0.040918835,0.004893243,0,0
54812000,0,0,0.040918835,0.004893243,0,0
54820000,0,0,0.04631018,0.01729303,0,0
54828000,0,0,0.04631018,0.01729303,0,0
54836000,0,0,0.04631018,0.01729303,0,0
54852000,0,0,0.04631018,0.01729303,0,0
54860000,0,0,0.05092167,0.0204834,0,0
54868000,0,0,0.05092167,0.0204834,0,0
54876000,0,0,0.05092167,0.0204834,0,0
54892000,0,0,0.062244873,0.010975116,0,0
54900000,0,0,0.062244873,0.010975116,0,0
54908000,0,0,0.062244873,0.010975116,0,0
54916000,0,0,0.062244873,0.010975116,0,0
54932000,0,0,0.06769535,-0.0051046778,0,0
54940000,0,0,0.06769535,-0.0051046778,0,0
54948000,0,0,0.06769535,-0.0051046778,0,0
54956000,0,0,0.07019106,0.010983589,0,0
54972000,0,0,0.07019106,0.010983589,0,0
54980000,0,0,0.07019106,0.010983589,0,0
54988000,0,0,0.06755172,-0.0043250113,0,0
54996000,0,0,0.06755172,-0.0043250113,0,0
55012000,0,0,0.06755172,-0.0043250113,0,0
55020000,0,0,0.07834207,0.004823964,0,0
55028000,0,0,0.07834207,0.004823964,0,0
55036000,0,0,0.07834207,0.004823964,0,0
55052000,0,0,0.08730047,0.0062461123,0,0
55060000,0,0,0.08730047,0.0062461123,0,0
55068000,0,0,0.08730047,0.0062461123,0,0
55076000,0,0,0.08730047,0.0062461123,0,0
55092000,0,0,0.090654515,0.005336864,0,0
55100000,0,0,0.090654515,0.005336864,0,0
55108000,0,0,0.090654515,0.005336864,0,0
55116000,0,0,0.090654515,0.005336864,0,0
55132000,0,0,0.09654624,-0.0028531044,0,0
55140000,0,0,0.09654624,-0.0028531044,0,0
55148000,0,0,0.09654624,-0.0028531044,0,0
55156000,0,0,0.08829258,0.017726894,0,0
55172000,0,0,0.08829258,0.017726894,0,0
55180000,0,0,0.08829258,0.017726894,0,0
55188000,0,0,0.08609266,0.0244975,0,0
55196000,0,0,0.08609266,0.0244975,0,0
55212000,0,0,0.08609266,0.0244975,0,0
55220000,0,0,0.08700592,0.026785148,0,0
55228000,0,0,0.08700592,0.026785148,0,0
55236000,0,0,0.08700592,0.026785148,0,0
55252000,0,0,0.09426957,-0.0047396175,0,0
55260000,0,0,0.09426957,-0.0047396175,0,0
55268000,0,0,0.09426957,-0.0047396175,0,0
55276000,0,0,0.09426957,-0.0047396175,0,0
55292000,0,0,0.08186261,0.008630112,0,0
55300000,0,0,0.08186261,0.008630112,0,0
55308000,0,0,0.08186261,0.008630112,0,0
55316000,0,0,0.07427306,0.0024877675,0,0
55332000,0,0,0.07427306,0.0024877675,0,0
55340000,0,0,0.07427306,0.0024877675,0,0
55348000,0,0,0.07921587,-0.0060641374,0,0
55356000,0,0,0.07921587,-0.0060641374,0,0
55372000,0,0,0.07921587,-0.0060641374,0,0
55380000,0,0,0.07921587,-0.0060641374,0,0
55388000,0,0,0.09890806,-0.008008375,0,0
55396000,0,0,0.09890806,-0.008008375,0,0
55412000,0,0,0.09890806,-0.008008375,0,0
55420000,0,0,0.087040134,-0.007991729,0,0
55428000,0,0,0.087040134,-0.007991729,0,0
55436000,0,0,0.087040134,-0.007991729,0,0
55452000,0,0,0.083270185,-0.0029210802,0,0
55460000,0,0,0.083270185,-0.0029210802,0,0
55468000,0,0,0.083270185,-0.0029210802,0,0
55476000,0,0,0.083270185,-0.0029210802,0,0
55492000,0,0,0.086743325,0.0025207093,0,0
55500000,0,0,0.086743325,0.0025207093,0,0
55508000,0,0,0.086743325,0.0025207093,0,0
55516000,0,0,0.061474778,0.006482907,0,0
55532000,0,0,0.061474778,0.006482907,0,0
55540000,0,0,0.061474778,0.006482907,0,0
55548000,0,0,0.054344267,0.015919564,0,0
55556000,0,0,0.054344267,0.015919564,0,0
55572000,0,0,0.054344267,0.015919564,0,0
55580000,0,0,0.054025132,0.006242697,0,0
55588000,0,0,0.054025132,0.006242697,0,0
55596000,0,0,0.054025132,0.006242697,0,0
55612000,0,0,0.06041412,0.010136239,0,0
55620000,0,0,0.06041412,0.010136239,0,0
55628000,0,0,0.06041412,0.010136239,0,0
55636000,0,0,0.06041412,0.010136239,0,0
55652000,0,0,0.07074288,0.01392309,0,0
55660000,0,0,0.07074288,0.01392309,0,0
55668000,0,0,0.07074288,0.01392309,0,0
55676000,0,0,0.07074288,0.01392309,0,0
55692000,0,0,0.058817748,0.010949411,0,0
55700000,0,0,0.058817748,0.010949411,0,0
55708000,0,0,0.058817748,0.010949411,0,0
55716000,0,0,0.04260512,0.018527312,0,0
55732000,0,0,0.04260512,0.018527312,0,0
55740000,0,0,0.04260512,0.018527312,0,0
55748000,0,0,0.03135753,0.01695582,0,0
55756000,0,0,0.03135753,0.01695582,0,0
55772000,0,0,0.03135753,0.01695582,0,0
55780000,0,0,0.0455668,0.019133488,0,0
55788000,0,0,0.0455668,0.019133488,0,0
55796000,0,0,0.0455668,0.019133488,0,0
55812000,0,0,0.05848732,0.018870147,0,0
55820000,0,0,0.05848732,0.018870147,0,0
55828000,0,0,0.05848732,0.018870147,0,0
55836000,0,0,0.05848732,0.018870147,0,0
55852000,0,0,0.043690927,0.002787889,0,0
55860000,0,0,0.043690927,0.002787889,0,0
55868000,0,0,0.043690927,0.002787889,0,0
55876000,0,0,0.04193936,0.02159408,0,0
55892000,0,0,0.04193936,0.02159408,0,0
55900000,0,0,0.04193936,0.02159408,0,0
55908000,0,0,0.04193936,0.02159408,0,0
55916000,0,0,0.050401233,0.025334395,0,0
55932000,0,0,0.050401233,0.025334395,0,0
55940000,0,0,0.050401233,0.025334395,0,0
55948000,0,0,0.04234518,0.02835068,0,0
55956000,0,0,0.04234518,0.02835068,0,0
55972000,0,0,0.04234518,0.02835068,0,0
55980000,0,0,0.038785964,0.027370289,0,0
55988000,0,0,0.038785964,0.027370289,0,0
55996000,0,0,0.038785964,0.027370289,0,0
56012000,0,0,0.044854756,0.020939337,0,0
56020000,0,0,0.044854756,0.020939337,0,0
56028000,0,0,0.044854756,0.020939337,0,0
56036000,0,0,0.044854756,0.020939337,0,0
56052000,0,0,0.03710357,0.021645963,0,0
56060000,0,0,0.03710357,0.021645963,0,0
56068000,0,0,0.03710357,0.021645963,0,0
56076000,0,0,0.050134066,0.020483501,0,0
56092000,0,0,0.050134066,0.020483501,0,0
56100000,0,0,0.050134066,0.020483501,0,0
56108000,0,0,0.05990296,0.02619812,0,0
56116000,0,0,0.05990296,0.02619812,0,0
56132000,0,0,0.05990296,0.02619812,0,0
56140000,0,0,0.06231227,0.014674242,0,0
56148000,0,0,0.06231227,0.014674242,0,0
56156000,0,0,0.06231227,0.014674242,0,0
56172000,0,0,0.06231227,0.014674242,0,0
56180000,0,0,0.060767286,0.0285539,0,0
56188000,0,0,0.060767286,0.0285539,0,0
56196000,0,0,0.060767286,0.0285539,0,0
56212000,0,0,0.07113472,0.03892135,0,0
56220000,0,0,0.07113472,0.03892135,0,0
56228000,0,0,0.07113472,0.03892135,0,0
56236000,0,0,0.07113472,0.03892135,0,0
56252000,0,0,0.07540824,0.029388675,0,0
56260000,0,0,0.07540824,0.029388675,0,0
56268000,0,0,0.07540824,0.029388675,0,0
56276000,0,0,0.068541266,0.03434376,0,0
56292000,0,0,0.068541266,0.03434376,0,0
56300000,0,0,0.068541266,0.03434376,0,0
56308000,0,0,0.06539842,0.030668551,0,0
56316000,0,0,0.06539842,0.030668551,0,0
56332000,0,0,0.06539842,0.030668551,0,0
56340000,0,0,0.06581823,0.027945453,0,0
56348000,0,0,0.06581823,0.027945453,0,0
56356000,0,0,0.06581823,0.027945453,0,0
56372000,0,0,0.07233976,0.030079484,0,0
56380000,0,0,0.07233976,0.030079484,0,0
56388000,0,0,0.07233976,0.030079484,0,0
56396000,0,0,0.07233976,0.030079484,0,0
56412000,0,0,0.06201765,0.025800904,0,0
56420000,0,0,0.06201765,0.025800904,0,0
56428000,0,0,0.06201765,0.025800904,0,0
56436000,0,0,0.06201765,0.025800904,0,0
56452000,0,0,0.060765177,0.031224798,0,0
56460000,0,0,0.060765177,0.031224798,0,0
56468000,0,0,0.060765177,0.031224798,0,0
56476000,0,0,0.06463772,0.030776769,0,0
56492000,0,0,0.06463772,0.030776769,0,0
56500000,0,0,0.06463772,0.030776769,0,0
56508000,0,0,0.06427071,0.034690622,0,0
56516000,0,0,0.06427071,0.034690622,0,0
56532000,0,0,0.06427071,0.034690622,0,0
56540000,0,0,0.07561249,0.04175485,0,0
56548000,0,0,0.07561249,0.04175485,0,0
56556000,0,0,0.07561249,0.04175485,0,0
56572000,0,0,0.08771994,0.042790882,0,0
56580000,0,0,0.08771994,0.042790882,0,0
56588000,0,0,0.08771994,0.042790882,0,0
56596000,0,0,0.08771994,0.042790882,0,0
56612000,0,0,0.08509969,0.044020068,0,0
56620000,0,0,0.08509969,0.044020068,0,0
56628000,0,0,0.08509969,0.044020068,0,0
56636000,0,0,0.08294449,0.0412833,0,0
56652000,0,0,0.08294449,0.0412833,0,0
56660000,0,0,0.08294449,0.0412833,0,0
56668000,0,0,0.08796198,0.04290246,0,0
56676000,0,0,0.08796198,0.04290246,0,0
56692000,0,0,0.08796198,0.04290246,0,0
56700000,0,0,0.08796198,0.04290246,0,0
56708000,0,0,0.08289728,0.05358027,0,0
56716000,0,0,0.08289728,0.05358027,0,0
56732000,0,0,0.08289728,0.05358027,0,0
56740000,0,0,0.08588105,0.04863747,0,0
56748000,0,0,0.08588105,0.04863747,0,0
56756000,0,0,0.08588105,0.04863747,0,0
56772000,0,0,0.082427375,0.031649027,0,0
56780000,0,0,0.082427375,0.031649027,0,0
56788000,0,0,0.082427375,0.031649027,0,0
56796000,0,0,0.082427375,0.031649027,0,0
56812000,0,0,0.06926989,0.038889185,0,0
56820000,0,0,0.06926989,0.038889185,0,0
56828000,0,0,0.06926989,0.038889185,0,0
56836000,0,0,0.06906501,0.034228414,0,0
56852000,0,0,0.06906501,0.034228414,0,0
56860000,0,0,0.06906501,0.034228414,0,0
56868000,0,0,0.06569305,0.032780614,0,0
56876000,0,0,0.06569305,0.032780614,0,0
56892000,0,0,0.06569305,0.032780614,0,0
56900000,0,0,0.070279896,0.030199388,0,0
56908000,0,0,0.070279896,0.030199388,0,0
56916000,0,0,0.070279896,0.030199388,0,0
56932000,0,0,0.0565887,0.034045737,0,0
56940000,0,0,0.0565887,0.034045737,0,0
56948000,0,0,0.0565887,0.034045737,0,0
56956000,0,0,0.0565887,0.034045737,0,0
56972000,0,0,0.047072276,0.032901205,0,0
56980000,0,0,0.047072276,0.032901205,0,0
56988000,0,0,0.047072276,0.032901205,0,0
56996000,0,0,0.047072276,0.032901205,0,0
57012000,0,0,0.04334679,0.027112613,0,0
57020000,0,0,0.04334679,0.027112613,0,0
57028000,0,0,0.04334679,0.027112613,0,0
57036000,0,0,0.043964807,0.025377683,0,0
57052000,0,0,0.043964807,0.025377683,0,0
57060000,0,0,0.043964807,0.025377683,0,0
57068000,0,0,0.0454699,0.023240551,0,0
57076000,0,0,0.0454699,0.023240551,0,0
57092000,0,0,0.0454699,0.023240551,0,0
57100000,0,0,0.049686484,0.03595985,0,0
57108000,0,0,0.049686484,0.03595985,0,0
57116000,0,0,0.049686484,0.03595985,0,0
57132000,0,0,0.03530053,0.028412018,0,0
57140000,0,0,0.03530053,0.028412018,0,0
57148000,0,0,0.03530053,0.028412018,0,0
57156000,0,0,0.03530053,0.028412018,0,0
57172000,0,0,0.044960186,0.026079526,0,0
57180000,0,0,0.044960186,0.026079526,0,0
57188000,0,0,0.044960186,0.026079526,0,0
57196000,0,0,0.03621895,0.024179757,0,0
57212000,0,0,0.03621895,0.024179757,0,0
57220000,0,0,0.03621895,0.024179757,0,0
57228000,0,0,0.03621895,0.024179757,0,0
57236000,0,0,0.03929879,0.028167728,0,0
57252000,0,0,0.03929879,0.028167728,0,0
57260000,0,0,0.03929879,0.028167728,0,0
57268000,0,0,0.03480894,0.031738814,0,0
57276000,0,0,0.03480894,0.031738814,0,0
57292000,0,0,0.03480894,0.031738814,0,0
57300000,0,0,0.03764672,0.03685204,0,0
57308000,0,0,0.03764672,0.03685204,0,0
57316000,0,0,0.03764672,0.03685204,0,0
57332000,0,0,0.0355484,0.04574455,0,0
57340000,0,0,0.0355484,0.04574455,0,0
57348000,0,0,0.0355484,0.04574455,0,0
57356000,0,0,0.0355484,0.04574455,0,0
57372000,0,0,0.028150609,0.047000516,0,0
57380000,0,0,0.028150609,0.047000516,0,0
57388000,0,0,0.028150609,0.047000516,0,0
57396000,0,0,0.032316785,0.04066129,0,0
57412000,0,0,0.032316785,0.04066129,0,0
57420000,0,0,0.032316785,0.04066129,0,0
57428000,0,0,0.024899526,0.037477117,0,0
57436000,0,0,0.024899526,0.037477117,0,0
57452000,0,0,0.024899526,0.037477117,0,0
57460000,0,0,0.021442695,0.050253708,0,0
57468000,0,0,0.021442695,0.050253708,0,0
57476000,0,0,0.021442695,0.050253708,0,0
57492000,0,0,0.021442695,0.050253708,0,0
57500000,0,0,0.028416596,0.055333804,0,0
57508000,0,0,0.028416596,0.055333804,0,0
57516000,0,0,0.028416596,0.055333804,0,0
57532000,0,0,0.027140621,0.05475254,0,0
57540000,0,0,0.027140621,0.05475254,0,0
57548000,0,0,0.027140621,0.05475254,0,0
57556000,0,0,0.027140621,0.05475254,0,0
57572000,0,0,0.024100464,0.055909824,0,0
57580000,0,0,0.024100464,0.055909824,0,0
57588000,0,0,0.024100464,0.055909824,0,0
57596000,0,0,0.02772619,0.049995154,0,0
57612000,0,0,0.02772619,0.049995154,0,0
57620000,0,0,0.02772619,0.049995154,0,0
57628000,0,0,0.029736398,0.04546407,0,0
57636000,0,0,0.029736398,0.04546407,0,0
57652000,0,0,0.029736398,0.04546407,0,0
57660000,0,0,0.01908962,0.041122627,0,0
57668000,0,0,0.01908962,0.041122627,0,0
57676000,0,0,0.01908962,0.041122627,0,0
57692000,0,0,0.012920564,0.033846833,0,0
57700000,0,0,0.012920564,0.033846833,0,0
57708000,0,0,0.012920564,0.033846833,0,0
57716000,0,0,0.012920564,0.033846833,0,0
57732000,0,0,0.012425051,0.032944076,0,0
57740000,0,0,0.012425051,0.032944076,0,0
57748000,0,0,0.012425051,0.032944076,0,0
57756000,0,0,0.012425051,0.032944076,0,0
57772000,0,0,0.027337685,0.039434575,0,0
57780000,0,0,0.027337685,0.039434575,0,0
57788000,0,0,0.027337685,0.039434575,0,0
57796000,0,0,0.008827217,0.046839163,0,0
57812000,0,0,0.008827217,0.046839163,0,0
57820000,0,0,0.008827217,0.046839163,0,0
57828000,0,0,0.012290559,0.042847704,0,0
57836000,0,0,0.012290559,0.042847704,0,0
57852000,0,0,0.012290559,0.042847704,0,0
57860000,0,0,0.019197308,0.043425713,0,0
57868000,0,0,0.019197308,0.043425713,0,0
57876000,0,0,0.019197308,0.043425713,0,0
57892000,0,0,0.0186252,0.053049337,0,0
57900000,0,0,0.0186252,0.053049337,0,0
57908000,0,0,0.0186252,0.053049337,0,0
57916000,0,0,0.0186252,0.053049337,0,0
57932000,0,0,-0.0004867931,0.056170754,0,0
57940000,0,0,-0.0004867931,0.056170754,0,0
57948000,0,0,-0.0004867931,0.056170754,0,0
57956000,0,0,-0.0019676692,0.05568886,0,0
57972000,0,0,-0.0019676692,0.05568886,0,0
57980000,0,0,-0.0019676692,0.05568886,0,0
57988000,0,0,0.009125854,0.04859079,0,0
57996000,0,0,0.009125854,0.04859079,0,0
58012000,0,0,0.009125854,0.04859079,0,0
58020000,0,0,0.009125854,0.04859079,0,0
58028000,0,0,0.007494629,0.046482135,0,0
58036000,0,0,0.007494629,0.046482135,0,0
58052000,0,0,0.007494629,0.046482135,0,0
58060000,0,0,0.0059761913,0.03855989,0,0
58068000,0,0,0.0059761913,0.03855989,0,0
58076000,0,0,0.0059761913,0.03855989,0,0
58092000,0,0,0.004769492,0.025861135,0,0
58100000,0,0,0.004769492,0.025861135,0,0
58108000,0,0,0.004769492,0.025861135,0,0
58116000,0,0,0.004769492,0.025861135,0,0
58132000,0,0,0.007316158,0.027444141,0,0
58140000,0,0,0.007316158,0.027444141,0,0
58148000,0,0,0.007316158,0.027444141,0,0
58156000,0,0,0.0033467025,0.02401493,0,0
58172000,0,0,0.0033467025,0.02401493,0,0
58180000,0,0,0.0033467025,0.02401493,0,0
58188000,0,0,0.02534205,0.018615745,0,0
58196000,0,0,0.02534205,0.018615745,0,0
58216000,0,0,0.02534205,0.018615745,0,0
58224000,0,0,0.03662334,0.024957987,0,0
58232000,0,0,0.03662334,0.024957987,0,0
58240000,0,0,0.03662334,0.024957987,0,0
58248000,0,0,0.03662334,0.024957987,0,0
58256000,0,0,0.022404887,0.018299239,0,0
58272000,0,0,0.022404887,0.018299239,0,0
58280000,0,0,0.022404887,0.018299239,0,0
58288000,0,0,0.022404887,0.018299239,0,0
58296000,0,0,0.018079685,0.019518469,0,0
58312000,0,0,0.018079685,0.019518469,0,0
58320000,0,0,0.018079685,0.019518469,0,0
58328000,0,0,0.015056026,0.016658884,0,0
58336000,0,0,0.015056026,0.016658884,0,0
58352000,0,0,0.015056026,0.016658884,0,0
58360000,0,0,0.013541355,0.014420974,0,0
58368000,0,0,0.013541355,0.014420974,0,0
58376000,0,0,0.013541355,0.014420974,0,0
58392000,0,0,0.011647831,0.012075208,0,0
58400000,0,0,0.011647831,0.012075208,0,0
58408000,0,0,0.011647831,0.012075208,0,0
58416000,0,0,0.011647831,0.012075208,0,0
58432000,0,0,0.013624253,0.009927577,0,0
58440000,0,0,0.013624253,0.009927577,0,0
58448000,0,0,0.013624253,0.009927577,0,0
58456000,0,0,0.00929342,0.008585426,0,0
58472000,0,0,0.00929342,0.008585426,0,0
58480000,0,0,0.00929342,0.008585426,0,0
58488000,0,0,0.028923703,0.012858042,0,0
58496000,0,0,0.028923703,0.012858042,0,0
58512000,0,0,0.028923703,0.012858042,0,0
58520000,0,0,0.03741579,0.010085436,0,0
58528000,0,0,0.03741579,0.010085436,0,0
58536000,0,0,0.03741579,0.010085436,0,0
58552000,0,0,0.013995987,0.029200584,0,0
58560000,0,0,0.013995987,0.029200584,0,0
58568000,0,0,0.013995987,0.029200584,0,0
58576000,0,0,0.013995987,0.029200584,0,0
58592000,0,0,0.022065658,0.035641287,0,0
58600000,0,0,0.022065658,0.035641287,0,0
58608000,0,0,0.022065658,0.035641287,0,0
58616000,0,0,0.012778693,0.038277943,0,0
58632000,0,0,0.012778693,0.038277943,0,0
58640000,0,0,0.012778693,0.038277943,0,0
58648000,0,0,0.00956781,0.04947323,0,0
58656000,0,0,0.00956781,0.04947323,0,0
58672000,0,0,0.00956781,0.04947323,0,0
58680000,0,0,0.00956781,0.04947323,0,0
58688000,0,0,0.009918362,0.048536766,0,0
58696000,0,0,0.009918362,0.048536766,0,0
58712000,0,0,0.009918362,0.048536766,0,0
58720000,0,0,0.016536871,0.052697614,0,0
58728000,0,0,0.016536871,0.052697614,0,0
58736000,0,0,0.016536871,0.052697614,0,0
58752000,0,0,0.012257457,0.039385896,0,0
58760000,0,0,0.012257457,0.039385896,0,0
58768000,0,0,0.012257457,0.039385896,0,0
58776000,0,0,0.012257457,0.039385896,0,0
58792000,0,0,-0.0011785001,0.027568277,0,0
58800000,0,0,-0.0011785001,0.027568277,0,0
58808000,0,0,-0.0011785001,0.027568277,0,0
58816000,0,0,-0.017038403,0.028293636,0,0
58832000,0,0,-0.017038403,0.028293636,0,0
58840000,0,0,-0.017038403,0.028293636,0,0
58848000,0,0,-0.015422151,0.030413177,0,0
58856000,0,0,-0.015422151,0.030413177,0,0
58872000,0,0,-0.015422151,0.030413177,0,0
58880000,0,0,-0.022547673,0.02959911,0,0
58888000,0,0,-0.022547673,0.02959911,0,0
58896000,0,0,-0.022547673,0.02959911,0,0
58912000,0,0,-0.010965283,0.020590454,0,0
58920000,0,0,-0.010965283,0.020590454,0,0
58928000,0,0,-0.010965283,0.020590454,0,0
58936000,0,0,-0.010965283,0.020590454,0,0
58952000,0,0,-0.016697861,0.00907645,0,0
58960000,0,0,-0.016697861,0.00907645,0,0
58968000,0,0,-0.016697861,0.00907645,0,0
58976000,0,0,-0.016697861,0.00907645,0,0
58992000,0,0,-0.020144032,0.010217148,0,0
59000000,0,0,-0.020144032,0.010217148,0,0
59008000,0,0,-0.020144032,0.010217148,0,0
59016000,0,0,-0.030661803,0.0010656224,0,0
59032000,0,0,-0.030661803,0.0010656224,0,0
59040000,0,0,-0.030661803,0.0010656224,0,0
59048000,0,0,-0.03677447,0.00029222775,0,0
59056000,0,0,-0.03677447,0.00029222775,0,0
59072000,0,0,-0.03677447,0.00029222775,0,0
59080000,0,0,-0.03075105,0.009748454,0,0
59088000,0,0,-0.03075105,0.009748454,0,0
59096000,0,0,-0.03075105,0.009748454,0,0
59112000,0,0,-0.024413977,0.0063921893,0,0
59120000,0,0,-0.024413977,0.0063921893,0,0
59128000,0,0,-0.024413977,0.0063921893,0,0
59136000,0,0,-0.024413977,0.0063921893,0,0
59152000,0,0,-0.01288757,0.009861,0,0
59160000,0,0,-0.01288757,0.009861,0,0
59168000,0,0,-0.01288757,0.009861,0,0
59176000,0,0,-0.014572819,0.008382628,0,0
59192000,0,0,-0.014572819,0.008382628,0,0
59200000,0,0,-0.014572819,0.008382628,0,0
59208000,0,0,-0.014572819,0.008382628,0,0
59216000,0,0,-0.012367029,0.018613035,0,0
59232000,0,0,-0.012367029,0.018613035,0,0
59240000,0,0,-0.012367029,0.018613035,0,0
59248000,0,0,-0.010352381,0.006378367,0,0
59256000,0,0,-0.010352381,0.006378367,0,0
59272000,0,0,-0.010352381,0.006378367,0,0
59280000,0,0,-0.0061655585,0.005673605,0,0
59288000,0,0,-0.0061655585,0.005673605,0,0
59296000,0,0,-0.0061655585,0.005673605,0,0
59312000,0,0,-0.0070979754,0.004804601,0,0
59320000,0,0,-0.0070979754,0.004804601,0,0
59328000,0,0,-0.0070979754,0.004804601,0,0
59336000,0,0,-0.0070979754,0.004804601,0,0
59352000,0,0,0.00072854955,0.0067183077,0,0
59360000,0,0,0.00072854955,0.0067183077,0,0
59368000,0,0,0.00072854955,0.0067183077,0,0
59376000,0,0,-0.007954587,0.0055266772,0,0
59392000,0,0,-0.007954587,0.0055266772,0,0
59400000,0,0,-0.007954587,0.0055266772,0,0
59408000,0,0,0.0036801582,0.005551088,0,0
59416000,0,0,0.0036801582,0.005551088,0,0
59432000,0,0,0.0036801582,0.005551088,0,0
59440000,0,0,0.009458405,0.012756356,0,0
59448000,0,0,0.009458405,0.012756356,0,0
59456000,0,0,0.009458405,0.012756356,0,0
59472000,0,0,0.009458405,0.012756356,0,0
59484000,0,0,-0.004131387,0.0032489274,0,0
59492000,0,0,-0.004131387,0.0032489274,0,0
59500000,0,0,-0.004131387,0.0032489274,0,0
59508000,0,0,-0.004131387,0.0032489274,0,0
59516000,0,0,-0.0009687346,0.00024998543,0,0
59532000,0,0,-0.0009687346,0.00024998543,0,0
59540000,0,0,-0.0009687346,0.00024998543,0,0
59548000,0,0,-0.01912305,0.009679845,0,0
59556000,0,0,-0.01912305,0.009679845,0,0
59572000,0,0,-0.01912305,0.009679845,0,0
59580000,0,0,-0.009024705,0.006901525,0,0
59588000,0,0,-0.009024705,0.006901525,0,0
59596000,0,0,-0.009024705,0.006901525,0,0
59612000,0,0,-0.019028027,-0.020310206,0,0
59620000,0,0,-0.019028027,-0.020310206,0,0
59628000,0,0,-0.019028027,-0.020310206,0,0
59636000,0,0,-0.019028027,-0.020310206,0,0
59652000,0,0,-0.03368466,-0.007977065,0,0
59660000,0,0,-0.03368466,-0.007977065,0,0
59668000,0,0,-0.03368466,-0.007977065,0,0
59676000,0,0,-0.04171703,-0.008807815,0,0
59692000,0,0,-0.04171703,-0.008807815,0,0
59700000,0,0,-0.04171703,-0.008807815,0,0
59708000,0,0,-0.028143289,-0.012851957,0,0
59716000,0,0,-0.028143289,-0.012851957,0,0
59732000,0,0,-0.028143289,-0.012851957,0,0
59740000,0,0,-0.025464848,-0.005627967,0,0
59748000,0,0,-0.025464848,-0.005627967,0,0
59756000,0,0,-0.025464848,-0.005627967,0,0
59772000,0,0,-0.03621441,-0.020459833,0,0
59780000,0,0,-0.03621441,-0.020459833,0,0
59788000,0,0,-0.03621441,-0.020459833,0,0
59796000,0,0,-0.03621441,-0.020459833,0,0
59812000,0,0,-0.04729922,-0.01880439,0,0
59820000,0,0,-0.04729922,-0.01880439,0,0
59828000,0,0,-0.04729922,-0.01880439,0,0
59836000,0,0,-0.040713657,-0.0040152785,0,0
59852000,0,0,-0.040713657,-0.0040152785,0,0
59860000,0,0,-0.040713657,-0.0040152785,0,0
59868000,0,0,-0.040713657,-0.0040152785,0,0
59876000,0,0,-0.034011573,-0.00815887,0,0
59892000,0,0,-0.034011573,-0.00815887,0,0
59900000,0,0,-0.034011573,-0.00815887,0,0
59908000,0,0,-0.023656417,-0.014899972,0,0
59916000,0,0,-0.023656417,-0.014899972,0,0
59932000,0,0,-0.023656417,-0.014899972,0,0
59940000,0,0,-0.025098056,-0.01421787,0,0
59948000,0,0,-0.025098056,-0.01421787,0,0
59956000,0,0,-0.025098056,-0.01421787,0,0
59972000,0,0,-0.032136224,-0.015330402,0,0
59980000,0,0,-0.032136224,-0.015330402,0,0
59988000,0,0,-0.032136224,-0.015330402,0,0
59996000,0,0,-0.032136224,-0.015330402,0,0
60012000,0,0,-0.04075019,-0.031822134,0,0
60020000,0,0,-0.04075019,-0.031822134,0,0
60028000,0,0,-0.04075019,-0.031822134,0,0
60036000,0,0,-0.03318136,-0.018982548,0,0
60052000,0,0,-0.03318136,-0.018982548,0,0
60060000,0,0,-0.03318136,-0.018982548,0,0
60068000,0,0,-0.019218532,-0.014273769,0,0
60076000,0,0,-0.019218532,-0.014273769,0,0
60092000,0,0,-0.019218532,-0.014273769,0,0
60100000,0,0,-0.027921883,-0.0023183345,0,0
60108000,0,0,-0.027921883,-0.0023183345,0,0
60116000,0,0,-0.027921883,-0.0023183345,0,0
60132000,0,0,-0.027921883,-0.0023183345,0,0
60140000,0,0,-0.012323002,0.005850194,0,0
60148000,0,0,-0.012323002,0.005850194,0,0
60156000,0,0,-0.012323002,0.005850194,0,0
60172000,0,0,-0.007243798,0.0065466077,0,0
60180000,0,0,-0.007243798,0.0065466077,0,0
60188000,0,0,-0.007243798,0.0065466077,0,0
60196000,0,0,-0.007243798,0.0065466077,0,0
60212000,0,0,-0.008822811,-0.0006446537,0,0
60220000,0,0,-0.008822811,-0.0006446537,0,0
60228000,0,0,-0.008822811,-0.0006446537,0,0
60236000,0,0,-0.0042609256,0.00253068,0,0
60252000,0,0,-0.0042609256,0.00253068,0,0
60260000,0,0,-0.0042609256,0.00253068,0,0
60268000,0,0,-0.00093217305,0.0009997432,0,0
60276000,0,0,-0.00093217305,0.0009997432,0,0
60292000,0,0,-0.00093217305,0.0009997432,0,0
60300000,0,0,-0.00051951094,-0.0027062874,0,0
60308000,0,0,-0.00051951094,-0.0027062874,0,0
60316000,0,0,-0.00051951094,-0.0027062874,0,0
60332000,0,0,0.0038533618,-0.006904724,0,0
60340000,0,0,0.0038533618,-0.006904724,0,0
60348000,0,0,0.0038533618,-0.006904724,0,0
60356000,0,0,0.0038533618,-0.006904724,0,0
60372000,0,0,0.0012432132,-0.0079391105,0,0
60380000,0,0,0.0012432132,-0.0079391105,0,0
60388000,0,0,0.0012432132,-0.0079391105,0,0
60396000,0,0,0.0012432132,-0.0079391105,0,0
60412000,0,0,0.01199294,-0.002534505,0,0
60420000,0,0,0.01199294,-0.002534505,0,0
60428000,0,0,0.01199294,-0.002534505,0,0
60436000,0,0,0.0042102924,0.002701162,0,0
60452000,0,0,0.0042102924,0.002701162,0,0
60460000,0,0,0.0042102924,0.002701162,0,0
60468000,0,0,0.014963699,-0.0018486074,0,0
60476000,0,0,0.014963699,-0.0018486074,0,0
60492000,0,0,0.014963699,-0.0018486074,0,0
60500000,0,0,0.0049136006,-0.0006898935,0,0
60508000,0,0,0.0049136006,-0.0006898935,0,0
60516000,0,0,0.0049136006,-0.0006898935,0,0
60532000,0,0,0.002324795,-0.0008035334,0,0
60540000,0,0,0.002324795,-0.0008035334,0,0
60548000,0,0,0.002324795,-0.0008035334,0,0
60556000,0,0,0.002324795,-0.0008035334,0,0
60572000,0,0,-0.018769687,-0.0013984774,0,0
60580000,0,0,-0.018769687,-0.0013984774,0,0
60588000,0,0,-0.018769687,-0.0013984774,0,0
60596000,0,0,-0.017064543,-0.0067239525,0,0
60612000,0,0,-0.017064543,-0.0067239525,0,0
60620000,0,0,-0.017064543,-0.0067239525,0,0
60628000,0,0,-0.020913796,-0.008698642,0,0
60636000,0,0,-0.020913796,-0.008698642,0,0
60652000,0,0,-0.020913796,-0.008698642,0,0
60660000,0,0,-0.020913796,-0.008698642,0,0
60668000,0,0,-0.017270466,-0.0076127998,0,0
60676000,0,0,-0.017270466,-0.0076127998,0,0
60692000,0,0,-0.017270466,-0.0076127998,0,0
60700000,0,0,-0.016540172,-0.008465461,0,0
60708000,0,0,-0.016540172,-0.008465461,0,0
60716000,0,0,-0.016540172,-0.008465461,0,0
60732000,0,0,-0.0007595738,-0.013274215,0,0
60740000,0,0,-0.0007595738,-0.013274215,0,0
60748000,0,0,-0.0007595738,-0.013274215,0,0
60756000,0,0,-0.0007595738,-0.013274215,0,0
60772000,0,0,-0.0024109085,-0.018848797,0,0
60780000,0,0,-0.0024109085,-0.018848797,0,0
60788000,0,0,-0.0024109085,-0.018848797,0,0
60796000,0,0,-0.023205174,-0.008627209,0,0
60812000,0,0,-0.023205174,-0.008627209,0,0
60820000,0,0,-0.023205174,-0.008627209,0,0
60828000,0,0,-0.0034446835,-0.011399524,0,0
60836000,0,0,-0.0034446835,-0.011399524,0,0
60852000,0,0,-0.0034446835,-0.011399524,0,0
60860000,0,0,0.008798134,-0.023531787,0,0
60868000,0,0,0.008798134,-0.023531787,0,0
60876000,0,0,0.008798134,-0.023531787,0,0
60892000,0,0,0.014460893,-0.018498093,0,0
60900000,0,0,0.014460893,-0.018498093,0,0
60908000,0,0,0.014460893,-0.018498093,0,0
60916000,0,0,0.014460893,-0.018498093,0,0
60932000,0,0,0.0257243,-0.016810723,0,0
60940000,0,0,0.0257243,-0.016810723,0,0
60948000,0,0,0.0257243,-0.016810723,0,0
60956000,0,0,0.0257243,-0.016810723,0,0
60972000,0,0,0.014614899,-0.02336012,0,0
60980000,0,0,0.014614899,-0.02336012,0,0
60988000,0,0,0.014614899,-0.02336012,0,0
60996000,0,0,0.00894749,-0.025868429,0,0
61012000,0,0,0.00894749,-0.025868429,0,0
61020000,0,0,0.00894749,-0.025868429,0,0
61028000,0,0,0.009601367,-0.028767686,0,0
61036000,0,0,0.009601367,-0.028767686,0,0
61052000,0,0,0.009601367,-0.028767686,0,0
61060000,0,0,-0.0056244405,-0.03162391,0,0
61068000,0,0,-0.0056244405,-0.03162391,0,0
61076000,0,0,-0.0056244405,-0.03162391,0,0
61092000,0,0,-0.0023785462,-0.027036123,0,0
61100000,0,0,-0.0023785462,-0.027036123,0,0
61108000,0,0,-0.0023785462,-0.027036123,0,0
61116000,0,0,-0.0023785462,-0.027036123,0,0
61132000,0,0,-0.003968476,-0.02886954,0,0
61140000,0,0,-0.003968476,-0.02886954,0,0
61148000,0,0,-0.003968476,-0.02886954,0,0
61156000,0,0,-0.0057520494,-0.031242162,0,0
61172000,0,0,-0.0057520494,-0.031242162,0,0
61180000,0,0,-0.0057520494,-0.031242162,0,0
61188000,0,0,-0.0057520494,-0.031242162,0,0
61196000,0,0,-0.004606398,-0.02245634,0,0
61212000,0,0,-0.004606398,-0.02245634,0,0
61220000,0,0,-0.004606398,-0.02245634,0,0
61228000,0,0,0.0043781023,-0.051548235,0,0
61236000,0,0,0.0043781023,-0.051548235,0,0
61252000,0,0,0.0043781023,-0.051548235,0,0
61260000,0,0,-0.0012915557,-0.026219208,0,0
61268000,0,0,-0.0012915557,-0.026219208,0,0
61276000,0,0,-0.0012915557,-0.026219208,0,0
61292000,0,0,0.006049183,-0.022258388,0,0
61300000,0,0,0.006049183,-0.022258388,0,0
61308000,0,0,0.006049183,-0.022258388,0,0
61316000,0,0,0.006049183,-0.022258388,0,0
61332000,0,0,0.00212135,-0.024558093,0,0
61340000,0,0,0.00212135,-0.024558093,0,0
61348000,0,0,0.00212135,-0.024558093,0,0
61356000,0,0,-0.006804074,-0.025308654,0,0
61372000,0,0,-0.006804074,-0.025308654,0,0
61380000,0,0,-0.006804074,-0.025308654,0,0
61388000,0,0,-0.008742153,-0.040822756,0,0
61396000,0,0,-0.008742153,-0.040822756,0,0
61412000,0,0,-0.008742153,-0.040822756,0,0
61420000,0,0,-0.00068155536,-0.02501813,0,0
61428000,0,0,-0.00068155536,-0.02501813,0,0
61436000,0,0,-0.00068155536,-0.02501813,0,0
61452000,0,0,-0.00068155536,-0.02501813,0,0
61460000,0,0,0.0013471028,-0.027642608,0,0
61468000,0,0,0.0013471028,-0.027642608,0,0
61476000,0,0,0.0013471028,-0.027642608,0,0
61492000,0,0,-0.010052119,-0.024022618,0,0
61500000,0,0,-0.010052119,-0.024022618,0,0
61508000,0,0,-0.010052119,-0.024022618,0,0
61516000,0,0,-0.010052119,-0.024022618,0,0
61532000,0,0,-0.00827333,-0.02875698,0,0
61540000,0,0,-0.00827333,-0.02875698,0,0
61548000,0,0,-0.00827333,-0.02875698,0,0
61556000,0,0,-0.0070459805,-0.014438257,0,0
61572000,0,0,-0.0070459805,-0.014438257,0,0
61580000,0,0,-0.0070459805,-0.014438257,0,0
61588000,0,0,-0.002155929,-0.016565127,0,0
61596000,0,0,-0.002155929,-0.016565127,0,0
61612000,0,0,-0.002155929,-0.016565127,0,0
61620000,0,0,-0.01415728,-0.02147505,0,0
61628000,0,0,-0.01415728,-0.02147505,0,0
61636000,0,0,-0.01415728,-0.02147505,0,0
61652000,0,0,-0.016437216,-0.026741346,0,0
61660000,0,0,-0.016437216,-0.026741346,0,0
61668000,0,0,-0.016437216,-0.026741346,0,0
61676000,0,0,-0.016437216,-0.026741346,0,0
61692000,0,0,-0.02272415,-0.022287462,0,0
61700000,0,0,-0.02272415,-0.022287462,0,0
61708000,0,0,-0.02272415,-0.022287462,0,0
61716000,0,0,-0.02272415,-0.022287462,0,0
61732000,0,0,-0.024371838,-0.020595035,0,0
61740000,0,0,-0.024371838,-0.020595035,0,0
61748000,0,0,-0.024371838,-0.020595035,0,0
61756000,0,0,-0.014226494,-0.016489256,0,0
61772000,0,0,-0.014226494,-0.016489256,0,0
61780000,0,0,-0.014226494,-0.016489256,0,0
61788000,0,0,-0.010899105,-0.012485306,0,0
61796000,0,0,-0.010899105,-0.012485306,0,0
61812000,0,0,-0.010899105,-0.012485306,0,0
61820000,0,0,-0.014813835,-0.016191766,0,0
61828000,0,0,-0.014813835,-0.016191766,0,0
61836000,0,0,-0.014813835,-0.016191766,0,0
61852000,0,0,-0.019134562,-0.01672109,0,0
61860000,0,0,-0.019134562,-0.01672109,0,0
61868000,0,0,-0.019134562,-0.01672109,0,0
61876000,0,0,-0.019134562,-0.01672109,0,0
61892000,0,0,-0.012932656,-0.011103616,0,0
61900000,0,0,-0.012932656,-0.011103616,0,0
61908000,0,0,-0.012932656,-0.011103616,0,0
61916000,0,0,-0.009723565,-0.00046647774,0,0
61932000,0,0,-0.009723565,-0.00046647774,0,0
61940000,0,0,-0.009723565,-0.00046647774,0,0
61948000,0,0,-0.009510392,-0.011792166,0,0
61956000,0,0,-0.009510392,-0.011792166,0,0
61972000,0,0,-0.009510392,-0.011792166,0,0
61980000,0,0,-0.009510392,-0.011792166,0,0
61988000,0,0,-0.026800452,-0.012767171,0,0
61996000,0,0,-0.026800452,-0.012767171,0,0
62012000,0,0,-0.026800452,-0.012767171,0,0
62020000,0,0,-0.03490003,-0.016874341,0,0
62028000,0,0,-0.03490003,-0.016874341,0,0
62036000,0,0,-0.03490003,-0.016874341,0,0
62052000,0,0,-0.025524424,-0.013145364,0,0
62060000,0,0,-0.025524424,-0.013145364,0,0
62068000,0,0,-0.025524424,-0.013145364,0,0
62076000,0,0,-0.025524424,-0.013145364,0,0
62092000,0,0,-0.0264545,-0.016517492,0,0
62100000,0,0,-0.0264545,-0.016517492,0,0
62108000,0,0,-0.0264545,-0.016517492,0,0
62116000,0,0,-0.007166075,-0.012311898,0,0
62132000,0,0,-0.007166075,-0.012311898,0,0
62140000,0,0,-0.007166075,-0.012311898,0,0
62148000,0,0,-0.00037011912,-0.007762057,0,0
62156000,0,0,-0.00037011912,-0.007762057,0,0
62172000,0,0,-0.00037011912,-0.007762057,0,0
62180000,0,0,0.014816989,-0.012862874,0,0
62188000,0,0,0.014816989,-0.012862874,0,0
62196000,0,0,0.014816989,-0.012862874,0,0
62212000,0,0,0.010358358,-0.011305531,0,0
62220000,0,0,0.010358358,-0.011305531,0,0
62228000,0,0,0.010358358,-0.011305531,0,0
62236000,0,0,0.010358358,-0.011305531,0,0
62252000,0,0,0.004893688,-0.0081929425,0,0
62260000,0,0,0.004893688,-0.0081929425,0,0
62268000,0,0,0.004893688,-0.0081929425,0,0
62276000,0,0,0.004893688,-0.0081929425,0,0
62292000,0,0,-0.005737337,-0.0051285513,0,0
62300000,0,0,-0.005737337,-0.0051285513,0,0
62308000,0,0,-0.005737337,-0.0051285513,0,0
62316000,0,0,-0.002678807,0.001317901,0,0
62332000,0,0,-0.002678807,0.001317901,0,0
62340000,0,0,-0.002678807,0.001317901,0,0
62348000,0,0,0.019308917,-0.0035744822,0,0
62356000,0,0,0.019308917,-0.0035744822,0,0
62372000,0,0,0.019308917,-0.0035744822,0,0
62380000,0,0,0.01676108,-0.0055266595,0,0
62388000,0,0,0.01676108,-0.0055266595,0,0
62396000,0,0,0.01676108,-0.0055266595,0,0
62412000,0,0,0.023237716,-0.004485718,0,0
62420000,0,0,0.023237716,-0.004485718,0,0
62428000,0,0,0.023237716,-0.004485718,0,0
62436000,0,0,0.023237716,-0.004485718,0,0
62452000,0,0,0.013706043,-0.0030057104,0,0
62460000,0,0,0.013706043,-0.0030057104,0,0
62468000,0,0,0.013706043,-0.0030057104,0,0
62476000,0,0,0.011461833,0.0027000194,0,0
62492000,0,0,0.011461833,0.0027000194,0,0
62500000,0,0,0.011461833,0.0027000194,0,0
62508000,0,0,0.011461833,0.0027000194,0,0
62516000,0,0,0.019129377,0.007320001,0,0
62532000,0,0,0.019129377,0.007320001,0,0
62540000,0,0,0.019129377,0.007320001,0,0
62548000,0,0,0.029663827,-0.0002085809,0,0
62556000,0,0,0.029663827,-0.0002085809,0,0
62572000,0,0,0.029663827,-0.0002085809,0,0
62580000,0,0,0.0288223,0.0071095726,0,0
62588000,0,0,0.0288223,0.0071095726,0,0
62596000,0,0,0.0288223,0.0071095726,0,0
62612000,0,0,0.012812982,0.0074280626,0,0
62620000,0,0,0.012812982,0.0074280626,0,0
62628000,0,0,0.012812982,0.0074280626,0,0
62636000,0,0,0.012812982,0.0074280626,0,0
62652000,0,0,0.016244598,0.0039968495,0,0
62660000,0,0,0.016244598,0.0039968495,0,0
62668000,0,0,0.016244598,0.0039968495,0,0
62676000,0,0,0.033902686,0.020995032,0,0
62692000,0,0,0.033902686,0.020995032,0,0
62700000,0,0,0.033902686,0.020995032,0,0
62708000,0,0,0.022887807,0.014957758,0,0
62716000,0,0,0.022887807,0.014957758,0,0
62732000,0,0,0.022887807,0.014957758,0,0
62740000,0,0,0.017014232,0.0030973488,0,0
62748000,0,0,0.017014232,0.0030973488,0,0
62756000,0,0,0.017014232,0.0030973488,0,0
62772000,0,0,0.017014232,0.0030973488,0,0
62780000,0,0,0.034483865,-0.011179589,0,0
62788000,0,0,0.034483865,-0.011179589,0,0
62796000,0,0,0.034483865,-0.011179589,0,0
62812000,0,0,0.04472433,-0.010048007,0,0
62820000,0,0,0.04472433,-0.010048007,0,0
62828000,0,0,0.04472433,-0.010048007,0,0
62836000,0,0,0.04472433,-0.010048007,0,0
62852000,0,0,0.03932902,-0.013776819,0,0
62860000,0,0,0.03932902,-0.013776819,0,0
62868000,0,0,0.03932902,-0.013776819,0,0
62876000,0,0,0.03501591,-0.025628358,0,0
62892000,0,0,0.03501591,-0.025628358,0,0
62900000,0,0,0.03501591,-0.025628358,0,0
62908000,0,0,0.03523316,-0.031494856,0,0
62916000,0,0,0.03523316,-0.031494856,0,0
62932000,0,0,0.03523316,-0.031494856,0,0
62940000,0,0,0.026735973,-0.037655454,0,0
62948000,0,0,0.026735973,-0.037655454,0,0
62956000,0,0,0.026735973,-0.037655454,0,0
62972000,0,0,0.031155473,-0.046003014,0,0
62980000,0,0,0.031155473,-0.046003014,0,0
62988000,0,0,0.031155473,-0.046003014,0,0
62996000,0,0,0.031155473,-0.046003014,0,0
63012000,0,0,0.034262218,-0.04117848,0,0
63020000,0,0,0.034262218,-0.04117848,0,0
63028000,0,0,0.034262218,-0.04117848,0,0
63036000,0,0,0.034262218,-0.04117848,0,0
63052000,0,0,0.03893141,-0.053906675,0,0
63060000,0,0,0.03893141,-0.053906675,0,0
63068000,0,0,0.03893141,-0.053906675,0,0
63076000,0,0,0.025133861,-0.0336503,0,0
63092000,0,0,0.025133861,-0.0336503,0,0
63100000,0,0,0.025133861,-0.0336503,0,0
63108000,0,0,0.01587629,-0.033046693,0,0
63116000,0,0,0.01587629,-0.033046693,0,0
63132000,0,0,0.01587629,-0.033046693,0,0
63140000,0,0,0.016200248,-0.043424044,0,0
63148000,0,0,0.016200248,-0.043424044,0,0
63156000,0,0,0.016200248,-0.043424044,0,0
63172000,0,0,0.014465681,-0.04491765,0,0
63180000,0,0,0.014465681,-0.04491765,0,0
63188000,0,0,0.014465681,-0.04491765,0,0
63196000,0,0,0.014465681,-0.04491765,0,0
63212000,0,0,0.007965977,-0.04578407,0,0
63220000,0,0,0.007965977,-0.04578407,0,0
63228000,0,0,0.007965977,-0.04578407,0,0
63236000,0,0,0.025174871,-0.061697993,0,0
63252000,0,0,0.025174871,-0.061697993,0,0
63260000,0,0,0.025174871,-0.061697993,0,0
63268000,0,0,0.0018933534,-0.12826721,0,0
63276000,0,0,0.0018933534,-0.12826721,0,0
63292000,0,0,0.0018933534,-0.12826721,0,0
63300000,0,0,0.0018933534,-0.12826721,0,0
63308000,0,0,-0.031837307,-0.2043515,0,0
63316000,0,0,-0.031837307,-0.2043515,0,0
63332000,0,0,-0.031837307,-0.2043515,0,0
63340000,0,0,-0.04760002,-0.27793682,0,0
63348000,0,0,-0.04760002,-0.27793682,0,0
63356000,0,0,-0.04760002,-0.27793682,0,0
63372000,0,0,-0.039077427,-0.27345675,0,0
63380000,0,0,-0.039077427,-0.27345675,0,0
63388000,0,0,-0.039077427,-0.27345675,0,0
63396000,0,0,-0.039077427,-0.27345675,0,0
63412000,0,0,-0.0496079,-0.26646826,0,0
63420000,0,0,-0.0496079,-0.26646826,0,0
63428000,0,0,-0.0496079,-0.26646826,0,0
63436000,0,0,-0.06068667,-0.27610368,0,0
63452000,0,0,-0.06068667,-0.27610368,0,0
63460000,0,0,-0.06068667,-0.27610368,0,0
63468000,0,0,-0.053122476,-0.28068393,0,0
63476000,0,0,-0.053122476,-0.28068393,0,0
63492000,0,0,-0.053122476,-0.28068393,0,0
63500000,0,0,-0.04958489,-0.2823465,0,0
63508000,0,0,-0.04958489,-0.2823465,0,0
63516000,0,0,-0.04958489,-0.2823465,0,0
63532000,0,0,-0.06257419,-0.2736898,0,0
63540000,0,0,-0.06257419,-0.2736898,0,0
63548000,0,0,-0.06257419,-0.2736898,0,0
63556000,0,0,-0.06257419,-0.2736898,0,0
63572000,0,0,-0.06793812,-0.2490344,0,0
63580000,0,0,-0.06793812,-0.2490344,0,0
63588000,0,0,-0.06793812,-0.2490344,0,0
63596000,0,0,-0.06793812,-0.2490344,0,0
63612000,0,0,-0.06885434,-0.24359831,0,0
63620000,0,0,-0.06885434,-0.24359831,0,0
63628000,0,0,-0.06885434,-0.24359831,0,0
63636000,0,0,-0.056707963,-0.23576206,0,0
63652000,0,0,-0.056707963,-0.23576206,0,0
63660000,0,0,-0.056707963,-0.23576206,0,0
63668000,0,0,-0.05436821,-0.22925115,0,0
63676000,0,0,-0.05436821,-0.22925115,0,0
63692000,0,0,-0.05436821,-0.22925115,0,0
63700000,0,0,-0.07225195,-0.23597568,0,0
63708000,0,0,-0.07225195,-0.23597568,0,0
63716000,0,0,-0.07225195,-0.23597568,0,0
63732000,0,0,-0.07410525,-0.22390522,0,0
63740000,0,0,-0.07410525,-0.22390522,0,0
63748000,0,0,-0.07410525,-0.22390522,0,0
63756000,0,0,-0.07410525,-0.22390522,0,0
63772000,0,0,-0.06713996,-0.2227311,0,0
63780000,0,0,-0.06713996,-0.2227311,0,0
63788000,0,0,-0.06713996,-0.2227311,0,0
63796000,0,0,-0.059550032,-0.2115898,0,0
63812000,0,0,-0.059550032,-0.2115898,0,0
63820000,0,0,-0.059550032,-0.2115898,0,0
63828000,0,0,-0.059550032,-0.2115898,0,0
63836000,0,0,-0.05141338,-0.20039901,0,0
63852000,0,0,-0.05141338,-0.20039901,0,0
63860000,0,0,-0.05141338,-0.20039901,0,0
63868000,0,0,-0.041839186,-0.18822572,0,0
63876000,0,0,-0.041839186,-0.18822572,0,0
63892000,0,0,-0.041839186,-0.18822572,0,0
63900000,0,0,-0.05328962,-0.17593215,0,0
63908000,0,0,-0.05328962,-0.17593215,0,0
63916000,0,0,-0.05328962,-0.17593215,0,0
63932000,0,0,-0.03722392,-0.15556867,0,0
63940000,0,0,-0.03722392,-0.15556867,0,0
63948000,0,0,-0.03722392,-0.15556867,0,0
63956000,0,0,-0.03722392,-0.15556867,0,0
63972000,0,0,-0.041516263,-0.16294333,0,0
63980000,0,0,-0.041516263,-0.16294333,0,0
63988000,0,0,-0.041516263,-0.16294333,0,0
63996000,0,0,-0.03374428,-0.16693026,0,0
64012000,0,0,-0.03374428,-0.16693026,0,0
64020000,0,0,-0.03374428,-0.16693026,0,0
64028000,0,0,0.0059590894,-0.21799095,0,0
64036000,0,0,0.0059590894,-0.21799095,0,0
64052000,0,0,0.0059590894,-0.21799095,0,0
64060000,0,0,0.056846928,-0.28110176,0,0
64068000,0,0,0.056846928,-0.28110176,0,0
64076000,0,0,0.056846928,-0.28110176,0,0
64092000,0,0,0.056846928,-0.28110176,0,0
64100000,0,0,0.08520104,-0.31225216,0,0
64108000,0,0,0.08520104,-0.31225216,0,0
64116000,0,0,0.08520104,-0.31225216,0,0
64132000,0,0,0.10014259,-0.3152579,0,0
64140000,0,0,0.10014259,-0.3152579,0,0
64148000,0,0,0.10014259,-0.3152579,0,0
64156000,0,0,0.10014259,-0.3152579,0,0
64172000,0,0,0.09044449,-0.31878966,0,0
64180000,0,0,0.09044449,-0.31878966,0,0
64188000,0,0,0.09044449,-0.31878966,0,0
64196000,0,0,0.078173995,-0.30272174,0,0
64212000,0,0,0.078173995,-0.30272174,0,0
64220000,0,0,0.078173995,-0.30272174,0,0
64228000,0,0,0.0728013,-0.30535606,0,0
64236000,0,0,0.0728013,-0.30535606,0,0
64252000,0,0,0.0728013,-0.30535606,0,0
64260000,0,0,0.06864122,-0.30700484,0,0
64268000,0,0,0.06864122,-0.30700484,0,0
64276000,0,0,0.06864122,-0.30700484,0,0
64292000,0,0,0.08052002,-0.30371928,0,0
64300000,0,0,0.08052002,-0.30371928,0,0
64308000,0,0,0.08052002,-0.30371928,0,0
64316000,0,0,0.08052002,-0.30371928,0,0
64332000,0,0,0.08756449,-0.29080543,0,0
64340000,0,0,0.08756449,-0.29080543,0,0
64348000,0,0,0.08756449,-0.29080543,0,0
64356000,0,0,0.08756449,-0.29080543,0,0
64372000,0,0,0.07529439,-0.28559232,0,0
64380000,0,0,0.07529439,-0.28559232,0,0
64388000,0,0,0.07529439,-0.28559232,0,0
64396000,0,0,0.07057173,-0.26208535,0,0
64412000,0,0,0.07057173,-0.26208535,0,0
64420000,0,0,0.07057173,-0.26208535,0,0
64428000,0,0,0.052812893,-0.25192565,0,0
64436000,0,0,0.052812893,-0.25192565,0,0
64452000,0,0,0.052812893,-0.25192565,0,0
64460000,0,0,0.050075635,-0.24894089,0,0
64468000,0,0,0.050075635,-0.24894089,0,0
64476000,0,0,0.050075635,-0.24894089,0,0
64492000,0,0,0.064247474,-0.24599926,0,0
64500000,0,0,0.064247474,-0.24599926,0,0
64508000,0,0,0.064247474,-0.24599926,0,0
64516000,0,0,0.064247474,-0.24599926,0,0
64532000,0,0,0.05816195,-0.23691341,0,0
64540000,0,0,0.05816195,-0.23691341,0,0
64548000,0,0,0.05816195,-0.23691341,0,0
64556000,0,0,0.07567372,-0.23847249,0,0
64572000,0,0,0.07567372,-0.23847249,0,0
64580000,0,0,0.07567372,-0.23847249,0,0
64588000,0,0,0.067545705,-0.2325542,0,0
64596000,0,0,0.067545705,-0.2325542,0,0
64612000,0,0,0.067545705,-0.2325542,0,0
64620000,0,0,0.067545705,-0.2325542,0,0
64628000,0,0,0.061897296,-0.21492587,0,0
64636000,0,0,0.061897296,-0.21492587,0,0
64652000,0,0,0.061897296,-0.21492587,0,0
64660000,0,0,0.057044923,-0.22046468,0,0
64668000,0,0,0.057044923,-0.22046468,0,0
64676000,0,0,0.057044923,-0.22046468,0,0
64692000,0,0,0.065501586,-0.21023774,0,0
64700000,0,0,0.065501586,-0.21023774,0,0
64708000,0,0,0.065501586,-0.21023774,0,0
64716000,0,0,0.065501586,-0.21023774,0,0
64732000,0,0,0.06699776,-0.19913022,0,0
64740000,0,0,0.06699776,-0.19913022,0,0
64748000,0,0,0.06699776,-0.19913022,0,0
64756000,0,0,0.06346664,-0.1938103,0,0
64772000,0,0,0.06346664,-0.1938103,0,0
64780000,0,0,0.06346664,-0.1938103,0,0
64788000,0,0,0.06905038,-0.18620057,0,0
64796000,0,0,0.06905038,-0.18620057,0,0
64816000,0,0,0.06905038,-0.18620057,0,0
64820000,0,0,0.06762024,-0.18707258,0,0
64828000,0,0,0.06762024,-0.18707258,0,0
64836000,0,0,0.06762024,-0.18707258,0,0
64852000,0,0,0.056817204,-0.16245526,0,0
64860000,0,0,0.056817204,-0.16245526,0,0
64868000,0,0,0.056817204,-0.16245526,0,0
64876000,0,0,0.056817204,-0.16245526,0,0
64892000,0,0,0.05715885,-0.18454148,0,0
64900000,0,0,0.05715885,-0.18454148,0,0
64908000,0,0,0.05715885,-0.18454148,0,0
64916000,0,0,0.05715885,-0.18454148,0,0
64932000,0,0,0.071147,-0.3141766,0,0
64940000,0,0,0.071147,-0.3141766,0,0
64948000,0,0,0.071147,-0.3141766,0,0
64956000,0,0,0.1083995,-0.46440125,0,0
64972000,0,0,0.1083995,-0.46440125,0,0
64980000,0,0,0.1083995,-0.46440125,0,0
64988000,0,0,0.13652383,-0.60359806,0,0
64996000,0,0,0.13652383,-0.60359806,0,0
65012000,0,0,0.13652383,-0.60359806,0,0
65020000,0,0,0.14372349,-0.6553924,0,0
65028000,0,0,0.14372349,-0.6553924,0,0
65036000,0,0,0.14372349,-0.6553924,0,0
65052000,0,0,0.1370126,-0.64715964,0,0
65060000,0,0,0.1370126,-0.64715964,0,0
65068000,0,0,0.1370126,-0.64715964,0,0
65076000,0,0,0.1370126,-0.64715964,0,0
65092000,0,0,0.1180102,-0.6428868,0,0
65100000,0,0,0.1180102,-0.6428868,0,0
65108000,0,0,0.1180102,-0.6428868,0,0
65116000,0,0,0.124945246,-0.63428813,0,0
65132000,0,0,0.124945246,-0.63428813,0,0
65140000,0,0,0.124945246,-0.63428813,0,0
65148000,0,0,0.124945246,-0.63428813,0,0
65156000,0,0,0.13908698,-0.6094863,0,0
65172000,0,0,0.13908698,-0.6094863,0,0
65180000,0,0,0.13908698,-0.6094863,0,0
65188000,0,0,0.13490108,-0.59865797,0,0
65196000,0,0,0.13490108,-0.59865797,0,0
65212000,0,0,0.13490108,-0.59865797,0,0
65220000,0,0,0.1298431,-0.5882466,0,0
65228000,0,0,0.1298431,-0.5882466,0,0
65236000,0,0,0.1298431,-0.5882466,0,0
65252000,0,0,0.12701975,-0.57515895,0,0
65260000,0,0,0.12701975,-0.57515895,0,0
65268000,0,0,0.12701975,-0.57515895,0,0
65276000,0,0,0.12701975,-0.57515895,0,0
65292000,0,0,0.12606743,-0.57893986,0,0
65300000,0,0,0.12606743,-0.57893986,0,0
65308000,0,0,0.12606743,-0.57893986,0,0
65316000,0,0,0.12963727,-0.5668668,0,0
65332000,0,0,0.12963727,-0.5668668,0,0
65340000,0,0,0.12963727,-0.5668668,0,0
65348000,0,0,0.117468104,-0.57546836,0,0
65356000,0,0,0.117468104,-0.57546836,0,0
65372000,0,0,0.117468104,-0.57546836,0,0
65380000,0,0,0.111492254,-0.5645251,0,0
65388000,0,0,0.111492254,-0.5645251,0,0
65396000,0,0,0.111492254,-0.5645251,0,0
65412000,0,0,0.111492254,-0.5645251,0,0
65420000,0,0,0.095683694,-0.5420283,0,0
65428000,0,0,0.095683694,-0.5420283,0,0
65436000,0,0,0.095683694,-0.5420283,0,0
65452000,0,0,0.109469265,-0.52548385,0,0
65460000,0,0,0.109469265,-0.52548385,0,0
65468000,0,0,0.109469265,-0.52548385,0,0
65476000,0,0,0.109469265,-0.52548385,0,0
65492000,0,0,0.1053798,-0.5177786,0,0
65500000,0,0,0.1053798,-0.5177786,0,0
65508000,0,0,0.1053798,-0.5177786,0,0
65516000,0,0,0.10554788,-0.50246567,0,0
65532000,0,0,0.10554788,-0.50246567,0,0
65540000,0,0,0.10554788,-0.50246567,0,0
65548000,0,0,0.104649656,-0.49238294,0,0
65556000,0,0,0.104649656,-0.49238294,0,0
65572000,0,0,0.104649656,-0.49238294,0,0
65580000,0,0,0.1127062,-0.4827747,0,0
65588000,0,0,0.1127062,-0.4827747,0,0
65596000,0,0,0.1127062,-0.4827747,0,0
65612000,0,0,0.090447664,-0.47384357,0,0
65620000,0,0,0.090447664,-0.47384357,0,0
65628000,0,0,0.090447664,-0.47384357,0,0
65636000,0,0,0.090447664,-0.47384357,0,0
65652000,0,0,0.08121269,-0.45743275,0,0
65660000,0,0,0.08121269,-0.45743275,0,0
65668000,0,0,0.08121269,-0.45743275,0,0
65676000,0,0,0.08121269,-0.45743275,0,0
65692000,0,0,0.078703314,-0.4404657,0,0
65700000,0,0,0.078703314,-0.4404657,0,0
65708000,0,0,0.078703314,-0.4404657,0,0
65716000,0,0,0.06773994,-0.43664855,0,0
65732000,0,0,0.06773994,-0.43664855,0,0
65740000,0,0,0.06773994,-0.43664855,0,0
65748000,0,0,0.06679949,-0.43487963,0,0
65756000,0,0,0.06679949,-0.43487963,0,0
65772000,0,0,0.06679949,-0.43487963,0,0
65780000,0,0,0.061253864,-0.42666703,0,0
65788000,0,0,0.061253864,-0.42666703,0,0
65796000,0,0,0.061253864,-0.42666703,0,0
65812000,0,0,0.064614095,-0.42620888,0,0
65820000,0,0,0.064614095,-0.42620888,0,0
65828000,0,0,0.064614095,-0.42620888,0,0
65836000,0,0,0.064614095,-0.42620888,0,0
65852000,0,0,0.05573013,-0.4141227,0,0
65860000,0,0,0.05573013,-0.4141227,0,0
65868000,0,0,0.05573013,-0.4141227,0,0
65876000,0,0,0.05618443,-0.39823854,0,0
65892000,0,0,0.05618443,-0.39823854,0,0
65900000,0,0,0.05618443,-0.39823854,0,0
65908000,0,0,0.06393938,-0.4063779,0,0
65916000,0,0,0.06393938,-0.4063779,0,0
65932000,0,0,0.06393938,-0.4063779,0,0
65940000,0,0,0.06393938,-0.4063779,0,0
65948000,0,0,0.0643479,-0.40662077,0,0
65956000,0,0,0.0643479,-0.40662077,0,0
65972000,0,0,0.0643479,-0.40662077,0,0
65980000,0,0,0.05764384,-0.3873398,0,0
65988000,0,0,0.05764384,-0.3873398,0,0
65996000,0,0,0.05764384,-0.3873398,0,0
66012000,0,0,0.040265705,-0.38145176,0,0
66020000,0,0,0.040265705,-0.38145176,0,0
66028000,0,0,0.040265705,-0.38145176,0,0
66036000,0,0,0.040265705,-0.38145176,0,0
66052000,0,0,0.028348511,-0.3691966,0,0
66060000,0,0,0.028348511,-0.3691966,0,0
66068000,0,0,0.028348511,-0.3691966,0,0
66076000,0,0,0.04960196,-0.40810332,0,0
66092000,0,0,0.04960196,-0.40810332,0,0
66100000,0,0,0.04960196,-0.40810332,0,0
66108000,0,0,0.05043223,-0.56608725,0,0
66116000,0,0,0.05043223,-0.56608725,0,0
66132000,0,0,0.05043223,-0.56608725,0,0
66140000,0,0,0.05043223,-0.56608725,0,0
66148000,0,0,0.0962946,-0.80668944,0,0
66156000,0,0,0.0962946,-0.80668944,0,0
66172000,0,0,0.1299192,-0.9749994,0,0
66180000,0,0,0.1299192,-0.9749994,0,0
66188000,0,0,0.1299192,-0.9749994,0,0
66196000,0,0,0.1299192,-0.9749994,0,0
66212000,0,0,0.12091612,-1.0394877,0,0
66220000,0,0,0.12091612,-1.0394877,0,0
66228000,0,0,0.12091612,-1.0394877,0,0
66236000,0,0,0.12091612,-1.0394877,0,0
66252000,0,0,0.14708173,-1.0309078,0,0
66260000,0,0,0.14708173,-1.0309078,0,0
66268000,0,0,0.14708173,-1.0309078,0,0
66276000,0,0,0.12967387,-1.012474,0,0
66292000,0,0,0.12967387,-1.012474,0,0
66300000,0,0,0.12967387,-1.012474,0,0
66308000,0,0,0.13423719,-0.99495494,0,0
66316000,0,0,0.13423719,-0.99495494,0,0
66332000,0,0,0.13423719,-0.99495494,0,0
66340000,0,0,0.14410728,-1.0048013,0,0
66348000,0,0,0.14410728,-1.0048013,0,0
66356000,0,0,0.14410728,-1.0048013,0,0
66372000,0,0,0.14166631,-0.9942456,0,0
66380000,0,0,0.14166631,-0.9942456,0,0
66388000,0,0,0.14166631,-0.9942456,0,0
66396000,0,0,0.14166631,-0.9942456,0,0
66412000,0,0,0.12867075,-0.9662873,0,0
66420000,0,0,0.12867075,-0.9662873,0,0
66428000,0,0,0.12867075,-0.9662873,0,0
66436000,0,0,0.13038544,-0.96286196,0,0
66452000,0,0,0.13038544,-0.96286196,0,0
66460000,0,0,0.13038544,-0.96286196,0,0
66468000,0,0,0.13038544,-0.96286196,0,0
66476000,0,0,0.12460982,-0.9299092,0,0
66492000,0,0,0.12460982,-0.9299092,0,0
66500000,0,0,0.12460982,-0.9299092,0,0
66508000,0,0,0.11925046,-0.90513545,0,0
66516000,0,0,0.11925046,-0.90513545,0,0
66532000,0,0,0.11925046,-0.90513545,0,0
66540000,0,0,0.11164827,-0.89068824,0,0
66548000,0,0,0.11164827,-0.89068824,0,0
66556000,0,0,0.11164827,-0.89068824,0,0
66572000,0,0,0.11756012,-0.8837994,0,0
66580000,0,0,0.11756012,-0.8837994,0,0
66588000,0,0,0.11756012,-0.8837994,0,0
66596000,0,0,0.11756012,-0.8837994,0,0
66616000,0,0,0.11521814,-0.8875783,0,0
66624000,0,0,0.11521814,-0.8875783,0,0
66632000,0,0,0.11521814,-0.8875783,0,0
66640000,0,0,0.111436486,-0.8728895,0,0
66648000,0,0,0.111436486,-0.8728895,0,0
66656000,0,0,0.111436486,-0.8728895,0,0
66672000,0,0,0.10451404,-0.8566664,0,0
66680000,0,0,0.10451404,-0.8566664,0,0
66688000,0,0,0.10451404,-0.8566664,0,0
66696000,0,0,0.10451404,-0.8566664,0,0
66712000,0,0,0.10617116,-0.86126184,0,0
66720000,0,0,0.10617116,-0.86126184,0,0
66728000,0,0,0.10617116,-0.86126184,0,0
66736000,0,0,0.10617116,-0.86126184,0,0
66752000,0,0,0.12205996,-0.8192172,0,0
66760000,0,0,0.12205996,-0.8192172,0,0
66768000,0,0,0.13542274,-0.8390516,0,0
66776000,0,0,0.13542274,-0.8390516,0,0
66792000,0,0,0.13542274,-0.8390516,0,0
66800000,0,0,0.1399932,-0.8293329,0,0
66808000,0,0,0.1399932,-0.8293329,0,0
66816000,0,0,0.1399932,-0.8293329,0,0
66832000,0,0,0.14255701,-0.82473207,0,0
66840000,0,0,0.14255701,-0.82473207,0,0
66848000,0,0,0.14255701,-0.82473207,0,0
66856000,0,0,0.14255701,-0.82473207,0,0
66872000,0,0,0.13478556,-0.7907209,0,0
66880000,0,0,0.13478556,-0.7907209,0,0
66888000,0,0,0.13478556,-0.7907209,0,0
66896000,0,0,0.13478556,-0.7907209,0,0
66912000,0,0,0.14091393,-0.7716921,0,0
66920000,0,0,0.14091393,-0.7716921,0,0
66928000,0,0,0.14091393,-0.7716921,0,0
66936000,0,0,0.14892945,-0.7681981,0,0
66952000,0,0,0.14892945,-0.7681981,0,0
66960000,0,0,0.14892945,-0.7681981,0,0
66968000,0,0,0.1463347,-0.7634624,0,0
66976000,0,0,0.1463347,-0.7634624,0,0
66992000,0,0,0.1463347,-0.7634624,0,0
67000000,0,0,0.15566629,-0.75813884,0,0
