timestamp,x,y,z,vx,vy,vz
6684000,2.070741e-05,-2.2105423e-05,0.0001381273,0.00016569806,-0.0001259659,0.0013871265
6692000,2.2036878e-05,-2.3148059e-05,0.00015235352,0.00016913976,-0.000103409344,0.0013950922
6704000,2.3673934e-05,-2.3909546e-05,0.00016716211,0.0002372671,-6.4910135e-05,0.0015059048
6708000,2.5597388e-05,-2.4569768e-05,0.00018291934,0.00023512889,-6.4836495e-05,0.001565607
6716000,2.7681454e-05,-2.5224828e-05,0.00019932017,0.00026664336,-7.329239e-05,0.0016387278
6724000,2.9858575e-05,-2.5927591e-05,0.00021621078,0.00028389713,-6.286529e-05,0.0016533092
6732000,3.233886e-05,-2.6410811e-05,0.00023346764,0.00031936244,-4.2932825e-05,0.0016921895
6740000,3.508316e-05,-2.6701333e-05,0.00025113206,0.00036418744,-6.1879246e-06,0.0017419038
6748000,3.8396407e-05,-2.6771082e-05,0.00026952493,0.00043379824,4.831795e-06,0.0018355229
6756000,4.2033804e-05,-2.6638698e-05,0.00028859684,0.00046547106,5.436704e-05,0.0018875018
6764000,4.5840083e-05,-2.6028352e-05,0.00030838547,0.000451034,0.000107172666,0.0019876773
6772000,4.941432e-05,-2.5273815e-05,0.00032899383,0.00043390345,7.25165e-05,0.0020668407
6780000,5.3039836e-05,-2.4718018e-05,0.00035035965,0.0004403625,6.653636e-05,0.0021484308
6788000,5.6851215e-05,-2.4045175e-05,0.00037238083,0.00050342904,9.042548e-05,0.002215213
6796000,6.141565e-05,-2.3221124e-05,0.00039483252,0.00060154265,9.6359574e-05,0.0022510393
6804000,6.6605324e-05,-2.2460346e-05,0.0004179558,0.0006524641,6.1564e-05,0.0023623402
6812000,7.205742e-05,-2.1742248e-05,0.00044189772,0.0006732183,7.429234e-05,0.0024355352
6820000,7.691528e-05,-2.0581252e-05,0.00045604815,0.00067834405,7.17286e-05,0.0024294846
6828000,8.178938e-05,-1.904496e-05,0.00046971074,0.0006899968,0.00014433185,0.0023804938
6836000,8.6791995e-05,-1.7214757e-05,0.0004830102,0.0007110488,0.00014736797,0.0023593456
6844000,9.1987145e-05,-1.5164553e-05,0.0004958861,0.0007480519,0.00019681749,0.0023347852
6852000,9.737362e-05,-1.2800777e-05,0.00050839374,0.00076573103,0.00021826869,0.0022935458
6860000,0.00010291781,-1.0325308e-05,0.0005204399,0.00079682446,0.00023074415,0.0022706778
6868000,0.00010839613,-7.828221e-06,0.00053204875,0.00076836813,0.00021035406,0.0022363397
6876000,0.000113728456,-5.306954e-06,0.0005429897,0.0007585865,0.00022761473,0.0021675818
6884000,0.000118969736,-2.8103332e-06,0.0005533662,0.00075932976,0.00021747524,0.0021480862
6892000,0.0001241663,-4.0419528e-07,0.00056345883,0.00075983675,0.00019688663,0.002146509
6900000,0.00012954227,2.1123692e-06,0.0005732318,0.00080990006,0.00023210555,0.0021293792
6908000,0.00013517968,4.950445e-06,0.00058245804,0.0008363313,0.0002740079,0.0020793146
6916000,0.00014102813,7.961319e-06,0.00059118035,0.00087386556,0.00027016376,0.0020629796
6924000,0.00014712407,1.1281351e-05,0.00059935846,0.000906139,0.00033807455,0.0019981123
6932000,0.00015341678,1.4775277e-05,0.00060684385,0.0009304288,0.00032688232,0.0019896952
6940000,0.00015973682,1.8402901e-05,0.00061400345,0.0009237238,0.00034678797,0.0019562596
6948000,0.00016599089,2.2064361e-05,0.00062077155,0.00094228855,0.00033815994,0.0019554354
6956000,0.00017258668,2.5405623e-05,0.0006271367,0.0009967886,0.00026960886,0.0019419154
6964000,0.00017937411,2.8331062e-05,0.0006329714,0.0009955189,0.00023330076,0.0018993419
6972000,0.00018597566,3.11304e-05,0.0006381236,0.0009868662,0.00023426268,0.0018388384
6980000,0.00019277139,3.417343e-05,0.00064267917,0.0010442127,0.0002722617,0.001818647
6988000,0.00019977757,3.7267077e-05,0.0006467335,0.0010432837,0.00027190652,0.0017980315
6996000,0.00020663501,4.060975e-05,0.0006502609,0.0010157606,0.00032477337,0.0017234414
7004000,0.00021304665,4.4254815e-05,0.00065298827,0.00096121733,0.00033466078,0.0016783288
7012000,0.00021906322,4.8176746e-05,0.00065523584,0.00092594785,0.00039683853,0.001649337
7020000,0.00022495612,5.253589e-05,0.00065708294,0.00093322975,0.00045456368,0.0016244673
7028000,0.00023021451,5.6673234e-05,0.00065823586,0.0009357752,0.00050336076,0.0015850582
7036000,0.00023535863,6.1396146e-05,0.0006588623,0.0009363267,0.00059397623,0.0015526654
7044000,0.00024060417,6.664565e-05,0.00065936585,0.0009546711,0.00062328455,0.0015835025
7052000,0.00024596765,7.210049e-05,0.0006597593,0.00097588304,0.0007013907,0.0015365931
7060000,0.00025167016,7.8089266e-05,0.00065969647,0.0010480701,0.00074112386,0.0015065977
7068000,0.0002577308,8.456152e-05,0.0006593319,0.0010654717,0.00081824453,0.0014731815
7076000,0.00026387486,9.126483e-05,0.0006585258,0.0010646875,0.00083875435,0.001433843
7084000,0.00027003628,9.818103e-05,0.00065754814,0.001081471,0.0008387353,0.0014254738
7092000,0.00027615626,0.00010505068,0.0006563267,0.0010632599,0.0008709101,0.0014019401
7100000,0.00028223198,0.00011243803,0.00065490947,0.0010774161,0.0009500044,0.0013700412
7108000,0.00028854288,0.0001203622,0.0006534834,0.0011229413,0.001025501,0.0014153414
7116000,0.00029513985,0.00012895219,0.00065228454,0.0011580146,0.0011109174,0.001432287
7124000,0.00030210253,0.0001376983,0.0006510818,0.0012020889,0.0010825591,0.0013896707
7132000,0.0003092007,0.00014638617,0.0006495133,0.0012049092,0.0011012475,0.0013693698
7140000,0.0003163555,0.00015534044,0.0006480681,0.0012166997,0.001163149,0.0013840591
7148000,0.00032344458,0.00016445403,0.0006464593,0.001194819,0.0011419563,0.0013420117
7156000,0.00033027562,0.00017341723,0.00064480386,0.0011627565,0.0011427857,0.0013464427
7164000,0.00033712405,0.00018232981,0.0006432047,0.0011937213,0.0011449275,0.0013432332
7172000,0.00034411397,0.00019115518,0.00064142956,0.001209413,0.0011282762,0.0012898836
7180000,0.00035123024,0.00020001699,0.0006394201,0.0012103699,0.0011923042,0.0012808975
7188000,0.00035825247,0.0002092102,0.00063761696,0.001212237,0.0011895483,0.001303472
7196000,0.00036530977,0.00021850703,0.00063605985,0.0011989459,0.0012342244,0.0013361432
7204000,0.00037226343,0.00022775706,0.0006347902,0.0011985941,0.0012112635,0.0013200676
7212000,0.00037925903,0.00023705851,0.0006334648,0.0012215353,0.0012592074,0.0013288622
7220000,0.00038624922,0.00024668674,0.0006323167,0.0011874838,0.0012984495,0.0013202622
7228000,0.0003931022,0.00025640245,0.0006309745,0.0011815524,0.0012891322,0.00126309
7236000,0.00039767742,0.00026508002,0.00062874076,0.0011741141,0.0013338976,0.0012969205
7244000,0.00040199098,0.00027384033,0.00062693574,0.0011187594,0.0013049036,0.0013525932
7252000,0.0004061451,0.0002820148,0.0006254832,0.001083167,0.0012978268,0.0013357053
7260000,0.00041006567,0.00029013804,0.0006240855,0.0010731524,0.0013053734,0.0013258298
7268000,0.00041415996,0.0002983916,0.0006224726,0.0011113441,0.0013546395,0.001254519
7276000,0.00041860747,0.0003069742,0.00062103005,0.0011427803,0.0013896144,0.0013280855
7284000,0.0004230033,0.00031567458,0.0006203123,0.0011039696,0.0014038123,0.0013968861
7292000,0.00042744284,0.0003243738,0.0006199818,0.0011468556,0.0014153358,0.0013679839
7300000,0.0004322337,0.00033300367,0.0006197587,0.0011776689,0.0014080866,0.0014018489
7308000,0.00043722574,0.00034173147,0.0006199631,0.0011826514,0.0014408343,0.0014295992
7316000,0.00044204993,0.00035071003,0.00062071113,0.0011403726,0.0014905091,0.0014862111
7324000,0.00044677014,0.0003598245,0.00062201906,0.0011512792,0.0015022826,0.0015430964
7332000,0.00045147378,0.0003692097,0.000623957,0.0011256884,0.0015595388,0.0015858159
7340000,0.0004561179,0.0003789603,0.00062628847,0.0011350147,0.0016338832,0.0015998158
7348000,0.00046090948,0.00038914583,0.00062879175,0.0011467132,0.0016671858,0.0015914704
7356000,0.00046577514,0.0003995182,0.0006315025,0.0011462085,0.0016911804,0.0016099735
7364000,0.00047073266,0.00040977678,0.0006343585,0.0011675978,0.0016538263,0.0015714215
7372000,0.00047600796,0.00041990855,0.0006372131,0.0012121428,0.0016881874,0.0016085184
7380000,0.000481596,0.00043001157,0.0006408368,0.0012249872,0.0016742141,0.001691289
7388000,0.00048703008,0.00044015105,0.0006450677,0.0011948695,0.0016871068,0.0017113438
7396000,0.0004925507,0.00045024237,0.000649538,0.0012115935,0.001687739,0.0017298181
7404000,0.00049814896,0.00046027196,0.00065422215,0.0012312162,0.001690611,0.0017125943
7412000,0.0005040789,0.00047026033,0.0006589369,0.0012710572,0.0016962597,0.0016909714
7420000,0.00051028084,0.00048062825,0.00066370366,0.0012847012,0.0017892659,0.0017020263
7428000,0.0005167367,0.0004913448,0.00066884246,0.0013076559,0.0017913379,0.0017153044
7436000,0.0005232727,0.0005018492,0.00067415246,0.00132183,0.0017568195,0.0017181473
7444000,0.0005252127,0.000509202,0.0006776537,0.0012880145,0.0017549132,0.001683207
7452000,0.0005269087,0.0005162364,0.0006810421,0.0012693878,0.001726447,0.0016394083
7460000,0.0005287803,0.00052299764,0.000684313,0.0012884565,0.0016819137,0.0016081897
7468000,0.00053066894,0.0005296221,0.000687662,0.0012928125,0.0017373234,0.001618556
7476000,0.00053270295,0.0005369373,0.0006913064,0.001271968,0.0018197527,0.0016049945
7484000,0.0005346907,0.00054452656,0.0006950213,0.0012838569,0.0018260876,0.0016033242
7492000,0.00053657196,0.00055212434,0.0006990973,0.0012319643,0.0018258002,0.0016535105
7500000,0.0005383025,0.000559576,0.0007038943,0.0012288849,0.0018024467,0.0017205997
7508000,0.00054006703,0.0005668747,0.0007093393,0.0012179117,0.0018005252,0.0017689565
7516000,0.00054185104,0.0005742575,0.00071530254,0.0012246473,0.0018206275,0.001811319
7524000,0.0005436546,0.00058167276,0.0007216481,0.0012078685,0.0018151879,0.0018177443
7532000,0.0005452943,0.0005892234,0.00072842813,0.0011787864,0.00185212,0.001863135
7540000,0.00054695085,0.0005969644,0.0007354728,0.0011918924,0.0018818504,0.0018544235
7548000,0.00054864987,0.0006048381,0.000742816,0.0011707416,0.0018638341,0.0018808286
7556000,0.00055009825,0.0006124974,0.00075029256,0.0011154319,0.0018617841,0.0018420451
7564000,0.00055107474,0.0006201566,0.0007575444,0.0010615652,0.0018463182,0.0017990244
7572000,0.0005520943,0.00062768924,0.00076478615,0.0011043116,0.0018574903,0.0017987594
7580000,0.000553416,0.0006354327,0.000772372,0.0011204918,0.00187696,0.0018231403
7588000,0.00055497495,0.0006432439,0.0007802746,0.0011423782,0.0018867136,0.0018505033
7596000,0.0005564724,0.0006510181,0.0007884489,0.0010937147,0.0018648712,0.0018652943
7604000,0.0005578658,0.0006589272,0.0045072213,0.0011244992,0.0019158528,0.0018775429
7612000,0.00055943726,0.000666962,0.008119211,0.0011102376,0.0019068082,0.0019419744
7620000,0.0005611606,0.00067494245,0.0116274655,0.0011436578,0.0018929321,0.001965038
7628000,0.00056286406,0.0006824491,0.015034862,0.0011054126,0.0017945287,0.002001655
7636000,0.00056453893,0.0006895823,0.018344194,0.0011107743,0.0017782198,0.0019924142
7644000,0.00056621083,0.0006965221,0.021557935,0.0010962115,0.0017564745,0.001958661
7652000,0.00056344614,0.00069802994,0.023794338,0.0011409923,0.0017323338,0.001983395
7660000,0.0005609669,0.0006996099,0.025966562,0.0011368474,0.0017560591,0.0020187327
7668000,0.00055852,0.00070130924,0.028076377,0.0011287703,0.001722325,0.0020294487
7676000,0.0005561275,0.00070278073,0.030125562,0.0011323559,0.0017091334,0.0020784806
7684000,0.00055354973,0.00070418796,0.032116048,0.0010504065,0.0016888158,0.0021190625
7692000,0.0005505401,0.0007053384,0.03404939,0.0010134436,0.0016417331,0.0021436638
7700000,0.00054746715,0.0007062726,0.035696305,0.001023964,0.0016165382,0.0021872986
7708000,0.00054454315,0.0007069302,0.03729583,0.0010219627,0.0015678455,0.002187205
7716000,0.0005419227,0.0007070951,0.03884959,0.0010642349,0.0014796683,0.0022612165
7724000,0.00053951755,0.0007069117,0.04035907,0.0010544512,0.0014738676,0.0023162293
7732000,0.0005368225,0.0007065976,0.041825354,0.0009853431,0.0014028491,0.002329302
7740000,0.00053403364,0.0007056845,0.043249298,0.000986227,0.0013436388,0.002316028
7752000,0.0005312178,0.0007045101,0.041521497,0.000983582,0.0013090756,0.0023304897
7756000,0.00052842277,0.0007028867,0.039843757,0.0009506249,0.0012341692,0.0023042618
7764000,0.0005252826,0.0007010632,0.03821467,0.0008971861,0.0012384027,0.0023386523
7772000,0.0005219685,0.00069917965,0.036632873,0.0008820119,0.0012013146,0.002321466
7780000,0.00051870313,0.00069723267,0.035096943,0.00088707043,0.0012143494,0.0023259986
7788000,0.0005157109,0.00069552875,0.03360565,0.0009153358,0.0012462657,0.0023572259
7796000,0.0005126487,0.0006940545,0.032157805,0.0008486362,0.0012497696,0.0023525967
7804000,0.0005091387,0.00069253205,0.031741932,0.0007939259,0.0012347094,0.002379146
7812000,0.0005054177,0.0006908933,0.031338405,0.0007792064,0.0012005158,0.0023700187
7820000,0.0005017146,0.0006891994,0.030946761,0.00077979267,0.0011864902,0.0023767618
7828000,0.00049820106,0.0006874244,0.030566659,0.00080836663,0.001196835,0.0023723107
7836000,0.00049515016,0.0006857403,0.030197717,0.00084961223,0.0011571726,0.0023438397
7844000,0.0004921603,0.00068387383,0.029839925,0.0008176155,0.001157953,0.0024433555
7852000,0.00048841577,0.0006819521,0.026373245,0.00083542126,0.0011335678,0.002463746
7860000,0.00048285286,0.0006754923,0.023006424,0.0008391532,0.0011097598,0.002488041
7868000,0.00047739397,0.00066909293,0.019737221,0.0008240874,0.0010836883,0.0024751464
7876000,0.00047185292,0.00066249014,0.01656305,0.0008125141,0.001049032,0.0025105202
7884000,0.00046654523,0.00065574807,0.013481095,0.0008386996,0.001032807,0.002516591
7892000,0.00046133235,0.0006493404,0.01048886,0.000628861,0.0009997578,0.0025501812
7900000,0.0004543182,0.0006425655,0.0074670613,0.0005650674,0.0010000056,0.0025314563
7908000,0.00044710172,0.0006360751,0.004532844,0.0005614303,0.0010408055,0.002490955
7920000,0.00043998746,0.0006296174,0.001683861,0.00055361114,0.0009923521,0.0024899333
7924000,0.00043270458,0.00062308495,-0.0010823756,0.0005154069,0.00097093964,0.0024882187
7932000,0.00042529646,0.0006163947,-0.0037678853,0.0005028718,0.00094199943,0.0025105148
7940000,0.00041787725,0.0006095978,-0.0063750744,0.0004693229,0.00089918997,0.0025175882
7948000,0.00041016733,0.0006025578,-0.007173836,0.00044142737,0.0008716323,0.0025339606
7956000,0.00040248872,0.00059518445,-0.007948751,0.00043389888,0.0007802133,0.0025551787
7964000,0.0003946683,0.0005870509,-0.008700481,0.00039667627,0.00066982093,0.0025324314
7972000,0.00038676092,0.0005782291,-0.009429948,0.0003763251,0.0005788881,0.0025294165
7980000,0.00037862113,0.000568912,-0.010137873,0.00032578682,0.0005326619,0.0024875526
7988000,0.00037036982,0.00055924605,-0.010825114,0.0003354423,0.00045371242,0.0023987703
7996000,0.0003622635,0.0005490686,-0.011492193,0.00033320757,0.00038622387,0.0024126247
8004000,0.00035411798,0.0005385954,-0.011561906,0.00030347792,0.00036269697,0.0024152047
8012000,0.00034568255,0.00052820664,-0.011629068,0.00025291555,0.00035903676,0.0023937155
8020000,0.00033687946,0.0005177425,-0.011693556,0.0002078712,0.0003157503,0.0024116961
8028000,0.00032773134,0.0005071432,-0.011755203,0.00014732436,0.00029508307,0.0024844566
8036000,0.00031850752,0.0004966656,-0.011813747,0.00016649248,0.0003131232,0.0025439982
8044000,0.00030933978,0.00048638243,-0.011869631,0.0001451407,0.00030201246,0.0025473677
8052000,0.00030013995,0.00047620342,-0.012342602,0.00012649332,0.0002830993,0.0025163065
8060000,0.00029070413,0.00046613556,-0.012801039,5.646592e-05,0.0002944027,0.0025601997
8068000,0.00028062548,0.00045467823,-0.013247084,-5.3863014e-06,0.0002698622,0.002560334
8076000,0.00027029432,0.0004431998,-0.013679524,-4.195442e-05,0.00023416613,0.0025746077
8084000,0.00026005253,0.0004314598,-0.014098487,8.3200393e-07,0.00018878022,0.002621061
8092000,0.00025002958,0.00041957136,-0.014504438,-4.4830354e-05,0.00012612529,0.002609432
8100000,0.00023978879,0.00040711026,-0.014821429,-4.6739664e-05,3.5960446e-05,0.0026153054
8108000,0.00022966521,0.00039448275,-0.01512851,-6.0639773e-05,2.9685263e-05,0.002606954
8116000,0.00021966945,0.00038206292,-0.015426334,-6.0231905e-05,3.7712613e-05,0.0025452578
8124000,0.00020974659,0.00037001137,-0.015715333,-4.553944e-05,7.344042e-05,0.002475948
8132000,0.00020013034,0.0003581754,-0.015995666,-4.0913434e-05,4.9924834e-05,0.0024375552
8140000,0.00019037157,0.0003462914,-0.016267411,-0.000104136525,2.500988e-05,0.002435813
8148000,0.00018015757,0.00033454856,-0.017004395,-0.00019198263,2.9781275e-05,0.0024916634
8156000,0.00016941532,0.00032272004,-0.017719172,-0.00024670298,-3.350304e-05,0.0024726763
8164000,0.000158631,0.00031062769,-0.018412665,-0.00024223991,-8.123937e-05,0.0024970684
8172000,0.00014794004,0.00029828667,-0.019085031,-0.00027122762,-0.00013338284,0.0025340023
8180000,0.00013683987,0.0002858304,-0.019737259,-0.00037623013,-0.00015614531,0.0024700249
8188000,0.00012519243,0.00027328872,-0.020370452,-0.00042435975,-0.00019339743,0.002435407
8196000,0.000113369475,0.00026089995,-0.020984888,-0.00047642243,-0.00017873671,0.0023671326
8204000,0.00010112858,0.00024854534,-0.02168038,-0.0005420039,-0.00020146767,0.002385453
8212000,8.8768e-05,0.00023636594,-0.022354709,-0.00057116145,-0.00019834221,0.0024281128
8220000,7.598363e-05,0.0002243607,-0.023008734,-0.0006578332,-0.00017025768,0.002395715
8228000,6.305935e-05,0.00021274098,-0.02364336,-0.00065969717,-0.00018946177,0.0023728635
8236000,5.0131708e-05,0.00020095831,-0.024259008,-0.00068531034,-0.00022134314,0.002360732
8244000,3.731315e-05,0.00018936863,-0.024855863,-0.0006795504,-0.00017954661,0.0024265558
8252000,2.4708603e-05,0.0001783427,-0.025334338,-0.00070987624,-0.000160294,0.0024630635
8260000,1.2223252e-05,0.0001671649,-0.025798056,-0.00069486443,-0.00025052755,0.0024605836
8268000,-1.1963007e-07,0.00015533462,-0.026247535,-0.00071574916,-0.00032914936,0.002470203
8276000,-1.1326629e-05,0.00014372439,-0.026685696,-0.00070326595,-0.00035877185,0.0024883787
8284000,-2.2087599e-05,0.0001322977,-0.027110167,-0.00065703917,-0.0003374689,0.002514909
8292000,-3.2652522e-05,0.000120913974,-0.02752172,-0.0007116531,-0.00038454417,0.0024763532
8300000,-4.3491043e-05,0.000109367,-0.027589062,-0.0007201426,-0.00041852673,0.0024656088
8308000,-5.401887e-05,9.792923e-05,-0.027653826,-0.00072747207,-0.00040811268,0.0024380756
8316000,-6.462116e-05,8.663084e-05,-0.02771589,-0.0007600728,-0.00042141258,0.0024850059
8324000,-7.532678e-05,7.556024e-05,-0.02777545,-0.00079115323,-0.0004056809,0.0024074297
8332000,-8.593021e-05,6.446187e-05,-0.027832896,-0.00077721913,-0.00045832142,0.0024032434
8340000,-9.623624e-05,5.3384283e-05,-0.027887957,-0.0007732854,-0.00044970165,0.0023953316
8348000,-0.000106653875,4.2397252e-05,-0.027316714,-0.00083138497,-0.0004765881,0.0024286741
8356000,-0.00011722044,3.1559986e-05,-0.02676119,-0.0008605115,-0.00045482727,0.0024131448
8364000,-0.00012792306,2.0890206e-05,-0.026221097,-0.00089658634,-0.00049372786,0.0023940885
8372000,-0.00013858949,1.0122038e-05,-0.025695886,-0.000906823,-0.000514095,0.0023978692
8380000,-0.00014906995,-8.3709693e-07,-0.025185158,-0.0008912941,-0.0005657039,0.0023754144
8388000,-0.00015958777,-1.1887238e-05,-0.024688475,-0.0009355867,-0.0005987382,0.002384105
8396000,-0.00016992714,-2.3012859e-05,-0.024205271,-0.00089221506,-0.00062488223,0.0024085715
8404000,-0.00017968453,-3.4112043e-05,-0.02357287,-0.0008487217,-0.000625593,0.0024148447
8412000,-0.00018899387,-4.523015e-05,-0.022957781,-0.00081011315,-0.00069503917,0.0024461446
8420000,-0.00019816472,-5.6867193e-05,-0.022359481,-0.0008534119,-0.00076659187,0.0024762133
8428000,-0.00020747687,-6.856962e-05,-0.021777812,-0.0009013234,-0.00076278235,0.0024387687
8436000,-0.00021694011,-8.015824e-05,-0.021212073,-0.00088837015,-0.0007813208,0.0024898173
8444000,-0.00022605376,-9.166268e-05,-0.020661777,-0.0008750762,-0.0008056243,0.0024964977
8452000,-0.00023473168,-0.00010331122,-0.01991789,-0.00086026866,-0.0008197525,0.0025191426
8460000,-0.0002432274,-0.000114836614,-0.019194758,-0.0008810063,-0.0008440975,0.0024824012
8468000,-0.0002518978,-0.00012657057,-0.018492082,-0.0009159717,-0.0008954377,0.0024548098
8476000,-0.00026061223,-0.00013846176,-0.017809067,-0.0009459454,-0.0009232177,0.0024615834
8484000,-0.00026742966,-0.00014867549,-0.017148396,-0.000912927,-0.0009876429,0.0025232085
8492000,-0.00027340694,-0.00015891423,-0.016505668,-0.00080751505,-0.0009708351,0.0025747737
8500000,-0.0002787425,-0.00016892298,-0.01555053,-0.0007638468,-0.0009794714,0.0025381856
8508000,-0.00028374782,-0.00017892318,-0.014622699,-0.00077656587,-0.0010205811,0.0024927377
8516000,-0.00028892444,-0.00018926545,-0.013721225,-0.00082789577,-0.0010629327,0.0025108168
8524000,-0.00029415288,-0.00019971508,-0.01284484,-0.0008019635,-0.0011177992,0.0025495468
8532000,-0.0002990422,-0.00021043397,-0.0119929705,-0.0008045469,-0.0011580129,0.002546847
8540000,-0.00030389166,-0.00022120164,-0.011165156,-0.0008121,-0.0011663614,0.0025470394
8548000,-0.00030853171,-0.00023178342,-0.010202751,-0.00076701544,-0.0011478997,0.002517478
8556000,-0.0003128696,-0.00024228019,-0.009267617,-0.00077464187,-0.0011844647,0.002528138
8564000,-0.00031720134,-0.00025257253,-0.008358914,-0.0008005733,-0.0011261005,0.0025031995
8572000,-0.00032153935,-0.00026235363,-0.0074760467,-0.0007846017,-0.0011120863,0.00250705
8580000,-0.00032549346,-0.00027192364,-0.0066180862,-0.00073516724,-0.001101951,0.0024934106
8588000,-0.0003289213,-0.00028117464,-0.0057845246,-0.0006902147,-0.0010658838,0.0024376796
8596000,-0.0003318449,-0.00029000675,-0.0049749557,-0.0006294864,-0.0010387711,0.0024109168
8608000,-0.0003348547,-0.00029883345,-0.004154967,-0.0007170129,-0.0010995921,0.0024396977
8616000,-0.00033803756,-0.00030778316,-0.0033583883,-0.0007046657,-0.0010901144,0.0023650005
8624000,-0.00034076007,-0.0003164053,-0.0025846455,-0.0006463206,-0.0010416579,0.0023731359
8632000,-0.0003432415,-0.00032443204,-0.0018325243,-0.00064698176,-0.0010077409,0.002391078
8640000,-0.0003455008,-0.00033238414,-0.0011015385,-0.000617804,-0.0010294343,0.0023968825
8648000,-0.00034742686,-0.00034010786,-0.00039104186,-0.0005977385,-0.0009974891,0.002433184
8656000,-0.0003488983,-0.0003475305,0.0001530759,-0.00056209177,-0.00101328,0.0024573505
8664000,-0.00035002513,-0.00035496685,0.00068218727,-0.00052296685,-0.00103403,0.002484332
8672000,-0.00035070875,-0.00036251202,0.0011963695,-0.00047512623,-0.0010672272,0.0024261381
8680000,-0.00035104674,-0.00037002075,0.0016961545,-0.00047301152,-0.0010699687,0.0024655322
8688000,-0.00035138315,-0.00037746437,0.0021822453,-0.00046662617,-0.0010493037,0.002489319
8696000,-0.0003500663,-0.00038242617,0.0026500411,-0.0004505327,-0.0010299664,0.0024757672
8704000,-0.00034855324,-0.00038740135,0.0030604424,-0.00042588494,-0.0010607472,0.002470334
8712000,-0.00034673652,-0.00039268003,0.003459314,-0.00039711338,-0.0011180126,0.0024367257
8720000,-0.0003448341,-0.00039786802,0.0038469275,-0.00041135465,-0.0010764058,0.0024417127
8728000,-0.00034286763,-0.00040273758,0.0042237593,-0.00041023555,-0.0010602945,0.0024316486
8736000,-0.00034104107,-0.00040734818,0.004589851,-0.00042032023,-0.0010397442,0.0023796656
8744000,-0.00033913163,-0.00041186906,0.004945486,-0.00041402137,-0.0010569618,0.00237001
8752000,-0.00033712428,-0.00041642739,0.0048600044,-0.0003930367,-0.0010635756,0.0023516803
8760000,-0.0003345019,-0.00042089104,0.0047681537,-0.0003561554,-0.0010934016,0.002326294
8768000,-0.00033168274,-0.00042565653,0.004681147,-0.00032761332,-0.0011342857,0.0023098856
8776000,-0.00032862613,-0.00043036608,0.0045986334,-0.00029822622,-0.0011140733,0.0023329374
8784000,-0.00032538592,-0.0004349295,0.004520186,-0.0002617304,-0.0011069046,0.0023025956
8792000,-0.00032175783,-0.0004393142,0.0044449577,-0.00021975768,-0.0011081529,0.0022554612
8800000,-0.00031813522,-0.0004440309,0.004387521,-0.00024854828,-0.0011815302,0.002268868
8808000,-0.00031441535,-0.00044883692,0.004332628,-0.00018987994,-0.0011565259,0.002247957
8816000,-0.00031054748,-0.00045359315,0.004279768,-0.0002324009,-0.0011858495,0.0022217827
8824000,-0.0003068762,-0.0004584491,0.0042291256,-0.0002126131,-0.0011960829,0.0022231631
8832000,-0.00030298647,-0.00046312326,0.004180201,-0.00018588622,-0.0011563404,0.0021514874
8840000,-0.0002990681,-0.0004677616,0.0041327747,-0.00021622625,-0.0012047751,0.0021276067
8848000,-0.00029521287,-0.00047263398,0.00440671,-0.00018734948,-0.0012156366,0.0021148976
8856000,-0.00029147122,-0.00047748565,0.0046725394,-0.00022376757,-0.0012179472,0.0021110303
8864000,-0.00028789922,-0.0004823039,0.004930599,-0.0002190895,-0.0012136047,0.002099974
8872000,-0.00028438316,-0.00048717813,0.0051810676,-0.00023503766,-0.0012498833,0.0020495362
8880000,-0.0002808676,-0.0004922892,0.0054236613,-0.0002237116,-0.001266787,0.0019409962
8888000,-0.0002774013,-0.0004973742,0.005659063,-0.0002453821,-0.0012678822,0.0019566247
8896000,-0.00027393055,-0.0005005398,0.005883087,-0.00024071283,-0.0012754364,0.0020075066
8904000,-0.00027048273,-0.0005036661,0.0062038507,-0.00026140237,-0.0012868522,0.001981967
8912000,-0.00026706042,-0.0005069317,0.0065154107,-0.00023301369,-0.0012970594,0.0020049193
8920000,-0.00026336606,-0.0005102459,0.006818477,-0.00018520851,-0.0013045326,0.002039598
8928000,-0.0002591782,-0.0005135517,0.0071131783,-0.00010929774,-0.0013025788,0.002053612
8936000,-0.00025446806,-0.0005166053,0.007399577,-6.252277e-05,-0.0012333307,0.0020518233
8944000,-0.0002497413,-0.0005191581,0.0076782256,-7.7545985e-05,-0.0011921824,0.002120582
8952000,-0.00024509296,-0.0005213104,0.007637015,-8.34043e-05,-0.0011274638,0.0021199624
8960000,-0.00024057402,-0.00052305707,0.0075971344,-9.070017e-05,-0.0010875918,0.0020980893
8968000,-0.00023588052,-0.00052453525,0.0075587397,-3.7504502e-05,-0.0010776853,0.002111663
8976000,-0.00023115685,-0.0005259946,0.007521982,-7.281907e-05,-0.0010693434,0.0021744985
8984000,-0.00022655532,-0.00052740844,0.0074869096,-6.1031053e-05,-0.0010574221,0.002164509
8992000,-0.000221891,-0.0005286921,0.007453163,-4.4904777e-05,-0.0010436665,0.0021799658
9000000,-0.00021736573,-0.00052993384,0.0075552524,-9.102407e-05,-0.0010428934,0.0021411038
9008000,-0.00021311792,-0.0005310725,0.0076545635,-8.996879e-05,-0.0010205175,0.0021698957
9020000,-0.00020876958,-0.0005321558,0.0077516236,-5.508353e-05,-0.0010128007,0.0022059702
9024000,-0.0002042075,-0.0005330979,0.00784657,-3.355474e-05,-0.0010030665,0.0022379481
9032000,-0.00019944641,-0.00053418917,0.0079393145,4.881988e-06,-0.0010241212,0.0022635215
9040000,-0.00019454162,-0.00053497124,0.008029968,9.386873e-06,-0.00093458185,0.0022981486
9048000,-0.00018977122,-0.000535403,0.008015868,-1.0569415e-05,-0.00092774286,0.0023002103
9056000,-0.00018500068,-0.00053542247,0.008002706,-4.507953e-06,-0.0008297404,0.0023412413
9064000,-0.00018028694,-0.0005348585,0.007990529,-1.8846013e-05,-0.0008094187,0.002364423
9072000,-0.0001755418,-0.00053423713,0.00797939,4.2764226e-05,-0.00078527123,0.0024044837
9080000,-0.00017012347,-0.0005333594,0.007969237,0.00010915096,-0.0007351628,0.002423256
9088000,-0.00016451842,-0.0005320877,0.007959676,0.00014131269,-0.00068885396,0.0023776698
9096000,-0.00015858858,-0.00053047825,0.0079503795,0.00018457533,-0.0006434064,0.0023253616
9104000,-0.0001533066,-0.00052599685,0.007974792,0.00017983686,-0.0006257634,0.0022473298
9112000,-0.0001481185,-0.0005213529,0.007998416,0.00020322263,-0.000590221,0.002208694
9120000,-0.00014268153,-0.00051661814,0.008021408,0.0002456232,-0.0005753359,0.002191636
9128000,-0.00013703933,-0.0005118747,0.008043877,0.00024924095,-0.0005860244,0.0021449043
9136000,-0.00013142572,-0.00050724373,0.008065688,0.00024996462,-0.0005847681,0.0021318297
9144000,-0.00012617589,-0.000502651,0.00808694,0.00018754092,-0.00056766334,0.002077286
9152000,-0.00012140659,-0.00049784733,0.008492051,0.00014565354,-0.0005431656,0.0020720984
9160000,-0.00011675396,-0.0004930504,0.008885635,0.00015327394,-0.00054521067,0.002039582
9168000,-0.00011227677,-0.0004883421,0.009267741,0.000114231894,-0.0005443461,0.0019797725
9176000,-0.00010820893,-0.00048361105,0.009639051,8.696191e-05,-0.0005304797,0.002002642
9184000,-0.00010425085,-0.00047884995,0.009999905,7.775004e-05,-0.0005119322,0.0019949328
9192000,-0.00010032174,-0.00047404578,0.010350766,0.000108473665,-0.0005141973,0.0020062272
9200000,-9.628293e-05,-0.00046893425,0.0108373165,0.000104142586,-0.00042007308,0.0019798437
9208000,-9.2319555e-05,-0.00046340586,0.011310134,0.000105680985,-0.0003829666,0.0020270746
9216000,-8.849327e-05,-0.00045767272,0.011770131,8.051278e-05,-0.00036706106,0.0020615861
9224000,-8.473636e-05,-0.0004518746,0.012217076,0.000102952894,-0.00035443934,0.0020393352
9232000,-8.1134014e-05,-0.00044613972,0.012651422,4.8181544e-05,-0.00036719575,0.0020405506
9240000,-7.792179e-05,-0.00044055877,0.013073302,2.4303949e-05,-0.0003420167,0.0020051931
9248000,-7.4860916e-05,-0.0004346115,0.013235139,1.9610236e-05,-0.00028013982,0.0019799578
9256000,-7.184477e-05,-0.00042816185,0.013392446,-3.1387724e-06,-0.00020433725,0.0020030017
9264000,-6.886915e-05,-0.00042137885,0.0135459155,-4.92573e-07,-0.0001621079,0.0020547442
9272000,-6.578633e-05,-0.00041470618,0.013695473,2.9608782e-05,-0.0002099721,0.0020676518
9280000,-6.224155e-05,-0.00040835797,0.013841068,0.00014047939,-0.00022546604,0.0020680581
9288000,-5.790746e-05,-0.00040181295,0.01398296,0.000222117,-0.0001565442,0.002108586
9296000,-5.3256877e-05,-0.0003951374,0.0141213555,0.0002284862,-0.00015196105,0.002134641
9304000,-4.868329e-05,-0.0003882455,0.014218937,0.00021643372,-0.000101084246,0.002165893
9312000,-4.594249e-05,-0.0003799429,0.014308314,0.00010934178,-9.215742e-05,0.002180047
9320000,-4.3719574e-05,-0.00037160612,0.014395536,0.000121278565,-7.348564e-05,0.0021914337
9328000,-4.1266256e-05,-0.00036323984,0.014480576,0.00014207371,-5.758069e-05,0.0021907964
9336000,-3.896443e-05,-0.00035485387,0.014563313,0.000102057624,-5.202408e-05,0.002176181
9344000,-3.70187e-05,-0.00034670022,0.014643761,6.289532e-05,-7.757408e-05,0.0021148028
9352000,-3.5102068e-05,-0.00033868826,0.0144876875,0.00010503436,-9.232366e-05,0.0020377457
9360000,-3.2804845e-05,-0.0003309823,0.014336197,0.00015209087,-9.799177e-05,0.0020705566
9368000,-3.0284225e-05,-0.00032311789,0.014189579,0.00016897976,-4.0958003e-05,0.0020931035
9376000,-2.7619544e-05,-0.0003148025,0.014047559,0.00020032104,2.9003884e-05,0.0020847085
9384000,-2.490717e-05,-0.00030609636,0.013909766,0.00017719028,0.00010167885,0.0020763867
9392000,-2.261694e-05,-0.00029715154,0.013776173,0.00011716445,7.364837e-05,0.0020772486
9400000,-2.0621372e-05,-0.00028873843,0.013582033,0.00011753588,1.7000151e-05,0.0020160251
9408000,-1.8491917e-05,-0.00028074475,0.013393406,0.00013165556,1.006294e-05,0.0020199604
9416000,-1.6271028e-05,-0.00027278578,0.013210505,0.00014270122,9.392683e-06,0.0019992588
9424000,-1.40214115e-05,-0.00026507402,0.0130329635,0.00016420573,-2.0647933e-05,0.0019766954
9432000,-1.1783507e-05,-0.0002574973,0.012860639,0.0001340611,7.411969e-06,0.001963673
9440000,-9.840071e-06,-0.00024988755,0.012693478,0.000107587635,-5.7448988e-06,0.0019625304
9448000,-7.972066e-06,-0.00024249594,0.012259083,0.0001178223,-2.9776056e-06,0.0019183287
9456000,-5.9543954e-06,-0.0002352298,0.011837269,0.00012454511,-1.4366518e-05,0.0019402283
9464000,-3.995385e-06,-0.00022801815,0.011428231,0.000112711656,1.8572358e-05,0.001973776
9472000,-1.7914571e-06,-0.0002207098,0.011031088,0.00018175413,3.5487268e-05,0.0019115985
9480000,5.635861e-07,-0.0002134244,0.01064524,0.00015055838,3.1579184e-05,0.0018702768
9488000,2.7229926e-06,-0.00020611283,0.010270505,0.00013996365,6.411929e-05,0.0018376419
9496000,4.658051e-06,-0.00019877471,0.009906697,0.00010347247,5.41407e-05,0.0018252446
9504000,6.421958e-06,-0.00019170824,0.009626198,0.00011589506,3.3757828e-05,0.001798395
9512000,8.498615e-06,-0.00018495589,0.00935378,0.00017166609,1.2596217e-05,0.0017568517
9524000,9.52411e-06,-0.00017866514,0.009083408,0.00010489415,7.708232e-05,0.0017631133
9528000,1.0288074e-05,-0.00017245335,0.008821484,0.00012593347,3.591021e-05,0.0018356765
9536000,1.1421469e-05,-0.00016661311,0.008567781,0.00017071984,-2.947118e-05,0.0018866857
9544000,1.2563395e-05,-0.00016174103,0.008321915,0.00014779375,-0.00012350602,0.0018963623
9552000,1.3607073e-05,-0.00015729252,0.007943243,0.00015200666,-0.00014569917,0.0018382584
9560000,1.4684002e-05,-0.00015298511,0.007575502,0.00014217333,-0.00012336236,0.0018278594
9568000,1.5580714e-05,-0.00014864116,0.0072185905,0.000110589535,-0.00013082908,0.0018197341
9576000,1.6105836e-05,-0.00014449922,0.0068718595,5.386288e-05,-0.00013427004,0.0017686373
9584000,1.629126e-05,-0.00014040685,0.0065351506,1.9648618e-05,-0.00014204322,0.0017352571
9592000,1.6169986e-05,-0.00013676987,0.0062082293,-4.5920424e-06,-0.00021114678,0.0017506471
9600000,1.5933681e-05,-0.00013379262,0.0057843733,-7.897377e-06,-0.00028642121,0.0016912877
9608000,1.5644691e-05,-0.00013133268,0.005372586,-3.3366814e-05,-0.00030814254,0.0016642072
9616000,1.5244866e-05,-0.000128958,0.0049729105,-2.2941307e-05,-0.00028753252,0.0016726758
9624000,1.4847297e-05,-0.0001266861,0.004585142,-5.810357e-05,-0.0003116656,0.0016965657
9632000,1.3940748e-05,-0.00012469362,0.0042089135,-0.00011157762,-0.00034461994,0.0016992423
9640000,1.29710015e-05,-0.00012303484,0.0038438323,-9.7182005e-05,-0.00036529338,0.0017060611
9648000,1.1895504e-05,-0.00012171029,0.0035857009,-0.0001252504,-0.0004045996,0.0017059315
9656000,1.0958584e-05,-0.00012016558,0.0033353986,-0.000164465,-0.00037164777,0.0017406992
9664000,9.882338e-06,-0.00011843388,0.003092914,-0.00014618508,-0.00035827744,0.0017638732
9672000,8.782465e-06,-0.000116739124,0.0028577307,-0.00019222882,-0.00035684023,0.0017326752
9680000,7.225143e-06,-0.00011507709,0.002629276,-0.00023887363,-0.00033990445,0.0016973261
9688000,5.5824908e-06,-0.00011330747,0.0024078102,-0.0002239177,-0.00031123945,0.0017285647
9696000,3.9483e-06,-0.00011128106,0.0021932274,-0.00023582444,-0.0002586186,0.0017396593
9704000,2.0484858e-06,-0.00010902205,0.0020352353,-0.00029649705,-0.00024838507,0.001685735
9712000,-3.049581e-07,-0.00010684831,0.0018820758,-0.00034626602,-0.00024106595,0.0017240249
9720000,-2.9923233e-06,-0.00010460451,0.0017337524,-0.0003669836,-0.00022665809,0.0017027737
9728000,-6.594295e-06,-0.00010371638,0.0015844717,-0.00032810267,-0.00022800664,0.0017248691
9736000,-9.9060935e-06,-0.00010309153,0.0014401514,-0.00028333336,-0.00028444096,0.0017632986
9744000,-1.2822004e-05,-0.00010274378,0.0013004905,-0.00024825538,-0.00028007536,0.0017740412
9752000,-1.5679772e-05,-0.00010264102,0.0013944255,-0.00027256514,-0.00032614009,0.0017668614
9760000,-1.8548804e-05,-0.00010275302,0.0014861757,-0.00024455698,-0.00032419447,0.0017715411
9768000,-2.1261876e-05,-0.00010290845,0.0015753494,-0.00024018326,-0.00032112465,0.0017407403
9776000,-2.3875695e-05,-0.00010312398,0.0016624264,-0.00022871027,-0.00034800006,0.0017716718
9784000,-2.6372192e-05,-0.00010377409,0.001747495,-0.00021512121,-0.00040739807,0.0017794118
9792000,-2.8734836e-05,-0.00010496049,0.0018306442,-0.00020763277,-0.0004426537,0.0018173862
9800000,-3.0925057e-05,-0.00010629682,0.0017798825,-0.00017392209,-0.00045836697,0.0017916058
9808000,-3.2927885e-05,-0.0001079166,0.0017309708,-0.00017741567,-0.0004908012,0.0018048317
9816000,-3.5056943e-05,-0.00010978198,0.0016837624,-0.00020255857,-0.00050830323,0.0017915629
9824000,-3.7395675e-05,-0.000111844754,0.0016382318,-0.00022195847,-0.00052526937,0.0017597395
9832000,-3.9935792e-05,-0.000114023576,0.0015940458,-0.0002634143,-0.000538466,0.0017185234
9840000,-4.279366e-05,-0.00011638791,0.0015512261,-0.00030504024,-0.0005499037,0.0017072407
9848000,-4.5872624e-05,-0.00011889599,0.001705694,-0.00033358033,-0.0005685368,0.0017020374
9856000,-4.944551e-05,-0.00012163827,0.0018558381,-0.0004100867,-0.0005846747,0.0016468236
9864000,-5.3321422e-05,-0.00012457685,0.0020019421,-0.0004231066,-0.00061375013,0.0016715737
9872000,-5.7304493e-05,-0.00012760209,0.0021440876,-0.00042958366,-0.0005894212,0.0016309142
9880000,-6.1225284e-05,-0.00013060143,0.002282213,-0.00041817984,-0.00059710856,0.0015787596
9888000,-6.504639e-05,-0.00013379462,0.0024164263,-0.00043010712,-0.0006216417,0.0015721606
9896000,-6.938686e-05,-0.00013703597,0.0025474273,-0.0005256401,-0.000608558,0.0016344284
9904000,-7.405893e-05,-0.00014025613,0.002763073,-0.0005142158,-0.00059628644,0.0016487057
9912000,-7.848488e-05,-0.0001436294,0.0029731803,-0.00048781725,-0.00064407126,0.0016804035
9920000,-8.279444e-05,-0.0001472761,0.003177635,-0.00048877066,-0.00064267154,0.0016702042
9928000,-8.7197e-05,-0.00015086794,0.0033765957,-0.00050310476,-0.0006260999,0.0016732875
9936000,-9.1186754e-05,-0.00015378371,0.0035625477,-0.00049842463,-0.00063260284,0.001607377
9944000,-9.538266e-05,-0.00015664852,0.0037428234,-0.00057377765,-0.0005927446,0.0015335315
9952000,-0.000100189776,-0.00015932636,0.0041212384,-0.00063866115,-0.00058940274,0.001547292
9960000,-0.000105397485,-0.00016197594,0.004489064,-0.00067471224,-0.00056836155,0.0015464922
9968000,-0.00011077097,-0.00016446903,0.0048466595,-0.00069598464,-0.0005567319,0.0015541483
9976000,-0.000116170966,-0.00016696125,0.0051943148,-0.0006621246,-0.0005359715,0.0015692443
9984000,-0.000121238925,-0.00016937364,0.0055326773,-0.00064782583,-0.00053695805,0.0016253282
9992000,-0.00012631221,-0.00017187335,0.00586168,-0.0006461674,-0.00054314587,0.0016205895
10000000,-0.00013138422,-0.00017419731,0.0060702204,-0.00067139923,-0.00048947753,0.001681318
10008000,-0.00013666388,-0.00017638407,0.0062734745,-0.0006832718,-0.00050157687,0.001715927
10016000,-0.00014211818,-0.00017869358,0.0064712614,-0.00072786934,-0.00051847135,0.0016964959
10024000,-0.00014791447,-0.00018132014,0.00666343,-0.0007646771,-0.00055958616,0.00166343
10032000,-0.00015369979,-0.00018419222,0.006850161,-0.000731961,-0.000571004,0.0016104568
10040000,-0.00015925983,-0.0001869568,0.00703142,-0.00072146946,-0.00052432885,0.0015749275
10048000,-0.00016463478,-0.00018938634,0.007064059,-0.0006853429,-0.0004883424,0.0015332616
10056000,-0.00016948447,-0.00019158919,0.007095961,-0.0006870153,-0.00052073505,0.0015298184
10064000,-0.00017425853,-0.00019412483,0.007127152,-0.0006814538,-0.00054653554,0.0015241738
10072000,-0.00017928788,-0.00019666058,0.0071577816,-0.00074445497,-0.0005408698,0.0015433544
10080000,-0.0001848921,-0.00019918306,0.007188005,-0.00083305093,-0.00052634417,0.0015493212
10088000,-0.00019080509,-0.00020160498,0.0072175306,-0.0008264762,-0.0005033539,0.0015280857
10096000,-0.00019648542,-0.00020379455,0.00724656,-0.0007927873,-0.00047485327,0.0015539326
10104000,-0.00020209215,-0.0002058481,0.0073372945,-0.0008074076,-0.00045957306,0.0015677159
10112000,-0.0002080377,-0.0002078704,0.0074256463,-0.0008648385,-0.00047094747,0.0015332983
10120000,-0.00021404942,-0.00020998345,0.0075115236,-0.0008278227,-0.00046195096,0.0015197148
10128000,-0.00021961822,-0.00021206478,0.0075953566,-0.00079712976,-0.00047426653,0.0015497066
10136000,-0.00022529534,-0.00021450738,0.007677177,-0.0008300289,-0.000531841,0.0015428131
10144000,-0.0002298462,-0.00021508883,0.0077500474,-0.0008557748,-0.00054548186,0.0015103904
10152000,-0.00023473758,-0.00021589114,0.008071752,-0.0009095633,-0.0005509729,0.0015221777
10160000,-0.0002398918,-0.00021659237,0.008384536,-0.00091780367,-0.00052084064,0.0014969223
10168000,-0.0002449116,-0.00021708736,0.008688303,-0.0009006589,-0.00048061964,0.0014973109
10176000,-0.0002498775,-0.00021718346,0.008983775,-0.0008907111,-0.00043249273,0.0014974242
10184000,-0.00025478637,-0.00021726679,0.009270747,-0.0008836247,-0.00047123263,0.0014769981
10192000,-0.0002598138,-0.00021754285,0.009549728,-0.00093420286,-0.00044896067,0.0014729777
10200000,-0.00026523264,-0.00021752818,0.009711303,-0.0009812384,-0.00040993065,0.0015109396
10208000,-0.00027074254,-0.00021729006,0.009868566,-0.0009581067,-0.00037274882,0.0015122136
10216000,-0.00027623936,-0.00021667608,0.01002171,-0.000977986,-0.00033088843,0.0015348141
10224000,-0.00028204176,-0.00021597973,0.010170713,-0.0010387001,-0.00033681656,0.0015268923
10232000,-0.00028812754,-0.00021556328,0.0103157535,-0.001039978,-0.00038634567,0.0015401632
10240000,-0.00029427072,-0.00021550823,0.010457069,-0.0010557089,-0.00042657315,0.0015652395
10248000,-0.00030071803,-0.00021569789,0.010176353,-0.0011275882,-0.00042866624,0.0015300357
10256000,-0.00030765933,-0.00021606448,0.0099036805,-0.0011899204,-0.00049088395,0.0015209079
10264000,-0.00031501803,-0.00021689481,0.009639345,-0.001213909,-0.0005181684,0.0015541436
10272000,-0.0003222234,-0.00021791486,0.009382769,-0.001167698,-0.000560989,0.0015079309
10280000,-0.00032912593,-0.00021951232,0.009133426,-0.0011454731,-0.000636467,0.0014681133
10288000,-0.00033596973,-0.0002215597,0.00889146,-0.0011451612,-0.00066659617,0.0014854717
10296000,-0.00034272106,-0.00022376547,0.008656929,-0.0011291517,-0.0006754792,0.0015333727
10304000,-0.00034938633,-0.00022592235,0.008533962,-0.0011203572,-0.0006546148,0.0015760978
10312000,-0.00035608586,-0.00022789525,0.008414969,-0.0011402091,-0.0006086275,0.0015852533
10320000,-0.00036313967,-0.00022947273,0.008299716,-0.0012135332,-0.0005716036,0.0015778502
10328000,-0.00037070012,-0.00023084658,0.008187866,-0.0012612942,-0.00053640694,0.0015170249
10336000,-0.00037848882,-0.00023194928,0.008079102,-0.0012734563,-0.0004962662,0.0014929912
10344000,-0.0003864825,-0.00023295305,0.007973512,-0.001300262,-0.0005108315,0.0014693962
10352000,-0.00039189617,-0.00023232208,0.007835105,-0.0013232904,-0.00050207553,0.0014686388
10360000,-0.00039751816,-0.00023149501,0.007700866,-0.0013184545,-0.00044647735,0.0014535241
10368000,-0.00040311436,-0.00023053378,0.0075706188,-0.0013239013,-0.00045326058,0.0014339815
10376000,-0.0004091047,-0.00022957688,0.007444015,-0.0014211731,-0.00044253422,0.0013962553
10384000,-0.00041570695,-0.00022870363,0.0073209982,-0.0014460101,-0.00045582568,0.0013480408
10392000,-0.000422258,-0.00022775156,0.0072013875,-0.0014065994,-0.000419755,0.0013140949
10404000,-0.000428428,-0.00022668051,0.0070708347,-0.0013585724,-0.0004160491,0.0012739687
10408000,-0.00043429327,-0.00022573341,0.0069441125,-0.0013405546,-0.00043109403,0.001289739
10416000,-0.00044056805,-0.00022484538,0.006821348,-0.0014258553,-0.00042333873,0.0012838035
10424000,-0.00044742634,-0.00022414126,0.0067021903,-0.0014881582,-0.00047779694,0.0012592571
10432000,-0.00045472395,-0.00022384591,0.0065865517,-0.0015155366,-0.00049370446,0.0012566344
10440000,-0.00046222622,-0.00022368775,0.006474117,-0.0015292923,-0.0005138766,0.0011628357
10448000,-0.00046945826,-0.00022370678,0.0062791193,-0.0014567132,-0.0005173578,0.0011400481
10456000,-0.0004762431,-0.00022356024,0.006089833,-0.0014118976,-0.00050012907,0.0011290642
10464000,-0.00048290647,-0.00022333566,0.00590591,-0.001403098,-0.00047978954,0.0010502049
10472000,-0.0004895343,-0.00022300158,0.0057269405,-0.0013909457,-0.00047350352,0.001030189
10480000,-0.00049590453,-0.00022269672,0.0055533843,-0.0013459361,-0.000454273,0.0010711362
10488000,-0.00050198473,-0.0002222316,0.0053854072,-0.0013171185,-0.0004492521,0.0011062747
10496000,-0.0005080774,-0.00022187638,0.005222518,-0.0013092298,-0.0004416333,0.0010944182
10504000,-0.0005141044,-0.00022140057,0.0051919017,-0.0013474924,-0.00044440152,0.0010889547
10512000,-0.0005206707,-0.00022115264,0.0051623415,-0.001393635,-0.00046302585,0.0010958093
10520000,-0.0005275397,-0.0002209007,0.0051339166,-0.0014331588,-0.00043092648,0.0010783365
10528000,-0.0005347249,-0.00022043113,0.0051062843,-0.0014561996,-0.0004081702,0.001052697
10536000,-0.00054199214,-0.00021966394,0.005079526,-0.0014566112,-0.0003534128,0.0010417348
10544000,-0.000549441,-0.00021844552,0.0050537656,-0.0014897687,-0.0002890824,0.0010542575
10552000,-0.0005571813,-0.00021717123,0.005062648,-0.0015131491,-0.00031206835,0.0010648076
10560000,-0.0005608159,-0.00021470929,0.0050659776,-0.001542247,-0.00031201262,0.001062977
10572000,-0.0005647536,-0.00021221211,0.0050694156,-0.0015554684,-0.00029688652,0.0010639273
10576000,-0.0005687297,-0.00020980973,0.0050725173,-0.0015346272,-0.00031445344,0.00094814575
10584000,-0.0005724849,-0.00020736024,0.005074974,-0.001496523,-0.0002729569,0.0008893038
10592000,-0.00057600404,-0.00020477518,0.0050771954,-0.0014588553,-0.00026324508,0.000881458
10600000,-0.0005793225,-0.00020214845,0.0051022265,-0.0014261731,-0.0002607662,0.00090746285
10608000,-0.0005824113,-0.00019978566,0.0051265093,-0.0013800897,-0.00029922725,0.0008392934
10616000,-0.0005854916,-0.00019790142,0.005149992,-0.0013926908,-0.00037198112,0.00083369476
10624000,-0.0005886626,-0.00019627609,0.005172601,-0.0014091454,-0.0003412855,0.0007661041
10632000,-0.0005921933,-0.00019431429,0.005194461,-0.0014525504,-0.0002915167,0.000745617
10640000,-0.00059609755,-0.00019226168,0.0052155913,-0.0014791063,-0.00031158465,0.00072416244
10648000,-0.00060007087,-0.00019066659,0.005300169,-0.0014557606,-0.00036379107,0.00073214294
10656000,-0.0006040043,-0.00018910842,0.005382317,-0.0014659545,-0.0003210484,0.00069589104
10664000,-0.0006080948,-0.00018745559,0.005462241,-0.0014712532,-0.00032230516,0.0007188345
10672000,-0.00061236724,-0.0001858572,0.0055403705,-0.001500557,-0.0003122012,0.00079310074
10680000,-0.00061697996,-0.00018418266,0.0056168134,-0.0015260429,-0.000299019,0.00078514486
10688000,-0.00062163145,-0.00018248448,0.0056908783,-0.0015081919,-0.0002827782,0.000732502
10696000,-0.00062637875,-0.00018058342,0.0057628527,-0.0015340915,-0.00026068583,0.0007349351
10704000,-0.000631042,-0.00017875287,0.0059322664,-0.0014472202,-0.0002604772,0.0007389653
10712000,-0.00063517183,-0.00017695826,0.0060972353,-0.0014151956,-0.00026380003,0.00079277705
10720000,-0.00063932064,-0.00017494903,0.0062581142,-0.0014249831,-0.00019526185,0.00084412144
10728000,-0.0006433757,-0.00017255475,0.006414883,-0.0013840704,-0.00015741472,0.0008680038
10736000,-0.0006474353,-0.00016987327,0.0065676137,-0.0014148164,-0.00011289382,0.00091801834
10744000,-0.00065172085,-0.00016709078,0.006716555,-0.0013929699,-0.00012319021,0.0009518365
10752000,-0.00065593584,-0.00016444667,0.006662784,-0.0014065346,-0.00011132849,0.00094494806
10760000,-0.0006603389,-0.00016175503,0.006610704,-0.0014084246,-0.00012177791,0.00093288784
10768000,-0.00065952784,-0.00015812925,0.0065562874,-0.0013553149,-0.000103581224,0.00092531607
10776000,-0.00065834715,-0.00015437767,0.006503893,-0.0012943279,-6.9068345e-05,0.0009701553
10784000,-0.00065694866,-0.0001504118,0.0064532035,-0.0012772296,-3.968278e-05,0.0009351148
10792000,-0.00065554224,-0.00014635011,0.0064040185,-0.0012487676,-2.9489041e-05,0.00091935694
10800000,-0.00065419887,-0.00014216888,0.006317065,-0.0012723127,1.8618437e-05,0.00086498284
10808000,-0.00065305596,-0.0001376119,0.006232525,-0.001254293,5.7691228e-05,0.0008290208
10816000,-0.0006517812,-0.00013306984,0.0061503015,-0.0012353838,4.9263515e-05,0.00081379403
10824000,-0.00065069937,-0.00012864961,0.0060708085,-0.0012548198,4.0442654e-05,0.00085823017
10832000,-0.0006497978,-0.00012429823,0.0059938,-0.0012625968,4.3210723e-05,0.0008213148
10840000,-0.0006492274,-0.00011974442,0.0059188292,-0.0012921586,9.882751e-05,0.0007834839
10848000,-0.0006488884,-0.00011514107,0.0055948296,-0.001294428,7.750655e-05,0.00078688783
10856000,-0.0006487976,-0.000110891466,0.0052800705,-0.0012877246,8.872074e-05,0.0007507937
10864000,-0.0006483319,-0.000106763146,0.0049743913,-0.0012069829,7.49591e-05,0.00074067886
10872000,-0.0006476395,-0.00010266295,0.0046777213,-0.0011917414,8.7500994e-05,0.00076665916
10880000,-0.0006469036,-9.873098e-05,0.0043895156,-0.0011662239,3.6898302e-05,0.000711509
10888000,-0.00064625667,-9.533742e-05,0.0041096774,-0.0011926206,7.140079e-06,0.0007294053
10896000,-0.00064578257,-9.175652e-05,0.0038379962,-0.0011688535,6.2681e-05,0.00072307995
10904000,-0.0006451647,-8.8136156e-05,0.0036231508,-0.0011330997,1.6158936e-05,0.00069720316
10912000,-0.00064444775,-8.519282e-05,0.003414198,-0.0011370942,-5.9525457e-05,0.00063979044
10920000,-0.0006439714,-8.2618375e-05,0.0032109623,-0.0011492425,-4.403406e-05,0.0005802948
10928000,-0.0006436525,-7.9702e-05,0.0030134593,-0.0011524357,1.7188042e-05,0.0005871729
10936000,-0.00064350775,-7.6501216e-05,0.002821989,-0.0011810032,3.0389845e-05,0.00062423496
10944000,-0.0006438931,-7.330489e-05,0.0026361023,-0.00122915,3.2106316e-05,0.00056100794
10952000,-0.0006446671,-7.019732e-05,0.0023981766,-0.0012742688,5.1215124e-05,0.0005942401
10960000,-0.00064588274,-6.67084e-05,0.002167625,-0.0013029504,0.00011390343,0.0006304667
10968000,-0.00064710923,-6.31631e-05,0.0019437647,-0.0012538102,9.4886454e-05,0.0005995597
10976000,-0.00064359576,-5.934155e-05,0.0017236429,-0.0012476612,6.486237e-05,0.00058058836
10984000,-0.0006401847,-5.562861e-05,0.0015098159,-0.0012389668,8.674557e-05,0.0005607315
10992000,-0.0006367309,-5.1734984e-05,0.0013019578,-0.0012060751,0.00011862266,0.00050149945
11000000,-0.00063331856,-4.7797435e-05,0.0010203519,-0.0012053796,0.000115125906,0.00050125626
11008000,-0.00063008384,-4.400348e-05,0.00074682524,-0.0012030574,0.00010474209,0.0004676152
11016000,-0.0006268275,-4.040267e-05,0.00048116967,-0.0011734476,8.667245e-05,0.00048209127
11024000,-0.0006235569,-3.679736e-05,0.0002234918,-0.001153183,0.00012158314,0.00050170044
11032000,-0.00062035833,-3.2956585e-05,-2.6720576e-05,-0.0011526275,0.0001564586,0.0004956557
11040000,-0.0006171277,-2.8797427e-05,-0.00026958715,-0.0011163665,0.00020468814,0.0004731986
11048000,-0.0006136927,-2.4604951e-05,-0.00020857994,-0.0010752265,0.00020293085,0.00041356846
11056000,-0.00061019254,-2.0394256e-05,-0.00014940207,-0.0010540936,0.00020835591,0.0004147008
11064000,-0.00060669694,-1.615491e-05,-9.172992e-05,-0.0010654014,0.00023723199,0.00042687592
11072000,-0.00060356705,-1.1617672e-05,-3.5632867e-05,-0.0010779587,0.0002873142,0.00038116562
11080000,-0.00060051144,-6.9101493e-06,1.8684892e-05,-0.0010852884,0.00030192707,0.00037226407
11088000,-0.0005976747,-2.2047132e-06,7.189321e-05,-0.0010754581,0.00029050035,0.00043816658
11096000,-0.00059477484,2.4527926e-06,0.0001241418,-0.0010433596,0.0003141778,0.00046461975
11104000,-0.0005919435,7.1326626e-06,0.00015996408,-0.001048506,0.00031078613,0.000443406
11112000,-0.0005892571,1.1828647e-05,0.00019485422,-0.00106443,0.0003066394,0.00045111665
11120000,-0.0005867533,1.6136826e-05,0.00022896612,-0.0010487703,0.00024609192,0.00045976116
11128000,-0.00058437313,1.9927675e-05,0.00026240747,-0.0010527531,0.00018540888,0.00046856154
11136000,-0.00058182195,2.3398828e-05,0.0002948502,-0.000991107,0.00020182536,0.00040160562
11144000,-0.0005790606,2.6953181e-05,0.00032615068,-0.0009553303,0.00020308649,0.00038075238
11152000,-0.0005762708,3.0694282e-05,0.00051786005,-0.00095556513,0.000250005,0.0003943796
11160000,-0.00057362416,3.458144e-05,0.00070455903,-0.0009567287,0.00026326987,0.00042881712
11168000,-0.000571152,3.8559676e-05,0.00088630663,-0.00095745927,0.00028704654,0.0004665214
11176000,-0.0005684286,4.256765e-05,0.0010632682,-0.00086421904,0.00027074025,0.00048344806
11184000,-0.0005619275,4.580384e-05,0.0012311079,-0.0008692848,0.00021186932,0.0004832064
11192000,-0.0005557188,4.9072532e-05,0.0013943063,-0.00086529454,0.00027997163,0.0004826871
11200000,-0.0005495487,5.2639625e-05,0.0015882533,-0.0008418917,0.00030040488,0.00047114328
11208000,-0.0005432954,5.6368783e-05,0.001776942,-0.000823691,0.00031623253,0.0005184583
11216000,-0.0005372976,5.9700356e-05,0.001960704,-0.0008292899,0.00021731149,0.0005198406
11224000,-0.00053128955,6.249329e-05,0.0021392824,-0.00080469914,0.00020270256,0.0005196923
11232000,-0.00052521843,6.526778e-05,0.0023130658,-0.000753898,0.00021405375,0.00052354974
11240000,-0.0005189472,6.824778e-05,0.0024819677,-0.00072974165,0.00027407226,0.0005060592
11248000,-0.00051257684,7.159655e-05,0.0025897422,-0.0006721434,0.0003116615,0.0005385926
11256000,-0.0005060376,7.506191e-05,0.0026948238,-0.00064303284,0.00030929229,0.0005569302
11264000,-0.000499428,7.855165e-05,0.002797117,-0.00061210967,0.0003352955,0.00054320175
11272000,-0.0004927662,8.227265e-05,0.002896611,-0.0005801213,0.00038033954,0.0005374752
11280000,-0.00048614942,8.630889e-05,0.0029934535,-0.00057985727,0.000412627,0.00052671507
11288000,-0.00047951777,9.034985e-05,0.0030875492,-0.0005641099,0.00040478332,0.00051230605
11296000,-0.00047317817,9.4658586e-05,0.0031791348,-0.0005881455,0.00046526722,0.00049919786
11304000,-0.0004673029,9.899641e-05,0.00333591,-0.0006329782,0.0004511158,0.00044752407
11312000,-0.00046164697,0.000103364604,0.003488433,-0.00060580345,0.00046114973,0.00048755572
11320000,-0.00045573132,0.00010776409,0.0036368468,-0.00054873043,0.00047949294,0.0004703202
11328000,-0.00044976856,0.00011208535,0.0037809145,-0.0005356199,0.0004563431,0.00043294544
11336000,-0.000443674,0.0001162889,0.003920987,-0.0004917268,0.00043978213,0.00043500372
11344000,-0.0004375824,0.00012019625,0.004057124,-0.0005087973,0.00040028518,0.000419461
11352000,-0.00043189724,0.0001239284,0.0044226516,-0.0005254044,0.00040432063,0.00047846194
11360000,-0.00042638776,0.00012767005,0.0047783507,-0.00053628994,0.00041179432,0.000522496
11368000,-0.00042096555,0.00013145775,0.0051244507,-0.00051121257,0.0004215018,0.00059388386
11376000,-0.00041546987,0.00013516123,0.005461571,-0.0004574749,0.00040132256,0.00067274086
11384000,-0.00040981514,0.000138923,0.0057895724,-0.000448131,0.00042357045,0.00067143777
11392000,-0.00040177227,0.00014130757,0.0061023086,-0.00047468772,0.0003480603,0.0006223126
11400000,-0.0003939195,0.00014336471,0.0064163934,-0.00044470667,0.00033311016,0.00063415704
11408000,-0.0003861128,0.00014532162,0.0067216065,-0.0004421563,0.00032743975,0.00059343706
11416000,-0.00037835972,0.00014715301,0.0070181442,-0.00040992082,0.0003024947,0.00061602035
11424000,-0.00037039528,0.00014871098,0.007306507,-0.00035234043,0.00026525752,0.00063749653
11432000,-0.00036235026,0.00015013631,0.007586764,-0.0003464845,0.00028935415,0.0005741731
11440000,-0.00035429592,0.00015199758,0.007858631,-0.00030516513,0.0003590652,0.0005334315
11448000,-0.0003462084,0.00015405157,0.00790453,-0.00030156187,0.00033942828,0.00061218947
11456000,-0.0003381423,0.00015591501,0.0079497965,-0.00022346787,0.0003688952,0.00064862624
11464000,-0.00032975382,0.00015786797,0.0079940185,-0.00019530804,0.00035718703,0.0006252174
11472000,-0.0003213994,0.00015965472,0.00803665,-0.00016619476,0.0003349645,0.00055721105
11480000,-0.0003128759,0.00016133973,0.008078012,-0.00012826361,0.0003479751,0.000554705
11488000,-0.00030425712,0.00016295393,0.008118292,-0.00010042857,0.0003192416,0.0005472991
11496000,-0.00029565088,0.00016454748,0.008157703,-8.316529e-05,0.00034106759,0.00058356806
11504000,-0.0002869984,0.00016630732,0.008285102,-6.388944e-05,0.0003494906,0.0006163454
11512000,-0.0002785956,0.00016797111,0.008409027,-8.384559e-05,0.0003412321,0.00058663415
11520000,-0.00027015444,0.00016958336,0.00852968,-2.5382345e-05,0.00033412784,0.0006472353
11528000,-0.00026160444,0.00017114032,0.008647339,-3.214377e-05,0.00032652266,0.00066858367
11536000,-0.00025327562,0.00017256927,0.008762058,-2.0883115e-05,0.00031504812,0.0007022974
11544000,-0.00024485815,0.00017399028,0.008873908,1.7491777e-05,0.00032125058,0.00072407676
11552000,-0.00023636177,0.00017542242,0.008897577,3.0456631e-05,0.0003278604,0.0006799753
11560000,-0.00022783551,0.00017697482,0.008920372,7.747015e-05,0.0003388566,0.0006263591
11572000,-0.00021912702,0.00017848262,0.008942223,9.5817864e-05,0.00033578931,0.00055626675
11576000,-0.00021047254,0.00017987909,0.00896305,0.00012258925,0.0003105257,0.0005231833
11588000,-0.00020168567,0.00018118616,0.008983321,0.0001535224,0.0003155957,0.00050746294
11592000,-0.00019264792,0.00018259253,0.009002944,0.00022445036,0.00033573096,0.00049068546
11600000,-0.00018208355,0.00018271201,0.00899207,0.00025910154,0.0002994485,0.00048128347
11608000,-0.00017142763,0.00018282526,0.0089814095,0.0002931788,0.00033377542,0.00045314882
11616000,-0.00016070908,0.0001831866,0.008970883,0.0003183847,0.00036048258,0.00040861138
11624000,-0.00014994094,0.00018367927,0.008960569,0.0003277673,0.000373978,0.0004219889
11632000,-0.00013935629,0.00018428276,0.008950703,0.00033114577,0.0003601029,0.00041263088
11640000,-0.00012887824,0.0001848554,0.008940832,0.00033422938,0.000381688,0.0003376466
11648000,-0.00011840646,0.00018548811,0.008851543,0.00037456377,0.00037950033,0.00029160874
11656000,-0.0001077554,0.00018620057,0.008764892,0.0004439013,0.00042439174,0.00033265082
11664000,-9.704772e-05,0.00018714866,0.008680709,0.00042336909,0.00040967177,0.00029269277
11672000,-8.65842e-05,0.000187982,0.008599035,0.0004247259,0.0004266831,0.00033894455
11680000,-7.6278855e-05,0.0001891897,0.008519961,0.00043301933,0.00046712358,0.00034011644
11688000,-6.574308e-05,0.00019037077,0.008443259,0.00051332056,0.00044855927,0.00035972559
11696000,-5.476073e-05,0.000191567,0.00836903,0.0005737602,0.0004575562,0.00037035826
11704000,-4.3543743e-05,0.00019288313,0.008250821,0.00060632103,0.00047294176,0.00038434862
11712000,-3.2177424e-05,0.00019440358,0.008136006,0.000653867,0.0005085686,0.00034262228
11724000,-2.0509167e-05,0.00019635195,0.0080243535,0.00069098675,0.0005869785,0.0003495505
11728000,-9.0565545e-06,0.00019885488,0.0079160165,0.0006725535,0.0006456728,0.00034448557
11736000,2.3904963e-06,0.00020172294,0.0078108185,0.0007115317,0.0006511179,0.00035211872
11744000,1.4012313e-05,0.00020444696,0.007708612,0.0007325705,0.000634333,0.00034011126
11752000,2.5645895e-05,0.00020694715,0.007656917,0.0007837169,0.00060280535,0.0003567043
11760000,3.7488768e-05,0.000209492,0.007606821,0.0007833095,0.00063148426,0.0003692022
11768000,4.91474e-05,0.00021213456,0.0075579323,0.00077492715,0.00061542296,0.00029556933
11776000,6.0503713e-05,0.00021455648,0.007510436,0.000754986,0.0005888678,0.00034381737
11784000,7.151389e-05,0.00021695878,0.0074648014,0.00073054445,0.0006069222,0.00039481433
11792000,8.2507955e-05,0.00021973168,0.007420646,0.0007656071,0.0006802814,0.00037669853
11800000,9.367376e-05,0.00022307108,0.007432506,0.0008031536,0.00073844055,0.00032484316
11808000,0.000104011524,0.00022593334,0.007441804,0.00076857064,0.00077934307,0.000302367
11816000,0.00011407991,0.00022898261,0.007450698,0.0007714252,0.0007686368,0.0002674068
11824000,0.00012403681,0.00023206834,0.0074592284,0.0007757366,0.0007767909,0.00027669175
11832000,0.00013394357,0.00023519581,0.007467627,0.0007773614,0.0007884781,0.00026086095
11844000,0.00014386137,0.0002384449,0.0074757338,0.00080404367,0.0008013335,0.0002563447
11848000,0.0001537394,0.0002416623,0.007454338,0.000806666,0.0007802274,0.0003253116
11856000,0.00016377153,0.00024494083,0.0074338685,0.00087814865,0.0007953316,0.0003246048
11864000,0.00017418843,0.00024830742,0.0074140485,0.00090935914,0.00079892285,0.00031538183
11872000,0.00018453703,0.00025161472,0.0073949005,0.0009050729,0.0007879985,0.0003157885
11880000,0.00019465323,0.00025488873,0.0073761046,0.00086595037,0.00077648164,0.00026173473
11888000,0.00020444184,0.00025831294,0.0073574386,0.00086248555,0.0008197589,0.00020918924
11896000,0.00021419705,0.00026207065,0.007339202,0.0008810164,0.0008423391,0.00020950899
11904000,0.0002239143,0.0002659272,0.007362614,0.0008901119,0.0008404831,0.00026467186
11912000,0.00023380276,0.00026965313,0.0073855757,0.00092770235,0.0008239324,0.00024650345
11920000,0.00024377559,0.00027327464,0.007407981,0.00096043333,0.00079048675,0.00028137135
11928000,0.00025410444,0.00027672513,0.007430212,0.0010151652,0.0007826991,0.00032461886
11936000,0.00026469733,0.0002801482,0.007451992,0.0010588506,0.00077570527,0.00031633425
11944000,0.00027533717,0.0002835714,0.0074732057,0.0010506406,0.00078596914,0.00030946737
11952000,0.00028579103,0.00028727224,0.0074726865,0.0010567232,0.0008288041,0.00027214474
11960000,0.00029635878,0.00029114503,0.007472103,0.0010648431,0.0008245595,0.00027130442
11968000,0.00030670504,0.00029516517,0.0074714636,0.0010549816,0.0008427025,0.00022031495
11976000,0.00031713545,0.000299098,0.007470758,0.0011005234,0.0008186847,0.0002587572
11984000,0.00032795104,0.00030301785,0.0074706087,0.0011566569,0.00082849985,0.0003006791
11992000,0.00033905066,0.0003070296,0.0074704983,0.0012101585,0.00083060615,0.00025421657
12000000,0.0003504078,0.00031116215,0.0074267653,0.0012445339,0.0008550276,0.00017746001
12008000,0.0003619863,0.00031547458,0.0073838816,0.0012712235,0.00085511734,0.00014925901
12016000,0.000370714,0.00031771298,0.007340083,0.0012733819,0.0008516375,0.0001207805
12024000,0.00037925958,0.0003199473,0.007297734,0.0012702051,0.0008532541,0.00017085773
12032000,0.00038790444,0.00032252807,0.0072568324,0.0012952678,0.00090627285,0.00018338005
12040000,0.00039666702,0.0003254255,0.0072172135,0.0012919348,0.0009321261,0.00015798167
12048000,0.00040521822,0.0003284406,0.007080731,0.0012754379,0.000905124,0.00011043446
12056000,0.00041390138,0.0003310956,0.006948146,0.0013685422,0.00088006025,0.000116645344
12064000,0.0004231048,0.00033403712,0.0068193423,0.0014148685,0.00095266313,0.000117248856
12072000,0.00043232134,0.00033731648,0.0066944165,0.0013625425,0.00096835376,0.00012706815
12080000,0.00044108927,0.0003408175,0.006573013,0.0013355678,0.0009876501,0.00012617689
12088000,0.00044971245,0.00034442398,0.0064551686,0.0013547986,0.0009743041,0.00012600499
12096000,0.00045857154,0.00034795524,0.0063408967,0.001371746,0.0009657001,0.00016714037
12104000,0.0004672448,0.000351555,0.00633114,0.0013395597,0.0009966699,0.00016598178
12112000,0.00047601937,0.0003553624,0.0063217664,0.0014089306,0.0009888201,0.00019579637
12120000,0.00048513402,0.00035920375,0.006312808,0.0014263717,0.0010112271,0.0001752104
12128000,0.00049427216,0.00036332075,0.0063039945,0.0014290768,0.0010394703,0.0001656628
12136000,0.0005034109,0.00036766962,0.006295742,0.0014389266,0.0010541375,0.00022395435
12144000,0.00051263766,0.00037193458,0.0062881317,0.0014571684,0.001021287,0.00026508683
12152000,0.0005219033,0.00037608604,0.0063235955,0.0014766942,0.0009944908,0.0003295677
12160000,0.00053142913,0.00038004134,0.0063584493,0.0014978363,0.0009875488,0.0003559351
12168000,0.00054068316,0.00038396093,0.0063927458,0.0014664284,0.0009617093,0.00041168323
12176000,0.0005497666,0.00038751418,0.006426318,0.0014170656,0.00088767405,0.00038468276
12184000,0.0005584135,0.0003908257,0.0064590666,0.0014088714,0.00090151443,0.00043526207
12192000,0.0005672231,0.00039425064,0.0064913677,0.0014521237,0.00089054316,0.00044748263
12200000,0.00057627034,0.00039769526,0.006542383,0.0014623101,0.0009174459,0.00040641899
12208000,0.0005853325,0.00040145457,0.0065920157,0.0014803378,0.00094048993,0.00041946143
12216000,0.00059454195,0.000405424,0.006640332,0.0014918254,0.00097318133,0.00039297887
12224000,0.00059961824,0.00040675176,0.0066851666,0.0014801227,0.0009947749,0.0003458028
12232000,0.00060482416,0.0004083886,0.0067286096,0.001509963,0.0010219293,0.0003199464
12240000,0.0006102568,0.0004101502,0.0067708516,0.001553055,0.0010222505,0.00032353704
12248000,0.0006159426,0.00041212252,0.0069628833,0.0015471373,0.0010458438,0.0003609953
12256000,0.0006216538,0.00041426448,0.0071500344,0.0015659468,0.0010543884,0.00043256878
12264000,0.00062752614,0.00041645934,0.0073325657,0.0015966598,0.0010363172,0.00051700993
12272000,0.0006336067,0.00041867045,0.0075105806,0.0015947148,0.001042522,0.0005554496
12280000,0.0006397415,0.0004211305,0.00768402,0.0016183166,0.0010774452,0.0006162553
12288000,0.00064606644,0.00042374543,0.007853176,0.0016298452,0.0010564922,0.0006774561
12296000,0.0006524463,0.0004259851,0.008018203,0.0016455051,0.0009847331,0.0007336961
12304000,0.0006592493,0.0004279171,0.00823308,0.0017087252,0.00096571154,0.00072812714
12312000,0.0006663434,0.00042989134,0.008442078,0.001730157,0.00096865767,0.0007536599
12320000,0.00067361444,0.00043207617,0.00864557,0.0017326091,0.0010005052,0.0007785841
12328000,0.00068098516,0.0004346063,0.00884324,0.0017752856,0.0010457267,0.0007159205
12336000,0.000688815,0.00043745755,0.009035362,0.0018110616,0.001058394,0.00073167396
12344000,0.00069660746,0.00044048458,0.00922237,0.0017836851,0.0010805576,0.0007580239
12352000,0.0007044341,0.0004437073,0.00935146,0.0018077448,0.001098917,0.0007182558
12360000,0.00071264326,0.00044730733,0.009477008,0.0018738307,0.0011413655,0.00074444537
12368000,0.00072135375,0.00045105733,0.009599691,0.0019202888,0.0011356393,0.0008343348
12376000,0.00073015585,0.00045492433,0.009719506,0.0018970357,0.0011471531,0.00085014733
12384000,0.0007389275,0.0004588529,0.009836216,0.0019052029,0.0011456409,0.0008606345
12392000,0.0007477114,0.00046276348,0.00994988,0.0019017062,0.0011414831,0.0008534087
12400000,0.0007566291,0.00046705856,0.010052829,0.0019217979,0.0011994148,0.00088532746
12408000,0.00076541916,0.0004713611,0.01015302,0.0018805568,0.0011410711,0.0008492084
12416000,0.0007741569,0.00047562437,0.010250424,0.0018681593,0.0011729675,0.0008323937
12424000,0.0007826054,0.0004802395,0.010345234,0.0018317752,0.0012076336,0.00083433837
12432000,0.0007859398,0.0004816041,0.010432024,0.001820702,0.0012414362,0.0008188633
12440000,0.0007895891,0.00048314474,0.010516323,0.0018603321,0.0012211575,0.0007735791
12448000,0.0007933565,0.00048462546,0.010682009,0.0018564352,0.0012109107,0.0007660087
12456000,0.00079727476,0.00048623615,0.010843223,0.0018785557,0.0012155594,0.00079097017
12464000,0.0008013093,0.00048798264,0.0110003315,0.0018731738,0.0012465194,0.0008298738
12472000,0.0008056645,0.0004900775,0.01115318,0.0019285778,0.0012525425,0.00082799024
12480000,0.00081046915,0.00049213436,0.011301961,0.001958349,0.0012271509,0.0008314525
12488000,0.0008154179,0.0004940987,0.011446335,0.0019484203,0.0012145415,0.00076486694
12496000,0.00082041346,0.0004960149,0.011586348,0.0019635982,0.0011763636,0.00072591717
12504000,0.0008257668,0.0004977275,0.011719533,0.0019947935,0.001130286,0.0007109077
12512000,0.0008311968,0.0004991168,0.01184915,0.0019728695,0.00108542,0.00076558604
12520000,0.0008366443,0.0005002738,0.011975462,0.0019754595,0.0010675336,0.0007493734
12528000,0.00084195554,0.0005013766,0.012098111,0.0019504756,0.001029242,0.0007111329
12536000,0.000847496,0.000502351,0.01221705,0.001985452,0.0010160407,0.0006784148
12544000,0.00085320894,0.0005032477,0.01233281,0.0019607532,0.0010022834,0.0007164437
12552000,0.00085876626,0.0005040176,0.012514561,0.0019545904,0.0009439489,0.0007347955
12560000,0.0008646765,0.00050460314,0.012691144,0.0020136659,0.0009486805,0.0006937795
12568000,0.0008709143,0.000505264,0.012862617,0.002019484,0.0009398538,0.00067832216
12576000,0.0008772787,0.00050601386,0.013029424,0.0020144812,0.0009352754,0.00071379327
12588000,0.0008835693,0.00050655694,0.013191551,0.0020048993,0.0008801352,0.0006634606
12592000,0.00088988757,0.000507089,0.013349116,0.0019930752,0.00091225596,0.0007041654
12600000,0.0008960001,0.0005078253,0.013520488,0.0019248115,0.0009079188,0.0007395321
12608000,0.0009019588,0.00050861656,0.013687244,0.0019495839,0.0009142181,0.0007608843
12616000,0.0009081484,0.00050968403,0.013849482,0.0019554135,0.00093959225,0.0007541005
12624000,0.00091452093,0.00051088654,0.014007248,0.001974078,0.0009458713,0.00075322686
12632000,0.0009211822,0.0005123833,0.014160806,0.0019990534,0.00096512475,0.0008016302
12640000,0.0009220892,0.00050991785,0.014303934,0.0020257733,0.0009678853,0.0007973148
12648000,0.0009234049,0.00050772633,0.014571738,0.0020534708,0.0009827041,0.0008132578
12656000,0.0009248901,0.00050563377,0.014832157,0.0020207546,0.0009522228,0.0008222656
12664000,0.0009260918,0.0005037645,0.015085254,0.0019826437,0.0010042051,0.00081462855
12672000,0.00092743785,0.0005022768,0.015331211,0.0019789403,0.001019509,0.00080802565
12680000,0.00092864624,0.000501078,0.015570164,0.0019433772,0.0010314526,0.00077479065
12688000,0.0009300904,0.00049995584,0.015802458,0.001988519,0.0010215819,0.0008250523
12696000,0.0009318763,0.00049893506,0.01602835,0.001977602,0.0010167926,0.0007922546
12704000,0.0009335974,0.00049783883,0.01628732,0.0019549965,0.00096940633,0.00080817094
12712000,0.0009352486,0.0004964487,0.016539471,0.0019048362,0.00093292614,0.0009089919
12720000,0.000936592,0.0004949936,0.016784877,0.0018764028,0.0009068147,0.000883791
12728000,0.00093830406,0.0004935283,0.017023392,0.0019380947,0.00090222,0.000904862
12736000,0.00094034214,0.0004920259,0.017255703,0.0019309222,0.00088007445,0.0009786745
12744000,0.0009426947,0.0004905222,0.017481957,0.0019767683,0.0008716127,0.0010056612
12752000,0.0009452833,0.00048912846,0.017651414,0.0019639027,0.00086615596,0.001006536
12760000,0.0009478371,0.00048774353,0.01781632,0.0019283635,0.0008522844,0.0010311444
12768000,0.0009504152,0.00048647352,0.017977081,0.0019390655,0.0008718272,0.0010894439
12776000,0.0009530551,0.00048529342,0.018133793,0.0019090208,0.00085015554,0.0011135258
12784000,0.000955762,0.00048420136,0.018286247,0.0019192746,0.0008582522,0.0011133064
12792000,0.00095850887,0.0004831977,0.018434493,0.0018993444,0.0008568197,0.0010849515
12800000,0.00096132414,0.00048242862,0.018528517,0.0019020643,0.0008812181,0.0010303145
12808000,0.0009642894,0.00048197177,0.018619815,0.0018948785,0.0008931758,0.0010385626
12816000,0.0009672121,0.0004813777,0.018708965,0.0018597514,0.00084654486,0.0010823455
12824000,0.00097029476,0.0004807234,0.018796097,0.0019050805,0.0008445876,0.0011207673
12832000,0.0009736022,0.000480087,0.018880783,0.0018884984,0.00082216226,0.0010720028
12840000,0.0009770405,0.00047940537,0.018963259,0.0018888287,0.00080995815,0.0011164383
12848000,0.00097412773,0.0004753456,0.018993277,0.0018950221,0.0008040071,0.0011360758
12856000,0.0009713534,0.00047118415,0.019022563,0.0018921836,0.00077321683,0.0011106489
12864000,0.0009686141,0.000467173,0.019050924,0.0018605252,0.0008016101,0.0010820564
12872000,0.0009658154,0.0004631388,0.019078527,0.0018199085,0.0007469854,0.001092882
12880000,0.00096302485,0.00045911135,0.019105585,0.0018063579,0.00074477756,0.0011032606
12888000,0.0009600613,0.00045513018,0.019132134,0.0017409592,0.0007439683,0.0011456842
12896000,0.00095684384,0.0004512149,0.019158717,0.0016795541,0.00071116595,0.0012151089
12904000,0.0009533954,0.00044716508,0.019122873,0.00164299,0.0006924747,0.0012048936
12912000,0.000949796,0.00044325995,0.019088108,0.0015891588,0.00070960156,0.001172344
12920000,0.00094605493,0.00043947957,0.019054245,0.0015675405,0.0006986471,0.0011336366
12928000,0.00094251736,0.00043606976,0.019020878,0.0015961356,0.00073716225,0.0010616452
12936000,0.0009393169,0.00043273132,0.018988391,0.0016045013,0.0006890098,0.0010651497
12944000,0.00093632727,0.00042892023,0.018957045,0.0015835774,0.00060956524,0.0010728979
12952000,0.00093356066,0.00042489983,0.018941008,0.0016228817,0.0006099173,0.0010585389
12960000,0.00093117205,0.0004211484,0.018925685,0.0016307259,0.0006246862,0.0010967999
12968000,0.0009288353,0.00041756436,0.018910917,0.0015975062,0.00063122244,0.0010635791
12976000,0.0009266703,0.00041421468,0.018896421,0.001630246,0.0006429804,0.001033933
12984000,0.0009249485,0.00041101908,0.018882414,0.001639384,0.0006390711,0.0010394887
12992000,0.0009230535,0.00040776664,0.018868845,0.0015697213,0.0006098547,0.0010254876
13000000,0.0009209595,0.00040444612,0.018860113,0.0015406937,0.00059079594,0.0009852852
13008000,0.0009188272,0.0004010949,0.018851547,0.0015274067,0.0005704744,0.0009878863
13016000,0.0009169676,0.00039771036,0.018843569,0.0015537925,0.000540482,0.0010471155
13024000,0.00091538567,0.00039426787,0.018836232,0.001555787,0.0005307083,0.0010448325
13032000,0.0009139438,0.0003909234,0.018829342,0.0015313667,0.0005549907,0.0010729067
13040000,0.00091246446,0.00038786748,0.018823098,0.0015177584,0.00055379776,0.0011393959
13048000,0.0009111478,0.0003848306,0.018703919,0.0015326093,0.00053727144,0.0011477782
13056000,0.00090451963,0.00037943252,0.018583197,0.0015655754,0.0005761739,0.0011208564
13064000,0.0008984874,0.0003742523,0.018465688,0.0016272635,0.00054115895,0.0010612562
13072000,0.000892828,0.00036877167,0.018351305,0.00159231,0.0004794194,0.0010090054
13080000,0.0008871832,0.0003629302,0.018239748,0.0015912335,0.00042980319,0.0009791246
13088000,0.0008818932,0.00035707932,0.018131483,0.0015934441,0.0004198671,0.0009739241
13096000,0.0008765849,0.00035139787,0.018025942,0.0015485336,0.00044002692,0.000885837
13104000,0.0008712036,0.0003458332,0.017921051,0.0015160982,0.00041690256,0.0008879801
13112000,0.0008659158,0.00034048883,0.01781892,0.0015124424,0.00045939296,0.0008198368
13120000,0.0008609243,0.0003353638,0.017719511,0.0015311117,0.00044141395,0.0008144834
13128000,0.0008564231,0.0003304086,0.017622985,0.0015727864,0.0004550965,0.0008308691
13136000,0.0008522469,0.00032558173,0.017529396,0.0015503264,0.00043851513,0.0008382401
13144000,0.00084798865,0.00032068478,0.017438587,0.0015064871,0.00042533313,0.0008352916
13152000,0.0008437318,0.00031584004,0.017283479,0.0015052371,0.00038832615,0.0008181971
13160000,0.00083974336,0.0003106542,0.017132701,0.0015018521,0.00033045845,0.0007876342
13168000,0.00083614746,0.00030541606,0.016985882,0.0015692078,0.00033165785,0.0007267536
13176000,0.0008332815,0.00030025118,0.016843041,0.0016096925,0.00033060493,0.00074007595
13184000,0.0008306615,0.0002952689,0.016704705,0.0015776257,0.00033060208,0.0007990402
13192000,0.00082792883,0.000290198,0.016570376,0.001540069,0.00028219554,0.00075731776
13200000,0.0008252879,0.00028496535,0.016423235,0.001529538,0.00026555735,0.00079389533
13208000,0.0008224909,0.00027990545,0.01628051,0.0014716688,0.00028724613,0.00080693536
13216000,0.0008195242,0.0002751423,0.016142035,0.0014270032,0.0003052989,0.0008024998
13224000,0.0008164675,0.00027073827,0.01600731,0.0014136579,0.00034713311,0.00074709207
13232000,0.0008136727,0.00026664961,0.015875844,0.0014347046,0.00037415893,0.0006586504
13240000,0.00081132044,0.0002629747,0.015747568,0.0014731602,0.00039097175,0.00059424783
13248000,0.00080939906,0.0002593288,0.015656166,0.0014560209,0.00036237328,0.000599935
13256000,0.0008073727,0.00025571315,0.015567465,0.0014385259,0.00034086336,0.0006105372
13264000,0.00080068404,0.00025037845,0.015478396,0.0014078673,0.00032177367,0.0005839962
13272000,0.00079413893,0.0002451561,0.01539193,0.0014081202,0.00032784772,0.0006279081
13280000,0.0007879412,0.00023978851,0.015308289,0.0014251802,0.00025875072,0.0006559754
13288000,0.00078204373,0.00023439487,0.015227259,0.0014201931,0.0002836033,0.00067065307
13296000,0.0007762376,0.00022942298,0.015148487,0.0013966734,0.00033299797,0.00062853337
13304000,0.00077075197,0.00022486839,0.015113614,0.0014331262,0.00033740417,0.0006252477
13312000,0.0007657901,0.00022026409,0.015079532,0.0014434163,0.00031737398,0.0005896845
13320000,0.00076089456,0.00021591906,0.015046389,0.0014235973,0.0003400208,0.00059445907
13328000,0.0007564153,0.00021187802,0.0150142135,0.0014638386,0.00037377607,0.0005770335
13336000,0.00075222226,0.00020813008,0.014982978,0.0014358464,0.00037991896,0.00059788313
13344000,0.0007479854,0.00020451494,0.014952881,0.0014093864,0.0003679454,0.00061193464
13352000,0.00074386835,0.00020071823,0.014910811,0.0013900562,0.00032394292,0.00055929896
13360000,0.00073974597,0.00019695108,0.014869767,0.001369552,0.00033174455,0.0005699178
13368000,0.00073565193,0.00019340697,0.01482997,0.0013273743,0.0003549611,0.0005412883
13376000,0.000731578,0.0001901701,0.014791071,0.0013227334,0.0003567647,0.00051598187
13384000,0.0007275623,0.00018676648,0.014753026,0.0012812483,0.00029355736,0.0004566848
13392000,0.00072355836,0.00018319256,0.014715839,0.0012761013,0.00030450246,0.00045169287
13400000,0.0007196878,0.00017985547,0.014686091,0.0012524022,0.00029947388,0.00042414162
13408000,0.0007158224,0.00017644654,0.0146570215,0.0012304161,0.00026339633,0.00041708848
13416000,0.0007121455,0.000172759,0.014629036,0.0012458069,0.00021582271,0.00046099478
13424000,0.0007086716,0.00016909091,0.014601942,0.0012082676,0.00021836473,0.00042527262
13432000,0.0007048266,0.00016545593,0.0145754805,0.0011309828,0.00021519914,0.00041161498
13440000,0.00070080097,0.0001619726,0.014549724,0.0010958149,0.00022560847,0.00040964314
13448000,0.0006967427,0.0001588409,0.014568017,0.0010761564,0.000277633,0.0003670387
13456000,0.00069270236,0.00015614332,0.014585277,0.00106192,0.00027086723,0.00029422998
13464000,0.00068877666,0.00015351512,0.014601625,0.0010761588,0.00026461255,0.0002471631
13472000,0.00068076624,0.00014957562,0.014613624,0.0010566516,0.00018137138,0.00021507246
13480000,0.0006725367,0.00014557944,0.014625057,0.0009676951,0.00021172958,0.00019385392
13488000,0.0006639384,0.00014182212,0.014636197,0.00091228937,0.00020768732,0.00021724474
13496000,0.00065541157,0.00013796677,0.014646941,0.0009281891,0.00016361402,0.00018125062
13504000,0.0006472065,0.0001338626,0.014638642,0.00091416284,0.00012659209,0.00013595136
13512000,0.00063920964,0.00012968756,0.01463008,0.0009220171,9.872356e-05,9.6084186e-05
13520000,0.0006314931,0.00012542112,0.014621713,0.0009188921,8.277276e-05,8.4813255e-05
13528000,0.000623945,0.000121065874,0.014613146,0.00091893587,5.3863154e-05,3.923018e-05
13536000,0.0006166366,0.00011648634,0.014604796,0.0009109475,7.19504e-06,5.374925e-05
13544000,0.00060968386,0.00011187465,0.014596783,0.00094856933,9.432417e-06,6.268294e-05
13552000,0.00060310354,0.00010740664,0.014603685,0.00092698954,1.1406944e-05,2.566837e-05
13560000,0.00059637835,0.00010302084,0.014610285,0.00087605364,-2.4963965e-06,4.1672058e-05
13568000,0.00058952393,9.863648e-05,0.0146167055,0.0008384009,-1.3710614e-05,2.4820332e-05
13576000,0.0005828378,9.436411e-05,0.01462275,0.00087625074,2.4594192e-05,1.5988799e-05
13584000,0.00057672535,9.046035e-05,0.014628508,0.000889058,3.8929622e-05,-1.7442782e-05
13592000,0.0005706777,8.683655e-05,0.014634071,0.0008724858,6.1546525e-05,3.1267908e-05
13600000,0.00056503905,8.3355866e-05,0.014593372,0.00091779407,4.318246e-05,8.098388e-05
13608000,0.0005598093,7.961101e-05,0.014553984,0.00091612595,-2.696529e-06,8.9089765e-05
13616000,0.00055450154,7.573221e-05,0.014515779,0.00085014396,-2.987745e-05,9.7978984e-05
13624000,0.0005490382,7.2009636e-05,0.01447866,0.00083228573,2.2685514e-05,7.779689e-05
13632000,0.0005435428,6.869425e-05,0.014442631,0.0007938816,2.9555746e-05,0.00011594171
13640000,0.0005379195,6.554979e-05,0.01440774,0.0007531415,6.1505474e-05,0.000107855434
13648000,0.0005322113,6.259378e-05,0.014399126,0.0007043188,3.8729748e-05,6.360849e-05
13656000,0.00052653445,5.9197733e-05,0.014390317,0.0007014445,-5.5492168e-05,-7.9767615e-06
13664000,0.00052100467,5.5516222e-05,0.014381364,0.0006691565,-4.057429e-05,-2.5499921e-05
13672000,0.00051567174,5.2017385e-05,0.014372502,0.00071477337,-2.9180428e-05,-4.3263113e-05
13680000,0.0005070401,4.7924346e-05,0.014363687,0.00070393365,-1.3129658e-05,3.1142295e-05
13688000,0.0004986634,4.392232e-05,0.014355362,0.00070574385,-2.426222e-05,1.9018089e-05
13696000,0.0004904882,3.9963998e-05,0.014347449,0.0007142793,-2.1157917e-05,8.763122e-05
13704000,0.00048287035,3.599775e-05,0.014297885,0.0007785951,-7.1154165e-05,0.00014473326
13712000,0.00047581567,3.1474832e-05,0.014250157,0.0007869083,-0.000156967,0.00019863546
13720000,0.0004687514,2.667285e-05,0.014204222,0.0007162148,-0.00017166522,0.00022761537
13728000,0.00046113718,2.1728463e-05,0.014159706,0.00061343506,-0.00020292136,0.00023388927
13736000,0.0004534345,1.7096529e-05,0.014116741,0.00062925386,-0.00013089886,0.0002871723
13744000,0.00044576745,1.2902682e-05,0.014075306,0.0005641754,-0.00011094476,0.00028037725
13752000,0.00043795095,8.879585e-06,0.01397555,0.00054609147,-0.00012601918,0.00025497185
13760000,0.00043032292,4.594348e-06,0.013878761,0.00055432203,-0.00016422766,0.000258248
13768000,0.00042282176,1.5671188e-07,0.013784547,0.0005029236,-0.00021624498,0.00021398746
13776000,0.00041502403,-4.6547702e-06,0.013692722,0.00046203294,-0.00025354078,0.00018695909
13784000,0.00040759722,-9.466219e-06,0.013603214,0.00050981366,-0.00024370104,0.0001172579
13792000,0.00040059432,-1.4071982e-05,0.013515757,0.00052933855,-0.00023648051,6.4896354e-05
13800000,0.00039368833,-1.8707087e-05,0.013470491,0.00048512002,-0.00026261478,8.62879e-05
13808000,0.00038668787,-2.3542387e-05,0.013426929,0.00045685918,-0.00029639006,0.00017253408
13816000,0.0003798146,-2.8284345e-05,0.013385393,0.00046189516,-0.0002606048,0.00025871146
13824000,0.00037323477,-3.263839e-05,0.013345421,0.00048501263,-0.00020746632,0.00026034596
13832000,0.00036705084,-3.6405418e-05,0.013306461,0.00050193147,-0.00015214634,0.00022375073
13840000,0.00036112173,-3.9897186e-05,0.013268502,0.00051563926,-0.00016380876,0.00023823691
13848000,0.00035557724,-4.3420467e-05,0.013228947,0.000548233,-0.00015482612,0.00026269638
13856000,0.0003504122,-4.672427e-05,0.01319078,0.0005694924,-0.00014308757,0.00028951062
13864000,0.0003455584,-4.9893064e-05,0.01315367,0.0005847909,-0.00011686696,0.00027629314
13872000,0.00034099494,-5.272013e-05,0.013117787,0.00058808253,-9.711704e-05,0.00027798183
13880000,0.00033670646,-5.538138e-05,0.013082625,0.0005958288,-8.6103784e-05,0.00021274388
13888000,0.00033008488,-5.784535e-05,0.013046699,0.00061166135,-4.917585e-05,0.00020041126
13896000,0.0003239246,-6.0328806e-05,0.013011788,0.0006388419,-0.000107697364,0.00019143776
13904000,0.00031795035,-6.306787e-05,0.012946298,0.00060135673,-0.000110810215,0.00017877638
13912000,0.00031206905,-6.550757e-05,0.012882821,0.00062372145,-6.4658205e-05,0.00023775968
13920000,0.00030652518,-6.751755e-05,0.012821641,0.0006407172,-1.931077e-05,0.00026652962
13928000,0.00030137473,-6.935739e-05,0.012762227,0.00063508085,-3.0146866e-05,0.00022259094
13936000,0.00029604242,-7.116042e-05,0.012704133,0.0005743919,-3.5085544e-05,0.0002071401
13944000,0.00029043312,-7.268714e-05,0.012647665,0.00051941455,1.5596297e-05,0.00016430063
13952000,0.00028462292,-7.4067204e-05,0.012644686,0.00047276233,1.0263604e-05,0.00016090911
13960000,0.00027878094,-7.538231e-05,0.012641812,0.00046324654,-4.5710717e-06,0.00013682178
13968000,0.00027294678,-7.686443e-05,0.012638824,0.0004229354,-2.5099805e-05,0.00010689386
13976000,0.0002670292,-7.84095e-05,0.012635816,0.0004125011,-5.2237752e-05,0.00011475856
13984000,0.00026131273,-8.011265e-05,0.012632926,0.0004116033,-7.968383e-05,0.00010636071
13992000,0.0002558293,-8.211966e-05,0.012630071,0.00042617152,-0.00012056296,7.630133e-05
14000000,0.00025067537,-8.4168845e-05,0.01269323,0.00044863383,-0.00012822985,6.335514e-05
14008000,0.00024571543,-8.646774e-05,0.012754621,0.00043404553,-0.00018430893,7.898347e-05
14016000,0.00024104828,-8.898893e-05,0.012814274,0.00046523497,-0.000202207,5.4877935e-05
14024000,0.00023664038,-9.1696566e-05,0.012872248,0.00047851042,-0.0002316666,8.622247e-05
14032000,0.0002326004,-9.433726e-05,0.012928867,0.0005047351,-0.00019982636,9.375626e-05
14040000,0.00022890177,-9.682441e-05,0.012983562,0.0005262384,-0.00023211219,2.1497779e-05
14048000,0.00022539415,-9.973607e-05,0.013058273,0.00048594686,-0.0002897247,7.881121e-05
14056000,0.00022136154,-0.00010298835,0.013131419,0.00043536455,-0.00034291923,0.00012333275
14064000,0.00021728841,-0.00010670911,0.013202467,0.0004268389,-0.0004221642,8.922704e-05
14072000,0.00021339682,-0.00011087182,0.013271486,0.00042142905,-0.00045088973,0.00010412576
14080000,0.00020982052,-0.00011506616,0.0133389635,0.00047180528,-0.00044476526,0.00016480555
14088000,0.00020660508,-0.00011912464,0.013404591,0.0004856281,-0.00042896916,0.00012715669
14096000,0.00020209124,-0.0001226133,0.013465878,0.00049773714,-0.00041332876,0.00018113363
14104000,0.00019764605,-0.00012618281,0.013498351,0.00046359026,-0.0004406698,0.00015572814
14112000,0.00019325184,-0.00012986528,0.013529837,0.00047571858,-0.00045294597,0.00015419678
14120000,0.0001892987,-0.00013367012,0.013560503,0.0005286967,-0.00050001586,0.00014862973
14128000,0.00018572058,-0.00013776202,0.013590237,0.00052935147,-0.00052300625,0.00014336355
14136000,0.00018237044,-0.00014211534,0.013619151,0.0005366761,-0.00056478236,0.00014957048
14144000,0.00017912785,-0.00014642828,0.013647325,0.0005221375,-0.00052916916,0.00012658522
14152000,0.00017593066,-0.00015039844,0.013807728,0.0004927762,-0.00048064868,0.00015371249
14160000,0.00017242081,-0.0001540635,0.013963968,0.00041843552,-0.0004830045,0.00020392658
14168000,0.00016867589,-0.00015768674,0.014115978,0.00040185326,-0.00046137525,0.00020385043
14176000,0.00016492221,-0.00016111604,0.014263818,0.0003668573,-0.00045754618,0.00021033171
14184000,0.00016110347,-0.00016456122,0.014407586,0.00035628572,-0.00045814874,0.00022877891
14192000,0.00015741655,-0.00016802046,0.014547609,0.0003580336,-0.00047300739,0.00026933147
14200000,0.00015354324,-0.00017135456,0.014717473,0.00026272464,-0.00044429072,0.0002574974
14208000,0.00014902877,-0.00017463841,0.014882421,0.00019366649,-0.00045872718,0.00022062758
14216000,0.00014437073,-0.00017802087,0.015042775,0.00016354784,-0.0004785029,0.00025607206
14224000,0.00013981469,-0.00018166342,0.015198726,0.00019407846,-0.0005302039,0.00025779064
14232000,0.00013554018,-0.00018553481,0.01535036,0.00019362076,-0.0005276212,0.00024652964
14240000,0.00013138138,-0.00018918297,0.015497681,0.00019756224,-0.00049877446,0.00025618167
14248000,0.00012750806,-0.00019246875,0.015687782,0.00021958248,-0.00044942138,0.00026041325
14256000,0.00012375729,-0.00019559517,0.015872477,0.00022922257,-0.00045480198,0.00023237022
14264000,0.000120124074,-0.00019865156,0.016052112,0.0002080762,-0.00043848337,0.00031018993
14272000,0.00011678292,-0.00020148205,0.016227445,0.0002654815,-0.0004134349,0.00038853384
14280000,0.00011375093,-0.00020432886,0.016398383,0.00025500843,-0.00044047498,0.00042522544
14288000,0.00011096006,-0.00020720145,0.016564801,0.00030141763,-0.00043008808,0.00045380444
14296000,0.000108930064,-0.0002100778,0.016726665,0.00039811988,-0.00044883575,0.00043632966
14304000,0.00010589188,-0.0002120103,0.016916092,0.00042350224,-0.00040285912,0.0004920082
14312000,0.0001032155,-0.0002136666,0.017100764,0.00044742256,-0.00039936914,0.0005484611
14320000,0.000100696634,-0.00021552538,0.017280506,0.0004470106,-0.0004437278,0.0005429474
14328000,9.8267104e-05,-0.00021730979,0.017454943,0.00041785935,-0.00039418973,0.00047286323
14336000,9.5883646e-05,-0.00021865702,0.017624134,0.00043692818,-0.00033080776,0.00043610903
14344000,9.40294e-05,-0.000219689,0.017788244,0.00049849605,-0.00031638087,0.00038762717
14352000,9.24711e-05,-0.00022073775,0.017913748,0.00048315327,-0.00034424438,0.00035778972
14360000,9.096296e-05,-0.00022188161,0.018035544,0.0004878175,-0.0003273876,0.0003244729
14368000,8.975975e-05,-0.0002227473,0.018153654,0.0005218235,-0.0002938977,0.00031521515
14376000,8.910334e-05,-0.00022356583,0.018268801,0.0005881197,-0.00031980913,0.00036586556
14384000,8.883358e-05,-0.00022449954,0.018381,0.00058559194,-0.0003252816,0.00038701436
14392000,8.872601e-05,-0.0002255762,0.018490152,0.00060598203,-0.00034102774,0.0003791354
14400000,8.8789435e-05,-0.00022648406,0.01857602,0.0005800432,-0.00030811675,0.00035894813
14408000,8.876199e-05,-0.00022727379,0.018659268,0.00057622336,-0.0003100757,0.00031989877
14416000,8.887247e-05,-0.00022823294,0.018740118,0.00057582936,-0.00033898102,0.00033536722
14424000,8.9118475e-05,-0.00022923289,0.018818937,0.0005805615,-0.00034623576,0.00036437088
14432000,8.962962e-05,-0.00023024948,0.018895986,0.00062252936,-0.00032053757,0.00044565916
14440000,9.0370246e-05,-0.00023098206,0.018971423,0.0005917863,-0.00029173767,0.0004739283
14448000,9.096159e-05,-0.00023136877,0.019061875,0.00057739584,-0.00023300364,0.00051987084
14456000,9.135969e-05,-0.00023164027,0.019150162,0.00053729274,-0.00028253844,0.0005217771
14464000,9.199763e-05,-0.00023232459,0.019235836,0.0005999819,-0.00032947917,0.00049417565
14472000,9.297578e-05,-0.0002333366,0.01931917,0.0006097401,-0.00035444886,0.00051395234
14480000,9.412824e-05,-0.00023440903,0.019400083,0.0006170521,-0.00037502736,0.00046098462
14488000,9.568711e-05,-0.00023560233,0.019478312,0.000670275,-0.00037640525,0.00040927113
14496000,9.748483e-05,-0.00023704366,0.019554378,0.00064718444,-0.00043953635,0.000448088
14504000,9.9009136e-05,-0.0002389386,0.019656785,0.0006069022,-0.0004760097,0.00040594334
14512000,9.935465e-05,-0.00023987805,0.019752556,0.00064927887,-0.00052274537,0.0004171328
14520000,9.9969395e-05,-0.00024109377,0.019845525,0.00064553594,-0.00053282763,0.00038016957
14528000,0.00010062954,-0.00024222942,0.019935735,0.00063697295,-0.00050891645,0.00037034074
14536000,0.000101242884,-0.0002433845,0.020023556,0.00060631084,-0.0005461572,0.0004206065
14544000,0.00010179326,-0.00024469764,0.02010911,0.00058618985,-0.0005153031,0.00042550635
14552000,0.00010220574,-0.0002454972,0.020150663,0.00057555217,-0.00044440248,0.0004372693
14560000,0.00010296232,-0.0002459545,0.02019103,0.0006079245,-0.00042233823,0.00041264505
14568000,0.00010401541,-0.00024658768,0.02023023,0.0006395682,-0.000492335,0.00043088914
14576000,0.00010540432,-0.00024762366,0.0202686,0.0006582368,-0.0004988594,0.00047471616
14584000,0.00010699259,-0.00024845047,0.02030635,0.00066884427,-0.00044236777,0.0005363292
14592000,0.00010883623,-0.00024882503,0.020343592,0.00069458754,-0.00039212158,0.00056966476
14600000,0.00011103006,-0.00024913557,0.020377396,0.0007360666,-0.0004232683,0.0005350736
14608000,0.00011367023,-0.0002497665,0.020410376,0.00078836735,-0.000477801,0.0005468067
14616000,0.00011693758,-0.00025063657,0.020442454,0.0008601733,-0.0004598753,0.0005550237
14624000,0.00012068431,-0.00025131518,0.020474007,0.0008641713,-0.00042591259,0.0006191131
14632000,0.00012433446,-0.0002518185,0.020504976,0.00083258783,-0.00043732164,0.00060743396
14640000,0.00012785067,-0.00025233367,0.020535246,0.0008167062,-0.00039806924,0.0006472163
14648000,0.00013146739,-0.00025256292,0.020645598,0.0008286685,-0.00038118588,0.00062998093
14656000,0.00013531953,-0.00025268164,0.020752832,0.0008514699,-0.00035336052,0.000613062
14664000,0.0001392273,-0.00025261697,0.020856893,0.0008163779,-0.00033728706,0.0005990844
14672000,0.00014298416,-0.00025237777,0.020958032,0.0008071533,-0.00031232688,0.0005850409
14680000,0.00014692222,-0.0002519412,0.021056391,0.00082057196,-0.00028684814,0.00061077403
14688000,0.00015087056,-0.0002514659,0.021152195,0.000812993,-0.0002807016,0.0006408085
14696000,0.00015518736,-0.00025109638,0.021245746,0.0008738963,-0.00032839357,0.00070029014
14704000,0.0001598643,-0.00025094184,0.021314854,0.00088947953,-0.0003186663,0.00074268697
14712000,0.00016473656,-0.0002509431,0.02138233,0.00089361187,-0.00036092466,0.00077934336
14720000,0.00016702908,-0.00024989602,0.021444557,0.0008790187,-0.00030713802,0.00078944635
14728000,0.00016932252,-0.00024843187,0.021505252,0.0008786952,-0.00026606047,0.0007962176
14736000,0.00017162699,-0.00024681172,0.021564411,0.00084732723,-0.0002464,0.0008205303
14744000,0.00017377446,-0.00024502745,0.021622008,0.00082923507,-0.00023132208,0.00078479474
14752000,0.0001760124,-0.00024326377,0.021728633,0.00083096756,-0.00022848044,0.0008141417
14760000,0.00017837327,-0.00024148435,0.021832248,0.0008374318,-0.00024854505,0.0007453778
14768000,0.00018095598,-0.00023994247,0.021932637,0.0008699993,-0.00025420106,0.0007183352
14776000,0.00018410977,-0.00023846328,0.022030292,0.0009212942,-0.00027127957,0.0007610126
14784000,0.00018731096,-0.00023714974,0.022125633,0.0008891278,-0.00028591292,0.00081206136
14792000,0.00019045762,-0.00023597339,0.022218587,0.000886609,-0.00029042762,0.000806519
14800000,0.00019373882,-0.00023466002,0.022337807,0.000876164,-0.0002465941,0.00076596875
14808000,0.00019701688,-0.0002328525,0.022453321,0.00087253895,-0.00017830261,0.00073680445
14816000,0.00020016612,-0.0002308635,0.022565363,0.0008245725,-0.00018766875,0.00068698573
14824000,0.00020328417,-0.00022904704,0.022674127,0.0008565169,-0.00019295189,0.0006854984
14832000,0.0002065486,-0.00022702591,0.022780012,0.0008109916,-0.00014649583,0.00072673644
14840000,0.00020969771,-0.00022481503,0.022883425,0.0008338665,-0.00014443867,0.00077225524
14848000,0.0002132847,-0.00022257677,0.02297446,0.00088055106,-0.00012572396,0.0007952867
14856000,0.00021699221,-0.00022033037,0.023063343,0.0008465564,-0.00011961109,0.0008424419
14864000,0.00022067172,-0.00021780135,0.023150133,0.00086058734,-6.517439e-05,0.00086979376
14872000,0.00022446607,-0.00021527823,0.023234444,0.0008536711,-0.00011079559,0.00080366636
14880000,0.00022838406,-0.00021292418,0.02331585,0.0008673745,-7.792491e-05,0.00072586496
14888000,0.00023252978,-0.00021038487,0.023394935,0.0008923473,-9.892581e-05,0.00077005214
14896000,0.00023683165,-0.00020803329,0.023472238,0.00089897437,-8.3447674e-05,0.0008289909
14904000,0.00024128465,-0.00020555046,0.023553893,0.0008975261,-8.5242566e-05,0.0008676458
14912000,0.0002458114,-0.00020324183,0.023633506,0.00091143476,-9.578598e-05,0.0008880316
14920000,0.0002505107,-0.00020086873,0.023711126,0.0009019045,-6.649027e-05,0.0008957246
14928000,0.00025133454,-0.00019736133,0.023780975,0.0008871924,-1.4674429e-05,0.00088856596
14936000,0.0002522257,-0.00019371678,0.023848696,0.00089959765,-2.5948782e-05,0.00085422554
14944000,0.00025316013,-0.00019034474,0.023914626,0.000862232,-4.8024267e-05,0.00087550166
14952000,0.0002539369,-0.00018701152,0.023993654,0.0008136335,-4.3302727e-05,0.00084424013
14960000,0.00025429734,-0.00018374591,0.02407048,0.0007627003,-4.5596185e-05,0.0008514687
14968000,0.00025460546,-0.00018041,0.024145303,0.0007487653,-2.5269243e-05,0.0008832598
14976000,0.00025473555,-0.00017680918,0.024218053,0.0006935007,3.6301804e-05,0.00081559207
14984000,0.000254647,-0.0001729416,0.02428844,0.00066610274,4.3672473e-05,0.0008208582
14992000,0.00025442627,-0.00016908057,0.024357168,0.0006512622,4.5145134e-05,0.0008466891
15000000,0.0002543127,-0.00016516972,0.024412518,0.0006435764,6.0920658e-05,0.0008841591
15008000,0.00025406425,-0.00016132426,0.024466531,0.00060701853,3.8512848e-05,0.00090332463
15016000,0.0002538259,-0.00015787235,0.024519537,0.00062266557,-1.768926e-05,0.00096154073
15024000,0.00025385135,-0.00015476513,0.024571493,0.0006366027,-5.4144482e-05,0.0009825286
15032000,0.00025403633,-0.00015199059,0.024622094,0.00064590527,-6.491146e-05,0.0009831674
15040000,0.00025440758,-0.00014920486,0.024671452,0.00065273495,-8.030883e-05,0.0009790742
15048000,0.00025489085,-0.00014653252,0.024786524,0.00064389675,-5.3905966e-05,0.0009892513
15056000,0.00025533687,-0.00014363033,0.0248984,0.0006332169,-5.0778046e-05,0.0009410461
15064000,0.00025587712,-0.00014091382,0.025006954,0.00065515813,-7.709849e-05,0.00093502644
15072000,0.00025666988,-0.00013823768,0.025112422,0.000654577,-5.3220687e-05,0.0009124447
15080000,0.00025758086,-0.00013558367,0.025214646,0.00067389477,-8.4291976e-05,0.0008392972
15088000,0.0002586151,-0.00013325148,0.025313659,0.0006589367,-0.000116114235,0.000815596
15096000,0.00025941373,-0.00013127777,0.02540961,0.0006019584,-0.00015729168,0.00074765756
15104000,0.00025997363,-0.00012961923,0.025500782,0.00057697226,-0.00019127541,0.00072138204
15112000,0.00026052564,-0.00012816921,0.025589364,0.0005627179,-0.00020333496,0.0007203142
15120000,0.00026096567,-0.00012667153,0.0256753,0.00053723174,-0.00017248906,0.0006905861
15128000,0.00026113677,-0.00012501238,0.025758725,0.0004738316,-0.00015394246,0.0006747773
15136000,0.00025708033,-0.00012346386,0.02583366,0.00044631792,-0.00015035021,0.0006298112
15144000,0.00025301526,-0.00012193134,0.02590627,0.000430136,-0.0001530832,0.00061691896
15152000,0.0002491045,-0.000120559074,0.025944987,0.00045575737,-0.00017630785,0.000618555
15160000,0.0002455375,-0.00011939143,0.025982453,0.0004656131,-0.00018566629,0.00058519735
15168000,0.00024201017,-0.00011811721,0.02601846,0.00045242763,-0.00014104355,0.000517459
15176000,0.00023848824,-0.00011644267,0.026053123,0.00042612187,-9.9610435e-05,0.00050078187
15184000,0.00023489482,-0.00011463375,0.026086627,0.00042366097,-8.796252e-05,0.00047244199
15192000,0.00023178148,-0.000113019254,0.026118942,0.00048804775,-0.00013388734,0.0004717283
15200000,0.0002290351,-0.00011139803,0.026155973,0.000490407,-9.651123e-05,0.00047329647
15208000,0.00022647427,-0.00010975038,0.026191661,0.00050866336,-0.000103821556,0.00042526517
15216000,0.00022412429,-0.00010813994,0.026225984,0.0005091452,-0.0001012999,0.00039489384
15224000,0.00022199603,-0.000106415675,0.026259042,0.00055430096,-6.309655e-05,0.00035225268
15232000,0.00022024072,-0.00010444396,0.026290862,0.00054103124,-4.3861768e-05,0.00034099398
15240000,0.00021827915,-0.0001024102,0.02632181,0.0004852633,-3.6950856e-05,0.0003476463
15248000,0.00021611608,-0.00010038437,0.026388634,0.00047681472,-3.9198454e-05,0.00032058472
15256000,0.00021388204,-9.850189e-05,0.026452987,0.00041749587,-9.977581e-05,0.0002324006
15264000,0.00021124839,-9.707871e-05,0.026514966,0.0003520963,-0.00012746383,0.00018833876
15272000,0.00020826899,-9.572316e-05,0.026574958,0.00032265365,-0.00012240026,0.00019450631
15280000,0.00020540784,-9.4500545e-05,0.026632857,0.0003331496,-0.00015694638,0.00012041151
15288000,0.00020251803,-9.3357776e-05,0.026688974,0.0002833455,-0.00012555045,0.0001632129
15296000,0.00019918411,-9.197271e-05,0.026743513,0.0002336509,-0.00010292876,0.00014619825
15304000,0.00019607527,-9.0639485e-05,0.02678634,0.00027283418,-0.0001176473,0.00016386359
15312000,0.0001931119,-8.932822e-05,0.02682815,0.00026842335,-9.764899e-05,0.00019637175
15320000,0.0001902383,-8.767787e-05,0.026868775,0.0002625423,-4.3693755e-05,0.0001951715
15328000,0.00018738816,-8.579555e-05,0.026908202,0.00024898117,-3.5452642e-05,0.00019399196
15336000,0.00018461721,-8.4017396e-05,0.026946345,0.00025996284,-4.2948013e-05,0.00018066703
15344000,0.00017937615,-8.250605e-05,0.026980024,0.0002531565,-3.325219e-05,0.00013425441
15352000,0.00017418573,-8.119003e-05,0.027019456,0.0002482676,-7.602133e-05,0.00010398173
15360000,0.00016908729,-8.008479e-05,0.027057432,0.00023104166,-7.888965e-05,7.971228e-05
15368000,0.00016386564,-7.911654e-05,0.027094096,0.00020354161,-0.000107175925,5.8804246e-05
15376000,0.00015867842,-7.824263e-05,0.0271294,0.00019230499,-7.7995224e-05,4.681541e-05
15384000,0.00015336681,-7.711719e-05,0.027163697,0.00014326104,-5.8007998e-05,5.47944e-05
15392000,0.00014795626,-7.5967306e-05,0.027196791,0.00013491588,-7.780745e-05,3.93522e-05
15400000,0.00014260455,-7.4871576e-05,0.027285684,0.00012311991,-5.1024428e-05,1.7344893e-05
15408000,0.0001372317,-7.373215e-05,0.027371952,0.00010209035,-7.28986e-05,5.728851e-05
15416000,0.00013167171,-7.271132e-05,0.027455945,4.84607e-05,-5.947423e-05,5.56083e-05
15424000,0.0001260185,-7.1618706e-05,0.027537365,4.484858e-05,-7.0208494e-05,5.502133e-05
15432000,0.00012021451,-7.066791e-05,0.02761641,-1.369438e-05,-7.7429446e-05,6.394222e-05
15440000,0.00011437201,-6.98542e-05,0.027693342,-1.6866361e-05,-0.00010023303,0.000109382156
15448000,0.000108332664,-6.929745e-05,0.027829545,-6.616259e-05,-0.00014815366,0.00015133483
15456000,0.00010219772,-6.87939e-05,0.027962085,-7.346709e-05,-0.000119953875,0.00018820979
15464000,9.631176e-05,-6.8412315e-05,0.028090933,-4.8543247e-05,-0.00017183686,0.00016714855
15472000,9.059068e-05,-6.827384e-05,0.028215794,-4.9951617e-05,-0.00018220358,0.00014044202
15480000,8.516635e-05,-6.83018e-05,0.028337063,2.0579018e-06,-0.00020511576,0.00017301306
15488000,8.0188154e-05,-6.857445e-05,0.028455017,8.957711e-06,-0.00024671853,0.00017110941
15496000,7.5313605e-05,-6.9073416e-05,0.028569384,2.226013e-05,-0.00025183728,0.0001503679
15504000,7.076801e-05,-6.97959e-05,0.028722946,6.185647e-05,-0.0002961653,0.00014790396
15512000,6.6660104e-05,-7.0838265e-05,0.028872019,8.5101434e-05,-0.00031708778,0.00014105941
15520000,6.273078e-05,-7.1929586e-05,0.029016502,0.00010104553,-0.00033202037,6.602417e-05
15528000,5.9295122e-05,-7.327602e-05,0.029156351,0.00015515045,-0.00035218344,5.129881e-05
15536000,5.5964785e-05,-7.464996e-05,0.029292345,0.000113543814,-0.00034579102,9.2498376e-05
15544000,5.2429186e-05,-7.588588e-05,0.029424813,9.649079e-05,-0.00031086605,0.00015498103
15552000,4.7627374e-05,-7.749123e-05,0.029606711,9.892872e-05,-0.00037250784,0.00013483557
15560000,4.3052347e-05,-7.9337944e-05,0.029783314,0.0001331231,-0.0003853355,0.00013337118
15568000,3.8889677e-05,-8.1418155e-05,0.029954672,0.00016160579,-0.0004098878,0.00010289121
15576000,3.497592e-05,-8.376739e-05,0.030121049,0.00016227286,-0.00044609763,0.0001194451
15584000,3.1187683e-05,-8.62032e-05,0.030282876,0.00015910131,-0.00043013252,0.00015143189
15592000,2.7557488e-05,-8.851046e-05,0.030440122,0.00018967615,-0.000415698,0.00015855595
15600000,2.4151797e-05,-9.0768546e-05,0.030604254,0.0001754289,-0.00042637426,0.00017342503
15608000,2.0614449e-05,-9.300788e-05,0.030763723,0.00013102569,-0.0003800746,0.00018224669
15616000,1.7052178e-05,-9.48452e-05,0.030918518,0.00012316211,-0.00036010347,0.00016394415
15624000,1.3336546e-05,-9.675839e-05,0.031069027,9.8829456e-05,-0.00036626926,0.0001960822
15632000,9.723524e-06,-9.86285e-05,0.031215282,8.5524094e-05,-0.0003541605,0.00018866184
15640000,6.104777e-06,-0.00010029565,0.031357132,0.000100363526,-0.00032159948,0.0001681106
15648000,2.9718578e-06,-0.00010175039,0.0315254,0.00014907007,-0.0002921159,0.00021297616
15656000,-5.938729e-09,-0.000103162965,0.03168913,0.00013081229,-0.000304925,0.00022397301
15664000,-2.8468396e-06,-0.00010474375,0.031848375,0.00013152926,-0.0003413552,0.0002758585
15672000,-5.7276e-06,-0.00010641745,0.032003313,0.00013104967,-0.00030573792,0.00028553026
15680000,-8.4716985e-06,-0.00010795833,0.032154053,0.00011357361,-0.00032618074,0.00032116548
15688000,-1.1155514e-05,-0.00010986034,0.032300778,0.00012500481,-0.00038446242,0.000370926
15696000,-1.3849828e-05,-0.000112006106,0.032443687,9.563858e-05,-0.00038316252,0.00042404616
15704000,-1.6508413e-05,-0.000114082504,0.032569222,9.348752e-05,-0.00037537425,0.00045185047
15712000,-1.9244037e-05,-0.00011622108,0.032691266,6.166613e-05,-0.00037992722,0.0004573427
15720000,-2.2012377e-05,-0.00011834067,0.032810062,6.698434e-05,-0.00038158978,0.00049583515
15728000,-2.4763278e-05,-0.000120696655,0.032925878,2.2793818e-05,-0.00043867325,0.00056751294
15736000,-2.7751175e-05,-0.00012341443,0.033038888,-8.3464556e-07,-0.00044900947,0.00059453846
15744000,-3.070578e-05,-0.000125998,0.033148713,2.9472903e-06,-0.00043987986,0.00057731644
15752000,-3.3637072e-05,-0.00012882141,0.03324913,-1.41301825e-05,-0.00047228255,0.00059269957
15760000,-3.6907262e-05,-0.0001311923,0.033343893,5.7458315e-06,-0.0005125932,0.00061348104
15768000,-3.9886425e-05,-0.00013392739,0.03343609,2.317172e-05,-0.0005488039,0.00063588127
15776000,-4.2741314e-05,-0.00013676332,0.03352596,2.3178243e-05,-0.0005361166,0.0006684983
15784000,-4.5302128e-05,-0.00013929658,0.03361334,6.1210456e-05,-0.00046800304,0.0006417623
15792000,-4.7611677e-05,-0.0001414723,0.033698026,6.3485466e-05,-0.0004627292,0.00061740086
15800000,-5.0110622e-05,-0.00014367285,0.033770822,6.00989e-06,-0.00046212602,0.00063366693
15808000,-5.2715834e-05,-0.00014576431,0.033841792,-5.68811e-06,-0.0004279968,0.0006613923
15816000,-5.5156186e-05,-0.0001478581,0.033910584,2.4888222e-05,-0.0004544183,0.00057560334
15824000,-5.741962e-05,-0.00015005158,0.03397669,3.4135748e-05,-0.00045463897,0.0005098174
15832000,-5.947014e-05,-0.000152373,0.034040682,4.003348e-05,-0.00047955368,0.0005084385
15840000,-6.171579e-05,-0.00015479261,0.03410296,-3.7251437e-05,-0.00047368417,0.00054159615
15848000,-6.4334374e-05,-0.00015723865,0.034183793,-7.9410354e-05,-0.0004978997,0.0005741593
15856000,-6.711679e-05,-0.00015991728,0.03426269,-7.2912786e-05,-0.00050235656,0.0006145796
15864000,-6.964021e-05,-0.00016274447,0.034339607,-6.582207e-05,-0.00054008304,0.0006532242
15872000,-7.2113966e-05,-0.00016579499,0.034414593,-6.0863298e-05,-0.0005546779,0.00067667424
15880000,-7.4360534e-05,-0.00016901952,0.034487538,-3.6799946e-05,-0.00059369695,0.000675288
15888000,-7.640274e-05,-0.00017249073,0.034558687,-5.7168323e-05,-0.0005950012,0.00074188085
15896000,-7.871338e-05,-0.00017614187,0.034628056,-9.022936e-05,-0.00064239855,0.000719498
15904000,-8.0937774e-05,-0.00018005965,0.03473878,-6.031088e-05,-0.0006607119,0.00069495867
15912000,-8.280254e-05,-0.0001840993,0.034846123,-3.0904495e-05,-0.0006588254,0.00066711905
15920000,-8.454514e-05,-0.00018811596,0.034950305,-5.975409e-05,-0.0006784122,0.00064094807
15928000,-8.650715e-05,-0.00019243265,0.03505148,-7.875185e-05,-0.00070302136,0.0006810177
15936000,-8.8272034e-05,-0.00019687583,0.03515013,-4.719957e-05,-0.00070854736,0.00070608116
15944000,-8.977746e-05,-0.00020146623,0.03524634,-1.5113335e-05,-0.00076476607,0.0007799765
15952000,-9.098562e-05,-0.00020640872,0.03523154,-8.084398e-06,-0.0007723267,0.00081583345
15960000,-9.2147464e-05,-0.00021157993,0.035217375,-2.4438708e-05,-0.0008229734,0.00083326444
15968000,-9.403156e-05,-0.00021559757,0.035200667,-2.2129392e-05,-0.00085565937,0.0008325389
15976000,-9.557063e-05,-0.0002198237,0.03518423,-9.195906e-06,-0.0008573886,0.000791989
15984000,-9.737487e-05,-0.00022405268,0.0351681,-6.920958e-05,-0.0008626928,0.0007737783
15992000,-9.94173e-05,-0.00022845407,0.035152335,-8.9613575e-05,-0.0008808275,0.00078756316
16000000,-0.000101729296,-0.00023292098,0.0351478,-0.00015488394,-0.0008877612,0.00080882397
16008000,-0.00010439737,-0.00023754229,0.035143282,-0.00021038933,-0.0009052431,0.00078089733
16016000,-0.00010726191,-0.00024216936,0.035138644,-0.00019487087,-0.0008820034,0.00074674824
16024000,-0.00010979876,-0.0002467974,0.035133976,-0.00018786865,-0.0009082115,0.0007464732
16032000,-0.00011255185,-0.00025170197,0.035129417,-0.00024828472,-0.0009272581,0.0007250399
16040000,-0.00011558373,-0.0002565382,0.035124686,-0.00025020493,-0.0008950431,0.0006867486
16048000,-0.00011846743,-0.0002613108,0.035135746,-0.0002566249,-0.0009157126,0.00073774694
16056000,-0.00012132533,-0.00026626122,0.03514642,-0.00024970993,-0.00092900504,0.0006777062
16064000,-0.00012407673,-0.0002714396,0.035156697,-0.00024161061,-0.00095471286,0.0007212769
16072000,-0.00012673503,-0.0002769237,0.035166707,-0.00024823437,-0.0010116772,0.0006629301
16080000,-0.00012920349,-0.00028267436,0.035176054,-0.00022528082,-0.001000085,0.00068051345
16088000,-0.00013169339,-0.00028813165,0.035185363,-0.00025973815,-0.00093715393,0.0006764646
16096000,-0.00013445898,-0.00029337697,0.035194248,-0.0002968264,-0.0009508803,0.0006756748
16104000,-0.00013734474,-0.0002989343,0.035184324,-0.0003005908,-0.0010258441,0.000722798
16112000,-0.0001402237,-0.0003051512,0.035174876,-0.0003339844,-0.001079734,0.00074991275
16120000,-0.00014324338,-0.0003115595,0.035165824,-0.00033812656,-0.0010806404,0.00074307673
16128000,-0.00014638044,-0.00031812268,0.035157137,-0.00036474943,-0.0011191241,0.000774202
16136000,-0.00014936319,-0.00032526345,0.03514874,-0.00032581706,-0.0012076766,0.000757575
16144000,-0.00015218266,-0.0003328112,0.035140477,-0.0003366334,-0.0012289808,0.0007572906
16152000,-0.00015520195,-0.00034052395,0.035113104,-0.0003793319,-0.0012228033,0.0007380724
16160000,-0.00015818766,-0.00034807515,0.035086326,-0.00036855674,-0.0012183134,0.00072414713
16168000,-0.00016136603,-0.00035580146,0.03506008,-0.00042212478,-0.0012418131,0.00068662193
16176000,-0.00016493122,-0.00036109186,0.03503122,-0.000366343,-0.0012778094,0.0007001311
16184000,-0.00016822625,-0.00036676545,0.035003275,-0.0003756038,-0.0013096917,0.0007240019
16192000,-0.00017139781,-0.0003726537,0.03497626,-0.0003431556,-0.0013180112,0.00074541115
16200000,-0.00017429012,-0.00037861918,0.03494712,-0.00033464044,-0.0013074584,0.0007353906
16208000,-0.00017705203,-0.00038454874,0.03491894,-0.00031083464,-0.001335501,0.0007810615
16216000,-0.00017956187,-0.00039072576,0.034892026,-0.00028549583,-0.0013095322,0.0008534257
16224000,-0.00018181567,-0.00039677095,0.03486616,-0.00027371105,-0.0013164298,0.00083999755
16232000,-0.00018401534,-0.00040283042,0.034840725,-0.00027583927,-0.0013014175,0.0007745019
16240000,-0.00018640836,-0.00040895032,0.03481538,-0.00032354431,-0.0013127797,0.0007098713
16248000,-0.00018893307,-0.0004151676,0.0348026,-0.0003245173,-0.0013180828,0.0007799997
16256000,-0.00019148637,-0.00042149794,0.034790564,-0.0003584373,-0.0013572533,0.00080489967
16264000,-0.0001940323,-0.0004281986,0.03477891,-0.00033292483,-0.0013683098,0.00079463917
16272000,-0.00019629672,-0.0004348586,0.03476738,-0.0002926631,-0.0013557235,0.00072866667
16280000,-0.00019834083,-0.0004414759,0.03475572,-0.00030157308,-0.0013472065,0.0007194238
16288000,-0.00020057157,-0.0004481281,0.034744475,-0.00033731206,-0.001341539,0.0007177005
16296000,-0.00020288459,-0.00045470143,0.03473323,-0.00034148674,-0.0013312832,0.0006606448
16304000,-0.00020544468,-0.00046121023,0.03473807,-0.00040931618,-0.0013128736,0.00063355075
16312000,-0.00020842135,-0.00046779742,0.034742855,-0.00044694715,-0.0013283908,0.0006821132
16320000,-0.00021150391,-0.00047436586,0.034747463,-0.00043636028,-0.0013249909,0.00060277374
16328000,-0.0002145169,-0.0004809983,0.034751482,-0.00044422972,-0.0013107724,0.0006107299
16336000,-0.00021752791,-0.0004875346,0.034755483,-0.0004589647,-0.001308848,0.00060688163
16344000,-0.00022075133,-0.0004943542,0.03475917,-0.00050294807,-0.001356709,0.00056409667
16352000,-0.00022405255,-0.0005012448,0.034711435,-0.00046693615,-0.0013126237,0.00055329636
16360000,-0.00022704373,-0.0005077918,0.03466515,-0.0004648902,-0.001276087,0.0005782805
16368000,-0.00023023848,-0.0005141609,0.034620453,-0.00050433836,-0.0012570209,0.0006370367
16376000,-0.0002335142,-0.0005206361,0.034577336,-0.0005031381,-0.0012798561,0.0006557773
16384000,-0.00023627929,-0.0005228694,0.03453224,-0.00049913174,-0.0012846859,0.0006575861
16392000,-0.0002389517,-0.0005253537,0.034488574,-0.00048294754,-0.0012981229,0.00070179236
16400000,-0.00024136406,-0.00052821176,0.034437858,-0.0004356382,-0.0013659929,0.00066808535
16408000,-0.00024367029,-0.00053167995,0.034388117,-0.00048376722,-0.0013979435,0.0006013457
16416000,-0.0002463427,-0.0005352942,0.034339767,-0.0005141096,-0.001408942,0.00066160614
16424000,-0.0002490105,-0.00053899625,0.034293026,-0.0004938553,-0.0013801947,0.0006458484
16432000,-0.00025153873,-0.0005425219,0.034247477,-0.00048573353,-0.0013550178,0.0006575852
16440000,-0.0002540562,-0.00054591475,0.03420313,-0.0005024991,-0.0013190773,0.0006125487
16448000,-0.0002567293,-0.0005489931,0.034176625,-0.0005243275,-0.0012736211,0.00059886544
16456000,-0.0002594725,-0.0005518754,0.03415044,-0.0005356166,-0.0012336186,0.0005213944
16464000,-0.00026265858,-0.0005548751,0.034124512,-0.0006335767,-0.001285013,0.00045833612
16472000,-0.00026632167,-0.0005581346,0.034098785,-0.0006570047,-0.0012617295,0.0004320983
16480000,-0.00027007423,-0.0005610482,0.034073737,-0.0006728756,-0.0012045627,0.00044496497
16488000,-0.00027393337,-0.0005637725,0.034049552,-0.00068691047,-0.0011819691,0.00047120967
16496000,-0.00027790116,-0.0005667145,0.034025755,-0.00069972605,-0.001236817,0.00039758792
16504000,-0.00028170604,-0.00056986604,0.034039013,-0.00066461903,-0.0012271886,0.00035589573
16512000,-0.0002855163,-0.0005729907,0.034051742,-0.00069289946,-0.001202278,0.00035829016
16520000,-0.0002894227,-0.00057600386,0.034063857,-0.0006859182,-0.0011769636,0.00031197356
16528000,-0.0002933093,-0.00057883246,0.034075383,-0.0007199045,-0.0011628836,0.00033631135
16536000,-0.00029749036,-0.00058166723,0.034086697,-0.00074924965,-0.0011465973,0.00033317498
16544000,-0.00030173082,-0.0005843918,0.0340974,-0.0007458124,-0.0011161282,0.00027304245
16552000,-0.00030601776,-0.0005869801,0.034125224,-0.0007506429,-0.0010833994,0.0003060172
16560000,-0.00031016796,-0.0005892876,0.034152422,-0.00074076024,-0.0010608878,0.00032552375
16568000,-0.00031448936,-0.0005918861,0.034179196,-0.0007853055,-0.0010952712,0.00037543557
16576000,-0.00031914993,-0.00059452344,0.034205098,-0.00081249437,-0.0010811479,0.00032633299
16584000,-0.0003238323,-0.00059721817,0.03423009,-0.0008323957,-0.0010904216,0.00034557158
16592000,-0.00032771062,-0.00059496134,0.034250632,-0.0008245709,-0.0010749099,0.00029505335
16600000,-0.00033140826,-0.0005926304,0.034291245,-0.000797941,-0.0010413933,0.00026688824
16608000,-0.00033499015,-0.00059002324,0.034330588,-0.00082696805,-0.0009938048,0.0002677742
16616000,-0.00033900727,-0.0005873681,0.034368612,-0.0008748115,-0.0009880441,0.00022329099
16628000,-0.00034301798,-0.0005848996,0.034404997,-0.0008282663,-0.0009984543,0.00016545826
16632000,-0.00034678262,-0.00058257044,0.034440048,-0.0008407134,-0.0010078612,0.00018214488
16640000,-0.00035078108,-0.0005807845,0.03447417,-0.00085512304,-0.0010809727,0.00016815272
16648000,-0.00035479217,-0.0005793345,0.034590565,-0.0008706045,-0.0010636671,0.000112614
16656000,-0.00035890192,-0.000578,0.03470339,-0.0008608156,-0.0010781217,0.00011783265
16664000,-0.00036282875,-0.000576726,0.034812912,-0.0008521507,-0.0010526773,0.00012288087
16672000,-0.00036699075,-0.000575686,0.034919623,-0.00089300127,-0.0011144989,0.0001958145
16680000,-0.00037133004,-0.00057504565,0.035023738,-0.0009088837,-0.0010952412,0.00022872111
16688000,-0.00037565106,-0.00057440053,0.03512484,-0.0008875392,-0.0011067925,0.00022210911
16696000,-0.00037981448,-0.00057377835,0.035223074,-0.000886413,-0.0010603553,0.00023954114
16704000,-0.00038423156,-0.0005728693,0.03532661,-0.00093125313,-0.0010064217,0.00026664187
16712000,-0.00038896003,-0.00057173957,0.03542725,-0.0009794014,-0.000988117,0.00027109904
16720000,-0.00039412532,-0.0005705368,0.035525296,-0.0010296174,-0.00096016546,0.00034147935
16728000,-0.00039958817,-0.00056920043,0.03562086,-0.0010482129,-0.000922201,0.0003594951
16736000,-0.00040505853,-0.00056790904,0.035713866,-0.0010375013,-0.0009525503,0.00036870028
16744000,-0.0004105049,-0.0005669855,0.035804138,-0.001033867,-0.0009758925,0.00035062263
16752000,-0.0004158344,-0.0005662271,0.035948858,-0.0010303168,-0.00097081135,0.00035170434
16760000,-0.00042106505,-0.0005655866,0.03608932,-0.0009885142,-0.00096801744,0.0003312129
16768000,-0.00042602903,-0.0005649967,0.036225863,-0.0009869786,-0.00096418156,0.00037152303
16776000,-0.0004312468,-0.0005645631,0.036358573,-0.0010198369,-0.0010021591,0.0003256208
16784000,-0.00043650356,-0.0005647207,0.036487278,-0.0010220866,-0.0010420183,0.00032353777
16792000,-0.00044182033,-0.0005648652,0.036612377,-0.0010287608,-0.0009983084,0.00033190302
16800000,-0.0004449971,-0.0005610183,0.03671388,-0.0010176841,-0.0010327136,0.0003956009
16808000,-0.00044810155,-0.00055748026,0.03681291,-0.0010102674,-0.0010434929,0.00040340258
16816000,-0.00045097564,-0.00055412116,0.0369087,-0.0009655011,-0.0010330656,0.00031880903
16824000,-0.00045373585,-0.00055088825,0.03700154,-0.0009558503,-0.0010313117,0.0003602798
16832000,-0.00045637405,-0.00054780254,0.037092265,-0.0009382245,-0.0010424147,0.0004325377
16840000,-0.00045901694,-0.0005450467,0.037180956,-0.00094340864,-0.0010513044,0.0004887752
16848000,-0.00046144435,-0.0005425181,0.037261765,-0.00089122605,-0.0010843177,0.0004509468
16856000,-0.00046367463,-0.0005403705,0.037339814,-0.00085832214,-0.0010821561,0.00038681153
16864000,-0.00046558463,-0.00053826225,0.03741536,-0.00085129985,-0.001063465,0.00038238234
16872000,-0.00046789064,-0.00053630595,0.037488624,-0.0009102397,-0.0010778921,0.00034474308
16880000,-0.00047030134,-0.0005346314,0.03755977,-0.0008928235,-0.0011113898,0.00038830822
16888000,-0.00047273276,-0.00053333177,0.037628975,-0.0008943726,-0.0011162134,0.00036205078
16896000,-0.00047523508,-0.0005321004,0.037696183,-0.00090183044,-0.0010970898,0.00038332824
16904000,-0.0004779798,-0.0005305742,0.037792515,-0.0009698733,-0.0009971096,0.00040907235
16912000,-0.00048113492,-0.0005284606,0.03788635,-0.0009738598,-0.00093350426,0.0004483729
16920000,-0.00048414373,-0.0005263968,0.03797766,-0.00094198564,-0.0009684667,0.00043581545
16928000,-0.00048696197,-0.00052447186,0.038066324,-0.0009003034,-0.00092522317,0.00044892833
16936000,-0.00048948644,-0.0005223799,0.03815241,-0.0008962208,-0.0008984131,0.00040839394
16944000,-0.00049197144,-0.0005203687,0.03823589,-0.0008664866,-0.00091515016,0.00041359675
16952000,-0.00049436,-0.0005185269,0.03826448,-0.00087081373,-0.0009128283,0.00040100559
16960000,-0.0004967418,-0.00051681837,0.038291983,-0.0008580451,-0.0009024278,0.00035728526
16968000,-0.0004990573,-0.00051522226,0.038318496,-0.0008368325,-0.00089484657,0.00035224494
16976000,-0.00050113676,-0.00051364343,0.038344197,-0.00081140257,-0.0009064693,0.00035730866
16984000,-0.0005031828,-0.0005123987,0.038368974,-0.0008141197,-0.0009105956,0.0003012348
16992000,-0.0005050779,-0.0005110519,0.03839281,-0.0007553022,-0.0008685969,0.00033693595
17000000,-0.0005065414,-0.00050974614,0.038438883,-0.0007234919,-0.0008783289,0.00041088602
17008000,-0.0005049638,-0.0005050798,0.03848115,-0.0007486046,-0.0008444741,0.0004398328
17016000,-0.0005035504,-0.0005002513,0.038521945,-0.00075356395,-0.0008123629,0.00037493245
17024000,-0.00050247787,-0.00049528707,0.03856126,-0.0008080811,-0.0007613114,0.00037585548
17032000,-0.00050156954,-0.00049018045,0.038599465,-0.0007738442,-0.0007288143,0.00037697822
17040000,-0.00050036516,-0.00048489316,0.038636383,-0.00073283684,-0.00067331706,0.00034075056
17048000,-0.00049909216,-0.00047925534,0.03874808,-0.00075101026,-0.00061575323,0.0003508243
17056000,-0.00049821293,-0.00047354063,0.038857117,-0.00079788,-0.0006033802,0.00045893868
17064000,-0.0004975057,-0.00046809213,0.038963288,-0.0007770418,-0.00064374186,0.00042296146
17072000,-0.00049644604,-0.00046293036,0.039066434,-0.0006920281,-0.00061890733,0.00047339677
17080000,-0.0004948727,-0.000457752,0.03916702,-0.00066001265,-0.00062281254,0.0005096341
17088000,-0.00049318216,-0.00045283764,0.039264914,-0.0006300151,-0.0006274042,0.00052209763
17096000,-0.00049135595,-0.00044785792,0.03936016,-0.00061585696,-0.00057501154,0.00054370903
17104000,-0.00048968935,-0.0004428065,0.039429873,-0.00065838936,-0.00057567284,0.0005508917
17112000,-0.00048838113,-0.00043788992,0.039497606,-0.00068487215,-0.0005543546,0.0005621908
17120000,-0.00048731454,-0.00043276875,0.039563727,-0.000704596,-0.0005086532,0.0006115432
17128000,-0.0004865276,-0.00042767846,0.039628062,-0.00073741545,-0.0005019446,0.00058344187
17136000,-0.00048583923,-0.00042239926,0.039690096,-0.000730057,-0.00043633615,0.00049183
17144000,-0.0004853112,-0.00041678557,0.039749946,-0.00074309635,-0.00038617756,0.00049708044
17152000,-0.0004847931,-0.00041099344,0.0397938,-0.00072780426,-0.00034795768,0.0004640496
17160000,-0.00048432162,-0.00040508722,0.039836194,-0.00073998614,-0.000323999,0.00048701628
17168000,-0.00048399187,-0.00039903168,0.039877694,-0.00076249527,-0.00027312193,0.00050225883
17176000,-0.00048375817,-0.00039259883,0.03991798,-0.00072646776,-0.00019843852,0.00052294397
17184000,-0.0004833146,-0.00038612654,0.03995746,-0.0007380276,-0.0002328377,0.0005484813
17192000,-0.00048328273,-0.0003799661,0.03999575,-0.0007860284,-0.00023732711,0.00053437724
17200000,-0.00048359192,-0.00037388076,0.03999557,-0.0008003148,-0.00020725295,0.0005458179
17208000,-0.00048397918,-0.00036770917,0.039995436,-0.000801174,-0.00019235254,0.0005368231
17216000,-0.0004817555,-0.00035872427,0.039992683,-0.00077137636,-0.00018198935,0.0005006347
17224000,-0.00047921072,-0.00034967044,0.03998982,-0.00070856255,-0.00013140707,0.00048487526
17232000,-0.0004766229,-0.00034043583,0.039987158,-0.00074362796,-9.534985e-05,0.00054816756
17240000,-0.00047409802,-0.00033112575,0.039984755,-0.000695654,-6.868766e-05,0.00052657834
17248000,-0.00047139562,-0.00032171255,0.04000734,-0.0006766828,-3.6778423e-05,0.0004723501
17256000,-0.00046880258,-0.00031226463,0.04002917,-0.0007137307,-1.5981237e-05,0.00048300825
17264000,-0.0004664362,-0.00030305097,0.040050548,-0.0006779626,-2.8778337e-05,0.00054070586
17272000,-0.00046345877,-0.00029393897,0.04007159,-0.00057898654,-1.01211235e-05,0.0005397979
17280000,-0.00046010234,-0.00028480912,0.040091857,-0.0005651987,4.1489116e-06,0.00052061374
17288000,-0.0004570557,-0.00027566985,0.04011152,-0.0006157985,4.7144833e-05,0.00052288
17296000,-0.00045405608,-0.00026634912,0.040130448,-0.0005739692,7.7133445e-05,0.0004952248
17304000,-0.00045122812,-0.00025707323,0.04017571,-0.00062884315,8.610787e-05,0.0005029506
17312000,-0.0004487714,-0.00024791638,0.04021985,-0.0006326465,7.07247e-05,0.000529142
17320000,-0.00044616163,-0.00023886419,0.04026298,-0.0005862717,0.000119670265,0.000582488
17328000,-0.00044326842,-0.00022969842,0.040305257,-0.0005514582,0.0001177271,0.0006132392
17336000,-0.00044045007,-0.00022054999,0.04034647,-0.0005721983,0.00016173997,0.0006333592
17344000,-0.00043781483,-0.00021094979,0.040386632,-0.0005814894,0.00026686216,0.0006165449
17352000,-0.00043550643,-0.00020068751,0.04035288,-0.00062800816,0.00035026667,0.0006426942
17360000,-0.00043336514,-0.00019006473,0.04032036,-0.0006089319,0.0003907577,0.00064673385
17368000,-0.0004313557,-0.00017957884,0.040288426,-0.0006430857,0.00036491748,0.00057367125
17376000,-0.000429728,-0.00016923844,0.04025692,-0.0006865679,0.0003985098,0.00054899376
17384000,-0.00042825186,-0.00015869703,0.04022632,-0.00066541595,0.00042169238,0.000570526
17392000,-0.00042693553,-0.00014820334,0.0401966,-0.0007009759,0.00043022144,0.0005619073
17400000,-0.00042608468,-0.00013783872,0.04007551,-0.0007624817,0.0004337301,0.00053346535
17408000,-0.00042562635,-0.00012745707,0.03995738,-0.00077551894,0.00046350545,0.00048050113
17416000,-0.0004253027,-0.00011699363,0.03984232,-0.00077554735,0.0004733416,0.00047399043
17424000,-0.0004229522,-0.00010585664,0.03972947,-0.0006977618,0.000468258,0.00039925711
17432000,-0.0004200489,-9.492764e-05,0.03961919,-0.000640034,0.00046942948,0.00033912552
17440000,-0.00041701275,-8.404484e-05,0.039511465,-0.0006157766,0.00047641908,0.00028549496
17448000,-0.00041390135,-7.320492e-05,0.03942202,-0.0006127275,0.00048372438,0.00023524331
17456000,-0.0004109054,-6.244355e-05,0.039334543,-0.00060825824,0.0005002788,0.00017233077
17464000,-0.0004076722,-5.1827697e-05,0.03924903,-0.0005534295,0.000497342,0.00013523026
17472000,-0.00040438163,-4.1104737e-05,0.03916584,-0.0005594597,0.0005466814,0.00015732062
17480000,-0.00040115562,-3.0170413e-05,0.039084643,-0.0005394723,0.0005884686,9.495916e-05
17488000,-0.00039779898,-1.9142173e-05,0.039005272,-0.00051085895,0.0005987438,7.337213e-05
17496000,-0.00039468866,-8.068617e-06,0.038928043,-0.00057268044,0.00062843977,0.000110013454
17504000,-0.00039190997,2.9469015e-06,0.038884263,-0.0005633107,0.00060892984,0.00012766354
17512000,-0.00038903864,1.3576946e-05,0.038841754,-0.0005418298,0.00060135545,0.00014921131
17520000,-0.00038607727,2.4113298e-05,0.038800288,-0.0005046909,0.0005892327,0.00010977288
17528000,-0.00038303944,3.4418772e-05,0.038759727,-0.00052012975,0.0005826664,0.00014376396
17536000,-0.00038034737,4.462034e-05,0.03872068,-0.0005499067,0.0005932628,0.00019208655
17544000,-0.00037784403,5.476187e-05,0.03868267,-0.00055776205,0.0005984969,0.00018524929
17552000,-0.0003753466,6.478587e-05,0.03868069,-0.0005069316,0.0006079653,0.00016459558
17560000,-0.000372478,7.496326e-05,0.03867872,-0.00046254203,0.0006462216,0.00018992458
17568000,-0.0003693541,8.512292e-05,0.038676657,-0.00042443175,0.0006428663,0.00017913785
17576000,-0.00036613297,9.520387e-05,0.038674414,-0.0004131953,0.0006471781,0.00012487646
17584000,-0.0003628745,0.00010498475,0.038671736,-0.00037237263,0.00060975936,0.00010061023
17592000,-0.0003593322,0.000114757975,0.03866902,-0.00036547196,0.0006717286,0.00011288719
17600000,-0.0003558203,0.00012486461,0.03861405,-0.00033533553,0.00070697605,0.0001199901
17608000,-0.00035239602,0.00013482686,0.038560428,-0.00037291885,0.0006754604,0.00010883241
17616000,-0.00034911936,0.00014451692,0.038508262,-0.00035355263,0.0006688332,0.000104912935
17624000,-0.00034621655,0.00015411728,0.03845726,-0.00043656604,0.0006775474,8.0473794e-05
17632000,-0.00034232673,0.00016209889,0.038408384,-0.00044810685,0.00070329534,0.000104843275
17640000,-0.00033841978,0.00017005843,0.038360722,-0.00040907552,0.00068872154,5.2958832e-05
17648000,-0.0003343475,0.00017780758,0.038261544,-0.00039228346,0.000687122,4.1540632e-05
17656000,-0.00033032068,0.0001856187,0.03816501,-0.00040325036,0.00073635404,1.5885467e-05
17664000,-0.00032655578,0.00019367547,0.038071103,-0.00040852933,0.00073170266,5.2650557e-05
17672000,-0.00032272475,0.00020146595,0.037980143,-0.0003752849,0.0007078651,9.8006145e-05
17680000,-0.00031869422,0.00020898496,0.03789184,-0.0003269144,0.00069598726,0.00012410246
17688000,-0.00031450877,0.00021650612,0.037805915,-0.00034343277,0.00072455645,6.824789e-05
17696000,-0.00031073787,0.00022393848,0.037722036,-0.000378907,0.00068414817,5.355697e-05
17704000,-0.0003072916,0.00023102922,0.037688345,-0.00039932487,0.00066594774,-5.0012964e-06
17712000,-0.00030420534,0.00023814614,0.03765529,-0.00045754347,0.0007322723,1.095884e-05
17720000,-0.00030164106,0.00024581424,0.037623357,-0.0004978217,0.0007791283,6.082554e-05
17728000,-0.0002996279,0.0002534577,0.03759244,-0.00058124086,0.00077294937,5.136725e-05
17736000,-0.00029815125,0.00026105117,0.037561897,-0.0005842983,0.0007856082,-2.9935121e-05
17744000,-0.00029658023,0.00026858394,0.037531562,-0.00057693024,0.00076999294,-8.782076e-05
17752000,-0.00029520012,0.00027575804,0.0374602,-0.0005632734,0.00070916134,-0.00013047655
17760000,-0.00029340692,0.00028242098,0.037390564,-0.00049249077,0.00066514354,-0.00013880283
17768000,-0.00029143415,0.00028877243,0.037322972,-0.0004827194,0.00067302596,-6.906984e-05
17776000,-0.0002895347,0.00029536537,0.037257425,-0.0004926492,0.0007181109,-8.550805e-05
17784000,-0.00028783744,0.00030202896,0.03719334,-0.00049770955,0.0007128943,-0.00012274345
17792000,-0.0002860307,0.00030855287,0.037130706,-0.00046189805,0.00069991173,-0.00014575933
17800000,-0.0002843138,0.00031478654,0.037059333,-0.00049975386,0.0006703777,-0.00014860168
17808000,-0.00028307003,0.00032107762,0.036989857,-0.00054429617,0.0007242278,-0.00012937025
17816000,-0.0002819805,0.00032750645,0.03692223,-0.00052640354,0.00071244576,-0.00016652074
17824000,-0.0002808694,0.00033371887,0.036856197,-0.00053225696,0.0006975406,-0.00016005995
17832000,-0.00027999995,0.00033983286,0.036791693,-0.0005445092,0.0006810557,-0.00022724978
17840000,-0.0002782816,0.00034271306,0.036729418,-0.0005527,0.00064286153,-0.00024615915
17848000,-0.00027689888,0.0003452992,0.036667485,-0.00059490505,0.00058927346,-0.00022880109
17856000,-0.00027571004,0.00034736682,0.036607057,-0.0005914829,0.00054522883,-0.0002731965
17864000,-0.0002746413,0.00034934742,0.036547884,-0.0005841779,0.0005465474,-0.00028742323
17872000,-0.00027369463,0.00035137858,0.03649047,-0.0006061698,0.00058797246,-0.00022444187
17880000,-0.0002728231,0.00035368628,0.03643484,-0.0005994498,0.0005941653,-0.00021547942
17888000,-0.00027222675,0.00035579453,0.03638073,-0.00064012426,0.0005516402,-0.00020244007
17896000,-0.00027183027,0.00035773806,0.036328167,-0.00061958126,0.00054723286,-0.00017771998
17904000,-0.00027142352,0.00035945018,0.03627865,-0.000623815,0.00052950386,-0.00018371338
17912000,-0.00027120693,0.00036115272,0.036230516,-0.0006614356,0.0005335647,-0.00012840917
17920000,-0.00027120378,0.00036311932,0.036184203,-0.00061763823,0.00060098374,-6.2631254e-05
17928000,-0.00027077802,0.00036538817,0.036139607,-0.0005776971,0.0006112037,1.1043161e-05
17936000,-0.00027030965,0.00036784608,0.03609675,-0.0005658136,0.00064947334,6.687333e-05
17944000,-0.00026975875,0.0003703688,0.036055468,-0.0005334598,0.0006431906,0.000113219525
17952000,-0.0002691787,0.00037297985,0.03599412,-0.0005553731,0.00066582445,9.058307e-05
17960000,-0.00026886282,0.00037570109,0.03593424,-0.0005700483,0.0006727203,6.16178e-05
17968000,-0.00026876593,0.00037826473,0.03587584,-0.0005899549,0.0006413981,6.1456485e-05
17976000,-0.0002687772,0.000380738,0.035818934,-0.000577403,0.0006602269,3.4431785e-05
17984000,-0.00026880315,0.00038324326,0.035763454,-0.00058813166,0.00062599714,3.185564e-05
17992000,-0.00026904407,0.00038526705,0.03570962,-0.00060798926,0.0005764877,6.6397784e-05
18000000,-0.00026967723,0.00038722507,0.035639174,-0.0006549261,0.0005988953,6.528973e-05
18008000,-0.00027062307,0.00038936446,0.035570685,-0.00067561876,0.0006225856,7.568634e-05
18016000,-0.00027187704,0.00039143747,0.03550425,-0.0007198702,0.00057686324,0.0001090457
18024000,-0.00027342833,0.00039332328,0.035440065,-0.0007284801,0.00059537473,0.00017715333
18032000,-0.00027523475,0.00039519588,0.035377983,-0.0007503912,0.0005671132,0.00018537509
18040000,-0.0002772378,0.0003970423,0.03531761,-0.0007690184,0.00059836096,0.00017943447
18048000,-0.0002777409,0.00039641294,0.035374165,-0.00073459005,0.00057174615,0.00022815037
18056000,-0.0002780197,0.00039589894,0.035429273,-0.0006853883,0.00062701275,0.00019377247
18064000,-0.00027820736,0.0003958335,0.035482496,-0.0006912362,0.0006679036,0.0001714752
18072000,-0.00027847604,0.0003961355,0.03553414,-0.0006772484,0.0007007505,0.00017242733
18080000,-0.00027853218,0.00039629993,0.035584524,-0.00062976626,0.0006429044,0.00021213813
18088000,-0.0002783975,0.00039631897,0.035633277,-0.00060683413,0.0006588673,0.00013332993
18096000,-0.00027811454,0.00039662662,0.03568033,-0.00058219663,0.00069171947,0.00015179081
18104000,-0.00027812383,0.00039697808,0.035724882,-0.00064475246,0.000683817,0.00011067142
18112000,-0.0002783987,0.0003973129,0.03576757,-0.00063547917,0.0006473811,5.2958738e-05
18120000,-0.00027863498,0.00039715623,0.035809085,-0.0006101369,0.00058384787,0.00010292833
18128000,-0.00027892427,0.00039677296,0.035849817,-0.0006505731,0.0005677252,0.00014511813
18136000,-0.00027943114,0.00039627508,0.03588944,-0.00061921496,0.00056986534,0.00013881427
18144000,-0.0002797918,0.00039587915,0.03592793,-0.0006095144,0.0005601421,0.00013127549
18152000,-0.00028015696,0.0003953227,0.03588305,-0.0006054054,0.00052535266,6.388833e-05
18160000,-0.00028072653,0.0003945436,0.03583898,-0.00063292496,0.00051607355,1.2065064e-05
18168000,-0.0002813788,0.00039389476,0.035795562,-0.0006183793,0.0005419443,-6.257157e-05
18176000,-0.00028217948,0.00039324764,0.03575296,-0.00064458454,0.00049365294,-7.5333504e-05
18184000,-0.000283115,0.00039210034,0.035711654,-0.00064345286,0.0004275146,-4.0867675e-05
18192000,-0.00028400111,0.00039082742,0.035671495,-0.0006120794,0.00045721984,-5.8511563e-05
18200000,-0.00028477827,0.00038961062,0.035656042,-0.00059473404,0.00042312793,-8.813355e-05
18208000,-0.0002855329,0.00038828622,0.035640877,-0.00061072496,0.0004194484,-6.6911765e-05
18216000,-0.0002864998,0.00038686578,0.035626058,-0.0006155823,0.00039989743,-0.00010897856
18224000,-0.0002875419,0.00038532255,0.035611298,-0.0006185641,0.00038487095,-0.00015312411
18232000,-0.00028858535,0.0003837844,0.035596564,-0.0005830443,0.0003741774,-0.00017131232
18240000,-0.00028940119,0.0003820551,0.03558207,-0.00058141287,0.00033938416,-0.0001822483
18248000,-0.00029036915,0.00038020095,0.03560165,-0.00058506266,0.00032023725,-0.00011738117
18256000,-0.00028909676,0.0003762035,0.035619844,-0.0005416937,0.00030500133,-8.976048e-05
18264000,-0.00028789198,0.00037244556,0.035637405,-0.0005853871,0.00034610732,-0.00011698293
18272000,-0.00028694008,0.00036893899,0.03565412,-0.00057782186,0.00035337187,-0.00014698996
18280000,-0.00028590436,0.00036553587,0.035670366,-0.00055642833,0.00037072063,-0.00012993194
18288000,-0.00028501925,0.000362473,0.03568589,-0.0005792441,0.00039730166,-0.00017392298
18296000,-0.00028411933,0.00035951714,0.03570061,-0.0005365011,0.00039396022,-0.0001957122
18304000,-0.00028287194,0.00035629215,0.035731513,-0.0004936801,0.00032752994,-0.00020045253
18312000,-0.0002817276,0.0003530772,0.035761442,-0.0005251051,0.00035743794,-0.00020081336
18320000,-0.00028082103,0.00035008896,0.035790514,-0.00052947144,0.00039967467,-0.00018184648
18328000,-0.00027997544,0.00034731108,0.03581874,-0.00052994373,0.000364595,-0.00018562301
18336000,-0.0002790926,0.00034446226,0.03584604,-0.0004979416,0.0003936081,-0.00019821546
18344000,-0.00027815887,0.000341917,0.035872273,-0.0004926364,0.00040560725,-0.00024704004
18352000,-0.0002772817,0.00033945972,0.035943706,-0.0005016649,0.00041196702,-0.00031959853
18360000,-0.00027638156,0.00033699258,0.036012888,-0.00047157938,0.00037331088,-0.00029502343
18368000,-0.00027535603,0.00033419605,0.036080353,-0.00045692347,0.00034052253,-0.00024001788
18376000,-0.00027429743,0.00033125817,0.036146156,-0.00042888086,0.00029414587,-0.00020964384
18384000,-0.0002731174,0.0003280033,0.036210127,-0.00042897175,0.00026909253,-0.00021287047
18392000,-0.00027200716,0.00032476938,0.0362722,-0.0004196174,0.00029047235,-0.00021469011
18400000,-0.0002708178,0.00032160166,0.036380086,-0.00039733335,0.00026340038,-0.00017763977
18408000,-0.0002696647,0.00031839873,0.036484968,-0.0004114738,0.00025897092,-0.00020921773
18416000,-0.00026889614,0.00031512906,0.036586445,-0.00047126753,0.00024249467,-0.0002539493
18424000,-0.0002682368,0.00031178663,0.036684707,-0.00042801857,0.00022490884,-0.0002702113
18432000,-0.00026724688,0.00030828995,0.03678009,-0.0003686215,0.00020579221,-0.00026578965
18440000,-0.00026604845,0.00030479842,0.036872894,-0.0003580337,0.00018457294,-0.00022791776
18448000,-0.0002647069,0.0003011996,0.037009243,-0.00033580035,0.0001829949,-0.00024508176
18456000,-0.0002635357,0.0002976572,0.037141517,-0.00036444468,0.00017469208,-0.00025227125
18464000,-0.0002602739,0.00029322522,0.037268244,-0.00032381728,0.00017929882,-0.00023617115
18472000,-0.00025695385,0.00028879812,0.03739173,-0.00033283193,0.00017412033,-0.0001630694
18480000,-0.00025356305,0.0002843733,0.037512116,-0.00029027814,0.00014975017,-0.000106803214
18488000,-0.0002503318,0.00027982754,0.037629522,-0.0003410603,0.00013315915,-7.0232316e-05
18496000,-0.00024742595,0.00027523655,0.0377436,-0.00035222937,0.00011104379,-7.402358e-05
18504000,-0.00024458926,0.0002705188,0.037868243,-0.00033784797,9.7951364e-05,-9.973466e-05
18512000,-0.00024165689,0.00026589434,0.037989356,-0.00032375258,0.00012211628,-3.5656245e-05
18520000,-0.00023896155,0.0002615064,0.0381074,-0.0003547798,0.00011351491,-4.7156227e-05
18528000,-0.00023649771,0.00025697862,0.038221605,-0.0003454737,0.00010444072,-0.00012299424
18536000,-0.00023387896,0.00025259235,0.038332056,-0.0003405775,0.00010486958,-0.00017293553
18544000,-0.00023153333,0.00024806708,0.038439102,-0.00035856667,7.83475e-05,-0.00016407031
18552000,-0.0002291889,0.00024354077,0.038473133,-0.00033863937,5.99579e-05,-0.00013698534
18560000,-0.00022684739,0.0002388869,0.03850622,-0.0003375336,3.6819045e-05,-0.00013490459
18568000,-0.00022455787,0.00023405688,0.038538303,-0.00032497643,6.318261e-06,-0.00013384203
18576000,-0.00022237924,0.0002290114,0.038569454,-0.00035475782,-3.47454e-05,-0.00012234745
18584000,-0.00022056159,0.00022368341,0.038600054,-0.0003913364,-7.2925504e-05,-3.194005e-05
18592000,-0.00021907774,0.00021818157,0.038630184,-0.00041345475,-0.00010457281,-3.07624e-05
18600000,-0.00021776298,0.0002125242,0.03866275,-0.00043737274,-0.00012238722,-2.8045142e-05
18608000,-0.00021694477,0.00020680545,0.038694445,-0.00051045377,-0.00015423184,-3.263107e-05
18616000,-0.00021656542,0.00020080646,0.038725264,-0.0005113557,-0.00018005531,5.2334167e-06
18624000,-0.00021609566,0.0001945539,0.038755376,-0.00047921482,-0.00024668695,1.621974e-05
18632000,-0.00021531293,0.00018811494,0.038784835,-0.00042130362,-0.00022505304,6.249394e-05
18640000,-0.0002142544,0.00018189116,0.0388137,-0.00039985118,-0.00024016738,8.8707966e-05
18648000,-0.00021323045,0.00017553296,0.038771857,-0.00041260975,-0.00025302428,0.00010149703
18656000,-0.00021244465,0.00016936134,0.038731232,-0.00044303172,-0.0002196292,0.00010721066
18664000,-0.00021182666,0.00016334713,0.03869141,-0.0004268878,-0.00025096102,3.438279e-05
18672000,-0.0002098326,0.00015667909,0.03865336,-0.00043657084,-0.00029824144,8.974929e-05
18680000,-0.0002078806,0.00014985345,0.038616568,-0.00041961757,-0.00034220528,9.0295594e-05
18688000,-0.00020599834,0.0001426786,0.038580723,-0.00041997206,-0.00038664098,7.404671e-05
18696000,-0.00020440799,0.00013554007,0.038545553,-0.00047912233,-0.0003348526,3.8015816e-05
18704000,-0.00020333151,0.00012864525,0.03850605,-0.00051624374,-0.00037436915,4.6316367e-05
18712000,-0.00020227396,0.00012149262,0.03846761,-0.0004709249,-0.0003884799,3.809925e-05
18720000,-0.00020109411,0.0001142992,0.03843009,-0.0004662976,-0.00039615593,2.143818e-05
18728000,-0.0001998516,0.00010725507,0.03839333,-0.00044080248,-0.00038159758,5.457323e-06
18736000,-0.00019848546,0.00010031718,0.038357336,-0.0004106383,-0.00038730726,-4.1514737e-05
18744000,-0.00019690681,9.3213246e-05,0.038322054,-0.00037367948,-0.0004344174,-4.629335e-05
18752000,-0.00019535821,8.584969e-05,0.038250886,-0.0003918354,-0.0004628084,-3.6167253e-06
18760000,-0.00019393372,7.8399076e-05,0.03818187,-0.0003919791,-0.00046644112,4.7276008e-06
18768000,-0.00019237681,7.105453e-05,0.038114924,-0.00033664124,-0.0004587857,4.312617e-05
18776000,-0.00019078229,6.37241e-05,0.038049877,-0.00036975808,-0.00046781838,3.240043e-05
18784000,-0.0001893396,5.6670255e-05,0.0379864,-0.00034535688,-0.00042361507,-5.2070936e-07
18792000,-0.00018774583,4.970849e-05,0.03792462,-0.00033251217,-0.00045107986,2.9738132e-05
18800000,-0.00018622493,4.232801e-05,0.037818577,-0.00031664275,-0.00052563543,-2.2363176e-05
18808000,-0.00018425199,3.462729e-05,0.037715282,-0.00021754383,-0.0005706871,-4.9003484e-07
18816000,-0.00018198692,2.6541897e-05,0.03761499,-0.00025350292,-0.0006061586,4.519834e-06
18824000,-0.00018011118,1.8358312e-05,0.037517313,-0.00026102996,-0.0006415083,-2.9639368e-06
18832000,-0.00017844599,9.847028e-06,0.037422366,-0.00030225143,-0.0006732492,-2.616438e-06
18840000,-0.0001770032,1.3143098e-06,0.03733001,-0.00029424002,-0.000668791,2.877414e-07
18848000,-0.000175648,-7.093497e-06,0.03724703,-0.00031213014,-0.0006564407,1.8310313e-05
18856000,-0.00017462778,-1.5197031e-05,0.037166327,-0.00034318955,-0.0006247395,1.6934904e-05
18864000,-0.00017368644,-2.335683e-05,0.037087828,-0.00033990043,-0.00068027875,1.2315917e-05
18872000,-0.00017284132,-3.2014334e-05,0.037011303,-0.00031526154,-0.0007362356,-1.277814e-05
18880000,-0.0001704216,-3.9553328e-05,0.036938623,-0.000287855,-0.00075416616,-6.4292244e-06
18888000,-0.00016824578,-4.707925e-05,0.036868222,-0.00033574406,-0.00072553044,6.7365836e-05
18896000,-0.00016642788,-5.4570875e-05,0.03680003,-0.0003636377,-0.00074779446,5.4032655e-05
18904000,-0.00016489672,-6.209004e-05,0.036692996,-0.00039300337,-0.00073942647,4.0652118e-05
18912000,-0.00016351911,-6.925063e-05,0.03658871,-0.00036838918,-0.0006850323,1.3943445e-05
18920000,-0.00016209329,-7.6089425e-05,0.036487132,-0.00036578166,-0.00065856345,-1.7286606e-05
18928000,-0.00016063267,-8.266997e-05,0.03638799,-0.00035369312,-0.00063072937,-3.624403e-05
18936000,-0.0001592764,-8.9058e-05,0.03629171,-0.0003637653,-0.0006176344,-5.977078e-06
18944000,-0.00015783103,-9.530331e-05,0.036198523,-0.0003324071,-0.00060114334,8.440419e-05
18952000,-0.00015652589,-0.00010165485,0.03605459,-0.0003523614,-0.0006661701,0.00011350043
18960000,-0.00015518977,-0.00010846381,0.035914324,-0.0003200969,-0.00070573593,3.093478e-05
18968000,-0.00015392015,-0.00011531966,0.035777483,-0.00035088146,-0.000707965,-7.726956e-06
18976000,-0.00015303594,-0.00012258127,0.035644095,-0.00039030059,-0.0008019202,-6.5009066e-05
18984000,-0.00015233998,-0.00013043206,0.035513986,-0.00038668513,-0.00085646444,-0.00010818289
18992000,-0.00015167533,-0.00013850232,0.03538719,-0.00038039745,-0.0008683691,-0.00012926706
19000000,-0.00015088348,-0.00014666273,0.03529263,-0.0003369161,-0.0008953569,-7.9727375e-05
19008000,-0.00014994355,-0.00015503862,0.03520078,-0.0003370693,-0.00091820426,-0.0001287191
19016000,-0.0001491897,-0.0001635015,0.035110887,-0.0003532511,-0.0009334131,-0.00018525429
19024000,-0.00014854626,-0.00017205716,0.035023265,-0.00035642314,-0.00095058035,-0.00017970975
19032000,-0.0001482087,-0.0001807829,0.0349382,-0.00041646324,-0.0009766154,-0.00013509514
19040000,-0.0001484203,-0.00018958165,0.03485562,-0.00045831132,-0.00099064,-0.00014207159
19048000,-0.0001487031,-0.0001984846,0.034873456,-0.00042509937,-0.0009827035,-0.00010283538
19056000,-0.00014878987,-0.00020689485,0.034891058,-0.00040787543,-0.00091629,-8.063403e-05
19064000,-0.00014881499,-0.00021526587,0.034907863,-0.00039273663,-0.00095905445,-0.00014573333
19072000,-0.00014882954,-0.00022390243,0.034923904,-0.00038034515,-0.0009886811,-0.00013142433
19080000,-0.00014877906,-0.0002324742,0.034939278,-0.00036553823,-0.0009579378,-0.00017802588
19088000,-0.00014746997,-0.00023809326,0.03495412,-0.00034302723,-0.0009534855,-0.00016657448
19096000,-0.00014616609,-0.00024360756,0.034968432,-0.00034457628,-0.0009349345,-0.00018803951
19104000,-0.00014493187,-0.00024909092,0.03497235,-0.0003363476,-0.00093203795,-0.00016969041
19112000,-0.00014370857,-0.00025481096,0.034976445,-0.00033098142,-0.0010079556,-0.00012064645
19120000,-0.00014251331,-0.0002609009,0.03498047,-0.00033145395,-0.0009979306,-0.00012399563
19128000,-0.0001416237,-0.00026690538,0.03498436,-0.000384466,-0.0010004007,-0.00012369757
19136000,-0.0001410018,-0.0002728165,0.034987953,-0.00038321604,-0.00097087334,-0.00015802502
19144000,-0.00014058838,-0.00027871065,0.034991138,-0.00040607937,-0.001003589,-0.00018026591
19152000,-0.00014014226,-0.0002848445,0.034953758,-0.00037332944,-0.0010194277,-0.00027254486
19160000,-0.00013967206,-0.00029102087,0.034916952,-0.00037863757,-0.0010165904,-0.00026632368
19168000,-0.00013935214,-0.00029729944,0.034881372,-0.00040257012,-0.0010404646,-0.00021467144
19176000,-0.00013930621,-0.00030369504,0.034846943,-0.00042593325,-0.0010427879,-0.00020786519
19184000,-0.00013938097,-0.00031028144,0.03481351,-0.00041826654,-0.001084074,-0.00020774866
19192000,-0.00013945061,-0.00031720658,0.034781016,-0.00039517495,-0.0011330628,-0.0001905008
19200000,-0.0001394053,-0.00032430823,0.03479035,-0.0003931682,-0.0011356439,-0.00018047846
19208000,-0.00013942063,-0.0003315564,0.03479942,-0.00038925125,-0.0011602388,-0.00018841011
19216000,-0.00013964632,-0.00033898253,0.034807704,-0.00043168134,-0.0011623629,-0.00028031386
19224000,-0.00014000516,-0.0003464985,0.034815352,-0.0004103049,-0.0012091068,-0.00028924324
19232000,-0.00014048074,-0.0003543287,0.03482275,-0.00043434624,-0.0012021651,-0.00026986536
19240000,-0.0001410804,-0.00036170625,0.03482963,-0.00044027853,-0.00113659,-0.00032405104
19248000,-0.00014183522,-0.00036867845,0.034930646,-0.00044848316,-0.0010822116,-0.00032926732
19256000,-0.00014264882,-0.00037558618,0.035028793,-0.00046716136,-0.0011232066,-0.00031041034
19264000,-0.00014363107,-0.00038285975,0.0351242,-0.0004583736,-0.0011503156,-0.00030069333
19272000,-0.00014443377,-0.000390251,0.03521709,-0.00042973598,-0.0011734894,-0.0002577367
19280000,-0.00014515076,-0.00039782474,0.035307463,-0.00041427577,-0.001186842,-0.00024052616
19288000,-0.00014593804,-0.00040566296,0.035395607,-0.00043737114,-0.0012366261,-0.00017604936
19296000,-0.0001457416,-0.00041000693,0.035480455,-0.00047607074,-0.0012921544,-0.00018807627
19304000,-0.0001457965,-0.0004147165,0.03559024,-0.00047366973,-0.0012769662,-0.00018690727
19312000,-0.00014589803,-0.00041925922,0.035696782,-0.00045378917,-0.0012571373,-0.00017387632
19320000,-0.00014577853,-0.0004236457,0.035800733,-0.00043136143,-0.0012323477,-0.00011766769
19328000,-0.00014542643,-0.0004280372,0.035902068,-0.00036914315,-0.0012419847,-6.369956e-05
19336000,-0.00014480267,-0.0004325349,0.036001015,-0.0003765075,-0.0012209704,3.8200496e-06
19344000,-0.00014467415,-0.00043665912,0.036097415,-0.00044491282,-0.001152446,-1.0923214e-05
19352000,-0.00014513856,-0.0004404972,0.036170498,-0.00051218574,-0.0011460683,6.6334496e-06
19360000,-0.00014618237,-0.00044447274,0.036241736,-0.00057477056,-0.0011631891,6.9834546e-06
19372000,-0.00014762749,-0.00044863456,0.036310818,-0.00059481803,-0.0011785978,2.8210948e-06
19376000,-0.00014916106,-0.00045288217,0.036378164,-0.00058448646,-0.0011767594,3.4429682e-05
19384000,-0.00015082172,-0.0004571197,0.03644378,-0.0006113768,-0.0011514451,6.015098e-05
19392000,-0.00015264335,-0.00046137086,0.036507946,-0.0006215932,-0.0011774235,0.000113357426
19400000,-0.00015455054,-0.0004657937,0.03659182,-0.0006089081,-0.0011812835,0.00013213165
19408000,-0.00015645663,-0.0004701825,0.03667368,-0.0006012801,-0.0011479821,0.00017345199
19416000,-0.00015864692,-0.00047452527,0.036753602,-0.00066959084,-0.0011637665,0.00020752264
19424000,-0.00016096188,-0.00047881363,0.03683159,-0.00061657676,-0.0011182126,0.0002515494
19432000,-0.00016309471,-0.00048292585,0.036907375,-0.0006293641,-0.0011056841,0.0001932248
19440000,-0.00016518931,-0.00048699652,0.036980815,-0.00056783884,-0.0011110852,0.0001993399
19448000,-0.00016689088,-0.00049117405,0.036953785,-0.00053329975,-0.001109188,0.00025417336
19456000,-0.00016824352,-0.0004953233,0.036927905,-0.00046834882,-0.0010928084,0.0002881915
19464000,-0.0001692616,-0.0004991933,0.036903106,-0.0004525539,-0.0010339029,0.00031982383
19472000,-0.00017051764,-0.00050294754,0.0368794,-0.00049113395,-0.0010713196,0.00037498152
19480000,-0.0001720158,-0.0005071411,0.03685688,-0.00051991036,-0.0011075856,0.00043228682
19488000,-0.00017366542,-0.00051133503,0.036835436,-0.00050075864,-0.0010550545,0.00046669625
19496000,-0.00017539856,-0.000515219,0.036814857,-0.0005372797,-0.0010387626,0.00048412028
19504000,-0.00017575719,-0.00051470846,0.036829922,-0.0005422457,-0.00106844,0.0005136083
19512000,-0.00017623573,-0.0005143125,0.036844734,-0.0005485917,-0.0010641284,0.0004724542
19524000,-0.0001767721,-0.0005140602,0.03685889,-0.00054278417,-0.0010713455,0.00049488095
19528000,-0.00017738988,-0.0005139124,0.03687316,-0.00054520735,-0.0010571728,0.000537665
19536000,-0.00017798001,-0.0005138217,0.036887255,-0.0005268364,-0.0010622987,0.0005334951
19544000,-0.00017852234,-0.0005138394,0.036900915,-0.0005172164,-0.0010540541,0.0005133477
19552000,-0.000178988,-0.00051399996,0.03692507,-0.00051236805,-0.0010744953,0.0005029121
19560000,-0.00018009127,-0.0005144896,0.036948655,-0.0006102394,-0.001111884,0.0005268258
19568000,-0.00018132653,-0.00051523774,0.036971748,-0.00055446295,-0.0011145714,0.0005138031
19576000,-0.00018210865,-0.00051599246,0.036994133,-0.0005036724,-0.0010844948,0.00051290763
19588000,-0.00018293704,-0.0005166596,0.03701612,-0.0005301591,-0.0010749348,0.0005486422
19592000,-0.00018399811,-0.0005174988,0.037037842,-0.00054408197,-0.0010942539,0.000560908
19600000,-0.00018500624,-0.000518679,0.0370389,-0.0005027801,-0.0011458836,0.00054985983
19608000,-0.00018576864,-0.0005203598,0.037040003,-0.00048417115,-0.0011678089,0.00055498193
19616000,-0.00018657027,-0.0005218402,0.03704101,-0.0004891554,-0.0011053948,0.0005258668
19624000,-0.00018768084,-0.0005229787,0.03704204,-0.00056161254,-0.0010319847,0.0005393963
19632000,-0.00018935463,-0.00052384957,0.03704316,-0.0005928354,-0.0010444314,0.00054190366
19640000,-0.00019128602,-0.0005248435,0.037044436,-0.00061953516,-0.0010203322,0.000568086
19648000,-0.00019344286,-0.00052581605,0.0370797,-0.00064266485,-0.0010260167,0.0005741036
19656000,-0.00019571386,-0.0005270691,0.037114095,-0.0006267189,-0.0010503362,0.0005834513
19664000,-0.00019783978,-0.00052838476,0.037147384,-0.0005832937,-0.0010302903,0.0005145713
19672000,-0.00019982539,-0.00052983814,0.037179526,-0.00059412525,-0.0010593791,0.00054454006
19680000,-0.00020208799,-0.0005313426,0.037211116,-0.00064258085,-0.0010179491,0.0005246389
19688000,-0.00020460098,-0.0005326929,0.03724174,-0.00062508706,-0.0010041058,0.00055623875
19696000,-0.00020696456,-0.0005340937,0.03727204,-0.0006026042,-0.0010096824,0.0006075649
19704000,-0.00020909845,-0.00053567335,0.037330948,-0.000557977,-0.0010244689,0.00061198516
19712000,-0.00020877212,-0.00053337764,0.037384287,-0.0005132495,-0.0010677789,0.00058667286
19720000,-0.00020812632,-0.00053134473,0.037435815,-0.00048746177,-0.0010684254,0.0005399566
19728000,-0.00020769043,-0.0005294787,0.037485912,-0.000528945,-0.0010632608,0.0005655453
19736000,-0.00020736738,-0.00052787043,0.03753477,-0.00049869117,-0.0011055274,0.00056245597
19744000,-0.00020711454,-0.0005266332,0.03758249,-0.00051644066,-0.0011177296,0.0005975114
19752000,-0.00020700505,-0.0005258048,0.037543472,-0.0005287869,-0.0011625141,0.00054514006
19760000,-0.00020684201,-0.0005251995,0.037505336,-0.0004895251,-0.0011504372,0.0005257232
19768000,-0.00020665914,-0.00052463805,0.037467994,-0.00050652033,-0.0011321123,0.00047477934
19776000,-0.00020671563,-0.0005240055,0.037431724,-0.0005282371,-0.0011091105,0.0004916056
19784000,-0.00020683419,-0.00052338914,0.037396643,-0.00049663987,-0.0010918232,0.0005118511
19792000,-0.00020669658,-0.000522781,0.03736263,-0.00046549627,-0.0010741795,0.00049043226
19800000,-0.00020668225,-0.00052197155,0.03733625,-0.00051082036,-0.0010193263,0.0004975912
19808000,-0.00020696758,-0.0005210723,0.03731078,-0.0004984079,-0.0010082695,0.00051097776
19816000,-0.0002073792,-0.00052008464,0.03728617,-0.0005456123,-0.0009819557,0.0005231458
19824000,-0.00020796506,-0.00051919406,0.037262447,-0.000521164,-0.0009946991,0.00053335837
19832000,-0.00020860216,-0.0005185715,0.03723947,-0.00055026414,-0.0009953678,0.00053135696
19840000,-0.00020954918,-0.0005179228,0.037217144,-0.00057498255,-0.0009708885,0.0005183349
19848000,-0.00021077979,-0.00051733234,0.037194,-0.00060466386,-0.0010002267,0.0005574894
19856000,-0.0002122972,-0.0005170828,0.037171982,-0.00063993066,-0.0010161062,0.00060860004
19864000,-0.00021396457,-0.0005170601,0.0371507,-0.0006359145,-0.0010091484,0.0005632379
19872000,-0.00021587356,-0.0005169528,0.03712961,-0.00068033155,-0.0009894258,0.00050849543
19880000,-0.00021813998,-0.0005170917,0.037109002,-0.0007073135,-0.001018601,0.00049343955
19888000,-0.00022062648,-0.00051746133,0.037089113,-0.00072571426,-0.0010246204,0.000564105
19896000,-0.00022335633,-0.0005180866,0.037070494,-0.00074259663,-0.0010642691,0.00061441195
19904000,-0.00022610713,-0.0005192189,0.037034936,-0.0007324501,-0.0011009284,0.00062076363
19912000,-0.0002288698,-0.0005207087,0.037000496,-0.0007113556,-0.0011339649,0.00060525903
19920000,-0.00022917049,-0.00051856233,0.03696536,-0.00066941284,-0.0011468764,0.000586498
19928000,-0.00022910732,-0.0005168309,0.03693102,-0.0006125061,-0.001176499,0.0005394691
19936000,-0.00022900694,-0.0005153573,0.03689713,-0.00062961003,-0.0011864542,0.00046398584
19944000,-0.0002290969,-0.00051442836,0.036863912,-0.0006334645,-0.0012608818,0.00043158833
19952000,-0.00022919134,-0.00051427726,0.03680439,-0.0006314902,-0.0013295683,0.000423844
19960000,-0.00022935477,-0.0005145805,0.036746364,-0.0006017246,-0.0013487702,0.00036277028
19968000,-0.00022929946,-0.0005151151,0.036689676,-0.0005775264,-0.001349713,0.0003612675
19976000,-0.00022924095,-0.0005158175,0.03663458,-0.00057589664,-0.0013285336,0.00034189256
19984000,-0.0002292171,-0.000516543,0.036581222,-0.00057129195,-0.0013444285,0.00040581904
19992000,-0.0002295169,-0.0005175175,0.036529608,-0.0006248738,-0.0013494805,0.00039656486
20000000,-0.00023008129,-0.0005186429,0.036465194,-0.00062758423,-0.0013401434,0.00042608677
20008000,-0.00023051772,-0.00052003126,0.03640271,-0.0005767264,-0.0013667004,0.0004259378
20016000,-0.00023085598,-0.00052138494,0.036342062,-0.0005822736,-0.0013007608,0.0004280975
20024000,-0.00023109246,-0.0005226063,0.036282994,-0.0005440346,-0.0013013143,0.0003681946
20032000,-0.00023134578,-0.0005239672,0.036225025,-0.0005429153,-0.0013097055,0.000297525
20040000,-0.00023173193,-0.00052565517,0.036168154,-0.0005825735,-0.0013216989,0.00022897625
20048000,-0.00023230157,-0.0005273535,0.036201905,-0.00055060815,-0.0012766824,0.00026585977
20056000,-0.00023260964,-0.0005288737,0.036234777,-0.0005063461,-0.0012688563,0.00024251117
20064000,-0.00023272903,-0.00053060777,0.036266588,-0.00050214434,-0.001283029,0.00023512304
20072000,-0.00023290805,-0.0005326114,0.036297448,-0.00048778945,-0.0012953969,0.00022016844
20080000,-0.00023301992,-0.0005349079,0.036327172,-0.0004584186,-0.0013326271,0.0001675009
20088000,-0.00023281114,-0.0005377177,0.036355738,-0.00040931423,-0.0013701397,0.00015090515
20096000,-0.00023238214,-0.00054061046,0.036383558,-0.00038731057,-0.0013342425,0.0001764216
20104000,-0.0002319238,-0.00054347666,0.03640957,-0.0003754919,-0.0013209771,0.00021115984
20112000,-0.00023143344,-0.00054620067,0.03643508,-0.00037168514,-0.0012740308,0.00024332605
20120000,-0.00023104444,-0.0005490188,0.03646023,-0.00037784994,-0.0013103198,0.00028870194
20128000,-0.00022822712,-0.00054802303,0.0364826,-0.00035685697,-0.0012779002,0.00022667558
20136000,-0.00022533344,-0.0005469351,0.03650372,-0.00034175528,-0.0012500675,0.00016737754
20144000,-0.00022256482,-0.0005458949,0.036523975,-0.00034496028,-0.0012525185,0.00013951542
20152000,-0.00021990084,-0.0005449813,0.036580253,-0.00036759957,-0.0012100805,0.00015138029
20160000,-0.00021739356,-0.0005438391,0.03663512,-0.0003405248,-0.0011739894,0.00018059528
20168000,-0.00021468334,-0.0005426866,0.03668865,-0.00031478467,-0.0011659404,0.00019347221
20176000,-0.00021191039,-0.00054177997,0.036740627,-0.00029511595,-0.0011872824,0.00017938226
20184000,-0.00020923965,-0.0005412766,0.03679118,-0.00032642222,-0.001214802,0.0002036027
20192000,-0.00020695556,-0.0005408264,0.03684083,-0.00035786635,-0.0011711913,0.0002807655
20200000,-0.00020479108,-0.0005402131,0.036898717,-0.00033177773,-0.0011128549,0.0002728365
20208000,-0.00020253728,-0.00053918216,0.03695533,-0.000325204,-0.0010508933,0.00034089675
20216000,-0.00020057113,-0.00053825777,0.037010472,-0.00038105136,-0.0010958109,0.00031174207
20224000,-0.00019908961,-0.0005375505,0.037063997,-0.00041738452,-0.001052822,0.00030582945
20232000,-0.00019774683,-0.00053684926,0.037116125,-0.00040256014,-0.0010640783,0.00033494885
20240000,-0.0001965542,-0.0005364804,0.037167203,-0.0004363871,-0.0011040124,0.00037910976
20248000,-0.00019562528,-0.0005365192,0.037213437,-0.0004402262,-0.0011185386,0.00042472506
20256000,-0.00019475867,-0.0005366583,0.03725899,-0.00042451636,-0.0010906374,0.00048974925
20264000,-0.00019361537,-0.0005366268,0.037303746,-0.00035693817,-0.0010472543,0.00053616875
20272000,-0.0001921752,-0.0005362462,0.037347656,-0.00034240927,-0.0009908192,0.0005568261
20280000,-0.00019070719,-0.00053604256,0.03739053,-0.00032396478,-0.001022686,0.0005659729
20288000,-0.00018932471,-0.0005360322,0.03743191,-0.00034519055,-0.0010213335,0.0004754903
20296000,-0.00018830625,-0.00053621666,0.037471823,-0.00039371438,-0.0010238461,0.00045522425
20304000,-0.00018749876,-0.000536553,0.037504192,-0.00037333666,-0.0010393314,0.0004696049
20312000,-0.00018664655,-0.0005372583,0.03753615,-0.00037914488,-0.001073725,0.00054372085
20320000,-0.00018598678,-0.00053848495,0.037567545,-0.00038723001,-0.0011245757,0.0005335577
20328000,-0.00018534849,-0.00053996965,0.037598137,-0.0003905057,-0.0011150216,0.00054487784
20336000,-0.000183023,-0.00053675036,0.03762603,-0.00037604602,-0.0010900726,0.0004947257
20344000,-0.00018048256,-0.0005335397,0.03765308,-0.00033788916,-0.0010923219,0.0005225785
20352000,-0.00017772165,-0.00053047895,0.037675023,-0.00029611966,-0.0010829077,0.00053522317
20360000,-0.00017493818,-0.0005276069,0.037696455,-0.00030630647,-0.0010679528,0.000563983
20368000,-0.00017240907,-0.000524685,0.037717856,-0.00033252884,-0.0010439699,0.0006283863
20376000,-0.00016995159,-0.0005217089,0.037739042,-0.000297842,-0.0009937623,0.000625876
20384000,-0.00016736751,-0.00051861774,0.037759606,-0.00027847124,-0.0009701729,0.00061478344
20392000,-0.00016464574,-0.0005153721,0.03777979,-0.00024771286,-0.0009201108,0.00063813245
20400000,-0.00016192395,-0.00051198393,0.037737172,-0.00026673326,-0.00089050556,0.000639347
20408000,-0.00015950145,-0.0005086815,0.037695922,-0.00028458316,-0.0008910222,0.00065450085
20416000,-0.00015727103,-0.0005056998,0.037655804,-0.00029811522,-0.00093089294,0.00060826086
20424000,-0.00015516336,-0.00050305773,0.03761662,-0.0002857843,-0.00092674675,0.00058046693
20432000,-0.0001530027,-0.00050059176,0.037578594,-0.00027947337,-0.0009264926,0.0005996541
20440000,-0.00015077033,-0.00049824856,0.03754172,-0.00023956217,-0.00093396625,0.000581627
20448000,-0.00014825286,-0.0004960907,0.03762307,-0.0001935259,-0.0009215792,0.0006098691
20456000,-0.00014549422,-0.00049391354,0.037702516,-0.00017221882,-0.00090823777,0.00065512053
20464000,-0.00014292679,-0.0004920888,0.03778009,-0.00019904826,-0.0009351594,0.00066587003
20472000,-0.0001405814,-0.00049040106,0.03785553,-0.00021754681,-0.0009328617,0.0006613264
20480000,-0.00013854583,-0.00048910186,0.03792931,-0.00024969722,-0.0009820666,0.00074796367
20488000,-0.0001366917,-0.00048817767,0.038001407,-0.00024759458,-0.000991085,0.0007113589
20496000,-0.00013477905,-0.0004874383,0.038071346,-0.00022020585,-0.0009980479,0.0007075251
20504000,-0.0001329414,-0.00048696535,0.03816066,-0.00025379763,-0.0010049063,0.0007435825
20512000,-0.00013134965,-0.00048655248,0.038247794,-0.00026598864,-0.0009763549,0.00075893814
20520000,-0.00012997809,-0.00048600783,0.03833268,-0.0002620584,-0.0009492588,0.00076542207
20528000,-0.00012873308,-0.0004854889,0.03841559,-0.0003063665,-0.0009336888,0.00082775584
20536000,-0.0001279851,-0.00048470992,0.038496774,-0.00035877235,-0.0008625897,0.0008734621
20544000,-0.00012634454,-0.0004798557,0.03857086,-0.00040875943,-0.0009020849,0.0008401402
20552000,-0.00012508158,-0.000475318,0.03863729,-0.00041666196,-0.00089827634,0.0008631893
20560000,-0.00012388956,-0.00047104366,0.038702365,-0.00040314475,-0.00090300955,0.00092105503
20568000,-0.00012231943,-0.00046699605,0.03876623,-0.00030778153,-0.0009150512,0.000980052
20576000,-0.00012057672,-0.00046311453,0.038828887,-0.0003612042,-0.0009014039,0.0010291601
20584000,-0.00011918024,-0.00045933915,0.038890395,-0.0003452164,-0.0008878797,0.0010798555
20592000,-0.000117646996,-0.0004556705,0.038950525,-0.00031892135,-0.0008916516,0.0010610175
20600000,-0.00011598861,-0.00045219794,0.038965873,-0.00029754644,-0.0008781775,0.0010857931
20608000,-0.00011444893,-0.00044864512,0.038981285,-0.0003163271,-0.000824564,0.0011184776
20616000,-0.00011298684,-0.00044488537,0.038997,-0.00030363744,-0.0007956432,0.001222385
20624000,-0.000111637135,-0.0004413774,0.039012954,-0.0003314531,-0.00084584695,0.0012055206
20632000,-0.000110724286,-0.00043839388,0.039028663,-0.0003801258,-0.00085353624,0.0012400182
20640000,-0.00011016701,-0.00043547375,0.03904433,-0.00040008538,-0.0008550152,0.00124135
20648000,-0.00010990144,-0.00043293164,0.0390227,-0.0004380666,-0.00087815174,0.0012497574
20656000,-0.000109998946,-0.00043056838,0.039001957,-0.00047218977,-0.00085524423,0.0012515731
20664000,-0.00011025727,-0.0004281801,0.038982056,-0.000457986,-0.0008538321,0.0012570892
20672000,-0.00011048762,-0.0004260702,0.03896292,-0.00044860432,-0.0008582807,0.0012411193
20680000,-0.00011069867,-0.00042374711,0.0389442,-0.00043141743,-0.00077071885,0.0011812265
20688000,-0.00011072803,-0.00042119704,0.038926374,-0.00039043024,-0.00077952194,0.0012615854
20696000,-0.00011047058,-0.000418886,0.038909603,-0.00034440248,-0.00077999086,0.0012788444
20704000,-0.00011007556,-0.00041675568,0.038873248,-0.00034165155,-0.00078452885,0.0012351105
20712000,-0.00011009074,-0.0004150855,0.03883795,-0.000431772,-0.00083200936,0.0012560829
20720000,-0.00011072835,-0.0004134388,0.038803864,-0.0004681031,-0.0007858467,0.0012172285
20728000,-0.000111425026,-0.00041204356,0.038770504,-0.00042782899,-0.0008351994,0.0011657195
20736000,-0.0001120502,-0.00041099865,0.038738146,-0.0004383568,-0.00083828374,0.0011551104
20744000,-0.00011279884,-0.0004100388,0.038706686,-0.0004388565,-0.0008201131,0.0011401796
20752000,-0.0001124312,-0.0004055534,0.038755573,-0.00044059296,-0.00080936326,0.0011473307
20760000,-0.00011240492,-0.00040135422,0.038803227,-0.0004683412,-0.00083569693,0.0011501763
20768000,-0.000112369875,-0.00039740323,0.038849622,-0.00043319268,-0.00082548073,0.0011340654
20776000,-0.00011224816,-0.0003936163,0.03889518,-0.00044326985,-0.00083541876,0.0012030569
20784000,-0.00011222371,-0.00039019436,0.03893994,-0.00042485338,-0.00085915474,0.0012164324
20792000,-0.00011236893,-0.0003869405,0.03898367,-0.00047045443,-0.0008181223,0.001212678
20800000,-0.00011305267,-0.00038351092,0.039026383,-0.00052458607,-0.00079240487,0.0012507794
20808000,-0.000113847505,-0.0003801963,0.039068386,-0.0004980943,-0.0008014889,0.0012833509
20816000,-0.000114606264,-0.00037726454,0.039109524,-0.0004964359,-0.0008397212,0.0012721868
20824000,-0.000115745235,-0.00037462258,0.039149348,-0.00057245255,-0.0008261008,0.0011906029
20832000,-0.00011729546,-0.00037204445,0.03918805,-0.0005685701,-0.000803704,0.0012378579
20840000,-0.000118782,-0.00036947484,0.039226357,-0.00055079546,-0.00080983207,0.0012899186
20848000,-0.00012010648,-0.00036724145,0.03921586,-0.0005147728,-0.00083299127,0.0013487095
20856000,-0.0001213587,-0.0003651491,0.03920625,-0.0005204841,-0.00080051913,0.0013897907
20864000,-0.00012263455,-0.0003633084,0.039197326,-0.00048210542,-0.00086117786,0.001388979
20872000,-0.00012362679,-0.00036186056,0.039189063,-0.00045281104,-0.0008477847,0.0014001427
20880000,-0.00012461375,-0.00036056808,0.03918094,-0.00045994358,-0.000878831,0.0013368888
20888000,-0.00012580141,-0.00035976098,0.03917288,-0.00048470005,-0.0009161166,0.00129089
20896000,-0.00012714369,-0.00035929988,0.03916493,-0.0004898028,-0.00093350833,0.0012437031
20904000,-0.00012843784,-0.00035917587,0.039111115,-0.000452898,-0.00095264916,0.0012526594
20912000,-0.00012963956,-0.00035941036,0.03905905,-0.00043845153,-0.0009915825,0.0012215711
20920000,-0.00013095685,-0.00035977137,0.03900835,-0.0004887967,-0.0009419303,0.0011962047
20928000,-0.0001326748,-0.00036000763,0.038959235,-0.00050039095,-0.0009266602,0.0012118882
20936000,-0.00013443438,-0.00036025606,0.03891196,-0.0005096447,-0.0009300514,0.001251241
20944000,-0.00013652034,-0.00036087725,0.03886637,-0.00054109044,-0.0009451044,0.0012273835
20952000,-0.0001387798,-0.00036165575,0.03879393,-0.0005518889,-0.00094656646,0.0012324033
20960000,-0.00013941576,-0.0003593933,0.038718697,-0.0005405698,-0.0009411989,0.0012667186
20968000,-0.00013989845,-0.0003572805,0.038645975,-0.00049284106,-0.00093330943,0.0012793931
20976000,-0.00013988826,-0.00035523047,0.038575586,-0.0004219528,-0.0009158235,0.0012984838
20984000,-0.00013975166,-0.00035326797,0.038507547,-0.0004333336,-0.000913711,0.0012968656
20992000,-0.0001399118,-0.00035148283,0.038441762,-0.00046633047,-0.0008936991,0.0013393048
21000000,-0.00014034958,-0.00034962263,0.038383193,-0.0004787053,-0.0008729235,0.0013645132
21008000,-0.00014070801,-0.00034783635,0.038326558,-0.00043444335,-0.0008527245,0.001360524
21016000,-0.00014096031,-0.00034596684,0.03827192,-0.00043203306,-0.0008304723,0.0013841438
21024000,-0.00014143066,-0.0003441338,0.038218822,-0.00048663947,-0.00079774956,0.0013273654
21032000,-0.00014220978,-0.00034228168,0.038167328,-0.0004826253,-0.0008092472,0.0013544849
21040000,-0.0001430371,-0.0003406326,0.03811762,-0.00048473658,-0.0007965336,0.0013391633
21048000,-0.00014389303,-0.00033908128,0.038049027,-0.0004613839,-0.00077946193,0.0013114116
21056000,-0.00014470592,-0.00033747026,0.037982695,-0.00047041886,-0.0007469929,0.0013300072
21064000,-0.00014557941,-0.00033584,0.037918143,-0.00045617064,-0.0007490865,0.0012568141
21072000,-0.00014619388,-0.00033443578,0.037855443,-0.0003899171,-0.0007533821,0.001299621
21080000,-0.00014660912,-0.00033314436,0.037795313,-0.00040379816,-0.00073791004,0.0013662417
21088000,-0.00014745159,-0.00033192238,0.03773735,-0.0004696659,-0.0007402314,0.0013740603
21096000,-0.00014846196,-0.0003309374,0.037681147,-0.00041896547,-0.00075977395,0.0013384698
21104000,-0.00014915588,-0.0003302104,0.037637983,-0.00037854648,-0.000764819,0.001344831
21112000,-0.00014948046,-0.0003296419,0.037596356,-0.00033929115,-0.0007669004,0.0013381601
21120000,-0.0001498835,-0.00032929296,0.037556242,-0.0003695032,-0.00078774616,0.0013835897
21128000,-0.00015045828,-0.00032899017,0.037517797,-0.00035553824,-0.00071966427,0.0014132243
21136000,-0.0001508665,-0.00032844098,0.03748099,-0.00032905853,-0.00072475104,0.0014452714
21144000,-0.00015108257,-0.0003280639,0.037445612,-0.000289225,-0.00069759536,0.0014535069
21152000,-0.0001509978,-0.00032745436,0.03746741,-0.0002396156,-0.0006684981,0.0014231581
21160000,-0.00015081093,-0.00032709763,0.037488893,-0.0002448196,-0.0006942981,0.001475158
21168000,-0.00014834154,-0.00032320258,0.037503067,-0.00021651761,-0.00064555655,0.0014490815
21176000,-0.0001456727,-0.00031915886,0.03751689,-0.00016306915,-0.0006103984,0.0014525636
21184000,-0.00014296024,-0.00031481503,0.03753053,-0.00018541068,-0.0005339924,0.0014276211
21192000,-0.0001404169,-0.00031028822,0.03754376,-0.00019176787,-0.00052728935,0.0013831803
21200000,-0.00013791074,-0.0003059687,0.037560273,-0.00016063836,-0.00052939914,0.0013995938
21208000,-0.00013529442,-0.0003018568,0.037576545,-0.0001735546,-0.00054247444,0.0013673373
21216000,-0.00013289004,-0.0002981347,0.037592217,-0.00018763501,-0.00056955894,0.0013252405
21224000,-0.00013105488,-0.0002944368,0.03760746,-0.0002839934,-0.0005323811,0.0012925755
21232000,-0.00012957602,-0.0002908845,0.037622325,-0.00025937622,-0.00054984936,0.0012833171
21240000,-0.00012810591,-0.00028752082,0.037636764,-0.00027423934,-0.0005516183,0.0012392215
21248000,-0.00012677282,-0.00028439064,0.03761167,-0.00026394997,-0.0005673031,0.0011701909
21256000,-0.00012541078,-0.0002814012,0.037587043,-0.00027781943,-0.0005329328,0.0011566168
21264000,-0.00012439788,-0.00027828393,0.03756335,-0.0003117434,-0.0005156236,0.0011497895
21272000,-0.00012361049,-0.00027539628,0.037540246,-0.0003012165,-0.00054947485,0.001088549
21280000,-0.0001225112,-0.00027280432,0.037517764,-0.000257582,-0.00054057664,0.0010995095
21288000,-0.00012134347,-0.0002700652,0.037496094,-0.0002442067,-0.0004895056,0.0010737949
21296000,-0.00012010354,-0.00026730224,0.037475437,-0.00024254553,-0.00049853337,0.0011591342
21304000,-0.00011892828,-0.000264807,0.037434716,-0.00021725449,-0.00053424836,0.0011840448
21312000,-0.00011754897,-0.00026286242,0.037395407,-0.00018435686,-0.0005822495,0.001172274
21320000,-0.000115807,-0.0002612797,0.03735716,-0.00013031498,-0.0005860251,0.0011207947
21328000,-0.000113870825,-0.0002598622,0.037320025,-0.00011334539,-0.0006042104,0.0011380165
21336000,-0.00011198598,-0.000258578,0.037284415,-0.00013921782,-0.0005698319,0.0011604363
21344000,-0.000110264715,-0.00025705158,0.037250113,-0.00011317039,-0.00053620397,0.0011789477
21352000,-0.00010819064,-0.00025559336,0.03715463,-4.796172e-05,-0.0005402284,0.0011751889
21360000,-0.00010561005,-0.0002542335,0.037062,2.8295151e-05,-0.00053005037,0.0011652756
21368000,-0.000102731094,-0.0002529634,0.036972016,2.0323816e-05,-0.0005283705,0.0011312196
21376000,-9.84603e-05,-0.00024878126,0.03687983,2.4087887e-05,-0.00051931036,0.0011596663
21384000,-9.43771e-05,-0.0002447952,0.03679041,-1.3112168e-05,-0.000551752,0.00111919
21392000,-9.06549e-05,-0.00024141138,0.03670352,-4.282724e-05,-0.00061465136,0.0011113831
21400000,-8.710068e-05,-0.00023846483,0.0366449,-6.3148786e-05,-0.0006131275,0.0010791598
21408000,-8.3803825e-05,-0.00023543843,0.036587976,-6.1027928e-05,-0.0005654346,0.0010714908
21416000,-8.040802e-05,-0.0002322612,0.036532678,-3.267777e-05,-0.0005474463,0.0010404086
21424000,-7.685512e-05,-0.00022936944,0.036478993,-2.8312193e-06,-0.00057814515,0.001033045
21432000,-7.333556e-05,-0.00022675193,0.03642679,-2.041387e-05,-0.00058100506,0.0009870348
21440000,-7.023048e-05,-0.00022439042,0.036375854,-9.554563e-05,-0.0006200515,0.0009645977
21448000,-6.767917e-05,-0.00022241942,0.036375683,-0.00013226386,-0.00063033385,0.0009951562
21456000,-6.533223e-05,-0.00022066363,0.03637568,-0.000120530836,-0.00063372107,0.0009985224
21464000,-6.284627e-05,-0.00021894103,0.036376093,-8.7358814e-05,-0.0006105172,0.0010348911
21472000,-6.0192375e-05,-0.00021742232,0.03637664,-6.935021e-05,-0.0006532917,0.0009927804
21480000,-5.7598103e-05,-0.00021626188,0.03637731,-7.869501e-05,-0.0006676312,0.0010278446
21488000,-5.511806e-05,-0.00021523998,0.03637827,-8.279143e-05,-0.0006437165,0.0010158425
21496000,-5.2912394e-05,-0.00021426743,0.036379244,-0.00012848279,-0.0006571544,0.0010051333
21504000,-5.097219e-05,-0.00021349458,0.036391217,-0.0001399237,-0.0006455026,0.0010435035
21512000,-4.952462e-05,-0.00021271042,0.036403246,-0.00022460017,-0.00062550115,0.0010768543
21520000,-4.8508038e-05,-0.00021196884,0.03641524,-0.00023840558,-0.0006375216,0.0010666235
21528000,-4.7804708e-05,-0.00021153761,0.03642718,-0.0002873819,-0.000652654,0.001084033
21536000,-4.7268055e-05,-0.00021114545,0.036439165,-0.0002599215,-0.00062715483,0.0011103593
21544000,-4.657291e-05,-0.00021069366,0.036451086,-0.00022642461,-0.00061081507,0.001091759
21552000,-4.552534e-05,-0.00021051065,0.03650114,-0.00017041113,-0.0006592279,0.0011034539
21560000,-4.4241016e-05,-0.00021075438,0.03654995,-0.00014629401,-0.00068706885,0.0010947426
21568000,-4.261867e-05,-0.00021121476,0.03659794,-6.9167974e-05,-0.0006628753,0.0011576711
21576000,-4.0725154e-05,-0.00021174,0.03664498,-8.1098944e-05,-0.0006985059,0.0011508845
21584000,-3.843929e-05,-0.00021020642,0.036684994,-9.513149e-05,-0.00071777793,0.0011674599
21592000,-3.6323625e-05,-0.00020872285,0.03672445,-0.00012374092,-0.00067011465,0.0012342448
21600000,-3.4421282e-05,-0.00020713477,0.036781125,-0.00013987716,-0.000659617,0.0011562976
21608000,-3.2771248e-05,-0.00020559096,0.03683606,-0.00014558178,-0.0006344579,0.001149992
21616000,-3.1255626e-05,-0.00020410547,0.036889676,-0.00017953131,-0.00064928737,0.0011405618
21624000,-2.9843946e-05,-0.00020288411,0.03694198,-0.00012678628,-0.0006535038,0.0011449314
21632000,-2.7803882e-05,-0.00020168915,0.036993068,-3.929884e-05,-0.0006498358,0.0011415881
21640000,-2.5425938e-05,-0.00020092199,0.037042897,-1.8954943e-05,-0.0006874904,0.0011341086
21648000,-2.3037608e-05,-0.00020035237,0.037063375,-2.7631431e-05,-0.00069022714,0.0011654065
21656000,-2.1024161e-05,-0.00020010932,0.037083633,-7.316511e-05,-0.0007257355,0.0011416649
21664000,-1.9045036e-05,-0.00020011199,0.03710359,-5.7388326e-05,-0.00071014924,0.0011992385
21672000,-1.7175507e-05,-0.00020023338,0.037123702,-5.5945464e-05,-0.00073695806,0.0012270896
21680000,-1.51997665e-05,-0.00020062315,0.037143294,-3.464451e-05,-0.00072850694,0.0011626207
21688000,-1.33338e-05,-0.00020086742,0.037162326,-6.145869e-05,-0.00067191594,0.0011657941
21696000,-1.1709536e-05,-0.00020083603,0.037181184,-7.700906e-05,-0.00065294065,0.0011927357
21704000,-1.02341255e-05,-0.00020092582,0.037183475,-0.000101721904,-0.0006572437,0.0012330344
21712000,-9.069629e-06,-0.00020125884,0.037186082,-0.00012345245,-0.00067326165,0.0012267377
21720000,-8.144087e-06,-0.00020178531,0.037188873,-0.00014411427,-0.00066743506,0.0012327327
21728000,-7.4273125e-06,-0.00020217229,0.037191804,-0.00016869859,-0.000643849,0.0011945339
21736000,-6.7081955e-06,-0.00020265758,0.037194565,-0.00011760836,-0.00064306107,0.0011707225
21744000,-6.0590432e-06,-0.00020346,0.037197288,-0.00019611134,-0.0006857665,0.001144132
21752000,-5.9320146e-06,-0.00020462296,0.03720519,-0.00022235786,-0.00071758137,0.0011311864
21760000,-6.0440843e-06,-0.00020582185,0.037213203,-0.00023775296,-0.00064511213,0.001142018
21768000,-6.292699e-06,-0.00020681384,0.037221394,-0.0002442545,-0.0006556298,0.0011813748
21776000,-6.45522e-06,-0.00020785868,0.037229918,-0.00020737153,-0.0006416556,0.0012143449
21784000,-6.624934e-06,-0.0002091676,0.037238467,-0.00023053025,-0.00067574595,0.0011915592
21792000,-6.492403e-06,-0.000207705,0.037240583,-0.00026117466,-0.0006419309,0.0011443325
21800000,-6.693138e-06,-0.00020625042,0.037232682,-0.0002841748,-0.0006313697,0.001150347
21808000,-6.993358e-06,-0.00020491294,0.037225157,-0.00028860496,-0.000625889,0.0011360717
21816000,-7.3076935e-06,-0.0002035541,0.037218165,-0.00026121532,-0.000607503,0.0011679766
21824000,-7.1547192e-06,-0.00020241915,0.037212003,-0.00017280073,-0.000644606,0.0012383383
21832000,-6.5505133e-06,-0.00020145625,0.03720638,-0.00013974358,-0.00061254104,0.0011865067
21840000,-6.134979e-06,-0.00020035448,0.037200864,-0.00018810612,-0.0005887566,0.0011780224
21848000,-5.9977338e-06,-0.0001992641,0.037091866,-0.00020621775,-0.00056628993,0.0011927576
21856000,-5.8659352e-06,-0.00019820682,0.03698621,-0.00016728137,-0.00057884195,0.0011647481
21864000,-5.4857037e-06,-0.00019735488,0.036883563,-0.00014546973,-0.0005762926,0.0011525145
21872000,-5.0926565e-06,-0.00019652388,0.036783792,-0.00014016984,-0.00057397195,0.0011001138
21880000,-4.7941057e-06,-0.00019578073,0.03668644,-0.00015559362,-0.0005541054,0.0010080938
21888000,-4.604429e-06,-0.00019512382,0.03659144,-0.00015848293,-0.0005554603,0.0009379296
21896000,-4.5444785e-06,-0.00019465365,0.03649871,-0.00018161502,-0.00059447286,0.0008790195
21904000,-4.583203e-06,-0.00019468303,0.036439706,-0.00016811855,-0.0006342929,0.0008933687
21912000,-4.6756077e-06,-0.00019499892,0.036382463,-0.00018097539,-0.0006233951,0.000856412
21920000,-4.8925176e-06,-0.00019509935,0.036326855,-0.00019774311,-0.000578561,0.0008639381
21928000,-5.2842843e-06,-0.00019526183,0.036272842,-0.00019749695,-0.0006009138,0.0008162473
21936000,-5.677259e-06,-0.00019576117,0.036220413,-0.00019018342,-0.00063142664,0.0008548677
21944000,-6.0114057e-06,-0.00019638277,0.036169898,-0.00016682172,-0.00060487667,0.0008802567
21952000,-5.8570495e-06,-0.00019680522,0.0360823,-7.3981944e-05,-0.00056345924,0.00086085487
21960000,-5.1982256e-06,-0.00019721035,0.035996992,-2.7869015e-05,-0.00057595305,0.000808355
21968000,-4.2742577e-06,-0.00019778931,0.035914004,7.58605e-08,-0.00056645984,0.000795838
21976000,-3.5915898e-06,-0.00019827808,0.03583339,-5.7650122e-05,-0.00054355693,0.00077416224
21984000,-3.0451724e-06,-0.0001988189,0.035755023,-3.9261104e-05,-0.0005471605,0.0007538392
21992000,-2.5978459e-06,-0.00019942704,0.03567877,-7.108741e-05,-0.0005224135,0.0007356838
22000000,-1.5918079e-06,-0.000196953,0.035634823,-9.841346e-05,-0.0005402536,0.0007332979
22008000,-7.922205e-07,-0.00019483067,0.03559226,-9.268876e-05,-0.00053593173,0.00073894707
22016000,-1.2697333e-08,-0.00019258622,0.035550844,-0.00011985344,-0.0005065549,0.00068895175
22024000,5.20071e-07,-0.0001903988,0.03551036,-0.000114377006,-0.0004962157,0.00068024115
22032000,8.3457377e-07,-0.00018802969,0.035471212,-0.00017353572,-0.0004430211,0.00066379143
22040000,8.6639494e-07,-0.00018539911,0.035432804,-0.00017465145,-0.00040024536,0.00058989716
22048000,7.474507e-07,-0.00018264008,0.03545425,-0.00019397767,-0.00037972388,0.0006081483
22056000,7.5043533e-07,-0.00018003085,0.035475347,-0.00013903278,-0.00039501817,0.0006295209
22064000,7.985345e-07,-0.00017753954,0.03549611,-0.00018548926,-0.00038458317,0.0006335159
22072000,3.6859822e-07,-0.00017518531,0.03551634,-0.00022244175,-0.0004012942,0.000614678
22080000,-1.9439763e-07,-0.00017299614,0.035536084,-0.0002160971,-0.0003781129,0.0006197287
22088000,-6.79677e-07,-0.00017076576,0.035555255,-0.00020039591,-0.00038253865,0.00059033633
22096000,-9.24539e-07,-0.00016888796,0.035573855,-0.00015116729,-0.00043452968,0.0005733341
22104000,-1.1725488e-06,-0.0001674215,0.035598576,-0.00018106434,-0.00044514833,0.0005098295
22112000,-1.7464988e-06,-0.00016630364,0.035622206,-0.00022081146,-0.00049030874,0.00046389285
22120000,-2.457129e-06,-0.00016517502,0.035645045,-0.00020580023,-0.00043272605,0.0004307031
22128000,-3.0719295e-06,-0.00016418239,0.03566706,-0.00019805938,-0.00049302645,0.0004221732
22136000,-3.822861e-06,-0.0001634461,0.03568871,-0.000227739,-0.00044373207,0.00046658528
22144000,-4.935148e-06,-0.00016244645,0.035710156,-0.000267563,-0.00042357476,0.0004838077
22152000,-6.2254458e-06,-0.00016139454,0.035746057,-0.0002713563,-0.00042347022,0.0005174911
22160000,-7.5472462e-06,-0.00016074712,0.035781376,-0.00025727245,-0.00046617465,0.00056720385
22168000,-8.775146e-06,-0.00016047154,0.035815895,-0.0002617575,-0.0004986146,0.0005489378
22176000,-1.0264457e-05,-0.00016057721,0.035849508,-0.0002712779,-0.0005396025,0.00052762165
22184000,-1.1521877e-05,-0.00016098008,0.035881877,-0.00023947103,-0.00054217683,0.0004625014
22192000,-1.2677553e-05,-0.0001614605,0.035913106,-0.00022487287,-0.0005330112,0.00043478515
22200000,-1.4065138e-05,-0.00016181632,0.035909522,-0.00028761654,-0.0004813109,0.00041698545
22208000,-1.4847847e-05,-0.00015917406,0.035902493,-0.00027225201,-0.0004498097,0.0004087386
22216000,-1.5865304e-05,-0.00015661855,0.035895694,-0.00032325153,-0.0004348496,0.00039200124
22224000,-1.7063106e-05,-0.00015383914,0.035889257,-0.0003198047,-0.00038417024,0.00042897512
22232000,-1.819792e-05,-0.00015111032,0.035882954,-0.00030072348,-0.00041319468,0.00034584614
22240000,-1.9351513e-05,-0.00014870672,0.035876364,-0.00030909528,-0.00040753244,0.00031693617
22248000,-2.0749714e-05,-0.00014607132,0.035895105,-0.00034743603,-0.00036432449,0.00032005357
22256000,-2.2261487e-05,-0.00014347861,0.035913363,-0.00032288322,-0.00035960643,0.0003157559
22264000,-2.37285e-05,-0.00014106106,0.03593134,-0.00033762562,-0.00038556324,0.0003606366
22272000,-2.5048155e-05,-0.0001388133,0.03594912,-0.00025867677,-0.00036888712,0.00038011462
22280000,-2.5835056e-05,-0.00013687313,0.035966646,-0.0002240516,-0.0004344385,0.00039204428
22288000,-2.661732e-05,-0.00013524274,0.03598371,-0.00022211044,-0.00041041366,0.00035763712
22296000,-2.743889e-05,-0.00013357728,0.03600036,-0.00024156588,-0.00039692785,0.00039911526
22304000,-2.8347124e-05,-0.00013191639,0.0360216,-0.00022787662,-0.00039217793,0.00042439
22312000,-2.9064691e-05,-0.00013050297,0.036042415,-0.00017660823,-0.00041806142,0.00040717123
22320000,-2.9528816e-05,-0.00012918354,0.036062665,-0.00018902295,-0.00039372168,0.0004381656
22328000,-3.0479643e-05,-0.00012775365,0.03608279,-0.00026119247,-0.00036115764,0.0004612475
22336000,-3.18363e-05,-0.00012615044,0.036102273,-0.00027740322,-0.00032575935,0.0004182541
22344000,-3.330131e-05,-0.00012432659,0.036121216,-0.0002988567,-0.00029092396,0.00040714865
22352000,-3.4852885e-05,-0.00012231505,0.0360922,-0.00028259907,-0.00024583453,0.0003833286
22360000,-3.6469803e-05,-0.00012022586,0.036064014,-0.0003154454,-0.00024185597,0.00035987177
22368000,-3.839034e-05,-0.00011809554,0.0360363,-0.0003532052,-0.00020207823,0.00029621774
22376000,-4.0845996e-05,-0.00011574134,0.03600899,-0.0004045078,-0.00017270657,0.0002352701
22384000,-4.3402746e-05,-0.00011326974,0.035982367,-0.0003934721,-0.00015978007,0.00027848704
22392000,-4.5719273e-05,-0.00011088978,0.035956882,-0.00035512497,-0.00015550194,0.00030417822
22400000,-4.820028e-05,-0.0001086656,0.035947666,-0.00041435933,-0.00017217247,0.00026435888
22408000,-5.096261e-05,-0.00010668653,0.035938285,-0.00040043535,-0.0001886979,0.00021666216
22416000,-5.230254e-05,-0.00010247222,0.035927188,-0.00041298402,-0.0001425499,0.00018210112
22424000,-5.383259e-05,-9.813107e-05,0.035916287,-0.00040738872,-0.00012668197,0.00016893308
22432000,-5.5375516e-05,-9.383605e-05,0.035905436,-0.00042093746,-0.0001285809,0.00011776648
22440000,-5.722259e-05,-8.958707e-05,0.035894778,-0.00048152482,-8.89487e-05,0.0001351869
22448000,-5.9541297e-05,-8.514152e-05,0.035962425,-0.0004968479,-6.478546e-05,0.00014318533
22456000,-6.2062514e-05,-8.0782636e-05,0.036027953,-0.0005424268,-8.7714274e-05,6.9184585e-05
22464000,-6.4946136e-05,-7.672978e-05,0.036091164,-0.0005604263,-0.00012344863,1.76711e-05
22472000,-6.791611e-05,-7.322144e-05,0.03615224,-0.0005784143,-0.00016555321,4.2034344e-07
22480000,-7.132349e-05,-6.9988375e-05,0.03621168,-0.00063419685,-0.00017686612,7.276914e-06
22488000,-7.484525e-05,-6.7043984e-05,0.036269274,-0.0006025474,-0.00020626289,-3.6697606e-05
22496000,-7.798746e-05,-6.437319e-05,0.036324803,-0.0005483842,-0.00023169343,-0.00010198074
22504000,-8.1077866e-05,-6.212778e-05,0.036358044,-0.0005665611,-0.00026765052,-0.0001671055
22512000,-8.418673e-05,-6.01493e-05,0.036390238,-0.0005451539,-0.00028387306,-0.00012673759
22520000,-8.7234264e-05,-5.843186e-05,0.036421724,-0.00054970814,-0.00029813687,-0.00010333692
22528000,-9.0473775e-05,-5.6921006e-05,0.03645273,-0.0005760309,-0.0003023454,-6.42501e-05
22536000,-9.417106e-05,-5.547089e-05,0.03648255,-0.00064903934,-0.00030818826,-0.00014502041
22544000,-9.829461e-05,-5.4298973e-05,0.03651113,-0.00069321034,-0.00033638274,-0.00017521132
22552000,-0.00010274705,-5.3537733e-05,0.036566194,-0.00068698206,-0.000382095,-0.00016592126
22560000,-0.0001069722,-5.3114287e-05,0.03661962,-0.0006574739,-0.00040694774,-0.0001938124
22568000,-0.00011091057,-5.291172e-05,0.036671285,-0.0006001578,-0.00039785742,-0.00022232144
22576000,-0.00011457474,-5.286011e-05,0.036721367,-0.0005868661,-0.00044212706,-0.00022728287
22584000,-0.0001181844,-5.322832e-05,0.03676989,-0.0005816311,-0.00045352813,-0.0002481893
22592000,-0.00012182646,-5.3435542e-05,0.03681676,-0.00057168043,-0.00040681518,-0.00029506983
22600000,-0.00012530586,-5.3666397e-05,0.036850177,-0.0005429745,-0.00042766682,-0.00026844378
22608000,-0.00012874269,-5.4263546e-05,0.036883008,-0.00055939646,-0.00045687382,-0.00021554221
22616000,-0.00013233851,-5.4938475e-05,0.03691513,-0.0005683803,-0.00044227918,-0.00020010298
22624000,-0.00013428656,-5.418158e-05,0.036945466,-0.0005699958,-0.00042316318,-0.00018073143
22632000,-0.00013615827,-5.3570326e-05,0.03697485,-0.0005400926,-0.00045312283,-0.00022952067
22640000,-0.00013786218,-5.317263e-05,0.037003018,-0.0005203849,-0.00043283237,-0.00023986254
22648000,-0.00013940157,-5.274909e-05,0.037077498,-0.0004920519,-0.00044499218,-0.00024239547
22656000,-0.00014095305,-5.2519088e-05,0.03715018,-0.0005087708,-0.00044625436,-0.00018601562
22664000,-0.000142552,-5.2406293e-05,0.037220933,-0.000485266,-0.00044086025,-0.00017989433
22672000,-0.00014400894,-5.2341034e-05,0.03728989,-0.0004694436,-0.0004341943,-0.00013080538
22680000,-0.00014534149,-5.2198186e-05,0.037357207,-0.00044233294,-0.00040563094,-0.0001034935
22688000,-0.00014662293,-5.2064126e-05,0.03742273,-0.00045184867,-0.00040114016,-0.000118148935
22696000,-0.00014804059,-5.1960902e-05,0.037486102,-0.00045279684,-0.00039353743,-0.0001535968
22704000,-0.00014955415,-5.1971583e-05,0.037552863,-0.00047315078,-0.00040353727,-0.00010512929
22712000,-0.0001513247,-5.2226387e-05,0.03761774,-0.0004942751,-0.0004296669,-0.000149687
22724000,-0.00015313258,-5.2713804e-05,0.03768067,-0.0004964031,-0.00044858598,-0.00013373132
22728000,-0.00015500539,-5.3446405e-05,0.03774169,-0.000482405,-0.00047145423,-0.00017725334
22736000,-0.00015680463,-5.4463893e-05,0.037800644,-0.00045989093,-0.0004719915,-0.00022396352
22744000,-0.00015855486,-5.5484554e-05,0.03785773,-0.00048360875,-0.00046723848,-0.00020157965
22752000,-0.00016081253,-5.665356e-05,0.03786746,-0.00055335416,-0.0004896538,-0.00018102709
22760000,-0.00016358786,-5.8020556e-05,0.037877027,-0.0006117507,-0.00049321813,-0.00018274518
22768000,-0.00016681556,-5.9520367e-05,0.037886117,-0.0006507727,-0.0005077889,-0.0002049977
22776000,-0.00017004815,-6.133787e-05,0.037894763,-0.0006052209,-0.0005397929,-0.00023097977
22784000,-0.00017317696,-6.341682e-05,0.037903115,-0.00061206706,-0.00054651767,-0.00021852109
22792000,-0.00017606979,-6.550305e-05,0.037910823,-0.0005519221,-0.0005419543,-0.00030335624
22800000,-0.0001788893,-6.762819e-05,0.03794115,-0.0005658172,-0.000505929,-0.00029197242
22808000,-0.00018170856,-6.9476184e-05,0.037970457,-0.00055952714,-0.0004858648,-0.00031172906
22816000,-0.00018457185,-7.155202e-05,0.037999094,-0.00056594086,-0.0005113802,-0.000264001
22824000,-0.00018765184,-7.3567855e-05,0.038026977,-0.0005919905,-0.00047902553,-0.0002600311
22832000,-0.00018845429,-7.3681964e-05,0.038053736,-0.0006272477,-0.00048139034,-0.00028460365
22840000,-0.00018953641,-7.4052856e-05,0.03807946,-0.00063346315,-0.0005035006,-0.0002985742
22848000,-0.00019051842,-7.44837e-05,0.038155988,-0.0005996219,-0.00047339316,-0.0003870416
22856000,-0.00019121301,-7.469307e-05,0.038229953,-0.0005441152,-0.00043894554,-0.00035478637
22864000,-0.0001918107,-7.4934906e-05,0.03830222,-0.00054606766,-0.00045177515,-0.0003218842
22872000,-0.00019236887,-7.537236e-05,0.038372315,-0.0005204898,-0.00046878314,-0.0003314425
22880000,-0.00019280335,-7.601883e-05,0.038440198,-0.00050684746,-0.00046785705,-0.00037003754
22888000,-0.00019309857,-7.674524e-05,0.03850585,-0.00046643495,-0.00046955756,-0.0003910909
22896000,-0.00019331582,-7.752146e-05,0.03856953,-0.00047155263,-0.00046671933,-0.00039210173
22904000,-0.00019352847,-7.836452e-05,0.038609985,-0.00043717885,-0.00045713192,-0.00033309497
22912000,-0.00019345417,-7.914814e-05,0.038649876,-0.0004088043,-0.00043542281,-0.00024873708
22920000,-0.00019326084,-7.971914e-05,0.038689014,-0.00038348942,-0.0003805633,-0.00021825114
22928000,-0.00019300329,-8.003504e-05,0.03872719,-0.00037808856,-0.0003452076,-0.00020185248
22936000,-0.0001927889,-8.012314e-05,0.038764205,-0.00036574024,-0.00031977735,-0.00023137449
22944000,-0.00019246417,-8.045962e-05,0.038799934,-0.00035277932,-0.00037140012,-0.00024268018
22952000,-0.00019207086,-8.126173e-05,0.038863312,-0.00033346235,-0.00040629823,-0.00027334242
22960000,-0.0001919771,-8.216487e-05,0.038924918,-0.00041257817,-0.00038787877,-0.00022087368
22968000,-0.00019236334,-8.3143976e-05,0.038984995,-0.00043632957,-0.00041732262,-0.00022415163
22976000,-0.00019296777,-8.4452586e-05,0.03904319,-0.00046206653,-0.00043863733,-0.00024463356
22984000,-0.00019396767,-8.610583e-05,0.039099723,-0.00051739794,-0.00049330434,-0.00022937867
22992000,-0.00019535005,-8.8085246e-05,0.039154794,-0.0005489544,-0.0004941097,-0.0001847196
23000000,-0.00019723551,-9.018703e-05,0.039257728,-0.0005999754,-0.0005098015,-0.00014087437
23008000,-0.00019933816,-9.25038e-05,0.03935782,-0.00061276375,-0.00054161047,-0.0001649431
23016000,-0.00020138304,-9.504308e-05,0.039454978,-0.0005743323,-0.00052751077,-0.00015605541
23024000,-0.00020328934,-9.763438e-05,0.039549407,-0.0005713768,-0.000540472,-0.00016276288
23032000,-0.00020527323,-0.00010018576,0.03964108,-0.0005657694,-0.0005067531,-0.00016981778
23040000,-0.00020472657,-0.00010006093,0.03972991,-0.0005509008,-0.00046957278,-0.00021728042
23048000,-0.0002042434,-9.979821e-05,0.03983483,-0.0005676558,-0.00047231882,-0.0002174806
23056000,-0.00020391836,-9.995856e-05,0.039936736,-0.0005748957,-0.00052983756,-0.00022575045
23064000,-0.00020384979,-0.000100593825,0.040035926,-0.0005935889,-0.0005554789,-0.0001749774
23072000,-0.00020402277,-0.000101366124,0.04013237,-0.0006195156,-0.0005586188,-0.0001935678
23080000,-0.00020432564,-0.00010243044,0.040225953,-0.0006111643,-0.0005949379,-0.00019992264
23088000,-0.00020469869,-0.00010369909,0.04031702,-0.00062459684,-0.00058184663,-0.00015760501
23096000,-0.00020522355,-0.00010469677,0.040405687,-0.0006019713,-0.00051691645,-0.00017444012
23104000,-0.00020541385,-0.000105343366,0.040496796,-0.0005371085,-0.00047595895,-0.00023887487
23112000,-0.00020520733,-0.00010580206,0.04058518,-0.0004918425,-0.00042937306,-0.00020972031
23120000,-0.00020489235,-0.00010596007,0.040671214,-0.00048794431,-0.0004026818,-0.00019060688
23128000,-0.00020456091,-0.00010601098,0.04075498,-0.00046464757,-0.0003657087,-0.00016583715
23136000,-0.00020399458,-0.00010595289,0.04083651,-0.00041320818,-0.00035748014,-0.00015559915
23144000,-0.00020322671,-0.00010594562,0.040915683,-0.00040679364,-0.00035655478,-0.00016459492
23152000,-0.00020263933,-0.00010596355,0.040883847,-0.00042937062,-0.0003446001,-0.00013440002
23160000,-0.00020229742,-0.00010591406,0.040853105,-0.00045559797,-0.0003223014,-0.00010989823
23168000,-0.00020211792,-0.00010586814,0.04082337,-0.00044759008,-0.0003326066,-9.678782e-05
23176000,-0.00020199206,-0.00010597141,0.040794577,-0.00045221671,-0.00031457632,-7.5830474e-05
23184000,-0.0002019717,-0.00010608008,0.040766638,-0.00044965785,-0.00036015137,-9.005194e-05
23192000,-0.00020181366,-0.00010683522,0.04073935,-0.00041345973,-0.00042244073,-7.903055e-05
23200000,-0.00020143656,-0.00010806932,0.040731445,-0.00038254008,-0.0004665257,-8.267379e-05
23208000,-0.00020093098,-0.00010945363,0.040723342,-0.00036263262,-0.00045666366,-0.00015738208
23216000,-0.00020031424,-0.00011111512,0.04071511,-0.00033417414,-0.0005072962,-0.00016817747
23224000,-0.00019952442,-0.00011336925,0.0407067,-0.00031612432,-0.0005893237,-0.00023455333
23232000,-0.00019887708,-0.00011608616,0.0406984,-0.0003373105,-0.00059712323,-0.00019826347
23240000,-0.0001983108,-0.00011884671,0.04069032,-0.00031004244,-0.0005843395,-0.00024123323
23248000,-0.00019546702,-0.000118907956,0.040695757,-0.000330138,-0.0005669962,-0.00030389248
23256000,-0.00019281538,-0.000119033975,0.04070079,-0.0003245991,-0.0005718226,-0.0002842299
23264000,-0.00019021622,-0.00011937275,0.040705703,-0.00032582175,-0.0005996388,-0.00027226307
23272000,-0.00018790961,-0.00012012294,0.04071061,-0.0003534983,-0.0006449955,-0.00026032078
23280000,-0.00018571534,-0.00012130762,0.040715232,-0.0003490863,-0.0006862265,-0.0002546535
23288000,-0.00018345317,-0.00012284121,0.04071978,-0.00030368462,-0.00069828145,-0.00022805104
23296000,-0.00018104492,-0.00012418687,0.040724423,-0.00029988177,-0.00062581594,-0.0002115816
23304000,-0.00017867536,-0.00012527534,0.040738616,-0.00029846677,-0.00061506743,-0.00022070875
23312000,-0.00017616953,-0.00012636257,0.040752605,-0.00023541153,-0.0006080262,-0.00017974431
23320000,-0.00017340615,-0.00012782145,0.04076632,-0.00021519867,-0.0006611472,-0.00014875368
23328000,-0.00017058522,-0.00012940909,0.040779814,-0.00018900965,-0.0006381951,-0.00013034696
23336000,-0.00016738063,-0.00013096254,0.040792927,-0.00011338452,-0.00063139317,-0.0001304539
23344000,-0.00016378576,-0.00013268637,0.04080548,-8.388426e-05,-0.00065178773,-0.00015351019
23352000,-0.00016027999,-0.00013480902,0.04072809,-9.549546e-05,-0.00069120404,-0.00015290068
23360000,-0.00015696256,-0.00013701318,0.04065262,-9.543706e-05,-0.0006970395,-0.00019794566
23368000,-0.00015350954,-0.00013954198,0.04057872,-6.0573555e-05,-0.00071385,-0.00025354777
23376000,-0.00014984487,-0.00014200938,0.040506456,-5.1088293e-05,-0.0006726496,-0.00030131367
23384000,-0.00014642712,-0.0001441777,0.04043589,-7.738792e-05,-0.0006266789,-0.00030582937
23392000,-0.00014351838,-0.0001460304,0.040367182,-0.00014691586,-0.0005700459,-0.00031438522
23400000,-0.00014084257,-0.0001477863,0.040315837,-0.000127967,-0.000572838,-0.0003324994
23408000,-0.00013830437,-0.00014950082,0.040265962,-0.0001688103,-0.00057251286,-0.0002843122
23416000,-0.00013603683,-0.00015135908,0.04021763,-0.00016375567,-0.0005629452,-0.00027506705
23424000,-0.00013367215,-0.00015334248,0.04017062,-0.00013488033,-0.00057481846,-0.00026306298
23432000,-0.00013112853,-0.00015527375,0.040124882,-9.802199e-05,-0.00054778164,-0.00027113612
23440000,-0.00012839139,-0.0001571559,0.04008038,-7.212066e-05,-0.0005649359,-0.00023469314
23448000,-0.0001255685,-0.00015932522,0.039904695,-5.5066143e-05,-0.0005818669,-0.00018915614
23456000,-0.00012107813,-0.00015901856,0.039738644,-4.8894653e-05,-0.00054966274,-0.00016084811
23464000,-0.00011653892,-0.00015835867,0.03957744,-2.5942782e-05,-0.00047688908,-0.00012012257
23472000,-0.00011206061,-0.00015741814,0.0394207,-3.978524e-05,-0.00045434415,-0.00015834304
23480000,-0.000107833795,-0.0001564426,0.03926827,-6.833306e-05,-0.0004606766,-0.00013447758
23488000,-0.0001038158,-0.00015593828,0.039120182,-4.925552e-05,-0.00053413416,-0.00013375758
23496000,-9.9754114e-05,-0.00015605673,0.03897617,-6.0385333e-05,-0.0005804839,-0.00014124438
23504000,-9.5808726e-05,-0.00015628253,0.038827,-5.3298383e-05,-0.0005465268,-0.00019149458
23512000,-9.18411e-05,-0.00015670536,0.0386816,-1.9364928e-05,-0.00060136634,-0.00021357399
23520000,-8.7751236e-05,-0.0001573306,0.038540285,-1.1258848e-05,-0.00057689653,-0.00017501622
23528000,-8.363793e-05,-0.00015798853,0.03840306,1.49847765e-05,-0.0005743755,-0.00018193554
23536000,-7.950776e-05,-0.00015843549,0.038269505,4.1371804e-06,-0.0005184036,-0.00020827634
23544000,-7.5585245e-05,-0.00015890205,0.03813918,-1.0025756e-05,-0.0005508592,-0.000257476
23552000,-7.1831884e-05,-0.00015970669,0.038048223,-1.6664231e-05,-0.0005747403,-0.00022661018
23560000,-6.820471e-05,-0.00016064798,0.03796009,-2.093137e-05,-0.00057064206,-0.00019833399
23568000,-6.462427e-05,-0.00016177267,0.0378744,5.399775e-06,-0.0006028374,-0.00018667185
23576000,-6.0691327e-05,-0.00016300491,0.0377911,5.2125208e-05,-0.0005664301,-0.000196074
23584000,-5.679731e-05,-0.00016407017,0.037709825,3.357263e-05,-0.00053903006,-0.00024408878
23592000,-5.3055996e-05,-0.00016510065,0.037630383,4.20323e-05,-0.0005487117,-0.00027748753
23600000,-4.9133552e-05,-0.00016616579,0.037545957,9.6074815e-05,-0.00051709096,-0.00025417376
23608000,-4.486966e-05,-0.0001669144,0.037464038,0.00012889615,-0.0004457628,-0.0002536754
23616000,-4.0561317e-05,-0.00016746546,0.0373843,0.00015521607,-0.0004430388,-0.00022209069
23624000,-3.5729307e-05,-0.00016789278,0.037306983,0.00024886196,-0.00042735483,-0.00023436353
23632000,-3.06207e-05,-0.00016844251,0.037231565,0.0002449847,-0.00041354954,-0.00024393345
23640000,-2.5496229e-05,-0.00016877038,0.0371582,0.0002801269,-0.0003741874,-0.00023312945
23648000,-2.0340427e-05,-0.00016911024,0.03712229,0.0002706515,-0.00041087344,-0.00022507503
23656000,-1.5167394e-05,-0.00016976708,0.037087083,0.0003030603,-0.0004130717,-0.00029502393
23664000,-9.4046745e-06,-0.0001677091,0.037054498,0.0002989804,-0.00043210952,-0.00032150155
23672000,-3.7326458e-06,-0.00016584454,0.03702275,0.0003156307,-0.00042189952,-0.0003003784
23680000,2.1384744e-06,-0.0001637917,0.036991797,0.00035738942,-0.00036902106,-0.00031666667
23688000,7.8627145e-06,-0.0001616046,0.03696191,0.00029694574,-0.00036525814,-0.0002510209
23696000,1.3184252e-05,-0.00015934125,0.036933098,0.00028697934,-0.00031518211,-0.0002292861
23704000,1.8463918e-05,-0.00015700725,0.036891337,0.00029383588,-0.00032215513,-0.00024677324
23712000,2.384603e-05,-0.00015498114,0.036850326,0.000324651,-0.00038290778,-0.0003068562
23720000,2.9080413e-05,-0.00015360554,0.036810104,0.00028832862,-0.00043894607,-0.00032463414
23728000,3.416162e-05,-0.0001527105,0.03677097,0.0003006998,-0.0004706238,-0.0003211682
23736000,3.9162554e-05,-0.00015201546,0.036732763,0.00028687916,-0.0004773202,-0.00033249147
23744000,4.3666834e-05,-0.00015150072,0.036695525,0.00019203669,-0.0004930909,-0.00033866806
23752000,4.746082e-05,-0.00015136244,0.036702957,0.00013128872,-0.0005416151,-0.00031155776
23760000,5.0824347e-05,-0.00015169574,0.03671029,0.0001220718,-0.00058933906,-0.00029492937
23768000,5.4276537e-05,-0.0001522843,0.03671769,0.00014534626,-0.00057152496,-0.00023565831
23776000,5.76946e-05,-0.0001527827,0.03672489,0.00014421437,-0.0005610566,-0.00028555628
23784000,6.114562e-05,-0.00015339308,0.036731627,0.0001593804,-0.0005686976,-0.00027805252
23792000,6.473026e-05,-0.00015416268,0.036738336,0.00019095972,-0.0005831487,-0.00026089646
23800000,6.820248e-05,-0.00015504358,0.03669535,0.00016057728,-0.0005581147,-0.00024006428
23808000,7.151383e-05,-0.00015581022,0.036653735,0.00014619083,-0.0005572715,-0.0002206229
23816000,7.47119e-05,-0.00015692532,0.03661338,0.00016965182,-0.0006025696,-0.0002194242
23824000,7.812757e-05,-0.000158286,0.03657416,0.00021193475,-0.0006138368,-0.00021236106
23832000,8.14797e-05,-0.00015974633,0.036535874,0.00015553081,-0.00058880943,-0.00025039038
23840000,8.454001e-05,-0.00016110696,0.036498338,0.000165338,-0.0005814402,-0.00028793197
23848000,8.759935e-05,-0.00016245231,0.036388952,0.00018554239,-0.0005578673,-0.00032482322
23856000,9.095251e-05,-0.0001637926,0.036282226,0.00021555745,-0.00056151475,-0.00037429697
23864000,9.428298e-05,-0.00016526412,0.03617826,0.00021474186,-0.0005573053,-0.0003809433
23872000,9.692464e-05,-0.0001642072,0.036080245,0.00019077754,-0.0005294345,-0.00042037675
23880000,9.958583e-05,-0.00016311645,0.035984736,0.00022958846,-0.00049681123,-0.0004316036
23888000,0.00010235734,-0.00016194026,0.035891972,0.00023798057,-0.00050811976,-0.00038986793
23896000,0.00010517736,-0.00016096802,0.035802078,0.00026040606,-0.00049881195,-0.00037075437
23904000,0.00010812059,-0.00016016477,0.03569783,0.00026813857,-0.0005408324,-0.00038196857
23912000,0.00011105287,-0.00015957654,0.035596453,0.00027020136,-0.0005090143,-0.0003706261
23920000,0.00011394104,-0.0001589826,0.035498023,0.00027778585,-0.00051885477,-0.0003443184
23928000,0.00011687516,-0.00015861777,0.035402663,0.0002964056,-0.00054787897,-0.00028079684
23936000,0.000119775104,-0.00015850794,0.03531024,0.00026059494,-0.00054118386,-0.00028001374
23944000,0.0001221965,-0.00015834693,0.03522025,0.00019986277,-0.000517027,-0.0002978677
23952000,0.00012423767,-0.00015821958,0.03518744,0.0001851334,-0.0005254118,-0.0003192216
23960000,0.00012641134,-0.00015820097,0.035155278,0.00023112788,-0.0005197839,-0.0003298432
23968000,0.00012857061,-0.00015828025,0.035124067,0.00020593761,-0.0005150989,-0.00031348047
23976000,0.00013058804,-0.00015843975,0.035093665,0.00020271777,-0.00053690857,-0.00032063853
23984000,0.00013261886,-0.00015883247,0.035063904,0.00022165876,-0.00053177786,-0.00035374757
23992000,0.00013484433,-0.00015934932,0.035034712,0.0002498454,-0.0005360553,-0.00037865914
24000000,0.00013707847,-0.00015987796,0.035035893,0.00023655214,-0.0005409201,-0.00031933395
24008000,0.00013914506,-0.00016039233,0.035037473,0.00021596458,-0.0004901449,-0.0002783166
24016000,0.00014101833,-0.00016095572,0.035039075,0.00019617408,-0.0005472695,-0.00027913862
24024000,0.00014256108,-0.00016182143,0.03504047,0.00017052569,-0.00052341993,-0.0003033402
24032000,0.00014422527,-0.00016262238,0.035041776,0.00021171592,-0.0005185589,-0.00029222513
24040000,0.00014596274,-0.0001636602,0.03504318,0.00020647842,-0.0005626807,-0.00024290541
24048000,0.00014760338,-0.00016521319,0.03499777,0.00019620094,-0.00060952513,-0.00019271497
24056000,0.00014919472,-0.00016691304,0.034953818,0.00019732477,-0.00060583296,-0.00020364893
24064000,0.00015063742,-0.00016903608,0.03491121,0.00019298104,-0.0006613597,-0.00015904811
24072000,0.00015221447,-0.00017148165,0.034870196,0.0002224173,-0.0006935293,-0.00011454138
24080000,0.00015322097,-0.00017190045,0.03483248,0.00021935346,-0.0007631792,-8.581586e-05
24088000,0.0001539103,-0.00017260946,0.034796234,0.00016609437,-0.00072823523,-3.662173e-05
24096000,0.00015425622,-0.00017293046,0.034761205,0.00013989658,-0.00066817104,-5.431515e-05
24104000,0.00015455825,-0.00017301308,0.034749165,0.00014407648,-0.0006150027,-8.4003594e-05
24112000,0.0001547365,-0.00017262276,0.034737334,0.00014037159,-0.0005443033,-0.0001187283
24120000,0.00015517448,-0.00017222168,0.034725536,0.00018898539,-0.0005638901,-0.00012283043
24128000,0.00015587945,-0.000171683,0.034714352,0.00022770929,-0.00050390296,-9.25253e-05
24136000,0.00015692337,-0.00017106422,0.03470347,0.00027006335,-0.0005134579,-0.000119499404
24144000,0.00015791568,-0.0001707821,0.034692917,0.00022395869,-0.0005487206,-7.47609e-05
24152000,0.00015856583,-0.00017080159,0.034807283,0.00021058635,-0.0005601293,-0.00014141851
24160000,0.0001595397,-0.00017103025,0.034917995,0.00027233097,-0.00059977686,-0.00016028646
24168000,0.00016080894,-0.0001719976,0.03502562,0.00031973174,-0.00069520995,-0.00013853706
24176000,0.00016243581,-0.00017366234,0.03513037,0.00034980767,-0.0007630613,-0.00013713619
24184000,0.00016411902,-0.00017612902,0.03523239,0.00034886206,-0.0008578786,-7.1625895e-05
24192000,0.00016595838,-0.00017901332,0.035332054,0.0003748008,-0.0008400815,-4.4442666e-05
24200000,0.00016772626,-0.00018163923,0.035460703,0.00035571223,-0.0007799826,-3.0022275e-05
24208000,0.00016930327,-0.0001840053,0.035586085,0.00032571488,-0.000753394,4.164802e-06
24216000,0.0001705642,-0.00018644752,0.03570818,0.00027717385,-0.0007861729,3.557649e-05
24224000,0.00017147262,-0.00018925914,0.03582714,0.00024129867,-0.00080089056,5.2544405e-05
24232000,0.00017222708,-0.00019209975,0.035942905,0.00026317447,-0.00078621786,6.5822496e-05
24240000,0.00017327689,-0.00019491228,0.036055483,0.00029947588,-0.00077106967,4.310718e-05
24248000,0.00017456252,-0.00019778173,0.036220692,0.00033353112,-0.00077971147,7.892687e-05
24256000,0.0001760582,-0.00020077989,0.0363816,0.00033487356,-0.00077703764,8.644399e-05
24264000,0.00017741924,-0.00020384906,0.03653811,0.000318885,-0.0007917269,0.00010158704
24272000,0.00017866466,-0.00020721571,0.036690194,0.00030634087,-0.00081214594,7.491613e-05
24280000,0.00018012032,-0.00021077576,0.03683825,0.00037742863,-0.00084511645,0.00012829086
24288000,0.00018149089,-0.00021209974,0.036979195,0.00038689407,-0.00088590855,0.000116465235
24296000,0.00018294626,-0.00021352137,0.03711611,0.00040680188,-0.0008535455,0.00011201232
24304000,0.00018428154,-0.00021497469,0.037265282,0.0003600254,-0.0008657045,0.00017922596
24312000,0.00018539594,-0.00021658579,0.037410878,0.0003534971,-0.0008725054,0.00024289983
24320000,0.0001865405,-0.0002183825,0.037552677,0.0003571212,-0.0008665809,0.00024307198
24328000,0.00018772224,-0.000219989,0.037691046,0.00037599486,-0.0008018039,0.00032887683
24336000,0.00018883962,-0.000221346,0.03782605,0.00033363473,-0.00080562854,0.00033838666
24344000,0.00018973116,-0.00022305654,0.037957203,0.00032910387,-0.00082903524,0.00032597172
24352000,0.00019048549,-0.0002251045,0.03804849,0.00028699945,-0.00086413266,0.00037932978
24360000,0.00019084351,-0.00022714508,0.038137503,0.00025512348,-0.0008102271,0.0003741658
24368000,0.00019120176,-0.00022909667,0.038223885,0.00027964555,-0.00082824315,0.00032868114
24376000,0.00019182314,-0.00023147752,0.038307976,0.00030254122,-0.0008748929,0.00033875232
24384000,0.00019249809,-0.00023423285,0.038389437,0.0002996285,-0.00089557027,0.00026912795
24392000,0.00019306071,-0.00023707713,0.03846855,0.00030611374,-0.00086798676,0.0002922953
24400000,0.00019400513,-0.00023966316,0.038508948,0.00035844572,-0.0008146086,0.00024013605
24408000,0.00019537384,-0.00024213905,0.03854804,0.0004209006,-0.00083208986,0.00024382804
24416000,0.00019706142,-0.00024481464,0.03858633,0.00044005635,-0.0008219191,0.00027541938
24424000,0.00019882845,-0.00024758794,0.03862358,0.000437977,-0.00083424355,0.00023373388
24432000,0.00020066583,-0.0002503132,0.03865981,0.00046385886,-0.00078984495,0.00026128552
24440000,0.00020278813,-0.00025279034,0.038695227,0.0005023225,-0.00074976624,0.00027565483
24448000,0.00020497211,-0.00025518672,0.038717095,0.00047954934,-0.0007402877,0.0003148978
24456000,0.00020693196,-0.0002575199,0.03873834,0.00044093197,-0.0007295157,0.00025090837
24464000,0.00020887682,-0.0002599269,0.038758706,0.00049252115,-0.0007430949,0.0002473691
24472000,0.00021117525,-0.00026244085,0.0387787,0.00050420954,-0.0007073376,0.00026593285
24480000,0.00021351317,-0.00026471211,0.038798302,0.0005223628,-0.000682346,0.00027998764
24488000,0.000215907,-0.00026715672,0.038817473,0.0005086543,-0.00073044875,0.0002761907
24496000,0.0002174694,-0.00026641946,0.03883394,0.0005006482,-0.0007397097,0.000350979
24504000,0.00021895417,-0.00026585994,0.038845424,0.0004931736,-0.00075266167,0.0003834321
24512000,0.00022044686,-0.00026566972,0.038856816,0.00049904437,-0.00079965853,0.00039606405
24520000,0.0002219268,-0.00026583244,0.038867917,0.00047640852,-0.00081125926,0.00036554676
24528000,0.00022318582,-0.0002661269,0.038878545,0.00045221313,-0.00078874687,0.00034745375
24536000,0.00022436415,-0.00026637816,0.03888878,0.00045561953,-0.000778225,0.00033463235
24544000,0.00022550586,-0.00026675424,0.03889888,0.0004320836,-0.0007848761,0.00036464806
24552000,0.00022665189,-0.000267233,0.038976535,0.00045790352,-0.0007802375,0.00042563747
24560000,0.00022786726,-0.0002679096,0.039052356,0.0004417129,-0.0008184524,0.00044790862
24568000,0.00022908469,-0.0002689135,0.0391263,0.0004557057,-0.0008230693,0.00045755476
24576000,0.0002303046,-0.00027016195,0.039198227,0.00043757955,-0.000834801,0.00045247565
24584000,0.00023145741,-0.0002715101,0.039267864,0.00044244816,-0.00082713977,0.00035377065
24592000,0.00023282219,-0.0002727634,0.039335016,0.0004745501,-0.00079722673,0.00032374053
24600000,0.00023449244,-0.00027401565,0.039385356,0.0005267969,-0.0007932844,0.0002848539
24608000,0.00023637596,-0.0002753923,0.03943434,0.00052029337,-0.0008001098,0.0003040158
24616000,0.00023842246,-0.00027686593,0.039482255,0.0005613478,-0.0007854455,0.00036574685
24624000,0.00024060541,-0.0002782907,0.03952943,0.0005563766,-0.00079064956,0.0004132318
24632000,0.00024299556,-0.0002800276,0.039575495,0.0006061641,-0.0008029854,0.0004119512
24640000,0.0002454136,-0.00028185768,0.039620034,0.0005542071,-0.0008121877,0.00034962213
24648000,0.00024749635,-0.0002839885,0.0397133,0.0005298372,-0.0008339414,0.00035151528
24656000,0.0002492648,-0.00028611906,0.03980398,0.00047715078,-0.000808803,0.00033280687
24664000,0.00025091067,-0.00028837207,0.039892115,0.00048531266,-0.00083217793,0.00034183936
24672000,0.0002525107,-0.00029099453,0.0399781,0.0004771901,-0.0008774051,0.00041878907
24680000,0.00025402653,-0.00029382028,0.04006253,0.0004483682,-0.0008488853,0.0005068704
24688000,0.00025528198,-0.00029676757,0.04014496,0.00041130508,-0.0009056067,0.0005039641
24696000,0.0002562511,-0.00030013287,0.04022527,0.00038633926,-0.00088921917,0.0005319301
24704000,0.00025593623,-0.0002996216,0.040334694,0.00037151348,-0.0008585657,0.0005410764
24712000,0.00025545864,-0.00029893534,0.040441103,0.00035746218,-0.0008262768,0.00052344915
24720000,0.00025493122,-0.00029818577,0.040544264,0.00034487047,-0.00079914357,0.00045766056
24728000,0.00025434807,-0.00029763856,0.04064429,0.0003342436,-0.0008518162,0.0004413682
24736000,0.00025378048,-0.00029748052,0.040741358,0.0003374032,-0.00083563005,0.0004112076
24744000,0.0002531347,-0.00029729374,0.04083576,0.0003163219,-0.00083076546,0.0004127861
24752000,0.00025216403,-0.00029714964,0.040876824,0.00024831557,-0.0007993794,0.00033737192
24760000,0.00025098503,-0.00029693905,0.040916495,0.00024951273,-0.0007980101,0.00033990396
24768000,0.00024961765,-0.00029678177,0.040955335,0.00020995292,-0.0007666079,0.00038674797
24776000,0.00024804776,-0.00029645138,0.040993575,0.00019344075,-0.0007397041,0.00044081645
24784000,0.00024649093,-0.0002962396,0.041030884,0.00018960741,-0.0007607577,0.00041254386
24792000,0.0002448217,-0.00029610502,0.04106719,0.000160979,-0.00072808616,0.00042583482
24800000,0.00024293148,-0.0002961663,0.041086648,0.00014149457,-0.0007636362,0.0003943663
24808000,0.00024081055,-0.0002964326,0.041105606,9.6623255e-05,-0.00076034694,0.00041448633
24816000,0.00023870723,-0.00029670473,0.04112456,0.0001440766,-0.0007496532,0.00050932873
24824000,0.00023704971,-0.00029723177,0.041143466,0.00017804517,-0.0007716763,0.0005068561
24832000,0.00023562134,-0.00029780186,0.04116173,0.0002115223,-0.0007340331,0.0004580045
24840000,0.0002344739,-0.0002982213,0.041179072,0.00023508293,-0.00071993266,0.00040929206
24848000,0.00023352397,-0.00029854444,0.04122484,0.00026798114,-0.0006795461,0.00038142607
24856000,0.00023273288,-0.0002988429,0.041269213,0.00024463882,-0.000686099,0.0003943273
24864000,0.00023188595,-0.00029940673,0.04131247,0.00028149702,-0.000706412,0.0003807823
24872000,0.0002316766,-0.00030011855,0.041354425,0.00038366983,-0.000714883,0.00036449367
24880000,0.00023225785,-0.00030112977,0.04139514,0.00045563182,-0.00074583024,0.00035992914
24888000,0.0002331352,-0.0003025059,0.041434754,0.00046834347,-0.0007813494,0.00035832555
24896000,0.00023416973,-0.00030409193,0.04147328,0.0004904784,-0.00076406327,0.00035762135
24904000,0.0002354348,-0.0003055325,0.041522954,0.0005008925,-0.00073598075,0.00037305432
24912000,0.00023534344,-0.00030325106,0.041568916,0.00048510727,-0.00071895885,0.00041869737
24920000,0.0002351111,-0.00030100744,0.041613918,0.00046431052,-0.00074014935,0.00045240633
24928000,0.00023454099,-0.00029920653,0.04165806,0.0003800522,-0.00077131356,0.0004888461
24940000,0.00023373404,-0.00029779688,0.0417012,0.00040348197,-0.00078950246,0.000493999
24944000,0.00023308267,-0.0002964156,0.04174308,0.00040569733,-0.00076368905,0.00047439357
24952000,0.00023251044,-0.0002951389,0.041852217,0.000402195,-0.00076266716,0.00050414
24960000,0.00023159235,-0.00029384668,0.041958593,0.0003230205,-0.0007411083,0.000519018
24968000,0.00023037603,-0.00029263605,0.042062223,0.00032099072,-0.000737643,0.0005533112
24976000,0.00022926668,-0.0002914726,0.042163216,0.00033404506,-0.00072828075,0.00057148706
24984000,0.0002281954,-0.00029047957,0.042261645,0.00031543,-0.0007370577,0.00059806067
24992000,0.00022709726,-0.000289802,0.042357735,0.00033628236,-0.00077612983,0.00065768533
25000000,0.00022618988,-0.00028957383,0.042448282,0.0003295978,-0.00082224794,0.0006506103
25008000,0.00022521555,-0.00028978862,0.04253642,0.00031885903,-0.0008386109,0.00065391144
25016000,0.00022403272,-0.00029011592,0.042622082,0.00025504906,-0.00081540766,0.0006394349
25024000,0.00022236526,-0.000290318,0.042705398,0.00021221013,-0.0007859071,0.00062926253
25032000,0.00022034359,-0.0002904829,0.04278622,0.00016676263,-0.00077741715,0.0005830063
25040000,0.00021841805,-0.00029072596,0.042864613,0.00021463756,-0.0007772307,0.00056896347
25048000,0.00021675209,-0.00029103417,0.04288647,0.00020863635,-0.0007623023,0.00059173437
25056000,0.00021489077,-0.0002916606,0.042908024,0.00016712068,-0.00082675525,0.00059500814
25064000,0.00021265335,-0.0002926991,0.042928856,0.00011776517,-0.0008312456,0.00056822743
25072000,0.00021038282,-0.00029375087,0.04294936,0.00014042303,-0.00079812,0.00059970457
25080000,0.00020845344,-0.00029488973,0.042969365,0.0001870872,-0.0008329851,0.0005895761
25088000,0.00020656036,-0.00029620266,0.042988956,0.0001457074,-0.00079838734,0.0006036682
25096000,0.0002043774,-0.0002974374,0.043008067,0.000109877205,-0.00081457495,0.00058881426
25104000,0.00020198167,-0.0002992023,0.043023244,8.305136e-05,-0.0008640476,0.00056271505
25112000,0.00019945015,-0.0003011316,0.04303788,7.212711e-05,-0.0008494965,0.00054119685
25120000,0.00019617115,-0.00029994658,0.04304861,8.28156e-05,-0.0009073382,0.0005038113
25128000,0.00019299566,-0.00029929777,0.04305898,9.560179e-05,-0.00093339005,0.0004965863
25136000,0.00018990338,-0.0002990892,0.043069042,9.12366e-05,-0.0009830155,0.0004739198
25144000,0.00018694642,-0.0002994584,0.043078806,0.00011320887,-0.0010276207,0.0005056781
25156000,0.00018421997,-0.00030012944,0.04303844,0.00014091589,-0.001028872,0.00048353116
25160000,0.00018184262,-0.00030103236,0.042998917,0.00018570799,-0.001036701,0.0004292538
25168000,0.00017966655,-0.00030192832,0.042960208,0.00016885645,-0.0010116686,0.00040141013
25176000,0.00017722383,-0.0003030074,0.042922515,0.00012302003,-0.0010384998,0.00041582392
25184000,0.00017445865,-0.00030431978,0.042885903,7.913666e-05,-0.0010301735,0.00038247276
25192000,0.00017163955,-0.00030567832,0.04285007,9.528117e-05,-0.0010088814,0.00033570692
25200000,0.00016893767,-0.00030692987,0.042798754,9.702041e-05,-0.0009927405,0.00030792912
25208000,0.00016627654,-0.00030851204,0.04274857,9.0757494e-05,-0.0010353323,0.00023479693
25216000,0.00016343259,-0.0003101317,0.04269923,4.48441e-05,-0.000986965,0.0001987529
25224000,0.00016019367,-0.00031170246,0.042651072,-9.239699e-06,-0.00097162905,0.00016150715
25232000,0.00015677066,-0.00031326275,0.04260403,2.023845e-06,-0.00095684995,0.00016878214
25240000,0.00015368647,-0.00031480394,0.042558245,1.93988e-05,-0.0009368348,0.0001462276
25248000,0.00015035468,-0.00031646527,0.042493563,-3.5267258e-05,-0.00093939033,0.0001504862
25256000,0.00014671254,-0.00031816357,0.042430572,-7.677523e-05,-0.00094132556,0.00013053165
25264000,0.00014278133,-0.00032013538,0.04236908,-0.00010374848,-0.0009726414,9.1606824e-05
25272000,0.00013888869,-0.000322509,0.04230911,-9.715106e-05,-0.0010060156,9.2520444e-05
25280000,0.0001349678,-0.00032537966,0.04225073,-0.000109112516,-0.0010569037,7.802853e-05
25288000,0.00013096973,-0.00032829927,0.042193778,-0.00012247112,-0.0009939944,5.8482066e-05
25296000,0.0001270072,-0.00033092333,0.042138338,-0.00010466748,-0.00096863974,6.9642e-05
25304000,0.00012325514,-0.00033361276,0.042102378,-9.1274465e-05,-0.00096433767,3.3004162e-05
25312000,0.000119668184,-0.0003364897,0.042067353,-7.966471e-05,-0.0010018897,6.722658e-05
25320000,0.00011599722,-0.000339879,0.042033404,-9.375373e-05,-0.0010505808,6.8925285e-05
25328000,0.00011252383,-0.000340057,0.04199928,-6.6700613e-07,-0.0010920767,1.9028314e-05
25336000,0.00010957996,-0.00034060638,0.04196562,3.159299e-05,-0.0011265861,-2.4174999e-05
25344000,0.00010692851,-0.00034147082,0.041932624,5.598994e-05,-0.0011122364,-3.525181e-05
25352000,0.00010458493,-0.00034244233,0.041856334,8.762305e-05,-0.00113284,-6.436149e-05
25360000,0.000102234306,-0.00034375375,0.041781873,5.916203e-05,-0.001146024,-7.432906e-05
25368000,9.976619e-05,-0.00034535074,0.041709404,5.162312e-05,-0.0011713506,-8.783005e-05
25376000,9.73724e-05,-0.000347342,0.04163875,5.8501482e-05,-0.0011901532,-0.00011534651
25384000,9.495326e-05,-0.00034957778,0.041569885,2.8920358e-05,-0.0012152191,-0.00010559139
25392000,9.232424e-05,-0.0003521896,0.04150263,2.8612503e-05,-0.0012402777,-0.00017143221
25400000,8.9924135e-05,-0.00035504723,0.041504797,4.514263e-05,-0.0012491366,-0.00018081228
25408000,8.7712084e-05,-0.00035820223,0.041506533,8.016406e-05,-0.0012577261,-0.0002333135
25416000,8.5855594e-05,-0.0003612789,0.04150772,0.000116528856,-0.0012123632,-0.00028205337
25424000,8.433686e-05,-0.00036421468,0.04150832,0.00015821087,-0.0011683097,-0.000320677
25432000,8.291297e-05,-0.0003669433,0.04150887,0.00012655708,-0.001146746,-0.00028912927
25440000,8.147263e-05,-0.00036975578,0.041509252,0.00014592295,-0.0011514337,-0.0003136195
25448000,7.995292e-05,-0.00037264312,0.04147752,0.0001076409,-0.0011242329,-0.00033158268
25456000,7.83904e-05,-0.00037553522,0.041446462,0.00012910209,-0.0011289997,-0.0003420421
25464000,7.699649e-05,-0.00037856743,0.041415986,0.00012124285,-0.001117553,-0.00035628935
25472000,7.5364165e-05,-0.0003815998,0.04138641,6.410348e-05,-0.0011110455,-0.0003135938
25480000,7.348166e-05,-0.0003847383,0.04135782,8.018385e-05,-0.0011054882,-0.00028717864
25488000,7.2030176e-05,-0.00038811748,0.041330196,0.00014387195,-0.0011453279,-0.00023479399
25496000,7.1002076e-05,-0.00039171634,0.041303597,0.0001594782,-0.0011252819,-0.00021591669
25504000,6.9977476e-05,-0.0003953554,0.04125967,0.00015456796,-0.0011178775,-0.00020381968
25512000,6.906501e-05,-0.00039896017,0.041216716,0.00017171243,-0.001083762,-0.0002626541
25520000,6.816968e-05,-0.00040223124,0.041174583,0.00015683388,-0.0010185144,-0.00025829123
25528000,6.728254e-05,-0.00040532844,0.04113382,0.00016808762,-0.0009945192,-0.00020871662
25536000,6.6903725e-05,-0.0004035407,0.041095693,0.00015681057,-0.00091781403,-0.00025520002
25544000,6.6566725e-05,-0.0004016407,0.041058388,0.00016520538,-0.0009192169,-0.00023474701
25552000,6.6442495e-05,-0.00039994495,0.04098304,0.00020581881,-0.0009133403,-0.00020798601
25560000,6.665176e-05,-0.00039824707,0.040909808,0.00023993611,-0.0008898865,-0.00019783416
25568000,6.706339e-05,-0.00039658244,0.04083859,0.0002554337,-0.0008766283,-0.00022471152
25576000,6.742635e-05,-0.00039504506,0.040769078,0.00021537981,-0.0008817513,-0.00023904003
25584000,6.75761e-05,-0.0003936928,0.04070116,0.0002088892,-0.00087225856,-0.00028910473
25592000,6.796029e-05,-0.00039229324,0.040635023,0.00025187514,-0.00083537906,-0.00025604057
25600000,6.857237e-05,-0.0003908527,0.040556647,0.0002689108,-0.00082395005,-0.00029209006
25608000,6.940858e-05,-0.00038955323,0.040479947,0.00028349477,-0.0008339885,-0.0003497136
25616000,7.018624e-05,-0.00038875412,0.040404905,0.00027809612,-0.0008959992,-0.00037317176
25624000,7.125975e-05,-0.00038813823,0.04033196,0.00034060457,-0.0008533591,-0.0003529075
25632000,7.2759256e-05,-0.00038745734,0.04026102,0.00035874205,-0.0008376946,-0.00034017136
25640000,7.437815e-05,-0.00038703118,0.04019209,0.00039005675,-0.0008891799,-0.0003347417
25648000,7.631897e-05,-0.0003870953,0.04017093,0.00041067565,-0.00091117196,-0.00034647516
25656000,7.83094e-05,-0.0003871082,0.040150236,0.00041193055,-0.0008361014,-0.00035449403
25664000,8.0436716e-05,-0.0003865146,0.040129885,0.00042907533,-0.0007393843,-0.0003608474
25672000,8.282373e-05,-0.00038543035,0.04010986,0.00048084234,-0.00068869593,-0.00039414666
25680000,8.553999e-05,-0.00038432574,0.040090274,0.0004937134,-0.000690068,-0.0003548682
25688000,8.819584e-05,-0.0003832961,0.040071227,0.00046406648,-0.00066977995,-0.00037806277
25696000,9.070842e-05,-0.00038229482,0.04005281,0.00046499216,-0.0006686763,-0.00030571994
25704000,9.337308e-05,-0.00038125966,0.040034488,0.00047386836,-0.00064007886,-0.00029012444
25712000,9.598835e-05,-0.00038037388,0.040016778,0.00045652798,-0.0006501526,-0.00025714346
25720000,9.8551674e-05,-0.00037961328,0.039999537,0.00046720606,-0.0006414446,-0.00028683082
25728000,0.000101065176,-0.0003789301,0.039982572,0.00043941123,-0.00065043743,-0.00028970616
25736000,0.00010373452,-0.00037839095,0.039965976,0.0004859526,-0.00064628234,-0.00025901294
25744000,0.000106689,-0.00037319967,0.039952002,0.00055509986,-0.000610772,-0.00022722973
25752000,0.000109954904,-0.00036802999,0.040011678,0.0005501921,-0.0006382273,-0.00024957134
25760000,0.00011314248,-0.00036318527,0.040069565,0.00052502856,-0.000614616,-0.00023167432
25768000,0.00011598997,-0.0003582917,0.040125977,0.0004762975,-0.00059944723,-0.00021141573
25776000,0.000118633754,-0.00035341506,0.04018064,0.000458277,-0.00057875726,-0.00023019672
25784000,0.00012128731,-0.00034845356,0.040233668,0.00048095555,-0.00052094844,-0.0002456485
25792000,0.00012408754,-0.00034341952,0.04028509,0.00048980425,-0.00052269606,-0.00021958201
25800000,0.00012708799,-0.0003385732,0.04031048,0.0005204262,-0.0005205265,-0.00024914622
25808000,0.00013027767,-0.00033377745,0.040334854,0.00052816735,-0.0005032094,-0.0002522598
25816000,0.00013343632,-0.0003293232,0.040358774,0.00052904343,-0.0005426016,-0.00019671103
25824000,0.00013671473,-0.00032493667,0.040382255,0.0005308786,-0.0004920726,-0.00019645062
25832000,0.00014006652,-0.00032056813,0.040404845,0.00055992964,-0.0005071068,-0.0002113581
25840000,0.00014349443,-0.00031642203,0.04042663,0.0005440916,-0.00051218364,-0.00024147217
25848000,0.00014713037,-0.00031223972,0.04043746,0.0006027904,-0.00044161262,-0.00030677984
25856000,0.00015123896,-0.00030778744,0.04044732,0.00063918094,-0.00042259935,-0.00035989546
25864000,0.00015535591,-0.00030360356,0.040456653,0.0006269825,-0.0004531904,-0.0003726321
25872000,0.00015957443,-0.00029954637,0.040465496,0.00064915756,-0.00043461804,-0.00038466626
25880000,0.00016401922,-0.00029552385,0.040473875,0.0006839624,-0.00043279177,-0.00041360603
25888000,0.00016875865,-0.00029183415,0.04048197,0.00071435404,-0.00045373238,-0.00035668808
25896000,0.00017347044,-0.00028838782,0.040490065,0.0006890931,-0.00046912537,-0.00037603182
25904000,0.00017838515,-0.00028502056,0.04052671,0.00074305094,-0.00044156474,-0.00035520465
25912000,0.00018365541,-0.00028186062,0.04056229,0.00077469414,-0.00047770052,-0.00039164198
25920000,0.00018905042,-0.0002790244,0.040596306,0.0007730436,-0.0004861871,-0.0004554784
25928000,0.00019428179,-0.0002762335,0.040628944,0.00073588284,-0.00046513035,-0.0004626865
25936000,0.00019925558,-0.00027358969,0.040660717,0.00071036955,-0.0004799917,-0.0004363075
25944000,0.00020427695,-0.00027128978,0.040691458,0.0007477115,-0.0005165438,-0.0004721042
25952000,0.00020795892,-0.00026602502,0.040750034,0.00075599796,-0.000524801,-0.00044137964
25960000,0.00021174162,-0.0002609936,0.040806863,0.00074658776,-0.0005307576,-0.0004770228
25968000,0.0002152153,-0.00025623926,0.040861912,0.00069121,-0.0005389941,-0.00045238363
25976000,0.00021838695,-0.0002514703,0.04091538,0.0006773475,-0.0005046253,-0.00044865656
25984000,0.00022156048,-0.0002468213,0.040967405,0.00065744016,-0.0005051249,-0.00041571286
25992000,0.00022457632,-0.00024228031,0.04101812,0.0006489376,-0.0005035449,-0.0003998865
26000000,0.00022745546,-0.00023794081,0.041067276,0.0006125651,-0.00050193665,-0.0003886828
26008000,0.00023033802,-0.00023399417,0.041114964,0.0006438954,-0.0005584961,-0.00036216108
26016000,0.00023328338,-0.00023037459,0.041161645,0.00061591034,-0.00053950975,-0.0003075431
26024000,0.0002359076,-0.00022674004,0.04120715,0.0005690341,-0.0005173594,-0.00031268154
26032000,0.00023858757,-0.00022301746,0.041251175,0.0006252902,-0.0004767397,-0.00033923157
26040000,0.00024157885,-0.00021925125,0.04129327,0.00062508666,-0.0004671717,-0.00045457593
26048000,0.00024445937,-0.0002156753,0.041315917,0.0005949332,-0.00048812528,-0.000435434
26056000,0.00024717953,-0.00021226212,0.04133816,0.00058744627,-0.00044604766,-0.00040293342
26064000,0.0002499159,-0.00020855265,0.041359533,0.00061073573,-0.00039147152,-0.00044225933
26072000,0.00025287663,-0.00020489225,0.04138011,0.0006015901,-0.00041323408,-0.00044650823
26080000,0.0002557364,-0.00020152773,0.041399933,0.0006080416,-0.00044229542,-0.0004455846
26088000,0.0002589256,-0.00019833865,0.041419145,0.0006623944,-0.00040902355,-0.00044723102
26096000,0.0002623061,-0.0001950539,0.041437697,0.00065423985,-0.0003856668,-0.00043817962
26104000,0.00026551742,-0.00019201219,0.041481465,0.00062122254,-0.00043582183,-0.0004146593
26112000,0.00026870365,-0.00018943254,0.041523878,0.0006343822,-0.00045506953,-0.00044116663
26120000,0.0002718442,-0.0001869937,0.04156486,0.00061210373,-0.00044192327,-0.00043640038
26128000,0.00027475503,-0.0001845917,0.041604728,0.0005775765,-0.00041409564,-0.00041783566
26136000,0.0002776605,-0.00018204241,0.041643307,0.0006000639,-0.00039056872,-0.00045027368
26144000,0.00028068686,-0.00017956735,0.0416804,0.00060224516,-0.00037925158,-0.00048929057
26152000,0.00028377667,-0.00017712703,0.041711874,0.0006098838,-0.00038356488,-0.00048530617
26160000,0.00028435455,-0.00017271673,0.041743584,0.000631167,-0.00039348958,-0.00045362438
26168000,0.00028498375,-0.00016855737,0.041774403,0.0006084018,-0.0004148881,-0.00043932683
26176000,0.00028549353,-0.00016460259,0.041804582,0.00059643603,-0.0004017351,-0.00039397395
26184000,0.0002858776,-0.00016066927,0.041833974,0.0005636157,-0.00038159292,-0.00038055354
26192000,0.00028595273,-0.0001568654,0.04186255,0.00049749954,-0.00037905845,-0.0003834383
26200000,0.00028587223,-0.00015298976,0.041871924,0.0005304596,-0.00034399415,-0.0003935271
26208000,0.00028627078,-0.00014914463,0.041880842,0.00059951266,-0.00033719285,-0.0003999114
26216000,0.00028695044,-0.00014541452,0.041889347,0.0005683207,-0.00034345497,-0.00043028733
26224000,0.00028751866,-0.00014206977,0.041897286,0.000591791,-0.00037516432,-0.00044069518
26232000,0.0002885406,-0.00013899102,0.041904937,0.0006273857,-0.00040437252,-0.00040928856
26240000,0.0002896571,-0.00013619695,0.04191271,0.0006442801,-0.0003770992,-0.00036145403
26248000,0.00029098487,-0.00013341282,0.04188549,0.0006464486,-0.00038222293,-0.00038744087
26256000,0.00029207906,-0.00013082617,0.04185881,0.00058235566,-0.0003891076,-0.00040495413
26264000,0.00029298864,-0.00012821423,0.04183253,0.00057966326,-0.0003439026,-0.00043190797
26272000,0.0002936901,-0.0001254389,0.041806776,0.00053800404,-0.00032512686,-0.00044994935
26280000,0.00029424144,-0.00012275773,0.04178138,0.00052282057,-0.00031006002,-0.00047044925
26288000,0.0002948313,-0.00012012588,0.04175695,0.0005347973,-0.0003124105,-0.00038453375
26296000,0.00029552344,-0.000117611504,0.041733347,0.00052663934,-0.00029773443,-0.0003982537
26304000,0.00029603337,-0.00011491746,0.041720126,0.0004927491,-0.0002506904,-0.00046106867
26312000,0.00029632926,-0.00011225434,0.04170707,0.00046597508,-0.00027971496,-0.00042181835
26320000,0.00029640645,-0.00011002418,0.04169431,0.00043759498,-0.00029943264,-0.00047256806
26328000,0.00029643014,-0.00010809365,0.041681375,0.0004201129,-0.0003396072,-0.00048475858
26336000,0.00029617432,-0.00010658656,0.04166884,0.00036276932,-0.0003717818,-0.0004546501
26344000,0.00029535868,-0.000105370294,0.04165678,0.0002907639,-0.00039041776,-0.0004179834
26352000,0.00029432517,-0.00010447964,0.041635502,0.00027952145,-0.00039431907,-0.0004303608
26360000,0.00029316457,-0.00010355491,0.041614518,0.000256522,-0.00035771925,-0.0004568278
26368000,0.0002892524,-0.000100424615,0.041596547,0.00020050739,-0.0003328912,-0.00046692655
26376000,0.00028538128,-9.742563e-05,0.041578896,0.00022536454,-0.00033799463,-0.00047013076
26384000,0.00028171047,-9.4552786e-05,0.041561965,0.00023977183,-0.000331444,-0.00039378618
26392000,0.00027809665,-9.206582e-05,0.041545708,0.0002350257,-0.00039872606,-0.00038451632
26400000,0.00027464496,-9.0019785e-05,0.041517727,0.0002420348,-0.00039025006,-0.0003273815
26408000,0.0002713869,-8.812343e-05,0.041490853,0.00028071977,-0.00042792107,-0.00027437753
26416000,0.00026839375,-8.636648e-05,0.041464694,0.00027753142,-0.0003727882,-0.00031951675
26424000,0.0002652156,-8.432916e-05,0.041438896,0.00022921676,-0.0003372474,-0.00032849226
26432000,0.0002617667,-8.238748e-05,0.04141384,0.0001947564,-0.00034447122,-0.00031362817
26440000,0.00025811716,-8.032142e-05,0.041389383,0.00015136946,-0.0002890753,-0.00031134405
26448000,0.0002540455,-7.8017285e-05,0.04127868,9.1513284e-05,-0.00024257868,-0.0003412389
26456000,0.00024972847,-7.548563e-05,0.041170586,6.848296e-05,-0.00021924719,-0.00038712396
26464000,0.00024537087,-7.2989584e-05,0.041065287,6.85011e-05,-0.0001975762,-0.00039437655
26472000,0.00024110479,-7.0390764e-05,0.040962715,7.299443e-05,-0.00017821515,-0.00040669827
26480000,0.00023672773,-6.784299e-05,0.040862832,9.111447e-06,-0.00017001314,-0.0004279893
26488000,0.00023193343,-6.5343e-05,0.040765334,-1.856027e-05,-0.00017836293,-0.00045903874
26496000,0.00022704294,-6.300844e-05,0.0406704,-4.4845063e-05,-0.00017421038,-0.00047763606
26504000,0.00022193424,-6.0805218e-05,0.040586025,-8.65456e-05,-0.00017262324,-0.00048133428
26512000,0.00021641915,-5.8630834e-05,0.040504176,-0.00014872076,-0.00015544405,-0.00042592382
26520000,0.00021058657,-5.6454992e-05,0.040424436,-0.0001965294,-0.00013672234,-0.0005055986
26528000,0.00020439044,-5.405212e-05,0.040346146,-0.00023285086,-0.00010089995,-0.0005629044
26536000,0.0001981236,-5.189817e-05,0.04026956,-0.00023307263,-0.00015036442,-0.0005938716
26544000,0.00019200165,-5.0008406e-05,0.040194795,-0.00023881854,-0.00014737692,-0.0006167928
26552000,0.00018555901,-4.835261e-05,0.04007401,-0.0002996693,-0.00016461585,-0.0006232548
26560000,0.00017879602,-4.6732122e-05,0.0399567,-0.00033523093,-0.00014784705,-0.00057429884
26568000,0.00017198984,-4.5147564e-05,0.039842714,-0.00033160695,-0.00014895132,-0.00058842025
26576000,0.00016395381,-4.172864e-05,0.03973563,-0.0003009971,-0.00013494851,-0.00062774296
26584000,0.00015614677,-3.8284634e-05,0.03963153,-0.00029005102,-0.00012515255,-0.00058212277
26592000,0.00014860666,-3.482361e-05,0.03953032,-0.00026732354,-9.774981e-05,-0.0005824911
26600000,0.00014097932,-3.1415235e-05,0.039427932,-0.00032185638,-0.00012162067,-0.0005385649
26608000,0.0001331098,-2.8442862e-05,0.0393286,-0.00033948032,-0.00015080892,-0.0005026828
26616000,0.00012500201,-2.5846633e-05,0.039232265,-0.00041056814,-0.00019862411,-0.00044965322
26624000,0.000116621726,-2.3628332e-05,0.039138567,-0.0004077238,-0.00020728375,-0.00048128347
26632000,0.00010838695,-2.1597885e-05,0.03904743,-0.0004079075,-0.0002349451,-0.00044954015
26640000,0.00010027604,-1.992535e-05,0.03895886,-0.00039507085,-0.00024903464,-0.00044728207
26648000,9.243249e-05,-1.8469489e-05,0.038836066,-0.0003660351,-0.00026477507,-0.00047324412
26656000,8.478735e-05,-1.7124948e-05,0.03871653,-0.00035956083,-0.00026173293,-0.00046903387
26664000,7.721412e-05,-1.587193e-05,0.038599934,-0.00036263085,-0.00025350074,-0.0005373509
26672000,6.963419e-05,-1.4634726e-05,0.03848636,-0.00038884277,-0.00024758905,-0.00051629083
26680000,6.177385e-05,-1.338014e-05,0.038375825,-0.0004344046,-0.00022096607,-0.00051522115
26688000,5.381342e-05,-1.2063915e-05,0.038268413,-0.0004546877,-0.00020229451,-0.0005291353
26696000,4.5766443e-05,-1.073177e-05,0.038163632,-0.00044064553,-0.00019727657,-0.0005383373
26708000,3.796778e-05,-9.8189985e-06,0.038059343,-0.00044302395,-0.00026490624,-0.00053465145
26712000,3.0058229e-05,-9.0708945e-06,0.037958,-0.00046948003,-0.00023843185,-0.00050406036
26720000,2.2065642e-05,-8.524983e-06,0.037859604,-0.0004766733,-0.00028626,-0.00048195754
26728000,1.4300513e-05,-8.164504e-06,0.037764017,-0.00044439227,-0.00024253114,-0.0004523421
26740000,6.4716605e-06,-7.888161e-06,0.037671197,-0.00047110964,-0.00030822668,-0.00045394187
26744000,-1.1806733e-06,-8.063958e-06,0.037580665,-0.00045885984,-0.00033933026,-0.0004944078
26752000,-8.935145e-06,-8.615322e-06,0.03754098,-0.00050060416,-0.00035526475,-0.0004685313
26760000,-1.6810913e-05,-9.31218e-06,0.037502643,-0.00049817294,-0.0003692261,-0.000412501
26768000,-2.4568679e-05,-1.0420276e-05,0.037465706,-0.00049158203,-0.00042736222,-0.0003850067
26776000,-3.2288888e-05,-1.1966709e-05,0.037429664,-0.00048891513,-0.00045329102,-0.00040007196
26784000,-3.8792874e-05,-1.2299965e-05,0.03739811,-0.00047590124,-0.00045949288,-0.0003530666
26792000,-4.535038e-05,-1.2847642e-05,0.03736751,-0.0004929453,-0.00048311494,-0.0003674245
26800000,-5.1738487e-05,-1.3548909e-05,0.03735379,-0.0004543897,-0.00047637793,-0.00036842455
26808000,-5.782111e-05,-1.4371336e-05,0.0373407,-0.0004257064,-0.0004647933,-0.00031624184
26816000,-6.355214e-05,-1.4945199e-05,0.03732806,-0.00040141167,-0.00042630977,-0.00031293748
26824000,-6.9149006e-05,-1.5498032e-05,0.037315868,-0.00037601916,-0.00042971136,-0.0003088228
26832000,-7.474538e-05,-1.6204234e-05,0.037303574,-0.00043327519,-0.00041650728,-0.00038394972
26840000,-8.063261e-05,-1.6889491e-05,0.03729156,-0.00045646608,-0.00042021714,-0.0003357884
26848000,-8.643424e-05,-1.777933e-05,0.037249275,-0.000414128,-0.00043917738,-0.0003616571
26856000,-9.1885726e-05,-1.8906088e-05,0.037207913,-0.00040274157,-0.00045484139,-0.00036215608
26864000,-9.7337026e-05,-2.020109e-05,0.037167918,-0.00040283555,-0.00045267824,-0.00034626832
26872000,-0.000102574595,-2.138187e-05,0.037128787,-0.00037880184,-0.00041898718,-0.00038050313
26880000,-0.00010773996,-2.2531904e-05,0.037090693,-0.00038357935,-0.00042725063,-0.00036174996
26888000,-0.00011272034,-2.382965e-05,0.03705352,-0.00036008196,-0.0004305349,-0.00041806712
26896000,-0.000117409625,-2.5274685e-05,0.037016954,-0.00031521783,-0.00042180056,-0.00043187893
26904000,-0.00012168762,-2.6529206e-05,0.037006937,-0.00026608031,-0.00039300148,-0.00041341948
26912000,-0.00012541655,-2.78834e-05,0.036997344,-0.00021081591,-0.0004035344,-0.0003904289
26920000,-0.00012891438,-2.9507592e-05,0.036988057,-0.00020765007,-0.00047195543,-0.0003782698
26928000,-0.00013232107,-3.168756e-05,0.036978964,-0.00019938088,-0.00048645202,-0.00040653505
26936000,-0.00013572452,-3.3930086e-05,0.036969952,-0.00022568458,-0.00047941483,-0.00038820112
26944000,-0.00013930284,-3.5985675e-05,0.036961276,-0.00024105067,-0.0004135369,-0.0003805479
26952000,-0.00014279547,-3.760587e-05,0.036987066,-0.00021468372,-0.00036992025,-0.0003329265
26960000,-0.00014584784,-3.9215844e-05,0.037012253,-0.00015407051,-0.0003766574,-0.00032492774
26968000,-0.00014857383,-4.087692e-05,0.037036955,-0.00015647472,-0.0003751181,-0.00028932933
26976000,-0.00015150571,-4.254248e-05,0.03706085,-0.0001987785,-0.0003558995,-0.00033607602
26984000,-0.00015457801,-4.4221568e-05,0.037083834,-0.00021478035,-0.00036341522,-0.00034045303
26992000,-0.00015555193,-4.3872053e-05,0.03710699,-0.00023400054,-0.00031469556,-0.00037632883
27000000,-0.00015644828,-4.3234973e-05,0.037092883,-0.00019985643,-0.0002889718,-0.00047785015
27008000,-0.00015699145,-4.2673477e-05,0.03707857,-0.00015876809,-0.00029329443,-0.00049838255
27016000,-0.00015716987,-4.240527e-05,0.037064135,-0.00011759333,-0.0003461157,-0.00060319057
27024000,-0.00015707547,-4.268031e-05,0.037049446,-9.1659436e-05,-0.0003932855,-0.0006151289
27032000,-0.0001567743,-4.3227952e-05,0.037035022,-5.722011e-05,-0.00039971044,-0.000649834
27040000,-0.00015617108,-4.3874345e-05,0.03702069,-3.472782e-05,-0.00040419336,-0.00065224944
27048000,-0.00015531677,-4.4630593e-05,0.036943942,2.9810733e-06,-0.00040539974,-0.00063294556
27056000,-0.00015427847,-4.555118e-05,0.036869146,2.2681652e-05,-0.00039773434,-0.0006820953
27064000,-0.0001529576,-4.6071043e-05,0.03679595,6.214966e-05,-0.0003041462,-0.0007235409
27072000,-0.0001512865,-4.6152865e-05,0.036724415,9.519317e-05,-0.00028203303,-0.0007529656
27080000,-0.00014973254,-4.631185e-05,0.036654737,4.564305e-05,-0.00027115896,-0.00073525537
27088000,-0.00014845177,-4.6468987e-05,0.03658688,3.24394e-05,-0.00028353996,-0.0007426029
27096000,-0.00014736167,-4.6686317e-05,0.03652095,-2.1331849e-05,-0.0002562669,-0.0007075997
27108000,-0.00014651619,-4.669934e-05,0.036498163,-2.473673e-05,-0.00023434247,-0.0006940322
27112000,-0.00014574551,-4.6789777e-05,0.036476098,-2.7163242e-05,-0.00022433429,-0.0006551929
27120000,-0.00014469375,-4.6849058e-05,0.036454573,1.772439e-05,-0.00023524444,-0.0006837489
27128000,-0.0001435016,-4.7299363e-05,0.03643355,1.55643e-05,-0.0003029053,-0.0006487865
27136000,-0.00014216143,-4.826279e-05,0.036413185,6.0523478e-05,-0.00032891895,-0.0006287456
27144000,-0.000140394,-4.9481412e-05,0.03639357,9.2796334e-05,-0.00035352857,-0.0005940403
27152000,-0.0001384943,-5.0644063e-05,0.036322847,0.00011062512,-0.0003233459,-0.00059097423
27160000,-0.00013636392,-5.2050043e-05,0.0362538,0.00012440754,-0.00036457877,-0.0006329426
27168000,-0.00013438576,-5.335634e-05,0.03618648,0.000100390156,-0.00028746392,-0.00062532024
27176000,-0.00013237337,-5.421146e-05,0.03612088,0.00011306953,-0.00024763198,-0.0006579657
27184000,-0.00013024363,-5.518152e-05,0.036056656,0.00014051565,-0.00030316124,-0.0006903523
27192000,-0.0001279208,-5.6641886e-05,0.03599389,0.00015408578,-0.0003262699,-0.00071912
27200000,-0.00012417942,-5.553503e-05,0.035922654,0.00016776714,-0.00027798972,-0.00069501746
27208000,-0.00012059161,-5.4412663e-05,0.035853412,0.00013024073,-0.00028271947,-0.00071087974
27216000,-0.000117042684,-5.345371e-05,0.035785835,0.00016320946,-0.00031577665,-0.0007007502
27224000,-0.000113125745,-5.290466e-05,0.03571987,0.00021648438,-0.00032609949,-0.00077308656
27232000,-0.00010885458,-5.2395615e-05,0.03565545,0.0002688337,-0.0003428292,-0.0007538578
27240000,-0.00010424483,-5.2177365e-05,0.03559283,0.00028912362,-0.00035110008,-0.00072605885
27248000,-9.963409e-05,-5.2034047e-05,0.03549447,0.00027801614,-0.00034673075,-0.0007603799
27256000,-9.490676e-05,-5.1850813e-05,0.03539865,0.00031635276,-0.00030689375,-0.0007516416
27264000,-9.012298e-05,-5.14345e-05,0.035305347,0.0002902413,-0.0002841165,-0.00077724794
27272000,-8.5561245e-05,-5.090469e-05,0.03521421,0.00028404253,-0.0002472444,-0.0008194648
27280000,-8.091118e-05,-5.030915e-05,0.035125256,0.00031178255,-0.00025652943,-0.0008458726
27288000,-7.607375e-05,-4.9760874e-05,0.035038453,0.00032972457,-0.00023857782,-0.00085446116
27296000,-7.114803e-05,-4.909411e-05,0.03495387,0.00033890913,-0.00021096444,-0.0008684033
27304000,-6.614478e-05,-4.8424314e-05,0.034852684,0.0003565457,-0.00021114996,-0.0008482388
27312000,-6.0972397e-05,-4.7800153e-05,0.034754224,0.00038477546,-0.00020394284,-0.0008544977
27320000,-5.5616318e-05,-4.7249996e-05,0.034658406,0.00038757428,-0.0002056483,-0.00083084876
27328000,-5.0337185e-05,-4.6667014e-05,0.034565635,0.00038709183,-0.00018584952,-0.00073468074
27336000,-4.499672e-05,-4.5911198e-05,0.034475844,0.0004074,-0.0001503487,-0.0007157786
27344000,-3.947576e-05,-4.525786e-05,0.03438826,0.0004241755,-0.00018324306,-0.000787347
27352000,-3.3873595e-05,-4.4851975e-05,0.03427563,0.0004396656,-0.00020123272,-0.0008217552
27360000,-2.8226987e-05,-4.4720946e-05,0.03416573,0.00043533873,-0.00023824236,-0.0008696412
27368000,-2.2542958e-05,-4.5100394e-05,0.034058616,0.000461259,-0.00030209654,-0.00083757844
27376000,-1.6795131e-05,-4.555672e-05,0.033955023,0.0004506083,-0.0002286801,-0.0007449307
27384000,-1.1078034e-05,-4.5566037e-05,0.033854697,0.00044676382,-0.00019845345,-0.00069234025
27392000,-5.4016296e-06,-4.5636247e-05,0.033757363,0.00045734708,-0.00022581937,-0.00067412545
27400000,2.1081598e-07,-4.601445e-05,0.03368813,0.00043327408,-0.00024463973,-0.0006950677
27408000,5.1502047e-06,-4.4505497e-05,0.033626176,0.00045913077,-0.00025742935,-0.0006639394
27416000,1.0412751e-05,-4.28402e-05,0.033566147,0.00048798905,-0.00017992072,-0.00061239064
27424000,1.579339e-05,-4.0924515e-05,0.033508163,0.0005040772,-0.00019197204,-0.00056906353
27432000,2.1407663e-05,-3.92289e-05,0.033452068,0.000540893,-0.00019295159,-0.00052564905
27440000,2.7064701e-05,-3.7663925e-05,0.03339766,0.000518439,-0.00021761544,-0.00053230656
27448000,3.2480104e-05,-3.642328e-05,0.033339683,0.0004983116,-0.00023160246,-0.00057670113
27456000,3.7935246e-05,-3.5183068e-05,0.03328312,0.00052081636,-0.0001995739,-0.0005643728
27464000,4.3597447e-05,-3.386859e-05,0.033228405,0.0005536879,-0.00019845593,-0.00050010637
27472000,4.9535716e-05,-3.2469197e-05,0.033175536,0.00059493707,-0.0001677384,-0.0004823671
27480000,5.5527067e-05,-3.1184813e-05,0.03312423,0.00058269146,-0.00019540191,-0.0004470225
27488000,6.155021e-05,-3.0147163e-05,0.033074684,0.0005891149,-0.00020263935,-0.0004204682
27496000,6.748643e-05,-2.9200364e-05,0.033026535,0.00056990987,-0.0002173621,-0.00041697422
27504000,7.3306976e-05,-2.845404e-05,0.032998722,0.0005671338,-0.00020236801,-0.00047074156
27512000,7.912594e-05,-2.7620916e-05,0.032971118,0.00058532564,-0.00022149055,-0.0005066961
27520000,8.5268184e-05,-2.7253114e-05,0.03294423,0.00062722125,-0.00025678097,-0.00052585866
27528000,9.158131e-05,-2.6952497e-05,0.032917675,0.0006516548,-0.00023239768,-0.0005686488
27536000,9.8043674e-05,-2.6522493e-05,0.03289168,0.0006581926,-0.00022078487,-0.0005671288
27544000,0.000104572944,-2.6020889e-05,0.032866463,0.00069098524,-0.00018604555,-0.0005344046
27552000,0.000111395355,-2.5633715e-05,0.032837763,0.0007203768,-0.00023429925,-0.00051871815
27560000,0.000118372096,-2.55209e-05,0.03281009,0.00072451064,-0.00023266763,-0.00045678113
27568000,0.00012533218,-2.5302135e-05,0.0327835,0.0007345998,-0.00020252542,-0.00045502692
27576000,0.0001322152,-2.5226343e-05,0.03275781,0.0006987016,-0.00022772347,-0.0003930358
27584000,0.0001389678,-2.5079884e-05,0.032733053,0.00072240934,-0.0001898374,-0.00038455267
27592000,0.00014582406,-2.4711679e-05,0.03270916,0.0007250969,-0.00014215033,-0.00038037825
27600000,0.00015256747,-2.4232017e-05,0.032686755,0.0007052801,-0.00016116741,-0.00044252505
27608000,0.00015933183,-2.3982659e-05,0.032664746,0.0007277568,-0.00015593975,-0.0004223863
27616000,0.00016420655,-2.2090897e-05,0.03264611,0.0007641649,-0.00015974008,-0.00044641673
27624000,0.00016933796,-2.0357094e-05,0.03262756,0.0007902655,-0.00014318364,-0.0004999549
27632000,0.00017459346,-1.8508734e-05,0.032609254,0.0007894182,-0.00013995147,-0.00051135925
27640000,0.00017987122,-1.6823937e-05,0.03259124,0.0007963631,-0.00014057264,-0.00054025213
27648000,0.00018496717,-1.532939e-05,0.032611415,0.00073985464,-0.00017822415,-0.0005246294
27656000,0.00018967282,-1.3936656e-05,0.03263103,0.0007125098,-0.00013753612,-0.0005267547
27664000,0.00019440446,-1.2389731e-05,0.032650113,0.00074777415,-0.00012730119,-0.00050431717
27672000,0.00019946664,-1.0926931e-05,0.032668978,0.0007629665,-0.0001264383,-0.00044716932
27680000,0.00020442324,-9.443455e-06,0.03268777,0.00075059856,-0.000107569576,-0.00037851272
27688000,0.00020920722,-7.764229e-06,0.032706335,0.00069327035,-5.481212e-05,-0.00036611085
27696000,0.0002136894,-5.8665432e-06,0.032724712,0.00069671357,-5.3670876e-05,-0.0002866609
27704000,0.00021826607,-4.1017092e-06,0.032749444,0.00071771856,-3.8140537e-05,-0.00027423954
27712000,0.00022305346,-1.9796105e-06,0.03277321,0.0007322282,3.1658336e-05,-0.00033575803
27720000,0.00022781269,3.8834185e-07,0.032796156,0.0007155644,3.5283556e-05,-0.00030821655
27728000,0.00023242804,2.703405e-06,0.032818437,0.00071518053,4.8505368e-05,-0.00035275286
27736000,0.00023731921,4.7971325e-06,0.032839973,0.0007497545,3.3330984e-06,-0.00034261824
27744000,0.00024220557,6.7937917e-06,0.032861006,0.0007412471,4.1995438e-05,-0.0003147161
27752000,0.0002471332,9.0500225e-06,0.032894924,0.0007446062,8.384543e-05,-0.0003273481
27760000,0.0002520114,1.1564268e-05,0.032927845,0.0007197106,0.00010946485,-0.0003313346
27768000,0.000256532,1.3990401e-05,0.0329598,0.0006924917,9.601955e-05,-0.00033067988
27776000,0.00026121587,1.6399908e-05,0.032990757,0.0007330041,0.00011472255,-0.00035412106
27784000,0.00026600054,1.8988141e-05,0.033020835,0.00071248424,0.00015914495,-0.00033639855
27792000,0.00027048468,2.1653384e-05,0.033050228,0.0006592153,0.00015012712,-0.00031254516
27800000,0.00027471865,2.4310724e-05,0.033074275,0.0006701957,0.0001615505,-0.00029901223
27808000,0.0002792103,2.6915228e-05,0.03309761,0.0007044474,0.00017584294,-0.00031047972
27816000,0.0002836848,2.9662004e-05,0.03312046,0.0006599065,0.00020070803,-0.00028227762
27824000,0.00028466017,3.4035336e-05,0.03314407,0.0006139409,0.0002642028,-0.00026414453
27832000,0.00028552688,3.8856735e-05,0.03316734,0.0006172488,0.00031999667,-0.00022351524
27840000,0.00028638256,4.382552e-05,0.033190213,0.00059341936,0.0003271692,-0.00019766542
27848000,0.00028720134,4.8775048e-05,0.03317687,0.0006268129,0.0003327385,-0.00020984666
27856000,0.00028838575,5.361049e-05,0.033163834,0.00064906187,0.00033024146,-0.0001978414
27864000,0.00028953105,5.8556874e-05,0.033151306,0.0006001712,0.00036587406,-0.00018295438
27872000,0.0002903247,6.348675e-05,0.03313922,0.0005650944,0.00035233528,-0.00019870214
27880000,0.0002910151,6.822929e-05,0.033127487,0.0005639195,0.0003358094,-0.00018987175
27888000,0.00029171217,7.276823e-05,0.03311598,0.000551213,0.0003265524,-0.00022577246
27896000,0.00029239774,7.7079814e-05,0.033104554,0.0005617691,0.00028943268,-0.00025102
27904000,0.00029315482,8.098442e-05,0.033127166,0.00055437034,0.00024691958,-0.00024414645
27912000,0.00029383344,8.459275e-05,0.03314923,0.0005245936,0.00023825052,-0.00025659127
27920000,0.00029433766,8.8016845e-05,0.033170246,0.00051363243,0.00020989424,-0.0003317922
27928000,0.00029483938,9.120877e-05,0.033190493,0.0005033284,0.00019557982,-0.00030287192
27936000,0.00029513726,9.439765e-05,0.033210438,0.00045241907,0.00023041213,-0.00026277752
27944000,0.0002950733,9.7801145e-05,0.033230133,0.00043554872,0.00025796966,-0.00022992061
27952000,0.0002952361,0.00010142633,0.03324694,0.000472192,0.00030692286,-0.00019627888
27960000,0.00029536732,0.00010509825,0.033263415,0.00042213695,0.00028605983,-0.00019337243
27968000,0.00029502463,0.00010855407,0.03327936,0.0003556481,0.00026848962,-0.00021190819
27976000,0.00029461595,0.00011203819,0.033294655,0.00039742287,0.00030671203,-0.0002444895
27984000,0.00029455236,0.00011602358,0.033309527,0.00042846325,0.0004175572,-0.00022820543
27992000,0.00029488903,0.00012050552,0.033324227,0.00049627863,0.0004237374,-0.00016498372
28000000,0.0002956084,0.00012504256,0.03334271,0.0004916167,0.00047580598,-0.00015007226
28008000,0.00029623756,0.00012999865,0.033360824,0.00048025345,0.0005195595,-0.00014765465
28016000,0.00029669105,0.00013520985,0.033378482,0.00044761287,0.0005574866,-0.00013572743
28024000,0.00029696478,0.00014066866,0.033395767,0.00041231667,0.0005991166,-0.00011589766
28032000,0.00029409525,0.00014619985,0.03341304,0.00037865725,0.00054472033,-9.667425e-05
28040000,0.00029131572,0.00015148564,0.03342989,0.0004047149,0.0005734814,-0.00012325196
28048000,0.00028878739,0.00015680588,0.033438154,0.00041685565,0.00055711245,-0.00010599896
28056000,0.00028622668,0.00016223555,0.03344644,0.00040288665,0.0006092439,-6.7007546e-05
28064000,0.00028375152,0.00016763357,0.033454783,0.0004167664,0.0005770326,-5.144326e-05
28072000,0.00028140267,0.00017295752,0.033462945,0.0003878692,0.0006046249,-6.100732e-05
28080000,0.00027861338,0.00017832822,0.03347078,0.0003125107,0.00058146456,-7.5294985e-05
28088000,0.00027537526,0.0001833228,0.033478558,0.0002655434,0.00054280483,-5.611342e-05
28096000,0.00027224197,0.00018814825,0.033486076,0.00031409826,0.0005652937,-8.473627e-05
28108000,0.00026925636,0.00019350807,0.033492435,0.00026839096,0.00066959445,-0.00014490786
28112000,0.0002660206,0.00019935392,0.033498477,0.0002677628,0.0007066013,-0.00013356676
28120000,0.00026297595,0.00020531127,0.03350441,0.00026784444,0.0007102778,-0.00010616281
28128000,0.0002597478,0.00021128515,0.033510707,0.00021957133,0.0007169748,-4.2213276e-05
28136000,0.00025616793,0.00021718368,0.03351713,0.00017623657,0.0007072519,-7.1745253e-06
28144000,0.0002526147,0.00022318096,0.033523697,0.00020229556,0.00074896583,6.840794e-06
28152000,0.0002495528,0.00022917555,0.033488773,0.00026806453,0.00073441706,-1.0081656e-05
28160000,0.0002468313,0.0002352331,0.033454858,0.00027849816,0.0007710149,1.8743984e-05
28168000,0.00024409086,0.00024174052,0.03342212,0.00025071017,0.0008587798,4.34634e-05
28176000,0.00024117065,0.00024888507,0.033390567,0.00022759395,0.00092023547,5.5573048e-05
28184000,0.00023819986,0.00025624046,0.033360016,0.00020744691,0.00095770886,5.220199e-05
28192000,0.00023532356,0.00026393076,0.033330057,0.00024489634,0.0009882207,-7.309638e-06
28200000,0.00023266184,0.00027157413,0.03328533,0.00024163027,0.0009746376,-3.3751483e-05
28208000,0.0002299299,0.0002789864,0.033241652,0.00020095248,0.000926701,-7.593427e-05
28216000,0.00022688154,0.00028622028,0.033198908,0.00017171392,0.0009543511,-9.806887e-05
28224000,0.0002240845,0.00029350063,0.0331572,0.00023454678,0.00094096834,-0.00013029239
28232000,0.00022155663,0.00030077167,0.033116546,0.00022359772,0.0009714355,-0.00012825833
28240000,0.00021773679,0.0003070363,0.03307794,0.0002948598,0.00095199386,-0.0001565594
28248000,0.00021419369,0.0003131087,0.03308296,0.00026877888,0.00093013485,-0.00012411312
28256000,0.00021045424,0.00031890286,0.03308805,0.00024305674,0.0008925302,-0.00012012024
28264000,0.00020705337,0.00032445465,0.033092827,0.00031896002,0.0008909825,-0.00016486408
28272000,0.00020413514,0.0003301362,0.033097014,0.00034108985,0.00092214945,-0.00022963663
28280000,0.00020138909,0.00033612803,0.033100642,0.00035370755,0.00095759466,-0.00027244206
28288000,0.00019884037,0.00034204256,0.03310391,0.00035533024,0.00092751766,-0.00028141454
28296000,0.00019638203,0.00034784264,0.033107072,0.00037017695,0.00094119186,-0.0002860354
28304000,0.00019413732,0.0003539557,0.033115413,0.00037531042,0.0010030702,-0.000315291
28312000,0.00019204544,0.00036036607,0.03312292,0.00040193702,0.0010116322,-0.0004016259
28324000,0.00019022693,0.0003668116,0.03313014,0.00039944812,0.0010237729,-0.00033039154
28328000,0.00018834077,0.00037333093,0.033137657,0.00039676717,0.001047113,-0.00027754362
28336000,0.00018664908,0.0003796362,0.033145204,0.00040660685,0.000964661,-0.00026427067
28344000,0.0001848886,0.0003853968,0.03315247,0.00036881142,0.00093262026,-0.00027435194
28352000,0.00018317072,0.00039106474,0.03312666,0.0004007604,0.000929251,-0.00026572784
28360000,0.00018176837,0.00039647592,0.03310158,0.00040870273,0.00088420155,-0.0002887595
28368000,0.0001801354,0.00040167518,0.03307704,0.00036241987,0.000875717,-0.00027877753
28376000,0.00017854001,0.0004067125,0.033053406,0.00036518215,0.00086552516,-0.0002458531
28384000,0.00017683285,0.00041189705,0.03303043,0.00033736942,0.00090877956,-0.00026517158
28392000,0.00017505472,0.00041722896,0.033007775,0.00031072274,0.0009007285,-0.0003248473
28400000,0.00017316405,0.0004223369,0.032972116,0.0003169612,0.0008677688,-0.00033891306
28408000,0.00017132309,0.0004273298,0.03293736,0.00028042227,0.0008794749,-0.00034874456
28416000,0.00016925413,0.00043263784,0.032903455,0.0002558208,0.00093991886,-0.00035440043
28424000,0.00016714733,0.00043814842,0.032870583,0.0002595906,0.000941862,-0.00032410648
28432000,0.00016534582,0.00044377323,0.032838695,0.00029528106,0.00095955137,-0.00032299064
28440000,0.00016360154,0.00044931308,0.0328077,0.0002762251,0.00093580916,-0.00031564248
28448000,0.00016136856,0.0004517946,0.032724164,0.00029555996,0.0008954113,-0.0003284154
28456000,0.00015914932,0.00045411682,0.032642964,0.00027512087,0.0008860098,-0.0003216139
28464000,0.00015682455,0.00045637487,0.032564156,0.0002688962,0.0008548976,-0.0002984216
28472000,0.00015481413,0.00045826437,0.032487303,0.00031180616,0.0008056692,-0.00035932247
28480000,0.00015267609,0.00045980766,0.032412395,0.00023639425,0.000755777,-0.00034454415
28488000,0.0001503546,0.0004611451,0.032339614,0.00023475518,0.000763075,-0.00036863337
28496000,0.00014809382,0.00046243166,0.03226856,0.00023322219,0.00072568445,-0.00039052012
28504000,0.00014591911,0.00046338674,0.03218414,0.00024800224,0.00069487543,-0.00038216545
28512000,0.00014373125,0.00046426806,0.032102056,0.00019386907,0.0006834548,-0.00038246714
28520000,0.00014144136,0.0004651764,0.03202228,0.000231179,0.0007045476,-0.00038246834
28528000,0.00013951542,0.0004661073,0.03194466,0.00022453848,0.0006891309,-0.0003877365
28536000,0.00013740698,0.00046708077,0.03186914,0.00019629985,0.00069987297,-0.0003747521
28544000,0.00013531705,0.00046789765,0.03179579,0.00022782909,0.00064889,-0.00038064676
28552000,0.0001336393,0.0004683797,0.031665567,0.00024925146,0.0006260089,-0.00036907516
28560000,0.00013208433,0.00046890465,0.03153899,0.00024755255,0.00063713884,-0.00036244324
28568000,0.0001307678,0.00046952718,0.03141597,0.00029997606,0.00066421356,-0.00036714558
28576000,0.00012973929,0.00047023268,0.031296164,0.00030423526,0.0006456829,-0.0004061135
28584000,0.00012890385,0.00047087384,0.031179516,0.0003201132,0.0006432302,-0.00040686206
28592000,0.00012833293,0.00047149227,0.031066103,0.00035456583,0.00063150754,-0.00040144508
28600000,0.00012784042,0.00047203575,0.030901873,0.00031744674,0.00063234975,-0.0004550126
28608000,0.00012706785,0.00047263212,0.030741772,0.00028239834,0.0006378139,-0.0004954634
28616000,0.0001263951,0.00047349875,0.030585997,0.0003172916,0.0006914736,-0.00048100072
28624000,0.00012585772,0.00047462783,0.030434692,0.00029718588,0.00068592903,-0.0004757605
28632000,0.0001250234,0.00047585188,0.030287236,0.00024638086,0.00074341084,-0.00052912574
28640000,0.00012401964,0.00047751938,0.030143851,0.00022803832,0.00075520953,-0.00049096765
28648000,0.0001232247,0.00047920927,0.03001985,0.00028790542,0.00077604235,-0.0004939919
28656000,0.00012213054,0.00047788804,0.029903902,0.00033784567,0.0007382831,-0.00052356394
28664000,0.00012129508,0.00047652854,0.02979086,0.00036479565,0.0007226679,-0.0005423646
28676000,0.00012084066,0.00047501753,0.029680943,0.00041182892,0.0007175639,-0.00051283505
28680000,0.00012083672,0.00047338475,0.029574374,0.00044230922,0.00067226344,-0.00048632093
28688000,0.00012096218,0.00047160048,0.029470738,0.0004316211,0.00065926433,-0.00050546863
28696000,0.000121256395,0.00046969895,0.029369636,0.00048230894,0.00061331317,-0.0005533905
28704000,0.0001220398,0.00046735007,0.02930625,0.0005134988,0.0005640684,-0.0005704697
28712000,0.00012293186,0.0004648918,0.029244548,0.00050218636,0.0005578251,-0.00057670864
28720000,0.00012386948,0.00046250675,0.029184407,0.0005197275,0.0005633356,-0.00056509965
28728000,0.00012504977,0.0004602893,0.029126046,0.0005267267,0.0005925478,-0.00056107115
28736000,0.00012626847,0.00045820352,0.029069215,0.0005304742,0.000578423,-0.0005579321
28744000,0.00012783094,0.00045605347,0.029013766,0.0005923559,0.0005668237,-0.0005947824
28752000,0.0001298631,0.00045382982,0.028899718,0.0006325047,0.0005471448,-0.00059163396
28760000,0.00013234478,0.0004516041,0.028788775,0.0006813841,0.00054644217,-0.00062222005
28768000,0.0001350855,0.0004491419,0.028680611,0.0006811128,0.00047436316,-0.0006285903
28776000,0.00013794527,0.00044624688,0.028575532,0.00070514,0.00042372214,-0.0006131774
28784000,0.00014122514,0.00044293757,0.028473387,0.00076715706,0.00037660674,-0.000601965
28792000,0.00014495176,0.00043962928,0.028374184,0.00079691876,0.00040099095,-0.00056866335
28800000,0.00014880425,0.00043637364,0.028277908,0.0007879101,0.0003680835,-0.00054650323
28808000,0.0001525819,0.0004329049,0.02818409,0.00076113956,0.0003516528,-0.0005929743
28816000,0.00015630091,0.00042941532,0.028092867,0.0007760473,0.00033346488,-0.0005512866
28824000,0.00016001218,0.00042577236,0.028004184,0.0007276603,0.00029961584,-0.0005755506
28832000,0.00016355567,0.0004220617,0.027917832,0.00071928557,0.00031635017,-0.0005818751
28840000,0.00016689829,0.00041857993,0.027833894,0.0006820009,0.00034573284,-0.00054785097
28848000,0.00017008888,0.0004153929,0.027650673,0.0006502441,0.00036131244,-0.00052314234
28856000,0.00017303879,0.0004123909,0.027472835,0.00061874936,0.00038678615,-0.00047332252
28864000,0.00017434121,0.00040770715,0.02730631,0.0005313041,0.000401291,-0.00051239325
28872000,0.0001752294,0.00040308814,0.027144011,0.0005101804,0.00037728917,-0.00054473354
28880000,0.00017617042,0.00039851296,0.02698609,0.00052785454,0.00040509336,-0.0005743296
28888000,0.00017772375,0.0003943591,0.026832322,0.0006195799,0.0004510275,-0.0006094728
28896000,0.00017949643,0.00039054477,0.02668259,0.00057908375,0.000475545,-0.000624428
28908000,0.00018113268,0.00038702373,0.026533263,0.0005869425,0.0005078855,-0.0006566131
28912000,0.00018287805,0.00038393066,0.026387917,0.00057818263,0.0005452579,-0.00067065924
28920000,0.00018486376,0.0003809012,0.026246388,0.00063208945,0.00052218954,-0.00071369344
28928000,0.00018710953,0.00037783987,0.02610855,0.00063849153,0.0005100944,-0.0007258409
28936000,0.00018958977,0.00037462483,0.02597436,0.0006627751,0.00047097928,-0.00073032326
28944000,0.00019230566,0.00037138164,0.025843795,0.0006738532,0.0004951417,-0.0007626586
28952000,0.00019501857,0.00036851972,0.025624309,0.0006549689,0.00052379834,-0.0007233046
28960000,0.00019748675,0.00036578818,0.025411008,0.0006207358,0.0005147805,-0.00073220377
28968000,0.00019993041,0.00036295754,0.025203608,0.0006095309,0.00049265753,-0.00074030575
28976000,0.000202283,0.00036006718,0.025001809,0.00059739826,0.00046253548,-0.00075113465
28984000,0.00020437624,0.0003570448,0.024805415,0.0005335022,0.00046535436,-0.00080323947
28992000,0.0002060761,0.00035423608,0.02461395,0.0004932484,0.00049230654,-0.0008539725
29000000,0.00020776421,0.0003516311,0.024452334,0.0005090098,0.0004955018,-0.0008839095
29008000,0.00020949722,0.00034942944,0.024295056,0.00049756205,0.0005574531,-0.00086874055
29016000,0.00021133285,0.00034764886,0.024142059,0.0005064907,0.00059864507,-0.00088364165
29024000,0.00021330512,0.0003461134,0.023993395,0.00053707464,0.00060609967,-0.0008398251
29032000,0.00021550879,0.00034476025,0.02384917,0.0005283237,0.00061064126,-0.0007928378
29040000,0.00021735384,0.00034329933,0.023709223,0.0004550739,0.00058788026,-0.000754704
29048000,0.00021883388,0.00034213476,0.023527166,0.0004336253,0.0006361432,-0.00081087725
29056000,0.00022008042,0.0003411947,0.023349693,0.00036509245,0.0006501691,-0.0008519531
29064000,0.00022088956,0.0003406273,0.023176935,0.00032861915,0.0006993361,-0.0008569567
29072000,0.00021882346,0.00033984965,0.023016145,0.00027030494,0.0007728744,-0.00085310254
29080000,0.00021648698,0.00033962514,0.022859702,0.00025004888,0.0008048894,-0.00086945575
29088000,0.00021396398,0.00033961635,0.022707563,0.00019992652,0.00080913084,-0.0008514615
29096000,0.00021132716,0.00033975058,0.022559868,0.00021214412,0.00081199774,-0.0008134415
29104000,0.00020902844,0.00033963937,0.022407547,0.00025521457,0.0007543481,-0.00085098203
29112000,0.00020705845,0.0003394503,0.022259394,0.00028240873,0.00075650826,-0.00080156204
29120000,0.00020526336,0.00033942165,0.022115702,0.00028916192,0.00077427225,-0.0007838072
29128000,0.00020369621,0.0003395202,0.02197626,0.00030411922,0.00078563567,-0.0007330033
29136000,0.0002019305,0.0003400586,0.021840867,0.00022887798,0.00084130303,-0.0007145529
29144000,0.00019997497,0.0003410696,0.021709323,0.00024602265,0.0008931369,-0.0007286096
29152000,0.00019822417,0.00034218834,0.021533756,0.00025694442,0.000854511,-0.0007066397
29160000,0.00019648281,0.0003432703,0.02136309,0.0002363042,0.00086179894,-0.00071601383
29168000,0.00019452494,0.00034457663,0.021197217,0.00018804873,0.00089186965,-0.00070433243
29176000,0.00019235362,0.00034610913,0.021036033,0.0001682262,0.00090625323,-0.00070346525
29184000,0.00019019577,0.00034774598,0.02087929,0.0001729696,0.000889317,-0.0007119442
29192000,0.00018792793,0.00034941972,0.020727092,0.00013555393,0.00090070977,-0.00066283986
29200000,0.00018562931,0.0003512166,0.020584755,0.00013219303,0.0009156289,-0.0006853628
29208000,0.00018340193,0.00035313677,0.020446017,0.00016583147,0.00089096854,-0.0007267347
29216000,0.00018151579,0.00035503978,0.020311208,0.00018155228,0.0009121527,-0.00068994326
29224000,0.00017985624,0.00035726544,0.020180041,0.0002142892,0.0009450305,-0.00074909144
29232000,0.00017821252,0.00035963446,0.020052107,0.00017340964,0.0009281833,-0.0008048954
29240000,0.00017645568,0.000361899,0.01992714,0.00017625242,0.0009125868,-0.0008894904
29248000,0.00017485814,0.00036417323,0.019827502,0.00019843849,0.00091796916,-0.00092411594
29256000,0.00017345125,0.0003665166,0.019730348,0.00019006783,0.00089793693,-0.0009616028
29264000,0.00017192755,0.00036877434,0.019635672,0.00017964677,0.0008891457,-0.00095137453
29272000,0.00017050248,0.0003711401,0.019543517,0.00019268504,0.00090958585,-0.0009911701
29280000,0.00016714245,0.00037225627,0.01945872,0.00022165084,0.0009122945,-0.0010608446
29288000,0.00016412527,0.00037345826,0.01937614,0.0002361428,0.0008850192,-0.0010292121
29296000,0.00016124049,0.00037439843,0.019296212,0.00024336208,0.0008354959,-0.00096549944
29304000,0.00015858267,0.0003750197,0.019205667,0.0002738075,0.0007929939,-0.0010030933
29312000,0.00015608098,0.00037558278,0.01911738,0.00025426512,0.0007953352,-0.0009937271
29320000,0.00015339807,0.0003761524,0.019031523,0.00021489228,0.0007808392,-0.0010052383
29328000,0.00015074434,0.00037650196,0.01894788,0.00023307884,0.000722707,-0.00103458
29336000,0.0001479701,0.00037669006,0.018866472,0.00018975354,0.0007148915,-0.0009997811
29344000,0.0001451539,0.00037673293,0.018787693,0.0001785493,0.00066134933,-0.00094617816
29352000,0.00014209034,0.00037645322,0.01871775,0.0001228194,0.0006320921,-0.0009155456
29360000,0.00013863307,0.00037629437,0.018649815,6.189638e-05,0.00067518995,-0.00093514886
29368000,0.0001350519,0.000376485,0.018583497,7.6979246e-05,0.00068359275,-0.0009498044
29376000,0.00013151797,0.00037669545,0.018519057,5.7585235e-05,0.0006729931,-0.00092645315
29384000,0.00012806227,0.0003769148,0.018456457,8.403523e-05,0.00066780945,-0.0009455716
29392000,0.00012492512,0.0003772068,0.018395282,0.000107624735,0.0006826827,-0.000993047
29400000,0.00012212436,0.00037787508,0.01831708,0.00014889245,0.00072905846,-0.0010093444
29408000,0.000119584656,0.00037882902,0.01824107,0.00016955286,0.00073188724,-0.0009845097
29416000,0.00011721092,0.00037980507,0.018167404,0.00015157739,0.0007257941,-0.00092940987
29424000,0.00011489493,0.00038054594,0.018096102,0.00020814473,0.00066556304,-0.00091560406
29432000,0.00011302707,0.00038125573,0.018027078,0.00021566621,0.00069253007,-0.00085858005
29440000,0.000111442845,0.0003820503,0.017960088,0.0002633666,0.00068514765,-0.0008805952
29448000,0.00011003601,0.00038293004,0.017871574,0.00024134765,0.0006853516,-0.0008490966
29456000,0.00010849831,0.0003840395,0.017785845,0.00022406217,0.00072160683,-0.00083279284
29464000,0.000106937136,0.0003853087,0.017702458,0.00023032125,0.0007213544,-0.0008406329
29472000,0.00010578499,0.00038648013,0.01762138,0.00030731582,0.0006764962,-0.00083466474
29480000,0.00010530296,0.00038757306,0.017542379,0.00035397513,0.00068221055,-0.0009023891
29488000,0.00010421475,0.00038594299,0.01747132,0.00036869672,0.00065667985,-0.00090338796
29496000,0.000103316605,0.0003841547,0.017402293,0.00040012965,0.0006478745,-0.0009017651
29504000,0.00010262998,0.0003824539,0.017361809,0.00039214405,0.0006229149,-0.0008896159
29512000,0.00010201152,0.0003806094,0.01732265,0.00040446216,0.00061393675,-0.0008663767
29520000,0.00010161459,0.0003790971,0.017284615,0.000407101,0.0006745122,-0.0008671882
29528000,0.00010112413,0.0003780983,0.017247792,0.00039424904,0.0007154203,-0.00083125744
29536000,0.00010080423,0.00037757144,0.01721217,0.00044309173,0.0007754606,-0.00083476666
29544000,0.00010112774,0.00037738352,0.017177451,0.00049399555,0.0007815644,-0.0008365068
29552000,0.00010151801,0.00037735436,0.017134367,0.00046388368,0.00076901197,-0.00082870346
29560000,0.00010174865,0.00037699612,0.017092595,0.0004286417,0.0007125982,-0.0008105249
29568000,0.00010191557,0.00037646323,0.017051924,0.00045627673,0.00068482646,-0.0008359328
29576000,0.00010242897,0.00037567446,0.017012706,0.00047048225,0.0006437811,-0.00075785705
29584000,0.000102974016,0.00037484584,0.016974656,0.0004606921,0.0006401017,-0.00079951785
29592000,0.000103544204,0.00037396926,0.016937714,0.00045551904,0.00062426075,-0.0007351448
29600000,0.00010419968,0.00037311742,0.016893968,0.00046219147,0.00062595657,-0.0006962918
29608000,0.00010475556,0.0003725255,0.016851643,0.00041894685,0.0006595334,-0.0006778371
29616000,0.00010503725,0.00037212,0.01681102,0.00037464275,0.00064908015,-0.0005911758
29624000,0.00010534801,0.00037170094,0.01677187,0.00041762384,0.00066190265,-0.0006010453
29632000,0.000105973486,0.00037157195,0.016733449,0.00043970245,0.00068898447,-0.0006913647
29640000,0.000106810374,0.0003716447,0.016695693,0.0004449764,0.00070181885,-0.0007119836
29648000,0.000107784246,0.00037174686,0.016663054,0.00046886285,0.0006769146,-0.00068408344
29656000,0.00010893966,0.0003719213,0.016631559,0.00045874107,0.00069305225,-0.0006797307
29664000,0.000109974986,0.00037213514,0.016600952,0.00043207678,0.0006686889,-0.0006975226
29672000,0.0001108363,0.00037223322,0.016570719,0.00041652282,0.0006525949,-0.00079816737
29680000,0.00011191529,0.0003722466,0.016540786,0.0004483552,0.0006347048,-0.00082430936
29688000,0.0001131715,0.00037229533,0.016511656,0.0004455507,0.000649135,-0.0008260839
29696000,0.00011341614,0.00037021277,0.016487539,0.00041660038,0.000662887,-0.0008067326
29704000,0.00011358481,0.00036830883,0.016460355,0.00040068675,0.0006664123,-0.0007823263
29712000,0.000113714195,0.0003663331,0.016434396,0.00039853863,0.0006352711,-0.0007016024
29720000,0.00011398649,0.00036426657,0.016409373,0.00041357812,0.00061105465,-0.0007370263
29728000,0.000114584436,0.00036210826,0.016384847,0.0004471359,0.0005979292,-0.00076097646
29736000,0.00011506738,0.00035993705,0.016360952,0.00038992797,0.0005768513,-0.00073856156
29744000,0.0001153383,0.00035747376,0.016338017,0.0003768811,0.00049843686,-0.00071440253
29752000,0.000115856725,0.00035449426,0.01629991,0.00042742316,0.00044028196,-0.0007861672
29760000,0.00011657495,0.0003515629,0.016262516,0.00041988402,0.00049107795,-0.000787151
29768000,0.00011734424,0.0003491819,0.016226226,0.00040830325,0.0005374894,-0.00077781244
29776000,0.00011791386,0.00034706027,0.016191125,0.0003909067,0.0005497284,-0.00074587
29784000,0.0001186268,0.00034510833,0.016157359,0.00039821948,0.00053828326,-0.00071037916
29792000,0.00011958492,0.00034323646,0.016124526,0.00044453665,0.00055148575,-0.0007409255
29800000,0.000120884055,0.00034128918,0.016113924,0.000464738,0.00049777655,-0.00073432474
29808000,0.00012218491,0.00033900255,0.016103726,0.00043326954,0.00045964116,-0.00073078676
29816000,0.00012355189,0.0003367356,0.016093628,0.00048562067,0.00046714031,-0.00078214443
29824000,0.00012537326,0.00033446812,0.016083546,0.0005108143,0.00044780786,-0.00079270155
29832000,0.00012725903,0.0003321975,0.016073542,0.00048641974,0.00045323573,-0.0008173154
29840000,0.00012881374,0.00032997044,0.01606394,0.00042767226,0.00044931596,-0.00079479755
29848000,0.00013014207,0.00032810407,0.016100256,0.00041472146,0.0004936552,-0.0007822665
29856000,0.00013146362,0.00032643683,0.016135586,0.00039984178,0.00048661264,-0.0008110775
29864000,0.00013266368,0.00032480594,0.016169712,0.00039412818,0.0004891602,-0.0007996086
29872000,0.00013398493,0.0003234431,0.016203176,0.00040970175,0.000528212,-0.00076189975
29880000,0.00013545119,0.00032215935,0.016235799,0.00041367524,0.00049324194,-0.00077495177
29888000,0.00013701922,0.00032081598,0.016267434,0.0004218778,0.0004894038,-0.0007727635
29896000,0.00013865986,0.0003195286,0.016298134,0.00041257546,0.00049999857,-0.00077766756
29904000,0.00013851072,0.00031632444,0.01633983,0.00039855085,0.00049940444,-0.00077438017
29912000,0.00013819749,0.00031322526,0.016380213,0.0003587774,0.00048710027,-0.0007996602
29920000,0.00013759888,0.0003100287,0.01641952,0.00031449398,0.00045381297,-0.0007649669
29928000,0.0001368246,0.0003068671,0.016457882,0.0002995337,0.00048067328,-0.00077326206
29936000,0.00013601528,0.0003038872,0.016495105,0.00027805503,0.00047151814,-0.0007688771
29944000,0.00013494113,0.00030101076,0.016531197,0.00022188225,0.00046784332,-0.00080400583
29952000,0.00013364451,0.00029816665,0.016626127,0.00020507212,0.0004671563,-0.0008309569
29960000,0.00013220032,0.00029542024,0.016718516,0.00017493112,0.0004709528,-0.0007814841
29968000,0.00013082384,0.00029285336,0.016808731,0.0002113985,0.00048822316,-0.0007091628
29976000,0.00012976967,0.00029048318,0.016897101,0.0002247506,0.00048314146,-0.00062833715
29984000,0.00012855812,0.00028799262,0.016983462,0.00016191018,0.00045447442,-0.00060927623
29992000,0.00012718604,0.00028550858,0.017067315,0.00018884521,0.00044938741,-0.00064318336
30000000,0.00012599395,0.00028295134,0.01718016,0.00015837318,0.00042132117,-0.0006189663
30008000,0.00012431374,0.00028044207,0.017290186,8.147369e-05,0.00042674094,-0.0005831456
30016000,0.000122317,0.00027799865,0.01739743,4.7846268e-05,0.00042522378,-0.0005677594
30024000,0.00011997969,0.00027550562,0.017501768,-2.2345489e-07,0.00039285104,-0.00054775627
30032000,0.000117438394,0.00027293258,0.017603176,-3.5383586e-05,0.00038298362,-0.0005955048
30040000,0.000114759176,0.000270398,0.017701566,-3.5886926e-05,0.00037842136,-0.00058178033
30048000,0.00011208527,0.00026782916,0.01773221,-5.521561e-05,0.00036377463,-0.00057229603
30056000,0.00010924339,0.0002653305,0.017762246,-7.520724e-05,0.00036154248,-0.0005454963
30064000,0.00010636738,0.0002628701,0.01779167,-8.54189e-05,0.00035937683,-0.0005225045
30072000,0.00010355603,0.00026074535,0.017820394,-7.7271325e-05,0.0004297039,-0.0005222826
30080000,0.00010067534,0.00025917115,0.017848348,-9.8723074e-05,0.0004630911,-0.0005292703
30088000,9.77806e-05,0.00025787164,0.017875444,-0.00012330126,0.00048123178,-0.00053825666
30096000,9.474184e-05,0.0002566894,0.017901983,-0.00011375634,0.0004732747,-0.00052491593
30104000,9.196627e-05,0.00025545526,0.017903391,-9.039867e-05,0.0004504724,-0.0005552247
30112000,8.7447e-05,0.00025276397,0.017907746,-9.70595e-05,0.00046182325,-0.0004949392
30120000,8.315575e-05,0.00025014835,0.01791255,-5.7069905e-05,0.00043339338,-0.0004508195
30128000,7.900796e-05,0.00024768332,0.017917259,-9.093997e-05,0.000481983,-0.0004954844
30136000,7.4719326e-05,0.0002453551,0.017921656,-7.839842e-05,0.0004325511,-0.00050138164
30144000,7.0591435e-05,0.00024269959,0.017926084,-7.9999045e-05,0.00038560157,-0.00045005092
30152000,6.669825e-05,0.00023977818,0.017923873,-4.20012e-05,0.00034316213,-0.00040093617
30160000,6.3174666e-05,0.00023671296,0.017921906,-2.0815172e-05,0.00032251608,-0.00039048266
30168000,5.970781e-05,0.00023367199,0.017920174,-2.3900124e-05,0.00033106146,-0.00037814307
30176000,5.6519788e-05,0.0002307384,0.017918263,2.1755624e-05,0.00032757226,-0.00044872254
30184000,5.3586537e-05,0.0002277913,0.017916163,3.067714e-05,0.00030065535,-0.00045606206
30192000,5.0800616e-05,0.0002249078,0.01791418,5.458064e-05,0.00032781684,-0.00044787396
30200000,4.827742e-05,0.00022208522,0.017893195,5.5347446e-05,0.0002910109,-0.00036832818
30208000,4.5806366e-05,0.000219067,0.017873148,6.5948356e-05,0.00025689107,-0.00036455147
30216000,4.3644824e-05,0.00021591055,0.017853556,0.000109428314,0.0002432564,-0.00041610745
30224000,4.1756193e-05,0.00021289634,0.017834272,0.00013430591,0.00025717515,-0.00043344064
30232000,3.9998667e-05,0.0002099643,0.017815502,0.000116126175,0.00024341953,-0.00041846288
30240000,3.8195376e-05,0.00020707527,0.017797379,0.00011632471,0.000274492,-0.00041884367
30248000,3.6365185e-05,0.00020446182,0.017858546,6.370956e-05,0.00026351254,-0.0003511298
30256000,3.3912067e-05,0.00020174998,0.017918289,-7.967521e-06,0.00023980052,-0.00034378687
30264000,3.1246193e-05,0.00019901342,0.017976498,-1.1513513e-05,0.00022773753,-0.000331329
30272000,2.8464277e-05,0.00019590309,0.018032819,-7.1144306e-05,0.00013987477,-0.00041712055
30280000,2.5137835e-05,0.00019252009,0.018087285,-0.00013155922,0.0001520113,-0.000393389
30288000,2.1555881e-05,0.00018922595,0.018140426,-0.00016161165,0.00012006677,-0.00037514366
30296000,1.7931612e-05,0.00018576877,0.018192286,-0.00015658769,0.000107521,-0.00036199926
30304000,1.4436564e-05,0.00018240682,0.018252285,-0.00013434899,0.00011488748,-0.00031969007
30312000,1.118004e-05,0.00017892034,0.01831091,-0.00013378882,6.3588486e-05,-0.00029662866
30320000,7.73771e-06,0.00017406262,0.018368378,-0.000108783664,4.73726e-05,-0.0003055412
30328000,4.4740564e-06,0.00016931296,0.018424131,-0.00011654296,6.0350063e-05,-0.00032093254
30336000,1.0995664e-06,0.00016463893,0.018478263,-0.00013540708,5.0830273e-05,-0.00033816302
30344000,-2.4646051e-06,0.00015990653,0.018530928,-0.00017643602,3.5080582e-05,-0.00031810076
30352000,-6.0398856e-06,0.00015524504,0.018624835,-0.00015817097,2.8296523e-05,-0.00027785657
30360000,-9.27378e-06,0.00015037786,0.018716741,-0.00010849934,-2.524283e-05,-0.00019010306
30368000,-1.224584e-05,0.00014524911,0.018806636,-0.0001053384,-7.311078e-05,-0.0001631564
30376000,-1.4872332e-05,0.0001399977,0.018894142,-2.8945653e-05,-4.307216e-05,-0.00015134052
30384000,-1.7008986e-05,0.00013537462,0.018979475,-1.4025009e-05,4.2743348e-05,-0.00012186132
30392000,-1.914755e-05,0.00013122936,0.019062635,-1.6911908e-05,4.3340988e-05,-0.00011992526
30400000,-2.1114223e-05,0.0001271482,0.019159347,2.2558118e-06,5.158146e-05,-0.00012434139
30408000,-2.2883321e-05,0.00012300228,0.019253766,3.3264652e-05,6.713908e-07,-5.3977245e-05
30416000,-2.4400704e-05,0.0001184686,0.019345967,2.7531943e-05,-4.966348e-05,-4.1307103e-05
30424000,-2.5868081e-05,0.00011377637,0.01943556,3.7926206e-05,-5.93251e-05,-7.3184216e-05
30432000,-2.7547785e-05,0.00010931001,0.01952252,-1.9460706e-05,-2.512138e-05,-0.00011177037
30440000,-2.9365057e-05,0.00010512739,0.019606763,-2.3394188e-05,-5.140987e-06,-0.00014474233
30448000,-3.108859e-05,0.00010099596,0.01968635,-3.9292418e-06,-2.556299e-05,-0.00010144069
30456000,-3.2654218e-05,9.673749e-05,0.019764036,-7.172598e-06,-4.6653226e-05,-9.759463e-05
30464000,-3.4295863e-05,9.2637e-05,0.019839605,-3.3647742e-05,-2.3753735e-05,-8.0287704e-05
30472000,-3.6115252e-05,8.8720946e-05,0.019913469,-3.5444416e-05,-1.3343579e-05,-3.7588572e-05
30480000,-3.781668e-05,8.460613e-05,0.019985583,-4.8851834e-05,-7.620384e-05,-8.65135e-06
30488000,-3.9798364e-05,8.0471174e-05,0.020056073,-9.709403e-05,-4.3139746e-05,1.3853831e-05
30496000,-4.18751e-05,7.65241e-05,0.020124767,-0.00010380025,-5.6742596e-05,1.9718369e-05
30504000,-4.4230328e-05,7.243995e-05,0.020175379,-0.00014954967,-8.6624284e-05,2.8553077e-05
30512000,-4.6649515e-05,6.81334e-05,0.020224655,-0.00015641282,-0.0001386748,2.2320204e-05
30520000,-4.9401388e-05,6.351097e-05,0.020272544,-0.00023815382,-0.00015882215,-9.485266e-06
30528000,-5.237807e-05,5.8650727e-05,0.020318089,-0.00023245452,-0.00014414088,-3.85189e-05
30536000,-5.5122506e-05,5.404785e-05,0.02036219,-0.00022164619,-0.00013913661,-6.2056e-05
30544000,-5.7838046e-05,4.9266848e-05,0.020405227,-0.00022638182,-0.00017753313,-3.9848866e-05
30552000,-6.0634193e-05,4.4457014e-05,0.020460393,-0.00025337483,-0.00015749113,-6.230641e-05
30560000,-6.340823e-05,3.9958082e-05,0.020514155,-0.0002226901,-0.00013341538,-3.672185e-05
30568000,-6.596211e-05,3.579542e-05,0.020566862,-0.00021182791,-7.889109e-05,6.567945e-05
30576000,-6.8420544e-05,3.208098e-05,0.02061895,-0.00021051663,-4.8088437e-05,9.619544e-05
30584000,-7.0983486e-05,2.84961e-05,0.020669524,-0.000251934,-6.233358e-05,6.1960214e-05
30592000,-7.364076e-05,2.4927327e-05,0.020718804,-0.00024600266,-6.134946e-05,9.2294e-05
30600000,-7.627042e-05,2.1286269e-05,0.020791022,-0.0002462666,-8.4134386e-05,0.00010049547
30608000,-7.8730234e-05,1.7561051e-05,0.020861272,-0.00020356342,-0.000117464864,7.523475e-05
30616000,-8.101711e-05,1.3609391e-05,0.020929713,-0.00021679682,-0.00014125725,0.0001085916
30624000,-8.317488e-05,9.339465e-06,0.020996442,-0.00017628986,-0.00020502486,0.00012291779
30632000,-8.49287e-05,4.913385e-06,0.021061437,-0.00015295857,-0.00021255722,0.000103410304
30640000,-8.664917e-05,4.2882988e-07,0.021124717,-0.00016210768,-0.00022093533,0.00013886286
30648000,-8.8461e-05,-3.8487e-06,0.021231014,-0.00017056157,-0.00017506118,0.00019696988
30656000,-9.000957e-05,-7.843224e-06,0.021334605,-9.8577846e-05,-0.00017770116,0.00018439429
30664000,-9.0917565e-05,-1.1729885e-05,0.021435322,-5.4223918e-05,-0.00016028514,0.00019549127
30672000,-9.174409e-05,-1.5659567e-05,0.02153366,-6.2579624e-05,-0.00020506945,0.0002441791
30680000,-9.2531816e-05,-1.9975054e-05,0.021629786,-5.3955726e-05,-0.00026569562,0.0003152065
30688000,-9.330183e-05,-2.4702638e-05,0.02172357,-7.038001e-05,-0.00032492,0.00027494042
30696000,-9.418699e-05,-2.9944275e-05,0.021814357,-8.264938e-05,-0.00039970523,0.00023305681
30704000,-9.52202e-05,-3.5319797e-05,0.021915361,-0.000121352285,-0.0003758904,0.00027659204
30712000,-9.630981e-05,-4.0680625e-05,0.02201381,-0.000101315,-0.00041149493,0.00028129024
30720000,-9.7189884e-05,-4.6109075e-05,0.022109494,-6.9203394e-05,-0.0004019675,0.00022818265
30728000,-9.793267e-05,-5.1516843e-05,0.022202328,-9.589e-05,-0.00042114386,0.00022856967
30736000,-9.8766664e-05,-5.6495017e-05,0.022290168,-0.00014635101,-0.00044256667,0.00022539991
30744000,-9.974555e-05,-6.161871e-05,0.022375803,-0.00015419578,-0.00043138655,0.00027557428
30752000,-0.00010075707,-6.629601e-05,0.022518365,-0.00014385382,-0.00039152463,0.0003435502
30760000,-0.00010174697,-7.086043e-05,0.022657346,-0.0001764346,-0.00036489687,0.00033767303
30768000,-0.00010313729,-7.5151715e-05,0.022792455,-0.00022943395,-0.00038306805,0.00032784304
30776000,-0.00010476944,-7.974603e-05,0.022923868,-0.00024009743,-0.00041543556,0.00032759315
30784000,-0.00010630468,-8.440999e-05,0.02305169,-0.00022518034,-0.000426759,0.00030891126
30792000,-0.00010786644,-8.9229536e-05,0.023175891,-0.00024127483,-0.00044466226,0.00028279243
30800000,-0.000109497,-9.405457e-05,0.023325436,-0.00025762556,-0.00047170327,0.00021688809
30808000,-0.00011119532,-9.9262674e-05,0.023470502,-0.00026121212,-0.0005161103,0.00018473991
30816000,-0.00011300506,-0.000104663486,0.02361158,-0.00028301266,-0.0005475208,0.00021797552
30824000,-0.0001148645,-0.00010998474,0.02374898,-0.00027779414,-0.0004958753,0.0002100251
30832000,-0.00011653227,-0.00011480842,0.02388252,-0.00025808185,-0.00045207053,0.00021558236
30840000,-0.00011819905,-0.00011944225,0.024012588,-0.0002543682,-0.00043900244,0.00023551797
30848000,-0.000119616605,-0.0001241047,0.024076818,-0.00022330513,-0.00048189025,0.00028697407
30856000,-0.000121232064,-0.00012899049,0.024139695,-0.00030581764,-0.00047764883,0.00029989582
30864000,-0.0001232921,-0.00013357267,0.024201155,-0.00033408543,-0.0004359627,0.0003362645
30872000,-0.00012555312,-0.00013773893,0.024261333,-0.00034496927,-0.00036279898,0.00039559972
30880000,-0.00012770263,-0.00014136558,0.02432041,-0.00033601111,-0.0003294736,0.00043822365
30888000,-0.00013003408,-0.00014475301,0.024378039,-0.00035810308,-0.0003132763,0.0004230837
30896000,-0.00013217531,-0.00014811727,0.024434045,-0.0003327823,-0.00032852846,0.00039483525
30904000,-0.00013428941,-0.00015156552,0.024489004,-0.00032885646,-0.00033318644,0.00043637175
30912000,-0.00013598822,-0.00015496387,0.024542848,-0.00024810137,-0.0003233997,0.0004381868
30920000,-0.00013750995,-0.0001582194,0.024595072,-0.00028826372,-0.00031132626,0.00040358453
30928000,-0.0001395926,-0.00016144592,0.024646046,-0.00038725382,-0.0003384908,0.0004597572
30936000,-0.00014222537,-0.00016494666,0.02469614,-0.00042922064,-0.00036251123,0.0004826857
30944000,-0.00014483191,-0.00016704186,0.02474232,-0.00046156402,-0.00034837538,0.0004930975
30952000,-0.00014760235,-0.00016946517,0.02480163,-0.00048135896,-0.00041950008,0.0005339719
30960000,-0.00015056641,-0.00017219731,0.02485956,-0.00050363614,-0.0004524595,0.00054027943
30968000,-0.00015375228,-0.00017505526,0.024916077,-0.00053436507,-0.00045599428,0.00054681016
30976000,-0.00015670668,-0.00017792337,0.024971344,-0.00045136243,-0.00043668563,0.000601005
30984000,-0.00015938109,-0.00018065452,0.025025511,-0.00046820022,-0.0004433348,0.00059912493
30992000,-0.00016212871,-0.00018338097,0.025078095,-0.00048534997,-0.0004350738,0.00055438257
31000000,-0.00016508883,-0.00018600124,0.025153447,-0.0005172408,-0.0004142159,0.0005589353
31008000,-0.00016844385,-0.000188433,0.025226701,-0.00057311927,-0.0003918195,0.0005298044
31016000,-0.00017214187,-0.0001907744,0.02529818,-0.0006133146,-0.00040007327,0.00059538294
31024000,-0.00017621917,-0.00019328317,0.025368031,-0.0006564916,-0.00043507322,0.0005687325
31032000,-0.00018040118,-0.00019586079,0.025435487,-0.0006378183,-0.00042453464,0.00048270315
31040000,-0.00018422838,-0.00019860874,0.02550078,-0.00058235915,-0.00046095342,0.00043870896
31048000,-0.0001879276,-0.0002011004,0.025502687,-0.0006103965,-0.00036128942,0.00043787798
31056000,-0.00019185414,-0.00020284334,0.02550486,-0.00063983887,-0.0002930664,0.0004434733
31064000,-0.00019605378,-0.00020430492,0.025506917,-0.00067503913,-0.00029591226,0.00043179325
31072000,-0.0002004869,-0.00020586708,0.025509058,-0.0006948547,-0.00031267185,0.00044519326
31080000,-0.0002048583,-0.00020766107,0.02551142,-0.0006671815,-0.00035219546,0.0004777341
31088000,-0.00020908233,-0.00020947323,0.02551401,-0.00066221517,-0.0003226898,0.00048415991
31096000,-0.0002134763,-0.00021115309,0.025516663,-0.0007033782,-0.00031639362,0.00048165082
31104000,-0.00021805956,-0.00021282854,0.025505446,-0.00070887373,-0.00033091026,0.00047099308
31112000,-0.00022251742,-0.0002144166,0.025494482,-0.00067224796,-0.00030065438,0.00043446125
31120000,-0.00022682769,-0.00021589297,0.025483869,-0.0006823445,-0.00029153857,0.0004573737
31128000,-0.00023111224,-0.00021713419,0.025473485,-0.0006612115,-0.0002487422,0.00039322794
31140000,-0.00023521617,-0.00021791371,0.02546323,-0.0006463737,-0.00018618631,0.00039099608
31144000,-0.00023933999,-0.0002184836,0.025453242,-0.0006540456,-0.00018777091,0.00036263274
31156000,-0.00024243043,-0.00021728133,0.025437854,-0.00064762664,-0.00017795879,0.0003148789
31160000,-0.00024528484,-0.00021623915,0.025422871,-0.0006245197,-0.00023030618,0.00031642194
31172000,-0.0002481335,-0.00021566823,0.025408365,-0.000615389,-0.0002720693,0.00030745697
31176000,-0.0002509336,-0.00021536321,0.025394045,-0.0006209661,-0.00030072185,0.000274108
31188000,-0.0002536669,-0.00021522852,0.025380194,-0.00061109476,-0.0003145279,0.00029874977
31192000,-0.0002564386,-0.00021507345,0.025367055,-0.0006148395,-0.0002951433,0.00034619792
31200000,-0.00025922622,-0.00021516351,0.025397215,-0.00060053595,-0.00036667706,0.00033785388
31208000,-0.00026178343,-0.00021531967,0.025426516,-0.00056927884,-0.00029480693,0.0003182394
31216000,-0.00026423667,-0.00021490801,0.02545461,-0.0005725162,-0.0002256083,0.0002559287
31224000,-0.00026662325,-0.00021417168,0.0254818,-0.0005364502,-0.00023235311,0.00025470945
31232000,-0.0002687863,-0.00021377529,0.02550822,-0.0005282244,-0.00028399518,0.0002685938
31240000,-0.00027093486,-0.00021359372,0.025534097,-0.00053724775,-0.00029329417,0.00027800992
31248000,-0.00027327111,-0.0002135352,0.025577461,-0.00054576196,-0.00029973916,0.0003004528
31256000,-0.00027545574,-0.00021357514,0.025619702,-0.0005165742,-0.00030689107,0.00030037775
31264000,-0.0002774169,-0.00021359518,0.02566103,-0.00048308834,-0.00030426838,0.00034384808
31272000,-0.0002790833,-0.00021343867,0.025701454,-0.00043956802,-0.0002488657,0.00035831588
31280000,-0.00028037754,-0.00021296775,0.02574098,-0.0003960606,-0.00024003118,0.00038489178
31288000,-0.00028156038,-0.00021274018,0.02577964,-0.00038856006,-0.00030450572,0.0003961932
31296000,-0.00028262322,-0.0002129165,0.025817154,-0.00038548425,-0.0003079221,0.00036027026
31304000,-0.00028363775,-0.00021310343,0.025856419,-0.00036885444,-0.0003497838,0.0003966281
31312000,-0.0002845298,-0.0002138524,0.025894592,-0.00035041483,-0.00039983782,0.0003432897
31320000,-0.0002855106,-0.00021480181,0.025931424,-0.0003967393,-0.00040171936,0.00030789198
31328000,-0.00028667573,-0.00021563793,0.025967106,-0.00038431463,-0.0003842597,0.000305215
31336000,-0.00028791427,-0.00021636093,0.026001668,-0.00041582406,-0.0003491833,0.00025279765
31344000,-0.00028935983,-0.0002169428,0.026034929,-0.0004271123,-0.0003686457,0.00021860965
31352000,-0.00029080937,-0.00021778786,0.026125604,-0.00042189157,-0.00039883997,0.00028315146
31360000,-0.00029021475,-0.0002175357,0.02621127,-0.00047198398,-0.0003870972,0.0003443805
31368000,-0.0002900428,-0.00021738959,0.026294593,-0.00050457724,-0.0004202953,0.0002941356
31376000,-0.00029012753,-0.00021733901,0.026375324,-0.00053693523,-0.00040730892,0.0002636973
31384000,-0.00029036085,-0.00021725707,0.026453778,-0.0005263304,-0.0003852176,0.00030078043
31392000,-0.0002905421,-0.00021701228,0.026530385,-0.0005218793,-0.00036869026,0.00031753635
31400000,-0.0002906734,-0.00021660134,0.026590765,-0.0004972981,-0.00034132315,0.0003432012
31408000,-0.00029057587,-0.00021610604,0.0266497,-0.00048347042,-0.0003350486,0.0003525617
31416000,-0.00029079732,-0.00021578126,0.026706953,-0.0005266053,-0.0003822307,0.00031989437
31424000,-0.0002913071,-0.00021579114,0.026762411,-0.0005628626,-0.0003944206,0.00029693206
31432000,-0.00029201538,-0.00021565382,0.026816215,-0.000576366,-0.00034261483,0.00028763412
31440000,-0.00029268718,-0.00021498896,0.026868477,-0.00052339985,-0.0002662726,0.000260931
31448000,-0.0002929637,-0.0002141182,0.026902575,-0.0004899597,-0.0002523327,0.0002793099
31456000,-0.00029306475,-0.00021309558,0.026936073,-0.00048315973,-0.00024124513,0.00033122711
31464000,-0.0002932449,-0.00021179748,0.026968902,-0.00047851523,-0.00017755912,0.00034525158
31472000,-0.00029329598,-0.00021040502,0.027001131,-0.0004452938,-0.00019909936,0.0003759826
31480000,-0.0002931883,-0.00020938327,0.027032664,-0.00044553995,-0.00026980345,0.0003840268
31488000,-0.0002932726,-0.00020875482,0.027063524,-0.00047736216,-0.00028845467,0.00041443532
31496000,-0.00029362555,-0.00020829838,0.027093535,-0.0005024377,-0.00030171796,0.00035700828
31504000,-0.00029431237,-0.00020817807,0.027133197,-0.00055483566,-0.00036572784,0.00029550685
31512000,-0.0002952864,-0.00020830525,0.027171219,-0.0005674971,-0.00035619797,0.0002182352
31520000,-0.00029653957,-0.00020850336,0.027208,-0.00061887485,-0.0003773733,0.00023206325
31528000,-0.00029813126,-0.000208926,0.027243776,-0.00063749444,-0.0003943144,0.00021670692
31536000,-0.00029970732,-0.00020953754,0.027278695,-0.0006073264,-0.000420091,0.00025317108
31544000,-0.00030104813,-0.00021009758,0.027312841,-0.0005729575,-0.000370846,0.00027508047
31552000,-0.00030237527,-0.0002104896,0.027325744,-0.00059003074,-0.00037931526,0.0003443794
31560000,-0.0003037028,-0.00021108815,0.027338704,-0.00058097456,-0.00042223258,0.00037781926
31568000,-0.00030358083,-0.00021101284,0.02734979,-0.00063809607,-0.00045293604,0.0003821101
31576000,-0.00030387632,-0.0002112424,0.027360568,-0.00064445456,-0.0004940443,0.00037426877
31584000,-0.0003038489,-0.00021178609,0.027371177,-0.00057744,-0.0005105284,0.00038229025
31592000,-0.00030363118,-0.00021258208,0.027381444,-0.0005664065,-0.00054938614,0.00037611835
31600000,-0.0003035291,-0.0002135849,0.027389016,-0.0006086516,-0.0005490769,0.00030998338
31608000,-0.00030407406,-0.00021438424,0.027395893,-0.00070117007,-0.00049080106,0.00028864748
31616000,-0.00030521373,-0.00021501638,0.027402835,-0.0007322538,-0.0005062717,0.0003250327
31624000,-0.00030642925,-0.0002157838,0.027409753,-0.0007315982,-0.0005032343,0.00032748136
31632000,-0.00030757595,-0.0002165535,0.027416697,-0.0006802432,-0.00050245546,0.0003650151
31640000,-0.0003084865,-0.00021730966,0.027423581,-0.000676076,-0.00047531375,0.00035641075
31648000,-0.000309511,-0.00021782551,0.027459493,-0.0006967002,-0.0004401716,0.00039080033
31660000,-0.00031062542,-0.0002182986,0.027494693,-0.00067425624,-0.00046155596,0.00040480826
31664000,-0.0003116613,-0.00021911021,0.027528826,-0.0006696749,-0.0005012207,0.00038071471
31672000,-0.00031281865,-0.00021997122,0.02756224,-0.0007040917,-0.00045838222,0.00042330637
31680000,-0.0003143423,-0.00022071066,0.027594853,-0.0007292839,-0.00047570656,0.00039513267
31688000,-0.00031613602,-0.00022151505,0.027626198,-0.0007669358,-0.00045565178,0.00034152842
31696000,-0.00031799456,-0.00022233989,0.027656578,-0.00074784295,-0.00047128127,0.00035301983
31704000,-0.0003200591,-0.00022322778,0.02771712,-0.00076983246,-0.00045888723,0.0003160932
31712000,-0.00032201564,-0.00022373321,0.027775675,-0.00073645986,-0.00036645937,0.0002890887
31720000,-0.000323653,-0.0002236477,0.027832637,-0.00067650585,-0.00029998517,0.00031568515
31728000,-0.000324998,-0.00022323833,0.027888257,-0.0006518053,-0.000280873,0.0003407786
31736000,-0.0003261528,-0.0002227877,0.027942423,-0.00062140625,-0.00028166853,0.00032382287
31744000,-0.00032730118,-0.00022256134,0.027994934,-0.00063948805,-0.00032324085,0.00030559092
31752000,-0.00032888135,-0.00022257202,0.028067665,-0.0007002307,-0.00033512013,0.00034004071
31760000,-0.00033082024,-0.00022258845,0.028138576,-0.0007273053,-0.00030787865,0.00035853378
31768000,-0.0003329015,-0.000222569,0.028207777,-0.00072292093,-0.00032599326,0.00038804975
31776000,-0.00033304348,-0.00022162005,0.028272536,-0.00069131504,-0.00038186507,0.00041608262
31784000,-0.00033338903,-0.00022108282,0.028335558,-0.00075699115,-0.00040271954,0.00042534154
31792000,-0.00033428427,-0.00022062597,0.028397094,-0.0008028679,-0.00041365187,0.00044623233
31800000,-0.00033537252,-0.00022056124,0.02846357,-0.0008085942,-0.00044307433,0.0004573586
31808000,-0.00033680248,-0.00022027623,0.028528651,-0.0008411408,-0.00038901358,0.0005302583
31816000,-0.0003381628,-0.00021986873,0.028592277,-0.0007936929,-0.00038487485,0.000544586
31824000,-0.00033932523,-0.00021963313,0.028654533,-0.0007582785,-0.00042268605,0.00060122996
31832000,-0.00034031275,-0.00021944339,0.0287154,-0.00076258095,-0.0003704152,0.0006170527
31840000,-0.00034151124,-0.00021914391,0.028775003,-0.0007738667,-0.0004001418,0.0006774789
31848000,-0.00034281626,-0.00021913987,0.02884675,-0.0007695141,-0.00041590066,0.00069745193
31856000,-0.0003440916,-0.00021916778,0.028916573,-0.00075568154,-0.00041738115,0.0006788193
31864000,-0.0003453613,-0.00021943662,0.028984617,-0.00076705,-0.00046191647,0.00070716935
31872000,-0.00034683247,-0.00022022561,0.029051205,-0.00076999416,-0.00052465213,0.0007454209
31880000,-0.00034837233,-0.00022140687,0.02911608,-0.0007742149,-0.00055778184,0.0007230287
31888000,-0.00034984012,-0.00022298993,0.029179187,-0.0007326991,-0.00059972156,0.0007373307
31896000,-0.00035107072,-0.00022466594,0.029240912,-0.0007198403,-0.0005661654,0.0007723717
31904000,-0.00035241764,-0.0002260631,0.029317074,-0.00072892226,-0.0005354629,0.00079329184
31912000,-0.00035395083,-0.00022744587,0.029391304,-0.0007687881,-0.00054944534,0.0007827071
31920000,-0.00035591278,-0.00022894687,0.029463353,-0.000810657,-0.0005547067,0.00074757735
31928000,-0.00035838594,-0.00023062821,0.02953356,-0.00087087683,-0.00058296963,0.00078414637
31936000,-0.00036124064,-0.00023261803,0.02960195,-0.0009127436,-0.0006215402,0.00074045337
31944000,-0.0003643142,-0.00023493446,0.029668368,-0.0008954152,-0.0006467017,0.0007469176
31952000,-0.00036729226,-0.0002373823,0.029750155,-0.0008721252,-0.0006401996,0.0007180663
31960000,-0.00037026504,-0.00023976596,0.0298299,-0.00089222705,-0.00065497117,0.00073470816
31968000,-0.00037327493,-0.00024241771,0.02990743,-0.00085743517,-0.0006632158,0.00072874647
31976000,-0.00037609244,-0.00024510326,0.029982945,-0.0008422568,-0.0006618225,0.0007219685
31984000,-0.00037650918,-0.00024639358,0.030052008,-0.00085105834,-0.00066728017,0.00078557
31992000,-0.00037686963,-0.00024777628,0.03011978,-0.0008064262,-0.0006550032,0.0008123965
32000000,-0.00037723055,-0.00024918956,0.030210325,-0.0008216944,-0.00066213566,0.0007561962
32008000,-0.0003777199,-0.00025067473,0.03029827,-0.0008224124,-0.0006746533,0.0007823651
32016000,-0.0003784054,-0.00025242107,0.030384213,-0.000854206,-0.000696923,0.0008200751
32024000,-0.0003792941,-0.0002542324,0.030467857,-0.0008549486,-0.0006819685,0.0007661889
32032000,-0.0003804312,-0.0002561047,0.030548897,-0.0008839786,-0.0006910102,0.00074463687
32040000,-0.0003816301,-0.00025805706,0.030627653,-0.0008531015,-0.00069126143,0.000725383
32048000,-0.00038266106,-0.0002597929,0.030765552,-0.0008345072,-0.00064163655,0.0007247277
32056000,-0.0003836759,-0.00026147228,0.030899692,-0.0008149078,-0.00064797566,0.000728355
32064000,-0.0003846613,-0.0002634438,0.031030564,-0.00083308574,-0.0007105215,0.0008046737
32076000,-0.00038606496,-0.0002657595,0.03115807,-0.0008809211,-0.0007073286,0.00078732835
32080000,-0.0003878449,-0.00026818697,0.031282,-0.0009187512,-0.0007500864,0.0007766832
32088000,-0.00038995445,-0.000271011,0.031402692,-0.00092214684,-0.0007670036,0.00077884854
32096000,-0.00039214198,-0.00027391405,0.031519853,-0.0009353402,-0.00078032585,0.0007484357
32104000,-0.00039462428,-0.00027712018,0.031628348,-0.0009717918,-0.0008024353,0.0007794132
32112000,-0.00039714118,-0.0002802426,0.031734142,-0.0009274316,-0.0007804698,0.0008148235
32120000,-0.00039952484,-0.00028336764,0.03183746,-0.00094492326,-0.00078122795,0.00084175804
32128000,-0.00040203013,-0.0002866893,0.031937856,-0.0009199441,-0.0007956441,0.0007934444
32136000,-0.0004046264,-0.00028985372,0.03203529,-0.00093390176,-0.0007593568,0.00077642483
32144000,-0.0004073184,-0.0002928829,0.03213001,-0.00096465094,-0.0007440013,0.00074504176
32152000,-0.00041051648,-0.00029620182,0.032215357,-0.0010193482,-0.0008086189,0.000722204
32160000,-0.00041392937,-0.0002998689,0.0322983,-0.0010084291,-0.0008295612,0.00071300205
32168000,-0.0004175817,-0.0003037,0.03237915,-0.0010723865,-0.0008305854,0.0007229959
32176000,-0.00042185292,-0.00030771122,0.032457635,-0.0011250686,-0.0008661435,0.00070297957
32184000,-0.00042645147,-0.00031177388,0.032534283,-0.0011347225,-0.00083867565,0.00075547403
32192000,-0.00042805378,-0.00031345498,0.03260391,-0.0011128061,-0.0007992155,0.0007924352
32200000,-0.00042957038,-0.00031493904,0.03267911,-0.0010990348,-0.0007691603,0.00078293483
32208000,-0.00043137034,-0.0003161211,0.032752153,-0.0011323806,-0.0007150068,0.0007572341
32216000,-0.00043324896,-0.00031707637,0.032823,-0.0011003937,-0.0007009903,0.0007282182
32224000,-0.00043505826,-0.00031797713,0.03289174,-0.0010864252,-0.0006729243,0.00070717785
32232000,-0.00043669614,-0.00031871774,0.03295856,-0.001044874,-0.0006485967,0.0006929948
32240000,-0.0004383103,-0.00031937935,0.033023242,-0.001055355,-0.0006314355,0.0006317332
32248000,-0.0004398855,-0.00031963212,0.032955565,-0.0010074531,-0.00052904966,0.00054490194
32256000,-0.0004413196,-0.00031953643,0.032889433,-0.0009870197,-0.0005381089,0.0005163171
32264000,-0.00044249152,-0.00031959263,0.03282488,-0.0009368906,-0.00055410154,0.00046506914
32272000,-0.00044361487,-0.00031983777,0.032761794,-0.0009472519,-0.000553566,0.00042528164
32280000,-0.00044490275,-0.00032003463,0.032700285,-0.00095366413,-0.0005162406,0.00039655284
32292000,-0.00044624886,-0.00031986873,0.03264034,-0.0009353521,-0.00046738764,0.00040348852
32300000,-0.0004476256,-0.0003195698,0.032582074,-0.0009445326,-0.0004659746,0.00037036167
32308000,-0.0004492688,-0.0003192559,0.032559037,-0.0009854777,-0.00045397558,0.000424108
32316000,-0.0004512813,-0.00031895915,0.03253678,-0.0010009815,-0.00044359028,0.00040021236
32324000,-0.00045321256,-0.00031870801,0.032514796,-0.0009545272,-0.0004737762,0.00032891682
32332000,-0.0004548525,-0.0003187305,0.03249294,-0.0008984328,-0.00046246502,0.00030026582
32340000,-0.00045629358,-0.00031867166,0.032471735,-0.00088167714,-0.00046441288,0.00032897093
32348000,-0.00045746772,-0.00031869923,0.032451417,-0.000828754,-0.0004621112,0.00038053645
32356000,-0.00045830078,-0.0003187134,0.032440707,-0.00077132735,-0.00045634847,0.00037933368
32364000,-0.00045892756,-0.00031885388,0.032430466,-0.00075878715,-0.0004752728,0.00042960033
32372000,-0.00045946718,-0.00031928136,0.032420754,-0.0007318455,-0.0005056405,0.0004354864
32380000,-0.00046008994,-0.0003199081,0.032411303,-0.0007620324,-0.0005193183,0.00043456312
32388000,-0.00046099795,-0.00032059447,0.032402035,-0.00076290464,-0.00049613544,0.00040958397
32396000,-0.0004617566,-0.0003211068,0.032392804,-0.0007121544,-0.00047655444,0.0003783723
32404000,-0.00045838332,-0.0003185496,0.032389764,-0.0006465836,-0.00044689942,0.00041863963
32412000,-0.00045487715,-0.00031626565,0.032386955,-0.0006226551,-0.0005124638,0.00042247536
32420000,-0.00045124968,-0.00031430993,0.032384172,-0.00060754,-0.00049930246,0.00039561832
32428000,-0.00044769683,-0.00031230747,0.03238126,-0.0006092891,-0.000470062,0.00037977844
32436000,-0.00044439203,-0.0003099544,0.032378383,-0.0006144344,-0.00042114363,0.00038346596
32444000,-0.00044098526,-0.00030748668,0.03237578,-0.0005702916,-0.00040253124,0.00043234995
32452000,-0.0004375112,-0.0003049091,0.032353986,-0.0005738469,-0.00036470062,0.00046722576
32460000,-0.0004341456,-0.00030199354,0.032333124,-0.00056723796,-0.00031539373,0.00051229
32468000,-0.0004308566,-0.0002988694,0.03231303,-0.00055967877,-0.00027452077,0.0005186402
32476000,-0.000427762,-0.00029563668,0.03229364,-0.0005788158,-0.00028520278,0.00051379227
32484000,-0.00042471246,-0.0002925511,0.032274574,-0.0005509203,-0.0002738905,0.0004745529
32492000,-0.00042173723,-0.0002894369,0.032255992,-0.0005701249,-0.00027208452,0.00050245936
32500000,-0.00041889987,-0.0002864536,0.032238323,-0.0005799031,-0.00026944367,0.00053255074
32508000,-0.00041647107,-0.00028338903,0.032207213,-0.00060616253,-0.00024063603,0.00047937137
32516000,-0.00041427903,-0.0002803579,0.032176718,-0.0006459136,-0.0002735981,0.00043615105
32524000,-0.0004124423,-0.00027762295,0.03214681,-0.00064996106,-0.00027488082,0.0004223355
32532000,-0.00041087,-0.0002749363,0.03211773,-0.00069088605,-0.00028454335,0.000423005
32540000,-0.00040947733,-0.00027225167,0.032089353,-0.0006752598,-0.0002345928,0.0003743345
32548000,-0.00040803585,-0.00026911436,0.032061346,-0.00064887945,-0.00017618462,0.00032930906
32556000,-0.00040654532,-0.00026560188,0.032035436,-0.00064320525,-0.00013192919,0.00032628226
32564000,-0.0004052824,-0.0002618297,0.032010205,-0.0006766019,-7.146828e-05,0.00029470687
32572000,-0.00040416588,-0.00025788156,0.031985234,-0.00067802693,-8.7806366e-05,0.0002234673
32580000,-0.00040332164,-0.00025439815,0.03196034,-0.00068755815,-0.00015847394,0.00015585581
32588000,-0.0004025957,-0.00025123253,0.03193586,-0.0007048108,-0.00015142026,0.00014530512
32596000,-0.0004020917,-0.00024799418,0.031911865,-0.00070474256,-0.00012175211,0.000118800606
32604000,-0.0004014566,-0.00024464732,0.03186551,-0.00064754294,-0.00011372405,7.030602e-05
32612000,-0.00039744997,-0.00023944593,0.03181888,-0.00058636337,-0.00011779472,5.9673283e-05
32620000,-0.00039315625,-0.00023415808,0.031773496,-0.00055266556,-6.685153e-05,9.346822e-05
32628000,-0.0003887204,-0.0002287831,0.03172963,-0.00050887215,-8.348445e-05,9.662149e-05
32640000,-0.00038396133,-0.00022377365,0.031686746,-0.00044304298,-0.00011782526,5.963641e-05
32644000,-0.000379017,-0.00021890982,0.03164472,-0.0004294197,-0.00010068745,2.0711463e-05
32652000,-0.0003739957,-0.00021390416,0.031623155,-0.00038753386,-5.8687117e-05,-2.131028e-05
32660000,-0.00036879137,-0.00020865677,0.031601634,-0.00035911112,-1.8935103e-05,-8.704566e-05
32668000,-0.0003636211,-0.00020322487,0.03158034,-0.00036683996,1.5022065e-06,-9.961408e-05
32676000,-0.00035867232,-0.00019755813,0.03155978,-0.00037156598,5.0864954e-05,-3.2300173e-05
32684000,-0.0003539095,-0.0001920844,0.03154021,-0.00038450424,-4.9702894e-06,1.2667543e-05
32692000,-0.0003490618,-0.00018693024,0.031521324,-0.00032485256,-2.4120109e-05,1.9756068e-05
32700000,-0.00034411965,-0.00018197815,0.031502772,-0.00031868537,-2.01478e-05,-1.3771189e-06
32708000,-0.0003389602,-0.00017714278,0.031520225,-0.00025730275,-2.6859216e-05,5.2195883e-05
32716000,-0.00033353703,-0.00017225307,0.031537488,-0.00022575894,-9.657388e-06,0.00010461988
32724000,-0.00032815372,-0.00016742492,0.031554442,-0.0002418413,2.528539e-06,9.1966e-05
32732000,-0.00032292432,-0.00016228136,0.031570632,-0.00021820072,8.3282896e-05,5.7925008e-05
32744000,-0.00031787102,-0.0001566552,0.031586092,-0.00027659367,0.0001165328,1.8657987e-05
32748000,-0.00031335812,-0.00015106217,0.031600777,-0.00033101454,0.000121606055,-3.1474226e-06
32756000,-0.00030931996,-0.00014550575,0.031600848,-0.00034670284,0.00011993989,-2.4871817e-05
32764000,-0.00030585434,-0.00014004273,0.031600833,-0.00044962618,0.00011939909,-2.7465217e-05
32772000,-0.0003030075,-0.00013463869,0.03160076,-0.0004737449,0.00011835174,-2.307256e-05
32780000,-0.00030030194,-0.0001294035,0.03160063,-0.00046728365,0.00010275958,-2.165571e-05
32788000,-0.00029763515,-0.00012414761,0.031600483,-0.00045295138,0.00014730901,-1.6748223e-05
32796000,-0.00029522576,-0.00011868534,0.03160028,-0.0004990461,0.00015357959,-2.9964764e-05
32804000,-0.00029310407,-0.00011322989,0.031591427,-0.00050152,0.00019313121,-3.658062e-05
32812000,-0.00029108115,-0.00010733415,0.031583063,-0.0004935708,0.00024909683,3.465094e-05
32820000,-0.00028715923,-0.000100731086,0.031576138,-0.00050220225,0.00030044437,3.4337838e-05
32828000,-0.00028353598,-9.389229e-05,0.031569324,-0.0005343946,0.00030383613,3.8976028e-05
32840000,-0.00028021936,-8.716268e-05,0.03156277,-0.00054764905,0.0003038323,2.5810477e-05
32844000,-0.00027716713,-8.058805e-05,0.031555984,-0.0005585551,0.00029197356,-2.1446505e-05
32852000,-0.00027418137,-7.4220625e-05,0.03152482,-0.0005307114,0.00026744758,-2.7736078e-05
32860000,-0.0002709817,-6.802579e-05,0.031494442,-0.00049052667,0.00026318707,-2.0732936e-05
32868000,-0.0002676742,-6.19141e-05,0.03146516,-0.00047044095,0.00027077078,3.0754953e-05
32876000,-0.00026436397,-5.5736662e-05,0.0314369,-0.00044686953,0.00030980768,5.1820578e-05
32884000,-0.0002608362,-4.9385308e-05,0.03140954,-0.00039790221,0.00030859452,5.3119726e-05
32892000,-0.0002571891,-4.3061453e-05,0.03138298,-0.00039228637,0.00035225158,6.1945386e-05
32900000,-0.00025373398,-3.639037e-05,0.03135726,-0.0004294151,0.00038385708,8.419975e-05
32908000,-0.0002506354,-2.9625347e-05,0.03130563,-0.0004151689,0.00040286343,1.1779095e-05
32916000,-0.00024741187,-2.2685641e-05,0.031255122,-0.00038295312,0.00045154817,-1.4174448e-05
32924000,-0.00024388864,-1.5707114e-05,0.031205758,-0.00033008138,0.00041860976,-4.4682933e-05
32932000,-0.00024051782,-9.06213e-06,0.031157436,-0.00037356422,0.0004025545,-8.697749e-05
32940000,-0.0002375097,-2.7590793e-06,0.031109946,-0.00039502277,0.00035075136,-0.00014698155
32948000,-0.00023465068,3.143494e-06,0.031063788,-0.00040167719,0.00030865928,-8.700129e-05
32956000,-0.00023184954,8.745159e-06,0.030942045,-0.00036681717,0.0003039826,-0.00012099855
32964000,-0.00022888827,1.4202227e-05,0.030823689,-0.00032950082,0.00027195315,-0.00011009352
32972000,-0.00022575352,1.9320716e-05,0.030708402,-0.0003167693,0.0002470488,-0.00014602373
32980000,-0.00022245882,2.4353716e-05,0.030596044,-0.00025064405,0.00026631134,-0.00017517727
32988000,-0.00021895533,2.914899e-05,0.030486789,-0.00025304488,0.00019954931,-0.00014563998
32996000,-0.00021563057,3.355281e-05,0.030380609,-0.00026276216,0.00019859073,-0.0001417278
33004000,-0.00021234721,3.8046335e-05,0.030268792,-0.00021751173,0.00022507408,-0.00011695091
33012000,-0.00020865812,4.2632375e-05,0.030160295,-0.00015086523,0.00024189669,-9.5666204e-05
33020000,-0.00020479094,4.7390156e-05,0.03005481,-0.00016160218,0.00027864092,-9.879621e-05
33028000,-0.00019983859,5.1258445e-05,0.029954482,-0.0001681098,0.0002458449,-7.5005504e-05
33036000,-0.00019488475,5.489626e-05,0.029857026,-0.00012341114,0.00023901436,-5.2949694e-05
33044000,-0.00018990457,5.83223e-05,0.029762331,-0.00013132929,0.00020956641,-7.163642e-05
33052000,-0.00018505563,6.145391e-05,0.02963712,-0.0001286298,0.00016037529,-0.0001148862
33060000,-0.00018033956,6.4155945e-05,0.029515246,-0.00013581903,0.0001340261,-0.000113534814
33068000,-0.0001758961,6.6486034e-05,0.029396437,-0.00017250929,7.484063e-05,-0.00018211736
33076000,-0.00017172813,6.849253e-05,0.029280663,-0.00017168144,6.624509e-05,-0.00016234799
33084000,-0.00016752703,7.054575e-05,0.029168084,-0.00015116356,9.89293e-05,-0.00017893576
33092000,-0.00016347846,7.272452e-05,0.029058587,-0.00016268167,0.000100760095,-0.00017182638
33100000,-0.00015952696,7.470495e-05,0.028951995,-0.00016402121,6.367452e-05,-0.0002064665
33108000,-0.00015563203,7.629013e-05,0.02882455,-0.00014511043,2.8253608e-05,-0.00022045843
33116000,-0.00015179387,7.766147e-05,0.028700639,-0.00015621878,9.132006e-06,-0.00021917353
33124000,-0.00014805194,7.892895e-05,0.028579913,-0.00013795633,1.3761485e-06,-0.00025805758
33132000,-0.00014448665,7.9949416e-05,0.028462272,-0.00018240137,-2.1871156e-05,-0.00026287104
33140000,-0.00014114124,8.083315e-05,0.028347837,-0.0001651191,-9.2509845e-06,-0.00028448066
33148000,-0.00013787513,8.207705e-05,0.028236277,-0.00017503476,5.2849755e-05,-0.00029633762
33156000,-0.00013472425,8.339218e-05,0.028124947,-0.00016694372,1.9027999e-05,-0.00029238863
33164000,-0.00013135643,8.4430394e-05,0.028016575,-0.00010903576,7.467102e-06,-0.00031715175
33172000,-0.00012773994,8.5381216e-05,0.02791093,-7.696391e-05,2.1543936e-05,-0.00033912287
33180000,-0.00012382667,8.637379e-05,0.027808024,-2.0850855e-05,-2.2886661e-07,-0.0003562948
33188000,-0.00011980692,8.731801e-05,0.02770802,-1.8550822e-05,2.2607988e-05,-0.00029470606
33196000,-0.000116092204,8.825872e-05,0.02761108,-7.7853096e-05,3.4506375e-05,-0.00029918863
33204000,-0.000112756235,8.94028e-05,0.02755227,-8.717382e-05,6.131304e-05,-0.00028732084
33212000,-0.00010943867,9.056356e-05,0.027495045,-7.213532e-05,5.0967792e-05,-0.00030889048
33220000,-0.00010608579,9.1604525e-05,0.02743907,-3.630169e-05,4.6785037e-05,-0.0003465904
33228000,-0.00010242988,9.267442e-05,0.027384374,1.2213195e-05,6.461344e-05,-0.00036558165
33236000,-9.775186e-05,9.2638715e-05,0.027333286,2.2155618e-05,0.00010158676,-0.0004059729
33244000,-9.3169045e-05,9.3089715e-05,0.027283626,2.24054e-05,0.00018067114,-0.00031755576
33256000,-8.873045e-05,9.3805495e-05,0.027279569,7.3287447e-06,0.00015066378,-0.00028590224
33260000,-8.462255e-05,9.435503e-05,0.02727563,-3.47496e-05,0.00016765793,-0.00028183687
33268000,-8.079098e-05,9.4812494e-05,0.027271694,-4.788909e-05,0.0001250232,-0.0002980493
33276000,-7.718342e-05,9.493232e-05,0.027267518,-5.100028e-05,0.0001128434,-0.00034699964
33284000,-7.362189e-05,9.519493e-05,0.027263086,-5.8177535e-05,0.00013741023,-0.0003613042
33292000,-7.0208844e-05,9.553312e-05,0.02725866,-4.388233e-05,0.00015226369,-0.0003897823
33300000,-6.669892e-05,9.595356e-05,0.027254114,-4.623474e-05,0.00014575235,-0.00036801156
33308000,-6.344157e-05,9.6532734e-05,0.027257662,-4.4711906e-05,0.00020381894,-0.0003804881
33316000,-6.0134545e-05,9.724257e-05,0.027261252,-5.141367e-05,0.00019528855,-0.00033122182
33324000,-5.728893e-05,9.808988e-05,0.02726491,-0.00012127032,0.0002297765,-0.00030312146
33332000,-5.495317e-05,9.929267e-05,0.027268488,-0.0001620376,0.00029380302,-0.0003162764
33340000,-5.295803e-05,0.00010085941,0.0272718,-0.00016070614,0.00032476528,-0.0003451745
33348000,-5.0707116e-05,0.00010262269,0.027274674,-0.00010918967,0.00033378834,-0.0003854038
33356000,-4.8447582e-05,0.00010432843,0.02728935,-0.00012488564,0.00033412167,-0.0004256319
33364000,-4.631658e-05,0.000106136715,0.027303442,-0.00013720748,0.00033929493,-0.00043835898
33372000,-4.43593e-05,0.00010786707,0.027317135,-0.00013590515,0.00033825944,-0.0003956058
33380000,-4.243139e-05,0.00010949226,0.027330412,-0.00013321047,0.0003237877,-0.0004306503
33388000,-4.073848e-05,0.000111413225,0.027343107,-0.00017609168,0.00038982127,-0.00042241858
33396000,-3.9488037e-05,0.0001134493,0.027355785,-0.00022333847,0.00037846813,-0.0003489373
33404000,-3.8708098e-05,0.00011546513,0.027347365,-0.00027524566,0.0003570128,-0.00029932702
33412000,-3.832736e-05,0.00011726521,0.027339479,-0.00030233865,0.0003610298,-0.0002815564
33420000,-3.831309e-05,0.00011919277,0.027331803,-0.00035649035,0.00037083015,-0.00028665844
33428000,-3.8627306e-05,0.00012105334,0.027324328,-0.0003515627,0.0003473458,-0.00026154783
33436000,-3.889077e-05,0.00012269692,0.027317261,-0.00034181282,0.0003374288,-0.000244796
33444000,-3.909152e-05,0.0001241902,0.027312212,-0.00039067594,0.000351176,-0.00025344072
33452000,-3.9670624e-05,0.00012570954,0.02729582,-0.0003860401,0.00033630492,-0.00022411009
33460000,-3.9932114e-05,0.00012697798,0.027280264,-0.0003315136,0.0003056496,-0.00017509662
33468000,-4.0202347e-05,0.00012814983,0.027265314,-0.00036399672,0.00031807332,-0.00017781452
33476000,-4.054228e-05,0.00012943397,0.027250476,-0.00032559884,0.00033057877,-0.00023116871
33484000,-4.0902014e-05,0.00013098713,0.027235921,-0.0003483922,0.00036649624,-0.00021970154
33492000,-4.125487e-05,0.00013243193,0.027221793,-0.0003176622,0.00033403016,-0.00022473242
33500000,-4.156338e-05,0.00013389652,0.027207978,-0.00032301233,0.000340786,-0.0002228407
33508000,-4.2046737e-05,0.00013534316,0.02720427,-0.00034087058,0.0003500135,-0.00016224498
33516000,-4.2767115e-05,0.00013692549,0.027201086,-0.00036740574,0.00036939295,-0.00012762923
33524000,-4.3749424e-05,0.00013861034,0.027197901,-0.00038656566,0.0003815013,-0.00019464604
33532000,-4.48322e-05,0.00014036222,0.027194187,-0.00038024335,0.00037673226,-0.00025281747
33540000,-4.6053687e-05,0.00014199805,0.027190499,-0.00042028734,0.0003602302,-0.00021608883
33548000,-4.7882077e-05,0.00014375713,0.027187124,-0.0005075767,0.0004000159,-0.00020033434
33556000,-5.0373877e-05,0.00014561332,0.02724419,-0.0005565555,0.0003988429,-0.00020587943
33564000,-5.3004467e-05,0.00014748613,0.0272999,-0.0005499034,0.0003734206,-0.00015583675
33572000,-5.603378e-05,0.00014913362,0.027354322,-0.00063109765,0.0003605408,-0.00012529908
33580000,-5.9444752e-05,0.000150786,0.027407425,-0.0006312252,0.00038336264,-9.3541064e-05
33588000,-6.294264e-05,0.00015273801,0.02745913,-0.00062853826,0.00041084204,-0.00011221265
33596000,-6.62942e-05,0.00015483232,0.02750929,-0.00060270116,0.00044316388,-9.886814e-05
33604000,-6.960803e-05,0.00015718321,0.027537493,-0.00058987015,0.00046713668,-6.6482775e-05
33612000,-7.2739735e-05,0.00015961721,0.027565172,-0.00056121725,0.00045737016,-2.7482964e-05
33620000,-7.571071e-05,0.00016213342,0.027592096,-0.00052818254,0.00048799132,-6.307726e-05
33628000,-7.856359e-05,0.00016479241,0.027618088,-0.0005284986,0.00049813755,-7.312342e-05
33636000,-8.151279e-05,0.00016775061,0.02764343,-0.0005215523,0.00054077996,-3.634352e-05
33644000,-8.434021e-05,0.00017080977,0.027668614,-0.0004940434,0.0005440919,4.6780722e-05
33652000,-8.6009415e-05,0.00017301583,0.027739784,-0.00045672487,0.0005225438,3.4371016e-05
33660000,-8.766624e-05,0.00017494604,0.027808553,-0.0004764475,0.00048099936,-5.185091e-05
33668000,-8.967568e-05,0.00017677368,0.02787494,-0.0005146235,0.00048754408,-8.963387e-05
33676000,-9.181289e-05,0.00017872964,0.027939329,-0.0005106885,0.00049456797,-7.014675e-05
33684000,-9.40765e-05,0.00018035756,0.02800249,-0.00052537187,0.00042850143,2.8766732e-05
33692000,-9.653493e-05,0.0001817722,0.028064208,-0.00054055697,0.000430613,2.8413664e-05
33700000,-9.898598e-05,0.00018327528,0.028124265,-0.0005158433,0.00043808733,2.5448247e-05
33708000,-0.00010153772,0.0001847297,0.02817421,-0.00055729604,0.0004241721,6.702594e-05
33716000,-0.00010463821,0.00018615983,0.028222948,-0.0006293805,0.00043166013,5.934573e-05
33724000,-0.0001079,0.00018774274,0.028270409,-0.00060173974,0.00044134914,8.917768e-05
33732000,-0.00011101431,0.00018921851,0.028316554,-0.0005706718,0.00040678997,4.287495e-05
33740000,-0.00011406618,0.00019061628,0.028361294,-0.0005719792,0.00042766146,4.5373068e-05
33748000,-0.00011719851,0.00019241069,0.028404688,-0.0005768928,0.00050146773,3.7403e-05
33756000,-0.00012046959,0.00019441372,0.028417813,-0.00061154185,0.000460988,3.3932625e-05
33764000,-0.000123956,0.00019610979,0.028430637,-0.0006034741,0.00043891283,5.6386463e-05
33772000,-0.00012743594,0.00019795873,0.028443228,-0.0006095694,0.00049518485,7.169634e-05
33780000,-0.00013100942,0.00020024554,0.028455548,-0.0006133105,0.00052859104,3.653477e-05
33788000,-0.00013457562,0.0002025239,0.02846701,-0.0005966625,0.00051245163,-5.153338e-05
33796000,-0.00013798394,0.00020514512,0.028477617,-0.00056262885,0.00059544016,-8.91823e-05
33804000,-0.00014136001,0.0002083335,0.028469177,-0.0005815464,0.000647402,-6.202082e-05
33812000,-0.00014506161,0.00021172497,0.028461086,-0.0006289506,0.0006495853,-5.2015475e-05
33820000,-0.00014883629,0.00021514033,0.02845332,-0.0006001077,0.00064488023,-5.5116932e-05
33828000,-0.00015270636,0.00021849145,0.02844572,-0.0006332478,0.0006373422,-7.843356e-05
33836000,-0.00015662462,0.00022178926,0.028437704,-0.0006033732,0.00063326646,-0.00018121635
33844000,-0.00016039703,0.00022532367,0.028429404,-0.00059376267,0.00068180094,-0.00020127773
33852000,-0.00016413724,0.0002291145,0.028363274,-0.000577929,0.00069443154,-0.0001619432
33860000,-0.00016542195,0.000231522,0.02829985,-0.00054323074,0.00071066566,-0.00011522569
33868000,-0.00016637387,0.00023443767,0.028238313,-0.00046944027,0.0007800904,-0.00014486634
33876000,-0.00016661627,0.00023769973,0.028178168,-0.00036982296,0.00079519633,-0.00017618875
33884000,-0.00016651776,0.00024088439,0.02811946,-0.00036200427,0.000770972,-0.00020658626
33892000,-0.0001664176,0.0002440512,0.028062383,-0.00036475595,0.00078258157,-0.00016234
33900000,-0.00016651943,0.0002474777,0.028007247,-0.0003789011,0.00081685337,-0.00012125702
33908000,-0.00016658359,0.00025135503,0.027940467,-0.0003314134,0.0008983011,-0.00012878873
33916000,-0.00016636228,0.00025568603,0.027875438,-0.0003256737,0.000909864,-0.00015289924
33924000,-0.00016619332,0.00026012002,0.027812064,-0.0003188172,0.00091398385,-0.00014598409
33932000,-0.00016592172,0.00026447693,0.02775041,-0.00029004115,0.00091589114,-0.00016925856
33940000,-0.0001656261,0.00026918724,0.027690321,-0.00029781222,0.000962866,-0.00015547144
33948000,-0.00016560216,0.00027410258,0.027632162,-0.00034654213,0.00097179925,-0.00013378134
33956000,-0.00016597379,0.00027918804,0.027565015,-0.00036480464,0.0009974102,-0.00019570079
33964000,-0.00016634385,0.0002842982,0.027499426,-0.00035751236,0.0009543054,-0.00020527588
33972000,-0.00016685727,0.0002890723,0.027435528,-0.0003781018,0.00092728983,-0.00023847811
33980000,-0.00016733573,0.0002937737,0.027373064,-0.00034648742,0.00092650787,-0.0002520097
33988000,-0.00016784693,0.00029855242,0.027312223,-0.0003567533,0.0009473952,-0.00027024988
33996000,-0.00016842876,0.00030376902,0.02725296,-0.00037883339,0.0010158273,-0.0002671636
34004000,-0.0001692485,0.00030920707,0.027181502,-0.00037285103,0.0010022373,-0.0002928085
34012000,-0.00016989814,0.00031472178,0.027111411,-0.00036339945,0.0010181519,-0.0003956816
34020000,-0.0001706702,0.0003201183,0.027042879,-0.00036812172,0.0009807245,-0.0003667064
34028000,-0.00017164978,0.00032520242,0.026976172,-0.00040798457,0.0009217823,-0.0004095127
34036000,-0.00017288764,0.00033002486,0.026911022,-0.000426616,0.00091610494,-0.00041005213
34044000,-0.00017433526,0.00033472962,0.026847722,-0.00043725586,0.00089008716,-0.00040018492
34052000,-0.00017580148,0.00033946597,0.026786556,-0.0004424043,0.0009064507,-0.0004207589
34060000,-0.00017746305,0.00034423015,0.026726807,-0.00045286134,0.0009046069,-0.00046424504
34068000,-0.00017653707,0.00034668835,0.026670618,-0.0004191406,0.00087390415,-0.00043933652
34076000,-0.0001755628,0.00034907545,0.026616007,-0.00042171596,0.00087730057,-0.00045326486
34084000,-0.00017470177,0.0003514894,0.026562542,-0.00042867096,0.0008761604,-0.0005219069
34092000,-0.00017383379,0.00035379044,0.026510304,-0.00040229282,0.0008156531,-0.00047874913
34100000,-0.00017278382,0.0003557431,0.026459724,-0.0003776828,0.0008011657,-0.00045277184
34108000,-0.00017172903,0.00035769085,0.026355213,-0.00036876506,0.0007716896,-0.0004468299
34116000,-0.0001706974,0.00035930896,0.026253536,-0.00038737993,0.0007352377,-0.0004470972
34124000,-0.0001698092,0.0003608659,0.026154729,-0.00036139553,0.0007239723,-0.00041597438
34132000,-0.00016863071,0.0003623708,0.026058871,-0.00031474177,0.00073223875,-0.00039620895
34144000,-0.00016737978,0.00036414698,0.02596571,-0.000307447,0.0007609257,-0.00038347513
34148000,-0.00016583294,0.00036615515,0.025875153,-0.00025044315,0.00077148125,-0.00038391523
34156000,-0.0001641293,0.00036816983,0.025818711,-0.00024717333,0.0007737856,-0.0003824259
34164000,-0.00016241238,0.0003701702,0.025763877,-0.0002085856,0.0007338141,-0.0003423178
34172000,-0.0001603402,0.00037202498,0.025710775,-0.00017062003,0.00074957445,-0.00032928243
34180000,-0.00015821119,0.00037386912,0.02565933,-0.00016635968,0.00068798574,-0.0002945669
34188000,-0.00015587408,0.0003752345,0.025609361,-0.000120793826,0.00063826726,-0.00030292018
34196000,-0.00015353778,0.0003762638,0.025560677,-0.00013012717,0.0005873827,-0.00028875814
34204000,-0.00015106607,0.00037692953,0.025521582,-8.018478e-05,0.00054642855,-0.00026640206
34212000,-0.00014832389,0.00037733992,0.02548352,-5.7883728e-05,0.0005149796,-0.00028794078
34220000,-0.00014567541,0.00037778678,0.025446309,-7.882615e-05,0.00054043997,-0.00030845375
34228000,-0.00014311803,0.0003783327,0.025410142,-6.735057e-05,0.0005216591,-0.0002835416
34236000,-0.00014045376,0.00037867756,0.025374906,-4.8879076e-05,0.00048033433,-0.00029650796
34244000,-0.0001379136,0.00037894186,0.025340518,-6.5578155e-05,0.0005026846,-0.0003132573
34252000,-0.00013546192,0.0003793079,0.025359498,-8.2162325e-05,0.00049714366,-0.00027232378
34260000,-0.00013330832,0.0003798053,0.025378,-0.00010582114,0.00051425287,-0.00027091074
34268000,-0.0001311795,0.0003805783,0.025396006,-9.003264e-05,0.0005571422,-0.00025327687
34276000,-0.00012727221,0.0003783945,0.02541559,-7.505616e-05,0.00059640256,-0.00024309565
34284000,-0.00012317272,0.00037624268,0.025434552,-3.5895806e-05,0.0005476111,-0.00025413526
34292000,-0.0001189662,0.00037399336,0.025453012,-3.3233242e-05,0.0005452599,-0.00023926055
34300000,-0.000114679075,0.00037192713,0.0254708,7.83476e-06,0.00057877816,-0.00028315597
34308000,-0.000110154295,0.0003700349,0.025495175,4.4096887e-05,0.00057513185,-0.00023783847
34316000,-0.00010536273,0.00036817606,0.025519017,9.963655e-05,0.00053397764,-0.00025084818
34324000,-0.00010034611,0.00036597086,0.025542196,9.674791e-05,0.0005022434,-0.00022955252
34332000,-9.555859e-05,0.00036341243,0.02556476,8.32972e-05,0.00042319592,-0.00023628774
34340000,-9.066299e-05,0.00036068386,0.025586583,0.00014763957,0.00043906938,-0.00024875905
34348000,-8.5478954e-05,0.0003581753,0.025608024,0.00015796964,0.0004584235,-0.00018922793
34356000,-8.0301725e-05,0.00035596252,0.025662368,0.00015477903,0.00048299815,-0.00021449031
34364000,-7.5327654e-05,0.00035358212,0.025715252,0.00014882848,0.00040093664,-0.00020569829
34372000,-7.028164e-05,0.00035078838,0.025766248,0.00017827193,0.0003726777,-0.00029015858
34380000,-6.506911e-05,0.00034791327,0.025815357,0.00021135678,0.000362499,-0.00031651484
34388000,-5.9752194e-05,0.00034542236,0.025862955,0.00021495305,0.0004433668,-0.00030736363
34396000,-5.449886e-05,0.0003433771,0.025909511,0.00021099842,0.00045913336,-0.00025042542
34404000,-4.934189e-05,0.00034167033,0.025924815,0.00020728483,0.0005053251,-0.00024626483
34412000,-4.4402106e-05,0.0003400024,0.025939582,0.0001881847,0.00045413504,-0.00023492744
34420000,-3.9466257e-05,0.00033820752,0.025954073,0.00020701028,0.00046082615,-0.00025791113
34428000,-3.464845e-05,0.00033654738,0.02596774,0.0001846056,0.00047028178,-0.0003071188
34436000,-2.9966888e-05,0.00033498238,0.025980832,0.00017964035,0.000461492,-0.00030024242
34444000,-2.5180565e-05,0.00033342713,0.02599372,0.00023666606,0.00046066608,-0.0002717874
34452000,-2.014796e-05,0.00033185259,0.02596727,0.00024491322,0.00045344108,-0.00028476046
34460000,-1.5262398e-05,0.00033035636,0.025941439,0.00023226306,0.00044353044,-0.0002967717
34468000,-1.0508294e-05,0.0003290117,0.025916118,0.00022004163,0.00049134454,-0.00032339097
34476000,-5.7121383e-06,0.00032817142,0.025891451,0.00025283758,0.00052172557,-0.0003204899
34484000,-3.8496472e-07,0.00032516962,0.025868472,0.00026423763,0.0005197,-0.00035953356
34492000,5.0590725e-06,0.0003221949,0.025845738,0.00029315328,0.00050517207,-0.00039732357
34500000,1.0435201e-05,0.0003194924,0.025823513,0.00026959192,0.0005525478,-0.00039986384
34508000,1.5536347e-05,0.00031702002,0.025828887,0.00024679708,0.00054197083,-0.00042337566
34516000,2.043023e-05,0.0003144662,0.02583414,0.00021465935,0.00052440964,-0.0004038989
34524000,2.506457e-05,0.0003120691,0.025839118,0.00021959667,0.00054400426,-0.00042645095
34532000,2.965115e-05,0.00030995056,0.02584386,0.00019934987,0.0005594968,-0.0004262699
34540000,3.384268e-05,0.00030782874,0.025848337,0.00016398978,0.00053466676,-0.0004284523
34548000,3.786467e-05,0.00030566045,0.025852619,0.00015527396,0.0005197401,-0.00043144313
34556000,4.1666535e-05,0.0003034221,0.02585816,0.00012964284,0.0005143824,-0.00039658614
34564000,4.524409e-05,0.00030152305,0.02586372,0.00012480494,0.0005555543,-0.00037025314
34572000,4.887712e-05,0.00029976576,0.02586922,0.00014182104,0.0005406048,-0.00037142317
34580000,5.2569634e-05,0.00029793382,0.025874507,0.0001620334,0.0005163536,-0.00036030175
34588000,5.622197e-05,0.00029625878,0.025879718,0.00015999707,0.0005462372,-0.00034173435
34596000,5.9861697e-05,0.00029468932,0.025884593,0.00015445231,0.0005399624,-0.0004166193
34604000,6.3514526e-05,0.00029316684,0.02587248,0.000182975,0.00052135985,-0.00042790303
34612000,6.706845e-05,0.00029166974,0.025860816,0.0001506198,0.0005301232,-0.00039298146
34620000,7.0581584e-05,0.00029028155,0.025849342,0.00018005016,0.00052495423,-0.0004403477
34628000,7.409755e-05,0.00028887342,0.02583803,0.00017517332,0.00051085587,-0.00042741647
34636000,7.7723416e-05,0.00028747504,0.025826862,0.00020688603,0.0005001964,-0.0004676901
34644000,8.128973e-05,0.00028598568,0.02581557,0.00018813057,0.00047170455,-0.00051281485
34656000,8.480742e-05,0.00028433104,0.025856145,0.00021716056,0.0004298705,-0.00055802165
34660000,8.848919e-05,0.00028262933,0.025895266,0.00022510171,0.00045592483,-0.0005495957
34668000,9.2113e-05,0.00028122572,0.025933396,0.00021158317,0.00048622675,-0.00052480143
34676000,9.558497e-05,0.0002802319,0.02597044,0.0002154583,0.0005048263,-0.00051676785
34684000,9.899154e-05,0.00027905067,0.02600622,0.00020261014,0.00045188068,-0.0005633361
34692000,0.00010144791,0.0002760909,0.026042184,0.00021101217,0.00039988325,-0.0005615469
34700000,0.00010392463,0.0002729002,0.026076946,0.00020192002,0.00037352624,-0.00057100004
34708000,0.00010635923,0.0002699201,0.026111936,0.0002274136,0.00042775483,-0.0006190553
34716000,0.00010871629,0.00026734857,0.026145639,0.00019823873,0.00043305758,-0.00062597974
34724000,0.00011100473,0.00026474142,0.02617851,0.00019939078,0.00041448767,-0.0005781982
34732000,0.00011321819,0.00026202618,0.026210658,0.00021321872,0.0003786768,-0.000540415
34740000,0.00011565315,0.00025916885,0.026241846,0.00024471714,0.00035523047,-0.00057430635
34748000,0.00011830964,0.0002563035,0.026272008,0.00027844866,0.00034953427,-0.0005479413
34756000,0.000120948025,0.00025343633,0.026205536,0.00025221668,0.00033711895,-0.0005507074
34764000,0.0001233659,0.00025062537,0.026141042,0.00023942156,0.00032981654,-0.0005159832
34772000,0.00012562318,0.0002475696,0.026078226,0.00022933213,0.00026661513,-0.00054143154
34780000,0.00012773006,0.00024417107,0.026017006,0.00022572874,0.00021669571,-0.0005396316
34788000,0.00013002129,0.000240529,0.025957607,0.00024084935,0.00018168676,-0.00050960755
34796000,0.0001322,0.00023673824,0.025899965,0.00023361876,0.00016678187,-0.0004824546
34804000,0.00013437214,0.00023296107,0.025820203,0.00025228673,0.00016282406,-0.0004937451
34812000,0.00013664707,0.00022927599,0.025742704,0.00026716045,0.0001534407,-0.00046215495
34820000,0.0001392348,0.00022556621,0.025667487,0.0003268725,0.00016253465,-0.00043506044
34828000,0.0001419788,0.00022206348,0.02559463,0.00031464486,0.0001570173,-0.00040715837
34836000,0.0001447242,0.00021855925,0.025523687,0.00034026045,0.00015290198,-0.00044032713
34844000,0.00014744922,0.0002149623,0.025454395,0.00031560412,0.000116860814,-0.0004607107
34852000,0.00014984154,0.00021159163,0.025333643,0.00028680026,0.00018164369,-0.000501105
34860000,0.00015229468,0.00020841938,0.025215846,0.0003134019,0.00014883897,-0.00054725586
34868000,0.0001547947,0.0002051759,0.025101103,0.00032473562,0.00016156153,-0.000556324
34876000,0.00015730812,0.00020226752,0.02498941,0.000317847,0.00018609216,-0.0005460245
34884000,0.00015964745,0.00019933532,0.024880972,0.00028485825,0.00014097572,-0.0005038337
34892000,0.00016175018,0.00019615616,0.024775643,0.00027774108,0.000120394514,-0.0005084416
34900000,0.00016297631,0.00019137899,0.024677906,0.00024588287,7.126438e-05,-0.0005733147
34908000,0.00016384447,0.00018663604,0.024580207,0.00022460929,0.00011018292,-0.00058364146
34916000,0.00016465482,0.00018214,0.024485176,0.00021200682,9.338651e-05,-0.0005632384
34924000,0.00016514958,0.00017733213,0.024392843,0.00016466361,3.6844987e-05,-0.00055137207
34932000,0.00016535973,0.00017241012,0.024302922,0.00014969253,3.939246e-05,-0.000574792
34940000,0.00016555209,0.00016787263,0.024215419,0.0001490818,7.59608e-05,-0.00056993874
34948000,0.00016574535,0.00016351813,0.024129963,0.00016333169,8.548325e-05,-0.00063528464
34956000,0.00016600777,0.00015936421,0.024076678,0.0001682257,0.0001103066,-0.00068586715
34964000,0.0001664574,0.00015558957,0.02402474,0.00022252106,0.00014688956,-0.00061481836
34972000,0.00016729627,0.00015213348,0.023974564,0.0002471672,0.00018114991,-0.00059776596
34980000,0.00016843072,0.00014920233,0.023925882,0.00032572032,0.00023940108,-0.0005796786
34988000,0.00017012833,0.00014650208,0.0238785,0.0003751111,0.00022659343,-0.00056751765
34996000,0.00017214793,0.00014386514,0.023832574,0.0004078229,0.00023534038,-0.00054141437
35004000,0.00017453478,0.0001413199,0.023779947,0.0004683837,0.00022276341,-0.0005717873
35012000,0.00017725602,0.00013854346,0.02372837,0.0005038055,0.00017808823,-0.00061506947
35020000,0.00018003599,0.0001357631,0.023678228,0.00047420742,0.00019276995,-0.00055419625
35028000,0.00018256888,0.00013319394,0.023629481,0.0004673971,0.00019965408,-0.00058996346
35036000,0.00018520241,0.00013078489,0.023581835,0.00047668582,0.00022698147,-0.0005922866
35044000,0.00018775876,0.00012860211,0.023535522,0.00046839446,0.00024049699,-0.00058556884
35052000,0.00019014951,0.00012665779,0.023476662,0.0004453373,0.0002524942,-0.00059680635
35060000,0.0001926359,0.00012466278,0.023419356,0.0004827465,0.00022380632,-0.0005970251
35068000,0.00019555364,0.0001227858,0.023363322,0.0005734439,0.0002539525,-0.00064020423
35076000,0.00019901952,0.00012113504,0.023308622,0.00057938043,0.00026400373,-0.00065567455
35084000,0.00020236068,0.000119660916,0.023255046,0.000574616,0.00029039342,-0.00069073564
35092000,0.00020558618,0.00011842345,0.023202682,0.0005447465,0.00028354797,-0.0007071058
35100000,0.00020841918,0.000117164986,0.023151407,0.00049303146,0.0002995322,-0.0007614833
35108000,0.00021034283,0.00011583399,0.023109155,0.00048935774,0.0003212547,-0.00073885237
35116000,0.00021218832,0.00011463514,0.023067996,0.0004670193,0.0003321669,-0.00076438073
35124000,0.00021398756,0.00011360678,0.023027817,0.00047803196,0.00034202836,-0.00075197034
35132000,0.00021590889,0.0001128154,0.02298845,0.0004946733,0.00036653454,-0.0007974439
35140000,0.00021788478,0.00011237029,0.02294989,0.00048990874,0.0004239552,-0.0008164431
35148000,0.00021986217,0.00011242626,0.022912316,0.00050117145,0.00045808623,-0.0007723159
35156000,0.00022192977,0.00011281459,0.022876948,0.0005011441,0.0004876851,-0.00079089456
35164000,0.00022385758,0.00011323864,0.022842191,0.00046843934,0.000474826,-0.00080287474
35172000,0.0002256383,0.00011383198,0.022808274,0.00047396225,0.00048682388,-0.00081206067
35180000,0.00022756861,0.00011448938,0.022775127,0.0004985076,0.00048520125,-0.0008139007
35188000,0.00022965236,0.00011526196,0.022742566,0.00050343183,0.000492482,-0.0008552075
35196000,0.00023178676,0.000115868206,0.02271076,0.00051139685,0.00042842067,-0.00083970523
35204000,0.00023391501,0.00011608566,0.022674365,0.0004991991,0.00039516223,-0.0008600289
35212000,0.00023589066,0.00011628143,0.022638803,0.000498539,0.00038243472,-0.00086016825
35220000,0.00023824585,0.00011637925,0.02260407,0.0005733854,0.00036659668,-0.00085797935
35228000,0.00024103992,0.00011648603,0.02257007,0.0006024817,0.00037923173,-0.00088929676
35236000,0.0002440811,0.00011693033,0.022536803,0.00062559516,0.0004251265,-0.00088768086
35244000,0.00024708454,0.00011782131,0.022504115,0.000615905,0.00047117853,-0.0009341912
35252000,0.000250176,0.00011905815,0.022462474,0.0006354047,0.0005134185,-0.00089484925
35260000,0.00025342946,0.00012088409,0.022422154,0.00064276106,0.0005859878,-0.0008733811
35268000,0.00025666802,0.00012313465,0.022382777,0.0006328647,0.00061106763,-0.0009145037
35276000,0.00025970303,0.00012560871,0.022344003,0.0005926566,0.00061725604,-0.0009449682
35284000,0.0002624233,0.00012799306,0.022306021,0.00056491216,0.0005942162,-0.000959706
35292000,0.00026481008,0.00013039728,0.022268819,0.0004925886,0.0005824873,-0.0009850081
35300000,0.00026676245,0.00013256313,0.022232186,0.00048611365,0.00054682384,-0.0010112085
35308000,0.00026895906,0.00013458072,0.022232696,0.0005191766,0.00053518807,-0.0009512671
35316000,0.00026994082,0.00013598132,0.022237172,0.0005393879,0.0005776741,-0.000962027
35324000,0.0002710733,0.00013770282,0.02224138,0.0005425561,0.0005888228,-0.00091856736
35332000,0.00027205897,0.0001393772,0.022245774,0.0004945916,0.00055991893,-0.00087155617
35340000,0.00027286555,0.00014084972,0.022249835,0.0005096808,0.00054538174,-0.00094179803
35348000,0.0002739734,0.00014259409,0.022253314,0.00053651765,0.0005894881,-0.00092625077
35356000,0.00027493612,0.000144655,0.02225141,0.00047340433,0.00060657004,-0.00089790736
35364000,0.000275404,0.00014666755,0.02224984,0.00041914175,0.000574011,-0.00082922494
35372000,0.00027554022,0.000148524,0.022248607,0.00040094633,0.0005611342,-0.00079190574
35380000,0.00027566138,0.0001504748,0.02224728,0.00038233734,0.0005660214,-0.00082868803
35388000,0.0002757614,0.00015255378,0.022245638,0.00038500957,0.0005634455,-0.00085389556
35396000,0.00027559506,0.00015450983,0.022243824,0.0003322106,0.0005606342,-0.0008396575
35404000,0.00027504528,0.00015655119,0.022247076,0.00027980062,0.0005517541,-0.00080509455
35412000,0.0002743303,0.00015848415,0.022249976,0.00026996285,0.00051806954,-0.0008727014
35420000,0.00027347825,0.00016048962,0.02225243,0.00025588402,0.0005699065,-0.00084836583
35428000,0.0002724444,0.00016291496,0.02225494,0.0002180269,0.0005942608,-0.00082794466
35436000,0.00027143187,0.00016548396,0.022257127,0.0002600496,0.00061191595,-0.0008713422
35444000,0.00027074665,0.00016827416,0.022258945,0.00027010767,0.0006184505,-0.0008850925
35452000,0.00027009269,0.00017100101,0.022322595,0.00028800912,0.0005983253,-0.0008788107
35460000,0.0002697559,0.00017394128,0.022384444,0.00032469476,0.00066254986,-0.00085930567
35468000,0.00026936608,0.00017725035,0.022444332,0.0002668074,0.000661996,-0.0009040875
35476000,0.00026842003,0.00018068205,0.022502385,0.00020126118,0.00069124694,-0.0008635683
35484000,0.00026716135,0.00018416175,0.02255882,0.00018072908,0.0006663311,-0.00086709857
35492000,0.0002660025,0.00018759331,0.022613782,0.00020832552,0.00067108654,-0.000813713
35500000,0.00026476098,0.00019103481,0.022667041,0.00015615029,0.0006360051,-0.0008633022
35508000,0.00026324615,0.00019416084,0.022730924,0.00015975276,0.00061746803,-0.0008509223
35516000,0.00026186864,0.000197442,0.022792788,0.00015384797,0.00063772284,-0.0008919759
35524000,0.00025876253,0.00019888495,0.022855246,0.000179491,0.0006598219,-0.0008234389
35532000,0.00025594037,0.0002005204,0.022916174,0.0001968655,0.0006557764,-0.00082386466
35540000,0.00025301744,0.00020217383,0.022975165,0.00018050223,0.00066729024,-0.00083153293
35548000,0.00025033698,0.00020403846,0.023032306,0.00021387127,0.00068120565,-0.00085485214
35556000,0.00024775625,0.00020594377,0.02306225,0.0002036147,0.0006574421,-0.00089192536
35564000,0.00024513755,0.000207656,0.0230912,0.00019409086,0.0006170349,-0.00086739456
35572000,0.00024253486,0.00020910674,0.023119418,0.00020254102,0.00058007264,-0.00083819247
35580000,0.00024004786,0.00021022417,0.023146894,0.00020628412,0.00053099,-0.00082407397
35588000,0.00023788546,0.00021118484,0.023173716,0.00026668626,0.00052943925,-0.0007828236
35596000,0.00023591357,0.00021228302,0.023199975,0.00024987012,0.0005251655,-0.000746855
35604000,0.0002338635,0.00021343931,0.023222923,0.00023561412,0.00055381743,-0.0007277411
35612000,0.00023179756,0.00021494123,0.023245182,0.00023165818,0.0005859805,-0.0007409783
35620000,0.00022970993,0.00021677901,0.023266297,0.0002178882,0.0006183973,-0.0008245273
35628000,0.00022752488,0.00021895979,0.02328616,0.00021464772,0.00066482415,-0.0008747284
35636000,0.00022536065,0.00022136909,0.023304913,0.00019648676,0.0006676815,-0.00091848616
35644000,0.00022318312,0.00022388357,0.023322823,0.00020252702,0.00066552375,-0.0009379343
35652000,0.00022120134,0.00022652486,0.023270734,0.00024887137,0.0006949279,-0.0009707804
35660000,0.00021960051,0.00022925723,0.023219362,0.0002655445,0.0006773208,-0.0010531945
35668000,0.00021781892,0.00023184506,0.023169165,0.00020669174,0.0006517535,-0.0010148071
35676000,0.00021578599,0.00023473233,0.02312063,0.00019984027,0.0007300116,-0.0009538753
35688000,0.00021375691,0.00023812821,0.023073431,0.00019966645,0.0007642037,-0.0009889145
35692000,0.00021190532,0.00024166267,0.023027118,0.0002239863,0.0007692829,-0.0010023345
35704000,0.00021027055,0.00024532614,0.022981714,0.00024197028,0.0007733126,-0.0010393923
35708000,0.00020892457,0.00024900655,0.022946343,0.0002934758,0.00076588127,-0.0010126446
35716000,0.00020782322,0.00025260664,0.022911813,0.00028768717,0.0007326791,-0.0010556198
35724000,0.00020689295,0.00025597535,0.02287778,0.0003339169,0.0007050921,-0.0010486591
35732000,0.00020558348,0.00025649488,0.022849236,0.00035024865,0.00068668264,-0.0010295532
35740000,0.00020430153,0.00025727195,0.022821354,0.00031753414,0.0007335808,-0.0010269495
35748000,0.00020288893,0.00025859277,0.022794312,0.00030244968,0.00078543986,-0.0009855531
35756000,0.00020131537,0.00026013862,0.022818932,0.0002709691,0.0007846035,-0.0009916202
35764000,0.00019942416,0.0002618535,0.022842474,0.00022335353,0.00079844357,-0.0010357547
35772000,0.00019750746,0.00026347017,0.022864943,0.00025679154,0.0007504623,-0.001035791
35780000,0.00019601626,0.00026494003,0.02288658,0.00030367865,0.0007600258,-0.0010502009
35788000,0.0001946787,0.0002666619,0.022907415,0.00027723357,0.0007746997,-0.0010325034
35796000,0.00019321157,0.00026843706,0.022927405,0.00027214267,0.0007508336,-0.0010605829
35804000,0.00019181022,0.0002701937,0.02296902,0.00026910807,0.000775146,-0.0011067608
35812000,0.00019020528,0.0002720433,0.023009092,0.00023040899,0.00073052815,-0.0010959806
35820000,0.00018845248,0.0002737116,0.023047978,0.00021650428,0.00073867873,-0.0010573018
35828000,0.00018676821,0.00027560588,0.023085969,0.00021757316,0.00076281984,-0.0010328782
35836000,0.00018496538,0.00027751242,0.023122614,0.00020500954,0.0007118809,-0.0010537513
35844000,0.00018335036,0.00027926444,0.023157857,0.00022722615,0.0007282419,-0.0010755628
35852000,0.00018184433,0.0002811111,0.023230042,0.00022893511,0.0007088597,-0.001071694
35860000,0.00018037633,0.00028285003,0.023300195,0.00022149668,0.0006792914,-0.0010473623
35868000,0.00017877905,0.0002841079,0.02336812,0.00019403864,0.000592274,-0.0010759039
35876000,0.00017688959,0.00028498942,0.023434008,0.00012445022,0.0005581193,-0.0010221167
35884000,0.00017451787,0.0002856666,0.02349846,9.804663e-05,0.0005400178,-0.0009414188
35892000,0.00017215128,0.00028637264,0.023561323,7.754351e-05,0.00055372436,-0.0009209528
35900000,0.00016945718,0.0002874864,0.023622368,3.433915e-05,0.0006026412,-0.0009097576
35908000,0.00016678347,0.00028877985,0.023700796,6.21807e-05,0.0005995615,-0.00088641234
35916000,0.00016429203,0.0002902139,0.023776842,4.99167e-05,0.0006183696,-0.0009041645
35924000,0.00016154053,0.0002917143,0.02385065,5.88526e-06,0.0006042258,-0.00086528086
35932000,0.0001586371,0.00029314967,0.023922581,4.0085097e-06,0.0005929143,-0.0008251119
35944000,0.00015527867,0.00029175845,0.0239961,9.145058e-06,0.0005980544,-0.00079661445
35948000,0.00015218677,0.00029038318,0.024067417,3.2509273e-05,0.0005893246,-0.0008057861
35956000,0.00014922423,0.00028908052,0.02416449,5.015171e-05,0.00057226245,-0.0008116222
35964000,0.00014649185,0.00028763514,0.024258584,8.0499194e-05,0.0005316111,-0.00084901456
35972000,0.00014401978,0.00028588244,0.02434959,8.074809e-05,0.00049436913,-0.00084927387
35980000,0.00014154015,0.00028412367,0.0244383,7.760108e-05,0.00048486234,-0.0007807107
35988000,0.00013881079,0.00028224514,0.02452457,1.3412541e-05,0.00045009571,-0.0008092366
35996000,0.00013587215,0.00028025216,0.024608083,2.5079262e-05,0.00044655148,-0.00082549395
36004000,0.00013316987,0.00027854712,0.024676207,5.0957835e-05,0.00047652345,-0.0008968874
36012000,0.00013046517,0.00027699154,0.024742113,-6.367498e-06,0.00047693631,-0.00087115547
36020000,0.00012731085,0.00027554168,0.024806283,-4.3941713e-05,0.0004805109,-0.00084287615
36028000,0.00012407596,0.0002742879,0.024868578,-3.701109e-05,0.0005290124,-0.00084844214
36036000,0.00012101458,0.00027360307,0.024929082,-1.6887407e-05,0.0005603814,-0.0008155758
36044000,0.00011823536,0.00027310863,0.02498804,1.9081659e-05,0.0005843741,-0.0007817581
36052000,0.000115900475,0.00027284067,0.025060203,7.929848e-05,0.00056903425,-0.00077028107
36060000,0.00011400776,0.00027243738,0.025130466,0.00013267428,0.0005594731,-0.00072827225
36072000,0.00011266765,0.00027213152,0.02519876,0.00018680442,0.00056710606,-0.00073123653
36076000,0.000111575195,0.00027196071,0.025264986,0.00019664252,0.000582851,-0.00073760346
36084000,0.00011047266,0.0002720622,0.025329195,0.00016660144,0.0005950069,-0.0007303082
36092000,0.000109378896,0.0002722261,0.025391363,0.00019788559,0.0005958437,-0.00078020984
36100000,0.00010842673,0.00027230885,0.025451273,0.00019562809,0.0005475899,-0.00080658664
36108000,0.000107454114,0.000272162,0.025508001,0.0001793863,0.0005446431,-0.00079372106
36116000,0.00010637069,0.00027239282,0.025563406,0.00015804569,0.0005971318,-0.0007055184
36124000,0.0001052609,0.00027277245,0.025617551,0.0001603527,0.0005719018,-0.0006842604
36132000,0.00010405816,0.00027329134,0.02567003,0.00012626153,0.00061209593,-0.0007132221
36140000,0.00010263199,0.0002740488,0.02572089,0.000108595465,0.000615147,-0.00067692116
36148000,0.00010106078,0.00027259835,0.025773097,9.9896504e-05,0.0006673905,-0.00068788405
36156000,9.954629e-05,0.0002716639,0.025872696,0.000103130886,0.00069447217,-0.00069142936
36164000,9.7975244e-05,0.00027056452,0.02596917,7.404199e-05,0.0006245906,-0.00073177175
36172000,9.622571e-05,0.00026921256,0.026062703,5.4116146e-05,0.00062019425,-0.00071676803
36180000,9.4502044e-05,0.00026835204,0.02615362,7.647742e-05,0.000703779,-0.0006937199
36188000,9.268337e-05,0.00026808176,0.026241966,1.9567864e-05,0.000733321,-0.00068985374
36196000,9.057184e-05,0.00026803435,0.026327727,6.650913e-07,0.00074564846,-0.00066838413
36204000,8.855776e-05,0.00026819747,0.026400356,1.3899041e-05,0.0007519705,-0.0006479678
36212000,8.647151e-05,0.0002684363,0.026471104,2.8952372e-06,0.00075480866,-0.00059718365
36220000,8.454197e-05,0.00026872812,0.026539996,3.0451381e-05,0.00072855636,-0.00058418215
36228000,8.271744e-05,0.00026906288,0.026606707,1.3015043e-05,0.00073422416,-0.0006331519
36236000,8.066937e-05,0.00026934943,0.026671158,-2.8244129e-05,0.0007238477,-0.0006262924
36244000,7.8461184e-05,0.0002698206,0.026733723,-2.7016808e-05,0.00073746004,-0.00065267953
36252000,7.621928e-05,0.00027037814,0.02678166,-3.4225057e-05,0.0007256414,-0.0006018681
36260000,7.41787e-05,0.00027095957,0.026828445,-6.9511007e-06,0.000718361,-0.0005886507
36268000,7.2289986e-05,0.00027153257,0.026874084,-5.867969e-07,0.0007155233,-0.0005173606
36276000,7.038689e-05,0.0002720888,0.026918935,-2.4957031e-05,0.00067356555,-0.00045520422
36284000,6.811033e-05,0.0002724277,0.026962733,-8.375823e-05,0.0006529434,-0.0004227554
36292000,6.5833614e-05,0.00027244832,0.027005145,-4.941208e-05,0.0005821794,-0.00047873484
36300000,6.3803076e-05,0.00027234328,0.02704632,-1.1942883e-05,0.00058886345,-0.0004110086
36308000,6.198933e-05,0.0002723735,0.027091542,-1.3864294e-05,0.0005998648,-0.00038557348
36316000,6.0219292e-05,0.00027258226,0.02713544,4.5931747e-06,0.00060641544,-0.00038491833
36324000,5.873377e-05,0.00027318308,0.027178362,2.6019363e-05,0.00068643386,-0.00032738372
36332000,5.739603e-05,0.00027429135,0.027219998,4.798363e-05,0.00069000985,-0.00037494817
36340000,5.620158e-05,0.00027536703,0.027260108,6.320052e-05,0.00068380556,-0.00038467522
36348000,5.513315e-05,0.00027631555,0.027299132,5.5821078e-05,0.0006306475,-0.0003448335
36356000,5.38177e-05,0.0002751031,0.027343927,1.0955187e-05,0.00067623187,-0.00032973295
36364000,5.2352058e-05,0.00027391315,0.027387362,1.8970093e-05,0.0006261004,-0.00033430493
36372000,5.0961073e-05,0.0002725833,0.027429624,1.8098091e-05,0.000610768,-0.00031094262
36380000,4.9666734e-05,0.00027125675,0.0274706,2.973096e-05,0.0006013886,-0.00032271023
36388000,4.8346126e-05,0.00027001757,0.027510434,1.4866763e-05,0.0006106266,-0.00031710241
36396000,4.71552e-05,0.00026882286,0.027549071,4.584767e-05,0.00056663057,-0.00028286423
36404000,4.6221263e-05,0.0002673911,0.027567036,7.526182e-05,0.0005569607,-0.0002421845
36412000,4.5553985e-05,0.00026603887,0.027584543,9.684928e-05,0.00053792796,-0.00023666579
36420000,4.491128e-05,0.00026487093,0.027601663,9.1240094e-05,0.0005893463,-0.00020828746
36428000,4.434946e-05,0.00026401767,0.02761834,0.00011956686,0.0005949662,-0.00022033209
36436000,4.4224293e-05,0.0002632851,0.027634365,0.00017373709,0.0005587248,-0.00022381329
36444000,4.4308887e-05,0.00026217336,0.027649943,0.00015901015,0.00051908765,-0.00021144189
36452000,4.4250584e-05,0.00026107332,0.027614485,0.00013550767,0.00053299393,-0.00021333591
36464000,4.3927237e-05,0.00026005038,0.027580125,0.000104657855,0.00049545337,-0.00018009574
36468000,4.355471e-05,0.00025891993,0.02754675,0.0001047117,0.0004942922,-0.00018130765
36480000,4.310804e-05,0.0002579704,0.02751422,8.34078e-05,0.00051839283,-0.00019610435
36484000,4.2466727e-05,0.00025734032,0.027482525,5.5694043e-05,0.00054595585,-0.00018824398
36496000,4.1708496e-05,0.00025685222,0.027451586,3.810912e-05,0.000537212,-0.00018585792
36504000,4.078975e-05,0.00025641633,0.027421482,3.1527015e-05,0.0005504716,-0.00022353687
36516000,3.99368e-05,0.00025651377,0.027355175,1.7887589e-05,0.0006270186,-0.00019305431
36524000,3.8748425e-05,0.00025693243,0.027290978,-2.4744984e-05,0.0006243795,-0.00017106501
36532000,3.7521328e-05,0.000257745,0.027228389,-2.691464e-05,0.0006904155,-0.00020366657
36540000,3.6321268e-05,0.00025885698,0.027167415,7.183845e-06,0.0006756284,-0.00018728536
36548000,3.5411307e-05,0.00025989252,0.02710821,2.7871425e-05,0.00065443636,-0.00017518595
36556000,3.4839406e-05,0.00026089637,0.027050814,7.421018e-05,0.00064877234,-0.00016774834
36564000,3.4517503e-05,0.00026183162,0.02699879,0.00010837076,0.0006147859,-0.00018354254
36572000,3.4876946e-05,0.00026006871,0.026950529,0.0001760667,0.00059015997,-0.00018645164
36580000,3.5493984e-05,0.00025849795,0.026903493,0.00019346953,0.0006225348,-0.00017915519
36588000,3.6170986e-05,0.0002573403,0.02685785,0.00017051348,0.0006559823,-0.00015903657
36596000,3.6910118e-05,0.00025612445,0.0268133,0.00020432252,0.0005882082,-0.00021905526
36604000,3.7565278e-05,0.00025464388,0.026769657,0.00015747832,0.00058073533,-0.00021418052
36612000,3.792304e-05,0.0002533825,0.026716573,0.00013060957,0.00058938505,-0.0002069418
36620000,3.8361435e-05,0.0002522284,0.026664931,0.00016313494,0.00059368205,-0.00022611278
36628000,3.909379e-05,0.00025128725,0.02661464,0.00019876227,0.000607325,-0.00017358338
36636000,3.998045e-05,0.00025047333,0.026566034,0.00020490879,0.0006163438,-0.00017724193
36644000,4.1031926e-05,0.0002500419,0.026518809,0.00021582737,0.00067170017,-0.00013927266
36652000,4.192179e-05,0.00024924835,0.02646902,0.00020536938,0.000697875,-0.00014477632
36660000,4.2768042e-05,0.0002488597,0.026432008,0.00018774698,0.0006932792,-0.00014121825
36668000,4.3437656e-05,0.00024846822,0.026396492,0.00015412147,0.00063854834,-0.00015763514
36676000,4.4035183e-05,0.00024816164,0.026362365,0.00016438484,0.00066495326,-0.00012466707
36684000,4.4607514e-05,0.00024811144,0.026329651,0.0001523381,0.0006541405,-0.00012162307
36692000,4.5072375e-05,0.0002482507,0.02629799,0.00010998235,0.0006490627,-0.000118309894
36700000,4.5280452e-05,0.00024817008,0.026267285,0.00010120456,0.0005787239,-0.00014440696
36708000,4.5286135e-05,0.0002477356,0.026209747,4.8725342e-05,0.0005319386,-0.00011400773
36716000,4.4834676e-05,0.00024737886,0.02615409,-1.7663368e-05,0.0005572551,-0.00011786635
36724000,4.398896e-05,0.00024727324,0.026100073,-3.570299e-05,0.0005643587,-0.00011826491
36732000,4.307747e-05,0.00024716894,0.026047878,-5.3652206e-05,0.000538897,-8.5340645e-05
36740000,4.1923842e-05,0.0002471685,0.02599733,-9.048159e-05,0.00055410666,-8.945156e-05
36748000,4.0535182e-05,0.00024725075,0.02594822,-0.00012092387,0.0005519384,-7.496954e-05
36756000,3.888434e-05,0.00024745156,0.025964793,-0.00016170322,0.0005327679,-0.000102739825
36764000,3.693137e-05,0.00024751519,0.025980806,-0.00018937659,0.0005061059,-7.540008e-05
36772000,3.460649e-05,0.00024519197,0.02599754,-0.00019643106,0.0004909602,-8.783422e-05
36780000,3.252484e-05,0.00024285483,0.026013695,-0.00012976902,0.00047802195,-9.734433e-05
36788000,3.107986e-05,0.00024066569,0.026029421,-6.933235e-05,0.0004952029,-8.278239e-05
36796000,2.9888866e-05,0.00023855043,0.026044684,-4.6457957e-05,0.00047434188,-6.93322e-05
36804000,2.8985003e-05,0.00023668051,0.02605957,-9.716086e-06,0.0005068222,-7.9197525e-05
36812000,2.8416227e-05,0.0002349176,0.026086196,2.5255595e-05,0.00048338703,-0.0001266419
36820000,2.7693743e-05,0.00023297436,0.026111683,-4.1461855e-05,0.00045622658,-0.00014932253
36828000,2.6798007e-05,0.00023109431,0.026136514,-3.147512e-05,0.0004498846,-0.000106131374
36836000,2.5621737e-05,0.00022930653,0.026160985,-9.2343886e-05,0.0004468349,-6.693286e-05
36844000,2.4173763e-05,0.0002274802,0.026184794,-0.00011599874,0.0004298258,-6.94686e-05
36852000,2.254628e-05,0.00022570787,0.026208267,-0.0001339288,0.00043799126,-1.1907375e-06
36860000,2.0556226e-05,0.00022422605,0.026222391,-0.00019672042,0.00046735728,2.2489867e-05
36868000,1.8347364e-05,0.0002231334,0.0262361,-0.00020566385,0.0004967184,-9.510676e-06
36876000,1.6104528e-05,0.00022190553,0.026249165,-0.00021260491,0.0004337417,-9.537732e-06
36884000,1.35688e-05,0.00022051639,0.026262222,-0.0002617984,0.00042019432,3.9405117e-05
36892000,1.1005441e-05,0.0002190304,0.026275145,-0.00023012943,0.00039430227,5.826542e-05
36900000,8.452144e-06,0.00021753478,0.026287736,-0.0002581213,0.0003616239,5.4558746e-05
36908000,5.7899415e-06,0.00021557455,0.026345896,-0.00026876453,0.00030088518,0.00012150484
36916000,2.9939533e-06,0.00021342647,0.026402716,-0.00029182,0.00027686247,0.00011266873
36924000,8.545577e-08,0.00021123352,0.02645792,-0.0002913922,0.00025543652,0.0001072221
36932000,-2.5325915e-06,0.00020900715,0.026511343,-0.00022958886,0.00027123347,5.9356134e-05
36940000,-5.033075e-06,0.00020691809,0.0265632,-0.00026149448,0.00024202304,0.00010442671
36948000,-7.544412e-06,0.00020485262,0.026613854,-0.0002253653,0.00027054775,9.372906e-05
36956000,-9.938865e-06,0.00020301665,0.026687274,-0.0002429405,0.00025614252,0.00014765604
36964000,-1.24410935e-05,0.0002009656,0.026758872,-0.00024721265,0.00022421558,0.00014666861
36972000,-1.480644e-05,0.00019888346,0.02682843,-0.00021938939,0.00020093592,0.00013944374
36980000,-1.7208822e-05,0.00019412705,0.026895333,-0.00024788524,0.000124499,0.00016745202
36988000,-1.970241e-05,0.00018932,0.026960533,-0.00023736042,0.0001649395,0.00016541858
36996000,-2.206423e-05,0.00018470782,0.027023945,-0.00021135408,0.00014633242,0.00015670634
37004000,-2.42722e-05,0.00018018442,0.027085545,-0.00021510909,0.00016007289,0.00018234376
37012000,-2.6540822e-05,0.00017600456,0.027111279,-0.00022614904,0.00019368847,0.00021512179
37020000,-2.8942643e-05,0.00017215518,0.027136406,-0.00025364896,0.00021659688,0.00018878533
37028000,-3.1610754e-05,0.00016840405,0.027160471,-0.0002828608,0.00019592333,0.00012789002
37036000,-3.443938e-05,0.00016454002,0.02718351,-0.00028873832,0.00015592507,9.387579e-05
37044000,-3.7098856e-05,0.00016035963,0.027205797,-0.0002565951,0.00011063066,0.00010311736
37052000,-3.974799e-05,0.00015616821,0.02722766,-0.0002939915,9.687295e-05,0.0001325014
37060000,-4.272288e-05,0.00015183585,0.027200837,-0.00033437778,9.6267184e-05,0.00019651178
37068000,-4.613575e-05,0.00014790293,0.02717532,-0.00040613022,0.00013331167,0.00025865392
37076000,-5.0025606e-05,0.00014401237,0.027151039,-0.0004387254,8.2798455e-05,0.00030753025
37084000,-5.4145206e-05,0.00013992451,0.027127795,-0.00048968615,7.7433215e-05,0.0003514427
37092000,-5.866153e-05,0.00013584323,0.027105514,-0.00052423956,5.3497788e-05,0.00033449163
37100000,-6.338318e-05,0.00013197742,0.027083537,-0.0005382277,0.00010414726,0.00029165932
37108000,-6.809746e-05,0.00012838034,0.027074328,-0.0005323324,9.4542665e-05,0.00033241502
37116000,-7.275024e-05,0.00012479039,0.027065605,-0.0005242168,9.331107e-05,0.0003153453
37124000,-7.722245e-05,0.00012129814,0.027057182,-0.00048278266,9.526933e-05,0.00035442106
37132000,-8.144408e-05,0.00011783573,0.027049307,-0.00048609322,6.6785404e-05,0.00035642378
37140000,-8.582711e-05,0.00011389001,0.027041517,-0.00049342576,-3.1967847e-05,0.00032380043
37148000,-8.9968846e-05,0.00010964978,0.027033836,-0.00044963567,-2.6682352e-05,0.00030049027
37156000,-9.410863e-05,0.00010535787,0.026969166,-0.0004905235,-7.847163e-05,0.00025775543
37164000,-9.854414e-05,0.000100894256,0.026906349,-0.0005153882,-7.590274e-05,0.0002795796
37172000,-0.000103133825,9.6578355e-05,0.026845051,-0.00053266657,-8.35255e-05,0.00020153163
37180000,-0.00010770533,9.217044e-05,0.026785111,-0.0005002577,-0.00010033773,0.00017842959
37188000,-0.00011087207,8.647285e-05,0.026727602,-0.00043400415,-0.00010791223,0.0001899221
37196000,-0.0001137236,8.0648206e-05,0.026671978,-0.00043268572,-0.00014203142,0.00023063966
37204000,-0.000116770425,7.481221e-05,0.026618257,-0.00048044857,-0.00013920333,0.00024568939
37212000,-0.000120335986,6.9230664e-05,0.026540577,-0.00054855633,-0.000111687536,0.00023493152
37220000,-0.00012445409,6.392115e-05,0.026464878,-0.000609127,-9.205116e-05,0.00022290132
37228000,-0.0001289059,5.889031e-05,0.026391279,-0.0006250888,-7.303086e-05,0.00020256711
37236000,-0.00013336213,5.3840573e-05,0.02631973,-0.00063202984,-0.00011716478,0.0002119401
37244000,-0.00013789602,4.866239e-05,0.026250154,-0.0006283364,-0.00012837119,0.00018455507
37252000,-0.00014248447,4.3226948e-05,0.026182277,-0.00065381784,-0.00019843552,0.00015274622
37260000,-0.00014696243,3.7435548e-05,0.026041124,-0.0005883937,-0.00024415358,0.00011717091
37268000,-0.00015112861,3.153502e-05,0.02590371,-0.00059237436,-0.00022951914,9.118353e-05
37276000,-0.00015536425,2.5904443e-05,0.025770105,-0.00059683726,-0.00021579335,0.00010377099
37284000,-0.0001595554,2.0286376e-05,0.025640173,-0.00058422354,-0.0002571396,7.4896205e-05
37292000,-0.0001639592,1.4482838e-05,0.025513416,-0.0006280378,-0.00026250107,-1.788869e-05
37300000,-0.00016835058,8.90368e-06,0.025389658,-0.0006093394,-0.00021746583,-4.5996472e-05
37308000,-0.0001726935,3.841621e-06,0.025221167,-0.0006027598,-0.00018248132,-7.25984e-05
37316000,-0.00017707868,-1.0248831e-06,0.025057197,-0.0006227331,-0.00019668305,-8.957466e-05
37324000,-0.00018147382,-6.2335707e-06,0.02489782,-0.0005880324,-0.0002563359,-6.800393e-05
37332000,-0.00018551844,-1.1562461e-05,0.024742777,-0.0005703603,-0.00025618097,-9.367384e-05
37340000,-0.00018959196,-1.6758766e-05,0.024592109,-0.000554753,-0.00025402347,-7.794576e-05
37348000,-0.00019339354,-2.2037746e-05,0.024445627,-0.0005339972,-0.0002870891,-7.539602e-05
37356000,-0.00019716872,-2.7491313e-05,0.02436663,-0.00053676154,-0.00031679176,-0.00011696219
37364000,-0.00020108867,-3.3055123e-05,0.024289373,-0.00056616036,-0.00032841848,-0.00019893602
37372000,-0.00020510121,-3.8383445e-05,0.024213605,-0.00056254223,-0.00028586006,-0.0002163325
37380000,-0.00020915332,-4.33526e-05,0.02414022,-0.0005732892,-0.00026681696,-0.00014305055
37388000,-0.00021321044,-4.8311325e-05,0.024069289,-0.0005601814,-0.0002732118,-0.00012286553
37396000,-0.00021515315,-5.3175816e-05,0.024001434,-0.0005801945,-0.00027558516,-0.00012734582
37404000,-0.00021756062,-5.8010562e-05,0.023935493,-0.00064363074,-0.00026121494,-0.00010325633
37412000,-0.00022030975,-6.2708285e-05,0.023844473,-0.00066626765,-0.0002714551,-0.000118003285
37420000,-0.0002229535,-6.7301706e-05,0.0237557,-0.0006038296,-0.0002489373,-0.00016665511
37428000,-0.00022539598,-7.164148e-05,0.023669379,-0.00062958716,-0.00024177259,-0.000121373836
37436000,-0.0002280773,-7.604366e-05,0.023585696,-0.00063615345,-0.00026095394,-0.0001007082
37444000,-0.00023059391,-8.043248e-05,0.023504468,-0.0005953328,-0.00026282697,-7.528677e-05
37452000,-0.00023300808,-8.474691e-05,0.023425419,-0.0005979165,-0.0002689236,-0.00013551323
37460000,-0.00023553721,-8.888791e-05,0.023363166,-0.00062900514,-0.00022147426,-0.00010571912
37468000,-0.000238221,-9.254517e-05,0.023302753,-0.00061725423,-0.00016815592,-0.00013126996
37476000,-0.00024065418,-9.594357e-05,0.023243763,-0.000562478,-0.00018058691,-0.00015662248
37484000,-0.00024263535,-9.9418416e-05,0.023186093,-0.00049466855,-0.00019536671,-0.00019596654
37492000,-0.00024410132,-0.00010297644,0.023129784,-0.00044198683,-0.00021716315,-0.00020916233
37500000,-0.000245468,-0.00010646648,0.023074957,-0.00048343005,-0.00020323166,-0.00022586713
37508000,-0.00024728378,-0.00010984133,0.02297984,-0.0005039031,-0.0002039866,-0.00021854576
37516000,-0.00024920053,-0.00011335141,0.02288773,-0.0005234906,-0.00025668836,-0.00016999464
37524000,-0.00025118716,-0.000117200674,0.02279815,-0.0005139475,-0.0002808472,-0.0002047869
37532000,-0.00025307905,-0.00012094315,0.022710823,-0.0005065499,-0.00027742013,-0.0002147803
37540000,-0.0002550097,-0.00012504082,0.022625977,-0.0005038725,-0.00036151806,-0.00021501648
37548000,-0.0002569292,-0.00012945544,0.022543425,-0.00048677943,-0.0003834864,-0.00019869213
37556000,-0.00025892718,-0.00013404066,0.022517106,-0.0005525374,-0.00039685937,-0.00017673975
37564000,-0.00026148444,-0.00013832992,0.022491513,-0.00059015484,-0.00035106408,-0.0001683562
37572000,-0.0002641824,-0.00014245643,0.022466974,-0.00060101034,-0.00035557256,-0.00010098871
37580000,-0.00026702665,-0.00014650865,0.022443255,-0.0006146246,-0.0003514086,-0.0001392183
37588000,-0.00026987345,-0.00015051605,0.022419726,-0.00058422977,-0.00035680283,-0.0002021441
37596000,-0.0002725052,-0.00015449026,0.022396728,-0.0005864139,-0.00035597416,-0.00015395095
37604000,-0.00027280324,-0.00015728525,0.022375962,-0.00060207647,-0.0003264129,-0.00015515632
37612000,-0.00027305537,-0.0001601003,0.022391235,-0.000556203,-0.0003411829,-0.00014416667
37620000,-0.0002727673,-0.00016283928,0.022406172,-0.00046995564,-0.0003277685,-0.000114733455
37628000,-0.00027220906,-0.00016559304,0.02242086,-0.0004748387,-0.00036366924,-9.4928335e-05
37636000,-0.00027181476,-0.00016849398,0.02243524,-0.00049539795,-0.00038837545,-0.00012356686
37644000,-0.00027165754,-0.00017175279,0.022448797,-0.0005359026,-0.00043409993,-0.00015008003
37652000,-0.0002720885,-0.00017525678,0.02246192,-0.0006097554,-0.00045040532,-0.00015683394
37660000,-0.000272943,-0.0001785843,0.02244621,-0.0006109055,-0.00044057675,-0.0002251551
37668000,-0.00027361847,-0.00018200903,0.022430668,-0.000572102,-0.0004387621,-0.0002289024
37676000,-0.00027418457,-0.00018536867,0.022415396,-0.0005734412,-0.00046746712,-0.00025335554
37684000,-0.00027471574,-0.00018861436,0.022400372,-0.0005638613,-0.00038762786,-0.00027167433
37692000,-0.00027521513,-0.00019124238,0.02238564,-0.00051812653,-0.00035659602,-0.00027597655
37700000,-0.00027534878,-0.00019387915,0.022371173,-0.00048575067,-0.00039093345,-0.0002960985
37708000,-0.0002753336,-0.0001966941,0.022333387,-0.00047223957,-0.00040468402,-0.00027460812
37716000,-0.00027523513,-0.0001995391,0.022296712,-0.0004523564,-0.0004132894,-0.0002813355
37724000,-0.000275193,-0.00020254681,0.022261133,-0.00046714654,-0.00043041678,-0.00026204623
37732000,-0.00027535294,-0.0002054453,0.022226281,-0.00048633103,-0.00042720296,-0.0003316974
37740000,-0.0002757065,-0.0002084291,0.022192024,-0.0005190264,-0.00043039906,-0.00034466584
37748000,-0.00027630103,-0.00021117956,0.022158768,-0.0005258398,-0.0004024183,-0.00031444663
37756000,-0.00027701355,-0.00021398955,0.022126341,-0.00053610996,-0.00044581344,-0.00030180905
37764000,-0.00027782496,-0.00021722261,0.022095062,-0.00054869533,-0.0004913945,-0.00027341695
37772000,-0.00027868396,-0.00022032493,0.022064405,-0.0005337127,-0.00045276404,-0.00034520778
37780000,-0.00027953938,-0.00022326777,0.022034012,-0.0005315368,-0.00044350055,-0.00039702785
37788000,-0.00028031596,-0.00022607905,0.022004124,-0.00050447026,-0.00045133493,-0.00043828905
37796000,-0.0002808386,-0.00022909806,0.021974606,-0.00046240698,-0.00047547327,-0.00047551212
37804000,-0.00028124804,-0.00023236519,0.021945737,-0.0004650113,-0.0005158283,-0.000488031
37812000,-0.00027960876,-0.00023445643,0.021947235,-0.00046805575,-0.00046031634,-0.0005174668
37820000,-0.00027818268,-0.00023618019,0.021948585,-0.00052271987,-0.00044109975,-0.00050904346
37828000,-0.00027695895,-0.00023773378,0.02194987,-0.00048404743,-0.0004187396,-0.0004969392
37836000,-0.00027565422,-0.00023928664,0.021950917,-0.00049356977,-0.00044245613,-0.0005409251
37844000,-0.0002743968,-0.00024090333,0.021951681,-0.00047911823,-0.00042587644,-0.0005370942
37852000,-0.00027331902,-0.00024235489,0.021952195,-0.00051796343,-0.00040851918,-0.0005632108
37860000,-0.00027247288,-0.00024365344,0.022002574,-0.0005117039,-0.00038862615,-0.00054848124
37868000,-0.00027150547,-0.00024479005,0.022051513,-0.0004887634,-0.00038157706,-0.00052668044
37876000,-0.0002706823,-0.00024599352,0.022099301,-0.00051514566,-0.00040196875,-0.0004924242
37884000,-0.00026993116,-0.0002473568,0.02214601,-0.0004875569,-0.00041540977,-0.00043608923
37892000,-0.00026894163,-0.00024869258,0.022191722,-0.00045248895,-0.00041113162,-0.00040470273
37900000,-0.00026792393,-0.00025021372,0.02223603,-0.00046053028,-0.0004480089,-0.00043726395
37908000,-0.0002671008,-0.00025200265,0.022279117,-0.00048365898,-0.0005006034,-0.00045345665
37916000,-0.00026630558,-0.0002541494,0.022320772,-0.00043353948,-0.00051571085,-0.0004743536
37924000,-0.00026513197,-0.00025630192,0.022361401,-0.0004082696,-0.00052071275,-0.0004099661
37932000,-0.00026385416,-0.00025856332,0.02240123,-0.000366491,-0.00053316646,-0.00037529354
37940000,-0.000262423,-0.0002607498,0.022439975,-0.00034696845,-0.0004989572,-0.0003989274
37948000,-0.00026068618,-0.00026245427,0.022477197,-0.00029270118,-0.00043686875,-0.00044406916
37956000,-0.0002588622,-0.00026407905,0.022511158,-0.00032759557,-0.000467072,-0.0004247851
37964000,-0.0002573481,-0.00026608093,0.022544153,-0.00032247833,-0.0005467593,-0.00042590403
37972000,-0.00025597154,-0.00026860682,0.022576082,-0.00036088115,-0.0005716375,-0.0004311441
37980000,-0.0002547968,-0.00027095343,0.022607377,-0.0003516439,-0.000530699,-0.0003792992
37988000,-0.0002534347,-0.00027339486,0.022637837,-0.0002946222,-0.0005728961,-0.0003821435
37996000,-0.00025206516,-0.00027587148,0.02266746,-0.0003513075,-0.00054856006,-0.00038683848
38004000,-0.00025103264,-0.00027822985,0.022696096,-0.00035080765,-0.00054487895,-0.00038303962
38012000,-0.00024996162,-0.0002803473,0.022720922,-0.00033307992,-0.00048588874,-0.00035344795
38020000,-0.00024701832,-0.00028091588,0.02274699,-0.00032474485,-0.0004923889,-0.00037385468
38028000,-0.00024389569,-0.00028182412,0.022772176,-0.00027795075,-0.0005361159,-0.00037557248
38036000,-0.00024091767,-0.00028278385,0.0227966,-0.00033836934,-0.00052976864,-0.0003771946
38044000,-0.00023838178,-0.00028389718,0.022820322,-0.00035117834,-0.00056154665,-0.00036310943
38056000,-0.00023598001,-0.0002851948,0.022843458,-0.0003566247,-0.00055981503,-0.0003600277
38060000,-0.00023376504,-0.00028657084,0.022895645,-0.00038710592,-0.0005988424,-0.0003702661
38068000,-0.00023195765,-0.00028821777,0.022946168,-0.00043664433,-0.00061237,-0.00040227157
38076000,-0.00023056474,-0.00029003693,0.022995468,-0.00045573834,-0.0006346153,-0.00032195085
38084000,-0.00022916375,-0.00029203857,0.023043595,-0.00043815162,-0.0006621794,-0.00031698315
38092000,-0.00022787895,-0.00029421953,0.0230904,-0.00044581856,-0.00066972716,-0.0003205169
38100000,-0.00022655811,-0.00029634134,0.02313581,-0.00041750466,-0.0006378,-0.00031231908
38108000,-0.00022521794,-0.00029841735,0.023194952,-0.00043996537,-0.0006682955,-0.00024183388
38116000,-0.00022416605,-0.00030073873,0.023252752,-0.00045142797,-0.00069067127,-0.0002365911
38124000,-0.0002231304,-0.00030318025,0.023309119,-0.00042776743,-0.00068515545,-0.00018266626
38132000,-0.0002220968,-0.00030551414,0.02336413,-0.0004294044,-0.00065481575,-0.00017272435
38140000,-0.0002210357,-0.00030758244,0.02341758,-0.00041032638,-0.00063190993,-0.00020447322
38148000,-0.0002199547,-0.0003092899,0.023469316,-0.00041188818,-0.0005668634,-0.00019538123
38156000,-0.00021914161,-0.00031088426,0.023553956,-0.0004386138,-0.00059146015,-0.00016713572
38164000,-0.00021852413,-0.00031276655,0.023636485,-0.00046326974,-0.0006184678,-0.00012130673
38172000,-0.00021822409,-0.00031452873,0.023716843,-0.0004804709,-0.0005684446,-0.00013669179
38184000,-0.00021774342,-0.00031606038,0.0237948,-0.00041619482,-0.00056432217,-0.00015372787
38188000,-0.0002168305,-0.00031760812,0.023870453,-0.00035788174,-0.00054570043,-0.0001661832
38196000,-0.00021580239,-0.00031884125,0.023943866,-0.00036200954,-0.0005080994,-0.00017953476
38204000,-0.00021470682,-0.00031987866,0.024015075,-0.0003325894,-0.00048352705,-0.00020021352
38212000,-0.00021349861,-0.00032078457,0.024091799,-0.00031293172,-0.00045830087,-0.00022411201
38220000,-0.00021214978,-0.00032153373,0.024166286,-0.0002853013,-0.00046283635,-0.00020842398
38228000,-0.00020954391,-0.0003207677,0.024238884,-0.00030605542,-0.00043952995,-0.00014598835
38236000,-0.00020708104,-0.0003198231,0.024309829,-0.00031151282,-0.00041717797,-0.00013101583
38244000,-0.00020470742,-0.00031890985,0.024378864,-0.00028268306,-0.00044166658,-9.905284e-05
38252000,-0.0002020078,-0.0003181158,0.024446335,-0.00022841206,-0.0004303365,-5.4712666e-05
38260000,-0.00019911565,-0.00031724756,0.024533845,-0.00022982794,-0.0004339121,-1.1355902e-05
38268000,-0.00019645526,-0.00031680657,0.02461918,-0.0002443811,-0.00049224106,1.8838251e-05
38276000,-0.00019403831,-0.0003165944,0.0247025,-0.00026048772,-0.00051825796,7.882628e-05
38284000,-0.00019144682,-0.00031670395,0.024783773,-0.00020094242,-0.00052580977,6.8844274e-05
38292000,-0.00018863546,-0.00031641364,0.024862854,-0.0001909883,-0.0004420626,0.00010584717
38300000,-0.00018581968,-0.00031589574,0.024939947,-0.00017148696,-0.00045797654,0.0001040369
38308000,-0.00018293821,-0.0003155478,0.025010524,-0.00016042408,-0.00046655347,7.408302e-05
38316000,-0.00018001904,-0.0003155305,0.025079187,-0.00014322062,-0.00051700225,8.7816465e-05
38324000,-0.00017709578,-0.00031565336,0.025146091,-0.00013373456,-0.0005177303,0.00012452318
38332000,-0.00017432775,-0.00031617406,0.025211407,-0.00017411068,-0.0005954293,0.00013088483
38340000,-0.00017188476,-0.00031710658,0.02527489,-0.00017885293,-0.00060289114,0.00011620138
38348000,-0.00016923933,-0.00031812774,0.02533654,-0.000119216966,-0.00062944996,0.00012356107
38356000,-0.00016643263,-0.00031913692,0.025403459,-0.00014281056,-0.00058453943,9.535876e-05
38364000,-0.0001639323,-0.00032004016,0.025468586,-0.00015146201,-0.0005765361,0.00011643691
38372000,-0.00016174266,-0.00032077002,0.02553189,-0.0002024573,-0.0005581774,0.00010650947
38380000,-0.00015991602,-0.00032143356,0.02559345,-0.00022971258,-0.0005464891,0.00010751714
38388000,-0.00015811567,-0.00032225554,0.02565317,-0.0001940381,-0.00058122876,6.874901e-05
38396000,-0.00015629745,-0.00032326003,0.025710708,-0.00021655986,-0.0006026023,-2.8475913e-05
38404000,-0.00015463908,-0.00032477546,0.025766166,-0.00019601974,-0.00066762365,-3.449316e-05
38412000,-0.0001528253,-0.00032654512,0.025822805,-0.00017266677,-0.00066414976,-5.459322e-06
38420000,-0.00015072536,-0.00032826798,0.025878089,-0.00010580975,-0.00066608284,3.0237992e-05
38428000,-0.00014851178,-0.0003300428,0.025931947,-0.00015630378,-0.00065868505,1.4000581e-05
38436000,-0.00014559062,-0.00033024853,0.025982758,-0.00017900516,-0.000681489,3.7466118e-05
38444000,-0.00014268028,-0.00033057996,0.026032344,-0.00016156558,-0.00068935595,7.832405e-05
38452000,-0.00013985366,-0.0003309312,0.026080886,-0.00018466848,-0.0006628335,9.521636e-05
38460000,-0.0001371097,-0.00033130994,0.02618555,-0.00015342583,-0.0006866229,6.651043e-05
38468000,-0.00013439584,-0.0003319355,0.026287187,-0.0001641353,-0.00070393644,3.9942046e-05
38476000,-0.00013164393,-0.00033266807,0.026385728,-0.00013803599,-0.00070954836,2.487346e-05
38484000,-0.00012888157,-0.00033366872,0.026481459,-0.00013227183,-0.0007563804,3.4689638e-05
38492000,-0.00012599921,-0.00033518227,0.02657456,-0.000118006305,-0.0008169984,4.1771185e-05
38500000,-0.00012327083,-0.00033704063,0.02666544,-0.00011064255,-0.00083474175,0.00012374902
38508000,-0.00012018307,-0.0003392243,0.026773438,-4.5127406e-05,-0.0008706756,0.00015050748
38516000,-0.00011682794,-0.00034150566,0.02687874,-2.1559865e-05,-0.00085177046,0.00023297884
38524000,-0.000113298,-0.0003436972,0.026982104,1.6251859e-05,-0.00086095044,0.00034801464
38532000,-0.00010984561,-0.00034610328,0.027083011,-2.0254447e-08,-0.000883911,0.00038083547
38540000,-0.000106135114,-0.00034893063,0.027181545,6.3746214e-05,-0.0009342449,0.00039874247
38548000,-0.00010251616,-0.00035209738,0.027277146,1.5431793e-05,-0.0009640566,0.00035741943
38556000,-9.901903e-05,-0.00035549645,0.027394153,4.240038e-05,-0.0009886986,0.0003821837
38564000,-9.547349e-05,-0.00035910556,0.027508061,4.7252488e-05,-0.0010035303,0.00039749907
38572000,-9.199974e-05,-0.0003629208,0.027619133,3.896654e-05,-0.0010286156,0.00044222124
38580000,-8.880761e-05,-0.00036704895,0.027727358,1.00601155e-05,-0.0010665731,0.0004451908
38588000,-8.565568e-05,-0.00037129733,0.027832812,2.138954e-05,-0.0010551056,0.0004892776
38596000,-8.247216e-05,-0.00037573383,0.027935538,3.893482e-05,-0.0010906212,0.00049187394
38604000,-7.912967e-05,-0.0003802055,0.028035713,7.611594e-05,-0.0010564495,0.0005329435
38612000,-7.549118e-05,-0.00038447423,0.028136281,0.00012894844,-0.0010447272,0.00051863905
38620000,-7.155116e-05,-0.00038906498,0.028233927,0.00014839231,-0.0010836913,0.00050227775
38628000,-6.7948145e-05,-0.00039374357,0.028329086,9.169409e-05,-0.001105808,0.00055140664
38636000,-6.4506195e-05,-0.000398978,0.028421909,0.00010144525,-0.001185153,0.0005443908
38644000,-6.0497776e-05,-0.00040264725,0.02850998,9.4733914e-05,-0.0011788715,0.00052270276
38652000,-5.638355e-05,-0.00040636343,0.02859577,0.00014699082,-0.0011894095,0.0005659187
38660000,-5.221492e-05,-0.0004103762,0.028782057,0.00012959933,-0.0012254472,0.0006346968
38668000,-4.8091533e-05,-0.00041462568,0.028963681,0.00014456135,-0.0012457242,0.0006699414
38676000,-4.3979013e-05,-0.00041906288,0.029140476,0.00013714997,-0.0012401686,0.0006900875
38684000,-4.0095343e-05,-0.00042327444,0.029312575,0.00011743471,-0.0011741694,0.000684758
38692000,-3.6307487e-05,-0.00042708887,0.029479625,0.00010549612,-0.0011507582,0.0006228224
38700000,-3.2933447e-05,-0.00043097828,0.029642088,6.0132545e-05,-0.0011493978,0.00068615755
38708000,-2.9591482e-05,-0.00043482686,0.029798424,0.00010234872,-0.0011338782,0.0006883986
38716000,-2.6089427e-05,-0.00043853046,0.029950546,0.00011526383,-0.0011045684,0.00071989716
38724000,-2.2448965e-05,-0.0004421055,0.030099027,0.00014415983,-0.001069966,0.00079389295
38732000,-1.875861e-05,-0.00044556666,0.03024393,0.00013008997,-0.0010809491,0.00083898683
38740000,-1.5221887e-05,-0.00044923098,0.030385155,0.00015132406,-0.0011005275,0.000855461
38748000,-1.1486803e-05,-0.00045324594,0.030522557,0.00016889638,-0.0011349842,0.0008388815
38756000,-7.794116e-06,-0.00045766588,0.03065672,0.00017420368,-0.0012132945,0.0008797346
38764000,-3.9859087e-06,-0.0004624669,0.030787796,0.00018453845,-0.0011901257,0.000946367
38772000,-5.218102e-07,-0.0004672219,0.030915624,0.00012677055,-0.0011964481,0.0009498803
38780000,2.788752e-06,-0.00034871922,0.030020058,8.61559e-05,-0.0012247611,0.00091483956
38788000,5.485481e-06,-0.0003535217,0.03014043,6.940827e-05,-0.0011951358,0.0008832113
38796000,0.00015106185,-0.0001519927,0.03013581,2.7949245e-05,-0.0012208634,0.00085436413
38804000,0.00029235895,4.314925e-05,0.03013128,4.352247e-05,-0.0012835345,0.0008316247
38812000,0.00042947574,0.00023220078,0.02975443,2.2352586e-05,-0.0012646497,0.0008100433
38820000,0.0005626811,0.00041572866,0.029388487,7.042549e-05,-0.0012434855,0.00081320124
38828000,0.00059902907,0.00063013035,0.029281408,4.590601e-05,-0.0012308235,0.00085671106
38836000,0.0006338719,0.00083820394,0.029177547,-3.6792575e-05,-0.0012160985,0.000845183
38844000,0.0006673363,0.0010399931,0.029076517,-1.6681866e-05,-0.0012385623,0.0008192664
38852000,0.0006998481,0.0012354149,0.02897811,-1.5723594e-05,-0.001283056,0.00077622355
38860000,0.0007749472,0.001459362,0.029413879,-3.3917244e-05,-0.0012034557,0.0007555147
38868000,0.00084752776,0.0016772124,0.029836923,-4.1309602e-05,-0.0011302127,0.0008224096
38876000,0.0009180439,0.0018887803,0.030248165,-8.517325e-06,-0.0011383526,0.0008646543
38884000,0.0009865457,0.0020939326,0.030647546,4.077803e-06,-0.0011303993,0.00086398196
38892000,0.0010397703,0.0023380022,0.031249732,2.3743578e-05,-0.0010541802,0.00082781253
38900000,0.0010912289,0.002575141,0.031834006,-1.5618545e-05,-0.0010265163,0.000785908
38908000,0.0011408433,0.002805482,0.03226921,-2.8868755e-05,-0.00096505403,0.000760062
38916000,0.0011887526,0.0030292177,0.0326913,-1.6053962e-05,-0.0009714167,0.000713727
38924000,0.0012857247,0.0032500888,0.033351988,-3.403268e-05,-0.0009962334,0.00067450275
38932000,0.0013792298,0.0034640215,0.033993036,-0.00011133521,-0.0010515586,0.00067452824
38940000,0.0014691378,0.0036712205,0.03461516,-0.00017277841,-0.0010533335,0.0006570966
38948000,0.0015559404,0.0038721533,0.035218745,-0.00020301616,-0.001037393,0.00060858
38956000,0.0016449942,0.004065385,0.036331713,-0.00019152604,-0.0010859935,0.0005851183
38964000,0.0017312141,0.0042524086,0.03741166,-0.00017676395,-0.0010984415,0.0005247057
38972000,0.0018147811,0.004433556,0.03845963,-0.00016645312,-0.0010937817,0.000486525
38980000,0.0018955678,0.0046091164,0.039476484,-0.00019413266,-0.0011242017,0.00044302057
38988000,0.0019348554,0.0047914623,0.040536344,-0.00020051905,-0.0011479277,0.0004276442
38996000,0.0019727843,0.0049680485,0.041564852,-0.00018313462,-0.0011744576,0.00040544366
39004000,0.0020091182,0.005138693,0.042562902,-0.00022671153,-0.0012394155,0.00035448617
39012000,0.0020438132,0.005303468,0.043655902,-0.00025701328,-0.001311094,0.00030850573
39020000,0.0020769942,0.0054628514,0.044716597,-0.0002535669,-0.001287467,0.000321591
39028000,0.0020773844,0.0056073354,0.04575649,-0.00025147246,-0.0012941775,0.00029599186
39036000,0.0020772964,0.0057473034,0.046765327,-0.0002935715,-0.0012591189,0.00022403729
39044000,0.0020764964,0.0058828783,0.047743946,-0.00034217758,-0.001273743,0.00017441378
39052000,0.0020750472,0.0060140304,0.04869315,-0.00036581396,-0.0012664398,9.61327e-05
39060000,0.002054556,0.00615928,0.04966265,-0.00036155398,-0.0012597009,6.757272e-05
39068000,0.0020341983,0.0062997225,0.05060345,-0.0004027972,-0.001287451,8.6511944e-05
39076000,0.0020139534,0.0064356644,0.051516473,-0.000413625,-0.0012817602,6.891359e-05
39084000,0.0019935144,0.006567062,0.052402377,-0.00048295248,-0.0013148631,8.203055e-05
39092000,0.0019259513,0.0066848025,0.05337447,-0.000436808,-0.0013440729,3.791726e-05
39100000,0.0018601656,0.0067985356,0.054317713,-0.00043602154,-0.0013500955,3.6514306e-05
39108000,0.0017960682,0.0069085024,0.05509132,-0.00043016937,-0.0013528346,-1.926053e-05
39116000,0.0017336288,0.0070149493,0.055841267,-0.0004218409,-0.0013095844,-0.00010652156
39124000,0.0016403786,0.007126134,0.0566909,-0.00041570092,-0.0012805327,-0.00011310225
39132000,0.0015497329,0.0072338255,0.057515085,-0.00037968956,-0.0012650787,-0.00015123517
39140000,0.0014618064,0.007337865,0.05831474,-0.00036617235,-0.0012987106,-0.00012882231
39148000,0.0013763113,0.007438221,0.059090853,-0.00035939785,-0.0013155709,-0.00011285617
39156000,0.0012619747,0.00755429,0.059933662,-0.00033252183,-0.0013395679,-9.28427e-05
39164000,0.0011511777,0.0076664453,0.060751587,-0.00027741914,-0.0013328566,-9.4192525e-05
39172000,0.0010436258,0.0077748788,0.061545163,-0.00029340838,-0.0013603648,-0.000114646115
39180000,0.0009391583,0.007879449,0.06231521,-0.00028033886,-0.0013909107,-0.000109285225
39188000,0.0008121614,0.007985974,0.06312734,-0.00026719065,-0.0014066339,-3.018188e-05
39196000,0.000688805,0.008088918,0.06391604,-0.00030793142,-0.0014041399,1.9198262e-05
39204000,0.00056874874,0.008188571,0.06468198,-0.0003294735,-0.0014082382,9.892874e-05
39212000,0.00045219628,0.00828487,0.065389186,-0.00028357,-0.0014045403,9.746897e-05
39220000,0.0003299568,0.008371446,0.0661283,-0.00020117984,-0.0013428873,0.00012450403
39228000,0.00021171047,0.008455335,0.06684591,-0.0001807432,-0.0013763704,0.00016170989
39236000,9.7185824e-05,0.008536375,0.06754261,-0.00015692419,-0.0013507685,0.0001762088
39244000,-1.37437e-05,0.008615124,0.068219036,-0.00013967312,-0.0013295609,0.00022533504
39252000,-0.00012015384,0.008674259,0.06890562,-8.623222e-05,-0.0013274251,0.00026815277
39260000,-0.00022287923,0.008731733,0.06960338,-4.2368003e-05,-0.0012821141,0.00026487463
39268000,-0.00032211895,0.008787521,0.0702804,-3.1011306e-05,-0.0012760598,0.00025245038
39276000,-0.0004182886,0.008841608,0.07093796,-5.9220634e-05,-0.0012692342,0.00032016862
39284000,-0.00051144825,0.00889393,0.07157625,-3.8198275e-05,-0.0012874616,0.00031003155
39292000,-0.0005934319,0.008920627,0.07220806,-2.3632834e-05,-0.001341338,0.00030897505
39300000,-0.00067252986,0.0089463405,0.07282148,-5.1019015e-06,-0.0013004104,0.00035388526
39308000,-0.0007488211,0.008971564,0.07338835,2.9093353e-05,-0.0012588189,0.00041865621
39316000,-0.0008222369,0.008996189,0.07393879,6.835183e-05,-0.0012359329,0.0004439167
39324000,-0.0008855726,0.008999917,0.07450622,8.8656176e-05,-0.0011413813,0.00048969284
39332000,-0.0009464623,0.009004,0.075057104,0.0001249485,-0.0011147826,0.00051298295
39340000,-0.0010046678,0.009008045,0.075592,0.00019780488,-0.0011060275,0.0005510911
39348000,-0.0010602132,0.00901186,0.07611172,0.00024907838,-0.001124398,0.00064244465
39356000,-0.0010880406,0.008991299,0.07644701,0.00030869976,-0.0011135553,0.00053434796
39364000,-0.0011139193,0.00897147,0.07677139,0.00038268382,-0.0010934998,0.00044760702
39372000,-0.0011381329,0.008952068,0.0770857,0.0004159105,-0.001113421,0.00044495348
39380000,-0.0011606766,0.008933162,0.07739052,0.00047948412,-0.0011115813,0.00043752827
39388000,-0.0011428256,0.00889715,0.077717334,0.0005365311,-0.0010478165,0.00040565632
39396000,-0.0011245168,0.0088626,0.078034446,0.000570914,-0.0010252655,0.00044566902
39404000,-0.0011056865,0.008828953,0.07834189,0.00062589487,-0.0010496408,0.00039240438
39412000,-0.0010862488,0.008796151,0.07867779,0.0006934105,-0.0010299584,0.00034819669
39420000,-0.0010162834,0.008747096,0.07904723,0.00074641145,-0.0009398209,0.00033539828
39428000,-0.00094702764,0.008700014,0.07940547,0.0008113991,-0.0008837136,0.00032252658
39436000,-0.00087841664,0.008654447,0.07975283,0.0008873294,-0.0008862558,0.00030332129
39444000,-0.00081029825,0.0086103855,0.08008969,0.0009804608,-0.00085149263,0.0003192994
39452000,-0.0006794544,0.008557077,0.08045663,0.0010629903,-0.00080576417,0.0003386344
39460000,-0.000551067,0.008505959,0.08090077,0.0011010283,-0.0007256398,0.00027829641
39468000,-0.00042491747,0.008456662,0.081331566,0.0011537251,-0.0007064358,0.00031189993
39476000,-0.00030106129,0.008408939,0.08174987,0.0012075604,-0.00069006725,0.00036785108
39484000,-0.00012770841,0.008359476,0.082199275,0.0013260324,-0.0006834816,0.00045865832
39492000,4.268706e-05,0.008311457,0.08263594,0.0014301427,-0.0006849028,0.0005318283
39500000,0.00021015812,0.008265056,0.08306007,0.0015424814,-0.0006395307,0.000549222
39508000,0.00037473266,0.008220155,0.08347109,0.0016256465,-0.00062008307,0.0005604379
39516000,0.0005919153,0.008167114,0.08393143,0.0017345455,-0.00059372105,0.000586496
39524000,0.0008048768,0.008115569,0.08437827,0.001799714,-0.0006199126,0.00060932885
39532000,0.0010135123,0.008065381,0.084812045,0.0018900436,-0.00063250656,0.0006358252
39540000,0.0012184078,0.008016691,0.0852332,0.0020139604,-0.0005982867,0.0006829772
39548000,0.001419675,0.007969703,0.08564222,0.0021128058,-0.0005580153,0.0007237031
39556000,0.0016609085,0.007902147,0.08595729,0.0022102357,-0.00054339407,0.0007276737
39564000,0.0018976337,0.0078365235,0.086263016,0.0023520864,-0.00055821205,0.00077358383
39572000,0.002129827,0.0077726063,0.08655986,0.0023993754,-0.00057934015,0.0007780474
39580000,0.0023570806,0.0077103684,0.08684772,0.0024561887,-0.00059451634,0.00076766737
39588000,0.0026133223,0.0076263994,0.08713682,0.0025601916,-0.0006005247,0.0007712111
39596000,0.0028644116,0.007545006,0.08741717,0.002629043,-0.0005517731,0.0007602754
39604000,0.0031104241,0.007465938,0.08768903,0.002723942,-0.0006128906,0.00077329564
39612000,0.0033518064,0.0073886192,0.0879308,0.0028356947,-0.00065169716,0.0007938753
39620000,0.0036296588,0.007294155,0.08817145,0.0029582873,-0.000634861,0.0008167019
39628000,0.0039020863,0.007202528,0.088404626,0.0030648739,-0.0006298213,0.00078142143
39636000,0.004169349,0.007113442,0.088630676,0.0031996605,-0.00063069724,0.00080513
39644000,0.004431645,0.007026968,0.08884974,0.003320091,-0.0006101852,0.00076127204
39652000,0.0047181407,0.0069200946,0.08905356,0.0034013677,-0.00062615855,0.0007203721
39660000,0.0049989177,0.0068161134,0.089294076,0.0035090738,-0.00064505084,0.00070795516
39668000,0.005274258,0.006714963,0.089527234,0.0036225326,-0.00066326663,0.0007375551
39676000,0.005544555,0.006616486,0.089753404,0.0037807622,-0.00067898084,0.00072594365
39684000,0.0058164666,0.006494185,0.08996144,0.0038500107,-0.00069717556,0.0007356579
39692000,0.00608296,0.0063751745,0.0901629,0.0039412333,-0.00069906935,0.0006886216
39700000,0.0063445284,0.0062594847,0.09035793,0.0040758722,-0.0006931336,0.00067200535
39708000,0.0066012903,0.006147129,0.09054577,0.004142921,-0.0006738114,0.0006849588
39716000,0.006848902,0.006012189,0.09072232,0.004216841,-0.0006861583,0.00068780925
39724000,0.007091871,0.0058808555,0.09089334,0.0043079006,-0.00071491016,0.0006860271
39732000,0.0073309033,0.0057528713,0.091058955,0.004477131,-0.0007443322,0.0006814627
39740000,0.0075660404,0.005628487,0.091219544,0.0045566447,-0.0007107267,0.0007028555
39748000,0.007787174,0.005483538,0.09136225,0.0046410253,-0.0007752108,0.00072029064
39756000,0.008004567,0.005342152,0.09148793,0.0047275787,-0.00078464893,0.0007960122
39764000,0.008218446,0.005204946,0.09161046,0.0048231455,-0.000735823,0.00090682914
39772000,0.008428942,0.0050715744,0.09172985,0.004906542,-0.0007526924,0.00097080553
39780000,0.008633412,0.0049162228,0.09183419,0.0050052074,-0.00080366497,0.0009653916
39788000,0.008835171,0.004764407,0.091934964,0.0051771402,-0.0009024433,0.00092514895
39796000,0.009034376,0.0046162563,0.092032775,0.0052801473,-0.0009084969,0.0009733417
39804000,0.009230857,0.004471978,0.09212749,0.0054218336,-0.0009189924,0.0009340665
39812000,0.0094249435,0.0043314416,0.09221546,0.0055419123,-0.0009577072,0.00091309857
39820000,0.009620832,0.00418167,0.0922883,0.0055954196,-0.0009857671,0.0009529697
39828000,0.009813935,0.0040358305,0.09235929,0.005732314,-0.00097091607,0.0010115161
39836000,0.010004816,0.003893769,0.092428476,0.0058563235,-0.0010043135,0.001050625
39844000,0.010193475,0.0037553345,0.092495665,0.0059993244,-0.0009809947,0.0010534144
39852000,0.010391331,0.0036163453,0.092552364,0.00615498,-0.0009839397,0.0010680797
39860000,0.010587059,0.0034807099,0.092656955,0.00630771,-0.0010392241,0.0011481588
39868000,0.010780719,0.0033485647,0.092758745,0.006466318,-0.0010234055,0.0011711481
39876000,0.010972292,0.0032197977,0.09285791,0.006582052,-0.0010538698,0.0012126031
39884000,0.011155514,0.0030925302,0.092948005,0.006677541,-0.0010849804,0.0012689692
39892000,0.011336833,0.002968404,0.09303583,0.006800371,-0.0011222528,0.0013164617
39900000,0.011516266,0.002847463,0.093121275,0.0069258884,-0.0010990398,0.0013308196
39908000,0.011693822,0.0027298962,0.0932422,0.0070323884,-0.0011148094,0.0013823642
39916000,0.011871909,0.0026187014,0.09335829,0.0071500028,-0.0011368179,0.0014125097
39924000,0.01204834,0.0025103302,0.09347129,0.007270345,-0.0011544144,0.0014538373
39932000,0.0122231245,0.0024047566,0.09358086,0.007386699,-0.001160548,0.0014187706
39940000,0.012396306,0.0023021253,0.09368712,0.0074751927,-0.0011327583,0.0014442822
39948000,0.0125678405,0.0022025541,0.093790516,0.007597542,-0.001103911,0.0015073435
39956000,0.012738599,0.0021049173,0.09379409,0.0077668354,-0.0010873459,0.0014996342
39964000,0.012908235,0.0020101476,0.09379727,0.007874333,-0.001078672,0.0014912807
39972000,0.01307638,0.0019180388,0.093800455,0.007978011,-0.001041499,0.0015543376
39980000,0.013240758,0.0018172074,0.09380373,0.008102544,-0.0009654608,0.0015365744
39988000,0.013404246,0.001719745,0.09380658,0.008237152,-0.0009195763,0.00152683
39996000,0.0135668265,0.0016252142,0.09380904,0.008357761,-0.000894457,0.0015108922
40004000,0.013728488,0.0015334847,0.093811125,0.008489875,-0.0008813197,0.0015050443
40012000,0.013874579,0.0014284593,0.093789846,0.0085910205,-0.0009063729,0.0014660453
40020000,0.014020396,0.0013263288,0.09376855,0.008770976,-0.00091107277,0.0014497921
40028000,0.014166161,0.0012268946,0.09374781,0.00890437,-0.00092737033,0.0014868373
40036000,0.0143116815,0.0011300606,0.093727365,0.009057,-0.0009424449,0.0014634015
40044000,0.014445533,0.0010255916,0.09370521,0.009238759,-0.00089409226,0.0014754613
40052000,0.014579831,0.00092409004,0.09368318,0.009390204,-0.00092154025,0.0014370225
40060000,0.014714235,0.0008252327,0.09362842,0.0095201535,-0.0008988443,0.001462077
40068000,0.014848613,0.0007291986,0.0935749,0.009612619,-0.00089429633,0.0014519946
40076000,0.014982823,0.0006355575,0.093522534,0.009726058,-0.00093223137,0.0014539856
40084000,0.0151164,0.0005247733,0.09347856,0.009815842,-0.0009618246,0.0014805379
40092000,0.015249792,0.00041661368,0.093435585,0.009921674,-0.0009825637,0.0014846192
40100000,0.015383022,0.00031110464,0.09339365,0.009983127,-0.0010156676,0.0015090461
40108000,0.015516089,0.00020797827,0.093367055,0.010133446,-0.0010762315,0.001487579
40116000,0.015654134,8.537791e-05,0.093349814,0.010256857,-0.001084494,0.0014906232
40124000,0.015792076,-3.4223678e-05,0.09333265,0.010362647,-0.0011197828,0.0014630166
40132000,0.015929751,-0.00015116081,0.09331535,0.01042637,-0.0011629829,0.0014208592
40140000,0.016066957,-0.0002654214,0.09329796,0.010525111,-0.0011902711,0.0014276351
40148000,0.016203953,-0.00039554364,0.09328051,0.010611377,-0.0012384747,0.0014800353
40156000,0.016340509,-0.0005226309,0.09329422,0.010658331,-0.0012419246,0.0014858868
40164000,0.016476715,-0.0006468571,0.09330706,0.0107537145,-0.001275367,0.0014660823
40172000,0.01661271,-0.00076791155,0.0933193,0.010863676,-0.0012546116,0.0014837539
40180000,0.016745465,-0.00090869056,0.09334616,0.011020026,-0.0013117125,0.0015501757
40188000,0.016878612,-0.0010466395,0.09337264,0.011167093,-0.0014184806,0.0016311792
40196000,0.017011862,-0.0011817622,0.09339847,0.011247515,-0.0014432031,0.0016333043
40204000,0.017145185,-0.0013138177,0.093423516,0.011394001,-0.0014687598,0.0016981756
40212000,0.017287264,-0.0014660172,0.09340602,0.011509743,-0.0015028368,0.00174424
40220000,0.017429207,-0.001614774,0.093389064,0.011615993,-0.0015471558,0.001761537
40228000,0.017570755,-0.0017602511,0.09337264,0.011665513,-0.0015751515,0.0017869317
40236000,0.01771194,-0.0019024916,0.09335658,0.011796536,-0.0015991139,0.00179032
40244000,0.01785595,-0.0020644828,0.09334789,0.0119226,-0.0017045478,0.0018157286
40252000,0.017999535,-0.002223307,0.0933395,0.011962115,-0.0017716474,0.0018147265
40260000,0.018142452,-0.0023787227,0.09329726,0.012011421,-0.0018085937,0.001794827
40268000,0.018284949,-0.002530799,0.09325576,0.012121971,-0.0018481964,0.0017331445
40276000,0.018433336,-0.002708066,0.09321873,0.012224024,-0.0018705063,0.0017279561
40284000,0.01858129,-0.002881242,0.0931828,0.012299586,-0.001893491,0.0017808735
40292000,0.018728573,-0.0030506833,0.09314805,0.012365131,-0.0019480909,0.0017723537
40300000,0.018875357,-0.0032166324,0.09311442,0.012456613,-0.0020344069,0.001826607
40308000,0.019021152,-0.0034100711,0.09311199,0.012504651,-0.0020901582,0.0018734799
40316000,0.019165928,-0.0035994172,0.093109965,0.012514244,-0.002164273,0.0019256145
40324000,0.019309932,-0.0037847096,0.0931083,0.012617364,-0.002216346,0.0019502988
40332000,0.01945356,-0.0039660307,0.09310691,0.012681582,-0.0022617907,0.002014011
40340000,0.019596098,-0.004143456,0.09310572,0.012670833,-0.0023005435,0.0020016313
40348000,0.019737199,-0.0043402812,0.093113184,0.012702922,-0.0023727024,0.002009518
40360000,0.019877356,-0.004532862,0.093093246,0.012742675,-0.0024075268,0.0019268388
40364000,0.020016767,-0.00472117,0.093073204,0.012811262,-0.002456761,0.001903126
40372000,0.020155422,-0.004905422,0.09305382,0.012866551,-0.002506137,0.0019549297
40380000,0.020285645,-0.0051027383,0.0930413,0.012868651,-0.0025352084,0.001973405
40388000,0.020414822,-0.005295546,0.09302902,0.012897872,-0.002558474,0.0019696055
40396000,0.020543136,-0.005484131,0.09301697,0.012922784,-0.0026391095,0.0019543502
40404000,0.02067061,-0.00566894,0.09300491,0.012957133,-0.0027248235,0.001918609
40412000,0.020797856,-0.0058584386,0.09300162,0.012933659,-0.002786378,0.0019100789
40420000,0.020923624,-0.006043652,0.09299806,0.012902374,-0.0027826873,0.0018981255
40428000,0.021048207,-0.0062243612,0.092994615,0.012934309,-0.0027888047,0.0019343244
40436000,0.021171797,-0.0064011333,0.092990965,0.012950836,-0.0028715408,0.0018848112
40444000,0.021284869,-0.0065772636,0.09298925,0.012964137,-0.0028549668,0.0018645902
40452000,0.02139702,-0.006749081,0.09298715,0.012966908,-0.0028621305,0.0018656147
40460000,0.021508183,-0.0069167614,0.09299205,0.01296112,-0.0028917172,0.0018592606
40468000,0.021618469,-0.0070805517,0.09299648,0.012980954,-0.002915119,0.0018532119
40476000,0.021706032,-0.00724599,0.093001604,0.012973415,-0.0029716652,0.0018053404
40484000,0.021792931,-0.007407743,0.093005806,0.012938856,-0.0030011288,0.0017443633
40492000,0.021879261,-0.007565618,0.09300956,0.012916011,-0.0029843582,0.0017736137
40500000,0.021964908,-0.007719483,0.09301287,0.012878932,-0.0029603052,0.00174223
40508000,0.022034423,-0.007870132,0.09299031,0.01287629,-0.0029292114,0.0017723736
40516000,0.022103801,-0.008016956,0.0929683,0.012868582,-0.0029411588,0.0017567258
40524000,0.02217319,-0.00816013,0.092946365,0.012858713,-0.0029080159,0.0017209965
40532000,0.022242604,-0.008299733,0.0929247,0.012869458,-0.0029414815,0.0017209658
40540000,0.022297883,-0.008426543,0.092905715,0.012811679,-0.002943252,0.0017186443
40548000,0.022352997,-0.00855017,0.092887014,0.0127463145,-0.0029426676,0.0017213862
40556000,0.022408098,-0.008670723,0.092868745,0.0127261,-0.0029612882,0.0017446484
40564000,0.02246335,-0.008788315,0.09285121,0.012705969,-0.0029532695,0.0018001202
40572000,0.022503829,-0.008894729,0.092844695,0.012648999,-0.0029119498,0.001822343
40580000,0.022544788,-0.008998104,0.09283839,0.0126558365,-0.0028853593,0.0018386916
40588000,0.02258656,-0.009098455,0.09283197,0.012652237,-0.0028105625,0.0018216931
40596000,0.022628939,-0.009195916,0.09282559,0.012649259,-0.0028209337,0.0018323662
40604000,0.022671925,-0.009291116,0.09281914,0.012638286,-0.0028615727,0.0018146897
40612000,0.022704571,-0.009371022,0.09283124,0.012587021,-0.0028217628,0.0017875778
40620000,0.022737736,-0.009448426,0.09284274,0.012553756,-0.002800771,0.0018017029
40628000,0.022771645,-0.009523675,0.0928538,0.01250184,-0.00278489,0.0018052763
40636000,0.022805994,-0.009596773,0.092864364,0.0124678975,-0.002794456,0.0017928906
40644000,0.022825854,-0.009659748,0.09287667,0.01243515,-0.0027529062,0.0017653364
40652000,0.022846542,-0.009720422,0.092888296,0.012349194,-0.0026792828,0.0017567565
40660000,0.02286799,-0.009778736,0.09282234,0.012326498,-0.002601724,0.0017163825
40668000,0.022890408,-0.009835013,0.09275776,0.012290081,-0.0025449607,0.001676873
40676000,0.022902755,-0.009888341,0.09269889,0.01226266,-0.0024736826,0.0016797098
40684000,0.022916181,-0.009939613,0.09264135,0.012205944,-0.0024355117,0.0016622575
40692000,0.022930719,-0.00998905,0.0925848,0.012173374,-0.0023871588,0.0016267633
40700000,0.022946605,-0.01003663,0.09252925,0.012195655,-0.0023608943,0.0015845612
40708000,0.022951575,-0.010081507,0.092455536,0.012204369,-0.0023592645,0.001562676
40716000,0.022958236,-0.010124944,0.092383265,0.012211103,-0.0023469077,0.0015247408
40724000,0.022966351,-0.010166752,0.09231226,0.012166393,-0.0023046145,0.0014926066
40732000,0.02297577,-0.01020705,0.09224254,0.012151266,-0.0022965192,0.0014547585
40740000,0.02297675,-0.010246667,0.09217833,0.0121044805,-0.0022530314,0.0014258779
40748000,0.022979097,-0.010284737,0.09211503,0.012082167,-0.0022073237,0.0013837476
40756000,0.022982892,-0.010321211,0.092057556,0.012029881,-0.0021611901,0.0013687713
40764000,0.022987837,-0.010356512,0.092001066,0.011969603,-0.002179736,0.0013829978
40772000,0.02298442,-0.01038103,0.09195292,0.011870345,-0.0021139923,0.0013656839
40780000,0.02298188,-0.010404565,0.09190518,0.011755509,-0.0021223617,0.001321304
40788000,0.022980299,-0.01042755,0.09185767,0.011701559,-0.0021471158,0.0012507243
40796000,0.02297987,-0.010449558,0.09181076,0.011610037,-0.0020374178,0.0012822474
40804000,0.022975292,-0.010463202,0.0917685,0.011500856,-0.0020018225,0.0012828798
40812000,0.02297153,-0.010476421,0.09171739,0.011406231,-0.002002207,0.0012078097
40820000,0.022968689,-0.010489109,0.091666326,0.011339894,-0.0019792418,0.0011162937
40828000,0.02296707,-0.010500933,0.09161517,0.011327153,-0.0019213401,0.0010062855
40836000,0.022962134,-0.010510044,0.09156442,0.011273353,-0.0019178301,0.0008809619
40844000,0.022958037,-0.010518688,0.09151362,0.01116334,-0.0018890016,0.0008243059
40852000,0.022954343,-0.01052692,0.09146264,0.011038942,-0.0018823092,0.00071726355
40860000,0.022951204,-0.010534642,0.09146248,0.010938934,-0.001832894,0.0006987879
40868000,0.022948517,-0.010542,0.09146115,0.010821133,-0.0018280871,0.00064318103
40876000,0.022932382,-0.010549311,0.091464505,0.010716626,-0.0018310196,0.00060808734
40884000,0.022916777,-0.010556851,0.09146631,0.010555571,-0.0019124901,0.0005099527
40892000,0.022901533,-0.0105644185,0.09146647,0.010435546,-0.0019052998,0.0004547942
40900000,0.022886548,-0.010572059,0.09146528,0.0102766575,-0.0019494198,0.00039250238
40908000,0.022865301,-0.010580474,0.09145808,0.010198445,-0.002014474,0.000349167
40916000,0.022845037,-0.010589155,0.091449976,0.010136777,-0.0020415073,0.00033126175
40924000,0.022825506,-0.010597801,0.09144065,0.010023753,-0.0020425238,0.00024694693
40932000,0.022806397,-0.0106062265,0.091430336,0.009893667,-0.0020150214,0.0002676749
40940000,0.022782102,-0.010614523,0.09143199,0.009819211,-0.0020280373,0.00021133944
40948000,0.022758536,-0.010622704,0.091432005,0.009726295,-0.001996053,0.0001396159
40956000,0.022735592,-0.010630585,0.09143853,0.009615347,-0.0019720574,8.007066e-05
40964000,0.022713305,-0.010638512,0.09144363,0.009528296,-0.0020109892,7.365299e-05
40972000,0.022687202,-0.010645625,0.0914579,0.009422307,-0.002017217,5.669297e-05
40980000,0.022661857,-0.010652817,0.091470465,0.009361775,-0.0020355724,1.7521143e-05
40988000,0.022637054,-0.010660316,0.09148146,0.00924009,-0.0020867188,-2.5457699e-05
40996000,0.022612855,-0.010668427,0.091490686,0.009162306,-0.002151783,-8.1449645e-05
41004000,0.022589007,-0.010676808,0.09149848,0.009019134,-0.0021460713,-7.611203e-05
41012000,0.022557914,-0.010680778,0.091542006,0.008923216,-0.0021202965,-0.00017801425
41020000,0.022527685,-0.010685008,0.091582745,0.008883912,-0.0021605422,-0.000206541
41028000,0.022498228,-0.010689786,0.09162101,0.0087727355,-0.0021945788,-0.0002647152
41036000,0.022463879,-0.01068475,0.09166625,0.008655441,-0.0021932912,-0.00028957968
41044000,0.022429993,-0.010680178,0.09170863,0.0085371705,-0.0021977408,-0.00039051325
41052000,0.022396501,-0.010676132,0.09174849,0.008405519,-0.0022009497,-0.00038075238
41060000,0.022363504,-0.010672841,0.091777444,0.008295593,-0.0022788215,-0.00038268513
41068000,0.02231938,-0.01065607,0.09181282,0.008159481,-0.0022439507,-0.000443517
41076000,0.02227579,-0.010640038,0.09184568,0.008020916,-0.0022802304,-0.0004993188
41084000,0.022232704,-0.010624998,0.0918763,0.0078990655,-0.0022820549,-0.0005267326
41092000,0.022190223,-0.010610939,0.09190492,0.00776954,-0.0023322587,-0.00053915684
41100000,0.022134928,-0.010584707,0.09193455,0.0076453085,-0.002342164,-0.000594152
41108000,0.022080664,-0.0105594685,0.09195292,0.0075674523,-0.0023262633,-0.00064339576
41116000,0.022027675,-0.0105350865,0.091969505,0.007497895,-0.0022918666,-0.0006689249
41124000,0.021975787,-0.010511588,0.09198417,0.0073915385,-0.0022884165,-0.00075285084
41132000,0.021924734,-0.010489146,0.091996685,0.0072560855,-0.0023093673,-0.00082097703
41140000,0.0218488,-0.010454009,0.09202334,0.007099855,-0.002256732,-0.0008678272
41148000,0.021774236,-0.0104199,0.09204799,0.007023385,-0.0022440255,-0.0008743309
41156000,0.02170084,-0.010386908,0.09210025,0.006844466,-0.0022254344,-0.0008817311
41164000,0.02162858,-0.0103549315,0.09215003,0.0067621185,-0.0022057856,-0.0008531542
41172000,0.021529369,-0.010312898,0.09220475,0.0066125225,-0.0021847235,-0.00090160547
41180000,0.021431662,-0.010272068,0.09225646,0.006495254,-0.0021656496,-0.00093462435
41188000,0.0213357,-0.010232617,0.09230551,0.006367363,-0.0021794504,-0.00095540215
41196000,0.021240946,-0.0101945205,0.09235218,0.006192116,-0.002155775,-0.00091898243
41204000,0.02111575,-0.010152078,0.092406854,0.005971309,-0.0020829178,-0.000939716
41212000,0.020992005,-0.010110538,0.09244484,0.0057842196,-0.0020415294,-0.0009904621
41220000,0.0208699,-0.010070129,0.092480496,0.0056334115,-0.001993981,-0.0009929179
41228000,0.020749561,-0.010030952,0.09251405,0.0054834033,-0.0020258867,-0.0010379768
41236000,0.020596726,-0.009980645,0.09255791,0.005281424,-0.0019869346,-0.0010891358
41244000,0.020445704,-0.009931642,0.092599094,0.0050826888,-0.0019516239,-0.001104423
41252000,0.02029687,-0.009884035,0.092638105,0.0049572936,-0.0019209774,-0.0011115244
41260000,0.020150071,-0.009837546,0.09268728,0.0047654207,-0.0018646729,-0.0011655595
41268000,0.0199765,-0.009779999,0.09274709,0.0045629693,-0.0017828977,-0.0011942057
41276000,0.019804992,-0.009723879,0.092804104,0.0043577785,-0.0017857214,-0.0012130606
41284000,0.019635592,-0.009669923,0.09285796,0.0041966136,-0.0018506848,-0.0012991199
41292000,0.01946846,-0.009617942,0.092908576,0.0040078396,-0.0018585226,-0.0013746746
41300000,0.019276408,-0.0095578795,0.092966124,0.0037574186,-0.0018808915,-0.0014467924
41308000,0.019086255,-0.009499935,0.09302354,0.0034879658,-0.0018837404,-0.0015033458
41316000,0.018897764,-0.0094439145,0.09307772,0.0032219153,-0.0018967291,-0.0015510642
41324000,0.018711109,-0.009389698,0.09312922,0.0030024091,-0.0018550396,-0.0015248281
41332000,0.018505614,-0.009325635,0.09318292,0.0027705845,-0.0017967371,-0.0015610467
41340000,0.018302359,-0.009263456,0.093233615,0.0025499195,-0.0017831159,-0.0016080159
41348000,0.018101236,-0.009203035,0.09328134,0.0023032187,-0.0017570459,-0.001670405
41356000,0.017902205,-0.0091445455,0.09333144,0.0020891866,-0.0017725409,-0.0017430068
41364000,0.017705876,-0.009079673,0.09337744,0.0018740818,-0.0017698051,-0.001764492
41372000,0.017511742,-0.00901677,0.093420744,0.0016655562,-0.0017676199,-0.0018003974
41380000,0.01731962,-0.008955933,0.0934615,0.0014688158,-0.0017783358,-0.0018090921
41388000,0.01712977,-0.00889717,0.09349997,0.0013037024,-0.0017990426,-0.0017887343
41396000,0.01694222,-0.008840324,0.09353611,0.0011443811,-0.0017740985,-0.0018358015
41404000,0.016753932,-0.008777923,0.09356803,0.00095253135,-0.0017807055,-0.0018553096
41412000,0.016567815,-0.008717485,0.09358956,0.0007845396,-0.001776211,-0.0019152823
41420000,0.01638367,-0.00865919,0.0936092,0.0005828503,-0.0018055049,-0.0019042833
41428000,0.016201407,-0.008602686,0.093627006,0.00039765862,-0.0017771546,-0.0019628608
41436000,0.016013922,-0.008538989,0.09363505,0.00020338032,-0.0017616036,-0.0019957777
41444000,0.015828174,-0.008476908,0.093641564,-4.0285442e-05,-0.0017136122,-0.0020137152
41452000,0.015643997,-0.008416621,0.093646705,-0.0002609648,-0.0017042557,-0.0020329123
41460000,0.015461661,-0.008358013,0.09364779,-0.00042301835,-0.0016728977,-0.0021007054
41468000,0.015271036,-0.008289316,0.09363474,-0.00060147856,-0.0015957962,-0.0020653172
41476000,0.01508237,-0.008222257,0.09362137,-0.00078337523,-0.0015807592,-0.002025846
41484000,0.014896013,-0.008157197,0.09360714,-0.0009165236,-0.0015894716,-0.002069951
41492000,0.014711697,-0.00809387,0.09359191,-0.0011254009,-0.0015292616,-0.0020944169
41500000,0.014522617,-0.00802001,0.093577534,-0.0013125861,-0.0014571215,-0.002150024
41508000,0.0143353585,-0.007947748,0.093562946,-0.0015002823,-0.0014338812,-0.0021565782
41516000,0.01415008,-0.007877429,0.0935473,-0.0016841859,-0.0013946473,-0.0022358538
41524000,0.013966876,-0.0078085936,0.093530744,-0.0018236664,-0.0013426078,-0.0021919925
41532000,0.013783815,-0.0077278423,0.093517736,-0.0019432781,-0.0013032731,-0.0021724242
41540000,0.013602877,-0.007649,0.09350398,-0.0020936297,-0.0012739872,-0.0021678766
41548000,0.013424397,-0.0075719864,0.09348951,-0.0021555603,-0.0012380192,-0.002196542
41556000,0.013248403,-0.007497026,0.0934581,-0.002250837,-0.0012536221,-0.0022064678
41564000,0.013076407,-0.007418642,0.093433395,-0.0023667966,-0.0011582291,-0.002279004
41572000,0.012906323,-0.007341925,0.0934079,-0.0025156587,-0.0011345126,-0.0023182714
41580000,0.012737927,-0.0072669205,0.09338169,-0.0026834523,-0.001080268,-0.0023695335
41588000,0.012571181,-0.0071934904,0.093354866,-0.002836849,-0.0010473648,-0.0023721242
41596000,0.0124038,-0.0071186293,0.09333442,-0.0029491023,-0.001018303,-0.0023413817
41604000,0.012238194,-0.0070455787,0.09331353,-0.0031275046,-0.0010174367,-0.0023702884
41612000,0.0120739,-0.006974456,0.093272924,-0.0033016978,-0.0010006247,-0.0023987363
41620000,0.011911152,-0.006905036,0.09323229,-0.0034119762,-0.0009989083,-0.0023990385
41628000,0.011757502,-0.0068396153,0.09319912,-0.003533623,-0.0009926829,-0.0024756936
41636000,0.011605337,-0.0067758346,0.09316537,-0.0036308807,-0.00096897857,-0.0025294248
41644000,0.011455005,-0.00671357,0.09313135,-0.0037382818,-0.0009482064,-0.0025129034
41652000,0.011305983,-0.006652874,0.093097046,-0.003870982,-0.00093588897,-0.0025705972
41660000,0.011158357,-0.0065937536,0.093060225,-0.0040094145,-0.00093742355,-0.0025464038
41668000,0.011010001,-0.0065232012,0.0930368,-0.0041245846,-0.0009168264,-0.002594325
41676000,0.010863371,-0.006454354,0.093012705,-0.0042021926,-0.00091290724,-0.0026173764
41684000,0.01071841,-0.006387279,0.092988014,-0.0042974185,-0.00090975343,-0.0026540756
41692000,0.010575005,-0.0063219764,0.0929628,-0.0044099744,-0.0008981618,-0.0026806183
41700000,0.010431474,-0.0062438087,0.09294394,-0.004558169,-0.00090615265,-0.0026276566
41708000,0.010289114,-0.0061677084,0.092912614,-0.00469445,-0.0008783888,-0.0026478379
41716000,0.01014807,-0.006093354,0.092880994,-0.00482503,-0.0008736453,-0.0026813066
41724000,0.010008212,-0.0060210587,0.092849016,-0.0049332785,-0.0008934747,-0.0027393422
41732000,0.009851475,-0.0059381886,0.09283061,-0.004973737,-0.0008612047,-0.0027634474
41740000,0.009696591,-0.005857152,0.092812,-0.0051164026,-0.00081713713,-0.002719502
41748000,0.009543241,-0.005777908,0.092793435,-0.005232166,-0.0007691877,-0.002686988
41756000,0.009391529,-0.0057005123,0.09280051,-0.005348606,-0.0007653421,-0.0026670212
41764000,0.009224032,-0.005627943,0.09282242,-0.005528156,-0.00076347357,-0.0026142031
41772000,0.009058193,-0.0055570635,0.09284325,-0.00562919,-0.0007064278,-0.0025817242
41780000,0.008894482,-0.005487891,0.09286311,-0.0057216315,-0.00069337926,-0.0025383835
41788000,0.008732907,-0.005420341,0.0928819,-0.0057891947,-0.0006443672,-0.0025334687
41796000,0.0085635595,-0.005344466,0.09291412,-0.005892238,-0.00063504995,-0.00251163
41804000,0.008396184,-0.005270657,0.092945024,-0.0060124574,-0.00062104035,-0.0024833006
41812000,0.008230821,-0.005198721,0.092978835,-0.0060964515,-0.0005919396,-0.0024599435
41820000,0.008067575,-0.00512839,0.09301144,-0.0061930944,-0.0005334249,-0.0024004003
41828000,0.007907735,-0.0050525004,0.09305264,-0.0063093607,-0.00056515087,-0.002383913
41836000,0.007749786,-0.0049788775,0.09309231,-0.006383545,-0.00054993335,-0.002373485
41844000,0.007593526,-0.00490744,0.093130335,-0.006517605,-0.0005929914,-0.0023570291
41852000,0.0074388483,-0.0048382324,0.09316681,-0.006625651,-0.00060721365,-0.0023582776
41860000,0.0072893323,-0.004771566,0.09319039,-0.0066855946,-0.00056970125,-0.0022930177
41868000,0.0071414993,-0.004706804,0.0932135,-0.006787195,-0.0005683512,-0.002208232
41876000,0.00699521,-0.00464397,0.0932361,-0.006852208,-0.0005662237,-0.002114641
41884000,0.0068506612,-0.004583011,0.093258485,-0.0069373366,-0.0005608211,-0.002008754
41892000,0.0067160786,-0.0045133266,0.09329876,-0.00706939,-0.0006344739,-0.001954315
41900000,0.006582456,-0.0044459957,0.093337744,-0.0071993875,-0.0005942908,-0.001954567
41908000,0.0064497963,-0.004380479,0.09336917,-0.0072884923,-0.000592002,-0.0019165529
41916000,0.0063184663,-0.00431702,0.09339972,-0.007349913,-0.0006022701,-0.0018522497
41924000,0.0061884373,-0.004255728,0.09342955,-0.0074264864,-0.00062835845,-0.0018156262
41932000,0.0060727736,-0.0041794637,0.09346646,-0.0074980813,-0.00061273173,-0.0018420563
41940000,0.0059580836,-0.004105383,0.093501866,-0.0075651538,-0.0006111046,-0.0018557671
41948000,0.005844355,-0.0040334905,0.09353599,-0.0076504117,-0.0005980366,-0.0018199851
41956000,0.005731435,-0.0039636684,0.093564704,-0.0077018556,-0.0005928255,-0.0018026817
41964000,0.005633331,-0.0038761182,0.09359802,-0.0077086342,-0.00056100456,-0.0017471451
41972000,0.0055363346,-0.0037907897,0.09363067,-0.0077349525,-0.00051608036,-0.0016938073
41980000,0.005440107,-0.0037075754,0.09366235,-0.007777829,-0.00049804343,-0.0016861054
41988000,0.0053450097,-0.0036268048,0.09369291,-0.0077654915,-0.0005195704,-0.0016820972
41996000,0.005262558,-0.003525968,0.09371862,-0.007770411,-0.00052057375,-0.0016563617
42004000,0.0051806867,-0.0034279064,0.09374341,-0.0078246,-0.00050166436,-0.0016414275
42012000,0.005099287,-0.0033321595,0.09375517,-0.00790787,-0.00043271005,-0.0015496298
42020000,0.005018154,-0.0032384845,0.093767,-0.007951941,-0.00035472144,-0.00149127
42028000,0.0049376935,-0.0031352711,0.09377493,-0.008002245,-0.00031350367,-0.0014534739
42036000,0.004857671,-0.0030346187,0.0937825,-0.008031041,-0.00030032836,-0.001451498
42044000,0.004778759,-0.002936353,0.093789846,-0.007957399,-0.0002509501,-0.0014446774
42052000,0.004701267,-0.002840559,0.09379664,-0.007906205,-0.00026071203,-0.0014436577
42060000,0.0046271845,-0.0027331419,0.09380774,-0.007897306,-0.00023626494,-0.0014088249
42068000,0.0045537543,-0.0026284754,0.09381877,-0.007905804,-0.00021836004,-0.0013645862
42076000,0.0044811713,-0.0025262588,0.09382935,-0.007907875,-0.00019664365,-0.0013653798
42084000,0.0044093737,-0.0024266723,0.093839765,-0.00789996,-0.00019928209,-0.001279644
42092000,0.004342112,-0.0023064492,0.093838975,-0.007922945,-0.0001653427,-0.0011863966
42100000,0.004275376,-0.002188898,0.09383866,-0.007933097,-0.000121934405,-0.0011004244
42108000,0.0042092223,-0.002073835,0.09382224,-0.007945113,-5.3457545e-05,-0.0010399414
42116000,0.0041439426,-0.0019609672,0.09380661,-0.00790958,1.8775296e-05,-0.0009731812
42124000,0.0040907497,-0.0018135404,0.09378329,-0.007894675,0.00010195884,-0.0009321015
42132000,0.004038117,-0.0016688281,0.09376064,-0.0079090055,0.00021484126,-0.00094872946
42140000,0.0039855833,-0.0015265155,0.09373845,-0.007940761,0.0003187366,-0.000911058
42148000,0.00393331,-0.0013867408,0.09371722,-0.0079129115,0.00040504412,-0.0008581861
42156000,0.0039019545,-0.0012276131,0.09366563,-0.007919342,0.0005174686,-0.00083812955
42164000,0.0038703692,-0.0010712805,0.09361555,-0.007912144,0.0005885305,-0.00083043985
42172000,0.0038389165,-0.0009177222,0.09356682,-0.007873169,0.0006898748,-0.0007986747
42180000,0.003807716,-0.0007666716,0.09351981,-0.007818711,0.0008113901,-0.0007544419
42188000,0.0037765976,-0.0006178768,0.093474016,-0.00782848,0.0009266448,-0.0007723257
42196000,0.0037646985,-0.0004494757,0.09341845,-0.0078040017,0.0009739008,-0.0007701066
42204000,0.003752352,-0.00028424856,0.09336421,-0.0077807717,0.0010349756,-0.00079807214
42212000,0.0037395468,-0.000121960584,0.09331308,-0.0077881184,0.0011199302,-0.0007300206
42220000,0.0037265392,3.779915e-05,0.09326409,-0.0077080885,0.0012333237,-0.0006039364
42228000,0.0037452285,0.00021132309,0.0931993,-0.007659628,0.001338061,-0.0005568003
42236000,0.0037628582,0.00038246578,0.093136534,-0.0076670637,0.0015000311,-0.000484166
42244000,0.003779572,0.0005513432,0.09307587,-0.0075798044,0.0016602864,-0.0004560089
42252000,0.0037958948,0.0007178179,0.093017146,-0.007492003,0.0017391838,-0.0003959028
42260000,0.0038415007,0.00090181205,0.092911735,-0.0073890616,0.0018869644,-0.0003855853
42268000,0.003886074,0.0010831878,0.092809156,-0.007319045,0.001992935,-0.00036891902
42276000,0.003929445,0.0012619146,0.09270951,-0.0072657783,0.0021306134,-0.00036920927
42284000,0.003971734,0.0014382637,0.092612416,-0.0071890033,0.0022447994,-0.00037911735
42292000,0.004033448,0.0016258155,0.092505574,-0.007073223,0.0023272017,-0.0003136862
42300000,0.0040940363,0.0018105451,0.09240225,-0.007002166,0.0024355033,-0.00022480523
42308000,0.004153361,0.001992674,0.092296526,-0.0068873847,0.0025707318,-0.00023531108
42316000,0.0042115008,0.0021725406,0.09219332,-0.0068234224,0.0027057785,-0.00028889938
42324000,0.0043006577,0.0023651198,0.0920759,-0.0066701258,0.0028169486,-0.00027957535
42332000,0.004388412,0.0025552583,0.09196152,-0.006560296,0.0029770767,-0.00031300474
42344000,0.0044743735,0.0027428463,0.09184979,-0.006482512,0.0030804817,-0.00037277606
42348000,0.004558752,0.0029280218,0.09174073,-0.0063821157,0.003213884,-0.00036902225
42356000,0.004681007,0.0031252461,0.09162654,-0.0063013337,0.0033556102,-0.00039185875
42364000,0.004800873,0.003319978,0.09151529,-0.0061915335,0.00347037,-0.00040453646
42372000,0.0049185026,0.0035120498,0.09140673,-0.006061672,0.003567347,-0.000411929
42380000,0.0050341617,0.003701477,0.09130107,-0.005939989,0.0036852774,-0.0003811546
42388000,0.0051733945,0.0039012476,0.091179445,-0.005812258,0.0038429429,-0.00037394513
42396000,0.0053101825,0.004098328,0.091060966,-0.0056586345,0.003903735,-0.0003595799
42404000,0.0054445295,0.004292473,0.09094556,-0.0055751563,0.003993973,-0.00037635947
42412000,0.005576416,0.004484274,0.090819195,-0.0054449574,0.0041362126,-0.00042798813
42420000,0.0057306914,0.0046844617,0.09068553,-0.0053275223,0.004310076,-0.0005062081
42428000,0.005882178,0.0048824684,0.09055491,-0.0052129617,0.0044452697,-0.0005173649
42436000,0.0060308906,0.005078206,0.09042776,-0.0050769397,0.0045832656,-0.00048239657
42444000,0.0061772857,0.0052716318,0.09030399,-0.0049368576,0.0047007105,-0.00048200926
42452000,0.006321305,0.005462919,0.09018344,-0.004786229,0.0048486297,-0.000451003
42460000,0.0064842287,0.005665301,0.090035245,-0.0047007743,0.005004083,-0.00041221108
42468000,0.0066439677,0.0058655334,0.08989115,-0.004593044,0.0051439386,-0.00036949717
42476000,0.0068007857,0.006063373,0.089751095,-0.0044852193,0.0052407696,-0.00034924663
42484000,0.006955043,0.0062586684,0.089614525,-0.0043303366,0.0053299833,-0.00039917405
42492000,0.0071310797,0.0064556487,0.08947761,-0.00417735,0.005475997,-0.00035053468
42500000,0.0073044184,0.006650622,0.08934465,-0.0039962595,0.00561076,-0.00033044594
42508000,0.0074751433,0.006843567,0.08921434,-0.0038519735,0.0057641882,-0.00036039943
42516000,0.007643291,0.007034434,0.08908719,-0.0036708026,0.0058769328,-0.0003714998
42524000,0.007837225,0.007221667,0.088960156,-0.0035275584,0.0060050194,-0.00043704675
42532000,0.008027984,0.0074068336,0.08883594,-0.0033578242,0.006096664,-0.0004758697
42540000,0.008216042,0.0075897076,0.0887149,-0.0031516128,0.0061490503,-0.00045076624
42548000,0.008401262,0.007770187,0.08859706,-0.0030198724,0.0062097097,-0.00046454358
42556000,0.008615163,0.007943133,0.08848663,-0.002854306,0.0062764883,-0.0005056476
42564000,0.008825645,0.008114037,0.08837867,-0.0027040537,0.006361769,-0.00054951647
42572000,0.009032717,0.008283051,0.08827314,-0.0025594747,0.006433036,-0.00056920614
42580000,0.009236229,0.0084504755,0.088170364,-0.002448306,0.0065803775,-0.00055899523
42588000,0.00946712,0.008601601,0.08806574,-0.0022466113,0.006628784,-0.000536497
42596000,0.0096946955,0.008751419,0.08796391,-0.0020322283,0.0067732786,-0.0005353092
42604000,0.009918932,0.008899992,0.08786479,-0.0018362555,0.0068554017,-0.00051624223
42612000,0.010139787,0.009047361,0.08775155,-0.0016920455,0.0069461106,-0.00046277582
42620000,0.010380197,0.009181597,0.087646514,-0.0015437418,0.006976448,-0.00049024395
42628000,0.010616768,0.009314348,0.0875438,-0.0013630544,0.006999528,-0.00056749175
42636000,0.010849688,0.009445913,0.08744323,-0.0012190344,0.007101098,-0.00060977705
42644000,0.011078795,0.009576604,0.08734514,-0.0010860832,0.00719503,-0.00060500525
42652000,0.011328907,0.00970359,0.08725001,-0.00095848134,0.007276844,-0.0005686327
42660000,0.0115747005,0.009829665,0.08716048,-0.0008202952,0.007364394,-0.0005544192
42668000,0.011816663,0.009954665,0.08707343,-0.000623554,0.007375621,-0.00053222047
42676000,0.012055171,0.010078109,0.08698863,-0.0004335689,0.0073935944,-0.0005545256
42684000,0.012316493,0.010206207,0.086902454,-0.00024638727,0.007457265,-0.0005020619
42692000,0.012574031,0.010333224,0.08681896,-2.298702e-05,0.0075194645,-0.00045383145
42700000,0.012827933,0.010459147,0.086737886,0.00018050523,0.0075838524,-0.00043903445
42708000,0.013078263,0.010583983,0.08664064,0.00035679934,0.007615062,-0.00044137795
42716000,0.01332481,0.010707495,0.08654587,0.00051605067,0.0076572965,-0.00047065542
42724000,0.013577226,0.010835144,0.0864494,0.00065506436,0.0076877046,-0.00047610796
42732000,0.013825721,0.0109614665,0.08635567,0.000819661,0.007743936,-0.00041740199
42740000,0.014070566,0.011086546,0.086264834,0.0010002551,0.0077702035,-0.0003758351
42748000,0.0143121015,0.011210479,0.086176425,0.0011843645,0.00785291,-0.00040092866
42756000,0.014556306,0.011339592,0.08602804,0.0013658532,0.007932436,-0.00045331343
42764000,0.014796902,0.01146741,0.085883364,0.0015068295,0.007939295,-0.00046772053
42772000,0.015033918,0.01159395,0.08574268,0.0016400634,0.008019438,-0.00041458348
42780000,0.015267397,0.011719455,0.08560595,0.0017873284,0.008074331,-0.0004267557
42788000,0.015514913,0.011840491,0.08548465,0.0018922534,0.008093361,-0.00044655835
42796000,0.015758643,0.011960044,0.08536635,0.0020450742,0.008077832,-0.00047819503
42804000,0.015998725,0.012078397,0.08525103,0.0021902798,0.008136689,-0.0005011307
42812000,0.016235476,0.01219573,0.085133195,0.0023642937,0.008161207,-0.00045991322
42820000,0.01648323,0.012297976,0.085030854,0.0025166734,0.0081446655,-0.00049588794
42828000,0.016727392,0.012399281,0.08493061,0.0026761498,0.008169125,-0.0005883807
42836000,0.016968103,0.012499906,0.08483268,0.0028180727,0.0082223825,-0.00056057645
42844000,0.017205287,0.01259979,0.084737465,0.0029589187,0.008205301,-0.0005665877
42852000,0.017473588,0.012686438,0.08466005,0.0031304997,0.008211589,-0.0005360181
42860000,0.017737973,0.0127723375,0.08458054,0.0033086017,0.0081832325,-0.0005420511
42868000,0.01799868,0.012857403,0.08450344,0.003481398,0.008147848,-0.00046512185
42876000,0.018255563,0.012941797,0.08442867,0.0036086303,0.008169505,-0.00046365158
42884000,0.018539688,0.01301646,0.08436838,0.0038325505,0.008199649,-0.00048417045
42892000,0.018820034,0.013091134,0.08430983,0.0040284176,0.008251355,-0.00045142008
42900000,0.019096633,0.013165869,0.084252864,0.004231879,0.008313305,-0.00047616241
42908000,0.019369466,0.013240537,0.08418724,0.004413676,0.008315698,-0.00046713944
42916000,0.019673264,0.013299869,0.084133476,0.0046532415,0.008353633,-0.00045307018
42924000,0.019973092,0.0133596,0.08408137,0.0048404885,0.00841461,-0.00040830206
42932000,0.020268679,0.01341963,0.08403143,0.0050396663,0.008424395,-0.00028947688
42940000,0.020560289,0.013479434,0.08398385,0.0052419524,0.008403146,-0.00018266842
42948000,0.020870542,0.013524746,0.08395223,0.005402425,0.008403126,-0.0001502177
42956000,0.021176198,0.013570139,0.0839055,0.0055666612,0.00839275,-0.00012021051
42964000,0.021477599,0.013615792,0.08386046,0.00576386,0.008393258,-0.00010118935
42972000,0.021774858,0.013661816,0.08381717,0.0059252842,0.008415763,-4.720914e-05
42980000,0.022067891,0.013707987,0.08377576,0.006089258,0.008406762,2.593438e-05
42988000,0.02237688,0.013752775,0.08375549,0.0062483023,0.008378001,7.64772e-05
42996000,0.022681436,0.013797714,0.08373651,0.0064106374,0.008386984,0.00013974283
43004000,0.022981973,0.013842827,0.083718866,0.0066126883,0.0083770845,0.00019646526
43012000,0.023278225,0.013887715,0.08370221,0.0067195585,0.008295286,0.00019510476
43020000,0.02355701,0.013933017,0.08370036,0.006890692,0.008231411,0.00026770864
43028000,0.023832107,0.013978318,0.083699465,0.0070319613,0.008283083,0.0003374463
43036000,0.024103707,0.01402417,0.083699465,0.0072129136,0.008316001,0.00036358048
43044000,0.024371648,0.014070128,0.08370009,0.0073025166,0.008295437,0.00041290198
43052000,0.024631025,0.014114105,0.08371067,0.007462941,0.00829647,0.00048677388
43060000,0.0248872,0.014158014,0.08372226,0.007603134,0.008262416,0.00059096294
43068000,0.025140386,0.014202032,0.08373451,0.007773609,0.00828586,0.0006417492
43076000,0.02539048,0.014246056,0.08374739,0.007898159,0.008242112,0.00067680137
43084000,0.025631376,0.014294806,0.0837715,0.008053275,0.008277136,0.00066677446
43092000,0.025869314,0.014343525,0.08379561,0.008128311,0.008237681,0.0006925384
43100000,0.026104031,0.014391939,0.0838197,0.0082447,0.008230672,0.0007265966
43108000,0.026335806,0.014440417,0.083844006,0.008350986,0.008241313,0.00074570044
43116000,0.026549486,0.014500537,0.08387382,0.008454558,0.008270686,0.0007833634
43124000,0.026760537,0.014560675,0.083903685,0.008533665,0.008317613,0.00083427335
43132000,0.026968906,0.01462075,0.08393343,0.008624257,0.008301722,0.00080979185
43140000,0.027174836,0.014680515,0.08396298,0.008729125,0.008337711,0.0008648989
43148000,0.027364925,0.014754732,0.08399737,0.008792214,0.008314476,0.0009173482
43156000,0.027552698,0.014828322,0.0840316,0.008879254,0.008356,0.0009387821
43164000,0.027738424,0.014902016,0.08406575,0.008964808,0.0084443465,0.0009962644
43172000,0.027922083,0.014975597,0.08409995,0.009046201,0.008452628,0.0010410384
43180000,0.028092278,0.015047744,0.084132254,0.00914677,0.0085407775,0.0010253461
43188000,0.028260794,0.015119988,0.08416419,0.009223156,0.008577387,0.0010614112
43196000,0.028427443,0.015191871,0.08419618,0.009259339,0.008553502,0.001136923
43204000,0.028591959,0.0152630815,0.08422817,0.009280907,0.008522401,0.0011318013
43212000,0.028735202,0.015332594,0.084253535,0.009334263,0.008497081,0.0011504792
43220000,0.028877148,0.015401953,0.08427878,0.009392423,0.0085490495,0.001163806
43228000,0.029017812,0.015471219,0.084303916,0.009454453,0.008600631,0.0011739144
43236000,0.02915733,0.015540718,0.08432911,0.009520317,0.008662297,0.0012346334
43244000,0.029295627,0.015610003,0.08435418,0.009578737,0.00863311,0.0012205809
43252000,0.029421149,0.01568339,0.08438009,0.009661797,0.0085827755,0.0011618054
43260000,0.029545793,0.015755916,0.08440548,0.009693974,0.008552478,0.0011752677
43268000,0.029669465,0.015828032,0.084430546,0.009737543,0.008586565,0.001156047
43276000,0.02979206,0.015900081,0.084455326,0.009783898,0.008611803,0.0011779274
43284000,0.02989672,0.01597457,0.08447927,0.009849556,0.008632823,0.0011977536
43292000,0.030000903,0.0160487,0.08450334,0.009862506,0.008622435,0.0012896744
43300000,0.030104315,0.016122319,0.084527925,0.009876377,0.008622008,0.0013734396
43308000,0.030207073,0.016195722,0.08455257,0.009877611,0.008660335,0.0013926225
43316000,0.03029117,0.016269177,0.0845658,0.0099202255,0.00866298,0.0013571697
43324000,0.030375391,0.016342433,0.08457877,0.009955074,0.0086911945,0.0013290304
43332000,0.030459572,0.016415372,0.08459154,0.00998633,0.008717559,0.0013107324
43340000,0.030543847,0.016488224,0.0846044,0.010060238,0.008726592,0.0013610914
43348000,0.0306143,0.016559603,0.08460832,0.010101225,0.00876035,0.001394411
43356000,0.030685036,0.016631003,0.08461286,0.010124818,0.008791617,0.0014672228
43364000,0.030756,0.016702266,0.0846179,0.010121277,0.008815557,0.0014506015
43372000,0.03082715,0.016773518,0.08462301,0.010152244,0.0088701425,0.0014434537
43380000,0.030883232,0.016839242,0.08462827,0.010140015,0.008859261,0.0014117004
43388000,0.030939883,0.016904771,0.08463356,0.0101910615,0.008878275,0.001419093
43396000,0.030997498,0.016970363,0.0846391,0.010228902,0.008910306,0.0014220505
43404000,0.031055966,0.01703597,0.08464472,0.010299596,0.008916024,0.001390403
43412000,0.031115547,0.017109863,0.084657714,0.01029595,0.008932202,0.0014337187
43420000,0.03117591,0.017183581,0.08467096,0.010352265,0.008978457,0.0014710848
43428000,0.031237006,0.017257167,0.084684744,0.010364162,0.00898369,0.0015637979
43436000,0.03129883,0.017330283,0.0846995,0.010409293,0.008957211,0.001677702
43444000,0.031363294,0.017422827,0.08471741,0.010463575,0.008946897,0.0016750788
43452000,0.031428717,0.017514586,0.08473538,0.010497368,0.008948087,0.0016995001
43460000,0.03149478,0.017605465,0.084753424,0.010511302,0.00894277,0.0017145463
43468000,0.031561606,0.01769582,0.0847716,0.010559062,0.009033937,0.0017422583
43476000,0.031633046,0.017783385,0.08478977,0.0105934525,0.009087557,0.0017524983
43484000,0.03170533,0.017870534,0.084808394,0.010656007,0.009128727,0.0018348204
43492000,0.031778675,0.017957563,0.084827304,0.010749035,0.009196462,0.0018349212
43500000,0.03185334,0.018044176,0.08484605,0.010873635,0.009169213,0.001799961
43508000,0.03192938,0.018129682,0.08486441,0.010971012,0.009094403,0.0017664459
43516000,0.032002356,0.018212315,0.08487536,0.01102222,0.009077133,0.0017987333
43524000,0.032076407,0.018294321,0.08488667,0.011103815,0.009073895,0.0018083447
43532000,0.032151468,0.018375702,0.08489831,0.011144025,0.009051416,0.0018260259
43540000,0.032227386,0.018456746,0.08491011,0.011160159,0.009099856,0.0018309383
43548000,0.032286584,0.01852793,0.0849113,0.011165026,0.0090883,0.001829193
43556000,0.032346975,0.018599005,0.08491294,0.011221438,0.009134839,0.001853465
43564000,0.032408837,0.018670244,0.084915474,0.011303561,0.009184906,0.0019256945
43572000,0.032472108,0.018741332,0.08491881,0.01134697,0.009167136,0.0019272915
43580000,0.032514956,0.018802024,0.08490844,0.011357732,0.009171779,0.0019249242
43588000,0.03255941,0.018862756,0.08489899,0.011408566,0.0091733085,0.0019412108
43596000,0.03260548,0.018923359,0.08489066,0.011445358,0.009164785,0.002015734
43604000,0.032653246,0.018983928,0.08488323,0.011508684,0.009170538,0.001971562
43612000,0.03268306,0.01902798,0.08486512,0.011515585,0.009097103,0.0019883092
43620000,0.032714386,0.019071674,0.084848315,0.01149549,0.009029155,0.0020237702
43628000,0.03274753,0.019115174,0.08483262,0.011547627,0.00899139,0.002041975
43636000,0.032782517,0.019158682,0.08481833,0.011572433,0.0089495955,0.002132036
43644000,0.032809485,0.019207617,0.08478734,0.011618283,0.008897188,0.0021569612
43652000,0.032838635,0.019256407,0.084757924,0.011674578,0.0088813715,0.0021813165
43660000,0.032869853,0.019304963,0.08472982,0.011728936,0.008843822,0.0021517565
43668000,0.032903038,0.019353388,0.08470303,0.01180787,0.008826608,0.0021908625
43676000,0.032928333,0.019406535,0.08465995,0.0118455095,0.008827262,0.0022143042
43684000,0.032955725,0.019459542,0.08461882,0.01189563,0.008797728,0.002249982
43692000,0.032984946,0.01951236,0.08457951,0.011883235,0.008790373,0.002264309
43700000,0.033015743,0.019564735,0.08454193,0.01187529,0.008690445,0.0022791126
43708000,0.033045653,0.019609626,0.08449419,0.011930625,0.008602753,0.0023066183
43716000,0.03307763,0.019654004,0.084448725,0.011956918,0.00854259,0.0023994786
43724000,0.033111166,0.019698435,0.08440572,0.011923057,0.008574312,0.0024587146
43732000,0.033145823,0.019743005,0.08436479,0.011884157,0.008539878,0.0024756743
43740000,0.033170488,0.01977101,0.08431998,0.0118535375,0.008520845,0.0024707415
43748000,0.033196975,0.01979947,0.08427709,0.011899022,0.008533053,0.0025141684
43756000,0.03322524,0.01982833,0.08423653,0.011880355,0.008488471,0.0025858593
43764000,0.03325506,0.0198572,0.08419803,0.011878151,0.008442282,0.0025867878
43772000,0.033286538,0.019886432,0.08416115,0.011913734,0.00846127,0.0025848276
43780000,0.0333187,0.019900545,0.08412781,0.011895786,0.008398172,0.0025976966
43788000,0.033352397,0.01991471,0.084096074,0.011906609,0.008313233,0.0025953208
43796000,0.033387564,0.019929143,0.08406587,0.011880122,0.008256246,0.002587421
43804000,0.033423964,0.01994406,0.08403723,0.011865572,0.008233543,0.0026206255
43812000,0.03345347,0.019948058,0.08401334,0.011825844,0.008179585,0.002606751
43820000,0.03348456,0.019952768,0.083990976,0.011874639,0.008151262,0.0026462805
43828000,0.03351765,0.019958116,0.08397013,0.011911767,0.008090391,0.0026550407
43836000,0.033552498,0.019963767,0.08395092,0.01195657,0.008012893,0.0027116393
43844000,0.033567328,0.019956823,0.08393048,0.012043057,0.007929968,0.0027318464
43852000,0.033584584,0.019950503,0.083911404,0.012052419,0.007876965,0.00273316
43860000,0.03360363,0.019944856,0.08389373,0.012032514,0.007820915,0.0027338618
43868000,0.03362447,0.019939909,0.083877385,0.012032987,0.007776069,0.002761997
43876000,0.033637643,0.019923493,0.083862975,0.011986158,0.0077255256,0.0028075285
43884000,0.03365278,0.019907866,0.083850294,0.012001353,0.007644737,0.0028536923
43892000,0.03367,0.019892862,0.08383928,0.012034723,0.0075669135,0.002919318
43900000,0.0336894,0.019878794,0.083829746,0.012065493,0.0075575807,0.0029234476
43908000,0.03369476,0.019862477,0.08381316,0.012158005,0.007538093,0.0029319641
43916000,0.033702783,0.019847292,0.083798066,0.012188717,0.007511653,0.0029215931
43924000,0.03371308,0.019832905,0.08378428,0.0122124115,0.007452387,0.0029515007
43932000,0.0337257,0.019819373,0.08377202,0.012228771,0.0073932568,0.0029756613
43940000,0.033714566,0.019799225,0.083760545,0.012126174,0.007348265,0.003039585
43948000,0.033705432,0.019780125,0.083750874,0.012095378,0.00731585,0.0030901264
43956000,0.03369845,0.01976206,0.083742514,0.012067276,0.007279575,0.0030972399
43964000,0.033693593,0.019744895,0.083735645,0.01203413,0.007216994,0.0031296848
43972000,0.033664886,0.019725848,0.08372322,0.012032321,0.007178748,0.0031548787
43980000,0.03363901,0.01970785,0.083712295,0.012020998,0.0071372422,0.003189112
43988000,0.033615816,0.019690642,0.083703026,0.01202394,0.007079567,0.003241142
43996000,0.033595275,0.01967433,0.08369526,0.011996492,0.007046016,0.0032093853
44004000,0.03353913,0.019656908,0.08368689,0.011918636,0.0070138588,0.0032539482
44012000,0.033485834,0.019640606,0.08368039,0.011841269,0.0070095006,0.003317786
44020000,0.033435337,0.019625489,0.083675414,0.011805333,0.0070090233,0.003339894
44028000,0.033387944,0.019611407,0.08367187,0.011790915,0.0069549414,0.0033857042
44036000,0.03334329,0.019598106,0.083670005,0.011714249,0.006910531,0.0034599602
44044000,0.03325594,0.019592237,0.08367269,0.011670672,0.0068436125,0.0035541677
44052000,0.033171907,0.019587167,0.08367707,0.011564856,0.0068495427,0.003645892
44060000,0.033091277,0.019582938,0.08366045,0.011541831,0.0068063145,0.0036325136
44068000,0.03301414,0.01957924,0.0836454,0.011463629,0.0067702034,0.0036700694
44076000,0.032899633,0.019578908,0.08362836,0.011306289,0.006742053,0.0037104567
44084000,0.03278845,0.019579181,0.08361308,0.011175902,0.0066915536,0.0037085863
44092000,0.03268073,0.019580092,0.083599314,0.011088295,0.0066695176,0.0037204528
44100000,0.032576647,0.01958157,0.08358726,0.011015455,0.0066318726,0.003735328
44108000,0.03244577,0.0195881,0.08356272,0.010913405,0.0066257417,0.0037220635
44116000,0.032318685,0.0195952,0.083539784,0.010812267,0.0065898383,0.0036964417
44124000,0.032195512,0.019602861,0.08351837,0.0107298745,0.0065728514,0.0036840155
44132000,0.03207603,0.019610923,0.08349903,0.010624313,0.0065112663,0.0037495797
44140000,0.031948376,0.019625394,0.08347353,0.010449588,0.006522352,0.0037727128
44148000,0.031823836,0.019640626,0.08344984,0.010279392,0.006546605,0.0037509713
44156000,0.031702243,0.019656451,0.08343837,0.010114549,0.006521519,0.0037902945
44164000,0.031583764,0.01967261,0.0834285,0.010027868,0.0064800875,0.0037810954
44172000,0.03146038,0.01970102,0.083414644,0.009908721,0.00653747,0.0038068902
44180000,0.031340186,0.019730078,0.083402336,0.00978298,0.0065424615,0.0037837084
44188000,0.031223089,0.019759296,0.08339147,0.009661402,0.006495433,0.0038203169
44196000,0.031108823,0.01978848,0.083382264,0.009503667,0.006439893,0.00383066
44204000,0.030977424,0.019830046,0.08337574,0.0094203055,0.006491376,0.00390805
44212000,0.030849721,0.019871887,0.083370626,0.009332051,0.0064659137,0.0039674826
44220000,0.030724939,0.01991382,0.0833673,0.009137504,0.0064817956,0.004043417
44228000,0.030603113,0.019955797,0.08336572,0.009047867,0.0064440104,0.0040809438
44236000,0.030462535,0.020000732,0.08336726,0.008907487,0.0064953733,0.004153257
44244000,0.030325107,0.020046258,0.08337021,0.008727088,0.006555525,0.004152692
44252000,0.030190812,0.020092089,0.08337431,0.008610018,0.006524094,0.0041629593
44260000,0.030059714,0.020137852,0.083413735,0.008474744,0.0064978064,0.0041862237
44268000,0.02991475,0.020179221,0.083447665,0.0083867395,0.006484333,0.004222891
44276000,0.029773308,0.020221002,0.08348225,0.008246848,0.00652288,0.004279432
44284000,0.029635092,0.02026335,0.0835174,0.0080918325,0.0065346938,0.004286338
44292000,0.029499838,0.020305833,0.08355287,0.007953324,0.0064677666,0.0043091564
44300000,0.029367812,0.020348396,0.08358897,0.007832311,0.0064850394,0.004371241
44308000,0.029222228,0.02039341,0.08358778,0.007722304,0.006492512,0.004433249
44316000,0.029080277,0.020439118,0.08358826,0.0076260357,0.006564191,0.004487857
44324000,0.0289418,0.02048563,0.0835904,0.007531978,0.006607384,0.0045164768
44332000,0.028806781,0.020532766,0.083593726,0.00743493,0.0066620363,0.004515515
44340000,0.028640471,0.020584626,0.08356807,0.007309056,0.006714552,0.0045250654
44348000,0.028477883,0.020636959,0.08354421,0.0071753967,0.006741058,0.004507898
44356000,0.028318949,0.02068987,0.083510324,0.0070539364,0.00678573,0.0045392085
44364000,0.028163563,0.020743169,0.08347872,0.006927222,0.0067848237,0.004539599
44372000,0.02798149,0.020782843,0.08343032,0.0068023037,0.006817953,0.0045222705
44380000,0.027803453,0.020823298,0.083384186,0.006671359,0.0068551935,0.004513277
44388000,0.027629243,0.020864494,0.083340436,0.006536621,0.006859066,0.004480133
44396000,0.027458895,0.020906115,0.083298415,0.0064074574,0.0068645515,0.004391762
44404000,0.027265375,0.02092919,0.08323863,0.006255006,0.0068912376,0.0043674875
44412000,0.02707602,0.02095335,0.08316922,0.006124786,0.00690192,0.0043612653
44420000,0.02689079,0.020978224,0.08310306,0.0060062693,0.00688988,0.0044476334
44428000,0.02670959,0.021003956,0.08304016,0.0059097093,0.0069073457,0.004433056
44436000,0.026508821,0.021006297,0.08296572,0.005792993,0.0068828287,0.0044611106
44444000,0.026312193,0.021009743,0.082894415,0.0056353724,0.0068696486,0.004470316
44452000,0.026119366,0.021014258,0.082826406,0.0054456084,0.0068399725,0.004510395
44460000,0.025930192,0.021019451,0.08276054,0.005283334,0.0067675337,0.004530194
44468000,0.025708662,0.021010151,0.082673356,0.005115634,0.00677969,0.0045282384
44476000,0.025491638,0.021002145,0.082589775,0.0049799588,0.0067595285,0.0045694457
44484000,0.02527896,0.020995488,0.08250937,0.004835799,0.006741021,0.004528431
44492000,0.025070323,0.020989697,0.08243193,0.004652702,0.00666816,0.0045277025
44500000,0.024824686,0.020978915,0.082335934,0.0045044343,0.0066700033,0.0045157615
44508000,0.024583766,0.020969465,0.08224477,0.004314262,0.0066325464,0.0044489205
44516000,0.02434713,0.020960892,0.082156524,0.0041148174,0.006571275,0.0044357604
44524000,0.024114635,0.020953227,0.082071394,0.0039357296,0.006534913,0.004383355
44532000,0.023840418,0.020946195,0.081987485,0.00375256,0.0065030567,0.0043550385
44540000,0.023571169,0.020940319,0.081906706,0.0035530662,0.00650755,0.004350181
44548000,0.023306571,0.020935537,0.08182891,0.0033381714,0.0064855404,0.0043587843
44556000,0.023046248,0.020931954,0.081742525,0.003060393,0.0065318444,0.004386879
44564000,0.022789944,0.020929817,0.08165929,0.0028471216,0.0065533267,0.00433457
44572000,0.022511961,0.020919925,0.081577286,0.002614285,0.0065370966,0.004255403
44580000,0.02223844,0.020911155,0.08149806,0.00237057,0.0065468806,0.004230509
44588000,0.02196933,0.020903794,0.08142151,0.0021777898,0.006569148,0.0041913334
44596000,0.021704707,0.020897612,0.08134775,0.0019982182,0.006556323,0.0041897576
44604000,0.02142662,0.020874687,0.08126426,0.0017483026,0.006524435,0.0041771554
44612000,0.021152787,0.020852765,0.08118382,0.0015350397,0.0064489683,0.0041714977
44620000,0.020883294,0.02083167,0.08110638,0.0013457948,0.006350637,0.0041693766
44628000,0.02061813,0.02081115,0.08103165,0.0011270451,0.006248119,0.0041514365
44636000,0.02034586,0.020779243,0.08094752,0.00083992304,0.0061595435,0.0040969304
44644000,0.020077296,0.020748438,0.08086598,0.0006166566,0.006120316,0.0040713833
44652000,0.019812997,0.020719096,0.08078718,0.00046452123,0.0061103716,0.004022125
44660000,0.019552805,0.020691048,0.08066818,0.00025691878,0.0060697743,0.0040315655
44668000,0.019284846,0.02064336,0.08054486,4.4369925e-05,0.0060330722,0.003953318
44676000,0.019020563,0.020597158,0.08042508,-0.00018399282,0.0059554838,0.003913859
44684000,0.018760152,0.020552043,0.08030896,-0.00036578142,0.005854232,0.0038793753
44692000,0.01850371,0.020507934,0.080196455,-0.0005346627,0.0057368223,0.0038448325
44700000,0.018235657,0.02046117,0.08008498,-0.00074396067,0.005694189,0.0038632136
44708000,0.017971104,0.020415887,0.07997304,-0.0010008982,0.005640144,0.0038589516
44716000,0.017709928,0.020371808,0.07986453,-0.001228282,0.005583621,0.00381305
44724000,0.017452518,0.020328954,0.07975933,-0.0013739595,0.0055121044,0.0037769722
44732000,0.017198507,0.02027844,0.07965687,-0.0015754519,0.005432594,0.0037584356
44740000,0.016947724,0.020229183,0.07955764,-0.0018104699,0.005380379,0.0037189098
44748000,0.016700104,0.020181213,0.079461545,-0.0020047599,0.005307827,0.0037064366
44756000,0.01645576,0.020134479,0.07936683,-0.002225993,0.005258657,0.003638204
44764000,0.01621838,0.020078614,0.07926296,-0.0024596655,0.005155158,0.0036211938
44772000,0.015984103,0.02002381,0.07916239,-0.0026024154,0.0050871707,0.0036047052
44780000,0.015752789,0.019970266,0.07906486,-0.0028262425,0.0050013764,0.0035572576
44788000,0.015524351,0.019917553,0.07897034,-0.002981421,0.0048699738,0.0035439122
44796000,0.0153043065,0.019853748,0.07887195,-0.0031675133,0.0047616214,0.003510437
44804000,0.015087044,0.019791167,0.078776434,-0.0032910558,0.004720541,0.0034788286
44812000,0.014872775,0.019730102,0.0786809,-0.0034407952,0.0046669487,0.0034747587
44820000,0.014661306,0.019670336,0.07858808,-0.0035803863,0.0045727026,0.0033619262
44828000,0.014452504,0.019611485,0.07849747,-0.0037364105,0.004479722,0.0032991634
44836000,0.014254329,0.019558867,0.078406766,-0.0038627703,0.004416645,0.0032800953
44844000,0.014058769,0.019507261,0.078318834,-0.004007423,0.004342298,0.0032527032
44852000,0.013865531,0.019456325,0.07823351,-0.004124672,0.0042145317,0.003207522
44860000,0.0136752045,0.019406158,0.07815081,-0.004180876,0.0041516814,0.0032010064
44868000,0.013489653,0.019370707,0.07805741,-0.0042836913,0.004136257,0.0031924495
44876000,0.013306602,0.019336134,0.07796709,-0.0043922905,0.0040880046,0.0032033203
44884000,0.013125975,0.01930232,0.07787925,-0.0044842074,0.0040577576,0.0030811012
44892000,0.012947869,0.019269127,0.0777937,-0.0045858882,0.0039744647,0.0030713824
44900000,0.012772408,0.01926269,0.07769635,-0.0046760584,0.003924726,0.0030623772
44908000,0.012599395,0.019256493,0.077601984,-0.0047827703,0.0039071017,0.0030641533
44916000,0.012428169,0.019250516,0.077510744,-0.004958545,0.0038597893,0.0030728395
44924000,0.012258895,0.01924459,0.077422544,-0.00504704,0.0038023524,0.003103503
44932000,0.012086857,0.019262701,0.07733761,-0.0050908676,0.003784031,0.0030973838
44940000,0.011917386,0.01928066,0.07725537,-0.005178853,0.0037719884,0.0031017032
44948000,0.011750012,0.019298458,0.07717557,-0.0052947905,0.0037645714,0.0030317812
44956000,0.011584722,0.019316202,0.07706867,-0.0053888974,0.003733526,0.0029844164
44964000,0.011406074,0.019345498,0.07696107,-0.0055291774,0.0037057307,0.0029589012
44972000,0.0112295635,0.019374443,0.07685648,-0.0056411517,0.0037095484,0.0029125027
44980000,0.01105523,0.0194032,0.07675497,-0.0057618814,0.0037153065,0.0029005117
44988000,0.010883063,0.019431915,0.07665634,-0.0058711385,0.003721422,0.002812567
44996000,0.010708344,0.019464567,0.07656312,-0.006011714,0.0036733225,0.0027856354
45004000,0.010535754,0.019496676,0.07647289,-0.006113939,0.0036398203,0.0027889744
45012000,0.010365398,0.019528357,0.07638486,-0.006177092,0.0036313816,0.002727223
45020000,0.010197163,0.019559905,0.07629925,-0.0063126455,0.0036389984,0.0027034313
45028000,0.010013433,0.01960334,0.07622272,-0.00637334,0.0036440394,0.0027333694
45036000,0.009832134,0.019646453,0.076148674,-0.0065159034,0.0036730263,0.0027072562
45044000,0.009652721,0.019689469,0.07607706,-0.0066499575,0.0036986915,0.002705967
45052000,0.009475202,0.019732341,0.07600768,-0.0067943935,0.003716163,0.0026663586
45060000,0.00928959,0.019772414,0.07592285,-0.006943291,0.0037598389,0.002660713
45068000,0.00910613,0.019812353,0.07584076,-0.007044336,0.0037375838,0.002655655
45076000,0.008924776,0.019851977,0.07576108,-0.007157906,0.0037448523,0.0025838467
45084000,0.00874551,0.019891588,0.07568385,-0.007265763,0.0037872957,0.0025875245
45092000,0.00856845,0.01993145,0.07560913,-0.007350808,0.0038491522,0.0025793398
45100000,0.008382628,0.019986263,0.07553281,-0.0074943085,0.0038890946,0.0025772636
45108000,0.008198455,0.020040894,0.07545312,-0.0076797237,0.003940212,0.002564144
45116000,0.008016013,0.020095335,0.075376004,-0.0078002117,0.0039583943,0.002562949
45124000,0.007835507,0.02014947,0.07530162,-0.007928191,0.0039721625,0.0025778909
45132000,0.007651853,0.02021491,0.07522312,-0.008068054,0.003965861,0.0025627825
45140000,0.0074700383,0.020279618,0.075147316,-0.008203454,0.00397297,0.0025812362
45148000,0.0072901887,0.020343814,0.075074,-0.008273258,0.003993547,0.0025326353
45156000,0.00711244,0.020407394,0.07498297,-0.008385107,0.0039932868,0.0024894574
45164000,0.0069415253,0.020498801,0.074886724,-0.008484161,0.0040538777,0.0024460643
45172000,0.006772398,0.020589495,0.07479313,-0.008583696,0.0041321865,0.0023723687
45180000,0.0066048694,0.020679632,0.07470204,-0.008690417,0.0041970736,0.0023017018
45188000,0.006439116,0.020769099,0.0746135,-0.008751709,0.004261102,0.0022858458
45196000,0.0062785335,0.020875318,0.07452358,-0.0088471165,0.0043074214,0.0022815366
45204000,0.0061195046,0.020980392,0.0744365,-0.008935089,0.0043346356,0.0022583366
45212000,0.005961929,0.021084234,0.074352175,-0.009024452,0.004352928,0.0022753503
45220000,0.005805956,0.021187073,0.074270636,-0.009088891,0.0044266055,0.0022266675
45228000,0.005656192,0.02130174,0.07417928,-0.009165698,0.004487493,0.0021924768
45236000,0.0055080024,0.021415338,0.074090764,-0.009189996,0.004563071,0.0021930628
45244000,0.005361391,0.021528272,0.07400538,-0.009257111,0.0046801246,0.0022503308
45252000,0.005216204,0.021640573,0.07392293,-0.009314231,0.0047898074,0.002212178
45260000,0.005081771,0.02176059,0.07379547,-0.009401132,0.004908738,0.002150775
45268000,0.0049481513,0.02187968,0.073671415,-0.009490677,0.0049629933,0.0020909533
45276000,0.004815533,0.021997847,0.073550835,-0.009541533,0.0050643845,0.0020557716
45284000,0.004684098,0.022115128,0.07343355,-0.00959487,0.005095058,0.001974144
45292000,0.0045691105,0.022231366,0.073304325,-0.009649291,0.005164596,0.0019447178
45300000,0.004454688,0.022347067,0.07317871,-0.009726646,0.005277489,0.0018843545
45308000,0.0043406305,0.02246206,0.073056474,-0.009842881,0.0053514433,0.0018365739
45316000,0.004227184,0.022576502,0.0729375,-0.009847178,0.0054610134,0.0018001309
45328000,0.0041240742,0.022693453,0.072809815,-0.009854237,0.005506373,0.0017915155
45332000,0.004021469,0.022809338,0.07268581,-0.0099295555,0.005536639,0.0017763886
45340000,0.0039190515,0.022924278,0.07256569,-0.010004272,0.0055838386,0.0018494494
45348000,0.0038169657,0.02303836,0.0724494,-0.0100535,0.0056383065,0.0018099828
45356000,0.0037154232,0.023151765,0.07233606,-0.010073771,0.0057189735,0.0017358566
45364000,0.0036409185,0.023255328,0.07221933,-0.010109213,0.005733818,0.0016642972
45372000,0.0035662593,0.023358207,0.07210578,-0.010159824,0.0058115516,0.0016510099
45380000,0.0034915463,0.023460863,0.07199532,-0.010164198,0.0059039807,0.0016137154
45388000,0.0034171855,0.023563234,0.071888044,-0.010115608,0.0059777847,0.001620717
45396000,0.003361695,0.023646317,0.07179561,-0.010169716,0.0060294955,0.0016149874
45404000,0.0033058336,0.023729388,0.07170592,-0.010146909,0.0060729627,0.0016311108
45412000,0.00325002,0.023812225,0.07161918,-0.010119822,0.0061147995,0.0016322555
45420000,0.0031940185,0.023894746,0.071535066,-0.010126996,0.0060908794,0.0016102404
45428000,0.003152993,0.02395377,0.07146013,-0.010206339,0.006079815,0.0015831048
45436000,0.0031110344,0.02401265,0.071387455,-0.01021078,0.0060307775,0.0015539555
45444000,0.0030684925,0.024071282,0.07131685,-0.010231537,0.006053679,0.0015398411
45452000,0.0030252475,0.02413002,0.071248755,-0.010251845,0.0060377703,0.0016110769
45460000,0.0030130788,0.024170766,0.07119349,-0.010251861,0.006027835,0.0016461355
45468000,0.0029995593,0.024212,0.071140215,-0.010262736,0.006067265,0.0016508164
45476000,0.0029847322,0.024253616,0.0710887,-0.010303694,0.00603196,0.0016197561
45484000,0.0029688526,0.024295222,0.07103886,-0.0102413315,0.0060145897,0.0016175573
45492000,0.0029841096,0.024317455,0.07101837,-0.0101533,0.0060389903,0.0016272652
45500000,0.0029984342,0.024340231,0.07099891,-0.01006135,0.0060031065,0.0016323305
45508000,0.0030115538,0.02436352,0.07098058,-0.010014262,0.0059981225,0.001656743
45516000,0.0030233534,0.02438742,0.07096332,-0.009959744,0.0059881066,0.00164741
45524000,0.0030557888,0.024401695,0.070972055,-0.009875683,0.0059857336,0.0016600408
45532000,0.0030868487,0.0244167,0.070981175,-0.009779419,0.005956302,0.0016657436
45540000,0.0031164836,0.02443216,0.07099074,-0.009738373,0.0059045865,0.0016798301
45548000,0.003144458,0.024448108,0.071000785,-0.009693835,0.0059336685,0.0017266193
45556000,0.0031966104,0.024466649,0.07103941,-0.009673361,0.00592222,0.001773512
45564000,0.0032463837,0.024485784,0.07107808,-0.009668579,0.0059292433,0.0018324531
45572000,0.0032940067,0.02450543,0.071116745,-0.009617963,0.0059076347,0.0018612928
45580000,0.0033398115,0.024525393,0.07115537,-0.0095242495,0.005877792,0.001902821
45588000,0.0034068313,0.024553295,0.071228236,-0.009456124,0.0058619473,0.002019109
45596000,0.0034713934,0.02458144,0.071300715,-0.009432168,0.0058532674,0.0020901456
45604000,0.0035336695,0.024609873,0.071372256,-0.009379179,0.0058262185,0.0020611293
45612000,0.0035938097,0.024638426,0.07144259,-0.00931446,0.0057922965,0.0020866373
45620000,0.0036521219,0.024667008,0.07151228,-0.0092203645,0.005771674,0.0021448755
45628000,0.0037346527,0.024687061,0.07161157,-0.009132495,0.005803862,0.0022179978
45636000,0.0038148998,0.02470783,0.07170941,-0.009057742,0.0058132117,0.0022399824
45644000,0.0038928082,0.024729168,0.071805775,-0.008984427,0.005830297,0.0022746646
45652000,0.003968532,0.02475086,0.07190074,-0.008873442,0.005759493,0.0023024755
45660000,0.004058746,0.024764033,0.07199499,-0.008745146,0.005680809,0.002312992
45668000,0.004146798,0.024777526,0.07208824,-0.008645336,0.005656717,0.0024152542
45676000,0.0042323694,0.024791438,0.07218051,-0.008593898,0.005623303,0.0024484429
45684000,0.0043158163,0.024805658,0.07227133,-0.008438025,0.005584543,0.0024402651
45692000,0.004411852,0.024807595,0.072378084,-0.008353824,0.0055989632,0.0024872702
45700000,0.0045053083,0.024810595,0.0724833,-0.008294275,0.0055951755,0.0025298232
45708000,0.0045964117,0.024814073,0.07258707,-0.008172711,0.0055432,0.0025719204
45716000,0.004685332,0.024818331,0.07268959,-0.008096566,0.0055428944,0.0026520162
45728000,0.0047806683,0.02481166,0.07281664,-0.008036284,0.0055093053,0.0027767494
45732000,0.004873589,0.024805821,0.07294206,-0.007928251,0.005463761,0.0028316034
45740000,0.004964255,0.024800526,0.07306576,-0.007873255,0.0053773066,0.0029133025
45748000,0.005052375,0.024795705,0.07318792,-0.007819804,0.0053374167,0.0030104548
45756000,0.0051372517,0.024773797,0.07333864,-0.0077580567,0.0053599104,0.003068432
45764000,0.00522001,0.024753282,0.073486865,-0.0076736193,0.0053010723,0.0031296592
45772000,0.005300734,0.02473359,0.073632866,-0.007567226,0.005243501,0.003212117
45780000,0.0053797853,0.024714908,0.07377678,-0.007454709,0.0052111335,0.0032739786
45788000,0.0054491777,0.02467758,0.07394196,-0.0073681837,0.0051982873,0.0033208167
45796000,0.005516717,0.0246418,0.074104354,-0.0073268185,0.005163152,0.0033440706
45804000,0.0055826893,0.024607223,0.074263826,-0.007196695,0.005091445,0.0034081961
45812000,0.005647129,0.024573894,0.074410975,-0.007143698,0.005052894,0.0034395026
45820000,0.0056986567,0.02452764,0.07456389,-0.007109841,0.004978348,0.003513562
45828000,0.005748627,0.024482882,0.07471439,-0.0070491266,0.0049544824,0.003570644
45836000,0.00579718,0.0244397,0.07486248,-0.007007743,0.0049033468,0.0036006789
45844000,0.005844307,0.024398068,0.07500814,-0.0069501107,0.004895073,0.0036399793
45852000,0.005881177,0.024347404,0.07514748,-0.0068790545,0.004887155,0.0036718731
45860000,0.0059168166,0.024298618,0.07528451,-0.0068817004,0.0048772097,0.003703495
45868000,0.005950911,0.02425152,0.07541962,-0.006848973,0.0048435363,0.0037952128
45876000,0.005983915,0.024206081,0.075552896,-0.006762774,0.004811587,0.0038364322
45884000,0.0060162907,0.024162129,0.07568438,-0.006648768,0.0047754417,0.0039315163
45892000,0.0060550906,0.024102882,0.07581341,-0.0066315173,0.004763056,0.003986041
45900000,0.0060922685,0.02404559,0.07594076,-0.0066273804,0.004706374,0.0040661613
45908000,0.0061279656,0.02398982,0.076064914,-0.006591128,0.004630813,0.0041433075
45916000,0.0061625787,0.023935514,0.07618746,-0.0065126074,0.0045838268,0.0041700713
45924000,0.0062027187,0.023876159,0.076301366,-0.006460889,0.004491599,0.00419183
45932000,0.0062414617,0.02381824,0.07641365,-0.006424896,0.0044299057,0.0042089424
45940000,0.0062786485,0.023761965,0.07652439,-0.0064288606,0.0043576364,0.0042668325
45948000,0.0063143186,0.023706857,0.07663371,-0.0063640093,0.004239214,0.0043051983
45956000,0.006372719,0.023634117,0.07671745,-0.0063034706,0.0041648243,0.004315601
45964000,0.006429331,0.023563221,0.07680024,-0.0062772925,0.0040931283,0.004336187
45972000,0.006484042,0.023494156,0.07688251,-0.006223533,0.0040399567,0.0044279057
45980000,0.00653734,0.023426784,0.07696417,-0.006119971,0.0039412053,0.0044388487
45988000,0.0065983855,0.023338113,0.077034324,-0.0061200373,0.0039002106,0.0044695623
45996000,0.0066569787,0.023251532,0.077103764,-0.006148545,0.0037923509,0.004453049
46004000,0.006713437,0.023166962,0.07717265,-0.0061107976,0.003737477,0.004494988
46012000,0.0067681023,0.023084579,0.07724139,-0.006050923,0.0036784513,0.004572045
46020000,0.0068354914,0.022972766,0.077302694,-0.006005987,0.0036585394,0.004625646
46028000,0.006900842,0.02286376,0.07736382,-0.0059494744,0.0035544988,0.0046267975
46036000,0.0069640344,0.022756992,0.077424586,-0.0059414944,0.0034460197,0.0046522003
46044000,0.0070249876,0.022652635,0.07748489,-0.0059102206,0.003378918,0.004637892
46052000,0.0071049724,0.02252778,0.07753204,-0.005868895,0.003295254,0.0046895887
46060000,0.0071825916,0.022405624,0.07757603,-0.005793897,0.0031703268,0.0047261356
46068000,0.0072581945,0.022286013,0.07762015,-0.0057045612,0.003081481,0.004736657
46076000,0.0073317676,0.022169247,0.07766427,-0.005662662,0.003033902,0.0047263796
46084000,0.0074230484,0.022026263,0.07769169,-0.0055968575,0.0029484066,0.0047338726
46092000,0.007511972,0.021886744,0.07771957,-0.0055276067,0.0029086322,0.0047441353
46100000,0.0075982874,0.021750698,0.07774772,-0.0054977555,0.00284025,0.0047058696
46108000,0.007681965,0.02161753,0.077775866,-0.005491449,0.0027118786,0.0046863416
46116000,0.0077665607,0.021453526,0.07780191,-0.005468826,0.0025978407,0.004702016
46124000,0.007848534,0.021293169,0.07782854,-0.005456602,0.0025089064,0.0047463323
46132000,0.007928014,0.021136286,0.07785553,-0.00540668,0.002404454,0.004702274
46140000,0.008004873,0.020982606,0.077882335,-0.0054141027,0.0022698704,0.004659496
46148000,0.008079429,0.020832188,0.077909276,-0.005346175,0.0022205554,0.004627048
46156000,0.008166051,0.020658715,0.07789105,-0.00532191,0.0021454901,0.0046001435
46164000,0.00825022,0.020489128,0.07787426,-0.0052650785,0.0020596862,0.004604102
46172000,0.008332116,0.02032332,0.077859,-0.005193478,0.0020023496,0.0046222834
46180000,0.008411661,0.020161506,0.07784532,-0.005165938,0.0019548472,0.0046638492
46188000,0.008485791,0.019967848,0.0778299,-0.0051996745,0.0018535191,0.004645589
46196000,0.008557099,0.019778477,0.07781561,-0.0052163,0.0017873724,0.004643063
46204000,0.008625975,0.01959335,0.07780294,-0.0051791086,0.0017057556,0.004674022
46212000,0.008692843,0.019412203,0.07779011,-0.005135454,0.0015965304,0.0045941803
46220000,0.008763105,0.019195192,0.07778767,-0.0050699906,0.001485424,0.004569149
46228000,0.008831534,0.018982727,0.07778606,-0.0049957386,0.0013657485,0.0045642587
46236000,0.008897956,0.018774444,0.07778551,-0.004964128,0.0011999126,0.004582202
46244000,0.00896191,0.018570155,0.077786356,-0.0050172484,0.0010875965,0.0046646097
46252000,0.009018423,0.018342271,0.07778247,-0.0049888324,0.0009386852,0.0046760696
46260000,0.009073104,0.018118659,0.07776196,-0.0049481364,0.000774214,0.0046519805
46268000,0.00912589,0.017899705,0.07774252,-0.004935951,0.0007094516,0.0046023866
46276000,0.009176659,0.017685335,0.07772416,-0.004924507,0.0005914781,0.004555334
46284000,0.009216745,0.017454797,0.07772045,-0.004882164,0.0004609791,0.004559903
46292000,0.009255388,0.017228812,0.07771768,-0.00484242,0.0003523379,0.004528015
46300000,0.00929254,0.017007306,0.07771587,-0.004809755,0.00021144019,0.0045508333
46308000,0.009328296,0.01679014,0.07770707,-0.004766941,0.00011101454,0.0045257234
46316000,0.009364517,0.016565256,0.07770541,-0.004736639,6.782875e-05,0.004561564
46324000,0.0093992995,0.016345246,0.07770476,-0.0047133164,-4.3801847e-05,0.004537471
46332000,0.009432636,0.016129438,0.0777048,-0.0046884264,-0.00015772534,0.004516872
46340000,0.009464541,0.015918044,0.07770561,-0.0046533598,-0.00026188063,0.004482556
46348000,0.009501463,0.015688486,0.077718124,-0.0046513197,-0.0003847921,0.00450657
46356000,0.009536825,0.015463655,0.07773164,-0.0045970646,-0.0004686228,0.004547095
46364000,0.009571079,0.015243136,0.07774612,-0.004538187,-0.0006124099,0.0046147197
46372000,0.009603827,0.015026851,0.07776156,-0.0045624278,-0.0007117413,0.004653316
46380000,0.009637825,0.014786894,0.07778248,-0.004572861,-0.00080124254,0.0046655596
46388000,0.009670067,0.014551811,0.077803895,-0.0045684627,-0.00088923285,0.0046555293
46396000,0.009701046,0.014321376,0.0778254,-0.0045441007,-0.0010398645,0.0046111983
46404000,0.009730512,0.014094968,0.07784717,-0.004529967,-0.0011979396,0.0046043517
46412000,0.00975883,0.01387269,0.077869266,-0.0044684545,-0.0013246794,0.004600699
46420000,0.009793499,0.013630804,0.07789619,-0.004434813,-0.001455385,0.004535666
46428000,0.009826858,0.013393656,0.07792328,-0.0043996973,-0.0015583911,0.004588682
46436000,0.009858855,0.013161002,0.07795121,-0.004351804,-0.0016911024,0.0046660677
46444000,0.009889718,0.012932612,0.07797985,-0.0043204054,-0.0017975292,0.0047012973
46452000,0.009922086,0.012697697,0.07801387,-0.004267483,-0.0018841772,0.0046876273
46460000,0.0099529745,0.012467416,0.078035176,-0.004313488,-0.001976285,0.0046459106
46468000,0.009981901,0.012241671,0.07805692,-0.004345018,-0.0020512636,0.00467624
46476000,0.010009532,0.012020435,0.078079104,-0.0042887763,-0.002149678,0.004639509
46484000,0.010034148,0.011807915,0.07810487,-0.0042281365,-0.0022880267,0.0046406137
46492000,0.010057794,0.011599505,0.078130946,-0.004203887,-0.0023221194,0.0046582804
46500000,0.010080305,0.011395275,0.078157455,-0.0041374043,-0.0024391524,0.004658418
46508000,0.010102172,0.011194803,0.0781842,-0.004065029,-0.002503073,0.0046593454
46516000,0.010133034,0.0110072475,0.078214824,-0.0040401584,-0.0026111293,0.0046818024
46524000,0.010162194,0.010823285,0.07824573,-0.004070322,-0.0026533555,0.004679386
46532000,0.010189825,0.010643064,0.07827671,-0.004068258,-0.0027078795,0.00466778
46540000,0.010216296,0.010466272,0.07830782,-0.00400557,-0.0028072787,0.0046691345
46548000,0.010241272,0.01031076,0.07835147,-0.003956971,-0.0028620153,0.004694482
46556000,0.010265082,0.010158358,0.07839528,-0.0039633904,-0.0029226965,0.004740672
46564000,0.010287365,0.010008678,0.078439325,-0.0039753676,-0.0030364268,0.004788515
46572000,0.010308575,0.009861534,0.078483656,-0.0038917498,-0.0031046136,0.0048385984
46580000,0.010339528,0.009722352,0.07854186,-0.0038541877,-0.0031572217,0.0048371665
46588000,0.010369087,0.009586028,0.078599334,-0.0038657014,-0.0031609081,0.0047879093
46596000,0.010397162,0.009452602,0.07865615,-0.00383442,-0.0032240178,0.0047771134
46604000,0.010424094,0.009321455,0.07871221,-0.0038074197,-0.0033323744,0.0047204103
46612000,0.010441968,0.00920274,0.0787743,-0.0037946445,-0.0033721535,0.0047604707
46620000,0.010458756,0.009086741,0.07883589,-0.0037750194,-0.0033492472,0.004743992
46628000,0.010474172,0.008973476,0.078896776,-0.0038333237,-0.0033562977,0.0047224197
46636000,0.010488272,0.008862767,0.078957275,-0.0038430146,-0.0033468714,0.004782195
46644000,0.010493902,0.008764663,0.07901707,-0.003893607,-0.0032842667,0.0047848104
46652000,0.010498168,0.008669114,0.07907666,-0.0039392053,-0.0032865133,0.0048507615
46660000,0.0105011435,0.008575642,0.0791226,-0.003963404,-0.0033232016,0.004885169
46668000,0.010503311,0.008484476,0.07916877,-0.003919546,-0.0032870169,0.0049159136
46676000,0.010504732,0.008395634,0.0792152,-0.0039448813,-0.003305991,0.004965638
46684000,0.010502634,0.008322081,0.079270095,-0.0039148442,-0.0032840208,0.005010068
46692000,0.010499934,0.008250701,0.079324916,-0.0039144205,-0.0032593678,0.0050118547
46700000,0.010496417,0.008181042,0.07937977,-0.0039031801,-0.0032912546,0.0050656917
46708000,0.010492034,0.008112962,0.079419434,-0.0039352085,-0.0033256577,0.0050508566
46716000,0.0104873795,0.008065548,0.079458565,-0.0039808284,-0.0032875042,0.0050277947
46724000,0.0104817515,0.008020055,0.0794979,-0.0039736796,-0.0032061224,0.0050427187
46732000,0.010475446,0.007976287,0.079537615,-0.0039823586,-0.0031892739,0.0050570695
46740000,0.010468238,0.007933899,0.07957743,-0.003995435,-0.003170731,0.0050379
46748000,0.010456404,0.007917442,0.07961996,-0.003971393,-0.0031063433,0.004993735
46756000,0.010443708,0.0079022935,0.07965219,-0.0040375064,-0.003037488,0.0049981093
46764000,0.010430066,0.007888235,0.07968503,-0.0040498786,-0.0029933008,0.00501243
46772000,0.0104156425,0.007875326,0.079717904,-0.0040761605,-0.0029637592,0.0049594105
46780000,0.010404374,0.007886675,0.07976018,-0.0041162395,-0.002901864,0.005014287
46788000,0.010392383,0.0078986455,0.079802796,-0.0040578106,-0.0028704877,0.0049875407
46796000,0.010380201,0.0079112975,0.079843804,-0.0040276824,-0.002775372,0.004566359
46804000,0.010367249,0.007924584,0.07988,-0.0040763146,-0.0027595428,0.0037838323
46812000,0.010354486,0.007949403,0.07991332,-0.004088317,-0.0027201234,0.0026510821
46820000,0.010340858,0.007974525,0.0799367,-0.004123951,-0.002659856,0.0013315163
46828000,0.01032645,0.008000156,0.07994793,-0.00412758,-0.0025907909,-0.00038977998
46836000,0.010311191,0.008026341,0.07994342,-0.004178397,-0.002522859,-0.0025790075
46844000,0.01030195,0.008061737,0.079938695,-0.004162012,-0.0025173214,-0.004995595
46852000,0.010292163,0.0080967145,0.07991305,-0.0041438583,-0.0025643257,-0.0076567293
46860000,0.010281744,0.008131116,0.07985906,-0.0041145757,-0.0026004568,-0.010462677
46868000,0.010270841,0.00816531,0.07978101,-0.0040985015,-0.0025600598,-0.013614415
46876000,0.010258457,0.008199182,0.07969083,-0.004072047,-0.0025277308,-0.017113391
46884000,0.0102456715,0.008233156,0.07957071,-0.0040234374,-0.0024926467,-0.020880718
46892000,0.010232584,0.008267297,0.07941899,-0.0039808317,-0.0024299321,-0.0248168
46900000,0.010219513,0.00830157,0.07923457,-0.0038777406,-0.0024087587,-0.028836938
46908000,0.010190697,0.008318451,0.07901959,-0.0038164023,-0.0024122093,-0.03311531
46916000,0.010162183,0.008335345,0.07876788,-0.0037452027,-0.0024424244,-0.037760418
46924000,0.010134033,0.008352151,0.078477666,-0.0036799505,-0.0024638756,-0.042529017
46932000,0.010106044,0.008368945,0.07814798,-0.0036408661,-0.0024575498,-0.047434255
46940000,0.010078427,0.008385967,0.07777794,-0.0035442652,-0.002431595,-0.05239799
46948000,0.0100427335,0.008386383,0.07735473,-0.003490961,-0.0024993445,-0.05762518
46956000,0.010007159,0.008386601,0.07688783,-0.003489737,-0.0025830672,-0.063171856
46964000,0.009971854,0.008386531,0.07637556,-0.00342555,-0.0026515927,-0.06883023
46972000,0.009937291,0.0083862785,0.07581727,-0.003298807,-0.0027036646,-0.074555114
46980000,0.009889008,0.008367252,0.075190574,-0.0032337217,-0.00274553,-0.080273986
46988000,0.009841474,0.0083486345,0.07451773,-0.0031515826,-0.0027689966,-0.08617376
46996000,0.009795109,0.008330364,0.07379633,-0.0030334808,-0.0028269265,-0.09240087
47004000,0.009749888,0.008312258,0.073024854,-0.002936174,-0.002867524,-0.09868265
47012000,0.009693103,0.008276441,0.072184026,-0.002866374,-0.0029057665,-0.104968965
47020000,0.009637274,0.008241202,0.07129341,-0.0027959705,-0.002977858,-0.11123697
47028000,0.009582575,0.0082061235,0.07035273,-0.0027198815,-0.0030964583,-0.117693566
47036000,0.009528945,0.00817112,0.069359794,-0.002647813,-0.0031477239,-0.12436606
47044000,0.009463932,0.008113939,0.068281725,-0.0026105233,-0.00321755,-0.1311115
47052000,0.009400044,0.008057609,0.067150876,-0.0025350228,-0.0032544201,-0.13786136
47060000,0.009337479,0.008001942,0.065954834,-0.0024512727,-0.0033498753,-0.14455377
47068000,0.009276261,0.007946902,0.0647061,-0.002362677,-0.003374231,-0.15142618
47076000,0.009216295,0.007892729,0.06340326,-0.002316691,-0.0034416518,-0.15842499
47084000,0.009146757,0.00781871,0.062022448,-0.0022843604,-0.0035372002,-0.1654882
47092000,0.009078047,0.007745663,0.060587257,-0.002304343,-0.0035867898,-0.17249417
47100000,0.00901017,0.007673775,0.059098214,-0.0022724394,-0.0036298023,-0.17942941
47108000,0.008938744,0.007583612,0.057516992,-0.0022349597,-0.0037077186,-0.18657091
47116000,0.008868624,0.0074943095,0.05588028,-0.002185081,-0.0038374183,-0.1939171
47124000,0.008799802,0.0074058655,0.054187477,-0.0020901433,-0.003912876,-0.20127425
47132000,0.0087323645,0.007318505,0.052438468,-0.0020436938,-0.003961051,-0.20859292
47140000,0.008651953,0.0072257947,0.050602645,-0.0020342483,-0.003955028,-0.21580581
47148000,0.008572626,0.0071345395,0.048712105,-0.002025391,-0.004006519,-0.22311753
47156000,0.008494313,0.007044617,0.046765327,-0.00202319,-0.0040406017,-0.23061645
47164000,0.00841719,0.006955723,0.04476151,-0.0019667733,-0.004132509,-0.2381115
47172000,0.00834351,0.0068419357,0.042657822,-0.0018971707,-0.004257031,-0.24561273
47180000,0.00827116,0.006729388,0.040498376,-0.0018463104,-0.00433193,-0.2530263
47188000,0.008200068,0.00661821,0.038283437,-0.0017817884,-0.004406497,-0.26046357
47196000,0.008130238,0.006508172,0.036011994,-0.0017469084,-0.004521251,-0.26805964
47204000,0.008061383,0.0063991235,0.03368339,-0.0017371852,-0.004599021,-0.2756409
47212000,0.007991826,0.0062672133,0.031260192,-0.0017512355,-0.004685936,-0.2831784
47220000,0.007923329,0.0061369785,0.028781176,-0.001680128,-0.004729883,-0.29064605
47228000,0.007856148,0.0060084444,0.026246846,-0.0015937742,-0.004812191,-0.29813954
47236000,0.007790313,0.00588177,0.023655504,-0.0015427441,-0.0048322314,-0.30586573
47244000,0.0077178082,0.0057388935,0.020961791,-0.0014763714,-0.0049035633,-0.3135771
47252000,0.007646498,0.0055980147,0.018211454,-0.0014776574,-0.004945582,-0.32123822
47260000,0.0075760824,0.005458953,0.015387416,-0.001438914,-0.0050329682,-0.32872257
47268000,0.00750676,0.00532136,0.012508601,-0.0014484125,-0.005114308,-0.3362932
47276000,0.0074317735,0.005153055,0.009524167,-0.001447673,-0.0052024545,-0.34401247
47284000,0.007358118,0.0049868184,0.0064840913,-0.001374766,-0.0052993363,-0.35173804
47292000,0.0072858706,0.004822511,0.0033886433,-0.0013285265,-0.005399689,-0.35936028
47300000,0.0072149066,0.0046602073,0.00023850799,-0.0012753237,-0.005471069,-0.36686385
47308000,0.007146716,0.004481013,-0.003019631,-0.0012357833,-0.0055813156,-0.37440023
47316000,0.0070796837,0.004303859,-0.006331891,-0.0012050364,-0.0056722965,-0.3820987
47324000,0.0070136287,0.00412907,-0.009699076,-0.0012058809,-0.0057021733,-0.38980833
47332000,0.006948576,0.003956991,-0.013121128,-0.0011655653,-0.0057036094,-0.39745447
47340000,0.0068718377,0.0037659018,-0.01664415,-0.0011469146,-0.005751635,-0.40498537
47348000,0.006796367,0.00357759,-0.02022028,-0.0011153594,-0.005789633,-0.4126326
47356000,0.0067223175,0.0033916787,-0.023850888,-0.0010445546,-0.005898247,-0.4203831
47364000,0.006650162,0.0032078575,-0.027536213,-0.0009331082,-0.005968248,-0.42805895
47372000,0.0065726014,0.0030089654,-0.03132546,-0.00092896726,-0.005994145,-0.4357072
47380000,0.0064963847,0.002813054,-0.035167128,-0.0008617085,-0.0060514784,-0.44314116
47388000,0.006421727,0.002619599,-0.03906083,-0.0008079675,-0.0061266585,-0.45069796
47396000,0.006348546,0.0024287482,-0.04300818,-0.00076803035,-0.006152596,-0.4583908
47404000,0.0062751365,0.0022186674,-0.047059268,-0.0006876756,-0.0061581954,-0.46613175
47412000,0.006203302,0.002011992,-0.05116552,-0.0006587418,-0.006112827,-0.4737378
47420000,0.006132805,0.0018086516,-0.05532366,-0.00060058234,-0.0061380374,-0.48114508
47428000,0.0060637896,0.0016082106,-0.05953306,-0.00055395404,-0.006157231,-0.48866984
47436000,0.00599407,0.0013943815,-0.063850164,-0.0005055738,-0.0061870622,-0.49634483
47444000,0.0059259934,0.0011836373,-0.06821948,-0.00039341074,-0.0062126336,-0.5039525
47452000,0.005859821,0.00097614696,-0.07264036,-0.00025967395,-0.006200874,-0.511453
47460000,0.0057957056,0.00077208644,-0.0771305,-0.00014809158,-0.006168852,-0.518846
47468000,0.005733128,0.00057144766,-0.081671,-0.00013842844,-0.006105788,-0.52629614
47476000,0.0056653493,0.00036624025,-0.0863201,-9.3552924e-05,-0.00607299,-0.5339249
47484000,0.0055990936,0.000164457,-0.091020405,-4.2053165e-05,-0.0060539483,-0.5415145
47492000,0.0055343835,-3.390744e-05,-0.09577125,8.214527e-06,-0.0059823436,-0.54897237
47500000,0.0054711252,-0.00022873495,-0.10057193,4.6457033e-05,-0.005928618,-0.55630386
47508000,0.005389103,-0.00042518592,-0.10550046,9.147104e-05,-0.005828458,-0.56371874
47516000,0.0053086476,-0.00061751873,-0.110477984,0.00012962455,-0.00570055,-0.5712516
47524000,0.005230076,-0.000806049,-0.11550516,0.0001727748,-0.00559744,-0.57879096
47532000,0.0051532025,-0.0009909894,-0.120582104,0.00020609483,-0.0055234013,-0.5862518
47540000,0.0050584157,-0.0011771874,-0.1257683,0.0002382849,-0.00540483,-0.5935449
47548000,0.004965748,-0.0013595733,-0.13100147,0.00024912175,-0.0053017363,-0.6008993
47556000,0.0048750984,-0.0015381759,-0.1363132,0.00031168663,-0.0051623913,-0.6083865
47564000,0.0047865123,-0.0017130558,-0.14167309,0.00029719225,-0.005069985,-0.6158511
47572000,0.0046880906,-0.0018905345,-0.14713949,0.00032712016,-0.004892484,-0.6232446
47580000,0.0045920806,-0.0020636604,-0.15265203,0.00038477188,-0.0047048563,-0.63049686
47588000,0.0044982266,-0.0022327108,-0.15821004,0.00044597744,-0.0045513036,-0.63775295
47596000,0.0044067707,-0.0023976816,-0.16381493,0.0005176995,-0.004395256,-0.6451616
47604000,0.004317871,-0.0025507128,-0.16952762,0.00058106903,-0.0042214245,-0.6526177
47612000,0.004231223,-0.0026998513,-0.17529678,0.00062079646,-0.0040613147,-0.65995586
47620000,0.004146902,-0.002845167,-0.18111101,0.0006745589,-0.0038638115,-0.6670949
47628000,0.004064565,-0.0029863222,-0.18696997,0.00067809154,-0.0036445726,-0.674325
47636000,0.0039887205,-0.0031039377,-0.19293094,0.00069940934,-0.0033687118,-0.6817403
47644000,0.003914869,-0.0032175572,-0.19893783,0.00073062733,-0.0031287712,-0.68911564
47652000,0.0038430162,-0.0033270142,-0.2049905,0.0008049365,-0.0028154175,-0.69640684
47660000,0.0037728914,-0.0034324406,-0.21110249,0.00087408256,-0.0025751563,-0.7034933
47668000,0.0037072457,-0.0035173597,-0.21732199,0.00095271197,-0.0022737077,-0.7106062
47676000,0.0036437477,-0.0035983408,-0.22358519,0.0010404146,-0.0019620338,-0.71787184
47684000,0.0035824948,-0.0036751307,-0.22989285,0.0011094097,-0.0016093504,-0.72512746
47692000,0.0035234115,-0.0037478404,-0.23624527,0.0012009457,-0.0012807528,-0.73236346
47700000,0.0034569753,-0.0038050134,-0.24269807,0.0013200454,-0.0009623695,-0.7394935
47708000,0.0033932792,-0.0038583754,-0.24919337,0.0014314033,-0.0006220236,-0.7465882
47716000,0.0033320219,-0.003907975,-0.25573242,0.0014963984,-0.0003128014,-0.75380427
47724000,0.0032728466,-0.0039542066,-0.26231593,0.0015510916,-4.6993548e-05,-0.76102
47732000,0.0032153907,-0.003997003,-0.2689435,0.0016196856,0.00030961374,-0.76811814
47740000,0.0031385731,-0.004015253,-0.2756685,0.0017312033,0.0006578648,-0.77504086
47748000,0.00306455,-0.00403012,-0.28243506,0.0017801524,0.0010115,-0.78198713
47756000,0.002993091,-0.004041631,-0.28927422,0.0018678801,0.0013591814,-0.7890062
47764000,0.0029245373,-0.00404968,-0.29615563,0.0019878126,0.0016773515,-0.79603994
47772000,0.0028560455,-0.0040217885,-0.30312335,0.0021158382,0.0020555698,-0.80301857
47780000,0.0027904229,-0.0039910655,-0.3101318,0.0021928234,0.0024183793,-0.8098015
47788000,0.0027274988,-0.003957116,-0.31718034,0.00229742,0.002865146,-0.8166393
47796000,0.0026667921,-0.0039198743,-0.3242712,0.0023985999,0.0032921003,-0.82373863
47804000,0.0026044885,-0.0038399857,-0.33144844,0.0025480979,0.003761225,-0.83081454
47812000,0.0025452236,-0.0037572049,-0.33866787,0.002654392,0.0042283298,-0.8378075
47820000,0.0024887528,-0.0036716498,-0.34592867,0.002753298,0.0046588387,-0.84455615
47828000,0.0024350043,-0.0035833842,-0.35322994,0.0028619491,0.0051052053,-0.8513688
47836000,0.002384038,-0.0034579197,-0.3606156,0.00299097,0.005660128,-0.85841113
47844000,0.00233582,-0.0033295618,-0.3680436,0.0030823401,0.006167459,-0.86536324
47852000,0.0022901178,-0.003198648,-0.37551248,0.0031685447,0.0066599124,-0.8719787
47860000,0.002247098,-0.0030648517,-0.3830198,0.003309918,0.0072221444,-0.87828696
47868000,0.0021908053,-0.0028960991,-0.39061522,0.0033666748,0.0077978205,-0.8843554
47876000,0.002137038,-0.0027248962,-0.39824438,0.003440922,0.008335261,-0.89018667
47884000,0.0020860163,-0.0025509435,-0.40590537,0.0035703094,0.008916265,-0.89566743
47892000,0.0020380223,-0.002374318,-0.41359538,0.003694626,0.009477267,-0.90072566
47900000,0.0019955216,-0.002163635,-0.42135692,0.0037292428,0.010068515,-0.9053707
47908000,0.001955196,-0.001950584,-0.42914188,0.0038267716,0.010657671,-0.9096509
47916000,0.0019176222,-0.0017352102,-0.43694645,0.0039526774,0.011208574,-0.91362536
47924000,0.0018826537,-0.0015175798,-0.44476867,0.004056059,0.011776725,-0.917316
47932000,0.0018581925,-0.0012641212,-0.45264727,0.0041375537,0.01241869,-0.920477
47940000,0.0018353565,-0.0010087539,-0.46053594,0.0042542648,0.012990336,-0.92322683
47948000,0.0018146223,-0.00075157144,-0.46843195,0.004330462,0.013559704,-0.9256239
47956000,0.0017961593,-0.00049258315,-0.47633338,0.00446329,0.014102158,-0.927795
47964000,0.0017919359,-0.00019938199,-0.4842844,0.0045742993,0.014639805,-0.9295625
47972000,0.0017898072,9.499725e-05,-0.4922347,0.0047081662,0.015195275,-0.9310024
47980000,0.0017896639,0.0003907566,-0.50018215,0.0048227725,0.0157582,-0.9320944
47988000,0.0017914983,0.000687957,-0.5081246,0.004936262,0.016319074,-0.93302864
47996000,0.0017952963,0.0009863913,-0.5160626,0.0050796443,0.016802188,-0.934073
48004000,0.0018144046,0.001314899,-0.52402323,0.005192414,0.01731196,-0.9350038
48012000,0.0018341991,0.0016438047,-0.53197813,0.0053073,0.017826663,-0.93580633
48020000,0.0018558799,0.001973331,-0.5399268,0.0054805484,0.018311081,-0.9364935
48028000,0.0018793438,0.0023033894,-0.547869,0.0055978433,0.018772988,-0.9372611
48036000,0.0019214948,0.0026612382,-0.5558219,0.005794924,0.019143362,-0.9383354
48044000,0.001965008,0.0030180553,-0.5637722,0.0058829794,0.019446814,-0.93951434
48052000,0.002009811,0.0033734357,-0.57172006,0.006024019,0.019714402,-0.9406445
48060000,0.0020558285,0.0037273702,-0.57966554,0.0061400956,0.01997415,-0.9416717
48068000,0.0021326481,0.0041056117,-0.5876068,0.0061985785,0.020236554,-0.94287324
48076000,0.0022090238,0.00448122,-0.59554803,0.006318937,0.020404195,-0.9442935
48084000,0.0022859618,0.004854237,-0.6034903,0.0064276247,0.020552352,-0.94574606
48092000,0.002363247,0.0052244053,-0.611434,0.0064913463,0.020654399,-0.9471829
48100000,0.002469776,0.005609589,-0.61937046,0.006614533,0.02066334,-0.9485062
48108000,0.0025763637,0.0059908894,-0.6273082,0.006724196,0.020697586,-0.9499308
48116000,0.0026828381,0.0063681947,-0.6352489,0.0068329973,0.020666286,-0.9515476
48124000,0.002789192,0.006741105,-0.6431934,0.0068976115,0.020551763,-0.953153
48132000,0.0029097046,0.0071220277,-0.6511455,0.006993046,0.02038583,-0.9547204
48140000,0.003029828,0.007497256,-0.6591008,0.0070839035,0.020138247,-0.95615613
48148000,0.0031487187,0.007866345,-0.66705966,0.0071111196,0.019886183,-0.95781803
48156000,0.0032668037,0.008229435,-0.67502433,0.007142996,0.019586984,-0.9596268
48164000,0.003394268,0.00861238,-0.68300515,0.007211877,0.019197948,-0.96143496
48172000,0.0035209507,0.008987497,-0.69099224,0.007261506,0.018697385,-0.9632159
48180000,0.0036468112,0.009354414,-0.698985,0.0073035164,0.018201806,-0.9648604
48188000,0.0037720015,0.009713086,-0.7069832,0.0073464643,0.017649973,-0.96664375
48196000,0.003905475,0.010083303,-0.71499646,0.0073793163,0.017097432,-0.9686185
48204000,0.0040377825,0.010444819,-0.7230177,0.0073659215,0.016552884,-0.97056735
48212000,0.0041688913,0.010797146,-0.7310468,0.0073753796,0.015874678,-0.9724722
48220000,0.0042984956,0.011139841,-0.7390832,0.0073104384,0.015161003,-0.9742037
48228000,0.0044382927,0.011486511,-0.7471324,0.007258111,0.014416003,-0.97604674
48236000,0.004576221,0.011822703,-0.75519,0.0071827695,0.01364285,-0.97806656
48244000,0.0047123563,0.012148059,-0.7632568,0.0071346513,0.012737626,-0.9800917
48252000,0.00484668,0.012461603,-0.77133274,0.0070510665,0.01176385,-0.98206526
48260000,0.0049793064,0.012763652,-0.77941716,0.0070144557,0.010872881,-0.9838709
48268000,0.00512108,0.013050579,-0.7875155,0.0069437986,0.009901127,-0.985742
48276000,0.0052606896,0.013325589,-0.7956234,0.006834757,0.008868183,-0.9878532
48284000,0.0053981966,0.013588319,-0.8037416,0.0067551313,0.007791263,-0.98991907
48292000,0.0055342535,0.013839159,-0.81186974,0.0067002173,0.006705339,-0.99185634
48300000,0.0056727626,0.014068103,-0.82001984,0.006630092,0.005586039,-0.9936748
48308000,0.005809176,0.014284445,-0.8281822,0.0065204916,0.0044038985,-0.9955972
48316000,0.0059433803,0.014487953,-0.8363544,0.0064140474,0.003226595,-0.9976261
48324000,0.0060750465,0.014678825,-0.8445369,0.00622206,0.0020611794,-0.9996932
48332000,0.006199193,0.014848926,-0.85275805,0.0060661775,0.0008099774,-1.0017346
48340000,0.006320678,0.015005998,-0.86098826,0.0058361785,-0.00042755625,-1.0035757
48348000,0.0064392705,0.0151503375,-0.8692272,0.0056393906,-0.0016340852,-1.0055537
48356000,0.006556333,0.015282583,-0.87747645,0.005428203,-0.0028950165,-1.007645
48364000,0.0066857124,0.015393516,-0.8857634,0.0052122185,-0.004117686,-1.0097644
48372000,0.0068118256,0.015491888,-0.8940605,0.0049640327,-0.0053562536,-1.0117837
48380000,0.006934562,0.015577354,-0.9023669,0.0047052964,-0.0066540106,-1.0136585
48388000,0.0070538423,0.015649995,-0.9106822,0.0044354834,-0.007917244,-1.0156255
48396000,0.007183551,0.015708433,-0.91903293,0.0041595455,-0.009121497,-1.0177834
48404000,0.007309094,0.015754744,-0.92739475,0.0038188016,-0.010314246,-1.0199732
48412000,0.007430504,0.01578892,-0.9357674,0.0034939288,-0.011502173,-1.0220591
48420000,0.007547823,0.01581131,-0.94414985,0.003185592,-0.012625408,-1.0239571
48428000,0.0076982942,0.015821274,-0.95256937,0.0029137055,-0.013741652,-1.0259392
48436000,0.00784433,0.015820064,-0.960999,0.0026295846,-0.01481995,-1.0280614
48444000,0.007985828,0.015807556,-0.96943915,0.0023116407,-0.015925253,-1.0302044
48452000,0.008122614,0.015784087,-0.9778904,0.001981219,-0.01696275,-1.0323278
48460000,0.008285545,0.015754033,-0.9863752,0.0016642056,-0.017985055,-1.0342988
48468000,0.008443239,0.015713615,-0.9948691,0.0013274454,-0.018928418,-1.0363361
48476000,0.00859548,0.015663538,-1.0033737,0.0009448833,-0.019810883,-1.0384682
48484000,0.008742294,0.015604271,-1.0118895,0.00061867246,-0.020612812,-1.0406957
48492000,0.008892922,0.01554292,-1.0204326,0.0002705285,-0.021356024,-1.0427774
48500000,0.009040017,0.015474364,-1.028985,-0.000101820595,-0.022051964,-1.0446162
48508000,0.009181753,0.015398158,-1.0375466,-0.00045713008,-0.02266169,-1.0465777
48516000,0.0093179885,0.015315096,-1.0461191,-0.00084114715,-0.023185793,-1.0487617
48524000,0.009448695,0.015225849,-1.0547034,-0.0012335387,-0.023612812,-1.0509201
48532000,0.009554693,0.015142702,-1.0633156,-0.0016105556,-0.023960268,-1.0529133
48540000,0.009655913,0.015054542,-1.0719377,-0.001977423,-0.024241185,-1.0548084
48548000,0.009752223,0.014961853,-1.0805689,-0.0023694066,-0.024478383,-1.0567398
48556000,0.009843452,0.014865055,-1.0892109,-0.002790551,-0.024695171,-1.0588101
48564000,0.009907682,0.014783092,-1.0978888,-0.0032054821,-0.024885952,-1.0608698
48572000,0.009969378,0.014698289,-1.106577,-0.0036087797,-0.024941688,-1.0629026
48580000,0.010026707,0.014610258,-1.1152753,-0.003969352,-0.025024423,-1.0647714
48588000,0.010080021,0.014519142,-1.1239825,-0.0042908853,-0.025053797,-1.066672
48596000,0.0101075135,0.014433215,-1.1327196,-0.0046047773,-0.025016284,-1.0686395
48604000,0.010131669,0.014345035,-1.1414669,-0.0048976075,-0.024959248,-1.0706661
48612000,0.010153005,0.014254576,-1.1502305,-0.0051527666,-0.024898125,-1.0725969
48620000,0.010171432,0.014162373,-1.159003,-0.0054117646,-0.024756882,-1.0743518
48628000,0.010175579,0.014083578,-1.1677985,-0.0056983624,-0.024518745,-1.0762509
48636000,0.010178345,0.014004155,-1.1766042,-0.005996959,-0.024302322,-1.0783039
48644000,0.010178242,0.013923541,-1.1854202,-0.006245374,-0.024083428,-1.0802732
48652000,0.010175745,0.013842448,-1.1942462,-0.006430418,-0.023778088,-1.0821809
48660000,0.010198921,0.013777948,-1.203113,-0.0065310136,-0.023473425,-1.0838789
48668000,0.010219819,0.013712596,-1.2119877,-0.0066878353,-0.023216646,-1.0857544
48676000,0.010238329,0.0136466175,-1.220872,-0.0067859045,-0.022906918,-1.0877289
48684000,0.010254653,0.013580328,-1.2297666,-0.0069276416,-0.022587813,-1.0897204
48692000,0.010290277,0.0135342665,-1.2386796,-0.0070735877,-0.022227334,-1.0916424
48700000,0.010323156,0.013487984,-1.2476016,-0.0071804454,-0.021837886,-1.0933439
48708000,0.010354289,0.013441468,-1.2565316,-0.0072576054,-0.02147195,-1.0950888
48716000,0.010383543,0.013394652,-1.2654707,-0.0072464664,-0.021114044,-1.096988
48724000,0.010426714,0.013361751,-1.2744269,-0.007273479,-0.020741688,-1.0989292
48732000,0.010467473,0.0133287925,-1.283393,-0.007314869,-0.02030194,-1.1007395
48740000,0.01050596,0.013296338,-1.2923677,-0.00737069,-0.019827211,-1.102385
48748000,0.010542263,0.013264535,-1.3013507,-0.007354585,-0.019373175,-1.1041183
48756000,0.01060204,0.013258396,-1.3103449,-0.007293581,-0.018887883,-1.105976
48764000,0.010659779,0.013252824,-1.3193492,-0.0072383024,-0.018358057,-1.1078135
48772000,0.010715801,0.013248099,-1.3283631,-0.0071618226,-0.017823413,-1.1095588
48780000,0.010770073,0.013243879,-1.3373859,-0.0070888232,-0.017289994,-1.1111387
48788000,0.010822754,0.013240857,-1.346417,-0.0070437333,-0.016726544,-1.1128168
48796000,0.010890686,0.013269355,-1.3554521,-0.0069403904,-0.01613532,-1.1146854
48804000,0.01095691,0.01329861,-1.3644981,-0.0068464666,-0.015624728,-1.1165577
48812000,0.011021437,0.013328492,-1.3735548,-0.0067253634,-0.015039982,-1.1183066
48820000,0.011084528,0.013359312,-1.3826212,-0.0065991296,-0.01450668,-1.1199623
48828000,0.011171915,0.013418905,-1.3916917,-0.006483926,-0.0139024,-1.1216738
48836000,0.011257286,0.013479097,-1.4007732,-0.006365842,-0.013366699,-1.1235439
48844000,0.011340638,0.013539879,-1.4098659,-0.006268119,-0.012771091,-1.125338
48852000,0.011421812,0.013600928,-1.4189693,-0.0061500217,-0.012247038,-1.127054
48860000,0.011519153,0.013692697,-1.4281131,-0.005955692,-0.011604311,-1.1285691
48868000,0.011614771,0.013785159,-1.4372653,-0.005812854,-0.011021644,-1.1301868
48876000,0.011708779,0.013878179,-1.4464276,-0.005616299,-0.010437064,-1.1320587
48884000,0.011801239,0.013971973,-1.455601,-0.0054520634,-0.009813449,-1.1338978
48892000,0.011904119,0.014104642,-1.464802,-0.005291816,-0.009223688,-1.1355822
48900000,0.012005161,0.014237491,-1.4740119,-0.005129159,-0.008601407,-1.1371292
48908000,0.012104583,0.0143705215,-1.4832305,-0.00495481,-0.008031711,-1.1387869
48916000,0.012201825,0.014503681,-1.4924592,-0.0047998936,-0.007372227,-1.1405786
48924000,0.01230274,0.014677315,-1.5017177,-0.0045878943,-0.0066998326,-1.1423178
48932000,0.012402339,0.014851302,-1.5109859,-0.004401435,-0.006041423,-1.1439784
48940000,0.012500461,0.015025397,-1.5202624,-0.0042339866,-0.0054348954,-1.1454635
48948000,0.012597078,0.015199746,-1.5295471,-0.0040856516,-0.0048010414,-1.1470613
48956000,0.01270779,0.015399409,-1.5388615,-0.00390942,-0.0042294567,-1.1488565
48964000,0.01281663,0.01559877,-1.548186,-0.0037858468,-0.0035995285,-1.1506087
48972000,0.0129235685,0.015798442,-1.5575198,-0.0036267983,-0.0029287646,-1.1522393
48980000,0.013028912,0.015998542,-1.566862,-0.0034560093,-0.0022913045,-1.1537042
48988000,0.013143125,0.016226549,-1.5762217,-0.0033416387,-0.0016150557,-1.1552826
48996000,0.013255295,0.016454741,-1.5855907,-0.0031794668,-0.0009770661,-1.156995
49004000,0.013365689,0.016682832,-1.5949695,-0.0030348534,-0.00034403848,-1.1586704
49012000,0.013474264,0.016911289,-1.6043571,-0.002901368,0.00031081878,-1.1601961
49020000,0.0135954255,0.017153516,-1.6137637,-0.0027385475,0.00086377584,-1.1616057
49028000,0.0137148425,0.01739522,-1.6231781,-0.002559038,0.0014305632,-1.1631911
49036000,0.013832433,0.017636852,-1.6326023,-0.002401884,0.0020503583,-1.164955
49044000,0.013948259,0.017878389,-1.6420364,-0.0022745691,0.0025786497,-1.1665999
49052000,0.014062144,0.01811962,-1.6514797,-0.0021094952,0.003144095,-1.1681236
49060000,0.014183755,0.018374054,-1.660933,-0.0019887576,0.003716929,-1.1694572
49068000,0.014303367,0.018628424,-1.6703937,-0.0018397365,0.004279418,-1.1709025
49076000,0.014421109,0.018882792,-1.6798635,-0.0016930548,0.0048730485,-1.1725278
49084000,0.014537051,0.019137084,-1.6893426,-0.0015813691,0.0053811343,-1.1741036
49092000,0.014665833,0.019403504,-1.6988343,-0.001437635,0.005919331,-1.1756701
49100000,0.014792485,0.019669773,-1.7083346,-0.0013494659,0.0064650923,-1.1770577
49108000,0.014916725,0.01993573,-1.7178427,-0.001243498,0.006929961,-1.1785122
49116000,0.015038898,0.020200692,-1.7273599,-0.001113231,0.007322469,-1.180098
49124000,0.015163039,0.020481799,-1.7368952,-0.0009183265,0.007802064,-1.1816368
49132000,0.015284977,0.020761933,-1.7464393,-0.0007549298,0.008287641,-1.1830816
49140000,0.015404961,0.021041663,-1.7559913,-0.00064851344,0.008815848,-1.1844013
49148000,0.015522861,0.021321265,-1.7655512,-0.000574483,0.009330863,-1.1858227
49156000,0.015642311,0.021628875,-1.7751254,-0.00044531105,0.009898372,-1.1874018
49164000,0.015759846,0.021935856,-1.7847091,-0.00033489373,0.010342548,-1.1889718
49172000,0.015875462,0.022241717,-1.7943023,-0.00023866966,0.01077533,-1.1904746
49180000,0.015989093,0.022546327,-1.8039039,-0.00014444088,0.011199045,-1.1917671
49188000,0.01611064,0.022879533,-1.8135265,-2.789966e-05,0.011684515,-1.1931018
49196000,0.01622967,0.023211174,-1.8231574,6.750638e-05,0.012110429,-1.1945959
49204000,0.016346332,0.02354109,-1.8327974,9.9210294e-05,0.012489364,-1.1961058
49212000,0.016460657,0.023869423,-1.8424464,0.00015877828,0.012904982,-1.1975396
49220000,0.016593125,0.024224782,-1.8521205,0.00023574749,0.0133499745,-1.1988169
49228000,0.016723244,0.02457825,-1.8618017,0.00032343913,0.013720396,-1.2001662
49236000,0.016850863,0.024929754,-1.8714916,0.00037257696,0.014109267,-1.2016964
49244000,0.0169761,0.02527931,-1.8811907,0.00046034233,0.014465776,-1.203266
49252000,0.017101776,0.025652686,-1.8909084,0.0005109789,0.014849966,-1.2047696
49260000,0.017224796,0.02602376,-1.9006723,0.00052114687,0.015184529,-1.2060556
49268000,0.017344743,0.026392005,-1.9104425,0.0005850205,0.01551557,-1.2073658
49276000,0.017462427,0.026758127,-1.92022,0.00064931903,0.01586727,-1.2088304
49284000,0.017595492,0.027146455,-1.9300083,0.0007507003,0.016241105,-1.2102759
49292000,0.017726328,0.027532289,-1.9398042,0.0008611359,0.016577402,-1.2116724
49300000,0.017854964,0.027916038,-1.9496068,0.00094250945,0.01697686,-1.2128615
49308000,0.017981157,0.02829776,-1.9594153,0.0009693847,0.017322853,-1.2141222
49316000,0.01810452,0.028677082,-1.9692312,0.0009709058,0.017608123,-1.2155491
49324000,0.018249676,0.02906227,-1.9790589,0.0010513763,0.017926604,-1.2169827
49332000,0.018391833,0.029445099,-1.9888943,0.0010221878,0.018236155,-1.2183403
49340000,0.018530458,0.029825358,-1.9987367,0.0010867678,0.018502349,-1.2195412
49348000,0.018666418,0.030202951,-2.0085855,0.0010977224,0.018744638,-1.2208525
49356000,0.01882731,0.030580955,-2.018434,0.0011174234,0.018932989,-1.2222197
49364000,0.018984726,0.03095619,-2.0282903,0.0011212194,0.019184677,-1.2236085
49372000,0.01913909,0.031328734,-2.0381546,0.0012150205,0.01933852,-1.2249244
49380000,0.019290445,0.03169835,-2.0480266,0.001235377,0.019547697,-1.2260864
49388000,0.019472526,0.032064386,-2.0578966,0.0012858539,0.019770471,-1.2273285
49396000,0.019651335,0.03242771,-2.0677752,0.001400187,0.019904261,-1.2287762
49404000,0.019826977,0.03278828,-2.077663,0.0014756013,0.020088732,-1.2301539
49412000,0.019999286,0.033146158,-2.0875592,0.0015457801,0.02024208,-1.2314458
49420000,0.020192593,0.033493645,-2.0974483,0.0016122176,0.020397183,-1.2325623
49428000,0.020382369,0.033838544,-2.1073446,0.0016700197,0.02047965,-1.2337214
49436000,0.020568348,0.034180485,-2.1172495,0.0016961739,0.020532522,-1.235088
49444000,0.020750953,0.03451928,-2.127163,0.0017627251,0.020570574,-1.2363013
49452000,0.020949744,0.034832824,-2.1370778,0.0017814112,0.020604184,-1.2372636
49460000,0.021144634,0.035143904,-2.146998,0.0018364101,0.020653669,-1.2379278
49468000,0.021336062,0.035452414,-2.156921,0.0018908149,0.020647569,-1.2383299
49476000,0.021524219,0.03575825,-2.1668448,0.0020370397,0.020713288,-1.2385778
49484000,0.021731244,0.03604345,-2.1767554,0.002069612,0.020709211,-1.238482
49492000,0.021934254,0.036326345,-2.1866627,0.002108803,0.02069319,-1.2379675
49500000,0.022133583,0.03660664,-2.1965632,0.0021598355,0.020636436,-1.2370857
49508000,0.022329278,0.036884625,-2.2064543,0.0022158646,0.020662628,-1.2358627
49516000,0.02254749,0.03714036,-2.2163239,0.0022528819,0.020680528,-1.2343655
49524000,0.022761699,0.03739428,-2.2261791,0.002321719,0.020643217,-1.2324479
49532000,0.022972224,0.037646286,-2.2360168,0.0024060707,0.020615973,-1.2301522
49540000,0.023179086,0.037896343,-2.2458344,0.0024636106,0.020574166,-1.2275536
49548000,0.023409346,0.038121503,-2.2556171,0.0024606623,0.02054058,-1.2248558
49556000,0.023634989,0.03834516,-2.2653785,0.0024902273,0.020489968,-1.2222499
49564000,0.023856474,0.038567178,-2.2751184,0.002537097,0.02038833,-1.2195381
49572000,0.024073806,0.038787223,-2.2848358,0.0025688864,0.02027509,-1.2167251
49580000,0.024287209,0.03900496,-2.2945294,0.0026261918,0.020113166,-1.2136986
49588000,0.024525305,0.0392001,-2.304182,0.002675944,0.019971715,-1.210741
49596000,0.024758784,0.03939341,-2.3138123,0.0026688315,0.019820636,-1.208011
49604000,0.024987545,0.039584972,-2.323421,0.0026887213,0.019688,-1.2052729
49612000,0.025211945,0.039774768,-2.3330073,0.002734553,0.019548263,-1.2024245
49620000,0.025438035,0.039933734,-2.342533,0.0028168708,0.01934734,-1.1993568
49628000,0.025659814,0.040091034,-2.3520355,0.0027870547,0.019118788,-1.1964401
49636000,0.025876613,0.040246524,-2.361517,0.0027157494,0.018934142,-1.1937776
49644000,0.026088608,0.040400367,-2.3709784,0.0026820311,0.018717295,-1.1911149
49652000,0.026302166,0.040527232,-2.3803806,0.0026960922,0.018493813,-1.1883218
49660000,0.026511282,0.04065276,-2.389762,0.00267084,0.018270802,-1.1853274
49668000,0.026715852,0.04077708,-2.3991218,0.002617539,0.018084167,-1.182466
49676000,0.026915835,0.04090001,-2.408461,0.0025577652,0.017821515,-1.1798402
49684000,0.02711281,0.041002538,-2.417738,0.0024983091,0.017563527,-1.1772711
49692000,0.027305726,0.04110387,-2.4269967,0.002431184,0.017293874,-1.1745623
49700000,0.027494028,0.04120355,-2.436236,0.002362426,0.016987508,-1.1716856
49708000,0.027677966,0.04130162,-2.4454546,0.0023130856,0.016721098,-1.1689743
49716000,0.027870877,0.041382592,-2.4546099,0.0022659136,0.016460352,-1.1665388
49724000,0.028059129,0.041462403,-2.463749,0.0021851533,0.016189596,-1.1640143
49732000,0.028242793,0.04154099,-2.4728708,0.0021294048,0.015927818,-1.1614319
49740000,0.02842222,0.041618597,-2.4819756,0.0020926928,0.01569803,-1.1586885
49748000,0.02861966,0.041680895,-2.4910135,0.0020684195,0.015438467,-1.1560535
49756000,0.02881297,0.041742373,-2.5000596,0.0019998646,0.015153134,-1.1537331
49764000,0.029001521,0.041802514,-2.509091,0.0019400038,0.01482371,-1.1513745
49772000,0.029185448,0.041861143,-2.518107,0.0018591738,0.014515076,-1.1489412
49780000,0.029388728,0.041896783,-2.5270638,0.0017841506,0.014211026,-1.1463174
49788000,0.02958699,0.041931752,-2.5360045,0.001715632,0.01395382,-1.1438148
49796000,0.029780168,0.041965757,-2.5449305,0.0016140213,0.013617293,-1.1415621
49804000,0.029967897,0.04199854,-2.5538425,0.0014319356,0.013286015,-1.1391828
49812000,0.030160766,0.04201098,-2.5626984,0.0013430584,0.012958668,-1.1366912
49820000,0.030348705,0.042022854,-2.5715384,0.0012945962,0.012684657,-1.1340865
49828000,0.030532701,0.0420343,-2.5803633,0.0012666974,0.012402371,-1.1316146
49836000,0.030712135,0.042044986,-2.5891747,0.0011916402,0.012062463,-1.1294321
49844000,0.030886788,0.042054646,-2.5979729,0.0011037338,0.01174487,-1.1272374
49852000,0.031056035,0.042041294,-2.6067214,0.0010098384,0.011425178,-1.1249492
49860000,0.031220488,0.042027406,-2.6154685,0.000875903,0.011089159,-1.1225295
49868000,0.031379897,0.042012993,-2.6242018,0.00074053864,0.010789286,-1.120207
49876000,0.031534802,0.041997977,-2.6329222,0.0006644417,0.010437867,-1.1181034
49884000,0.031673815,0.041953165,-2.641595,0.00055838836,0.0100607015,-1.115948
49892000,0.031808343,0.041908145,-2.6502552,0.00036932188,0.009738156,-1.1136658
49900000,0.031938907,0.041863065,-2.6589022,0.00023062949,0.009396727,-1.1112441
49908000,0.032065243,0.041817755,-2.6675348,0.00010874545,0.00908092,-1.1088977
49916000,0.032182157,0.04173766,-2.6761098,-2.6268153e-05,0.008747681,-1.1068262
49924000,0.032295007,0.04165788,-2.6846747,-0.0001757799,0.008362752,-1.1047236
49932000,0.03240369,0.04157806,-2.6932278,-0.00030376462,0.008009796,-1.1024894
49940000,0.032508396,0.041498285,-2.7017684,-0.00045470402,0.007631511,-1.1001015
49948000,0.03259828,0.04138541,-2.7102528,-0.0006370093,0.0072186203,-1.097869
49956000,0.032684125,0.041272983,-2.718738,-0.00080246286,0.00682567,-1.0958508
49964000,0.032766193,0.04116071,-2.7272134,-0.0009754612,0.0064262617,-1.0937481
49972000,0.03284487,0.041048713,-2.7356772,-0.0012105722,0.006021893,-1.0916251
49980000,0.032902144,0.040907532,-2.7440934,-0.0014464924,0.0056717284,-1.0893081
49988000,0.032955468,0.040767446,-2.7524972,-0.0016852935,0.005305359,-1.0870439
49996000,0.03300499,0.04062809,-2.7608905,-0.0018976094,0.004929505,-1.0849955
50004000,0.03305066,0.04048954,-2.7692738,-0.0021341636,0.0045887716,-1.0829314
50012000,0.033089552,0.04031808,-2.7776127,-0.0023913572,0.0041841175,-1.0807248
50020000,0.03312456,0.040147793,-2.7859406,-0.0026374294,0.003818455,-1.0784268
50028000,0.033155683,0.039978787,-2.7942572,-0.0028803628,0.003462531,-1.0762115
50036000,0.03318414,0.039811086,-2.8025632,-0.003062877,0.0030833015,-1.0742376
50044000,0.033205923,0.039618965,-2.8108258,-0.0033115228,0.002746281,-1.0721581
50052000,0.033224363,0.039428663,-2.819078,-0.0034765338,0.0024033443,-1.0699537
50060000,0.033239614,0.0392398,-2.8273196,-0.0037008643,0.0020314357,-1.0676172
50068000,0.03325123,0.03905221,-2.8355484,-0.003972732,0.0016572041,-1.0653843
50076000,0.033255257,0.03882713,-2.8437295,-0.004215876,0.0013279184,-1.0633757
50084000,0.03325567,0.03860424,-2.851901,-0.0045088115,0.00094480143,-1.0613154
50092000,0.03325253,0.038382947,-2.860063,-0.0047377744,0.00052866293,-1.0591037
50100000,0.033246234,0.038163137,-2.8682132,-0.0049542263,0.00014123225,-1.0567409
50108000,0.033237725,0.037945047,-2.8763518,-0.0051368205,-0.00019687723,-1.0545115
50116000,0.03321556,0.0376998,-2.8844423,-0.005336303,-0.0005309234,-1.0524468
50124000,0.033190504,0.037456844,-2.8925233,-0.005595151,-0.00090042886,-1.0503314
50132000,0.033162437,0.037215624,-2.9005947,-0.0058090086,-0.0013196812,-1.0481832
50140000,0.033131316,0.036976185,-2.9086552,-0.0061134635,-0.0016501226,-1.0458369
50148000,0.03309191,0.03670498,-2.9166727,-0.0063435454,-0.0020094432,-1.0436194
50156000,0.033050008,0.03643655,-2.9246845,-0.006556208,-0.0022806525,-1.0415903
50164000,0.033005163,0.0361713,-2.9326868,-0.006843611,-0.0025706382,-1.0395123
50172000,0.032957267,0.035908706,-2.9406796,-0.0071125585,-0.0029039579,-1.0373341
50180000,0.032905307,0.035614535,-2.9486299,-0.0073915417,-0.0032675525,-1.0349925
50188000,0.03285032,0.035323627,-2.9565692,-0.007661741,-0.0035417369,-1.0327804
50196000,0.03279239,0.035035815,-2.964499,-0.00794169,-0.0038834815,-1.0307934
50204000,0.032731727,0.034750924,-2.9724202,-0.008158688,-0.0041840854,-1.0287308
50212000,0.032671705,0.034430247,-2.980291,-0.008437868,-0.0044980403,-1.0265532
50220000,0.032608654,0.034113366,-2.988151,-0.008715769,-0.004769777,-1.0241711
50228000,0.032542665,0.03380023,-2.9959998,-0.008953835,-0.0050598476,-1.0219245
50236000,0.032474,0.03349052,-3.003839,-0.009211327,-0.005361419,-1.0198957
50244000,0.032407857,0.033140473,-3.0116258,-0.009443129,-0.0056460253,-1.0178068
50252000,0.032339673,0.032794613,-3.0194035,-0.009699896,-0.0059260153,-1.0155748
50260000,0.032268535,0.03245302,-3.0271707,-0.009984899,-0.0062003615,-1.0132037
50268000,0.032194156,0.03211574,-3.034927,-0.010289796,-0.006422907,-1.0110079
50276000,0.032130472,0.031766362,-3.0426307,-0.010547259,-0.006757119,-1.008983
50284000,0.032063756,0.031421047,-3.0503263,-0.010753771,-0.007015455,-1.0069178
50292000,0.03199452,0.031079806,-3.0580134,-0.010940871,-0.0072983913,-1.0047215
50300000,0.031922556,0.030742427,-3.06569,-0.011169582,-0.00757066,-1.0023069
50308000,0.03187879,0.03038434,-3.0733151,-0.0113321785,-0.007863331,-1.0000594
50316000,0.031832535,0.030030722,-3.0809321,-0.01155497,-0.0080710165,-0.99800444
50324000,0.031783246,0.029681597,-3.088541,-0.0117139965,-0.008296712,-0.99597853
50332000,0.031730913,0.029336773,-3.0961418,-0.011891494,-0.008518257,-0.99380994
50340000,0.03168972,0.028988486,-3.103694,-0.012085026,-0.008750598,-0.991425
50348000,0.031645183,0.028644647,-3.111236,-0.012265258,-0.008922944,-0.9891283
50356000,0.031597633,0.028305305,-3.1187692,-0.012413235,-0.009115244,-0.98700655
50364000,0.031547196,0.02797027,-3.1262941,-0.012589214,-0.009302198,-0.9849595
50372000,0.03149364,0.027639369,-3.133811,-0.012774284,-0.009494198,-0.98275524
50380000,0.031449463,0.027297357,-3.1412816,-0.012869263,-0.009689217,-0.9803883
50388000,0.03140336,0.026959537,-3.1487417,-0.012984742,-0.009858342,-0.9780629
50396000,0.031354308,0.02662632,-3.1561933,-0.013151643,-0.009959802,-0.9759507
50404000,0.0313023,0.026298016,-3.1636362,-0.013309969,-0.010050756,-0.9738219
50412000,0.03126478,0.025968855,-3.171043,-0.013393558,-0.010167644,-0.97160614
50420000,0.03122467,0.025644226,-3.17844,-0.013498271,-0.010299996,-0.9692695
50428000,0.031181742,0.02532405,-3.1858273,-0.01360443,-0.010406814,-0.96696454
50436000,0.031136187,0.025008546,-3.1932054,-0.01372067,-0.010474536,-0.9649491
50444000,0.031098561,0.024686791,-3.2005544,-0.013871913,-0.01053549,-0.96284145
50452000,0.031057894,0.024369858,-3.2078943,-0.013976034,-0.010634667,-0.96048224
50460000,0.03101507,0.024057439,-3.215229,-0.0140819065,-0.010667397,-0.9580533
50468000,0.030969258,0.02375013,-3.2225528,-0.0142374085,-0.010669585,-0.9557692
50476000,0.030933324,0.02342763,-3.2298455,-0.014345907,-0.010700006,-0.95362705
50484000,0.030894555,0.023110447,-3.2371297,-0.014459611,-0.010712058,-0.9514835
50492000,0.030852992,0.022798484,-3.2444043,-0.014538222,-0.010728397,-0.9492792
50500000,0.030808974,0.022491967,-3.2516675,-0.01458683,-0.010678788,-0.9468172
50508000,0.030776652,0.022178398,-3.2588968,-0.014593222,-0.010710516,-0.9445072
50516000,0.030742079,0.02186995,-3.2661166,-0.014626758,-0.010732053,-0.94234395
50524000,0.030704897,0.021566464,-3.2733264,-0.01473524,-0.010773036,-0.94017303
50532000,0.03066532,0.021267753,-3.2805262,-0.014808773,-0.010795573,-0.93786126
50540000,0.030634029,0.020959092,-3.2876916,-0.014844542,-0.010815728,-0.9353964
50548000,0.030600203,0.020655688,-3.2948456,-0.0149208065,-0.01080734,-0.93303704
50556000,0.030563854,0.020357635,-3.301989,-0.014967391,-0.010765863,-0.9308637
50564000,0.030525416,0.0200652,-3.309123,-0.01497671,-0.01070095,-0.9287069
50572000,0.030493489,0.01976769,-3.3162284,-0.015002323,-0.010689843,-0.92642486
50580000,0.0304596,0.019475617,-3.3233223,-0.014972974,-0.0106251575,-0.92398125
50588000,0.030423874,0.019189162,-3.3304043,-0.014960749,-0.0105682565,-0.92162395
50596000,0.030386426,0.018907595,-3.3374753,-0.014976313,-0.0105324825,-0.91950184
50604000,0.03036249,0.018605353,-3.3445249,-0.015001355,-0.010524979,-0.9173238
50612000,0.030336235,0.018308613,-3.3515635,-0.015031659,-0.010487162,-0.9150154
50620000,0.030307772,0.018017527,-3.3585896,-0.015022487,-0.010408165,-0.91256803
50628000,0.03027752,0.017732207,-3.3656034,-0.014969271,-0.010313651,-0.9102004
50636000,0.030245144,0.017452555,-3.3726058,-0.015042139,-0.010213821,-0.9080385
50644000,0.030214751,0.017145902,-3.3795881,-0.01502687,-0.010085645,-0.9058671
50652000,0.030182647,0.016845781,-3.3865585,-0.014976754,-0.009951621,-0.903551
50660000,0.030148923,0.01655208,-3.393517,-0.014976297,-0.009826185,-0.90109724
50668000,0.03011323,0.016264161,-3.4004612,-0.014966923,-0.0097383335,-0.89867914
50676000,0.03007147,0.015938453,-3.4073863,-0.014977447,-0.009638327,-0.8964983
50684000,0.030027766,0.015619665,-3.4143004,-0.014996176,-0.00952461,-0.894304
50692000,0.029982448,0.015307607,-3.4212022,-0.014971634,-0.009412901,-0.8919887
50700000,0.029935453,0.015002077,-3.428091,-0.01498949,-0.009295589,-0.8895586
50708000,0.029868778,0.0146669,-3.4349642,-0.015007167,-0.009219803,-0.8871994
50716000,0.02980077,0.014338714,-3.441825,-0.015018751,-0.009104883,-0.88507104
50724000,0.029731525,0.014017667,-3.4486742,-0.015025706,-0.0089729335,-0.88298357
50732000,0.029660994,0.013703285,-3.455512,-0.015030627,-0.008923236,-0.8807337
50740000,0.029584808,0.013347454,-3.4623394,-0.015062093,-0.008852129,-0.87827873
50748000,0.029507386,0.012999203,-3.4691525,-0.0150704235,-0.008759167,-0.8759541
50756000,0.029428644,0.012658385,-3.475975,-0.015116626,-0.008624676,-0.87383384
50764000,0.02934861,0.012324872,-3.4827843,-0.015148593,-0.008556663,-0.87165797
50772000,0.029267179,0.011971352,-3.4895763,-0.015195288,-0.008508814,-0.86938846
50780000,0.02918462,0.011625071,-3.496354,-0.015181162,-0.0084368,-0.8669465
50788000,0.02910095,0.011286018,-3.5031157,-0.015219718,-0.008339887,-0.8645231
50796000,0.02901617,0.010954261,-3.5098634,-0.015221291,-0.00821802,-0.8623833
50804000,0.0289183,0.010605403,-3.5166006,-0.015296231,-0.008133265,-0.860125
50812000,0.028819444,0.010263841,-3.5233345,-0.015259738,-0.00796827,-0.8577576
50820000,0.028719874,0.00992989,-3.5300527,-0.015332608,-0.0078474665,-0.8552152
50828000,0.028618746,0.009603393,-3.5367537,-0.015428109,-0.0077056927,-0.85278887
50836000,0.028509911,0.009270485,-3.543437,-0.0154214855,-0.0076092784,-0.8505324
50844000,0.028400352,0.008944557,-3.5501056,-0.015485534,-0.007525927,-0.8482648
50852000,0.02828985,0.00862593,-3.5567584,-0.015522858,-0.007358929,-0.8458427
50860000,0.028178332,0.008314595,-3.5633965,-0.015591981,-0.007196527,-0.8432515
50868000,0.028057778,0.007992274,-3.5700126,-0.015633408,-0.0070323395,-0.8407714
50876000,0.027936187,0.007676864,-3.5766134,-0.01569448,-0.006936054,-0.83859205
50884000,0.027813898,0.0073680826,-3.583199,-0.015731843,-0.0068799695,-0.83630776
50892000,0.02769089,0.0070658466,-3.589769,-0.015814565,-0.0067810505,-0.8338669
50900000,0.027566887,0.006770333,-3.596321,-0.015849736,-0.0066442704,-0.8312668
50908000,0.027418684,0.006473321,-3.6028557,-0.015920464,-0.00645324,-0.8286938
50916000,0.027269999,0.0061835996,-3.609373,-0.016010217,-0.0062785232,-0.8263689
50924000,0.027120883,0.005900804,-3.6158748,-0.016081654,-0.006139876,-0.82397115
50932000,0.026971033,0.0056246594,-3.6223593,-0.016209133,-0.0059559457,-0.82143974
50940000,0.026790293,0.0053490708,-3.6288228,-0.016370552,-0.0057555335,-0.8187908
50948000,0.026608622,0.0050799847,-3.6352677,-0.016562978,-0.0055914074,-0.81624454
50956000,0.026426481,0.0048174825,-3.6416955,-0.016671756,-0.0054303566,-0.8138454
50964000,0.026244272,0.004561699,-3.6481066,-0.016753398,-0.005205814,-0.8114548
50972000,0.026027128,0.0043146615,-3.6544986,-0.016840316,-0.0050188596,-0.80888665
50980000,0.025810553,0.004074233,-3.6608715,-0.016965417,-0.0047928314,-0.8061522
50988000,0.025594275,0.0038404004,-3.667225,-0.017071905,-0.004613251,-0.8035413
50996000,0.025378631,0.00361261,-3.6735606,-0.01716542,-0.0044575008,-0.8010745
51004000,0.02514877,0.003389263,-3.6798787,-0.017269239,-0.004246145,-0.7986032
51012000,0.024919497,0.003172472,-3.6861792,-0.017400686,-0.0039937594,-0.79606926
51020000,0.024690371,0.0029615855,-3.6924605,-0.017534617,-0.0038255374,-0.7933583
51028000,0.024461538,0.0027564482,-3.6987224,-0.017684387,-0.0036305988,-0.79070216
51036000,0.02422004,0.0025505868,-3.7049627,-0.017817192,-0.0033365674,-0.78831035
51044000,0.023979152,0.0023513616,-3.7111855,-0.01794334,-0.003090428,-0.7858377
51052000,0.023739109,0.002158596,-3.7173896,-0.017981445,-0.0028296134,-0.7831988
51060000,0.023500253,0.0019723333,-3.7235737,-0.018022323,-0.0025266681,-0.78042924
51068000,0.02324175,0.0017765176,-3.7297482,-0.018171383,-0.0022328144,-0.77777123
51076000,0.02298386,0.0015875251,-3.7359042,-0.018310094,-0.0019611008,-0.77530766
51084000,0.022726893,0.0014049906,-3.742041,-0.018398004,-0.0017034878,-0.77280164
51092000,0.022470374,0.0012283757,-3.74816,-0.018527875,-0.0014558501,-0.7702255
51100000,0.022206265,0.0010583281,-3.75427,-0.018627208,-0.0012618994,-0.7673796
51108000,0.021943126,0.0008941541,-3.7603674,-0.018719967,-0.0010339282,-0.76458275
51116000,0.02168116,0.00073648663,-3.7664442,-0.018796533,-0.0006780633,-0.7620666
51124000,0.02142027,0.0005853908,-3.772502,-0.018875873,-0.00039403336,-0.759584
51132000,0.021150228,0.00043437627,-3.7785459,-0.018978842,-0.00011548668,-0.75689685
51140000,0.020881185,0.00028957304,-3.7845678,-0.019092837,0.00017335375,-0.7540271
51148000,0.020613207,0.0001512744,-3.7905679,-0.019165762,0.00049407023,-0.75128794
51156000,0.020345956,1.8685556e-05,-3.7965498,-0.019277332,0.00076179695,-0.7488079
51164000,0.02007972,-0.00010801012,-3.8025126,-0.019360185,0.0010366084,-0.7463163
51172000,0.019816997,-0.00022809194,-3.8084707,-0.019452007,0.0013862398,-0.7436454
51180000,0.01955533,-0.0003417075,-3.8144073,-0.019499883,0.0017461361,-0.7408202
51188000,0.019294778,-0.0004488565,-3.8203216,-0.019592548,0.0020699245,-0.73812306
51196000,0.019035177,-0.0005503411,-3.8262153,-0.019644085,0.0023087375,-0.7356182
51204000,0.018779714,-0.00064678036,-3.8321118,-0.01969734,0.0025754445,-0.7330634
51212000,0.01852549,-0.00073759875,-3.837987,-0.019702144,0.002858657,-0.7303604
51220000,0.018272905,-0.0008225734,-3.8438401,-0.01965812,0.0031805437,-0.72761035
51228000,0.01802143,-0.0009020872,-3.849671,-0.01967357,0.003550124,-0.72503823
51236000,0.01777458,-0.0009823838,-3.8554912,-0.019724417,0.0039249794,-0.7225567
51244000,0.01752901,-0.0010565047,-3.861291,-0.019704495,0.0042421287,-0.7200913
51252000,0.017284697,-0.0011247686,-3.8670697,-0.019717082,0.0045779184,-0.71743006
51260000,0.017041717,-0.0011871972,-3.8728251,-0.019706361,0.004902754,-0.7145392
51268000,0.016813206,-0.0012477702,-3.8785682,-0.019601043,0.005257516,-0.71185434
51276000,0.016586347,-0.0013024324,-3.8842897,-0.019551912,0.005578161,-0.70934427
51284000,0.01636074,-0.0013512116,-3.8899899,-0.019537123,0.0059284447,-0.70671463
51292000,0.016136006,-0.001394268,-3.8956676,-0.019553138,0.006255267,-0.7038782
51300000,0.015928723,-0.0014456498,-3.90132,-0.019501522,0.0066574467,-0.70097446
51308000,0.015722336,-0.0014906515,-3.906949,-0.019488547,0.0070111314,-0.6981937
51316000,0.015516631,-0.0015298383,-3.9125562,-0.019472709,0.0073362114,-0.695558
51324000,0.015312096,-0.0015634524,-3.9181414,-0.019370046,0.007614498,-0.69293743
51332000,0.015112437,-0.0016105047,-3.9237013,-0.01933209,0.007925344,-0.6901748
51340000,0.014913621,-0.0016514618,-3.9292388,-0.019300574,0.0082857115,-0.6872832
51348000,0.014715758,-0.0016864456,-3.934752,-0.019241592,0.008571035,-0.68444103
51356000,0.014519305,-0.0017158187,-3.9402776,-0.019122873,0.00888177,-0.68168664
51364000,0.014330819,-0.0017607067,-3.945776,-0.019069588,0.009169194,-0.67893285
51372000,0.014142731,-0.0018002088,-3.95125,-0.01900991,0.009432367,-0.67601687
51380000,0.013955572,-0.0018341199,-3.9566984,-0.018959057,0.009707474,-0.67290354
51388000,0.013769439,-0.001862198,-3.96212,-0.01889196,0.010017815,-0.66957885
51396000,0.013599411,-0.0018922964,-3.967504,-0.01879807,0.010315141,-0.6658637
51404000,0.013430488,-0.0019165031,-3.972856,-0.018686496,0.010621759,-0.6618656
51412000,0.0132625215,-0.0019350712,-3.9781733,-0.018609716,0.010879716,-0.6574746
51420000,0.013095634,-0.0019481907,-3.9834533,-0.018481119,0.011183663,-0.65285754
51428000,0.012929939,-0.0019557062,-3.9886942,-0.018354032,0.011487647,-0.6478642
51436000,0.012768655,-0.0019614957,-3.993874,-0.018208703,0.011757828,-0.6424013
51444000,0.012608741,-0.0019620764,-3.9990082,-0.01805933,0.012006696,-0.63651633
51452000,0.012450353,-0.0019576796,-4.004093,-0.017854977,0.012246849,-0.6302985
51460000,0.012293847,-0.0019485607,-4.009127,-0.017677099,0.012471926,-0.62379926
51468000,0.01212509,-0.0019481211,-4.0140777,-0.017559092,0.0127345,-0.61686856
51476000,0.011957947,-0.0019426886,-4.018972,-0.017383492,0.012953778,-0.6096244
51484000,0.011792902,-0.0019322749,-4.0238066,-0.017188974,0.013203643,-0.60184455
51492000,0.011629906,-0.0019171158,-4.0285773,-0.016972236,0.013428756,-0.5936265
51500000,0.011457905,-0.0019117219,-4.0332556,-0.01676881,0.013684101,-0.585206
51508000,0.011287364,-0.0019017302,-4.0378776,-0.016585227,0.013902269,-0.5764559
51516000,0.011119242,-0.0018865775,-4.0424285,-0.01636385,0.014205059,-0.5674147
51524000,0.010953962,-0.0018660321,-4.046906,-0.016043622,0.014495684,-0.55792403
51532000,0.010759086,-0.0018474923,-4.0512733,-0.015793372,0.014751711,-0.54804105
51540000,0.010567467,-0.0018239099,-4.055562,-0.015574535,0.014981026,-0.53799784
51548000,0.010379079,-0.0017956684,-4.059771,-0.015317015,0.015215777,-0.52767956
51556000,0.010194143,-0.0017625814,-4.0638967,-0.015040619,0.01546008,-0.51694924
51564000,0.009977866,-0.0017322345,-4.0679007,-0.014762794,0.015690923,-0.5058435
51572000,0.009765577,-0.0016968213,-4.071817,-0.0145355845,0.015979543,-0.4944789
51580000,0.009556616,-0.001656727,-4.075643,-0.014233168,0.016225558,-0.4829893
51588000,0.009351932,-0.0016120177,-4.0793786,-0.013963561,0.016443547,-0.47115308
51596000,0.009108185,-0.0015755204,-4.082971,-0.013727154,0.01663222,-0.45895296
51604000,0.008869402,-0.0015346806,-4.086468,-0.013419743,0.016784836,-0.44653127
51612000,0.008635619,-0.0014898464,-4.089875,-0.01313818,0.016970374,-0.433768
51620000,0.008406646,-0.0014405925,-4.0931826,-0.012846632,0.01717725,-0.42089054
51628000,0.008141318,-0.0014117099,-4.0963206,-0.01255097,0.017330378,-0.40783396
51636000,0.007881499,-0.0013784108,-4.0993576,-0.012289246,0.017515147,-0.394581
51644000,0.0076273615,-0.0013405205,-4.1022925,-0.011944551,0.017694825,-0.38141003
51652000,0.007377838,-0.0012983991,-4.1051273,-0.011681723,0.017850818,-0.36844736
51660000,0.0071081975,-0.0012775903,-4.1077833,-0.011316258,0.018033963,-0.35581535
51668000,0.006845088,-0.0012519478,-4.1103454,-0.010956249,0.018194195,-0.34359637
51676000,0.0065882644,-0.0012216087,-4.1128173,-0.010596381,0.018387321,-0.33185208
51684000,0.0063376487,-0.0011864215,-4.115203,-0.010242508,0.018610898,-0.32062384
51692000,0.0060932245,-0.0011464397,-4.117506,-0.009871985,0.01878843,-0.30983847
51700000,0.0058288216,-0.0011297143,-4.1196465,-0.009499555,0.018993074,-0.29951295
51708000,0.005571047,-0.0011078089,-4.121727,-0.009138467,0.01915301,-0.28969043
51716000,0.005318845,-0.0010812992,-4.1237373,-0.008743016,0.019282805,-0.28038764
51724000,0.005073449,-0.0010502381,-4.125682,-0.008310047,0.019424256,-0.2715797
51732000,0.0047977446,-0.0010261901,-4.127476,-0.0078850845,0.019599032,-0.26316428
51740000,0.0045296806,-0.0009972207,-4.129213,-0.0074736523,0.019776044,-0.25517112
51748000,0.004268865,-0.0009636016,-4.130896,-0.007067934,0.019929744,-0.24770693
51756000,0.0040153516,-0.0009255158,-4.132533,-0.006645426,0.020048393,-0.24067906
51764000,0.0037533378,-0.00089891534,-4.13403,-0.006211063,0.020205492,-0.2339951
51772000,0.003499155,-0.00086753763,-4.135484,-0.005755133,0.020361595,-0.22769462
51780000,0.0032528362,-0.0008315266,-4.1368995,-0.005255967,0.020498274,-0.22184171
51788000,0.003012902,-0.0007907634,-4.1382785,-0.0048476006,0.020647341,-0.21636273
51796000,0.0027661554,-0.00076896214,-4.139544,-0.004346253,0.020785434,-0.2113049
51804000,0.0025277063,-0.00074244896,-4.1407814,-0.0038261022,0.02089104,-0.20663394
51812000,0.0022975581,-0.00071146607,-4.141993,-0.0032927645,0.021020046,-0.20231177
51820000,0.0020756852,-0.00067576993,-4.143182,-0.0027611367,0.0211711,-0.19827443
51828000,0.0018573279,-0.0006606991,-4.144271,-0.002208351,0.021284807,-0.19460432
51836000,0.0016472742,-0.0006408921,-4.1453443,-0.0016776512,0.021372814,-0.19125068
51844000,0.0014453718,-0.000616501,-4.146403,-0.0011459114,0.021467235,-0.18826295
51852000,0.0012516191,-0.0005876489,-4.147451,-0.0006088706,0.021567289,-0.18567406
51860000,0.0010564564,-0.00057156006,-4.1484456,-8.989591e-05,0.021743974,-0.18325788
51868000,0.000869759,-0.00055040285,-4.1494336,0.00051484467,0.021845726,-0.18116319
51876000,0.0006916379,-0.0005245131,-4.150418,0.0010913622,0.021965908,-0.17937058
51884000,0.0005220066,-0.00049342524,-4.1513996,0.001706841,0.022180054,-0.1778875
51892000,0.000357258,-0.00046722117,-4.152331,0.0022722147,0.022309506,-0.17668854
51900000,0.0002008647,-0.0004357766,-4.153265,0.0028596686,0.02252626,-0.17567854
51908000,5.2955565e-05,-0.00039916844,-4.154204,0.003460639,0.022656504,-0.17499748
51916000,-8.653515e-05,-0.00035806207,-4.15515,0.004066878,0.022735234,-0.1745388
51924000,-0.00021690458,-0.0003158406,-4.156062,0.004638624,0.022828344,-0.17427738
51932000,-0.0003404096,-0.00026862868,-4.1569853,0.005245654,0.022951808,-0.1742657
51940000,-0.00045551843,-0.00021696716,-4.15792,0.0058626733,0.023067584,-0.1744066
51948000,-0.0005624194,-0.00016084958,-4.158869,0.0064431336,0.023203062,-0.1748455
51956000,-0.00066157995,-0.00010032354,-4.1598325,0.0069726156,0.023324223,-0.17547677
51964000,-0.00074843864,-4.1716838e-05,-4.160793,0.007567883,0.023457209,-0.17632335
51972000,-0.00082762947,2.1341755e-05,-4.1617713,0.008116712,0.023574151,-0.17733793
51980000,-0.0008992814,8.8614404e-05,-4.1627693,0.008654315,0.023699004,-0.17841709
51988000,-0.00096330425,0.0001599157,-4.1637874,0.009259681,0.023763193,-0.17973508
51996000,-0.0010136582,0.00021827641,-4.164813,0.009813486,0.023865784,-0.18124431
52004000,-0.0010568544,0.00028095723,-4.165862,0.010337071,0.023929112,-0.18296155
52012000,-0.0010930339,0.00034742255,-4.1669364,0.01084727,0.023986317,-0.18484384
52020000,-0.0011224746,0.0004177015,-4.168035,0.011355412,0.0240474,-0.18674926
52028000,-0.0011516147,0.00046516594,-4.1691413,0.011820044,0.024157971,-0.1887585
52036000,-0.0011742731,0.0005172708,-4.1702747,0.012292407,0.024242213,-0.19091699
52044000,-0.0011902784,0.000573578,-4.1714354,0.012759703,0.02428883,-0.19320549
52052000,-0.0011997935,0.0006338403,-4.172624,0.013225835,0.024329443,-0.19559945
52060000,-0.0012071248,0.0006777624,-4.1738315,0.013678691,0.024330776,-0.19802012
52068000,-0.0012095546,0.0007263728,-4.1750674,0.014120507,0.024396796,-0.20049366
52076000,-0.0012058303,0.00077936595,-4.176333,0.014519957,0.024459476,-0.20305525
52084000,-0.0011961575,0.0008366136,-4.177628,0.014919496,0.024541456,-0.20566495
52092000,-0.0011972174,0.0008766393,-4.178938,0.015241203,0.024588322,-0.20837864
52100000,-0.0011925866,0.00092101016,-4.180278,0.015608159,0.024616512,-0.21095355
52108000,-0.0011819942,0.0009693856,-4.181648,0.015984643,0.024621436,-0.21358685
52116000,-0.0011654291,0.0010216264,-4.1830473,0.016376272,0.024641074,-0.21623765
52124000,-0.001143953,0.0010649755,-4.184479,0.016721403,0.024666607,-0.21886891
52132000,-0.0011170249,0.0011123221,-4.1859407,0.017030193,0.024659354,-0.22149311
52140000,-0.001086565,0.0011638936,-4.187431,0.017247906,0.02465338,-0.22399043
52148000,-0.0010514872,0.0012193099,-4.188948,0.017507043,0.024663799,-0.2264568
52156000,-0.0009967188,0.0012765044,-4.1905293,0.017752543,0.024648838,-0.22886124
52164000,-0.00093773706,0.0013373157,-4.1921363,0.01801786,0.024680872,-0.2312073
52172000,-0.0008745649,0.0014017245,-4.1937675,0.018248413,0.024673948,-0.23337406
52180000,-0.00080770074,0.0014696523,-4.1954217,0.018426862,0.024705552,-0.23545407
52188000,-0.000724264,0.0015574985,-4.197121,0.018599551,0.024710633,-0.23744892
52196000,-0.00063747965,0.0016482482,-4.198841,0.018816201,0.024704628,-0.23932739
52204000,-0.0005476563,0.0017418431,-4.200581,0.01895378,0.024707748,-0.24114361
52212000,-0.0004560716,0.0018385884,-4.20234,0.019092256,0.024727715,-0.24276313
52220000,-0.0003617923,0.0019381666,-4.204117,0.01924176,0.024739914,-0.24422315
52228000,-0.00026170368,0.0020568855,-4.205942,0.019398376,0.02469912,-0.24555892
52236000,-0.00015929004,0.002177679,-4.2077823,0.019481484,0.024735482,-0.24684669
52244000,-5.4670632e-05,0.002301089,-4.209636,0.019596368,0.024809089,-0.24801692
52252000,5.1913416e-05,0.0024268096,-4.211503,0.019628156,0.024795081,-0.24899368
52260000,0.00014802846,0.0025762941,-4.213409,0.019720173,0.024813313,-0.24987191
52268000,0.00024621072,0.0027277013,-4.2153244,0.019760845,0.024907095,-0.25060913
52276000,0.00034580633,0.0028813118,-4.2172484,0.019850384,0.024918348,-0.25128815
52284000,0.00044791418,0.0030364234,-4.2191806,0.019996317,0.024927657,-0.2519049
52292000,0.0005471905,0.0032164322,-4.2211494,0.020081554,0.0249197,-0.25244716
52300000,0.00064853457,0.0033973549,-4.223124,0.0201052,0.02492566,-0.25278342
52308000,0.0007515999,0.0035789327,-4.2251034,0.020189922,0.024915444,-0.25309026
52316000,0.0008570694,0.0037615974,-4.2270865,0.020290812,0.024937624,-0.25328568
52324000,0.0009661778,0.0039617657,-4.2290998,0.020362806,0.024957743,-0.25339478
52332000,0.0010772051,0.0041628433,-4.231115,0.020446915,0.025040926,-0.25345948
52340000,0.0011901997,0.0043647774,-4.2331314,0.020518452,0.025066625,-0.25339815
52348000,0.001304597,0.0045676394,-4.235148,0.020585217,0.025126075,-0.2532896
52356000,0.0014320274,0.004791834,-4.2372036,0.020666508,0.025150342,-0.25312486
52364000,0.0015613792,0.0050159893,-4.2392583,0.020804193,0.025140792,-0.2529215
52372000,0.0016924737,0.005240192,-4.241311,0.02086211,0.025192944,-0.2526224
52380000,0.0018249892,0.0054648654,-4.2433615,0.020931173,0.02523542,-0.25229827
52388000,0.0019741715,0.0057190713,-4.245449,0.02095784,0.02533486,-0.2518491
52396000,0.0021244006,0.0059731975,-4.247533,0.021058125,0.02538969,-0.25142267
52404000,0.0022759829,0.0062272614,-4.249612,0.021154461,0.025481267,-0.25092274
52412000,0.0024290457,0.006481465,-4.251687,0.021304557,0.025575535,-0.25036427
52420000,0.002602037,0.006778188,-4.2537975,0.021379061,0.025686402,-0.24976407
52428000,0.0027757555,0.0070740315,-4.2559013,0.021491736,0.025745312,-0.24910139
52436000,0.0029505647,0.0073688687,-4.2579985,0.021593833,0.025814556,-0.24843214
52444000,0.0031260587,0.0076627764,-4.260088,0.021644767,0.025866592,-0.24766928
52452000,0.0033208053,0.007980042,-4.262205,0.02176443,0.025979966,-0.2468978
52460000,0.0035163295,0.008296294,-4.2643194,0.021917932,0.026070196,-0.24602443
52468000,0.0037125528,0.008611275,-4.2664237,0.02199726,0.026154647,-0.24513458
52476000,0.0039091995,0.008925195,-4.268518,0.022085778,0.026238242,-0.2441861
52484000,0.0041062464,0.009238023,-4.2706027,0.022167038,0.026341455,-0.24327463
52492000,0.0043242616,0.009574327,-4.2727027,0.022318006,0.026476271,-0.24234334
52500000,0.0045425533,0.00990922,-4.274792,0.022407938,0.026542442,-0.24138111
52508000,0.0047611734,0.01024223,-4.2768707,0.02256295,0.026568579,-0.24033432
52516000,0.0049805054,0.010573727,-4.2789383,0.02269758,0.026682574,-0.23932357
52524000,0.0052156877,0.010929071,-4.2810087,0.022773653,0.026821038,-0.2382247
52532000,0.0054506687,0.011282744,-4.2830677,0.022882266,0.026898852,-0.23717198
52540000,0.0056855413,0.011634418,-4.2851152,0.022954399,0.026963599,-0.23610744
52548000,0.005920301,0.011984163,-4.2871513,0.02305426,0.02701152,-0.2349638
52556000,0.006174289,0.0123604955,-4.289183,0.02314981,0.027074467,-0.23380229
52564000,0.0064278306,0.01273437,-4.2912025,0.02324348,0.02714143,-0.2325786
52572000,0.0066809948,0.013105847,-4.293209,0.023338083,0.027208868,-0.231399
52580000,0.006933825,0.013475014,-4.2952037,0.023449805,0.027269816,-0.23025654
52588000,0.00720811,0.013861919,-4.2971888,0.023558415,0.027312966,-0.22902408
52596000,0.007481662,0.014246122,-4.299162,0.023677692,0.02738393,-0.22783846
52604000,0.007754804,0.014627542,-4.301122,0.023821443,0.027427273,-0.22663403
52612000,0.008027435,0.015006426,-4.30307,0.023927348,0.02750163,-0.2254089
52620000,0.008308972,0.015403709,-4.305009,0.024012787,0.027620634,-0.22413845
52628000,0.008589348,0.01579833,-4.306935,0.024097817,0.02767686,-0.22288977
52636000,0.008869,0.016190186,-4.308849,0.024223555,0.02775663,-0.2217213
52644000,0.009148107,0.016579233,-4.3107505,0.024325045,0.02778846,-0.22048886
52652000,0.009442365,0.016991995,-4.3126454,0.024424741,0.027776219,-0.21921153
52660000,0.009735738,0.017401194,-4.3145275,0.024543725,0.027810618,-0.21786456
52668000,0.01002819,0.017806934,-4.316396,0.024647137,0.027832078,-0.21658455
52676000,0.010319703,0.018209275,-4.318252,0.024736736,0.02783251,-0.21531413
52684000,0.010624325,0.018630661,-4.320095,0.024920287,0.027886294,-0.21403946
52692000,0.01092819,0.019048553,-4.3219256,0.025022032,0.027933935,-0.21283726
52700000,0.011230655,0.019463139,-4.323744,0.025109224,0.02799718,-0.21160688
52708000,0.011532109,0.019874303,-4.3255544,0.025227396,0.027996354,-0.21038592
52716000,0.011841974,0.020299245,-4.327346,0.025362572,0.02796857,-0.20906813
52724000,0.012150832,0.020720359,-4.3291254,0.025484247,0.028001685,-0.20782314
52732000,0.012458654,0.021137767,-4.3308926,0.02558843,0.028047122,-0.20657367
52740000,0.012765387,0.021551704,-4.332648,0.02569778,0.02806611,-0.20533158
52748000,0.013071126,0.021961894,-4.334391,0.025792787,0.028041959,-0.20412329
52756000,0.0133866845,0.022388011,-4.3361244,0.025888659,0.028035656,-0.20291875
52764000,0.0137009,0.02281016,-4.3378463,0.025938725,0.028050996,-0.20169473
52772000,0.014013342,0.023228709,-4.3395567,0.02597666,0.028087804,-0.20052625
52780000,0.014324043,0.023643637,-4.3412557,0.025986334,0.028099926,-0.19932126
52788000,0.014638757,0.024072163,-4.34294,0.026005229,0.028056769,-0.1981607
52796000,0.014951889,0.024496423,-4.3446126,0.026095288,0.028059833,-0.19696741
52804000,0.015263816,0.024916604,-4.346274,0.026189197,0.027999014,-0.19579393
52812000,0.015574348,0.02533237,-4.347925,0.02624556,0.02796037,-0.19461937
52820000,0.015879704,0.025758712,-4.3495636,0.026280496,0.027963532,-0.19342716
52828000,0.016183596,0.02618096,-4.3511906,0.026341202,0.027923362,-0.19225918
52836000,0.01648624,0.02659896,-4.3528075,0.026355624,0.027877443,-0.19113709
52844000,0.016787102,0.027012724,-4.354413,0.02633207,0.027841387,-0.18993187
52852000,0.017078938,0.027425041,-4.3560076,0.026337778,0.027789013,-0.18877521
52860000,0.017369261,0.027833216,-4.357591,0.026318302,0.02774469,-0.1875951
52868000,0.01765806,0.028237088,-4.359164,0.026350098,0.02766026,-0.18646942
52876000,0.017945593,0.028636636,-4.360727,0.02634101,0.027544271,-0.18534938
52884000,0.0182271,0.029036637,-4.362286,0.026302867,0.027404638,-0.1842022
52892000,0.018506953,0.029432219,-4.363835,0.026265705,0.027319813,-0.18309513
52900000,0.018785259,0.029823147,-4.365373,0.026236964,0.027147368,-0.18197754
52908000,0.019062046,0.030209424,-4.366901,0.026170429,0.026968285,-0.18089184
52916000,0.019335741,0.030582506,-4.36842,0.026143555,0.02685159,-0.17991129
52924000,0.01960773,0.030951304,-4.36993,0.026039366,0.026673075,-0.17888406
52932000,0.019877512,0.031315733,-4.3714294,0.025930056,0.026517414,-0.17779611
52940000,0.020145522,0.031675823,-4.372919,0.025878834,0.026373293,-0.17671934
52948000,0.020406295,0.032025777,-4.3743987,0.025820965,0.026197214,-0.17567775
52956000,0.020665828,0.03237163,-4.3758693,0.025827367,0.026016286,-0.17465615
52964000,0.020924224,0.032713123,-4.3773303,0.02576246,0.025820373,-0.17363805
52972000,0.021180833,0.03305043,-4.378782,0.02568064,0.025620854,-0.17262885
52980000,0.02142057,0.033377163,-4.380219,0.025612121,0.025399309,-0.17159688
52988000,0.021659363,0.033699937,-4.3816466,0.025585178,0.02523395,-0.17059419
52996000,0.021896714,0.03401879,-4.3830657,0.02544769,0.02499654,-0.1696462
53004000,0.022132684,0.03433344,-4.384476,0.02540319,0.024780823,-0.1686853
53012000,0.022367563,0.034644105,-4.3858776,0.025324898,0.02456717,-0.16773327
53020000,0.022589369,0.034938294,-4.38727,0.025228696,0.024325108,-0.16672258
53028000,0.022809925,0.035228662,-4.388653,0.025108345,0.024079535,-0.1657769
53036000,0.023028987,0.03551514,-4.3900275,0.02494326,0.023828913,-0.16479802
53044000,0.023246463,0.03579776,-4.3913937,0.024811886,0.023573752,-0.16388121
53052000,0.023442445,0.036073204,-4.392758,0.024701124,0.023298137,-0.16298805
53060000,0.023637326,0.036344916,-4.394114,0.024514025,0.023040365,-0.16211265
53068000,0.023830725,0.036612675,-4.3954616,0.024338739,0.022746848,-0.16122419
53076000,0.02402266,0.036876693,-4.3968015,0.024136048,0.02249772,-0.16030374
53084000,0.024191411,0.037127286,-4.398137,0.023952665,0.022201343,-0.15944305
53096000,0.024359195,0.037374206,-4.3994646,0.023770504,0.02190266,-0.15854126
53100000,0.024525791,0.037617367,-4.400784,0.023565624,0.02159274,-0.15764162
53108000,0.024691101,0.0378566,-4.402105,0.023368407,0.02125098,-0.15679964
53116000,0.024836123,0.038079485,-4.4034195,0.02315855,0.020951513,-0.15594172
53124000,0.024980092,0.038299,-4.404726,0.022913255,0.020632494,-0.15507081
53132000,0.025122806,0.03851494,-4.406024,0.022674086,0.020305695,-0.15418087
53140000,0.02526445,0.038727477,-4.407314,0.02247758,0.019989055,-0.15329273
53148000,0.025388781,0.038909357,-4.4085984,0.02219613,0.019697342,-0.15248041
53156000,0.02551164,0.039088696,-4.4098754,0.021904528,0.019387294,-0.15167238
53164000,0.025633544,0.039265078,-4.4111443,0.021710625,0.019040702,-0.15084991
53172000,0.025754822,0.039438576,-4.4124055,0.0215221,0.018714746,-0.15001701
53180000,0.025868906,0.039574906,-4.4136624,0.02128187,0.018362397,-0.14918666
53188000,0.02598288,0.039709143,-4.4149113,0.021068176,0.01801056,-0.14834599
53196000,0.026096204,0.03984088,-4.416152,0.020866716,0.017607441,-0.14756155
53204000,0.026208825,0.03996993,-4.4173856,0.020681987,0.017226962,-0.14678764
53212000,0.026313929,0.040068306,-4.418617,0.020433215,0.01678804,-0.14601217
53220000,0.026417824,0.04016462,-4.4198403,0.020154772,0.016419435,-0.14523102
53228000,0.026520789,0.040258773,-4.4210567,0.019948486,0.016030518,-0.14445908
53236000,0.026622832,0.040350877,-4.4222655,0.019704701,0.015635863,-0.14367369
53244000,0.026710177,0.040417127,-4.4234633,0.019435616,0.015184888,-0.14295879
53252000,0.026796518,0.040481266,-4.424654,0.01916503,0.014760402,-0.14218798
53260000,0.026882788,0.040543966,-4.4258375,0.018901432,0.0143947005,-0.14147446
53268000,0.026967999,0.040604744,-4.4270144,0.018632926,0.013960897,-0.1406938
53276000,0.027052414,0.040663373,-4.428184,0.018420478,0.013522652,-0.13995507
53284000,0.027115,0.040697303,-4.42934,0.018117148,0.013104703,-0.13919188
53292000,0.027176848,0.04072958,-4.4304886,0.017876256,0.012662122,-0.13844353
53300000,0.027237995,0.040759984,-4.431631,0.017567547,0.012233498,-0.1377076
53308000,0.027298195,0.040788777,-4.432767,0.017302528,0.011846194,-0.13698053
53316000,0.027331771,0.04080207,-4.4338923,0.017001353,0.011450013,-0.13629527
53324000,0.02736506,0.040813975,-4.4350114,0.016743401,0.011022423,-0.13564204
53332000,0.027399145,0.040824473,-4.4361253,0.0164575,0.010586198,-0.13497706
53340000,0.027432626,0.040833283,-4.4372325,0.016159268,0.010177975,-0.13424473
53348000,0.027442368,0.0408337,-4.4383297,0.015868487,0.009806156,-0.13357294
53356000,0.027452145,0.040832784,-4.439421,0.015602493,0.009386854,-0.13295348
53364000,0.027462093,0.04083012,-4.4405074,0.015359654,0.008921436,-0.13229625
53372000,0.027472172,0.040825784,-4.441588,0.015072542,0.008525821,-0.13159361
53380000,0.02744853,0.04080654,-4.4426613,0.014782359,0.008116067,-0.13090308
53388000,0.027425328,0.040786177,-4.443729,0.01448632,0.0077469586,-0.13023697
53396000,0.02740365,0.040765062,-4.444791,0.014177513,0.0073607983,-0.12957984
53404000,0.027382236,0.04074283,-4.4458475,0.013884224,0.0070187994,-0.12897058
53412000,0.027326347,0.040709693,-4.4469013,0.01356582,0.0066247354,-0.12827726
53420000,0.027271384,0.040675495,-4.447949,0.0132602155,0.00626916,-0.1275861
53428000,0.027217368,0.040640574,-4.448991,0.012992857,0.0059319152,-0.12693082
53436000,0.027164375,0.04060474,-4.450027,0.0126850065,0.005546102,-0.12627496
53444000,0.027084045,0.040552553,-4.45106,0.012366114,0.0051542143,-0.12566292
53452000,0.027005024,0.04049956,-4.452088,0.0120854685,0.0047759833,-0.12508848
53460000,0.026927268,0.040445574,-4.45311,0.011761429,0.0043773837,-0.12447393
53468000,0.026851293,0.040390894,-4.4541273,0.011393241,0.004017521,-0.12384062
53476000,0.02676339,0.04030531,-4.4551315,0.011090759,0.0035993995,-0.12326503
53484000,0.02667705,0.04021892,-4.456131,0.010840937,0.0031550203,-0.12269302
53492000,0.02659213,0.0401315,-4.4571257,0.010559969,0.002705471,-0.12210925
53500000,0.02650862,0.04004325,-4.458115,0.010300624,0.0023127464,-0.12151511
53508000,0.026426546,0.039954394,-4.4591002,0.010058404,0.0019374994,-0.120924376
53516000,0.026328474,0.03984149,-4.460082,0.0097528,0.0015552025,-0.120368354
53524000,0.026231837,0.039728295,-4.4610596,0.009489208,0.0011508561,-0.11986226
53532000,0.02613677,0.039614663,-4.462033,0.009229863,0.0007302793,-0.1192344
53540000,0.026044382,0.03950039,-4.463001,0.008998528,0.00027696663,-0.11863574
53548000,0.025942506,0.0393655,-4.4639606,0.008722995,-6.700422e-05,-0.11810191
53556000,0.025842395,0.039230827,-4.4649334,0.008509675,-0.00043417377,-0.117609955
53564000,0.025744444,0.03909619,-4.465902,0.008365194,-0.0008121483,-0.117055304
53572000,0.025648516,0.038961653,-4.466865,0.008090566,-0.0011346808,-0.11649349
53580000,0.025543112,0.03881378,-4.467818,0.007841549,-0.0014650507,-0.11587968
53588000,0.02543953,0.038666304,-4.4687657,0.007612906,-0.001814198,-0.11530654
53596000,0.025337737,0.03851891,-4.4697084,0.0073767086,-0.0021700126,-0.11475473
53604000,0.02523768,0.038371757,-4.4706473,0.007156682,-0.0024989783,-0.114291154
53612000,0.025126683,0.038207147,-4.4715695,0.0069375867,-0.0027997817,-0.11376152
53620000,0.025017774,0.038043343,-4.4724874,0.006750648,-0.0031091988,-0.11321638
53628000,0.024911148,0.037880033,-4.473401,0.0065655517,-0.0034314347,-0.11267936
53636000,0.02480647,0.03771733,-4.47431,0.006324028,-0.0037207874,-0.11215383
53644000,0.024680885,0.03754361,-4.475206,0.006119099,-0.004078048,-0.11162687
53652000,0.024557771,0.037370242,-4.4760976,0.0059162974,-0.0044030338,-0.111065306
53660000,0.024437055,0.037197478,-4.476985,0.0057290955,-0.004720746,-0.110523514
53668000,0.024318948,0.03702511,-4.4778686,0.005582424,-0.005034033,-0.11001463
53676000,0.024208434,0.036837526,-4.478741,0.0054939673,-0.005400771,-0.109549694
53684000,0.024101028,0.03665009,-4.4796104,0.0054189945,-0.0057761227,-0.10910881
53692000,0.02399637,0.036462974,-4.4804764,0.005258398,-0.006113807,-0.10861278
53700000,0.02389403,0.036276426,-4.481339,0.005142984,-0.0064126686,-0.10803263
53708000,0.023796955,0.036072228,-4.4821944,0.005034555,-0.0067267967,-0.10753869
53716000,0.023702255,0.03586878,-4.4830465,0.004866795,-0.007036523,-0.10707655
53724000,0.023609519,0.035666194,-4.483896,0.004714205,-0.0073607108,-0.106694385
53732000,0.023519315,0.035464194,-4.4847426,0.004669301,-0.0076973783,-0.1062367
53740000,0.02343956,0.035246365,-4.485579,0.004622499,-0.008034118,-0.105747916
53748000,0.023363266,0.035029706,-4.486412,0.0045955195,-0.0083048595,-0.10528767
53756000,0.023289654,0.034814328,-4.4872427,0.004530706,-0.008568939,-0.10489482
53764000,0.023218537,0.034600075,-4.4880705,0.0045145573,-0.008841009,-0.10442664
53772000,0.023155278,0.034377046,-4.4888945,0.0044931476,-0.009130445,-0.103968695
53780000,0.023094548,0.034155343,-4.4897156,0.004480412,-0.009333038,-0.103500076
53788000,0.023036541,0.033935286,-4.4905334,0.004479393,-0.009555376,-0.103088774
53796000,0.022981014,0.033716585,-4.4913487,0.0044455444,-0.009766265,-0.10266703
53804000,0.022927823,0.033499315,-4.4921618,0.0044221804,-0.009989089,-0.10223743
53812000,0.022880409,0.033282258,-4.492976,0.0044144006,-0.010209603,-0.10177097
53820000,0.022835983,0.033066902,-4.4937873,0.0044064033,-0.010375021,-0.10128329
53828000,0.022794057,0.032853093,-4.4945955,0.0044399486,-0.010555323,-0.100854374
53836000,0.022754753,0.03264082,-4.495401,0.004446853,-0.010700804,-0.10050958
53844000,0.022724709,0.03242854,-4.496194,0.004468519,-0.010929013,-0.10013676
53852000,0.022697223,0.032217238,-4.496984,0.004515311,-0.011144109,-0.09971194
53860000,0.02267201,0.032007124,-4.497777,0.004498233,-0.01131601,-0.099282615
53868000,0.02264874,0.031798042,-4.4985676,0.0044892454,-0.0115485145,-0.09889568
53876000,0.022638386,0.031592462,-4.499347,0.0045469385,-0.011703723,-0.09851343
53884000,0.022630295,0.031388063,-4.500125,0.0046045585,-0.011884809,-0.0981455
53892000,0.022625126,0.031185035,-4.5009,0.004694109,-0.012049839,-0.09769889
53900000,0.022622226,0.030982977,-4.5016723,0.004716049,-0.012216467,-0.09725818
53908000,0.022616144,0.03076784,-4.5024405,0.00480198,-0.012326188,-0.09684498
53916000,0.022612587,0.030554445,-4.5032067,0.0048546293,-0.01244213,-0.096513376
53924000,0.022611374,0.030342372,-4.503971,0.004936161,-0.012653691,-0.096189626
53932000,0.022612588,0.030131474,-4.504733,0.005014305,-0.012767349,-0.09574639
53940000,0.02261524,0.029905314,-4.505483,0.0051261736,-0.012880876,-0.09530188
53948000,0.022620723,0.029681005,-4.506231,0.0052683186,-0.012996592,-0.09493301
53956000,0.022629132,0.029458921,-4.5069795,0.005348533,-0.013089857,-0.09463412
53964000,0.022639519,0.029238591,-4.507726,0.00534963,-0.013209791,-0.0942252
53972000,0.022652032,0.029000524,-4.508464,0.005449404,-0.013338826,-0.093790404
53980000,0.022666823,0.028764848,-4.5091987,0.0055298153,-0.0133496765,-0.09337668
53988000,0.022684073,0.028531909,-4.5099316,0.0056462726,-0.013406609,-0.09299843
53996000,0.022703689,0.028301474,-4.5106616,0.0057603,-0.013453041,-0.09263699
54004000,0.02272882,0.028057965,-4.511376,0.005869189,-0.0135488575,-0.092262134
54012000,0.022756219,0.027816698,-4.512088,0.005981334,-0.013678277,-0.09186292
54020000,0.022785703,0.027577696,-4.512798,0.0060469047,-0.013742112,-0.09150321
54028000,0.022817306,0.027341293,-4.513506,0.006156122,-0.013807177,-0.09108559
54036000,0.022869576,0.027112642,-4.5141945,0.006313092,-0.013844284,-0.09072819
54044000,0.022923775,0.026886502,-4.514882,0.0064258575,-0.013880782,-0.09040758
54052000,0.022979697,0.02666261,-4.5155683,0.006515884,-0.013927091,-0.09007192
54060000,0.023037024,0.02644091,-4.516256,0.0066007585,-0.014009736,-0.08964742
54068000,0.02309631,0.026221018,-4.516941,0.006779769,-0.014064605,-0.08926883
54076000,0.02316496,0.026009021,-4.517619,0.0069033266,-0.014058905,-0.088971235
54084000,0.023235274,0.025799243,-4.5182967,0.007034787,-0.014088041,-0.08863486
54092000,0.023307031,0.025591452,-4.518972,0.0071093175,-0.0141270235,-0.08824578
54100000,0.023380054,0.025385913,-4.5196457,0.007219928,-0.014119046,-0.087825574
54108000,0.023447938,0.025177667,-4.520309,0.0073923534,-0.014141397,-0.08746902
54116000,0.023517579,0.024971602,-4.5209713,0.0074751866,-0.014130055,-0.08717028
54124000,0.023588968,0.024767984,-4.5216327,0.007644922,-0.014082001,-0.08684663
54132000,0.023662062,0.024566924,-4.5222926,0.007735647,-0.014029706,-0.086489476
54140000,0.023735764,0.024380017,-4.5229483,0.007858734,-0.014020642,-0.08606896
54148000,0.02381103,0.024195028,-4.5236025,0.007960626,-0.013997622,-0.08570196
54156000,0.023887947,0.024012165,-4.5242662,0.008092332,-0.013936809,-0.08538622
54164000,0.023966473,0.023831723,-4.5249286,0.008223226,-0.01384502,-0.08512077
54172000,0.024038894,0.023661267,-4.5255876,0.008431596,-0.013825919,-0.084775575
54180000,0.024113432,0.023492532,-4.526245,0.008572227,-0.013785115,-0.08445089
54188000,0.024189975,0.023325805,-4.526901,0.00868801,-0.013711577,-0.08415685
54196000,0.024267906,0.02316104,-4.5275555,0.008758705,-0.013660048,-0.08389984
54204000,0.02433972,0.023002254,-4.5282164,0.008879155,-0.013572211,-0.08358887
54212000,0.02441337,0.022845516,-4.528877,0.008994679,-0.013483503,-0.08326269
54220000,0.024488911,0.02269083,-4.529535,0.009101223,-0.013375536,-0.082913265
54228000,0.024565993,0.022538668,-4.5301914,0.009188585,-0.013212003,-0.082619734
54236000,0.024631353,0.022401579,-4.53085,0.009264105,-0.013056734,-0.08240721
54244000,0.024698643,0.022266611,-4.5315075,0.009396632,-0.012944306,-0.082105294
54252000,0.024767712,0.022133432,-4.532163,0.00945844,-0.012848954,-0.0817774
54260000,0.024838425,0.022002036,-4.5328164,0.009529726,-0.012759299,-0.08145903
54268000,0.02488897,0.021885052,-4.533472,0.009537069,-0.012662812,-0.08113647
54276000,0.024941105,0.021769598,-4.534126,0.009545672,-0.012560143,-0.08087197
54284000,0.02499461,0.02165589,-4.5347776,0.00956691,-0.012417391,-0.080607876
54292000,0.025049621,0.021543961,-4.5354276,0.009599837,-0.012270486,-0.08024965
54300000,0.025087025,0.021453708,-4.536066,0.00967682,-0.012079651,-0.07987439
54308000,0.025126114,0.021364987,-4.5367074,0.009695588,-0.011941422,-0.07956565
54316000,0.025167082,0.021277789,-4.537347,0.009736787,-0.01176885,-0.079272956
54324000,0.025209682,0.021192253,-4.5379844,0.009745505,-0.01158456,-0.07893361
54332000,0.025253937,0.021108523,-4.5386195,0.0097849835,-0.011389643,-0.07861329
54340000,0.025275923,0.02102797,-4.5392365,0.00979466,-0.011217646,-0.07822238
54348000,0.025299914,0.020949198,-4.539851,0.009812702,-0.010999131,-0.0778833
54356000,0.025325866,0.020872414,-4.540483,0.00982337,-0.010789691,-0.07757663
54364000,0.025353305,0.020797396,-4.541112,0.0097708525,-0.010620915,-0.07723164
54372000,0.025357947,0.020715699,-4.5417166,0.009785605,-0.010452933,-0.07681576
54380000,0.02536439,0.020635495,-4.5423183,0.009746097,-0.01029212,-0.076396726
54388000,0.025372598,0.02055721,-4.5429177,0.009696788,-0.010103286,-0.07605069
54396000,0.025382722,0.020480463,-4.5435157,0.009712996,-0.010022573,-0.07588593
54404000,0.025370996,0.020392302,-4.5440893,0.009696573,-0.009923805,-0.075580865
54412000,0.025361445,0.020305708,-4.5446625,0.009649993,-0.00979516,-0.07524067
54420000,0.02535411,0.020221103,-4.545234,0.009652052,-0.009611932,-0.07488278
54428000,0.02534898,0.020138463,-4.545804,0.009607327,-0.009469978,-0.07452619
54436000,0.02531617,0.020055648,-4.5463514,0.00956753,-0.009337434,-0.074305855
54444000,0.02528592,0.01997449,-4.5468984,0.009514872,-0.009207159,-0.07399167
54452000,0.025257738,0.019895008,-4.5474443,0.009461128,-0.009060424,-0.07364239
54460000,0.025232,0.019817162,-4.5479884,0.009427842,-0.008931839,-0.073245205
54468000,0.02517025,0.01974049,-4.5485053,0.00937624,-0.00875259,-0.07286934
54476000,0.025111375,0.019665966,-4.5490212,0.0092771035,-0.008569018,-0.07256091
54484000,0.025055133,0.0195934,-4.5495367,0.0092097,-0.008403026,-0.07222456
54492000,0.025001405,0.019523013,-4.550051,0.009092176,-0.008183115,-0.071875386
54500000,0.02492453,0.01943609,-4.5505366,0.009005692,-0.008054308,-0.071531065
54508000,0.024850713,0.019351177,-4.551022,0.008917164,-0.0079034045,-0.07122392
54516000,0.024779659,0.019268041,-4.5515075,0.008850192,-0.0078022126,-0.07100782
54524000,0.024711417,0.019186549,-4.5519934,0.008740701,-0.0076799556,-0.070798226
54532000,0.024607027,0.019080639,-4.5524483,0.008629156,-0.0075583416,-0.07045312
54540000,0.024505876,0.01897732,-4.5529037,0.00848315,-0.0073654964,-0.070078254
54548000,0.0244078,0.018876802,-4.5533586,0.00839214,-0.0072045512,-0.06977263
54556000,0.02431331,0.018778693,-4.5538144,0.008352302,-0.007088031,-0.06958064
54564000,0.024186902,0.01865452,-4.554246,0.008249051,-0.0069916565,-0.069337
54572000,0.024064085,0.01853302,-4.554679,0.008082411,-0.006894279,-0.06908445
54580000,0.023944354,0.018414395,-4.5551124,0.00789762,-0.006727801,-0.068745054
54588000,0.023827508,0.018298248,-4.555547,0.007756875,-0.006631672,-0.06850315
54596000,0.023714101,0.018184459,-4.5559826,0.00769443,-0.0065606846,-0.06827991
54604000,0.023568142,0.01803993,-4.5563893,0.0075650164,-0.0064816703,-0.0680705
54612000,0.023426007,0.017898612,-4.556801,0.0074143847,-0.006341669,-0.067815796
54620000,0.023287669,0.017760351,-4.5572133,0.0073132245,-0.0062855417,-0.06750486
54628000,0.023153143,0.017624665,-4.557627,0.0071837236,-0.006232545,-0.06726368
54636000,0.022992037,0.017458953,-4.558024,0.007059338,-0.006073876,-0.06709445
54644000,0.022835137,0.01729717,-4.5584235,0.006924458,-0.0059667085,-0.066909224
54652000,0.022682276,0.017138844,-4.5588245,0.0068081156,-0.005889732,-0.06665097
54660000,0.022533214,0.016983274,-4.5592265,0.006673596,-0.0058669876,-0.06635551
54668000,0.0223431,0.016799005,-4.5596137,0.006506113,-0.005819576,-0.06612646
54676000,0.022157533,0.016618429,-4.560003,0.0063960175,-0.005771444,-0.065946415
54684000,0.021976855,0.016441166,-4.5603943,0.0062972712,-0.0057466347,-0.06582466
54692000,0.02180067,0.016267419,-4.560788,0.006151242,-0.005661979,-0.065651126
54700000,0.021570055,0.016068565,-4.5611706,0.0059648757,-0.0056069596,-0.06535551
54708000,0.021344757,0.015873326,-4.5615544,0.005817928,-0.0056203445,-0.06508192
54716000,0.021124609,0.015681634,-4.5619397,0.0056729144,-0.005595343,-0.06490929
54724000,0.02090963,0.015493571,-4.5623274,0.0055344976,-0.00551368,-0.06475464
54732000,0.020652266,0.015280841,-4.5627136,0.005347698,-0.0054685036,-0.0645079
54740000,0.020400513,0.015072436,-4.563102,0.0051739644,-0.005390764,-0.06429874
54748000,0.020154394,0.014868251,-4.5634913,0.00504899,-0.0053213243,-0.06411825
54756000,0.019914035,0.014668062,-4.5638824,0.0049320497,-0.0053124544,-0.063977435
54764000,0.01962575,0.014455573,-4.564286,0.0047298893,-0.005266863,-0.06388846
54772000,0.01934352,0.014247342,-4.564692,0.0045587053,-0.0052290694,-0.06371602
54780000,0.019067464,0.014042964,-4.5650992,0.0044032545,-0.0052153743,-0.06352983
54788000,0.018797167,0.01384256,-4.565507,0.004197371,-0.0051288432,-0.06337888
54796000,0.018480925,0.013638166,-4.5659156,0.00401113,-0.005073927,-0.06333523
54804000,0.01817118,0.013437587,-4.5663257,0.0037759736,-0.005074718,-0.06322667
54812000,0.017867547,0.013240479,-4.566741,0.0035981014,-0.005083921,-0.063089885
54820000,0.017570151,0.013047085,-4.5671573,0.0034038974,-0.0050278245,-0.06285071
54828000,0.01723045,0.012852765,-4.5675697,0.0031955333,-0.0050043566,-0.06272297
54836000,0.016897548,0.012662051,-4.567983,0.0030202565,-0.0049659307,-0.06260359
54844000,0.016571766,0.012475227,-4.5683985,0.0029083171,-0.0048870523,-0.06252244
54852000,0.016253099,0.012292015,-4.568815,0.002778549,-0.004848317,-0.06234874
54860000,0.015940983,0.012112529,-4.5692453,0.0026214912,-0.004767369,-0.06220794
54868000,0.015589403,0.011927247,-4.569676,0.0025079998,-0.004727804,-0.062067434
54876000,0.015245086,0.011745329,-4.570107,0.0022870975,-0.0047296993,-0.061991017
54884000,0.014907654,0.011566802,-4.5705395,0.0021602728,-0.004668543,-0.061911363
54892000,0.014577248,0.011391715,-4.570973,0.0019963686,-0.0046653906,-0.061776955
54900000,0.014207116,0.011219162,-4.571408,0.0018370594,-0.0046459245,-0.06159009
54908000,0.013844738,0.011050107,-4.571857,0.0016952492,-0.0045503783,-0.06144694
54916000,0.0134897195,0.010884757,-4.572307,0.001521705,-0.0044444096,-0.061395388
54924000,0.0131417755,0.010723004,-4.5727577,0.0013605943,-0.004383637,-0.061264228
54932000,0.012769949,0.010550773,-4.573198,0.0012508845,-0.004328523,-0.061122376
54940000,0.012405758,0.010382075,-4.573639,0.0011071615,-0.0042192894,-0.06097806
54948000,0.012048995,0.010217145,-4.57408,0.0009724991,-0.004153195,-0.060836617
54956000,0.0116998805,0.010055412,-4.5745316,0.00088723644,-0.004130079,-0.06067669
54964000,0.011342726,0.009900958,-4.5749683,0.00077555905,-0.0040700645,-0.060548775
54972000,0.010993227,0.009749975,-4.5754056,0.00068027386,-0.003939597,-0.06041436
54980000,0.010651304,0.009602706,-4.575843,0.0005953227,-0.003811488,-0.060228042
54988000,0.01031694,0.009458962,-4.5762796,0.00054836745,-0.0037055404,-0.05997529
54996000,0.0099655315,0.0093293935,-4.576695,0.0004689253,-0.0035975762,-0.059856895
55004000,0.00962192,0.009202738,-4.5771117,0.00041029858,-0.0035314206,-0.059752017
55012000,0.009285867,0.00907894,-4.577529,0.00039127163,-0.0034014909,-0.059559476
55020000,0.008957626,0.008958529,-4.577946,0.0003586104,-0.0032455318,-0.059352882
55028000,0.0086341575,0.008837997,-4.5783553,0.00038191257,-0.003128484,-0.059172582
55036000,0.008318367,0.008720557,-4.5787654,0.0003424614,-0.003015308,-0.05907652
55044000,0.008010079,0.008606385,-4.579177,0.00033773718,-0.0028479984,-0.058927845
55052000,0.0077092624,0.008495477,-4.5795884,0.00034048452,-0.00273764,-0.058748916
55060000,0.0074091507,0.00837949,-4.579994,0.00038917415,-0.002701743,-0.05852115
55068000,0.007116729,0.008266134,-4.5804005,0.0004268845,-0.0026203764,-0.05833884
55076000,0.006831352,0.008155536,-4.580807,0.00046731025,-0.0025315848,-0.058155917
55084000,0.0065532983,0.008048012,-4.5812144,0.00050635694,-0.0023773236,-0.05801101
55092000,0.006277365,0.007948199,-4.5816145,0.0005644116,-0.002267075,-0.0578219
55100000,0.006008672,0.007851408,-4.5820146,0.00059739273,-0.0021149674,-0.05757714
55108000,0.005747209,0.0077577103,-4.582417,0.00067002757,-0.0019741494,-0.05734691
55116000,0.005493056,0.007667047,-4.58282,0.0007661883,-0.0018183632,-0.057196245
55124000,0.0052460777,0.00757929,-4.5832233,0.0008718866,-0.001706325,-0.05706683
55132000,0.0050091366,0.0075012087,-4.583613,0.0009822291,-0.001544327,-0.05680262
55140000,0.004779169,0.0074260486,-4.5840025,0.0010840963,-0.0013783816,-0.056580856
55148000,0.004555544,0.0073538506,-4.584393,0.0011830888,-0.0011884687,-0.05646133
55156000,0.004338687,0.007284679,-4.5848136,0.0012850934,-0.0010408106,-0.05635019
55164000,0.004123534,0.0072300723,-4.585217,0.0014270344,-0.0009048417,-0.05619021
55172000,0.0039156,0.00717808,-4.58562,0.0015974726,-0.0007192631,-0.055963382
55180000,0.0037145447,0.0071288245,-4.586023,0.0017242649,-0.00052837236,-0.05575471
55188000,0.0035204487,0.0070821634,-4.586426,0.001920621,-0.00038385286,-0.05552304
55196000,0.0033136979,0.0070588766,-4.586805,0.002069343,-0.00017644763,-0.0553983
55204000,0.003114072,0.007037936,-4.587185,0.0022291662,-3.6749461e-06,-0.055250715
55212000,0.002921415,0.007019131,-4.587566,0.0023697938,0.00018972973,-0.05506271
55220000,0.0027347077,0.0070024133,-4.587947,0.002498835,0.00035489417,-0.054834753
55228000,0.0025361788,0.007011634,-4.588305,0.0026833382,0.00056710234,-0.054599147
55236000,0.0023449648,0.007022781,-4.588664,0.0028639794,0.0007642597,-0.054436125
55244000,0.0021609815,0.0070357337,-4.5890245,0.0030392616,0.0009631604,-0.05431024
55252000,0.001983764,0.0070506954,-4.5893855,0.0031727941,0.0012135558,-0.05409775
55260000,0.0017959918,0.007094959,-4.5897408,0.0033616791,0.0014301523,-0.053916562
55268000,0.0016155809,0.0071405796,-4.5900965,0.0035634814,0.0016388502,-0.05368498
55276000,0.0014425145,0.0071877167,-4.5904536,0.0037834668,0.0018711342,-0.053570963
55284000,0.0012765831,0.0072364123,-4.5908113,0.003964325,0.0021163789,-0.05337319
55292000,0.0010934832,0.0073111136,-4.5911713,0.004231368,0.0023516654,-0.05319886
55300000,0.000918179,0.00738688,-4.5915318,0.0044219857,0.0025652056,-0.052997828
55308000,0.00075027323,0.007463719,-4.591893,0.004676848,0.0028145397,-0.05280344
55316000,0.00058994745,0.0075419024,-4.5922546,0.004887759,0.0030553269,-0.052685734
55324000,0.0004100838,0.0076288884,-4.592627,0.0050872136,0.0032576006,-0.052568708
55332000,0.00023809238,0.007716774,-4.5930004,0.005355535,0.003484555,-0.052433204
55340000,7.394094e-05,0.007805849,-4.5933733,0.0055957385,0.003718675,-0.05223717
55348000,-8.244596e-05,0.007896325,-4.5937467,0.00585456,0.004023627,-0.05208085
55356000,-0.00024830826,0.007999299,-4.5941315,0.006085106,0.004263679,-0.051953234
55364000,-0.00040653764,0.008103157,-4.5945163,0.006294563,0.0044866973,-0.051830072
55372000,-0.00055733224,0.008208271,-4.5949006,0.0065220934,0.004767169,-0.051599648
55380000,-0.0007007431,0.008314519,-4.5952845,0.0067556244,0.005003059,-0.051428854
55388000,-0.00083675206,0.008422137,-4.5956683,0.007001762,0.0052905297,-0.051235456
55396000,-0.000979167,0.008549233,-4.5960693,0.0072459322,0.0056452537,-0.05106906
55404000,-0.0011140334,0.008677936,-4.5964694,0.007496328,0.005948098,-0.05089048
55412000,-0.0012416783,0.008807623,-4.596874,0.007716067,0.0061889067,-0.050734147
55420000,-0.0013621034,0.00893815,-4.597278,0.007968356,0.006425387,-0.05053934
55428000,-0.0014993628,0.009097231,-4.597698,0.008179662,0.006690224,-0.050394755
55436000,-0.0016291876,0.00925678,-4.5981174,0.00841235,0.0069456324,-0.050282102
55444000,-0.0017517924,0.009416688,-4.5985355,0.008646439,0.0071911234,-0.050119735
55452000,-0.0018669023,0.009577254,-4.598953,0.008952476,0.007474822,-0.04999197
55460000,-0.0019820519,0.00976836,-4.599383,0.009196624,0.0077239377,-0.049815267
55468000,-0.0020901365,0.009959529,-4.599811,0.00941129,0.008008429,-0.04963839
55476000,-0.002191248,0.010150896,-4.6002374,0.00968709,0.00828257,-0.049495067
55484000,-0.002285186,0.010342228,-4.600662,0.009952838,0.008517555,-0.04935111
55492000,-0.002384722,0.010564651,-4.6011043,0.010232223,0.008870604,-0.049152844
55500000,-0.0024779371,0.010787457,-4.6015434,0.010526584,0.009224311,-0.04900502
55508000,-0.0025640863,0.011010297,-4.6019807,0.010779326,0.009493555,-0.048790414
55516000,-0.0026435426,0.011232709,-4.6024156,0.011012635,0.009750324,-0.048560813
55524000,-0.002726209,0.011476365,-4.6028595,0.011270866,0.010100721,-0.048382085
55532000,-0.0028019133,0.011719595,-4.6033015,0.0115340585,0.0103057735,-0.048177354
55540000,-0.0028711741,0.011961565,-4.6037407,0.011734837,0.010492521,-0.04798564
55548000,-0.0029342182,0.012202502,-4.6041775,0.01195654,0.010716813,-0.047789454
55560000,-0.0029958969,0.012453169,-4.6046157,0.012219264,0.010981033,-0.0475986
55564000,-0.003050935,0.012703316,-4.605051,0.012496554,0.011253025,-0.047374174
55572000,-0.0031005908,0.012952918,-4.605484,0.012756342,0.011497933,-0.047187015
55580000,-0.003144011,0.013202024,-4.605914,0.012988842,0.01177216,-0.046973005
55588000,-0.00317635,0.013476381,-4.606353,0.013229605,0.012026995,-0.046826888
55596000,-0.003202602,0.013749591,-4.6067886,0.013542883,0.012248444,-0.046646338
55604000,-0.0032222085,0.014021527,-4.607222,0.013902809,0.012453169,-0.0464545
55612000,-0.0032356307,0.014292107,-4.607653,0.014149843,0.012652868,-0.046288427
55620000,-0.0032381702,0.01456973,-4.608086,0.014440744,0.012900069,-0.046040434
55628000,-0.0032351264,0.014846174,-4.6085157,0.014658229,0.0130878985,-0.045805495
55636000,-0.0032275864,0.015121529,-4.6089425,0.01492732,0.01332645,-0.045584984
55644000,-0.0032146212,0.015395828,-4.6093664,0.015168218,0.013521099,-0.045354433
55652000,-0.0031963305,0.015668985,-4.609787,0.015437209,0.01374663,-0.04507326
55660000,-0.0031597114,0.015949199,-4.610211,0.01571852,0.0139671415,-0.04474778
55668000,-0.0031177383,0.016228268,-4.6106315,0.016053692,0.014172565,-0.04443054
55676000,-0.003070237,0.01650608,-4.611048,0.016362447,0.014362238,-0.044148035
55684000,-0.0030176223,0.016782593,-4.611461,0.0166615,0.014562522,-0.04386665
55692000,-0.002962633,0.01705584,-4.6118827,0.016917218,0.014708575,-0.04357594
55700000,-0.0029025185,0.017327629,-4.6123,0.01724517,0.014851407,-0.0432471
55708000,-0.002838191,0.017598202,-4.612727,0.017551843,0.014989466,-0.04290347
55716000,-0.0027686378,0.017867286,-4.613151,0.017858606,0.015134037,-0.04270421
55724000,-0.00269988,0.01815046,-4.613586,0.018149398,0.01525986,-0.042503055
55732000,-0.002626129,0.01843188,-4.614017,0.018432414,0.015417827,-0.04223649
55740000,-0.0025475228,0.018711796,-4.614444,0.018713208,0.015548232,-0.04201143
55748000,-0.002464331,0.018989805,-4.614867,0.018949589,0.015641168,-0.041797813
55756000,-0.002375295,0.019278308,-4.615321,0.019230565,0.01581736,-0.041565586
55764000,-0.0022816241,0.019565165,-4.6157703,0.0194967,0.015938438,-0.041394558
55772000,-0.0021833673,0.019849913,-4.6162157,0.019776624,0.016023465,-0.041160878
55780000,-0.0020813975,0.020132832,-4.6166563,0.02004474,0.016083594,-0.040981665
55788000,-0.0019783454,0.020425638,-4.617104,0.020288283,0.016218439,-0.040783625
55796000,-0.0018707843,0.0207164,-4.617547,0.020603865,0.016275637,-0.04057964
55804000,-0.0017583725,0.021004608,-4.6179857,0.020897856,0.016346734,-0.040322337
55812000,-0.0016414634,0.021290632,-4.6184196,0.021197751,0.016434202,-0.040077116
55820000,-0.0015199833,0.021574369,-4.6188493,0.021512007,0.0164671,-0.039844602
55828000,-0.0013865805,0.021859393,-4.6192813,0.021770407,0.016503325,-0.039520312
55836000,-0.0012491766,0.022141851,-4.619708,0.022051467,0.016537106,-0.039237417
55844000,-0.0011075443,0.022421917,-4.6201296,0.022349631,0.01659183,-0.03887935
55852000,-0.00096432754,0.022710653,-4.6205544,0.022611402,0.016618822,-0.038492918
55860000,-0.0008169861,0.022996916,-4.620974,0.022918778,0.01670597,-0.03817844
55868000,-0.00066558877,0.02328095,-4.6213884,0.023185395,0.016752943,-0.03779548
55876000,-0.0005104961,0.02356269,-4.621797,0.02340239,0.01683406,-0.037470587
55884000,-0.00035721532,0.023852475,-4.622206,0.023603242,0.016848529,-0.037154082
55892000,-0.00020045723,0.024139255,-4.6226106,0.02382766,0.01682112,-0.036828995
55900000,-3.992405e-05,0.024423102,-4.6230097,0.024123838,0.016834754,-0.036513846
55908000,0.00012462924,0.024704436,-4.6234055,0.024415141,0.016863551,-0.03619814
55916000,0.0002923687,0.024983475,-4.6237965,0.024650194,0.01685385,-0.035903774
55924000,0.0004744974,0.025258446,-4.6241913,0.024899978,0.016845072,-0.035629366
55932000,0.0006598774,0.025530588,-4.624581,0.025127565,0.016815426,-0.035279807
55940000,0.00084839517,0.025800258,-4.6249657,0.025382916,0.016854998,-0.035005342
55948000,0.0010400239,0.026067555,-4.6253457,0.025593925,0.016846618,-0.03478232
55956000,0.0012397049,0.02631202,-4.625732,0.02580851,0.016779102,-0.03452739
55964000,0.00144213,0.026553955,-4.6261134,0.026046243,0.01671103,-0.03426018
55972000,0.0016474033,0.02679341,-4.6264896,0.02623801,0.016666671,-0.03396234
55980000,0.0018552277,0.027030723,-4.626861,0.026453918,0.01663606,-0.033660494
55988000,0.0020574448,0.027248682,-4.627223,0.026649497,0.016533263,-0.033398733
55996000,0.0022624938,0.027464436,-4.6275806,0.026872182,0.016446725,-0.033159103
56004000,0.0024703317,0.02767787,-4.627934,0.027050795,0.016343478,-0.032918002
56012000,0.002680505,0.027888939,-4.628283,0.027227491,0.016231991,-0.032598253
56020000,0.002895968,0.028078794,-4.628621,0.02742848,0.016050695,-0.032303423
56028000,0.0031138316,0.02826628,-4.6289544,0.027596114,0.015912259,-0.031986117
56036000,0.0033337616,0.028451422,-4.629284,0.027719177,0.015731443,-0.031689297
56044000,0.003555752,0.028634224,-4.6296086,0.027891167,0.015586229,-0.031401392
56052000,0.003776664,0.028791465,-4.6299143,0.028034959,0.015425847,-0.031114323
56060000,0.003999354,0.028947193,-4.6302314,0.02816725,0.015219151,-0.030803414
56068000,0.004223862,0.029100806,-4.630544,0.028274784,0.015028127,-0.030555006
56076000,0.00444998,0.029252239,-4.630853,0.028381322,0.014823453,-0.030309638
56084000,0.004683289,0.029374676,-4.6311493,0.028523784,0.0145792775,-0.030116685
56096000,0.0049183294,0.029495236,-4.6314416,0.028652336,0.014350206,-0.029891556
56100000,0.005155028,0.029613936,-4.6317306,0.028794808,0.014123524,-0.029579543
56108000,0.005393442,0.029730791,-4.632027,0.02891957,0.0138874445,-0.029232875
56116000,0.0056411284,0.02981681,-4.632318,0.029086955,0.013628548,-0.028974775
56124000,0.0058903764,0.029901316,-4.632605,0.029208584,0.013357863,-0.02867831
56132000,0.006140728,0.02998465,-4.6328874,0.029316677,0.013085235,-0.0283725
56140000,0.0063924734,0.030066501,-4.6331663,0.0294508,0.012846167,-0.028138146
56148000,0.006642541,0.030132888,-4.6334543,0.029523067,0.012567639,-0.027914306
56156000,0.006893727,0.03019767,-4.633733,0.02961948,0.012261319,-0.027748697
56164000,0.0071461983,0.030261163,-4.6340084,0.029759746,0.012059311,-0.027579183
56172000,0.0073998845,0.030323694,-4.6342807,0.029820547,0.011816739,-0.027304104
56180000,0.0076545826,0.030384738,-4.6345487,0.029956764,0.011556421,-0.027073424
56188000,0.00792155,0.030431982,-4.634827,0.030048558,0.011255818,-0.02685014
56196000,0.008189239,0.030478153,-4.6351013,0.03010345,0.010950039,-0.026636697
56204000,0.008457569,0.030522881,-4.635372,0.030186664,0.010680437,-0.026397366
56212000,0.00872667,0.030566229,-4.6356406,0.030279124,0.010405754,-0.026147103
56220000,0.008994076,0.030606987,-4.6359158,0.030391183,0.0101346,-0.025871525
56228000,0.009262397,0.030646475,-4.636187,0.030471817,0.009896145,-0.025639817
56236000,0.009531284,0.030684704,-4.636455,0.03049933,0.009601739,-0.0254285
56244000,0.009800585,0.030721005,-4.636719,0.030536631,0.009248858,-0.025255408
56252000,0.010080558,0.030764034,-4.636988,0.030559562,0.008948972,-0.025107808
56260000,0.010360613,0.030805234,-4.6372514,0.03055522,0.008661818,-0.024922743
56268000,0.010640782,0.0308455,-4.6375113,0.03059629,0.008453309,-0.024777368
56276000,0.010921479,0.0308844,-4.637768,0.030703386,0.008185161,-0.02458971
56284000,0.011214975,0.030941797,-4.6380386,0.030752985,0.007938457,-0.024380444
56292000,0.0115084965,0.03099742,-4.6383057,0.030829925,0.0077479687,-0.02417052
56300000,0.011802033,0.031051511,-4.6385684,0.030837893,0.0075215753,-0.02394203
56308000,0.012095302,0.031103818,-4.638829,0.030876158,0.007285,-0.023727221
56316000,0.012400853,0.031158183,-4.639112,0.030952187,0.007062634,-0.023551833
56324000,0.012706281,0.031210896,-4.6393905,0.031006193,0.0068312977,-0.023364825
56332000,0.013011636,0.031261366,-4.639665,0.031077875,0.0065471665,-0.023210792
56340000,0.013317172,0.03131034,-4.6399364,0.03112702,0.0063068364,-0.023105424
56348000,0.013640412,0.031351816,-4.640224,0.031224778,0.006020536,-0.022956857
56356000,0.013963269,0.031391025,-4.640537,0.031231847,0.005724084,-0.02281132
56364000,0.0142848315,0.03142821,-4.6408443,0.031184472,0.005476358,-0.022660175
56372000,0.0146053545,0.031463582,-4.641147,0.03119892,0.0052258344,-0.022481564
56380000,0.014944123,0.031489052,-4.6414585,0.0312438,0.0050003044,-0.022324193
56388000,0.015281606,0.031513136,-4.6417646,0.031210683,0.004780912,-0.022113314
56396000,0.015617685,0.0315356,-4.6420655,0.031218074,0.0044972603,-0.02192232
56404000,0.015952732,0.031555906,-4.6423616,0.031245288,0.0041699186,-0.021781612
56412000,0.016296038,0.031569485,-4.6426735,0.031301185,0.0039743227,-0.021623941
56420000,0.016638368,0.03158194,-4.6429806,0.031327605,0.0037625346,-0.021494078
56428000,0.016979665,0.03159316,-4.643283,0.03137429,0.0035350977,-0.021332528
56436000,0.017319709,0.031603042,-4.64358,0.03134232,0.0033272123,-0.021149548
56444000,0.017658591,0.03161171,-4.6438723,0.03137714,0.0031128677,-0.020962056
56452000,0.018005442,0.031592548,-4.64416,0.031435207,0.002870605,-0.02077541
56460000,0.018351404,0.03157215,-4.6444364,0.031474367,0.00256622,-0.020582374
56468000,0.018696168,0.031550713,-4.644708,0.03147762,0.0023355999,-0.020410387
56476000,0.019039968,0.031528775,-4.6449757,0.03143971,0.002123573,-0.020220343
56484000,0.019385524,0.031482104,-4.645229,0.031466257,0.0018873793,-0.020040665
56492000,0.019730084,0.031434774,-4.645478,0.031512793,0.0016153523,-0.019786773
56500000,0.020073524,0.031386845,-4.6457224,0.03148916,0.0013535547,-0.01958759
56508000,0.020415511,0.031338174,-4.645966,0.031460416,0.0010957549,-0.019426662
56516000,0.020759353,0.03127616,-4.6461973,0.031463604,0.0008158561,-0.019238913
56524000,0.021101944,0.03121374,-4.646425,0.03144082,0.0005894511,-0.018976374
56532000,0.02144322,0.03115107,-4.646648,0.03142799,0.0003565306,-0.018766006
56540000,0.021783488,0.031088077,-4.6468673,0.03147454,0.00012120027,-0.018555373
56548000,0.022114307,0.031010738,-4.6470838,0.031453017,-0.00013691527,-0.018342467
56556000,0.022443825,0.030933108,-4.647297,0.031392127,-0.00040174666,-0.018149184
56564000,0.022772068,0.03085522,-4.6475067,0.031335987,-0.0006418331,-0.017988047
56572000,0.023098927,0.030777074,-4.647713,0.03126652,-0.000891211,-0.0177957
56580000,0.023404827,0.030681698,-4.6479287,0.031186236,-0.0011886104,-0.017622832
56588000,0.023709595,0.030586375,-4.648141,0.031074455,-0.0013884372,-0.017489433
56596000,0.024013283,0.030490892,-4.6483493,0.031008558,-0.0016991798,-0.017284121
56604000,0.024316054,0.030395133,-4.6485543,0.03090846,-0.0019229673,-0.01715282
56612000,0.024603037,0.0303077,-4.648772,0.03083031,-0.0021149826,-0.017003542
56620000,0.02488984,0.030220443,-4.648986,0.030707102,-0.002337129,-0.01686035
56628000,0.025175571,0.030132882,-4.6491966,0.030568032,-0.0025847885,-0.01675428
56636000,0.025460007,0.03004494,-4.6494045,0.03040305,-0.002787336,-0.01664651
56644000,0.025722073,0.02995378,-4.649628,0.03025469,-0.0029732937,-0.016493896
56652000,0.025983537,0.029862495,-4.6498485,0.030138567,-0.0031796335,-0.016339358
56660000,0.026244573,0.029771144,-4.650062,0.03001621,-0.0033862893,-0.016247008
56668000,0.026505303,0.029679554,-4.650273,0.029946852,-0.003597975,-0.016091201
56676000,0.026740799,0.029594066,-4.650503,0.029761646,-0.0037129282,-0.015975222
56684000,0.0269761,0.02950879,-4.6507297,0.029628366,-0.0038987517,-0.015867388
56692000,0.02721166,0.029423391,-4.6509523,0.029450512,-0.004066671,-0.01568611
56700000,0.027446808,0.02933825,-4.6511707,0.02929818,-0.0041597015,-0.015524559
56708000,0.027681518,0.029253358,-4.6513867,0.029099165,-0.0043242774,-0.015397783
56716000,0.027913854,0.029169127,-4.6516213,0.028871376,-0.00447498,-0.015279367
56724000,0.028145473,0.029085029,-4.651852,0.028706288,-0.004618841,-0.015113901
56732000,0.028376821,0.029000776,-4.652078,0.028553948,-0.004788278,-0.014966792
56740000,0.028607378,0.028916394,-4.6523004,0.028325649,-0.0049295574,-0.0148432
56748000,0.028831074,0.028834933,-4.6525273,0.028147798,-0.005037034,-0.01472623
56760000,0.029054781,0.028753703,-4.6527586,0.027934605,-0.005154501,-0.014634378
56764000,0.029277716,0.028672615,-4.652986,0.027706556,-0.0052459375,-0.01455123
56772000,0.029499773,0.02859177,-4.65321,0.027493242,-0.0053621964,-0.014468585
56780000,0.029713867,0.02851415,-4.6534286,0.027264213,-0.005522456,-0.014329971
56788000,0.029927317,0.028436398,-4.6536427,0.027052267,-0.0056126616,-0.014154365
56796000,0.03014028,0.028358998,-4.653853,0.026879087,-0.00568817,-0.014054473
56804000,0.030352943,0.028281722,-4.65406,0.026702896,-0.0058017913,-0.013959512
56812000,0.03055539,0.028217014,-4.6542606,0.026460622,-0.0059255892,-0.013872954
56820000,0.030757248,0.028152013,-4.654458,0.026263075,-0.0060089557,-0.01379722
56828000,0.030959401,0.028087037,-4.654652,0.026071606,-0.006050274,-0.013655048
56836000,0.031161442,0.028022373,-4.654843,0.025908552,-0.0061014025,-0.013535695
56844000,0.03134228,0.027976537,-4.655034,0.025688628,-0.006208567,-0.013426085
56852000,0.031522967,0.027930202,-4.655222,0.025464796,-0.0062379017,-0.013301576
56860000,0.031703476,0.02788391,-4.6553965,0.0252556,-0.006293094,-0.013154283
56868000,0.03188383,0.027836815,-4.6555676,0.025042389,-0.006445135,-0.013003059
56876000,0.03206371,0.027788868,-4.655736,0.024794767,-0.006546623,-0.012833081
56884000,0.03221257,0.027744755,-4.65591,0.024520772,-0.0066364612,-0.012617433
56892000,0.032361466,0.027700273,-4.6560807,0.024283316,-0.00666746,-0.012468519
56900000,0.032511283,0.027655385,-4.656248,0.024071468,-0.006732234,-0.012283263
56908000,0.032613438,0.027612308,-4.6564207,0.023863284,-0.006773567,-0.012159133
56916000,0.032716863,0.02756906,-4.65659,0.023618903,-0.006787173,-0.012021013
56924000,0.032821238,0.027526006,-4.6567564,0.023365166,-0.006754993,-0.011857442
56932000,0.032926235,0.027483096,-4.6569195,0.023094025,-0.0067731384,-0.011726296
56940000,0.03297907,0.02745146,-4.657096,0.022768158,-0.006769696,-0.011665485
56948000,0.033033296,0.027419725,-4.65727,0.022481015,-0.0067920582,-0.01155484
56956000,0.033088934,0.02738745,-4.6574097,0.02217267,-0.0068504317,-0.011416627
56964000,0.033145636,0.027354684,-4.657547,0.021845816,-0.0068771895,-0.011329868
56972000,0.033203695,0.027321514,-4.657682,0.021463774,-0.0068839863,-0.011199158
56980000,0.033208385,0.027305925,-4.657825,0.021102652,-0.0068438174,-0.01102493
56988000,0.033214543,0.027289998,-4.657965,0.020712215,-0.0068661026,-0.010836585
56996000,0.03322198,0.027273528,-4.6581025,0.020339562,-0.006858045,-0.01068387
57004000,0.033230804,0.027256748,-4.6582375,0.01999517,-0.0068133776,-0.010513559
57012000,0.033189822,0.027252067,-4.658373,0.019599225,-0.0067366604,-0.010364464
57020000,0.033150848,0.027247248,-4.658506,0.019212091,-0.006673257,-0.010194473
57028000,0.033113685,0.027242308,-4.658636,0.01880967,-0.0066227256,-0.010026669
57036000,0.033078764,0.027236298,-4.6587644,0.018434955,-0.006695463,-0.009920374
57044000,0.032988355,0.027222708,-4.6588964,0.018041957,-0.0066677732,-0.009755278
57052000,0.03290027,0.027208947,-4.659026,0.017578015,-0.0066291,-0.0096381875
57060000,0.032814134,0.027195174,-4.6591434,0.017126614,-0.0065858825,-0.009490879
57068000,0.032730144,0.027181115,-4.659259,0.016723212,-0.0065791933,-0.009380019
57076000,0.032607604,0.027157363,-4.6593823,0.016308447,-0.0065966896,-0.009245527
57084000,0.032487787,0.02713334,-4.6595035,0.015906516,-0.006600825,-0.009081711
57092000,0.032370742,0.027109263,-4.659622,0.015481441,-0.0065698554,-0.008929627
57100000,0.03225584,0.027085405,-4.6597385,0.015030183,-0.006508893,-0.008804088
57108000,0.032108326,0.027048388,-4.6598544,0.014611473,-0.0065114275,-0.008682809
57116000,0.031963605,0.027011404,-4.6599684,0.014189278,-0.0065329233,-0.008573508
57124000,0.031821772,0.026974449,-4.6600804,0.013789452,-0.0065400777,-0.008566682
57132000,0.031682786,0.026937641,-4.660191,0.013428426,-0.0065339156,-0.008484855
57140000,0.031516947,0.026887082,-4.6602936,0.012953222,-0.0064753355,-0.008363097
57148000,0.031353705,0.026837375,-4.660394,0.012511097,-0.006454383,-0.008244114
57156000,0.03119307,0.026788035,-4.660488,0.012080894,-0.0064739413,-0.008130467
57164000,0.031035041,0.026739175,-4.6605806,0.011651659,-0.006458622,-0.007944488
57172000,0.030851392,0.026684677,-4.660657,0.011184462,-0.006455163,-0.007863093
57180000,0.030671455,0.026630627,-4.6607323,0.010823272,-0.0064242366,-0.0077952277
57188000,0.030494647,0.026577044,-4.6608067,0.010426594,-0.006445517,-0.0077096857
57196000,0.03032079,0.026523998,-4.6608796,0.010096535,-0.006432852,-0.0075866403
57204000,0.030118776,0.026463956,-4.6609373,0.009683145,-0.006420153,-0.0074848603
57212000,0.029919809,0.02640464,-4.6609764,0.00928419,-0.0064024827,-0.007401706
57220000,0.029723935,0.026346166,-4.6610146,0.008893535,-0.0063742236,-0.0072010085
57228000,0.029530952,0.026288157,-4.661052,0.008488291,-0.0064242734,-0.0070529985
57236000,0.029340588,0.026230419,-4.661089,0.008068381,-0.006425522,-0.0068555507
57244000,0.0291135,0.026169915,-4.6611123,0.0076261344,-0.006403408,-0.0067095677
57252000,0.02889028,0.026109612,-4.6611357,0.0072555593,-0.006423372,-0.006575672
57260000,0.028670596,0.026049895,-4.66114,0.0069040987,-0.0064028753,-0.006404953
57268000,0.02845396,0.025991067,-4.661144,0.006461385,-0.0063508903,-0.0062494697
57276000,0.028212883,0.025940144,-4.6611495,0.00603626,-0.0063219448,-0.0061279507
57284000,0.027975501,0.025889914,-4.6611557,0.0057372754,-0.006282377,-0.006063337
57292000,0.027741969,0.025840089,-4.6611624,0.0053938855,-0.0062924223,-0.0059540104
57300000,0.027511748,0.025790514,-4.6611686,0.0050072987,-0.006307575,-0.005802433
57308000,0.027266879,0.025740549,-4.6611776,0.004659995,-0.00627607,-0.0056618815
57316000,0.027026024,0.025691085,-4.661186,0.0042791334,-0.0062130466,-0.0055155107
57324000,0.026788473,0.02564218,-4.6611943,0.003925222,-0.0061889337,-0.005411339
57332000,0.026554205,0.025593711,-4.6612024,0.0035867486,-0.0061678654,-0.005324477
57340000,0.026310869,0.0255315,-4.661223,0.0032408442,-0.0062031997,-0.0052179703
57348000,0.026071284,0.025469754,-4.661244,0.0029973867,-0.006187623,-0.0051552174
57356000,0.025835551,0.025408601,-4.66127,0.0027047873,-0.006177897,-0.005080276
57364000,0.025603049,0.025347663,-4.6612964,0.002351932,-0.0062461803,-0.0050151222
57372000,0.025365252,0.025273653,-4.661339,0.0020646523,-0.0062054344,-0.004958611
57380000,0.025131231,0.025200527,-4.661381,0.0018216006,-0.0062090578,-0.0049671647
57388000,0.02490138,0.025127621,-4.6614227,0.0015834583,-0.006262112,-0.0049139094
57396000,0.02467491,0.025055228,-4.6614637,0.001271974,-0.006251161,-0.004905037
57404000,0.024447883,0.024981378,-4.6615167,0.0010417845,-0.006299592,-0.004894984
57412000,0.024224425,0.024907904,-4.661562,0.0008114806,-0.006325634,-0.0048780856
57420000,0.024004363,0.024835043,-4.661607,0.00057222904,-0.0063032727,-0.004876645
57428000,0.023787795,0.024762835,-4.6616516,0.00038031064,-0.006316176,-0.0048783114
57436000,0.023569778,0.024683597,-4.661706,0.00020701655,-0.0063344683,-0.0048959595
57444000,0.02335556,0.024605028,-4.66176,3.477576e-05,-0.0063321185,-0.004886761
57452000,0.023145009,0.024527116,-4.6618133,-0.0001309593,-0.00635135,-0.00484318
57460000,0.022938374,0.024449648,-4.661847,-0.0003188522,-0.0063531855,-0.00482341
57468000,0.022716185,0.024375267,-4.661891,-0.00055461813,-0.0063918484,-0.00480515
57476000,0.022497684,0.024301158,-4.661935,-0.0007060204,-0.006442522,-0.0047942414
57484000,0.022282887,0.02422709,-4.661978,-0.0008747856,-0.0064949095,-0.004719654
57492000,0.022071602,0.024153184,-4.66202,-0.0010556828,-0.0065445337,-0.0047058724
57500000,0.021863706,0.024079572,-4.6620626,-0.0012176927,-0.006550299,-0.004653266
57508000,0.021647394,0.024011463,-4.6621127,-0.0013080017,-0.006591818,-0.004662204
57516000,0.021435246,0.02394342,-4.6621623,-0.0014185067,-0.006633516,-0.004648191
57524000,0.02122678,0.023875568,-4.662212,-0.0015448735,-0.0066209603,-0.004631349
57532000,0.02102247,0.023808178,-4.6622605,-0.0016311712,-0.006608739,-0.004615646
57540000,0.02079562,0.023746697,-4.662316,-0.0017419269,-0.006603731,-0.0045886296
57548000,0.020572886,0.023685778,-4.662371,-0.0018385195,-0.0065719755,-0.004593682
57556000,0.020354357,0.02362517,-4.6624246,-0.0019527243,-0.006553216,-0.0045506833
57564000,0.0201396,0.02356513,-4.6624775,-0.0020804806,-0.0065359743,-0.004506026
57572000,0.01991597,0.023502437,-4.662542,-0.002191412,-0.0065370323,-0.0044621606
57580000,0.019696454,0.023440346,-4.6626053,-0.0022777535,-0.006492093,-0.004416982
57588000,0.019481093,0.023378748,-4.6626678,-0.002344409,-0.0064855,-0.0044268067
57596000,0.019270167,0.023317719,-4.66273,-0.0023411377,-0.006443034,-0.0044311485
57604000,0.019059082,0.02326991,-4.662808,-0.0023908808,-0.006373792,-0.0044570905
57612000,0.018852156,0.023222744,-4.6629043,-0.0024241565,-0.0063254223,-0.0044831797
57620000,0.0186494,0.023175946,-4.6629987,-0.0024452466,-0.00629218,-0.0044746534
57628000,0.018450748,0.023129474,-4.663092,-0.0024743641,-0.006277238,-0.0045149093
57636000,0.018250654,0.023087798,-4.663206,-0.0025214131,-0.0062445635,-0.004539281
57644000,0.018054342,0.023046559,-4.6633186,-0.0025520597,-0.006185928,-0.0045118285
57652000,0.017862322,0.023005953,-4.663429,-0.0025356745,-0.006103101,-0.004500542
57660000,0.017674228,0.022966005,-4.6635375,-0.0025437588,-0.00603168,-0.0045096655
57668000,0.017481972,0.022930896,-4.6636605,-0.00256676,-0.0059734606,-0.0044906964
57676000,0.017293768,0.02289643,-4.663781,-0.0025580726,-0.005901246,-0.0044605522
57684000,0.017109293,0.022862487,-4.6638994,-0.0026153205,-0.005837745,-0.004465956
57692000,0.016928384,0.022828883,-4.664016,-0.0026276477,-0.005812262,-0.0044450066
57700000,0.016731253,0.022802625,-4.6641493,-0.0025965797,-0.005741611,-0.004442406
57708000,0.016538436,0.02277702,-4.6642795,-0.0025897534,-0.005649032,-0.004428923
57716000,0.016349562,0.022751812,-4.664407,-0.0026141768,-0.005610137,-0.0043801866
57724000,0.016164541,0.022727095,-4.6645317,-0.0026021,-0.0055120243,-0.004373999
57732000,0.015957769,0.022701677,-4.6646733,-0.002643187,-0.005462087,-0.0043126126
57740000,0.015754733,0.022676872,-4.6648116,-0.0027018075,-0.005402889,-0.0042892247
57748000,0.015555767,0.022652427,-4.6649475,-0.0026631723,-0.005358589,-0.0042419448
57756000,0.015361432,0.022628346,-4.665106,-0.0026061197,-0.0053091696,-0.0041921027
57764000,0.01517131,0.022604985,-4.665261,-0.0025959217,-0.005177517,-0.0041400343
57772000,0.014968873,0.02257398,-4.665428,-0.0025285417,-0.0050638453,-0.0040676105
57780000,0.014771113,0.02254389,-4.6655917,-0.0024891316,-0.0050115287,-0.0040051457
57788000,0.014577627,0.0225144,-4.6657515,-0.0024739383,-0.0049477844,-0.0039465195
57796000,0.014388314,0.022485606,-4.665908,-0.0024642688,-0.0048976364,-0.003940437
57804000,0.014202374,0.022453101,-4.666074,-0.0024431157,-0.004838215,-0.0038822272
57812000,0.014020445,0.022421498,-4.666252,-0.002390026,-0.004803998,-0.0037166309
57820000,0.013842933,0.022390468,-4.6664257,-0.0022812898,-0.004751791,-0.0036589266
57828000,0.013670076,0.022360131,-4.6665955,-0.0021865359,-0.004704817,-0.0036131265
57836000,0.013496461,0.022320086,-4.666775,-0.0021178205,-0.004664893,-0.0034584575
57844000,0.013327112,0.022280797,-4.6669507,-0.0020237074,-0.004623375,-0.0033685854
57852000,0.013162141,0.022242503,-4.6671214,-0.001954161,-0.0045421966,-0.0032787737
57860000,0.013001328,0.022205085,-4.6672916,-0.0018488503,-0.004513541,-0.0031812808
57868000,0.012841863,0.02215732,-4.66747,-0.0017466386,-0.0044208495,-0.0030689114
57876000,0.012686203,0.022111002,-4.667644,-0.001692604,-0.004381586,-0.002942983
57884000,0.01253457,0.022065535,-4.667813,-0.0015664805,-0.0043463614,-0.0027514724
57892000,0.012387506,0.022021089,-4.667977,-0.0014123779,-0.0043057366,-0.0025629809
57900000,0.012254454,0.021965932,-4.668139,-0.0012634648,-0.004288112,-0.0024102882
57908000,0.012125597,0.02191194,-4.6683016,-0.0011271164,-0.004209981,-0.002225439
57916000,0.012000657,0.021859476,-4.6684594,-0.0010242044,-0.0041314918,-0.0019675537
57924000,0.011879586,0.021808127,-4.6686115,-0.0009082347,-0.004116807,-0.0016478419
57932000,0.011754518,0.021745253,-4.6687493,-0.0008288558,-0.004047884,-0.001277244
57940000,0.011633389,0.021683872,-4.6688814,-0.00068947586,-0.0040096636,-0.00085149345
57948000,0.011516083,0.021623626,-4.669007,-0.00051262096,-0.0040628877,-0.00031145115
57956000,0.01140327,0.021564245,-4.6691046,-0.00033228222,-0.0040310547,0.00010450057
57964000,0.01129252,0.021504676,-4.66919,-0.00023083342,-0.0040334496,0.00057174754
57972000,0.011185858,0.021445971,-4.6692696,-5.0875962e-05,-0.00404294,0.0010461576
57980000,0.01108328,0.021388192,-4.669343,7.037724e-05,-0.0040207077,0.0016091837
57988000,0.010984355,0.021331543,-4.66941,0.00020278357,-0.0039767665,0.0020488207
57996000,0.010896642,0.021286363,-4.669465,0.0003946862,-0.0039464426,0.0024740102
58004000,0.010813108,0.021242134,-4.6695457,0.0006103453,-0.003879164,-0.007210752
58012000,0.010733533,0.021198977,-4.6697655,0.0007559616,-0.0038457674,-0.03140238
58020000,0.01065687,0.021156939,-4.67021,0.00082289544,-0.0037887034,-0.06300685
58028000,0.010583611,0.021115914,-4.6709175,0.0010355915,-0.0037302542,-0.09725596
58036000,0.010519829,0.021088963,-4.6718993,0.0014717253,-0.0036680305,-0.13237607
58044000,0.010463475,0.021062836,-4.673163,0.00235926,-0.0035880834,-0.16809896
58052000,0.01041877,0.021037364,-4.6747136,0.0038683726,-0.0035500359,-0.20440806
58060000,0.010391577,0.021012634,-4.6765428,0.0062209177,-0.0034803925,-0.24034368
58068000,0.01039767,0.020993507,-4.678693,0.009622008,-0.0033883671,-0.27536353
58076000,0.010437517,0.02097566,-4.6811156,0.014196076,-0.0032361737,-0.3089105
58084000,0.010520509,0.020959022,-4.6837974,0.019963928,-0.0031312786,-0.34040564
58092000,0.010655909,0.02094351,-4.686719,0.027007094,-0.003045194,-0.36950347
58100000,0.010875004,0.020935632,-4.6899743,0.035242017,-0.0029797654,-0.3964392
58108000,0.011165974,0.02092852,-4.6934195,0.044667367,-0.0028799977,-0.4209526
58116000,0.011538337,0.020921767,-4.697047,0.05530171,-0.002876528,-0.44309956
58124000,0.012001151,0.02091524,-4.700839,0.06701604,-0.002826363,-0.4629879
58132000,0.012585936,0.020919194,-4.7049713,0.079880565,-0.0027692863,-0.48061267
58140000,0.013278184,0.020923428,-4.7092266,0.09376353,-0.0027286923,-0.4959062
58148000,0.014086013,0.020927757,-4.7135873,0.10861804,-0.0026787505,-0.5090376
58156000,0.015016076,0.020932695,-4.7180614,0.124344625,-0.002639708,-0.5200337
58164000,0.016156971,0.020948187,-4.722847,0.14096048,-0.0025909035,-0.5292313
58172000,0.017432604,0.020963734,-4.727684,0.15835087,-0.0025404864,-0.5364561
58180000,0.018849082,0.020979317,-4.732558,0.1764994,-0.0024864709,-0.5419518
58188000,0.020411951,0.020994872,-4.7374554,0.19525522,-0.002475076,-0.545792
58196000,0.022237124,0.021024268,-4.7425494,0.214783,-0.0024864115,-0.54822
58204000,0.024217399,0.021053242,-4.74764,0.2349377,-0.0024123315,-0.54924846
58212000,0.026357634,0.02108203,-4.7527165,0.25562638,-0.0023894154,-0.548965
58220000,0.02866143,0.021110468,-4.757769,0.27674213,-0.0023530559,-0.5473681
58228000,0.031275738,0.021126922,-4.7629104,0.29852775,-0.0023496011,-0.5447099
58236000,0.034059208,0.021143116,-4.7680073,0.3206629,-0.0023523392,-0.54105926
58244000,0.037014946,0.021159152,-4.773054,0.343242,-0.0023332862,-0.53651667
58252000,0.040146686,0.02117518,-4.7780437,0.3662108,-0.0022789978,-0.53106904
58260000,0.0436405,0.021165235,-4.7830296,0.3896548,-0.0022972343,-0.5248482
58268000,0.047313236,0.021155417,-4.7879453,0.41346866,-0.002317094,-0.51794
58276000,0.051167835,0.021145537,-4.7927856,0.4375844,-0.002376409,-0.5105246
58284000,0.055206846,0.021135777,-4.797548,0.46199822,-0.002378528,-0.5025312
58292000,0.05943276,0.021126261,-4.8022275,0.48672298,-0.0023597055,-0.49408248
58300000,0.064075224,0.021084974,-4.8068213,0.511899,-0.0023039514,-0.48518047
58308000,0.06890588,0.021044845,-4.811325,0.5373124,-0.002311045,-0.47587338
58316000,0.07392702,0.021005498,-4.8157387,0.56292486,-0.0023519285,-0.46630108
58324000,0.07914043,0.02096666,-4.820059,0.58875185,-0.002391605,-0.45643887
58332000,0.08478227,0.02088569,-4.824254,0.61500543,-0.0024800107,-0.44632512
58340000,0.09061699,0.020805696,-4.8283544,0.6414191,-0.0025480005,-0.43609628
58348000,0.096646056,0.02072721,-4.8323593,0.6679629,-0.0025544136,-0.42578554
58356000,0.1028711,0.020649863,-4.836285,0.6946781,-0.002647017,-0.4153101
58364000,0.10953366,0.020520683,-4.8400564,0.7217216,-0.002792096,-0.4047828
58372000,0.11639164,0.020392822,-4.8437314,0.7489041,-0.0029521813,-0.39416653
58380000,0.12344661,0.020266365,-4.8473105,0.7761884,-0.0030478856,-0.38353834
58388000,0.13069996,0.020141348,-4.8507943,0.80358064,-0.0031814715,-0.37296906
58396000,0.1384103,0.019966636,-4.8541174,0.83124304,-0.0033481936,-0.36238056
58404000,0.14631715,0.019793846,-4.857348,0.85894483,-0.0034710355,-0.35186931
58412000,0.1544216,0.019622678,-4.8604856,0.8867327,-0.0036867182,-0.34149748
58420000,0.16272463,0.0194529,-4.863532,0.91453654,-0.0038326143,-0.33123276
58428000,0.17150496,0.01921741,-4.86641,0.9426448,-0.004088417,-0.32102937
58436000,0.18048157,0.018983467,-4.8692,0.9707977,-0.0043886243,-0.3109925
58444000,0.18965526,0.018750334,-4.8719044,0.9988725,-0.0047625257,-0.30107173
58452000,0.19902627,0.018517734,-4.874524,1.0269523,-0.005103338,-0.29135853
58460000,0.20887497,0.018218474,-4.8769817,1.0552988,-0.005571478,-0.2817167
58468000,0.2189183,0.017919267,-4.879359,1.0836071,-0.006098143,-0.27225828
58476000,0.22915657,0.017619744,-4.8816566,1.1118315,-0.0065764734,-0.26297197
58484000,0.23958999,0.017319895,-4.883877,1.1400303,-0.0070737433,-0.2538325
58492000,0.25048319,0.01695641,-4.885969,1.168424,-0.00771408,-0.24490595
58500000,0.26156843,0.016591508,-4.8879876,1.1967317,-0.008366147,-0.23615259
58508000,0.27284545,0.016225131,-4.889924,1.224852,-0.009019054,-0.22752163
58516000,0.28431404,0.01585678,-4.89179,1.2529095,-0.009709182,-0.21916778
58524000,0.2962114,0.015420419,-4.893537,1.2810255,-0.010585369,-0.21100457
58532000,0.3082964,0.014980292,-4.895219,1.3090347,-0.0115053,-0.20306514
58540000,0.3205693,0.014535969,-4.8968368,1.336953,-0.012421681,-0.19529858
58548000,0.33302966,0.014087068,-4.8983917,1.3646592,-0.013366554,-0.1878002
58556000,0.34567678,0.013633228,-4.8999224,1.3922364,-0.014325147,-0.18053831
58564000,0.3587281,0.013106542,-4.901361,1.4198194,-0.0155198425,-0.17346196
58572000,0.37196177,0.012572542,-4.9027414,1.4471931,-0.016757684,-0.16654758
58580000,0.38537714,0.012030965,-4.904066,1.4744396,-0.01794651,-0.15984912
58588000,0.39897403,0.011481553,-4.905337,1.5015172,-0.019206721,-0.15340261
58596000,0.41295847,0.010853771,-4.90653,1.5285321,-0.020780487,-0.14715014
58604000,0.4271193,0.010215075,-4.9076724,1.5553296,-0.022291495,-0.14112943
58612000,0.44145593,0.009565397,-4.9087777,1.5819436,-0.023835704,-0.13520578
58620000,0.45596728,0.008904441,-4.9098353,1.6083176,-0.025362313,-0.12958261
58628000,0.47086045,0.008157971,-4.91082,1.6346722,-0.027220363,-0.12413678
58636000,0.48592347,0.007396892,-4.911761,1.6607819,-0.029120127,-0.11894999
58644000,0.50115514,0.006620636,-4.9126606,1.6866472,-0.031040542,-0.11396542
58652000,0.5165542,0.0058288835,-4.9135203,1.7122413,-0.032990888,-0.10913403
58660000,0.5323111,0.004941337,-4.914314,1.7377328,-0.035244837,-0.10446046
58668000,0.54822975,0.0040352396,-4.9150705,1.7629077,-0.037473187,-0.09991047
58676000,0.5643087,0.0031103936,-4.9157915,1.7878679,-0.03972337,-0.09563424
58684000,0.5805469,0.0021663846,-4.916479,1.8125129,-0.041993413,-0.09152952
58692000,0.59713614,0.0011190702,-4.9171085,1.8370109,-0.044600308,-0.08758433
58700000,0.61387837,4.9215258e-05,-4.917708,1.8612531,-0.0471987,-0.08387431
58708000,0.63077235,-0.0010433177,-4.918274,1.8852282,-0.049810503,-0.080330476
58716000,0.64781684,-0.0021585291,-4.9188123,1.9089301,-0.052407388,-0.076905206
58724000,0.6652008,-0.0033735537,-4.9193106,1.9325194,-0.05529091,-0.07364483
58732000,0.68272954,-0.00461365,-4.9197836,1.9557987,-0.058113027,-0.07056993
58740000,0.7004015,-0.0058785425,-4.9202332,1.9787979,-0.060918935,-0.06759274
58748000,0.718215,-0.0071685486,-4.920661,2.0014243,-0.063756436,-0.0648611
58756000,0.7363333,-0.008552024,-4.9210815,2.0238645,-0.0668063,-0.06219692
58764000,0.7545869,-0.009962238,-4.921481,2.045989,-0.06981221,-0.059638567
58772000,0.7729744,-0.011399264,-4.921861,2.0678627,-0.07285783,-0.057217564
58780000,0.79149425,-0.012862886,-4.922222,2.0894237,-0.07580459,-0.05494859
58788000,0.8103108,-0.014400796,-4.922562,2.1108198,-0.078913376,-0.052872095
58796000,0.82925373,-0.015965918,-4.922886,2.131858,-0.08200541,-0.05090537
58804000,0.84832114,-0.017557787,-4.9231944,2.1525297,-0.085031375,-0.049046136
58812000,0.8675113,-0.019176003,-4.923498,2.1729364,-0.088022225,-0.047331724
58820000,0.8868229,-0.020819757,-4.923789,2.1930718,-0.0909297,-0.045719802
58828000,0.90639,-0.02253274,-4.924062,2.2129443,-0.09391728,-0.044143654
58836000,0.9260728,-0.02427088,-4.924323,2.2325006,-0.09683879,-0.042738833
58844000,0.9458693,-0.02603365,-4.924574,2.2517214,-0.09971579,-0.04141529
58852000,0.9657783,-0.02782055,-4.924814,2.270706,-0.10256077,-0.040147774
58860000,0.98593175,-0.029678142,-4.9250183,2.289446,-0.10541956,-0.038997743
58868000,1.0061917,-0.03155871,-4.9252152,2.307799,-0.10817579,-0.03796073
58876000,1.0265564,-0.033461448,-4.925405,2.3258958,-0.11089096,-0.037021574
58884000,1.0470246,-0.03538539,-4.9255877,2.3437073,-0.11349648,-0.036101528
58892000,1.0677072,-0.037373718,-4.925777,2.36129,-0.11613156,-0.03525496
58900000,1.088488,-0.03938185,-4.92596,2.37858,-0.11870489,-0.034505207
58908000,1.1093656,-0.041409116,-4.9261327,2.3955672,-0.12121757,-0.03385301
58916000,1.1303383,-0.043454215,-4.9263005,2.4122093,-0.12358717,-0.03320809
58924000,1.1515024,-0.045572896,-4.926475,2.4286513,-0.12603422,-0.032657992
58932000,1.1727564,-0.047708236,-4.9266458,2.4447775,-0.12839207,-0.032175645
58940000,1.1940988,-0.049858924,-4.926813,2.4605618,-0.13061179,-0.031742398
58948000,1.2155275,-0.05202359,-4.9269776,2.47605,-0.13274266,-0.03136716
58956000,1.237121,-0.05424987,-4.9271717,2.491342,-0.13494928,-0.03095543
58964000,1.2587968,-0.056488913,-4.927362,2.5063193,-0.1370141,-0.030649656
58972000,1.2805529,-0.05873921,-4.9275503,2.5210233,-0.13895267,-0.030427141
58980000,1.3023882,-0.06099965,-4.9277363,2.5354536,-0.14078775,-0.030245285
58988000,1.3243543,-0.06330193,-4.927931,2.5496552,-0.1425146,-0.030084267
58996000,1.3463955,-0.06561157,-4.9281244,2.5635505,-0.14412464,-0.0299817
59004000,1.3685105,-0.067927234,-4.928316,2.5772228,-0.14563261,-0.029886175
59012000,1.3906981,-0.07024798,-4.9285026,2.5906157,-0.14709161,-0.029842667
59020000,1.4129728,-0.07259722,-4.928708,2.6037621,-0.14842807,-0.029844405
59028000,1.4353172,-0.07494902,-4.928913,2.6166785,-0.14966732,-0.029801767
59036000,1.4577295,-0.07730206,-4.929117,2.6292918,-0.15077007,-0.029818615
59044000,1.4802084,-0.07965503,-4.929321,2.6416879,-0.15177098,-0.02984342
59052000,1.5027578,-0.082018785,-4.9295387,2.6538067,-0.1526976,-0.029936356
59060000,1.525371,-0.08438016,-4.9297485,2.6656911,-0.15349554,-0.029955603
59068000,1.5480464,-0.08673784,-4.9299574,2.677323,-0.15417533,-0.030017255
59076000,1.5707828,-0.08909023,-4.9301662,2.688713,-0.15467286,-0.030037437
59084000,1.5935789,-0.091435954,-4.930375,2.6998627,-0.15508284,-0.030141983
59092000,1.6164296,-0.09378502,-4.930604,2.7107882,-0.15540326,-0.030248623
59100000,1.6393371,-0.09612492,-4.930833,2.7214196,-0.15556285,-0.030397948
59108000,1.6623001,-0.09845459,-4.931074,2.73191,-0.15568267,-0.030526018
59116000,1.6853182,-0.100772955,-4.9313145,2.7421894,-0.15566023,-0.030549368
59124000,1.7083735,-0.10307939,-4.931575,2.7522094,-0.1555545,-0.030689793
59132000,1.7314812,-0.105372466,-4.9318347,2.7619812,-0.15539005,-0.03080492
59140000,1.75464,-0.10765097,-4.9320936,2.7715786,-0.15505123,-0.0308698
59148000,1.7778487,-0.10991358,-4.9323516,2.7809396,-0.15462218,-0.030950814
59156000,1.8010786,-0.112149075,-4.9326415,2.7901008,-0.1540958,-0.031040778
59164000,1.8243567,-0.11436639,-4.9329295,2.799101,-0.15340747,-0.031173976
59172000,1.8476822,-0.11656413,-4.933217,2.8079133,-0.15262376,-0.031274244
59180000,1.8710539,-0.118741766,-4.9335027,2.8165183,-0.15181686,-0.031342354
59188000,1.8944315,-0.12088172,-4.9338017,2.8248637,-0.15083946,-0.031438418
59196000,1.9178532,-0.12299939,-4.9340987,2.8329904,-0.14977823,-0.0315305
59204000,1.9413179,-0.12509382,-4.934395,2.8409786,-0.14859338,-0.031618323
59212000,1.9648248,-0.12716417,-4.9347005,2.8487816,-0.1473646,-0.031649128
59220000,1.9883482,-0.12919861,-4.9350085,2.8563702,-0.1459893,-0.03166541
59228000,2.0119119,-0.13120726,-4.935315,2.8637812,-0.14458679,-0.031722296
59236000,2.0355146,-0.13318953,-4.93562,2.8710017,-0.14309813,-0.031745024
59244000,2.0591555,-0.13514501,-4.935922,2.8780918,-0.14159837,-0.031742122
59252000,2.0828054,-0.13705917,-4.9362383,2.8849845,-0.13989975,-0.03180606
59260000,2.1064923,-0.13894452,-4.936591,2.891787,-0.13815254,-0.031813115
59268000,2.1302154,-0.14080067,-4.93694,2.8983927,-0.13636327,-0.031826288
59276000,2.1539733,-0.14262713,-4.9372864,2.9048893,-0.13451467,-0.031842772
59284000,2.1777318,-0.14442249,-4.937638,2.9111319,-0.13268466,-0.03184909
59292000,2.2015238,-0.14618753,-4.9379854,2.9172678,-0.13073808,-0.031794537
59300000,2.2253485,-0.14792167,-4.9383297,2.9232497,-0.12873188,-0.03177116
59308000,2.2492054,-0.14962421,-4.938664,2.9291205,-0.12664914,-0.031797744
59316000,2.2730596,-0.15127984,-4.9389973,2.9347725,-0.124476135,-0.03183694
59324000,2.2969444,-0.15290289,-4.9393277,2.9403126,-0.1222495,-0.031703096
59332000,2.320859,-0.15449332,-4.9396544,2.9456608,-0.120066896,-0.031596918
59340000,2.3448024,-0.15605158,-4.939978,2.9509437,-0.1178868,-0.031554546
59348000,2.3687742,-0.15757713,-4.9402986,2.956115,-0.11558102,-0.031420004
59356000,2.3927195,-0.159064,-4.940618,2.9610918,-0.11330503,-0.031302005
59364000,2.4166925,-0.16051812,-4.9409337,2.9659548,-0.11100136,-0.0311759
59372000,2.4406927,-0.16193911,-4.9412465,2.9707327,-0.10860678,-0.031082803
59380000,2.464719,-0.16332641,-4.941556,2.9754093,-0.10615428,-0.030930368
59388000,2.488727,-0.16469307,-4.9418626,2.9799345,-0.10378748,-0.030821117
59396000,2.5127609,-0.16602668,-4.9421663,2.9844043,-0.10142056,-0.030713975
59404000,2.53682,-0.1673272,-4.942467,2.9886887,-0.09902755,-0.030545672
59412000,2.5609033,-0.16859452,-4.9427767,2.9928865,-0.09660443,-0.0304789
59420000,2.5849605,-0.16983464,-4.943088,2.9969099,-0.094210215,-0.030337032
59428000,2.609041,-0.17104156,-4.9433956,3.0008326,-0.091726966,-0.030137887
59436000,2.6331449,-0.17221501,-4.9436994,3.004733,-0.089228824,-0.02999643
59444000,2.6572711,-0.17335553,-4.9440007,3.0084944,-0.08681837,-0.02988313
59452000,2.6813638,-0.17446497,-4.9442964,3.0120738,-0.08440328,-0.029741619
59460000,2.7054782,-0.17554218,-4.9446163,3.0155919,-0.08198927,-0.029575404
59468000,2.7296143,-0.17658721,-4.944932,3.019091,-0.07955298,-0.029428268
59476000,2.7537715,-0.1776001,-4.9452443,3.0224586,-0.07711907,-0.029225301
59484000,2.7778857,-0.17858073,-4.94556,3.0256298,-0.07469822,-0.029044619
59492000,2.80202,-0.1795297,-4.945872,3.0287757,-0.0722434,-0.02891223
59500000,2.826175,-0.1804473,-4.946181,3.0318465,-0.06982877,-0.028851593
59508000,2.8503497,-0.18133391,-4.9464846,3.0348673,-0.06741026,-0.028680982
59516000,2.8744655,-0.1821755,-4.946783,3.0377107,-0.06493329,-0.028493432
59524000,2.8986013,-0.18298633,-4.947078,3.040504,-0.062493414,-0.028366642
59532000,2.9227567,-0.18376678,-4.94737,3.0433028,-0.060041502,-0.02819592
59540000,2.9469314,-0.184517,-4.9476585,3.0460012,-0.057625335,-0.027947547
59548000,2.9710484,-0.18523398,-4.9479403,3.0485256,-0.055207424,-0.027708746
59556000,2.9951842,-0.18592125,-4.948198,3.05095,-0.052769195,-0.027529258
59564000,3.0193384,-0.18657933,-4.9484534,3.0534089,-0.050431844,-0.02737128
59572000,3.043511,-0.18720894,-4.948706,3.0557976,-0.048079576,-0.027165592
59580000,3.067624,-0.18781005,-4.948947,3.0580213,-0.04573921,-0.026936369
59588000,3.091755,-0.18838298,-4.9491854,3.060142,-0.04341734,-0.026790975
59596000,3.1159031,-0.18892781,-4.9494224,3.062183,-0.04103406,-0.026658209
59604000,3.140068,-0.18944456,-4.949657,3.0642116,-0.038705602,-0.02646594
59612000,3.1642497,-0.18993409,-4.9498816,3.0662253,-0.036454663,-0.026280817
59620000,3.1883645,-0.19040708,-4.950088,3.0681088,-0.034237556,-0.02605864
59628000,3.2124963,-0.1908535,-4.950293,3.0698915,-0.032017756,-0.025859362
59636000,3.2366447,-0.19127361,-4.9504957,3.0717337,-0.029796438,-0.025625922
59644000,3.26081,-0.19166751,-4.9506974,3.0735478,-0.027583813,-0.025454564
59652000,3.2849083,-0.19205102,-4.9508924,3.075249,-0.025406724,-0.025362438
59660000,3.3090239,-0.19240905,-4.9510846,3.0768569,-0.023295175,-0.025237767
59668000,3.3331556,-0.19274206,-4.951276,3.0784032,-0.021186035,-0.02513601
59676000,3.3573034,-0.19305006,-4.9514666,3.0799224,-0.019034522,-0.025025366
59684000,3.3813756,-0.19333304,-4.9516544,3.0813434,-0.01699539,-0.024898926
59692000,3.4054642,-0.19359204,-4.951842,3.0826976,-0.014920731,-0.02478288
59700000,3.429569,-0.19382682,-4.9520283,3.0840473,-0.012839148,-0.02468085
59708000,3.4536896,-0.19403781,-4.952228,3.0853727,-0.0107809985,-0.024577476
59716000,3.477737,-0.19422661,-4.952413,3.0865557,-0.008745187,-0.024433415
59724000,3.5018008,-0.19439204,-4.9525976,3.087818,-0.006705087,-0.024317484
59732000,3.5258813,-0.1945347,-4.952781,3.0890324,-0.004745867,-0.024183739
59740000,3.549978,-0.19465496,-4.9529643,3.0902147,-0.00278126,-0.02404501
59748000,3.574012,-0.19476205,-4.953133,3.0912344,-0.00082493684,-0.02389768
59756000,3.5980623,-0.19484708,-4.953297,3.092296,0.0010867504,-0.023738913
59764000,3.6221285,-0.19491038,-4.953461,3.093311,0.0030216312,-0.023628041
59772000,3.6462104,-0.19495223,-4.9536247,3.0943105,0.0048809303,-0.023528649
59780000,3.6702182,-0.1949846,-4.9537716,3.0952115,0.0067045637,-0.023449248
59788000,3.6942425,-0.19499624,-4.9539185,3.0960586,0.008512065,-0.023318227
59796000,3.7182822,-0.1949873,-4.9540653,3.0969455,0.010355968,-0.023178527
59804000,3.7423382,-0.19495767,-4.9542127,3.097778,0.012193501,-0.023005415
59812000,3.7663112,-0.19491263,-4.954351,3.0985157,0.014032291,-0.022921644
59820000,3.7903004,-0.19484733,-4.9544897,3.0991993,0.015796358,-0.022806104
59828000,3.8143058,-0.19476262,-4.954629,3.0999513,0.017486775,-0.02270494
59836000,3.8383272,-0.19465882,-4.9547687,3.1006422,0.019213414,-0.022614598
59844000,3.862265,-0.19454205,-4.9549093,3.1012585,0.020941125,-0.022521496
59852000,3.88622,-0.19440603,-4.9550505,3.1018593,0.022679213,-0.022379884
59860000,3.9101913,-0.19425099,-4.9551687,3.102448,0.02438203,-0.022302488
59868000,3.9341788,-0.19407724,-4.955288,3.1030645,0.02607187,-0.022201616
59876000,3.9581826,-0.1938854,-4.955408,3.1036882,0.027662434,-0.02212644
59884000,3.9821026,-0.19367743,-4.955527,3.1041927,0.02928337,-0.022022575
59892000,4.0060396,-0.1934518,-4.9556465,3.1046922,0.030864652,-0.021940377
59900000,4.0299935,-0.1932089,-4.955767,3.105197,0.032443717,-0.021773346
59908000,4.0539637,-0.19294892,-4.955895,3.1056633,0.033998266,-0.021686485
59916000,4.0778594,-0.19266528,-4.956026,3.1060216,0.03557731,-0.021595806
59924000,4.1017723,-0.19236465,-4.9561577,3.1064265,0.037157297,-0.021507028
59932000,4.1257024,-0.19204752,-4.95629,3.106839,0.038681712,-0.021495594
59940000,4.1496487,-0.19171448,-4.9564233,3.1072552,0.040121894,-0.021465333
59948000,4.173518,-0.19137274,-4.956557,3.1076002,0.041613467,-0.021397535
59956000,4.197406,-0.19101508,-4.956706,3.1079533,0.043098252,-0.021302547
59964000,4.2213106,-0.19064148,-4.956855,3.1082745,0.044585768,-0.021203734
59972000,4.245232,-0.1902524,-4.9570036,3.1086352,0.046038426,-0.021113118
59980000,4.269077,-0.18984614,-4.957152,3.1088667,0.04745804,-0.021024005
59988000,4.292939,-0.18942486,-4.9573,3.10916,0.048893947,-0.020969266
59996000,4.316819,-0.18898857,-4.9574485,3.1094337,0.050331995,-0.020901516
60004000,4.3407164,-0.18853731,-4.9575973,3.109671,0.05174494,-0.020837773
60012000,4.364574,-0.18807325,-4.9577446,3.1098917,0.053083565,-0.020753892
60020000,4.3884487,-0.18759495,-4.957892,3.1101513,0.054447282,-0.020660412
60028000,4.412341,-0.1871027,-4.9580393,3.1102982,0.055786945,-0.020646645
60036000,4.4362497,-0.18659653,-4.958187,3.1105149,0.05713436,-0.020590391
60044000,4.4601183,-0.18607745,-4.958337,3.1106615,0.058468197,-0.020536866
60052000,4.4839964,-0.1855451,-4.9584875,3.110839,0.059790276,-0.020443844
60060000,4.5078917,-0.18499924,-4.958615,3.111003,0.061092224,-0.020382574
60068000,4.531804,-0.18444045,-4.9587426,3.1112113,0.062314425,-0.02029881
60076000,4.555676,-0.1838848,-4.958874,3.1113992,0.06357136,-0.020294007
60084000,4.5795655,-0.18331602,-4.9590073,3.1115582,0.06483561,-0.020330392
60092000,4.603472,-0.18273444,-4.9591413,3.1117172,0.066018716,-0.020271553
60100000,4.627395,-0.18214063,-4.959276,3.111849,0.06718798,-0.020226128
60108000,4.6512766,-0.18155836,-4.959406,3.1119242,0.068367705,-0.020167895
60116000,4.6751676,-0.18096364,-4.9595375,3.112042,0.069569744,-0.020082008
60124000,4.699075,-0.18035665,-4.959669,3.1121986,0.070639856,-0.02003164
60132000,4.7229996,-0.179738,-4.959802,3.1123579,0.0717654,-0.01999849
60140000,4.746941,-0.17910741,-4.959935,3.1124969,0.072879985,-0.019968286
60148000,4.770819,-0.17849708,-4.960064,3.1125689,0.07395967,-0.019957915
60156000,4.7947154,-0.17787512,-4.960198,3.112725,0.07493967,-0.019914703
60164000,4.8186283,-0.177242,-4.960333,3.1128197,0.07592004,-0.019854713
60172000,4.842558,-0.17659786,-4.960468,3.1128964,0.07689452,-0.019768197
60180000,4.8664303,-0.1759727,-4.960592,3.112939,0.0779018,-0.019755542
60188000,4.8903127,-0.17533611,-4.960717,3.113005,0.078878604,-0.019761391
60196000,4.9142127,-0.17468825,-4.960844,3.1130764,0.07981231,-0.019737681
60204000,4.9381294,-0.17402942,-4.960972,3.1132114,0.08080161,-0.019651894
60212000,4.961967,-0.17338134,-4.961084,3.1132405,0.08172569,-0.019545255
60220000,4.9858227,-0.17272222,-4.9611964,3.1132734,0.08262828,-0.019508163
60228000,5.009696,-0.1720525,-4.9613104,3.1133666,0.08347444,-0.019433869
60236000,5.033587,-0.17137283,-4.961425,3.113413,0.08425445,-0.019378616
60244000,5.057395,-0.17070164,-4.9615293,3.1133575,0.085063405,-0.019347373
60252000,5.0812216,-0.17001985,-4.9616346,3.1133244,0.085970394,-0.0192974
60260000,5.105059,-0.1693276,-4.961737,3.113304,0.086822756,-0.019217031
60268000,5.128915,-0.16862519,-4.9618406,3.1133018,0.08765599,-0.01912778
60276000,5.152689,-0.1679464,-4.9619327,3.1132169,0.088453755,-0.01909702
60284000,5.1764812,-0.16725734,-4.962026,3.1131933,0.08920699,-0.019037513
60292000,5.200293,-0.16655864,-4.962121,3.1131449,0.089928456,-0.018975412
60300000,5.2241225,-0.16585028,-4.962217,3.113082,0.09067322,-0.018973181
60308000,5.2478743,-0.16518155,-4.962316,3.1128886,0.0913675,-0.01894481
60316000,5.2716446,-0.16450241,-4.962416,3.112766,0.09211421,-0.018868005
60324000,5.295434,-0.16381305,-4.9625173,3.1126964,0.09279863,-0.018797418
60332000,5.319236,-0.16311425,-4.96262,3.1126966,0.09345208,-0.018707052
60340000,5.342957,-0.16245225,-4.962724,3.1125503,0.09412901,-0.018684005
60348000,5.3666973,-0.16178,-4.96283,3.1123827,0.09474511,-0.018646969
60356000,5.3904567,-0.1610978,-4.962918,3.1122618,0.095395796,-0.018623276
60364000,5.4142356,-0.16040562,-4.9630065,3.112186,0.0960167,-0.018557666
60372000,5.4379296,-0.15973803,-4.9630976,3.112009,0.09658227,-0.018568182
60380000,5.461643,-0.1590607,-4.96319,3.1118557,0.097148515,-0.018498199
60388000,5.485377,-0.15837353,-4.963283,3.1117144,0.09773545,-0.018413452
60396000,5.5091233,-0.15767688,-4.9633784,3.1115901,0.09828372,-0.01837431
60404000,5.5328894,-0.15697126,-4.9634748,3.111451,0.098756276,-0.018314652
60412000,5.556579,-0.15629579,-4.963579,3.1113226,0.09927009,-0.018330844
60420000,5.5802884,-0.15561052,-4.963685,3.1111681,0.09979381,-0.018290123
60428000,5.604018,-0.15491593,-4.9637914,3.1110601,0.10030105,-0.018237803
60436000,5.6277676,-0.15421209,-4.9638987,3.1109936,0.10078719,-0.018252496
60444000,5.651437,-0.15352984,-4.964013,3.1107957,0.10123167,-0.018260697
60452000,5.675126,-0.15283833,-4.964129,3.1106124,0.10168327,-0.018235376
60460000,5.698836,-0.1521379,-4.9642386,3.1104646,0.102117285,-0.01824915
60468000,5.7225595,-0.1514286,-4.96435,3.1103055,0.10254284,-0.018248258
60476000,5.7462015,-0.1507338,-4.9644547,3.110085,0.103006005,-0.018198857
60484000,5.7698636,-0.15002993,-4.96456,3.1098354,0.10341587,-0.018113486
60492000,5.7935467,-0.1493173,-4.964666,3.1096628,0.10381578,-0.018083306
60500000,5.81725,-0.14859618,-4.9647727,3.1095765,0.10421168,-0.018050076
60508000,5.84088,-0.14789303,-4.9648848,3.1093037,0.10462153,-0.018066976
60516000,5.8645306,-0.14718074,-4.964998,3.1090689,0.10506379,-0.01807599
60524000,5.888202,-0.14645946,-4.9651117,3.1088605,0.10549355,-0.018053321
60532000,5.9118934,-0.1457293,-4.9652267,3.1086617,0.10593805,-0.018029511
60540000,5.935599,-0.14499031,-4.9653435,3.1084666,0.10634197,-0.018013185
60548000,5.9592524,-0.14425579,-4.9654512,3.108226,0.10669307,-0.017986422
60556000,5.982927,-0.14351304,-4.965536,3.10804,0.107070796,-0.017993536
60564000,6.006621,-0.14276217,-4.965623,3.107863,0.107434735,-0.0179602
60572000,6.030257,-0.14202037,-4.9657016,3.1075742,0.107847825,-0.017891875
60580000,6.0539136,-0.14127044,-4.9657817,3.1073306,0.108138844,-0.017849997
60588000,6.077591,-0.14051257,-4.965863,3.1072283,0.1085355,-0.017764777
60596000,6.101289,-0.13974655,-4.9659457,3.1071157,0.10889475,-0.017735334
60604000,6.1249294,-0.13899033,-4.9660134,3.1069434,0.10922832,-0.017616875
60612000,6.1485853,-0.13822593,-4.966082,3.1067343,0.10958023,-0.017596956
60620000,6.172262,-0.1374535,-4.966152,3.106557,0.109952904,-0.017589498
60628000,6.195959,-0.13667296,-4.966224,3.1064463,0.11032087,-0.01751456
60636000,6.2196765,-0.13588451,-4.966297,3.1063294,0.1107249,-0.01742815
60644000,6.243338,-0.13509385,-4.9663577,3.1060908,0.11112037,-0.017361905
60652000,6.26702,-0.13429536,-4.966419,3.1059775,0.11147362,-0.017245354
60660000,6.290723,-0.13348915,-4.9665036,3.105852,0.11186984,-0.017211834
60668000,6.3144455,-0.13267538,-4.966589,3.1057224,0.11219723,-0.017203331
60676000,6.338128,-0.13186102,-4.9666696,3.1055171,0.11252491,-0.017235562
60684000,6.3618307,-0.13103919,-4.9667516,3.1053784,0.11289222,-0.017181884
60692000,6.3855534,-0.13021007,-4.966835,3.1052608,0.11322908,-0.017150829
60700000,6.4092956,-0.12937374,-4.966919,3.1051362,0.11358348,-0.01707381
60708000,6.433011,-0.12854375,-4.967004,3.1050298,0.11393145,-0.01704614
60716000,6.456747,-0.12770638,-4.9670906,3.104948,0.11429359,-0.017066425
60724000,6.4805026,-0.12686199,-4.9671783,3.1048732,0.11458709,-0.017086212
60732000,6.5042777,-0.12601084,-4.9672675,3.1047597,0.11491246,-0.017097652
60740000,6.528035,-0.12516588,-4.967347,3.1046648,0.11524929,-0.01705863
60748000,6.5518074,-0.124313585,-4.9674277,3.1045923,0.11559655,-0.016972167
60756000,6.575599,-0.12345417,-4.9675307,3.104544,0.11592265,-0.016916137
60764000,6.5994096,-0.122587934,-4.967634,3.104494,0.116261356,-0.016813692
60772000,6.623199,-0.121725366,-4.9677258,3.104463,0.116537265,-0.016751714
60780000,6.647008,-0.120856166,-4.9678183,3.104402,0.116860084,-0.016766315
60788000,6.6708355,-0.11998028,-4.9679112,3.104364,0.117136106,-0.016661927
60796000,6.6946816,-0.11909823,-4.9680047,3.1043284,0.117418446,-0.016623478
60804000,6.718508,-0.11822349,-4.968103,3.104301,0.11777591,-0.016615402
60812000,6.742352,-0.11734176,-4.968198,3.1042335,0.118083484,-0.01658674
60820000,6.76621,-0.116453275,-4.9682937,3.1042678,0.11836817,-0.01656356
60828000,6.7900867,-0.11555843,-4.9683905,3.104275,0.118651114,-0.01652687
60836000,6.813928,-0.114691265,-4.968492,3.1042376,0.11889324,-0.016463155
60844000,6.837788,-0.11381758,-4.968594,3.1042445,0.119151756,-0.016441148
60852000,6.8616667,-0.112937406,-4.9686966,3.1042516,0.11939255,-0.016465532
60860000,6.8855643,-0.11205082,-4.968765,3.104303,0.11967814,-0.016442036
60868000,6.909419,-0.11117977,-4.9688435,3.104249,0.119920775,-0.016413394
60876000,6.9332924,-0.11030207,-4.9689226,3.104219,0.120182596,-0.016383428
60884000,6.9571843,-0.109417856,-4.969003,3.1042087,0.12045002,-0.016295763
60892000,6.981089,-0.1085266,-4.9690847,3.104173,0.12073471,-0.016241815
60900000,7.004948,-0.107644945,-4.969179,3.104159,0.1209993,-0.01625368
60908000,7.0288258,-0.10675697,-4.96929,3.1041472,0.121200964,-0.016280033
60916000,7.0527225,-0.10586285,-4.969401,3.1041794,0.12143383,-0.016258474
60924000,7.0766373,-0.10496291,-4.9695125,3.1041884,0.12160229,-0.0162394
60932000,7.1005697,-0.104057305,-4.969624,3.1042116,0.12180075,-0.016229838
60940000,7.124445,-0.10315273,-4.9697466,3.104202,0.12198568,-0.01617718
60948000,7.148339,-0.10224252,-4.969869,3.1041372,0.12216817,-0.016102074
60956000,7.1722455,-0.101326205,-4.969977,3.1041143,0.12241115,-0.016051536
60964000,7.1961703,-0.10040412,-4.9700847,3.1041028,0.1226054,-0.015977096
60972000,7.22004,-0.09948706,-4.9702063,3.103948,0.12279985,-0.015844213
60980000,7.2439265,-0.09856419,-4.9703274,3.1037042,0.1230503,-0.015733704
60988000,7.2678294,-0.0976356,-4.970448,3.103465,0.12327218,-0.015665084
60996000,7.291749,-0.09670174,-4.970568,3.1031997,0.123458855,-0.0155507885
61004000,7.315617,-0.09577039,-4.970699,3.1027992,0.12367722,-0.015524785
61012000,7.339501,-0.09483387,-4.970833,3.1023166,0.12383179,-0.015481196
61020000,7.363399,-0.09389242,-4.9709663,3.1017904,0.12399442,-0.015334102
61028000,7.3873057,-0.09294546,-4.9711,3.1011658,0.12417169,-0.015304792
61036000,7.4111576,-0.09201533,-4.971236,3.100336,0.1243368,-0.0152880605
61044000,7.435021,-0.09107996,-4.9713726,3.0994244,0.12450031,-0.015276559
61052000,7.458895,-0.09013969,-4.9715085,3.0983903,0.12462936,-0.015270793
61060000,7.4827785,-0.08919442,-4.9716573,3.0972118,0.124806345,-0.015272355
61068000,7.506611,-0.0882697,-4.9718122,3.0958374,0.12490941,-0.015358604
61076000,7.530451,-0.08734012,-4.971967,3.0943344,0.12500119,-0.015442702
61084000,7.554296,-0.08640584,-4.9721227,3.092672,0.12507835,-0.01554549
61092000,7.5781455,-0.085466966,-4.972278,3.090897,0.1251848,-0.0156151205
61100000,7.6019325,-0.08453234,-4.972431,3.0888681,0.12529103,-0.015705328
61108000,7.6257215,-0.08359306,-4.9725833,3.0866454,0.12536703,-0.015901668
61116000,7.64951,-0.08264948,-4.9727364,3.0843015,0.12541011,-0.016090306
61124000,7.673297,-0.08170174,-4.972891,3.0817568,0.12545718,-0.016330432
61132000,7.697009,-0.080770634,-4.97304,3.0789633,0.12546076,-0.016584694
61140000,7.7207165,-0.07983555,-4.9731913,3.0759578,0.12543783,-0.016790075
61148000,7.744417,-0.07889667,-4.9733443,3.0727313,0.12542303,-0.017039642
61156000,7.76811,-0.07795408,-4.973531,3.0693798,0.12543193,-0.017286992
61164000,7.791711,-0.07702383,-4.9737153,3.065709,0.12543043,-0.017557686
61172000,7.8152976,-0.07608896,-4.9739017,3.061867,0.125422,-0.017864961
61180000,7.8388715,-0.075150736,-4.9740896,3.0578225,0.12531263,-0.01822004
61188000,7.8624306,-0.074209265,-4.97428,3.0535488,0.12526664,-0.018586421
61196000,7.8859725,-0.07326449,-4.974472,3.049088,0.12516983,-0.018957304
61204000,7.909407,-0.07233349,-4.974664,3.0443168,0.12512772,-0.01939879
61212000,7.9328218,-0.07139909,-4.974855,3.039333,0.1250212,-0.019771464
61220000,7.956215,-0.070461586,-4.9750485,3.0341475,0.12492783,-0.020148054
61228000,7.9795837,-0.06952118,-4.9752445,3.0287557,0.124816656,-0.02052998
61236000,8.002838,-0.06858612,-4.9754496,3.0229971,0.12472078,-0.020898247
61244000,8.026064,-0.06764773,-4.9756565,3.0170224,0.124698386,-0.021300033
61252000,8.049261,-0.06670623,-4.9758654,3.010824,0.12456194,-0.021647347
61260000,8.072427,-0.0657622,-4.976123,3.0044224,0.12442884,-0.022114065
61268000,8.095462,-0.064826444,-4.9763904,2.9977276,0.124252304,-0.022475537
61276000,8.118463,-0.06388851,-4.9766583,2.9908032,0.124069214,-0.022854943
61284000,8.141426,-0.06294806,-4.9769278,2.9836552,0.123980604,-0.0232985
61292000,8.164351,-0.062004942,-4.9771986,2.976214,0.12383393,-0.023730682
61300000,8.187132,-0.06107192,-4.977487,2.9685884,0.12360647,-0.024117265
61308000,8.209871,-0.060137026,-4.9777737,2.9606528,0.12340691,-0.02455374
61316000,8.232568,-0.059200276,-4.978061,2.9525309,0.12317009,-0.02495929
61324000,8.2552185,-0.058262274,-4.9783497,2.9441743,0.12288339,-0.025330005
61332000,8.277705,-0.057336632,-4.9786477,2.935434,0.122598775,-0.025700487
61340000,8.300142,-0.056409698,-4.9789467,2.9265015,0.12233162,-0.026091758
61348000,8.322528,-0.055481452,-4.979246,2.91738,0.122044615,-0.026339857
61356000,8.344862,-0.05455195,-4.9795156,2.9080253,0.12182267,-0.026643261
61364000,8.367004,-0.053637285,-4.979805,2.8983068,0.121573955,-0.026956612
61372000,8.389092,-0.052721184,-4.980096,2.8884263,0.12131096,-0.027290562
61380000,8.411127,-0.051803995,-4.9803867,2.878289,0.121031895,-0.027592124
61388000,8.433103,-0.0508862,-4.980678,2.8679836,0.12064006,-0.027809462
61396000,8.454885,-0.049988084,-4.980978,2.8573449,0.12026875,-0.02804763
61404000,8.476604,-0.04908923,-4.981278,2.8465211,0.11992133,-0.028257545
61412000,8.498261,-0.04818979,-4.9815803,2.8355327,0.119544566,-0.028419785
61420000,8.519851,-0.04728997,-4.981882,2.8243432,0.11914948,-0.02863168
61428000,8.54124,-0.046412632,-4.982203,2.8128176,0.11878731,-0.028760271
61436000,8.56256,-0.04553492,-4.982523,2.8011153,0.1183447,-0.028877644
61444000,8.58381,-0.04465671,-4.982841,2.7891872,0.11796867,-0.02892135
61452000,8.604997,-0.043779142,-4.9831567,2.7771084,0.1175549,-0.028994426
61460000,8.626109,-0.042901877,-4.9834404,2.764923,0.11706529,-0.029032923
61468000,8.647014,-0.042049672,-4.9837346,2.752418,0.11665003,-0.0289911
61476000,8.667842,-0.04119721,-4.9840274,2.7397103,0.11617498,-0.029060837
61484000,8.688593,-0.04034544,-4.9843197,2.7268434,0.11558667,-0.029073125
61492000,8.709263,-0.039494578,-4.98461,2.713775,0.11507939,-0.029062683
61500000,8.729711,-0.03866152,-4.9848976,2.7004166,0.11459721,-0.029054703
61508000,8.750076,-0.037828736,-4.9851885,2.686947,0.1140974,-0.028988244
61516000,8.770372,-0.036998115,-4.9854755,2.6733017,0.11360433,-0.028941572
61524000,8.790583,-0.036168512,-4.985761,2.6595006,0.11302757,-0.028793698
61532000,8.810553,-0.03535855,-4.9860535,2.6454346,0.11242206,-0.02862492
61540000,8.830437,-0.034549795,-4.986343,2.6311927,0.111839,-0.028505264
61548000,8.850232,-0.0337423,-4.9866295,2.6167893,0.11122214,-0.02834242
61556000,8.869937,-0.032936227,-4.986918,2.6022677,0.110651106,-0.028208492
61564000,8.889395,-0.032153297,-4.987205,2.5874796,0.110037945,-0.027936487
61572000,8.908762,-0.03137144,-4.9874887,2.5725965,0.10945212,-0.027712202
61580000,8.928037,-0.030590968,-4.987769,2.5576072,0.10879809,-0.027452264
61588000,8.947235,-0.029815733,-4.988044,2.5425198,0.10807406,-0.027196776
61596000,8.966172,-0.029056009,-4.9883156,2.5271368,0.10737054,-0.026888201
61604000,8.985013,-0.028298661,-4.988583,2.5115774,0.10662696,-0.026591122
61612000,9.003758,-0.027543817,-4.988848,2.4959586,0.10591837,-0.026328748
61620000,9.022406,-0.026791247,-4.98911,2.4802816,0.105250895,-0.026016392
61628000,9.0407915,-0.026060665,-4.9893723,2.4643333,0.10451338,-0.025703354
61636000,9.059079,-0.02533247,-4.9896307,2.4482415,0.103787206,-0.02532189
61644000,9.077267,-0.024606908,-4.989885,2.4320295,0.10302426,-0.024965832
61652000,9.095352,-0.023883797,-4.9901342,2.4157221,0.10231625,-0.024555918
61660000,9.113196,-0.023185596,-4.9903784,2.399215,0.10149763,-0.024213986
61668000,9.1309395,-0.022490706,-4.990618,2.3826628,0.100668676,-0.02384638
61676000,9.148579,-0.021798866,-4.990854,2.3659692,0.09992754,-0.023385111
61684000,9.166113,-0.021110084,-4.991084,2.3492785,0.09910903,-0.022898518
61692000,9.183378,-0.020442137,-4.991318,2.3323665,0.098256804,-0.02242949
61700000,9.200539,-0.019777535,-4.9915476,2.3153543,0.09743789,-0.022011623
61708000,9.217593,-0.019116506,-4.991763,2.2982807,0.09655497,-0.021460902
61716000,9.234541,-0.018459613,-4.9919734,2.281175,0.095648855,-0.021007864
61724000,9.251382,-0.01780678,-4.9921784,2.2640476,0.09478931,-0.020551145
61732000,9.267984,-0.017169653,-4.992383,2.2467046,0.09388348,-0.020043341
61740000,9.284478,-0.016537327,-4.992582,2.2293155,0.09290586,-0.01960058
61748000,9.300864,-0.015909888,-4.992776,2.2118752,0.09198731,-0.019105125
61756000,9.31714,-0.015287017,-4.992981,2.1943178,0.091103956,-0.018589798
61764000,9.333135,-0.014671397,-4.993192,2.1765742,0.09016576,-0.018106725
61772000,9.34902,-0.014060523,-4.993397,2.158837,0.08926298,-0.017604338
61780000,9.364796,-0.013454686,-4.9935966,2.140997,0.088295,-0.017123101
61788000,9.380459,-0.012853876,-4.9937897,2.1231973,0.08738359,-0.016577333
61796000,9.395874,-0.012266664,-4.9939938,2.1052213,0.0864147,-0.016082674
61804000,9.411179,-0.01168511,-4.994192,2.0872767,0.08543062,-0.015588811
61812000,9.426372,-0.011109243,-4.9943953,2.0692914,0.08446269,-0.0150940595
61820000,9.441452,-0.010538894,-4.994592,2.0512335,0.08354396,-0.0145567125
61828000,9.45626,-0.009975982,-4.9948025,2.0330722,0.08266299,-0.01399449
61836000,9.470956,-0.009418247,-4.995006,2.0148869,0.08174051,-0.013451666
61844000,9.485539,-0.008865829,-4.995202,1.9967011,0.08081174,-0.012883364
61852000,9.50001,-0.008318789,-4.9953914,1.9784398,0.079909325,-0.012345524
61860000,9.514199,-0.0077717737,-4.995581,1.9600421,0.07899728,-0.011789082
61868000,9.528303,-0.007240124,-4.995761,1.9417452,0.07805963,-0.011247066
61876000,9.542294,-0.0067139994,-4.9959345,1.9234177,0.07715359,-0.010702369
61884000,9.55617,-0.0061937296,-4.9961004,1.9051423,0.076185144,-0.010158058
61892000,9.569764,-0.0056738285,-4.9962654,1.8866965,0.075239934,-0.009565224
61900000,9.583245,-0.0051597394,-4.9964232,1.8682342,0.07431458,-0.009075922
61908000,9.596612,-0.0046518086,-4.9965725,1.8497987,0.073309146,-0.008468887
61916000,9.609865,-0.0041500935,-4.9967146,1.8312835,0.07238663,-0.007930955
61924000,9.622835,-0.003656377,-4.996861,1.8126628,0.07147599,-0.007384136
61932000,9.635692,-0.0031683613,-4.9969997,1.7940867,0.0705628,-0.0068656993
61940000,9.648462,-0.0026981225,-4.99713,1.7755697,0.06960573,-0.0063545555
61948000,9.661118,-0.0022339663,-4.997254,1.7571474,0.068669386,-0.005836559
61956000,9.673497,-0.0017760427,-4.9973707,1.7384967,0.06773692,-0.0052972822
61964000,9.685763,-0.0013240667,-4.997482,1.7199453,0.0668028,-0.0047659534
61972000,9.697917,-0.0008782134,-4.9975863,1.7015126,0.06582914,-0.004267013
61980000,9.709956,-0.00043852592,-4.9976845,1.6830238,0.06488499,-0.0037510921
61988000,9.721882,-4.7731537e-06,-4.9977765,1.6645857,0.06397044,-0.0032116382
61996000,9.733538,0.00044739773,-4.9978724,1.6460023,0.06305988,-0.0026546975
62004000,9.74508,0.00089352584,-4.9979615,1.6274773,0.062181044,-0.002123775
62012000,9.756509,0.0013338475,-4.9980717,1.6089635,0.061333947,-0.0015845863
62020000,9.767824,0.001768442,-4.998175,1.5905342,0.060477503,-0.0010998433
62028000,9.778861,0.0022186933,-4.9982805,1.5719972,0.059623126,-0.000576754
62036000,9.789787,0.0026631302,-4.9983788,1.5535537,0.05882283,-9.555277e-05
62044000,9.8006,0.0031020867,-4.9984703,1.5351427,0.05804455,0.00037376306
62052000,9.8113,0.0035356,-4.9985557,1.5167426,0.05722868,0.0008666665
62060000,9.821736,0.0039785276,-4.9986544,1.4983156,0.05647794,0.001351789
62068000,9.832061,0.0044162893,-4.9987464,1.479884,0.05576167,0.0018400811
62076000,9.842274,0.0048491443,-4.9988313,1.461592,0.055061407,0.0023348043
62084000,9.852375,0.005277075,-4.9989085,1.4433434,0.054358844,0.002853882
62092000,9.862206,0.005712881,-4.9989867,1.4250646,0.05365712,0.0033569012
62100000,9.871929,0.0061436384,-4.9990573,1.406854,0.052952137,0.0037810744
62108000,9.881541,0.006569554,-4.999128,1.3886755,0.052275408,0.004235093
62116000,9.891044,0.006991152,-4.9991918,1.3705832,0.051674474,0.004684558
62124000,9.900274,0.007413888,-4.999256,1.3523397,0.051015645,0.0051404103
62132000,9.909396,0.007831886,-4.999314,1.3342239,0.050327588,0.0055740606
62140000,9.91841,0.008245545,-4.9993644,1.3162365,0.04970589,0.0060618413
62148000,9.927317,0.008654969,-4.9994082,1.2983193,0.049100704,0.0064641004
62156000,9.936114,0.009060465,-4.9994345,1.2805178,0.048492093,0.0068882024
62164000,9.944647,0.0094909035,-4.9994607,1.262645,0.047919113,0.0073431227
62172000,9.953074,0.009917416,-4.9994807,1.2448049,0.047404207,0.007827077
62180000,9.961394,0.010340261,-4.9994946,1.2270985,0.04688584,0.008221755
62188000,9.969466,0.010786014,-4.9995074,1.2093465,0.046411417,0.008657997
62196000,9.977434,0.0112279765,-4.999514,1.1916759,0.04592067,0.009078803
62204000,9.985298,0.011666376,-4.9995146,1.174146,0.04545332,0.009488915
62212000,9.993058,0.012101323,-4.9995093,1.1566926,0.04501744,0.009872269
62220000,10.000577,0.012562572,-4.999496,1.1391981,0.044592347,0.010290769
62228000,10.007994,0.0130202565,-4.9994764,1.1218005,0.044166505,0.010653591
62236000,10.015308,0.013474623,-4.9994516,1.1044465,0.043764666,0.011070066
62244000,10.022521,0.013925649,-4.9994216,1.0872476,0.043338344,0.01143918
62252000,10.029631,0.014373465,-4.9993863,1.0702043,0.04297028,0.011778834
62260000,10.036513,0.014849808,-4.9993544,1.0531269,0.04267842,0.012170184
62268000,10.043296,0.01532345,-4.999317,1.0361657,0.04239152,0.012504401
62276000,10.04998,0.01579446,-4.9992747,1.0193952,0.042064685,0.012837181
62284000,10.056564,0.016262528,-4.999228,1.0026667,0.041741934,0.013165398
62292000,10.062922,0.016752355,-4.9991903,0.9858829,0.041495282,0.013453853
62300000,10.0691805,0.017239884,-4.9991474,0.96924675,0.041268814,0.013760401
62308000,10.075344,0.017725047,-4.9991064,0.9527704,0.041003995,0.013997065
62316000,10.081409,0.01820769,-4.999061,0.9363327,0.040747724,0.014220222
62324000,10.087261,0.018713113,-4.9990225,0.9199637,0.040624503,0.014508853
62332000,10.093018,0.019216837,-4.998979,0.90372574,0.0404636,0.014763413
62340000,10.0986805,0.019718552,-4.998931,0.88757133,0.040272877,0.015010759
62348000,10.104249,0.02021818,-4.9988785,0.8715723,0.040060367,0.015240625
62356000,10.109601,0.020726485,-4.9988184,0.8555216,0.039941933,0.015502027
62364000,10.1148615,0.021232976,-4.998754,0.83963114,0.03977186,0.01570131
62372000,10.12003,0.021737823,-4.9986854,0.823904,0.039625257,0.015913932
62380000,10.125108,0.02224102,-4.9986134,0.8082998,0.039499283,0.016083272
62388000,10.12997,0.022755891,-4.998544,0.7926961,0.039353937,0.016267411
62396000,10.134742,0.02326917,-4.9984713,0.7772232,0.039235845,0.016416797
62404000,10.139426,0.02378084,-4.9983945,0.7618811,0.03909351,0.016633937
62412000,10.144023,0.024290802,-4.998318,0.74670106,0.038931783,0.01677046
62420000,10.148416,0.0248251,-4.998243,0.7314781,0.038831837,0.016931077
62428000,10.152723,0.0253576,-4.998164,0.716421,0.03870347,0.017048232
62436000,10.156944,0.025888307,-4.9980826,0.7014727,0.03858863,0.01715643
62444000,10.161081,0.026417166,-4.9979978,0.6866788,0.038445875,0.017267514
62452000,10.16503,0.02697626,-4.9979186,0.6719911,0.0384326,0.017335141
62460000,10.168896,0.027533771,-4.9978566,0.6573806,0.03835276,0.017430382
62468000,10.17268,0.028089492,-4.997791,0.64293104,0.038308345,0.017485328
62476000,10.176382,0.028643586,-4.997722,0.6285524,0.038248092,0.017529482
62484000,10.179919,0.029226145,-4.9976625,0.6142525,0.03822797,0.017573614
62492000,10.183376,0.029806748,-4.997599,0.6001245,0.03817926,0.017655658
62500000,10.186773,0.03037375,-4.9975314,0.58615595,0.0380761,0.017721657
62508000,10.190091,0.030938765,-4.9974575,0.57237226,0.038007993,0.017686501
62516000,10.193332,0.03150201,-4.9973807,0.55874884,0.03794767,0.017747998
62524000,10.196421,0.032086298,-4.9973116,0.54513925,0.037911218,0.017765647
62532000,10.199434,0.032668408,-4.9972396,0.53169936,0.03781247,0.017791746
62540000,10.202372,0.033248406,-4.9971647,0.518366,0.03777461,0.017759584
62548000,10.205234,0.03382609,-4.9970884,0.5051376,0.0376259,0.017669983
62556000,10.207946,0.03441995,-4.997012,0.4920267,0.037595738,0.017624794
62564000,10.210585,0.035011806,-4.9969335,0.47903714,0.037542254,0.017587531
62572000,10.213169,0.035591215,-4.9968524,0.46626824,0.0374338,0.017528621
62580000,10.215681,0.03616811,-4.9967694,0.45359725,0.03728314,0.01754398
62588000,10.218058,0.036763027,-4.9967055,0.44103467,0.037230343,0.017492041
62596000,10.220365,0.037355866,-4.9966397,0.42857957,0.037198845,0.017437441
62604000,10.222602,0.037946645,-4.9965725,0.41628513,0.037154213,0.017359437
62612000,10.224771,0.038535263,-4.996497,0.40416032,0.037089225,0.017328229
62620000,10.226815,0.039148394,-4.9964395,0.39211,0.037087306,0.017226279
62628000,10.228794,0.039758816,-4.996381,0.380239,0.03695987,0.017076906
62636000,10.230722,0.04035769,-4.99632,0.36845052,0.036893312,0.016950047
62644000,10.232584,0.040954325,-4.996258,0.356793,0.0368489,0.016790597
62652000,10.234381,0.04154876,-4.9961944,0.34528336,0.036801405,0.016663339
62660000,10.236053,0.04217284,-4.9961104,0.33388892,0.036818992,0.01652737
62668000,10.237662,0.04279442,-4.996025,0.32260332,0.036764808,0.016461054
62676000,10.239208,0.043413114,-4.995939,0.31147256,0.0366991,0.016378134
62684000,10.24063,0.0440619,-4.995879,0.30043048,0.036707975,0.016248163
62692000,10.241991,0.04470756,-4.9958186,0.2895084,0.036632255,0.016083688
62700000,10.243292,0.045349795,-4.995757,0.27868998,0.03656097,0.015993925
62708000,10.244547,0.04598144,-4.995697,0.2680207,0.036507044,0.015885597
62716000,10.245685,0.046630833,-4.995662,0.25749388,0.036482673,0.015720729
62724000,10.246763,0.047276936,-4.9956255,0.24709153,0.036379363,0.015590771
62732000,10.247786,0.047919117,-4.995588,0.23678587,0.03624774,0.015452317
62740000,10.248752,0.048557263,-4.9955487,0.22671543,0.03607591,0.015321511
62748000,10.249619,0.049223937,-4.995521,0.21671219,0.03598463,0.015137487
62756000,10.250432,0.049886644,-4.9954925,0.20680039,0.03590893,0.014956321
62764000,10.25119,0.050544843,-4.9954624,0.1970587,0.03569823,0.014856109
62772000,10.251896,0.051198456,-4.9954305,0.18747224,0.035594318,0.014721345
62780000,10.252562,0.051841624,-4.9953966,0.17794374,0.035425752,0.014624122
62788000,10.2531395,0.05250899,-4.9953775,0.16854136,0.035263337,0.014498211
62796000,10.253665,0.053171366,-4.9953566,0.15926154,0.035097536,0.014352396
62804000,10.25414,0.05382877,-4.995334,0.15013166,0.034904547,0.014190608
62812000,10.254564,0.054481015,-4.995311,0.14111434,0.034703586,0.014080188
62820000,10.254919,0.055162463,-4.995308,0.1322555,0.034576964,0.0139400875
62828000,10.255225,0.055838607,-4.9953036,0.12350638,0.034426667,0.013824606
62836000,10.255483,0.056509286,-4.995297,0.11485101,0.03422494,0.013650746
62844000,10.2556925,0.057174068,-4.9952893,0.10638379,0.033979084,0.013538437
62852000,10.255853,0.057873346,-4.9952893,0.097940095,0.033738375,0.013415867
62860000,10.255966,0.058566302,-4.9952993,0.089645505,0.033569403,0.013255415
62868000,10.256034,0.05925308,-4.995307,0.0815371,0.033355936,0.013094143
62876000,10.256057,0.059933078,-4.9953136,0.073543,0.033061653,0.012962827
62884000,10.256013,0.060650226,-4.995327,0.065611936,0.032831706,0.0128742615
62892000,10.255925,0.06136012,-4.9953384,0.057821576,0.03259551,0.012698525
62900000,10.255795,0.062062662,-4.9953485,0.050142955,0.032331917,0.012588181
62908000,10.255621,0.0627576,-4.995361,0.04263284,0.032058723,0.012476467
62916000,10.255402,0.06347601,-4.995387,0.035227638,0.03185784,0.012309438
62924000,10.25514,0.06418697,-4.995411,0.027881382,0.031634573,0.012146867
62932000,10.254839,0.06489016,-4.9954333,0.020711925,0.03134866,0.012022168
62940000,10.254498,0.065585256,-4.9954534,0.013579879,0.031017685,0.011814686
62948000,10.254121,0.06630119,-4.995479,0.0066479486,0.03070099,0.011637081
62956000,10.253705,0.0670086,-4.995519,-0.00016194153,0.030413222,0.0114665935
62964000,10.253252,0.06770757,-4.9955573,-0.006948561,0.030107649,0.011338444
62972000,10.25276,0.06839786,-4.995593,-0.013601764,0.029734831,0.011182599
62980000,10.252231,0.06910787,-4.9956346,-0.020113265,0.029371204,0.011040249
62988000,10.251676,0.06980509,-4.9956746,-0.026463352,0.028995836,0.010863367
62996000,10.251084,0.0704932,-4.9957128,-0.03278556,0.028651515,0.010718367
63004000,10.250457,0.071172155,-4.9957485,-0.038928404,0.028249208,0.010561939
63012000,10.249802,0.07187265,-4.9957795,-0.04495606,0.02789195,0.010411516
63020000,10.249112,0.07256328,-4.9958086,-0.050849997,0.027446065,0.010330163
63028000,10.248389,0.07324371,-4.995836,-0.05665199,0.027010351,0.01018141
63036000,10.247634,0.07391396,-4.995861,-0.062388327,0.026552053,0.010084738
63044000,10.246844,0.07457406,-4.995885,-0.068069585,0.026094737,0.010047681
63052000,10.246043,0.07525583,-4.995917,-0.073612995,0.0256554,0.009930247
63060000,10.245219,0.075924434,-4.995955,-0.079036064,0.025234299,0.009824163
63068000,10.244363,0.076582715,-4.9959908,-0.084361196,0.024794627,0.009740318
63076000,10.242742,0.077416286,-4.995947,-0.09466699,0.023301499,0.009625899
63084000,10.241804,0.078083165,-4.995986,-0.099661,0.02283029,0.009521405
63092000,10.240836,0.07873845,-4.996023,-0.10459364,0.022279708,0.009408862
63100000,10.2398405,0.07938214,-4.996059,-0.10944527,0.021749808,0.009283377
63108000,10.238815,0.080014214,-4.996085,-0.11414629,0.021193773,0.009164631
63116000,10.237779,0.08067324,-4.996113,-0.118746914,0.020688662,0.0090847695
63124000,10.236713,0.08132,-4.996139,-0.12331525,0.02009935,0.008976402
63132000,10.23563,0.08195242,-4.996164,-0.12777916,0.019554988,0.008827342
63140000,10.234519,0.08257263,-4.996187,-0.13216989,0.018951476,0.008782174
63148000,10.233418,0.08322069,-4.9962215,-0.13636212,0.018422062,0.008670264
63156000,10.232291,0.08385631,-4.996291,-0.14053403,0.017886637,0.008623865
63164000,10.231138,0.08447969,-4.996358,-0.14462712,0.017340306,0.008529831
63172000,10.22996,0.08509062,-4.9964223,-0.14864299,0.016777808,0.008415429
63180000,10.228789,0.0857086,-4.996485,-0.15252525,0.016176097,0.008365816
63188000,10.227593,0.08631372,-4.996546,-0.15635484,0.015573392,0.008308788
63196000,10.226381,0.08690418,-4.9966035,-0.16007803,0.014941717,0.008257065
63204000,10.225145,0.08748182,-4.9966593,-0.16372964,0.014320072,0.008189527
63212000,10.223921,0.088051714,-4.996711,-0.1672601,0.013687465,0.008111615
63220000,10.222673,0.08860873,-4.9967594,-0.1707212,0.013053955,0.008114001
63228000,10.221276,0.08925537,-4.996843,-0.17417343,0.012451962,0.008077132
63236000,10.219936,0.089860365,-4.9969187,-0.17747943,0.011756778,0.007950767
63244000,10.2186,0.09043394,-4.9969854,-0.1806679,0.011099624,0.007870611
63252000,10.217262,0.09098018,-4.997023,-0.18385687,0.010384843,0.007849759
63260000,10.215923,0.09150064,-4.997056,-0.1869129,0.009637926,0.0077913622
63268000,10.214611,0.09200795,-4.9970965,-0.18981287,0.008885051,0.0077400235
63276000,10.213285,0.092495106,-4.9971333,-0.19266778,0.008136903,0.0076631233
63284000,10.211945,0.09296374,-4.9971666,-0.1954941,0.007381179,0.0076150144
63292000,10.210589,0.093414836,-4.997197,-0.19825362,0.0065712943,0.007572653
63300000,10.209217,0.09384918,-4.9972396,-0.20094748,0.0057505667,0.0075004334
63308000,10.207869,0.09427396,-4.997297,-0.20349939,0.0049319873,0.0074287434
63316000,10.206502,0.094683275,-4.997351,-0.20602876,0.004111823,0.007368714
63324000,10.205119,0.095077336,-4.9974036,-0.20849459,0.0032416538,0.007266297
63332000,10.203724,0.0954555,-4.9974537,-0.21090318,0.0023990127,0.0072317123
63340000,10.202379,0.095825635,-4.9975214,-0.2131637,0.0015626575,0.0071266713
63348000,10.201015,0.09618166,-4.9975796,-0.21533726,0.00072121184,0.007130627
63356000,10.199635,0.0965234,-4.9976354,-0.21745685,-0.00021009872,0.0071277237
63364000,10.198237,0.09685071,-4.9976883,-0.21957177,-0.0011126313,0.0071341796
63372000,10.196893,0.09715394,-4.997756,-0.22156459,-0.0020580715,0.0071304734
63380000,10.195531,0.09744302,-4.997821,-0.22340599,-0.003014426,0.007106712
63388000,10.194152,0.09771854,-4.9978833,-0.22526912,-0.0038550103,0.007036928
63396000,10.192757,0.09798087,-4.997944,-0.22709732,-0.0047558243,0.007006524
63404000,10.191425,0.09823292,-4.9980235,-0.22876824,-0.005697692,0.0069622872
63412000,10.190077,0.09847137,-4.9981003,-0.23036413,-0.0066096974,0.006953598
63420000,10.188712,0.09869618,-4.9981747,-0.2319468,-0.0075988835,0.0069158045
63428000,10.187331,0.098906964,-4.998246,-0.23350182,-0.008601246,0.0068446314
63436000,10.186008,0.09911656,-4.998329,-0.23493688,-0.009541539,0.0068508927
63444000,10.184669,0.099312454,-4.998409,-0.23630735,-0.01052431,0.006857838
63452000,10.183314,0.0994944,-4.998503,-0.2376441,-0.011505043,0.0068295137
63460000,10.181943,0.09966268,-4.9985943,-0.23891714,-0.012470666,0.006776788
63468000,10.180562,0.09981685,-4.9986835,-0.24018212,-0.013410569,0.0066811745
63476000,10.179257,0.09996027,-4.9987807,-0.24127133,-0.014347052,0.006680049
63484000,10.1779375,0.100090325,-4.998875,-0.24232161,-0.015330404,0.0066866325
63492000,10.176601,0.100207046,-4.998966,-0.24335875,-0.016297363,0.0066489833
63500000,10.175356,0.100318275,-4.999055,-0.24427983,-0.017306536,0.0066316887
63508000,10.174093,0.10041612,-4.9991407,-0.24516399,-0.0182568,0.0065898485
63516000,10.172815,0.10050042,-4.9992237,-0.24600649,-0.019304587,0.0065635177
63524000,10.171523,0.10057101,-4.999304,-0.24682516,-0.020325886,0.0065754103
63532000,10.170313,0.100645855,-4.99938,-0.24754079,-0.021320662,0.0066079856
63540000,10.169091,0.10070684,-4.999453,-0.24826638,-0.022287881,0.006681171
63548000,10.167853,0.10075467,-4.9995155,-0.24890858,-0.023223542,0.006744329
63556000,10.166601,0.100789554,-4.9995747,-0.24954477,-0.02418113,0.006741965
63564000,10.165335,0.10081173,-4.9996314,-0.25016248,-0.025096806,0.0068372968
63572000,10.164164,0.10083146,-4.9996924,-0.25061384,-0.02603183,0.0068706344
63580000,10.162977,0.10083842,-4.9997506,-0.25100657,-0.026978696,0.0068896343
63588000,10.161777,0.100832544,-4.9998064,-0.25145718,-0.02793338,0.0068858266
63596000,10.160561,0.10081414,-4.9998593,-0.25190297,-0.02885278,0.0069838096
63604000,10.159434,0.10079957,-4.9999323,-0.25217184,-0.029785212,0.0070332307
63612000,10.158296,0.10077194,-5.000002,-0.25238067,-0.030744214,0.0070312954
63620000,10.157143,0.1007317,-5.000068,-0.2525702,-0.03164838,0.0070318757
63628000,10.155975,0.10067925,-5.0001326,-0.25275567,-0.032544497,0.007030276
63636000,10.154913,0.1006242,-5.000211,-0.2528804,-0.0334363,0.0070594614
63644000,10.153834,0.10055701,-5.0002856,-0.2529458,-0.03431447,0.0071433242
63652000,10.152741,0.1004782,-5.00037,-0.25302535,-0.035129327,0.0071649756
63660000,10.151633,0.10038801,-5.000451,-0.25310194,-0.03597938,0.007175647
63668000,10.15064,0.10030672,-5.0005503,-0.25303078,-0.0368192,0.0071775224
63676000,10.14963,0.10021376,-5.000645,-0.25292683,-0.037662506,0.007192961
63684000,10.148608,0.10010914,-5.000737,-0.25276846,-0.03844605,0.007166349
63692000,10.1475725,0.099993445,-5.0008254,-0.25253454,-0.039256863,0.007188306
63700000,10.14666,0.09987502,-5.0009336,-0.25227422,-0.04013998,0.007209606
63708000,10.145732,0.09974504,-5.001038,-0.2520036,-0.04096032,0.0072635957
63716000,10.144788,0.09960374,-5.0011377,-0.2517754,-0.04179988,0.007313043
63724000,10.143828,0.09945115,-5.0012336,-0.25146574,-0.04265808,0.0074110725
63732000,10.142988,0.099303514,-5.0013437,-0.2510284,-0.043489188,0.0074641258
63740000,10.142133,0.09914449,-5.00145,-0.25062755,-0.044312835,0.0075034536
63748000,10.141263,0.09897442,-5.00153,-0.25021136,-0.045082927,0.0075763427
63756000,10.140378,0.09879375,-5.0016065,-0.24979998,-0.04583563,0.0076366686
63764000,10.139608,0.09861725,-5.0016947,-0.24925964,-0.046637945,0.007661091
63772000,10.138823,0.09842992,-5.0017786,-0.2487024,-0.04737785,0.007733459
63780000,10.1380205,0.09823235,-5.001859,-0.24816537,-0.048090376,0.0077388934
63788000,10.137203,0.098024726,-5.001936,-0.24765234,-0.048791833,0.0077940514
63796000,10.1364975,0.09781478,-5.0020313,-0.24705178,-0.049505793,0.0077998415
63804000,10.135775,0.097594835,-5.0021324,-0.2464244,-0.050222095,0.007879329
63812000,10.135035,0.097364634,-5.002229,-0.2457901,-0.050984148,0.007914973
63820000,10.13428,0.09712452,-5.0023217,-0.24518245,-0.05163064,0.008052754
63828000,10.133511,0.09687494,-5.00241,-0.24454917,-0.052345578,0.008111421
63836000,10.132843,0.09662682,-5.0025206,-0.24381714,-0.053049702,0.008132464
63844000,10.132159,0.09636898,-5.002627,-0.24310675,-0.053716898,0.008181585
63852000,10.131458,0.096101746,-5.0027595,-0.24235477,-0.054386303,0.008248377
63860000,10.130742,0.09582523,-5.002887,-0.24164067,-0.055062268,0.008263268
63868000,10.130124,0.09555638,-5.0030284,-0.24088801,-0.05571876,0.008315826
63876000,10.129489,0.09527848,-5.0031643,-0.24012361,-0.05629628,0.008327117
63884000,10.128838,0.09499178,-5.003295,-0.23933765,-0.056891505,0.008388927
63892000,10.128171,0.09469626,-5.003421,-0.23853438,-0.057510603,0.008430519
63900000,10.127606,0.094419815,-5.0035834,-0.237658,-0.058139615,0.008427764
63908000,10.127024,0.09413395,-5.0037403,-0.23680411,-0.058730833,0.0084758345
63916000,10.126424,0.093839,-5.0038915,-0.23597299,-0.05932694,0.008555655
63924000,10.125808,0.09353514,-5.004036,-0.23517923,-0.059878476,0.008726048
63932000,10.125283,0.09325678,-5.004186,-0.2343091,-0.060390797,0.008819237
63940000,10.124741,0.092969455,-5.0043306,-0.23344515,-0.060905054,0.008880268
63948000,10.124181,0.09267321,-5.004496,-0.23257445,-0.061436955,0.008917248
63956000,10.123604,0.09236809,-5.0046554,-0.23173761,-0.0619648,0.00898985
63964000,10.123126,0.09208403,-5.0048137,-0.23079485,-0.06245604,0.009072871
63972000,10.122631,0.09179095,-5.0049653,-0.22983599,-0.0629602,0.009148108
63980000,10.122118,0.091488734,-5.0051107,-0.2289562,-0.06347377,0.009206359
63988000,10.121587,0.09117773,-5.0052505,-0.22808023,-0.06394818,0.009345376
63996000,10.121146,0.09087809,-5.0053864,-0.2270952,-0.06437582,0.009446657
64004000,10.1206875,0.09057001,-5.005528,-0.22620393,-0.06480021,0.009462364
64012000,10.120212,0.090253465,-5.005664,-0.2252367,-0.06524008,0.009516347
64020000,10.119718,0.08992883,-5.005794,-0.22433001,-0.0656168,0.00961756
64028000,10.119312,0.089610666,-5.0059175,-0.22335593,-0.06601194,0.009793343
64036000,10.118888,0.08928441,-5.006035,-0.22236499,-0.066406496,0.009949498
64044000,10.118446,0.088950105,-5.0061464,-0.22145435,-0.06679519,0.010091878
64052000,10.117987,0.08860835,-5.006256,-0.22059315,-0.067110136,0.0102235135
64060000,10.117601,0.088270195,-5.006361,-0.21965137,-0.067468904,0.010347957
64068000,10.117198,0.087924436,-5.0064597,-0.21865986,-0.06781796,0.010455514
64076000,10.116776,0.08757133,-5.0065536,-0.21774632,-0.068157025,0.010528931
64084000,10.116337,0.08721101,-5.006642,-0.21686499,-0.068467155,0.010634644
64092000,10.11588,0.086843856,-5.0067253,-0.21597303,-0.068764046,0.010758409
64100000,10.115497,0.086484626,-5.006809,-0.21507515,-0.06910552,0.010865034
64108000,10.115094,0.08611809,-5.0068884,-0.21411958,-0.06943249,0.010950974
64116000,10.114675,0.08574451,-5.0069623,-0.21322538,-0.069752514,0.011090075
64124000,10.114238,0.08536373,-5.007031,-0.21236715,-0.0701007,0.01120812
64132000,10.11387,0.08499156,-5.007098,-0.21141957,-0.07036869,0.0113440845
64140000,10.113484,0.08461268,-5.00716,-0.2104708,-0.070622616,0.011517142
64148000,10.113081,0.084227316,-5.007235,-0.20966306,-0.070883155,0.011660785
64156000,10.1126585,0.083835326,-5.0073037,-0.20883653,-0.071166575,0.011842044
64164000,10.112311,0.0834687,-5.0073743,-0.20789501,-0.07140692,0.011944214
64172000,10.111946,0.08309547,-5.0074396,-0.20698728,-0.071633935,0.012119114
64180000,10.111562,0.082715556,-5.007499,-0.20614202,-0.071871616,0.0122498525
64188000,10.111161,0.08232902,-5.0075536,-0.20532246,-0.07208614,0.012371563
64196000,10.110824,0.081969574,-5.007599,-0.20441662,-0.072266184,0.012500323
64204000,10.110469,0.081603624,-5.007645,-0.20352656,-0.072404295,0.01263247
64212000,10.110096,0.08123143,-5.0076866,-0.20266348,-0.072539225,0.012658045
64220000,10.109705,0.08085303,-5.007724,-0.20183624,-0.0727259,0.012736387
64228000,10.109372,0.08050279,-5.0077605,-0.20091075,-0.07289499,0.012819428
64236000,10.109021,0.080145776,-5.007793,-0.20010169,-0.07304826,0.012934474
64244000,10.108653,0.07978207,-5.007821,-0.19930172,-0.0732401,0.0130399605
64252000,10.108266,0.0794119,-5.0078144,-0.1985069,-0.0733263,0.0131544275
64260000,10.107927,0.07905975,-5.007814,-0.19764553,-0.073405296,0.013217448
64268000,10.10757,0.07870127,-5.0078096,-0.19689769,-0.07350939,0.01332092
64276000,10.107194,0.07833663,-5.0078015,-0.19609022,-0.07356729,0.013461721
64284000,10.106801,0.07796605,-5.007805,-0.19537212,-0.07367654,0.008713108
64292000,10.106471,0.07760512,-5.007879,-0.19460486,-0.073921226,-0.0029667898
64300000,10.106122,0.07723643,-5.0080657,-0.19390741,-0.07423265,-0.018639272
64308000,10.105755,0.07686019,-5.008385,-0.19318329,-0.07449004,-0.036616165
64316000,10.1053705,0.07647726,-5.0088506,-0.19247761,-0.07460524,-0.055672314
64324000,10.105039,0.07610348,-5.009476,-0.19175515,-0.074329495,-0.074631445
64332000,10.104689,0.075728595,-5.010248,-0.19101009,-0.0735759,-0.09293141
64340000,10.1043215,0.07535699,-5.0111604,-0.19029798,-0.07213577,-0.110429205
64348000,10.103937,0.07499538,-5.012194,-0.18955122,-0.06978872,-0.1270725
64356000,10.103536,0.07465124,-5.013355,-0.18883416,-0.066502064,-0.14269425
64364000,10.10319,0.074329466,-5.0146775,-0.18799981,-0.062158473,-0.15729849
64372000,10.102828,0.07404175,-5.0161095,-0.1871897,-0.056750577,-0.17068082
64380000,10.10245,0.07379736,-5.017639,-0.18639615,-0.050183523,-0.18269575
64388000,10.1020565,0.073605195,-5.019257,-0.18557468,-0.04252686,-0.19349726
64396000,10.101718,0.0734755,-5.0210347,-0.18467799,-0.03379698,-0.20300204
64404000,10.101364,0.07341531,-5.0228863,-0.18378559,-0.023981722,-0.21132572
64412000,10.100995,0.0734333,-5.0247946,-0.18290442,-0.013110674,-0.21842209
64420000,10.100611,0.07353797,-5.02675,-0.18205942,-0.0011576695,-0.22433974
64428000,10.100259,0.07377728,-5.028848,-0.18108474,0.01187019,-0.22924964
64436000,10.099893,0.074119076,-5.030974,-0.18011612,0.025781823,-0.23307347
64444000,10.099511,0.074570365,-5.033119,-0.17918012,0.040575735,-0.23579851
64452000,10.099117,0.075139165,-5.035288,-0.17824592,0.056377452,-0.23752086
64460000,10.098774,0.07588921,-5.037554,-0.17728773,0.07305119,-0.23834136
64468000,10.098415,0.07676983,-5.039813,-0.17631602,0.090582736,-0.23830137
64476000,10.098044,0.07778764,-5.04206,-0.17538111,0.108855896,-0.23739477
64484000,10.097659,0.07894812,-5.0442877,-0.17445196,0.12779523,-0.23573557
64492000,10.097319,0.08036762,-5.0465384,-0.17343237,0.14750692,-0.23330174
64500000,10.096965,0.081938915,-5.0487685,-0.1724195,0.16783293,-0.23019068
64508000,10.096599,0.08366721,-5.0509615,-0.17141233,0.18880488,-0.2264398
64516000,10.096219,0.08555759,-5.053113,-0.1704136,0.21034499,-0.22207539
64524000,10.095893,0.087780654,-5.055232,-0.1692891,0.23260011,-0.21719971
64532000,10.095554,0.09017201,-5.057301,-0.168267,0.25527516,-0.21180886
64540000,10.095202,0.09273569,-5.059316,-0.16717853,0.27849558,-0.20597462
64548000,10.09484,0.09547601,-5.0612564,-0.16613802,0.30217594,-0.19977675
64556000,10.094526,0.09861125,-5.063133,-0.16504633,0.32646456,-0.1932448
64564000,10.094201,0.101926915,-5.064949,-0.16398098,0.35108602,-0.18645701
64572000,10.0938635,0.105426066,-5.066702,-0.16291781,0.37606454,-0.17933168
64580000,10.093514,0.109111965,-5.0683894,-0.16191281,0.40140808,-0.1719245
64588000,10.093209,0.11322942,-5.069991,-0.16084224,0.42726964,-0.16430931
64596000,10.092893,0.11753567,-5.071524,-0.15978011,0.4533973,-0.15647084
64604000,10.092565,0.12203361,-5.072981,-0.15876305,0.47988066,-0.14853753
64612000,10.092225,0.12672642,-5.074368,-0.15770309,0.5066627,-0.14052053
64620000,10.091875,0.13161623,-5.0756855,-0.15665907,0.5336013,-0.13244121
64628000,10.091563,0.13695574,-5.0768876,-0.15555029,0.5609912,-0.124246225
64636000,10.091242,0.14249277,-5.07802,-0.15446247,0.58858126,-0.11614395
64644000,10.090909,0.1482291,-5.0790834,-0.15337183,0.61630714,-0.10798322
64652000,10.090567,0.15416655,-5.080062,-0.15228154,0.6441983,-0.09981436
64660000,10.090276,0.16057298,-5.0809097,-0.15118848,0.67258894,-0.09165254
64668000,10.089974,0.1671808,-5.081691,-0.15011896,0.7010441,-0.083545715
64676000,10.089663,0.17399119,-5.0824056,-0.14904822,0.7296154,-0.07551522
64684000,10.08934,0.18100578,-5.083054,-0.1479785,0.75827456,-0.067558356
64692000,10.089061,0.18850382,-5.083582,-0.14685337,0.7873275,-0.059651457
64700000,10.088772,0.1962048,-5.0840597,-0.14576195,0.8163752,-0.051843878
64708000,10.088472,0.20410918,-5.0844746,-0.14471486,0.84545213,-0.04419077
64716000,10.088163,0.21221854,-5.084828,-0.14370805,0.87463546,-0.03668709
64724000,10.087908,0.2208342,-5.0850754,-0.14256564,0.90403223,-0.029292837
64732000,10.087644,0.22965193,-5.0852637,-0.14145465,0.93347466,-0.022061795
64740000,10.087369,0.23867252,-5.085396,-0.14040418,0.96289754,-0.015006869
64748000,10.087086,0.24789649,-5.085469,-0.1393259,0.9922422,-0.008081956
64756000,10.086865,0.25764275,-5.0854483,-0.13824822,1.021918,-0.001365786
64764000,10.086636,0.26758924,-5.0853753,-0.13712312,1.051561,0.005177484
64772000,10.086397,0.27773613,-5.0852513,-0.13601515,1.081087,0.011620275
64780000,10.086148,0.28808337,-5.085078,-0.13494419,1.1104888,0.017850066
64788000,10.085977,0.2989492,-5.0848174,-0.13378869,1.1400717,0.023891846
64796000,10.085794,0.3100108,-5.084511,-0.1326869,1.1695914,0.029776815
64804000,10.085603,0.32126865,-5.0841618,-0.13157845,1.1990403,0.03548785
64812000,10.085402,0.33272278,-5.08377,-0.1304629,1.2283148,0.040917646
64820000,10.085281,0.3446929,-5.083308,-0.12934457,1.25776,0.046241865
64828000,10.085151,0.35685405,-5.0828066,-0.12817496,1.2870531,0.051336173
64836000,10.085011,0.36920586,-5.082267,-0.12706296,1.3161114,0.056279514
64844000,10.084862,0.38174757,-5.0816903,-0.12594852,1.3449688,0.060957294
64852000,10.0847025,0.39447883,-5.081089,-0.12480684,1.3736943,0.06544222
64860000,10.084616,0.40769875,-5.0804296,-0.12370521,1.4024559,0.06978582
64868000,10.084518,0.42110255,-5.079738,-0.12260063,1.4310393,0.07393345
64876000,10.084412,0.4346895,-5.0790157,-0.12153814,1.4593503,0.07787689
64884000,10.084295,0.4484592,-5.0782647,-0.1204758,1.4875695,0.081609264
64892000,10.084256,0.46269643,-5.0774717,-0.11932099,1.5156969,0.085138135
64900000,10.084208,0.4771098,-5.076646,-0.118123814,1.5435245,0.088490136
64908000,10.084149,0.49169835,-5.075795,-0.11695205,1.5711521,0.09165055
64916000,10.084083,0.5064613,-5.0749226,-0.11580779,1.5985276,0.09465142
64924000,10.084089,0.52167237,-5.074006,-0.1145873,1.6259416,0.09749572
64932000,10.084086,0.5370521,-5.07307,-0.11345878,1.6530819,0.100207664
64940000,10.084075,0.5525993,-5.072115,-0.112290375,1.6799234,0.10274972
64948000,10.084054,0.5683127,-5.071157,-0.111155584,1.7064685,0.10509945
64956000,10.084117,0.584453,-5.0701714,-0.10998086,1.7329581,0.107292034
64964000,10.084169,0.60075295,-5.0691705,-0.10881068,1.7591419,0.109272994
64972000,10.084213,0.6172113,-5.0681562,-0.10761539,1.7850479,0.11112265
64980000,10.084248,0.63382673,-5.0671296,-0.10653578,1.8106248,0.112786576
64988000,10.084344,0.6508463,-5.066081,-0.10538011,1.8361441,0.114353284
64996000,10.08443,0.6680165,-5.065023,-0.10428298,1.8613021,0.1157079
65004000,10.084506,0.6853356,-5.0639577,-0.10317503,1.8861592,0.116978414
65012000,10.084573,0.70280206,-5.0628843,-0.10211122,1.9106503,0.11818673
65020000,10.084688,0.7206542,-5.0618043,-0.10096851,1.9350853,0.11917936
65028000,10.084793,0.7386474,-5.0607176,-0.09992369,1.9591923,0.12004494
65036000,10.084888,0.7567799,-5.059626,-0.09881493,1.9829276,0.1207848
65044000,10.084975,0.7750501,-5.058531,-0.097741604,2.0063336,0.12137765
65052000,10.085119,0.7936822,-5.0574117,-0.096614026,2.0295975,0.12187281
65060000,10.085253,0.8124456,-5.0562906,-0.095541574,2.0526023,0.12225481
65068000,10.085378,0.831339,-5.055169,-0.09455356,2.0752456,0.12249365
65080000,10.085492,0.8503606,-5.0540476,-0.093607314,2.097522,0.12263106
65084000,10.085661,0.86973625,-5.052934,-0.092592075,2.1196787,0.122705385
65092000,10.085819,0.8892331,-5.0518227,-0.091588244,2.1414297,0.12264758
65100000,10.085968,0.9088496,-5.05071,-0.09061069,2.1628728,0.12244938
65108000,10.086107,0.9285839,-5.0496006,-0.08968169,2.183945,0.12227774
65116000,10.086236,0.9484348,-5.048495,-0.08873462,2.2047606,0.121908575
65124000,10.086417,0.9685771,-5.0474,-0.087726064,2.2252977,0.12150367
65132000,10.086587,0.9888295,-5.0463095,-0.08682664,2.2455142,0.1210653
65140000,10.086747,1.0091904,-5.0452237,-0.08596728,2.2653768,0.12055356
65148000,10.086897,1.0296584,-5.0441666,-0.085118294,2.2849548,0.11993592
65156000,10.087099,1.0503961,-5.0431232,-0.08416562,2.3042872,0.11920134
65164000,10.08729,1.0712352,-5.042086,-0.08330507,2.323356,0.11839811
65172000,10.087471,1.0921739,-5.0410557,-0.08252102,2.3420336,0.11758611
65180000,10.087641,1.1132104,-5.0400324,-0.08175794,2.360358,0.116716385
65188000,10.087855,1.134491,-5.03902,-0.08092101,2.3785288,0.115767136
65196000,10.08806,1.1558638,-5.038016,-0.08014478,2.3963091,0.11479218
65204000,10.088253,1.177327,-5.037034,-0.07942557,2.413766,0.113794535
65212000,10.088435,1.1988795,-5.0360603,-0.07868931,2.4309392,0.112722464
65220000,10.088668,1.2206436,-5.035102,-0.077915214,2.4478543,0.111614615
65228000,10.088889,1.2424912,-5.034152,-0.07722307,2.4644039,0.110477164
65236000,10.089099,1.2644211,-5.033211,-0.07648992,2.4807048,0.10930371
65244000,10.089297,1.2864318,-5.0322795,-0.07583725,2.4966679,0.108123206
65252000,10.089551,1.3086253,-5.0313635,-0.07515285,2.512436,0.10685921
65260000,10.089793,1.3308948,-5.030457,-0.07448735,2.527832,0.10562646
65268000,10.090022,1.3532385,-5.0295606,-0.07385139,2.5429447,0.10438476
65276000,10.0902405,1.3756553,-5.0286736,-0.07318413,2.557764,0.10313001
65284000,10.0905,1.398235,-5.027816,-0.07256384,2.5723162,0.10180037
65292000,10.090747,1.4208829,-5.0269685,-0.07196703,2.5865629,0.10046394
65300000,10.0909815,1.4435979,-5.026144,-0.07145637,2.6005752,0.0991902
65308000,10.091204,1.4663783,-5.025329,-0.070908494,2.6142383,0.097829774
65316000,10.091461,1.4893072,-5.024547,-0.070351474,2.6276734,0.09651164
65324000,10.091706,1.5122969,-5.0237737,-0.06989959,2.6408417,0.095241636
65332000,10.091937,1.5353469,-5.0230093,-0.069452144,2.6537998,0.09391981
65340000,10.092155,1.5584553,-5.0222545,-0.069046386,2.6664238,0.09252036
65348000,10.092408,1.5816818,-5.021538,-0.06851694,2.6788676,0.09106788
65356000,10.0926485,1.6049638,-5.0208306,-0.068065524,2.6910646,0.089689486
65364000,10.0928755,1.6282994,-5.0201325,-0.06770369,2.7029712,0.08829636
65372000,10.093088,1.6516875,-5.019444,-0.06736944,2.714585,0.086904526
65380000,10.093324,1.6751823,-5.018779,-0.0670203,2.7259662,0.08554012
65388000,10.093545,1.6987258,-5.018122,-0.06667442,2.737114,0.08418557
65396000,10.093754,1.7223171,-5.017475,-0.06633085,2.7480707,0.08280802
65404000,10.093948,1.745955,-5.0168405,-0.06603083,2.7587252,0.08141075
65412000,10.09413,1.7696384,-5.0162153,-0.0657046,2.7691982,0.08003747
65420000,10.094347,1.7933838,-5.0156283,-0.06543851,2.779412,0.07866745
65428000,10.094549,1.817172,-5.0150495,-0.06518731,2.7894027,0.077309355
65440000,10.094738,1.841002,-5.0144796,-0.06496659,2.7991369,0.07593566
65444000,10.0949135,1.8648722,-5.013918,-0.06475803,2.8086662,0.07464027
65452000,10.09512,1.8887898,-5.0133386,-0.064541794,2.8179884,0.07338291
65460000,10.095314,1.9127454,-5.0127687,-0.06423298,2.827031,0.072066665
65468000,10.095494,1.9367377,-5.0122075,-0.06406854,2.8359053,0.07082748
65476000,10.09566,1.9607663,-5.0116553,-0.06387669,2.8445914,0.06956008
65484000,10.095866,1.9848331,-5.011125,-0.06367779,2.8530333,0.06836378
65492000,10.096058,2.0089338,-5.010603,-0.06356852,2.8613172,0.06718811
65500000,10.096234,2.0330675,-5.010097,-0.063478045,2.8693998,0.06597482
65508000,10.0963955,2.0572333,-5.009599,-0.06342018,2.8772683,0.06475071
65516000,10.096594,2.0814295,-5.0091124,-0.063293844,2.8849282,0.06352613
65524000,10.096776,2.1056554,-5.008634,-0.06323759,2.8923714,0.06241722
65532000,10.096944,2.12991,-5.008163,-0.06317153,2.899641,0.061309185
65540000,10.097096,2.154193,-5.0076995,-0.063125074,2.9067855,0.060194258
65548000,10.097274,2.178494,-5.007255,-0.063025445,2.9136605,0.059103794
65556000,10.097437,2.202821,-5.0068183,-0.062953375,2.9203324,0.05804793
65564000,10.097585,2.2271733,-5.006388,-0.06294639,2.9268937,0.057027917
65572000,10.097717,2.25155,-5.0059648,-0.06295514,2.933281,0.056034
65580000,10.097888,2.2759414,-5.005562,-0.06289729,2.9395065,0.055010837
65588000,10.098043,2.300356,-5.005166,-0.06287219,2.9455836,0.054019485
65596000,10.098184,2.3247924,-5.0047765,-0.06287927,2.9514558,0.0530523
65604000,10.098309,2.3492503,-5.0044045,-0.06290383,2.9572325,0.05209039
65612000,10.098482,2.3737078,-5.0040574,-0.06290019,2.962765,0.051114067
65620000,10.0986395,2.3981853,-5.0037155,-0.06290344,2.9682407,0.05015204
65628000,10.098783,2.422682,-5.0033793,-0.06290109,2.9735007,0.049283825
65636000,10.098909,2.4471974,-5.003048,-0.0629292,2.9786518,0.048410106
65644000,10.099081,2.4716842,-5.002747,-0.0629454,2.9836273,0.04754248
65652000,10.099237,2.4961889,-5.0024414,-0.06293979,2.9884884,0.046663757
65660000,10.099378,2.5207114,-5.00214,-0.06299684,2.9932506,0.04577613
65668000,10.099502,2.5452507,-5.0018444,-0.06309584,2.9978201,0.044926006
65676000,10.09961,2.5698059,-5.0015526,-0.06317234,3.0023088,0.044144835
65684000,10.099755,2.5943065,-5.001291,-0.06322843,3.0065525,0.043369595
65692000,10.099885,2.6188228,-5.0010324,-0.06337239,3.0107214,0.042640287
65700000,10.0999975,2.6433547,-5.0007715,-0.06350793,3.0147924,0.04184666
65708000,10.100094,2.6679013,-5.0005145,-0.06363687,3.0187042,0.041073114
65716000,10.100212,2.6923938,-5.000292,-0.063791126,3.0224814,0.0402582
65724000,10.100313,2.7169008,-5.0000725,-0.06391183,3.0261488,0.039520178
65732000,10.100399,2.7414224,-4.999856,-0.06404844,3.0297613,0.038810376
65740000,10.100469,2.7659576,-4.999643,-0.064121105,3.0332592,0.038143378
65748000,10.100564,2.790434,-4.999437,-0.06417227,3.0365908,0.037465576
65756000,10.100644,2.8149238,-4.9992337,-0.06431643,3.0397933,0.03677739
65764000,10.100708,2.8394268,-4.999034,-0.06447025,3.0429478,0.036106355
65772000,10.100756,2.8639429,-4.998837,-0.06471783,3.0460446,0.03548695
65780000,10.100823,2.8883877,-4.9986553,-0.06488628,3.048947,0.034879293
65788000,10.100875,2.9128456,-4.9984756,-0.06503332,3.0517724,0.034313932
65796000,10.10091,2.937316,-4.998298,-0.06520003,3.0545325,0.03371228
65804000,10.100931,2.961799,-4.9981265,-0.06540017,3.0572054,0.03313154
65812000,10.100959,2.9862082,-4.9979687,-0.06563461,3.0597692,0.03259169
65820000,10.100971,3.0106304,-4.9978123,-0.06578871,3.06227,0.03204135
65828000,10.100969,3.035065,-4.997658,-0.06598713,3.0646598,0.031473853
65836000,10.100951,3.0595114,-4.997505,-0.06623869,3.0670211,0.031009726
65844000,10.100933,3.083881,-4.997371,-0.066491954,3.0692174,0.03050166
65852000,10.1009,3.1082625,-4.9972258,-0.06675512,3.0713184,0.02999717
65860000,10.100851,3.132656,-4.9970818,-0.067022726,3.073395,0.0295352
65868000,10.100788,3.1570609,-4.9969397,-0.06729715,3.0753922,0.02912358
65876000,10.100721,3.1813903,-4.996812,-0.0676127,3.0772753,0.028622923
65884000,10.100638,3.205731,-4.9966855,-0.067853674,3.0790453,0.028156387
65892000,10.100542,3.2300832,-4.996561,-0.06811696,3.0808232,0.027647316
65900000,10.100432,3.254447,-4.996436,-0.06838789,3.0825946,0.027247788
65908000,10.100307,3.2787375,-4.9963236,-0.068722054,3.0841947,0.026846752
65916000,10.100169,3.3030398,-4.996212,-0.06903806,3.085789,0.026451865
65924000,10.100017,3.327354,-4.996101,-0.06938116,3.0873408,0.026046893
65932000,10.09985,3.3516793,-4.995991,-0.069690734,3.0888495,0.025655072
65940000,10.09967,3.376016,-4.995882,-0.07004044,3.0903087,0.02529124
65948000,10.099471,3.4002707,-4.9957895,-0.070424296,3.0916789,0.024909342
65956000,10.099258,3.4245372,-4.9956975,-0.07081765,3.092979,0.024593048
65964000,10.099032,3.4488156,-4.9956055,-0.07121817,3.094286,0.024191856
65972000,10.098793,3.4731054,-4.9955144,-0.071572155,3.0955477,0.023872346
65980000,10.098534,3.497319,-4.995428,-0.07202499,3.0966754,0.023492899
65988000,10.098262,3.5215445,-4.9953427,-0.07244974,3.0977595,0.023135534
65996000,10.097977,3.5457819,-4.995258,-0.07281074,3.0988197,0.022859028
66004000,10.09768,3.5700302,-4.9951797,-0.07325118,3.0998485,0.022554927
66012000,10.097382,3.5942078,-4.995104,-0.07364444,3.1007714,0.022284534
66020000,10.097072,3.6183975,-4.9950275,-0.07404748,3.1016736,0.02201205
66028000,10.096749,3.6425986,-4.9949517,-0.074422635,3.102561,0.021703493
66036000,10.096416,3.6668115,-4.994875,-0.07477929,3.1034255,0.02148012
66044000,10.096074,3.6909492,-4.994799,-0.075183935,3.1041882,0.021170726
66052000,10.09572,3.7150993,-4.994735,-0.075537704,3.1049812,0.020917516
66060000,10.095356,3.7392619,-4.9946704,-0.07592104,3.1057425,0.020641727
66068000,10.09498,3.7634363,-4.9946055,-0.07637885,3.1064281,0.02042662
66076000,10.094599,3.7875307,-4.9945507,-0.07683868,3.1070523,0.02019062
66084000,10.094206,3.811638,-4.994495,-0.07725428,3.107694,0.019918784
66092000,10.093802,3.8357582,-4.994439,-0.07767204,3.1082883,0.019660598
66100000,10.093388,3.8598907,-4.994392,-0.07806884,3.1089087,0.019412883
66108000,10.092968,3.883942,-4.994349,-0.078498945,3.109373,0.019140454
66116000,10.092538,3.9080057,-4.9943056,-0.07890605,3.1098325,0.018944815
66124000,10.092098,3.9320827,-4.994261,-0.07931389,3.110325,0.018736556
66132000,10.091648,3.9561725,-4.9942155,-0.07968787,3.110817,0.018501792
66140000,10.091198,3.9801788,-4.9941635,-0.08010523,3.1112118,0.01835051
66148000,10.090738,4.004199,-4.994088,-0.080496594,3.1115649,0.018209312
66156000,10.090269,4.028232,-4.9940124,-0.08090272,3.1119254,0.017942263
66164000,10.08979,4.052279,-4.993937,-0.08131685,3.1122305,0.0177487
66172000,10.089328,4.0762424,-4.9938655,-0.08165051,3.1124673,0.017636685
66180000,10.088857,4.10022,-4.993793,-0.082054965,3.1127608,0.017438093
66188000,10.088375,4.124212,-4.993721,-0.08234903,3.11304,0.017242905
66196000,10.087886,4.148217,-4.9936485,-0.082733296,3.1132872,0.017071651
66204000,10.087386,4.1722364,-4.993577,-0.08311974,3.113556,0.016878244
66212000,10.0869,4.1961555,-4.993511,-0.0834572,3.1137087,0.016698267
66220000,10.086406,4.2200894,-4.9934454,-0.083786115,3.1138785,0.01652565
66228000,10.085901,4.2440376,-4.993379,-0.08412809,3.114066,0.01630616
66236000,10.085388,4.2680006,-4.993313,-0.08447075,3.114266,0.016089888
66244000,10.08489,4.2918696,-4.993251,-0.08472623,3.1143937,0.015873715
66252000,10.084383,4.3157544,-4.993163,-0.08504893,3.1144702,0.015747866
66260000,10.083867,4.3396544,-4.9930763,-0.08539044,3.1145809,0.015549685
66268000,10.083342,4.3635693,-4.99299,-0.08574915,3.1147017,0.015404472
66276000,10.082815,4.3874087,-4.9929166,-0.08606734,3.1147356,0.0152389575
66284000,10.082281,4.411264,-4.9928436,-0.08639414,3.1147542,0.015078723
66296000,10.0817375,4.435135,-4.9927707,-0.08669101,3.1148322,0.014876409
66304000,10.081186,4.4590216,-4.9927044,-0.08696191,3.1148865,0.014710033
66312000,10.080635,4.4828324,-4.9926534,-0.087233365,3.1149006,0.014474946
66320000,10.080075,4.5066605,-4.9926023,-0.087529466,3.1148875,0.0143073425
66328000,10.079508,4.530504,-4.9925513,-0.08781657,3.1148775,0.014097632
66336000,10.078932,4.554364,-4.9925003,-0.088156246,3.1149135,0.013916114
66344000,10.078342,4.5781703,-4.992462,-0.088465676,3.1148589,0.0137082515
66352000,10.077745,4.601992,-4.9924192,-0.08879579,3.114775,0.013556773
66360000,10.077141,4.6258307,-4.9923763,-0.089106284,3.1147861,0.013390201
66368000,10.076529,4.6496854,-4.992333,-0.08937004,3.1148179,0.0131789455
66376000,10.075912,4.67348,-4.992288,-0.08967056,3.1147885,0.013012436
66384000,10.07529,4.6972914,-4.9922433,-0.08993135,3.1147687,0.012840669
66392000,10.07466,4.7211194,-4.992198,-0.090238325,3.1147223,0.0126734115
66400000,10.074023,4.744964,-4.9921527,-0.09049579,3.1146927,0.012569606
66408000,10.073391,4.7687387,-4.992102,-0.09075506,3.1146114,0.012399393
66416000,10.072749,4.7925315,-4.9920516,-0.09106375,3.114587,0.012214545
66424000,10.0721,4.8163414,-4.9920015,-0.091333956,3.1145542,0.012062809
66432000,10.0714445,4.840168,-4.9919515,-0.091618136,3.1145158,0.011891717
66440000,10.070799,4.8639336,-4.991901,-0.09187827,3.114453,0.011755104
66448000,10.070189,4.8876505,-4.99188,-0.09210165,3.1143398,0.011545236
66456000,10.069562,4.9114003,-4.9918566,-0.09235145,3.1142216,0.011363787
66464000,10.068921,4.9351797,-4.99183,-0.09257704,3.114148,0.011212931
66472000,10.068278,4.9589167,-4.9917946,-0.09281564,3.1140485,0.011076154
66480000,10.067621,4.9826803,-4.9917574,-0.09308689,3.1139927,0.010962055
66488000,10.066954,5.0064683,-4.9917192,-0.09329353,3.1139054,0.010839655
66496000,10.066278,5.030278,-4.9916797,-0.09351105,3.113779,0.010770944
66504000,10.065612,5.054052,-4.991652,-0.093741596,3.1137056,0.010640174
66512000,10.064939,5.077847,-4.991623,-0.093986146,3.1136656,0.010568755
66520000,10.064257,5.1016617,-4.991593,-0.094195314,3.1135888,0.010435556
66528000,10.063568,5.125496,-4.9915624,-0.09441973,3.1135893,0.010318703
66536000,10.062899,5.149297,-4.991516,-0.094606295,3.113494,0.010272343
66544000,10.062223,5.1731167,-4.99147,-0.09478327,3.113418,0.010146576
66552000,10.061539,5.1969547,-4.991433,-0.0949542,3.1133585,0.010044826
66560000,10.060848,5.2208104,-4.9913964,-0.09515879,3.1133795,0.009914406
66568000,10.060183,5.244634,-4.991347,-0.09533096,3.1133044,0.009877713
66576000,10.059511,5.2684755,-4.991297,-0.09552116,3.113241,0.009824371
66584000,10.058833,5.292334,-4.991246,-0.09567054,3.113171,0.009721285
66592000,10.058149,5.31621,-4.9911957,-0.095868856,3.113192,0.009628775
66600000,10.057459,5.3401027,-4.991145,-0.09602123,3.113188,0.00951335
66608000,10.056794,5.363954,-4.991075,-0.09610397,3.113171,0.009512196
66616000,10.056124,5.387823,-4.991005,-0.09620136,3.113159,0.009448603
66624000,10.055445,5.41171,-4.990935,-0.0962907,3.113193,0.009396568
66632000,10.05476,5.435614,-4.9908648,-0.096394315,3.1132672,0.0093084
66640000,10.054086,5.459475,-4.9907713,-0.0965139,3.113245,0.00923544
66648000,10.053406,5.483353,-4.990673,-0.09665391,3.1132047,0.009159686
66656000,10.05272,5.507249,-4.9905763,-0.09678176,3.113211,0.009055041
66664000,10.052029,5.5311613,-4.9904804,-0.09690177,3.1132812,0.008987651
66672000,10.051349,5.55502,-4.990357,-0.09700145,3.1132462,0.008903835
66680000,10.050663,5.5788956,-4.9902353,-0.09703842,3.1131659,0.008739173
66688000,10.04997,5.602789,-4.9901156,-0.0970915,3.11314,0.008588602
66696000,10.049273,5.626699,-4.9899983,-0.09715036,3.1131263,0.008520305
66704000,10.0485735,5.650559,-4.9898725,-0.09724447,3.113117,0.008393247
66712000,10.047869,5.674437,-4.9897494,-0.09736346,3.1131105,0.008251066
66720000,10.04716,5.698333,-4.989628,-0.09743789,3.113178,0.008136525
66728000,10.046447,5.7222466,-4.989509,-0.09747336,3.1132193,0.007997359
66736000,10.045734,5.7461176,-4.9893847,-0.097505696,3.1131542,0.007845696
66744000,10.045017,5.7700067,-4.989262,-0.09753535,3.113189,0.0077311476
66752000,10.044297,5.793913,-4.989158,-0.0975571,3.1131897,0.0076698144
66760000,10.0435705,5.817837,-4.9890556,-0.097592816,3.1132195,0.007577792
66768000,10.042847,5.841721,-4.9889517,-0.0976203,3.11321,0.0074494733
66776000,10.042119,5.8656225,-4.98885,-0.097632095,3.1131995,0.0072934306
66784000,10.041388,5.8895416,-4.9887505,-0.0976573,3.113189,0.007093812
66792000,10.040653,5.913478,-4.988653,-0.09765285,3.1131823,0.006955347
66800000,10.039921,5.93737,-4.9885645,-0.097642094,3.1131685,0.006773583
66808000,10.039186,5.96128,-4.9884777,-0.097620904,3.113158,0.0065530143
66816000,10.038446,5.985207,-4.9883933,-0.09761758,3.113164,0.0064029708
66824000,10.037704,6.009152,-4.988311,-0.09761816,3.1131682,0.0061815805
66832000,10.036956,6.033056,-4.988232,-0.097670406,3.1131463,0.0059728003
66840000,10.036203,6.0569773,-4.988156,-0.097685926,3.1131542,0.005809694
66848000,10.035448,6.0809164,-4.988084,-0.097661465,3.1131237,0.005629576
66856000,10.03469,6.104872,-4.9880137,-0.09763218,3.1131864,0.0054459204
66864000,10.03393,6.1288457,-4.987945,-0.09763429,3.113243,0.00532436
66872000,10.033177,6.15279,-4.987872,-0.09764929,3.113215,0.005198617
66880000,10.032423,6.1767516,-4.9878006,-0.097547,3.1132884,0.0050371652
66888000,10.031667,6.2007303,-4.987731,-0.09748217,3.1133192,0.0048825475
66896000,10.030909,6.2247257,-4.987663,-0.09747487,3.1133611,0.0047716415
66904000,10.030149,6.2486825,-4.9875765,-0.09744418,3.1133957,0.004663827
66912000,10.029388,6.2726564,-4.987492,-0.09740806,3.113421,0.0045798006
66920000,10.028625,6.296647,-4.987409,-0.09741906,3.1134307,0.004480021
66928000,10.027859,6.320654,-4.9873276,-0.09739584,3.113473,0.004388678
66936000,10.027087,6.3446183,-4.9872437,-0.09734875,3.1134338,0.0042912373
66944000,10.026314,6.3686,-4.987161,-0.097285,3.1134605,0.0041569076
66952000,10.025538,6.392598,-4.9870777,-0.09719617,3.1135056,0.0039478596
66960000,10.024762,6.416613,-4.9869967,-0.09716362,3.113518,0.0038368222
66968000,10.023986,6.440573,-4.9869137,-0.09713531,3.1135232,0.003677788
66976000,10.023209,6.464551,-4.9868326,-0.09706163,3.113537,0.0034988108
66984000,10.0224285,6.4885454,-4.9867544,-0.0970008,3.1135554,0.003356518
66992000,10.021648,6.512557,-4.986678,-0.096928254,3.1135776,0.0031684043
67000000,10.020874,6.5365047,-4.986602,-0.096835725,3.113531,0.00303436
67008000,10.020099,6.5604696,-4.9865274,-0.096780695,3.113515,0.0028762359
67016000,10.019321,6.584452,-4.986455,-0.096678354,3.1135392,0.00275537
67024000,10.018542,6.608452,-4.986385,-0.09657605,3.1135583,0.00264388
67032000,10.017756,6.63238,-4.9863267,-0.09647137,3.1134908,0.0024863367
67040000,10.016966,6.656327,-4.9862704,-0.09633563,3.1134567,0.0022927918
67048000,10.016174,6.680291,-4.986206,-0.09617754,3.1134348,0.002113616
67056000,10.015383,6.7042727,-4.986144,-0.0960477,3.1134353,0.0020014055
67064000,10.014596,6.728183,-4.986099,-0.09597061,3.1133564,0.0017903466
67072000,10.013808,6.752111,-4.9860554,-0.095817894,3.113301,0.0016347865
67080000,10.01302,6.776057,-4.9860134,-0.09569847,3.113282,0.001550694
67088000,10.012231,6.8000207,-4.985973,-0.09557835,3.1132255,0.001440232
67096000,10.011445,6.8239007,-4.9859557,-0.09543024,3.113054,0.0012706087
67104000,10.010659,6.847799,-4.985948,-0.09530508,3.112944,0.0011072168
67112000,10.00987,6.871715,-4.985941,-0.095140345,3.112819,0.0009519396
67120000,10.00908,6.895649,-4.985935,-0.09494191,3.1127388,0.00076259486
67128000,10.00829,6.919601,-4.9859304,-0.09469273,3.1126788,0.0006152059
67136000,10.007495,6.9434705,-4.985953,-0.094501816,3.112514,0.00044752622
67144000,10.006699,6.9673586,-4.9859753,-0.09434592,3.1123352,0.00034599972
67152000,10.005903,6.9912643,-4.9859924,-0.09417394,3.1122155,0.00020592957
67160000,10.005107,7.015188,-4.98601,-0.09404762,3.112093,6.544981e-05
67168000,10.004293,7.0390315,-4.9860473,-0.0938854,3.1119213,-6.813201e-05
67176000,10.003481,7.0628934,-4.986084,-0.09367581,3.1117318,-0.00019037302
67184000,10.0026655,7.086774,-4.986121,-0.09349042,3.1115546,-0.00031059864
67192000,10.00185,7.110672,-4.9861574,-0.09338535,3.1113713,-0.00037596677
67200000,10.001027,7.1344943,-4.986197,-0.09322348,3.1110988,-0.00046745304
67208000,10.000204,7.158335,-4.9862366,-0.093049236,3.1108327,-0.00050761446
67216000,9.999383,7.1821938,-4.986275,-0.09286776,3.110516,-0.0005936883
67224000,9.998563,7.2060685,-4.986314,-0.09266156,3.110134,-0.0006678057
67232000,9.997721,7.229869,-4.986371,-0.09250982,3.109728,-0.0007165476
67240000,9.99688,7.253687,-4.986428,-0.09234668,3.1092677,-0.00078165665
67248000,9.996037,7.2775216,-4.986472,-0.0921637,3.10871,-0.0008174172
67256000,9.995195,7.301371,-4.9865155,-0.0919576,3.1081054,-0.00081410544
67264000,9.994343,7.3251595,-4.986589,-0.09176883,3.1073747,-0.000914666
67272000,9.993492,7.3489623,-4.986661,-0.0915878,3.1065147,-0.0009571691
67280000,9.992642,7.372778,-4.986732,-0.09141566,3.1056387,-0.0010511507
67288000,9.991796,7.396606,-4.986802,-0.09124816,3.1046374,-0.001129196
67296000,9.990929,7.420362,-4.986907,-0.09102054,3.1034083,-0.0012223322
67304000,9.990065,7.4441285,-4.9870076,-0.090809226,3.1020775,-0.0013763877
67312000,9.989203,7.4679046,-4.987107,-0.09063338,3.100606,-0.0015083272
67320000,9.98834,7.491688,-4.987205,-0.0904363,3.0990186,-0.0016757352
67328000,9.987447,7.5154047,-4.98733,-0.09025061,3.0972772,-0.0018416556
67336000,9.986556,7.539128,-4.987453,-0.09005557,3.0953777,-0.0020983885
67344000,9.985667,7.562855,-4.987576,-0.08989749,3.0933065,-0.0023182887
67352000,9.984782,7.586584,-4.9876747,-0.08972186,3.0911024,-0.0025407136
67360000,9.983883,7.610241,-4.987796,-0.089483775,3.0886676,-0.0027570953
67368000,9.982987,7.633898,-4.987916,-0.08918211,3.086015,-0.003021684
67376000,9.982095,7.6575527,-4.988036,-0.08896113,3.0832112,-0.0033204772
67384000,9.981207,7.681204,-4.988156,-0.08869335,3.0802183,-0.0035809518
67392000,9.980318,7.7048507,-4.9882755,-0.088450946,3.0770445,-0.0038397112
67400000,9.979416,7.728406,-4.9884315,-0.088201776,3.0736063,-0.0041291793
67408000,9.978518,7.7519536,-4.988587,-0.087938726,3.0700274,-0.0045420504
67416000,9.977623,7.775491,-4.9887424,-0.0876979,3.066248,-0.0049367496
67424000,9.976732,7.799018,-4.9888983,-0.08738197,3.0622737,-0.005281415
67432000,9.975819,7.822441,-4.989072,-0.087142326,3.0580118,-0.005708261
67440000,9.974909,7.84585,-4.9892454,-0.08680786,3.0535717,-0.006117843
67448000,9.974005,7.869243,-4.9894223,-0.08647639,3.0489197,-0.0064876587
67456000,9.9731045,7.892618,-4.989599,-0.08620755,3.0440333,-0.006903195
67464000,9.972187,7.9158893,-4.9897914,-0.085991465,3.0388975,-0.0072928015
67472000,9.971275,7.93914,-4.9899826,-0.08568012,3.0335035,-0.007677308
67480000,9.970367,7.9623666,-4.990174,-0.08535756,3.0279431,-0.008085709
67488000,9.969464,7.985568,-4.9903655,-0.08503819,3.022153,-0.008533348
67496000,9.968557,8.008661,-4.9905715,-0.08468253,3.0161192,-0.009001674
67504000,9.967655,8.031726,-4.990773,-0.08434257,3.0098689,-0.009452545
67512000,9.966759,8.05476,-4.990975,-0.08395625,3.003354,-0.009882048
67520000,9.965868,8.077762,-4.9911766,-0.083566666,2.99663,-0.010275791
67528000,9.964974,8.100629,-4.9913936,-0.0832133,2.9895825,-0.010734773
67536000,9.9640875,8.123461,-4.9916105,-0.08284586,2.982365,-0.011146415
67544000,9.963205,8.1462555,-4.991827,-0.08240749,2.9749064,-0.0114817675
67552000,9.962329,8.16901,-4.99204,-0.08194881,2.9672756,-0.011867255
67560000,9.961448,8.191615,-4.9922566,-0.08154996,2.9593682,-0.01224726
67568000,9.960572,8.214179,-4.992472,-0.08117901,2.9511802,-0.012488709
67576000,9.959702,8.236698,-4.9926867,-0.08074455,2.9427772,-0.012844014
67584000,9.9588375,8.259171,-4.9929023,-0.08029333,2.934203,-0.013242069
67592000,9.957976,8.281474,-4.993126,-0.07978968,2.925295,-0.013615648
67600000,9.957124,8.303733,-4.9933558,-0.079329915,2.9162192,-0.013945761
67608000,9.956276,8.325939,-4.993585,-0.078860074,2.9069254,-0.014288612
67616000,9.955435,8.348094,-4.993814,-0.07835436,2.8974361,-0.014605214
67624000,9.954605,8.37006,-4.994042,-0.07787593,2.8875694,-0.014845076
67632000,9.953781,8.391971,-4.994269,-0.07739341,2.8775172,-0.0150681725
67640000,9.952963,8.413824,-4.994495,-0.07687172,2.867316,-0.015307083
67648000,9.952151,8.435619,-4.9947333,-0.076346,2.8570082,-0.015532467
67656000,9.951345,8.457353,-4.994971,-0.07578593,2.8464134,-0.015689438
67664000,9.950551,8.478886,-4.995201,-0.07523175,2.835494,-0.015881164
67672000,9.949766,8.50036,-4.99543,-0.07472682,2.8243666,-0.016112909
67680000,9.948986,8.521768,-4.9956574,-0.07418738,2.8131545,-0.01626354
67688000,9.948214,8.543109,-4.995884,-0.073602304,2.8017192,-0.016438697
67696000,9.947453,8.564246,-4.996088,-0.07304787,2.7900019,-0.016530193
67704000,9.946698,8.585315,-4.9963107,-0.072519094,2.7781024,-0.016679356
67712000,9.94595,8.606313,-4.996533,-0.0718919,2.766003,-0.016831836
67720000,9.945207,8.627237,-4.9967537,-0.071325175,2.7537224,-0.016951378
67728000,9.944476,8.647943,-4.9969583,-0.0706972,2.7411559,-0.016988838
67736000,9.943751,8.668572,-4.9971614,-0.07010493,2.7284389,-0.017059708
67744000,9.943038,8.689132,-4.9973626,-0.06947958,2.7155483,-0.01714629
67752000,9.942332,8.709613,-4.9975677,-0.06882289,2.702558,-0.017185636
67760000,9.941635,8.729858,-4.997752,-0.0681612,2.6892679,-0.017231474
67768000,9.940946,8.750026,-4.997936,-0.067465246,2.6758168,-0.017166395
67776000,9.940262,8.770112,-4.998117,-0.06679261,2.6622546,-0.017129142
67784000,9.939585,8.790116,-4.9982967,-0.06613262,2.6484911,-0.017044907
67792000,9.938918,8.809865,-4.998467,-0.0655323,2.6344624,-0.016985893
67800000,9.938256,8.82953,-4.9986367,-0.06487075,2.6202965,-0.016938193
67808000,9.93761,8.849115,-4.998804,-0.064134896,2.6059504,-0.016862994
67816000,9.936969,8.868613,-4.9989696,-0.063361876,2.5916023,-0.016716119
67824000,9.936336,8.887851,-4.9991274,-0.0626316,2.576937,-0.016608838
67832000,9.935709,8.907001,-4.999284,-0.061895162,2.5621479,-0.016447281
67840000,9.935089,8.926062,-4.999438,-0.0611426,2.5471778,-0.016287398
67848000,9.934475,8.945032,-4.9995837,-0.060417376,2.5321088,-0.016129985
67856000,9.933859,8.963733,-4.9997306,-0.05961997,2.5167677,-0.015953569
67864000,9.93325,8.982342,-4.9998755,-0.05890365,2.501295,-0.015762175
67872000,9.932648,9.000857,-5.0000186,-0.058196448,2.4857395,-0.01558257
67880000,9.932061,9.019285,-5.000158,-0.057419665,2.470081,-0.015371096
67888000,9.931475,9.0374365,-5.0002856,-0.05664166,2.4541652,-0.015132619
67896000,9.930894,9.055493,-5.0004115,-0.055939484,2.4381993,-0.014835527
67904000,9.930321,9.073454,-5.000529,-0.055188213,2.4221654,-0.014569987
67912000,9.929754,9.091318,-5.0006437,-0.05436685,2.4059775,-0.014314913
67920000,9.929195,9.109083,-5.0007567,-0.0536109,2.3897443,-0.014037169
67928000,9.928647,9.126564,-5.0008607,-0.052868713,2.3732915,-0.01378619
67936000,9.928105,9.143947,-5.0009627,-0.0521154,2.3567379,-0.013445643
67944000,9.927571,9.16123,-5.001062,-0.051329594,2.3401127,-0.013162307
67952000,9.927056,9.178419,-5.0011487,-0.050479606,2.323397,-0.012795157
67960000,9.926551,9.195316,-5.001224,-0.04965995,2.306467,-0.0125043485
67968000,9.926052,9.212112,-5.0012975,-0.04889401,2.2895288,-0.012139664
67976000,9.92556,9.228807,-5.001368,-0.048061144,2.2724931,-0.0117554525
67984000,9.9250765,9.2453985,-5.0014358,-0.047218125,2.255356,-0.01135807
67992000,9.924612,9.261702,-5.001495,-0.046469636,2.237988,-0.010903022
68000000,9.924153,9.277902,-5.0015574,-0.045719504,2.2206213,-0.010470748
68008000,9.923701,9.293999,-5.001617,-0.04497447,2.2031488,-0.010113298
68016000,9.923255,9.309989,-5.001674,-0.044179186,2.1856549,-0.009796467
68024000,9.9228525,9.325697,-5.0017242,-0.04331482,2.1679497,-0.00942405
68032000,9.922456,9.3413,-5.0017715,-0.042482726,2.1502237,-0.009028688
68040000,9.922066,9.356797,-5.0018163,-0.041589387,2.1325052,-0.008627795
68048000,9.921682,9.372189,-5.0018916,-0.040683083,2.1147795,-0.008252861
68056000,9.921331,9.387275,-5.0019646,-0.039824836,2.0968301,-0.0078216
68064000,9.920985,9.402255,-5.0020328,-0.039001185,2.0788734,-0.0073415637
68072000,9.920646,9.417129,-5.0020976,-0.038158707,2.0608974,-0.0069693793
68080000,9.920312,9.431895,-5.002158,-0.037259206,2.0429046,-0.006544344
68088000,9.920032,9.446362,-5.002206,-0.036291737,2.0247114,-0.006136696
68096000,9.919757,9.460722,-5.0022497,-0.035349015,2.006531,-0.005706821
68104000,9.919488,9.474976,-5.0023,-0.03445748,1.9883456,-0.00528663
68112000,9.919225,9.4891205,-5.002346,-0.033581894,1.9702035,-0.004823691
68120000,9.918997,9.502958,-5.002378,-0.032625373,1.9517789,-0.004364664
68128000,9.918775,9.516688,-5.002406,-0.03166398,1.9333841,-0.00397143
68136000,9.918557,9.530311,-5.0024304,-0.030742843,1.9150037,-0.0035606327
68144000,9.918345,9.543825,-5.0024514,-0.029851675,1.8966942,-0.0031268108
68152000,9.918175,9.557027,-5.002431,-0.028999502,1.8782096,-0.0027064916
68160000,9.918024,9.570129,-5.0024056,-0.02799999,1.8597436,-0.0022001413
68168000,9.917879,9.583125,-5.002377,-0.027003696,1.8412904,-0.0017149502
68176000,9.917739,9.596012,-5.002345,-0.026059471,1.8228148,-0.0012969833
68184000,9.917604,9.608789,-5.0023108,-0.025098972,1.8043259,-0.00083560706
68192000,9.917507,9.62126,-5.002259,-0.024039429,1.7857935,-0.00036391686
68200000,9.917416,9.633622,-5.0022,-0.023077985,1.7673149,3.2840897e-05
68208000,9.917329,9.645878,-5.0021396,-0.022060076,1.7488343,0.0004937234
68216000,9.917247,9.658026,-5.0020757,-0.021062236,1.7304075,0.0009279386
68224000,9.917183,9.669869,-5.001991,-0.020090679,1.711865,0.0013751118
68232000,9.917142,9.681614,-5.0019016,-0.019034155,1.6933339,0.0017966658
68240000,9.917105,9.693252,-5.0018106,-0.018021265,1.6748484,0.00217009
68248000,9.917072,9.7047825,-5.0017133,-0.017100211,1.6564502,0.002602114
68256000,9.917033,9.716018,-5.0015945,-0.016133515,1.6379371,0.0030110183
68264000,9.916999,9.727147,-5.0014744,-0.015220216,1.6194293,0.0034112486
68272000,9.916968,9.738171,-5.0013523,-0.014323121,1.6009421,0.00385601
68280000,9.916943,9.749087,-5.001229,-0.013368477,1.5825613,0.0042874026
68288000,9.916931,9.759717,-5.0010896,-0.012484513,1.5640748,0.004710695
68296000,9.9169235,9.770243,-5.000949,-0.011634732,1.5456752,0.005125595
68304000,9.916938,9.780671,-5.0008106,-0.010707302,1.5273523,0.005548847
68312000,9.916957,9.790995,-5.000671,-0.009768857,1.5091128,0.005947904
68320000,9.916998,9.801034,-5.0005226,-0.008827654,1.4907348,0.006338454
68328000,9.917043,9.81097,-5.000373,-0.007921113,1.4724286,0.006662722
68336000,9.917092,9.820803,-5.0002217,-0.007031909,1.4542125,0.007017101
68344000,9.917146,9.830531,-5.0000696,-0.0061180945,1.4360908,0.007370917
68352000,9.917237,9.83998,-4.999923,-0.0052641174,1.4178798,0.0077205664
68360000,9.917332,9.849327,-4.9997754,-0.0044425954,1.3996841,0.008008865
68368000,9.917449,9.858579,-4.9996247,-0.003499141,1.3816038,0.008293832
68376000,9.917569,9.867728,-4.999473,-0.0025873554,1.3637029,0.008609144
68384000,9.917736,9.87662,-4.999321,-0.0016635172,1.3456714,0.008866749
68392000,9.917906,9.885413,-4.9991684,-0.0007979408,1.3277917,0.0091387145
68400000,9.918077,9.894106,-4.9990053,0.0001334093,1.3099536,0.009440206
68408000,9.918253,9.902698,-4.9988413,0.0010314481,1.292233,0.00970956
68416000,9.918465,9.911038,-4.998684,0.0019281259,1.2744192,0.009961927
68424000,9.918679,9.91928,-4.9985256,0.0028241607,1.2567313,0.010187378
68432000,9.918895,9.9274235,-4.9983664,0.0036996976,1.2391406,0.010430012
68440000,9.919132,9.935474,-4.9982047,0.004583699,1.2217042,0.010619638
68448000,9.919373,9.943428,-4.998047,0.005497375,1.2043896,0.010752386
68456000,9.919652,9.95112,-4.9978967,0.0063943667,1.1870112,0.010913655
68464000,9.919932,9.958715,-4.997745,0.007251888,1.1697012,0.011089632
68472000,9.920215,9.966215,-4.997593,0.008092384,1.1524876,0.0112572545
68480000,9.920498,9.973618,-4.9974403,0.008926086,1.1353916,0.011416648
68488000,9.920825,9.980764,-4.997297,0.009718254,1.1183009,0.011522423
68496000,9.921153,9.987818,-4.9971523,0.010562491,1.1013324,0.011665194
68504000,9.921481,9.994777,-4.9970093,0.011396973,1.0844347,0.011853543
68512000,9.92183,10.00165,-4.9968634,0.012244897,1.0677178,0.011992043
68520000,9.922205,10.008266,-4.9967303,0.013151928,1.0508759,0.01207643
68528000,9.922581,10.0147915,-4.996597,0.0139705725,1.0340927,0.012179484
68536000,9.922956,10.021224,-4.9964623,0.014832009,1.0175523,0.012230353
68544000,9.923332,10.027567,-4.996327,0.015662408,1.0011584,0.012335818
68552000,9.923741,10.033679,-4.9961915,0.016426347,0.9847255,0.012440291
68560000,9.924149,10.039703,-4.996055,0.017193312,0.96838444,0.012577023
68568000,9.924557,10.045639,-4.9959173,0.017962156,0.95215434,0.012706734
68576000,9.924964,10.051485,-4.9957786,0.018706782,0.9360614,0.01280006
68584000,9.925426,10.057121,-4.9956665,0.019516481,0.92001045,0.012850074
68592000,9.925886,10.062672,-4.9955535,0.020278659,0.9040595,0.012908698
68600000,9.926347,10.068136,-4.995436,0.021025239,0.888301,0.012940314
68608000,9.926806,10.073515,-4.995318,0.02174623,0.8726919,0.012922646
68616000,9.927293,10.078673,-4.9952264,0.022448203,0.85704297,0.01293816
68624000,9.927778,10.083749,-4.995133,0.023198,0.8415744,0.012951333
68632000,9.928263,10.088741,-4.9950385,0.023886748,0.82619584,0.012972605
68640000,9.928746,10.093651,-4.994943,0.02458922,0.8110145,0.012919015
68648000,9.929273,10.098348,-4.9948683,0.025287885,0.7958354,0.012895782
68656000,9.929798,10.102963,-4.994792,0.026035115,0.78077435,0.012906134
68664000,9.930323,10.107499,-4.9947133,0.026760051,0.7658143,0.012957046
68672000,9.930845,10.111956,-4.9946337,0.02745948,0.75103235,0.0129435
68680000,9.931367,10.116333,-4.994552,0.028125193,0.7363952,0.012931207
68688000,9.931916,10.120532,-4.9944997,0.02873871,0.72183424,0.012848836
68696000,9.932463,10.124653,-4.9944453,0.029386614,0.7073127,0.012780409
68704000,9.933008,10.128696,-4.9943805,0.03002476,0.69292474,0.0127308825
68712000,9.933552,10.132664,-4.994315,0.030634629,0.67873746,0.012586991
68720000,9.934151,10.136473,-4.994275,0.031276405,0.66462237,0.012541507
68728000,9.934748,10.140206,-4.9942336,0.031885467,0.650616,0.01248606
68736000,9.935343,10.143867,-4.99419,0.032508817,0.6367648,0.0124574285
68744000,9.935934,10.147452,-4.994145,0.033087663,0.6230302,0.0123798065
68752000,9.936566,10.150866,-4.994126,0.033711847,0.6093171,0.012294664
68760000,9.937196,10.154205,-4.9941053,0.034333073,0.59573656,0.012173976
68768000,9.937821,10.157474,-4.9940825,0.034868926,0.582261,0.012137304
68776000,9.938444,10.160671,-4.994057,0.03537394,0.56895894,0.012095491
68784000,9.93909,10.163698,-4.9940476,0.0359602,0.555666,0.012065151
68792000,9.939749,10.166662,-4.9940343,0.03656223,0.5425243,0.011982459
68800000,9.940405,10.169557,-4.994031,0.037103683,0.5294932,0.011882064
68808000,9.941058,10.172381,-4.994025,0.037621018,0.51669645,0.011848947
68816000,9.94173,10.175042,-4.9940295,0.038106766,0.503956,0.011815832
68824000,9.942398,10.177636,-4.9940305,0.038620133,0.49137917,0.0118048275
68832000,9.943063,10.180165,-4.9940286,0.039139178,0.4789033,0.011764027
68840000,9.943724,10.182629,-4.994024,0.03957517,0.4664925,0.011751384
68848000,9.944405,10.184933,-4.9940314,0.040004414,0.45414147,0.011710284
68856000,9.945082,10.187172,-4.9940357,0.04048504,0.44194654,0.011675811
68864000,9.945771,10.189354,-4.994037,0.04090479,0.42996484,0.011573645
68872000,9.946457,10.191475,-4.994036,0.04133912,0.41810164,0.011448816
68880000,9.947163,10.193454,-4.9940486,0.04173632,0.4063074,0.011363737
68888000,9.947864,10.195373,-4.994058,0.04216015,0.39468768,0.011287802
68896000,9.94856,10.197232,-4.994065,0.042532068,0.3831508,0.0112190405
68904000,9.949251,10.199032,-4.9940987,0.042920873,0.37172,0.011143076
68912000,9.94996,10.200702,-4.994151,0.043243002,0.36047024,0.0110900635
68920000,9.950663,10.202315,-4.9942,0.043542605,0.3492986,0.011029367
68928000,9.951376,10.203876,-4.9942446,0.043848258,0.33828175,0.010988127
68936000,9.952084,10.2053795,-4.9942856,0.044094674,0.3273462,0.010882363
68944000,9.952806,10.206771,-4.994343,0.044397462,0.316587,0.010797397
68952000,9.953523,10.208107,-4.9944015,0.04466034,0.30598256,0.010688489
68960000,9.954234,10.20939,-4.9944572,0.044907223,0.2954905,0.010584302
68968000,9.954939,10.210618,-4.9945087,0.045165174,0.2850461,0.010554095
68976000,9.955639,10.211792,-4.994557,0.04541063,0.27475873,0.010543852
68984000,9.95634,10.212866,-4.9946175,0.045670867,0.264607,0.0104995975
68992000,9.957034,10.213888,-4.994674,0.04584633,0.25454256,0.010411154
69000000,9.957738,10.214864,-4.994734,0.045997992,0.24459684,0.01033731
69008000,9.958435,10.215788,-4.9947896,0.046179783,0.2348553,0.010299191
69016000,9.959128,10.216617,-4.9948545,0.046360284,0.2252324,0.010284813
69024000,9.959816,10.217396,-4.994915,0.046541646,0.21567868,0.010260015
69032000,9.960498,10.218126,-4.9949713,0.04668399,0.20625044,0.010216673
69040000,9.961175,10.218809,-4.995024,0.046802457,0.1969886,0.010149235
69048000,9.9618435,10.219407,-4.995096,0.046901755,0.18780757,0.009998129
69056000,9.962506,10.219958,-4.995165,0.046923533,0.17880379,0.009900928
69064000,9.963162,10.220464,-4.9952292,0.046970837,0.16986138,0.0098552415
69072000,9.963827,10.220927,-4.99529,0.047029775,0.16109422,0.009831868
69080000,9.964492,10.221319,-4.995345,0.047074612,0.1524371,0.009865848
69088000,9.96515,10.221667,-4.995396,0.04707631,0.14393535,0.009813179
69096000,9.965802,10.221972,-4.9954443,0.047081914,0.13552384,0.009742111
69104000,9.966448,10.222235,-4.995483,0.047055434,0.12721112,0.009734314
69112000,9.967081,10.22243,-4.9955196,0.04701548,0.119026385,0.009654659
69120000,9.967709,10.222585,-4.9955535,0.04695913,0.11097005,0.009630254
69128000,9.968329,10.222698,-4.9955845,0.046885934,0.10302663,0.009589231
69136000,9.968944,10.222771,-4.995612,0.046804257,0.095195085,0.009553119
69144000,9.969563,10.222793,-4.995649,0.04668364,0.08749182,0.009556597
69152000,9.970175,10.2227745,-4.99567,0.046533316,0.07986137,0.0095242625
69160000,9.970781,10.222717,-4.995688,0.046386074,0.07242609,0.009470078
69168000,9.97138,10.222622,-4.995704,0.046253208,0.065068394,0.009411921
69176000,9.971956,10.222475,-4.995725,0.046149977,0.057841524,0.009380931
69184000,9.972526,10.222291,-4.9957438,0.045930743,0.05067768,0.009340598
69192000,9.973088,10.222071,-4.99576,0.045764826,0.04368136,0.00931696
69200000,9.973645,10.221814,-4.9957776,0.045588,0.03676602,0.009298545
69208000,9.974195,10.2215,-4.995792,0.045325495,0.02991283,0.00919024
69216000,9.974736,10.221152,-4.995805,0.04511023,0.023211611,0.009137401
69224000,9.975272,10.220769,-4.9958153,0.044884555,0.016670913,0.0090926485
69232000,9.975802,10.220353,-4.995824,0.04460346,0.010248752,0.009030828
69240000,9.976325,10.219904,-4.9958305,0.044329118,0.0039172615,0.008973045
69248000,9.976842,10.219398,-4.995826,0.0440621,-0.002371627,0.008906238
69256000,9.977352,10.21886,-4.99582,0.04374825,-0.008570925,0.0088319415
69264000,9.977856,10.218289,-4.9958124,0.043445114,-0.014663465,0.008798493
69272000,9.978353,10.217688,-4.995803,0.043088105,-0.020664748,0.008773358
69280000,9.978839,10.217048,-4.9958024,0.042746365,-0.026526421,0.0086877635
69288000,9.979319,10.216377,-4.9957995,0.042405635,-0.032283176,0.008674761
69296000,9.979792,10.215678,-4.9957952,0.042031303,-0.037940606,0.008598988
69304000,9.980259,10.21495,-4.9957876,0.04169998,-0.043476317,0.008575722
69312000,9.980695,10.214188,-4.9957933,0.041261878,-0.048964083,0.008526772
69320000,9.981125,10.213397,-4.995797,0.040855158,-0.0543724,0.008471018
69328000,9.981547,10.212579,-4.9958,0.040400047,-0.059714045,0.008393033
69336000,9.981964,10.211732,-4.995801,0.03997889,-0.064912684,0.008309809
69344000,9.98236,10.210874,-4.9958215,0.039540127,-0.070035435,0.008237432
69352000,9.982758,10.2099905,-4.995823,0.03910716,-0.07500766,0.008165937
69360000,9.98315,10.209082,-4.9958234,0.038650375,-0.07989069,0.008082592
69368000,9.983534,10.208148,-4.9958224,0.038166903,-0.08470565,0.008034718
69376000,9.983899,10.207188,-4.995828,0.037672535,-0.08941852,0.007975515
69384000,9.984257,10.2062025,-4.995833,0.03718551,-0.09407713,0.007829925
69392000,9.98461,10.205193,-4.9958367,0.036732968,-0.09859324,0.007687198
69400000,9.984956,10.20416,-4.9958534,0.036257204,-0.1029997,0.0076373657
69408000,9.985279,10.203098,-4.995877,0.03576023,-0.10730401,0.007509379
69416000,9.985598,10.202014,-4.9958982,0.035284128,-0.11161362,0.0074279923
69424000,9.985917,10.200911,-4.9959183,0.034759358,-0.11576822,0.007354106
69432000,9.98623,10.199784,-4.995937,0.03419054,-0.11988674,0.0072835563
69440000,9.986526,10.198641,-4.995967,0.03363286,-0.1238666,0.0072063706
69448000,9.986814,10.197476,-4.9959817,0.03302644,-0.12780231,0.0071499143
69456000,9.987096,10.196291,-4.9959955,0.03247045,-0.13162006,0.007058584
69464000,9.987372,10.195085,-4.996008,0.03194719,-0.135406,0.00700618
69472000,9.987627,10.193851,-4.9960356,0.03129698,-0.13912377,0.0069087385
69480000,9.987876,10.192598,-4.9960613,0.030673688,-0.14274293,0.0068833213
69488000,9.988125,10.191329,-4.9960847,0.03010973,-0.1462764,0.0068545206
69496000,9.988368,10.19004,-4.996107,0.029568307,-0.14974888,0.0067562717
69504000,9.988605,10.188732,-4.996136,0.028992774,-0.15311734,0.0066779163
69512000,9.988823,10.187415,-4.996171,0.02842408,-0.15637082,0.0065347734
69520000,9.989036,10.18608,-4.9962044,0.027811283,-0.15961652,0.0063764513
69528000,9.989242,10.184727,-4.9962363,0.027206395,-0.16275588,0.006287807
69536000,9.989442,10.183358,-4.996267,0.026640132,-0.16572969,0.0062556574
69544000,9.989613,10.181976,-4.9963083,0.02602779,-0.16875903,0.006206932
69552000,9.9897785,10.180579,-4.9963455,0.025417274,-0.17172638,0.006113734
69560000,9.989944,10.179167,-4.996381,0.024811001,-0.17464072,0.006017267
69568000,9.990104,10.177738,-4.996415,0.02421272,-0.17744319,0.005919956
69576000,9.990241,10.176315,-4.9964623,0.023582287,-0.18012704,0.0058118175
69584000,9.990373,10.174878,-4.9965076,0.022946576,-0.18272434,0.0057524126
69592000,9.9904995,10.173427,-4.996551,0.022339452,-0.18524589,0.0056641977
69600000,9.990621,10.17196,-4.996593,0.02175272,-0.18775187,0.005548511
69608000,9.990715,10.170511,-4.9966583,0.021114716,-0.19016844,0.0054826713
69616000,9.990805,10.169047,-4.996721,0.020464774,-0.19251674,0.005443119
69624000,9.99089,10.16757,-4.9967813,0.019800307,-0.19482034,0.0054076742
69632000,9.990973,10.166081,-4.9968395,0.01924131,-0.19706129,0.0053316453
69640000,9.991044,10.164611,-4.996919,0.018631285,-0.19920395,0.0051905443
69648000,9.991111,10.163127,-4.997007,0.018061113,-0.20124276,0.0051108426
69656000,9.991173,10.161632,-4.997092,0.017476615,-0.20319174,0.005049068
69664000,9.991229,10.160124,-4.9971743,0.016841156,-0.20512868,0.00504543
69672000,9.991259,10.158635,-4.997277,0.016225059,-0.20698132,0.0050643818
69680000,9.991284,10.157136,-4.9973755,0.01561756,-0.20878467,0.0050694663
69688000,9.991305,10.155624,-4.9974713,0.01506231,-0.21052748,0.004972664
69696000,9.9913225,10.154101,-4.9975643,0.014510549,-0.21220635,0.0048769494
69704000,9.991318,10.152623,-4.997677,0.013897517,-0.21378364,0.0047839736
69712000,9.991308,10.1511345,-4.9977856,0.013336552,-0.21530244,0.0047237193
69720000,9.991296,10.149634,-4.997892,0.01267726,-0.21679969,0.004696846
69728000,9.991279,10.148123,-4.9979944,0.012059909,-0.2182477,0.0047253533
69736000,9.991237,10.14668,-4.998112,0.011413531,-0.21956143,0.004686662
69744000,9.991192,10.1452265,-4.9982266,0.010821889,-0.22085978,0.004682735
69752000,9.991143,10.143762,-4.998357,0.0102526015,-0.22212096,0.0047015804
69760000,9.991093,10.142286,-4.9984827,0.009683073,-0.22331032,0.0046618814
69768000,9.991041,10.140802,-4.9986053,0.009110617,-0.22443397,0.004684797
69776000,9.990958,10.139389,-4.9987473,0.008493453,-0.22542055,0.0046492736
69784000,9.990871,10.137965,-4.9988856,0.007852853,-0.22636499,0.0046206126
69792000,9.990783,10.136532,-4.9990196,0.0073084487,-0.22726473,0.0046369317
69800000,9.990691,10.13509,-4.999144,0.006748959,-0.22806777,0.004617939
69808000,9.990572,10.133737,-4.999287,0.006241222,-0.22881721,0.004629119
69816000,9.990451,10.132372,-4.999426,0.0057410765,-0.22957149,0.0046270452
69824000,9.990329,10.130999,-4.99956,0.005258552,-0.2302569,0.0046816007
69832000,9.990205,10.129615,-4.9996896,0.0047615357,-0.23090088,0.0047513153
69840000,9.990048,10.128312,-4.9998317,0.0042193243,-0.2314083,0.0047865002
69848000,9.989891,10.127,-4.999983,0.0036757977,-0.23187055,0.0048071207
69856000,9.989732,10.125679,-5.000129,0.0031528377,-0.23235244,0.004853791
69864000,9.989572,10.124348,-5.000271,0.0026282053,-0.23276995,0.00487292
69872000,9.989373,10.123096,-5.0004206,0.0021020374,-0.23314297,0.004935723
69880000,9.989174,10.121835,-5.000565,0.0015534338,-0.2334318,0.00496162
69888000,9.988974,10.120564,-5.0007052,0.0010030174,-0.23369825,0.005026029
69896000,9.988772,10.119285,-5.00084,0.0005554366,-0.23390871,0.0051023774
69904000,9.988538,10.11808,-5.000954,4.089906e-05,-0.23399037,0.0051507824
69912000,9.988305,10.116868,-5.001064,-0.0004621655,-0.23408057,0.005230126
69920000,9.988072,10.115647,-5.0011697,-0.0009522171,-0.23408347,0.0053629465
69928000,9.98784,10.114418,-5.0012703,-0.0013665515,-0.2341159,0.005501316
69936000,9.987563,10.11327,-5.001365,-0.0018284182,-0.2339991,0.0056462074
69944000,9.987287,10.112113,-5.001456,-0.0023423585,-0.23385361,0.005766231
69952000,9.987012,10.110949,-5.0015707,-0.0028003713,-0.23376893,0.0058202115
69960000,9.986737,10.109776,-5.001681,-0.0032086067,-0.23358306,0.0058999984
69968000,9.986425,10.108695,-5.001792,-0.0036824076,-0.23330884,0.0060250936
69976000,9.9861145,10.107605,-5.001898,-0.0041220463,-0.2330601,0.0060801017
69984000,9.985806,10.106508,-5.0020003,-0.004584223,-0.23275417,0.0061504105
69992000,9.985499,10.105402,-5.002098,-0.005002712,-0.23248693,0.006267151
70000000,9.985174,10.104395,-5.002214,-0.0054127905,-0.23208287,0.006315545
70008000,9.984851,10.103378,-5.002325,-0.0058429893,-0.23164967,0.0064392523
70016000,9.984529,10.102353,-5.0024314,-0.006256581,-0.2311645,0.0065710656
70024000,9.984208,10.101319,-5.002533,-0.00666895,-0.2306811,0.006656809
70032000,9.983889,10.100279,-5.00263,-0.007123555,-0.23019211,0.006792463
70040000,9.983551,10.09933,-5.0027313,-0.0075652357,-0.2295396,0.0067987717
70048000,9.983216,10.098372,-5.002842,-0.007960611,-0.22894019,0.006887137
70056000,9.982883,10.097407,-5.0029473,-0.0083137825,-0.22831541,0.006973099
70064000,9.982553,10.096435,-5.0030484,-0.008675874,-0.22773598,0.0070725046
70072000,9.982206,10.095543,-5.003149,-0.009043634,-0.2270269,0.0071267686
70080000,9.981861,10.094644,-5.003246,-0.009349167,-0.22631612,0.0071754945
70088000,9.98152,10.093735,-5.0033383,-0.0096099535,-0.22566001,0.007278279
70096000,9.98118,10.092818,-5.0034266,-0.0098996665,-0.22500126,0.0073774913
70104000,9.980829,10.091969,-5.0035048,-0.010205963,-0.22425091,0.007470166
70112000,9.980481,10.091109,-5.003579,-0.010508122,-0.2235165,0.0075015505
70120000,9.980135,10.090243,-5.00365,-0.010842138,-0.22275089,0.007544489
70128000,9.979792,10.089369,-5.0037174,-0.011115961,-0.2218851,0.007617727
70136000,9.979445,10.088565,-5.00378,-0.011332889,-0.22095077,0.0077391923
70144000,9.979103,10.087752,-5.0038385,-0.011539351,-0.22014663,0.007813022
70152000,9.978764,10.086932,-5.003875,-0.011793588,-0.21929622,0.007835862
70160000,9.978426,10.086103,-5.0039077,-0.011978269,-0.21841566,0.007948184
70168000,9.978065,10.085333,-5.003944,-0.012166166,-0.21748777,0.008059686
70176000,9.977705,10.084554,-5.003977,-0.012353412,-0.21666528,0.008146329
70184000,9.97735,10.083765,-5.004007,-0.012551768,-0.21581045,0.008237826
70192000,9.976997,10.08297,-5.004034,-0.01274471,-0.21488115,0.008228985
70200000,9.976614,10.082217,-5.004061,-0.012969116,-0.21392235,0.008319782
70208000,9.976234,10.081457,-5.0040855,-0.013174757,-0.21297036,0.008427928
70216000,9.975858,10.080689,-5.004107,-0.013326628,-0.21205756,0.008521885
70224000,9.975486,10.079913,-5.004125,-0.013501406,-0.21117377,0.008634951
70232000,9.975084,10.079192,-5.0041385,-0.013715767,-0.21019219,0.008731501
70240000,9.974688,10.078463,-5.004149,-0.013881845,-0.2092115,0.008808607
70248000,9.974295,10.077725,-5.004176,-0.014017007,-0.20828003,0.008868905
70256000,9.973906,10.076981,-5.0042005,-0.014135711,-0.20735905,0.008985901
70264000,9.973489,10.076292,-5.0042186,-0.014262852,-0.20637712,0.009070664
70272000,9.973076,10.075594,-5.004234,-0.014431266,-0.20542501,0.00912045
70280000,9.972668,10.074889,-5.0042467,-0.0145438835,-0.20445257,0.009156116
70288000,9.972264,10.074176,-5.0042567,-0.014645042,-0.20355728,0.009210309
70296000,9.971866,10.073455,-5.004264,-0.014735317,-0.20264329,0.009261423
70304000,9.971445,10.072803,-5.004249,-0.014900165,-0.20161988,0.009325702
70312000,9.971029,10.072143,-5.0042324,-0.015006912,-0.20062663,0.009381553
70320000,9.970618,10.071475,-5.0042133,-0.0151523985,-0.19963884,0.009429405
70328000,9.97021,10.0708,-5.004193,-0.015317681,-0.19869415,0.009503039
70336000,9.969777,10.070199,-5.00418,-0.01544464,-0.19766967,0.009580281
70344000,9.969349,10.06959,-5.0041647,-0.015554121,-0.19661778,0.009654384
70352000,9.968925,10.068972,-5.004152,-0.015699612,-0.19561847,0.009705386
70360000,9.968506,10.068345,-5.0041366,-0.015796203,-0.19467184,0.009714955
70368000,9.9680805,10.067793,-5.004131,-0.01587802,-0.19362667,0.009722863
70376000,9.967661,10.067232,-5.004123,-0.01594626,-0.1926005,0.009719791
70384000,9.967245,10.066662,-5.004113,-0.01604216,-0.1916053,0.0097597465
70392000,9.966834,10.066082,-5.0041013,-0.01608198,-0.19066693,0.009789062
70400000,9.966415,10.065581,-5.004103,-0.016086325,-0.1896075,0.0097625395
70408000,9.9660015,10.06507,-5.004103,-0.016096348,-0.18855691,0.009757584
70416000,9.965593,10.06455,-5.0041013,-0.016122427,-0.18757568,0.009741829
70424000,9.96519,10.064021,-5.004097,-0.016080623,-0.18660666,0.009748547
70432000,9.964777,10.063564,-5.0040956,-0.016108273,-0.18549289,0.009726832
70440000,9.964369,10.063098,-5.0040913,-0.016126547,-0.18438394,0.0097908685
70448000,9.963966,10.062623,-5.0040493,-0.016101027,-0.18330437,0.009811471
70456000,9.96357,10.062139,-5.004006,-0.015980331,-0.18231696,0.009825728
70464000,9.963155,10.061734,-5.003983,-0.015977794,-0.18118273,0.005160245
70472000,9.962745,10.06132,-5.004025,-0.01588926,-0.18004188,-0.0062081884
70480000,9.962341,10.060897,-5.004173,-0.015666185,-0.17895688,-0.021401446
70488000,9.961946,10.060465,-5.0044513,-0.01542945,-0.17781322,-0.038879946
70496000,9.961523,10.060109,-5.0048833,-0.015355447,-0.17661168,-0.057390153
70504000,9.961105,10.059744,-5.005482,-0.015558084,-0.17542891,-0.07572918
70512000,9.96069,10.059369,-5.0062237,-0.01629725,-0.17431313,-0.093481004
70520000,9.960271,10.058984,-5.0071025,-0.017715272,-0.17324686,-0.11045709
70528000,9.959824,10.058677,-5.0081515,-0.019955676,-0.17207322,-0.12664513
70536000,9.95936,10.058359,-5.009323,-0.02315484,-0.17087391,-0.14182499
70544000,9.958872,10.058032,-5.0106096,-0.027359445,-0.16971849,-0.1560185
70552000,9.958351,10.057695,-5.0119886,-0.032629818,-0.16855943,-0.16909432
70560000,9.95779,10.057349,-5.0134645,-0.038984157,-0.1674154,-0.18086098
70568000,9.957151,10.057074,-5.0151157,-0.046464395,-0.16622339,-0.19147505
70576000,9.956454,10.0567875,-5.016842,-0.055020902,-0.16501118,-0.20074603
70584000,9.955691,10.056493,-5.018634,-0.064638354,-0.1638141,-0.20876752
70592000,9.954852,10.056188,-5.020481,-0.07532742,-0.16261509,-0.21565616
70600000,9.953902,10.055948,-5.022487,-0.087146334,-0.16137478,-0.22150764
70608000,9.95286,10.055698,-5.02453,-0.099804245,-0.1601203,-0.22631277
70616000,9.951718,10.05544,-5.0266004,-0.11345013,-0.15890698,-0.23005927
70624000,9.95047,10.055173,-5.028691,-0.128019,-0.15773472,-0.23268905
70632000,9.949063,10.054977,-5.0309005,-0.14347315,-0.15646268,-0.23450212
70640000,9.9475355,10.054772,-5.0331125,-0.15982533,-0.15527798,-0.23536545
70648000,9.945882,10.054557,-5.0353026,-0.1769709,-0.15410738,-0.23537211
70656000,9.944094,10.054332,-5.0374823,-0.19487962,-0.15290973,-0.23453721
70664000,9.942073,10.054173,-5.039729,-0.21359128,-0.151626,-0.2330179
70672000,9.939908,10.054006,-5.0419517,-0.23290192,-0.15044665,-0.23074692
70680000,9.937597,10.053824,-5.044144,-0.2529072,-0.14927918,-0.22781304
70688000,9.935132,10.053633,-5.0463023,-0.27356702,-0.14807148,-0.22427416
70696000,9.932362,10.053497,-5.0484605,-0.29485306,-0.14681573,-0.22013432
70704000,9.929431,10.053352,-5.0505934,-0.3166452,-0.14553207,-0.21546365
70712000,9.926334,10.053198,-5.0526776,-0.3388836,-0.14428927,-0.2103266
70720000,9.923069,10.053034,-5.05471,-0.36159366,-0.1431341,-0.20477901
70728000,9.919448,10.052925,-5.056704,-0.38497004,-0.14194576,-0.19882052
70736000,9.915652,10.052806,-5.05864,-0.40873626,-0.1407772,-0.19246466
70744000,9.911679,10.052677,-5.060515,-0.43281245,-0.13962927,-0.18578301
70752000,9.907527,10.052538,-5.0623693,-0.4573059,-0.13847575,-0.17883062
70760000,9.902989,10.052464,-5.0641484,-0.48232827,-0.13727148,-0.17168488
70768000,9.89827,10.05238,-5.0658603,-0.5076269,-0.13599189,-0.1643618
70776000,9.893363,10.052285,-5.067505,-0.53323585,-0.1347858,-0.15692917
70784000,9.888267,10.052182,-5.0690804,-0.5591318,-0.13365574,-0.14928517
70792000,9.882763,10.052131,-5.0705523,-0.5854966,-0.13249274,-0.14149733
70800000,9.877067,10.05207,-5.0719585,-0.61210805,-0.13128501,-0.13364993
70808000,9.871179,10.051999,-5.073295,-0.63888747,-0.13005291,-0.12578088
70816000,9.865094,10.051919,-5.074561,-0.6658481,-0.12890905,-0.11783909
70824000,9.858814,10.051829,-5.075756,-0.6929608,-0.12778933,-0.109846056
70832000,9.852095,10.051792,-5.0768385,-0.72051215,-0.12663525,-0.101922266
70840000,9.845179,10.0517435,-5.0778522,-0.7481808,-0.12554753,-0.094014436
70848000,9.838063,10.051685,-5.078772,-0.77601063,-0.124452464,-0.08606112
70856000,9.830748,10.051618,-5.0796237,-0.8039194,-0.12339822,-0.07812526
70864000,9.822971,10.051621,-5.0803533,-0.8321352,-0.12222724,-0.07032709
70872000,9.814997,10.051616,-5.0810175,-0.8604497,-0.12106997,-0.0626519
70880000,9.806821,10.0515995,-5.081618,-0.8888163,-0.119982556,-0.055018
70888000,9.798444,10.051573,-5.0821543,-0.91724277,-0.118986286,-0.047503583
70896000,9.789592,10.051593,-5.082565,-0.94595313,-0.11793183,-0.040148914
70904000,9.78054,10.051602,-5.0829215,-0.97465205,-0.11688063,-0.032930054
70912000,9.77129,10.051601,-5.083219,-1.003366,-0.11581941,-0.025866056
70920000,9.761839,10.05159,-5.0834594,-1.0320603,-0.11481585,-0.018906754
70928000,9.751916,10.051623,-5.0835943,-1.0610224,-0.11376563,-0.01207754
70936000,9.741796,10.051647,-5.0836754,-1.0899172,-0.112719186,-0.0054050256
70944000,9.731477,10.05166,-5.0837026,-1.118786,-0.11171663,0.0011852925
70952000,9.72096,10.051663,-5.083674,-1.1475133,-0.11067714,0.0075519336
70960000,9.709963,10.05171,-5.0835414,-1.1764418,-0.1096824,0.01372124
70968000,9.698771,10.051745,-5.0833607,-1.2052019,-0.10877088,0.019699316
70976000,9.6873865,10.051771,-5.0831337,-1.2339362,-0.10779361,0.025459833
70984000,9.675806,10.051786,-5.0828624,-1.2625262,-0.1068579,0.031044208
70992000,9.663741,10.051856,-5.0824847,-1.2912309,-0.1058543,0.036458693
71000000,9.651485,10.051916,-5.0820656,-1.3198416,-0.10485955,0.041701157
71008000,9.639041,10.051966,-5.0816064,-1.3483084,-0.103905134,0.046771526
71016000,9.626407,10.052005,-5.08111,-1.3765652,-0.10292591,0.05166918
71024000,9.6133,10.052097,-5.0805316,-1.404894,-0.101919636,0.056451302
71032000,9.60001,10.052179,-5.079919,-1.4331336,-0.100943096,0.061002187
71040000,9.5865345,10.052252,-5.079273,-1.4611615,-0.100029394,0.06528985
71048000,9.572877,10.052313,-5.0785847,-1.4889599,-0.09920593,0.06936115
71056000,9.558769,10.052427,-5.0778346,-1.5168308,-0.09831498,0.07324607
71064000,9.544484,10.052529,-5.0770583,-1.5443972,-0.09744012,0.07693937
71072000,9.530022,10.052622,-5.0762563,-1.5718138,-0.09654675,0.08054396
71080000,9.515384,10.052704,-5.075429,-1.5989515,-0.09565309,0.08395044
71088000,9.50057,10.052775,-5.0745783,-1.6258234,-0.094794884,0.087174036
71096000,9.485339,10.052906,-5.0736723,-1.6527128,-0.093897454,0.090274185
71104000,9.469938,10.053026,-5.072748,-1.6793785,-0.093014136,0.093100585
71112000,9.45437,10.053136,-5.071806,-1.7057161,-0.09211268,0.095776945
71120000,9.438633,10.053235,-5.070846,-1.7318064,-0.09129864,0.09826569
71128000,9.422503,10.053385,-5.0698385,-1.7579082,-0.09047139,0.10059474
71136000,9.406212,10.053524,-5.068817,-1.7836725,-0.08968649,0.10274242
71144000,9.38976,10.053653,-5.0677824,-1.8090724,-0.088905334,0.10478074
71152000,9.37315,10.05377,-5.0667357,-1.8342447,-0.08805998,0.106643945
71160000,9.356171,10.053928,-5.0656486,-1.8593446,-0.08725825,0.108330764
71168000,9.33904,10.054075,-5.0645523,-1.8840787,-0.086487174,0.10992306
71176000,9.321756,10.054213,-5.0634484,-1.9085461,-0.085652456,0.11136574
71184000,9.304324,10.054338,-5.062337,-1.932712,-0.084937446,0.11262945
71192000,9.286547,10.054499,-5.0611997,-1.9567418,-0.0841459,0.11377856
71200000,9.268626,10.054648,-5.0600705,-1.9804149,-0.08341861,0.11478295
71208000,9.250564,10.054788,-5.058937,-2.0038152,-0.08268803,0.11569813
71216000,9.23236,10.054916,-5.0578003,-2.026883,-0.08194805,0.11641699
71224000,9.213827,10.055088,-5.056657,-2.0498366,-0.081258506,0.11701119
71232000,9.195159,10.055249,-5.055512,-2.072485,-0.08055601,0.11750077
71240000,9.176358,10.0554,-5.054367,-2.0947278,-0.07985559,0.11784712
71248000,9.157426,10.05554,-5.0532312,-2.116705,-0.07920259,0.1181224
71256000,9.138192,10.055718,-5.052118,-2.1385214,-0.07848821,0.118242234
71264000,9.118834,10.055886,-5.051006,-2.1599653,-0.077891484,0.11829715
71272000,9.099351,10.056042,-5.049896,-2.181086,-0.07721428,0.11826761
71280000,9.079745,10.056188,-5.0487885,-2.2018874,-0.076570034,0.11813222
71288000,9.059875,10.05637,-5.047706,-2.222483,-0.07596918,0.11791943
71296000,9.039886,10.056541,-5.046627,-2.2427804,-0.07537337,0.11761872
71304000,9.019783,10.056701,-5.0455513,-2.2626753,-0.07480811,0.117237486
71312000,8.999568,10.0568495,-5.044481,-2.2822518,-0.074293755,0.11672725
71320000,8.979107,10.057027,-5.043436,-2.3016248,-0.0737878,0.11613188
71328000,8.958539,10.057193,-5.0423975,-2.3206728,-0.073280364,0.11546988
71336000,8.937864,10.057347,-5.0413656,-2.33945,-0.07276338,0.114782706
71344000,8.917086,10.05749,-5.0403404,-2.357861,-0.072289616,0.114029154
71352000,8.896205,10.057622,-5.039328,-2.375942,-0.0717802,0.11323351
71360000,8.875122,10.057784,-5.0383444,-2.3938007,-0.07130663,0.11236154
71368000,8.853942,10.057936,-5.0373683,-2.411318,-0.07082168,0.11142146
71376000,8.832666,10.058075,-5.036401,-2.4285362,-0.07038377,0.110373415
71384000,8.8112955,10.058203,-5.035442,-2.4454339,-0.06996132,0.109259196
71392000,8.78975,10.058365,-5.0345235,-2.462054,-0.06951039,0.108184405
71400000,8.768115,10.058515,-5.0336223,-2.4783766,-0.06910602,0.10701477
71408000,8.746392,10.058653,-5.0327296,-2.4944103,-0.06870573,0.10584757
71416000,8.724584,10.058781,-5.0318456,-2.5101159,-0.06827118,0.104664214
71424000,8.702599,10.058933,-5.031008,-2.5256019,-0.067905515,0.10347053
71432000,8.680532,10.059075,-5.030178,-2.540823,-0.067536496,0.102240846
71440000,8.658386,10.059205,-5.0293565,-2.5557127,-0.06716797,0.10101278
71448000,8.636162,10.059323,-5.028517,-2.5702577,-0.06684758,0.099730484
71456000,8.613784,10.059464,-5.0277224,-2.5845826,-0.06653844,0.09845238
71464000,8.5913315,10.059594,-5.0269365,-2.5986426,-0.06623928,0.09717444
71472000,8.568808,10.059712,-5.0261593,-2.6124187,-0.06594196,0.09592386
71480000,8.546213,10.059818,-5.0253916,-2.6259685,-0.065621756,0.09462342
71488000,8.523467,10.05994,-5.0246644,-2.639214,-0.065335095,0.09324203
71496000,8.500655,10.060051,-5.0239463,-2.6521394,-0.06505517,0.0919419
71504000,8.477779,10.06015,-5.0232353,-2.6649067,-0.064808115,0.09061187
71512000,8.45484,10.060238,-5.0225334,-2.677433,-0.06460886,0.0892461
71520000,8.431773,10.060338,-5.0218663,-2.6896718,-0.06440515,0.08790134
71528000,8.408648,10.060427,-5.0212073,-2.7016137,-0.064264484,0.08659396
71536000,8.385465,10.060503,-5.020557,-2.713368,-0.06405555,0.08525201
71544000,8.362224,10.060569,-5.019915,-2.724896,-0.06385979,0.08392639
71552000,8.338887,10.060644,-5.019289,-2.7361531,-0.06369558,0.08264265
71560000,8.315496,10.060708,-5.018671,-2.74717,-0.06355695,0.081317045
71568000,8.292054,10.0607605,-5.0180616,-2.7579567,-0.06341449,0.07999275
71576000,8.26856,10.0608015,-5.017461,-2.7685134,-0.0632663,0.07873698
71584000,8.24499,10.060846,-5.016878,-2.7788272,-0.06315295,0.077522054
71592000,8.221373,10.060881,-5.0163026,-2.7888992,-0.06304943,0.07629259
71600000,8.197708,10.060903,-5.0157447,-2.7987998,-0.06295984,0.07510545
71608000,8.173997,10.060914,-5.015194,-2.8084102,-0.06289984,0.07396567
71616000,8.150242,10.060914,-5.0146503,-2.8178508,-0.062840156,0.072728336
71624000,8.126447,10.060919,-5.014123,-2.8270657,-0.06280647,0.07150172
71632000,8.102611,10.060912,-5.013603,-2.8360455,-0.06276511,0.07034632
71640000,8.078732,10.060895,-5.013091,-2.844842,-0.06274539,0.06914927
71648000,8.054813,10.060865,-5.012564,-2.8533716,-0.06275935,0.06799536
71656000,8.030872,10.060844,-5.0120535,-2.861735,-0.06276377,0.0668754
71664000,8.006892,10.060812,-5.0115504,-2.8699493,-0.06277303,0.06580835
71672000,7.982875,10.060769,-5.011055,-2.877942,-0.06284358,0.06464184
71680000,7.9588213,10.060715,-5.010567,-2.8857152,-0.06282773,0.06355991
71688000,7.934753,10.060662,-5.0100923,-2.8933508,-0.06284335,0.0624942
71696000,7.91065,10.0606,-5.009625,-2.9007792,-0.0628709,0.061425906
71704000,7.886513,10.060527,-5.009174,-2.9079678,-0.0629747,0.060304545
71712000,7.8623443,10.060442,-5.00873,-2.915078,-0.06311142,0.05923818
71720000,7.83817,10.060372,-5.008304,-2.9219418,-0.063218884,0.058168598
71728000,7.813965,10.060291,-5.0078855,-2.928651,-0.06332004,0.05715201
71736000,7.7897296,10.060199,-5.0074725,-2.9351976,-0.063410364,0.05617623
71744000,7.765465,10.060096,-5.0070662,-2.9415967,-0.06351446,0.05520336
71752000,7.7412157,10.060034,-5.0067015,-2.9477658,-0.06360176,0.05418266
71760000,7.7169385,10.059959,-5.0063424,-2.9537575,-0.06366471,0.053202536
71768000,7.692634,10.059875,-5.005989,-2.9595833,-0.06375295,0.05226653
71776000,7.668304,10.059778,-5.0056405,-2.965304,-0.06380473,0.051367015
71784000,7.6440144,10.059724,-5.0053134,-2.9707465,-0.063856885,0.050405007
71792000,7.6197,10.059657,-5.0049915,-2.9760957,-0.06396147,0.049544904
71800000,7.5953603,10.059578,-5.004674,-2.9813561,-0.06409522,0.048671573
71808000,7.5709963,10.059488,-5.0043616,-2.9864902,-0.06423405,0.04775601
71816000,7.546681,10.059434,-5.004082,-2.991378,-0.06428097,0.04694142
71824000,7.5223417,10.059368,-5.003807,-2.9961793,-0.064344,0.046082977
71832000,7.4979796,10.059291,-5.003536,-3.0008264,-0.064418904,0.04527588
71840000,7.4735956,10.059202,-5.0032687,-3.0053854,-0.06447319,0.044482123
71848000,7.4492526,10.059153,-5.0030437,-3.009762,-0.06454021,0.04363997
71856000,7.4248877,10.059091,-5.0028214,-3.0140495,-0.06458562,0.04279889
71864000,7.4005017,10.059017,-5.002603,-3.01823,-0.06464667,0.042010102
71872000,7.3760953,10.058932,-5.0023875,-3.0222626,-0.064714044,0.041262407
71880000,7.3516693,10.058837,-5.0021753,-3.026195,-0.06473172,0.040510856
71888000,7.3273096,10.058768,-5.001976,-3.0299044,-0.06473473,0.039813746
71896000,7.302931,10.058689,-5.001779,-3.03357,-0.064717814,0.039137237
71904000,7.2785335,10.058599,-5.0015917,-3.0371375,-0.06475593,0.038448624
71912000,7.254117,10.058499,-5.001407,-3.0406554,-0.06479444,0.037753213
71920000,7.229763,10.058428,-5.001238,-3.0439947,-0.06482826,0.037076186
71928000,7.20539,10.058346,-5.001071,-3.0472553,-0.0648825,0.036419317
71936000,7.1809993,10.058253,-5.0009055,-3.050428,-0.064986624,0.03583711
71944000,7.156591,10.058148,-5.0007424,-3.053486,-0.06502731,0.035266247
71952000,7.1322594,10.058079,-5.0005827,-3.0563571,-0.06508489,0.034735728
71960000,7.1079106,10.057999,-5.0004253,-3.0591676,-0.065091796,0.03418419
71968000,7.0835447,10.057907,-5.0002685,-3.061918,-0.06512166,0.033718694
71976000,7.059162,10.057805,-5.0001135,-3.0646272,-0.06515395,0.03321751
71984000,7.0348535,10.057736,-4.999964,-3.0671387,-0.06522766,0.032712888
71992000,7.010528,10.057656,-4.999817,-3.0696194,-0.06521397,0.03220505
72000000,6.9861856,10.057565,-4.9996758,-3.072051,-0.06527387,0.031680305
72008000,6.9618273,10.057464,-4.999536,-3.0744216,-0.065311,0.031158028
72016000,6.9375443,10.057387,-4.9993906,-3.07663,-0.065308295,0.030686062
72024000,6.913245,10.0573,-4.999247,-3.0788245,-0.06534431,0.030237686
72032000,6.8889294,10.057202,-4.9991045,-3.0809093,-0.06535108,0.029788319
72040000,6.8645983,10.057094,-4.998964,-3.0829637,-0.06543099,0.02931673
72048000,6.8403287,10.057003,-4.9988294,-3.0849116,-0.06546628,0.028854106
72056000,6.8160434,10.056903,-4.998697,-3.086751,-0.06547169,0.028426412
72064000,6.791743,10.056791,-4.9985647,-3.088579,-0.06551445,0.02804427
72072000,6.767427,10.05667,-4.998434,-3.0903592,-0.06556468,0.027687475
72080000,6.7431765,10.056563,-4.998289,-3.0920072,-0.065683216,0.027353905
72088000,6.718911,10.056447,-4.9981456,-3.0935488,-0.06571355,0.026954073
72096000,6.6946306,10.056319,-4.998004,-3.095136,-0.06575542,0.026604405
72104000,6.6703353,10.056182,-4.997855,-3.0966713,-0.06586685,0.02633504
72112000,6.6461167,10.056063,-4.997694,-3.0981035,-0.06591966,0.025985485
72120000,6.6218824,10.055934,-4.997535,-3.0994816,-0.06600794,0.025581492
72128000,6.5976334,10.055794,-4.9973783,-3.100782,-0.066075616,0.02531565
72136000,6.5733695,10.055644,-4.997223,-3.1021109,-0.06617045,0.024983425
72144000,6.549092,10.055484,-4.9970694,-3.1033986,-0.066282615,0.024698053
72152000,6.5249033,10.055326,-4.9969087,-3.1045418,-0.06639083,0.02437804
72160000,6.5007,10.05516,-4.996751,-3.1056871,-0.0664604,0.024028743
72168000,6.4764814,10.054982,-4.9965944,-3.1068282,-0.066569656,0.023706712
72176000,6.452248,10.054795,-4.9964404,-3.1078987,-0.066657156,0.023451945
72184000,6.428108,10.05462,-4.9962635,-3.108858,-0.066761985,0.023110516
72192000,6.4039526,10.054435,-4.9960895,-3.1097825,-0.06679734,0.022775507
72200000,6.3797817,10.054239,-4.99592,-3.1106403,-0.06694207,0.02251259
72208000,6.355597,10.054035,-4.9957533,-3.1115324,-0.06706478,0.022213558
72216000,6.3315053,10.053831,-4.9955707,-3.1122441,-0.067151666,0.021884546
72224000,6.3074,10.0536175,-4.995391,-3.1129572,-0.067243434,0.021627165
72232000,6.2832804,10.053394,-4.9952135,-3.1136396,-0.06733676,0.021405445
72240000,6.2591457,10.053162,-4.9950385,-3.1143885,-0.067493476,0.021146996
72248000,6.2351,10.052919,-4.9948573,-3.114999,-0.0676018,0.02087781
72256000,6.211038,10.05267,-4.994679,-3.1155624,-0.06775318,0.020551661
72264000,6.186961,10.05241,-4.994503,-3.1161337,-0.0678753,0.020309037
72272000,6.162869,10.052142,-4.9943304,-3.1167119,-0.06803716,0.020030417
72280000,6.1388464,10.051855,-4.9941487,-3.1171715,-0.06820125,0.019790623
72288000,6.1148095,10.051559,-4.9939704,-3.1176372,-0.06836232,0.019510845
72296000,6.0907574,10.051256,-4.9937954,-3.1181283,-0.06849722,0.01919327
72304000,6.0666895,10.050945,-4.993635,-3.1185937,-0.06861027,0.018933687
72312000,6.042667,10.050612,-4.993464,-3.1190388,-0.06878531,0.01869971
72320000,6.0186286,10.050273,-4.9932957,-3.1194527,-0.06899935,0.018437762
72328000,5.9945745,10.049925,-4.9931307,-3.1198456,-0.06915844,0.018134285
72336000,5.9705057,10.04957,-4.9929686,-3.1202466,-0.06935487,0.017897453
72344000,5.946475,10.049202,-4.9928093,-3.1205266,-0.069575615,0.017681237
72352000,5.9224296,10.048827,-4.992653,-3.1208775,-0.069779254,0.017421536
72360000,5.8983707,10.048443,-4.9924994,-3.1211853,-0.07001268,0.017167814
72368000,5.8742976,10.048053,-4.992348,-3.1215227,-0.070230834,0.01689952
72376000,5.8502717,10.047646,-4.9922037,-3.1217945,-0.07046868,0.016618956
72384000,5.8262315,10.047232,-4.9920616,-3.122047,-0.070718616,0.016340386
72392000,5.802176,10.04681,-4.9919224,-3.1223128,-0.07098412,0.016072966
72400000,5.7781057,10.046382,-4.9917555,-3.122597,-0.07123497,0.015817348
72408000,5.754021,10.045947,-4.991592,-3.122857,-0.07152428,0.015519019
72416000,5.729981,10.045495,-4.991434,-3.1230686,-0.07176175,0.015239256
72424000,5.7059255,10.045037,-4.9912796,-3.1233704,-0.07201952,0.01494766
72432000,5.681857,10.044572,-4.9911284,-3.1235685,-0.07230899,0.014714196
72440000,5.657774,10.044101,-4.9909806,-3.1238346,-0.0725407,0.014429875
72448000,5.6337285,10.043612,-4.9908304,-3.1239579,-0.07280331,0.01415387
72456000,5.6096683,10.043116,-4.990683,-3.1241388,-0.073041916,0.013889484
72464000,5.585593,10.042615,-4.9905396,-3.1243355,-0.07330207,0.013603955
72472000,5.5615034,10.042109,-4.9903994,-3.1245449,-0.07346198,0.013331382
72480000,5.5374517,10.041606,-4.990283,-3.1247494,-0.07368897,0.013077596
72488000,5.5133843,10.041097,-4.990169,-3.1249392,-0.073966205,0.012867113
72496000,5.489302,10.040583,-4.990058,-3.1251686,-0.07421659,0.012602677
72504000,5.465207,10.040062,-4.9899445,-3.1253414,-0.074434884,0.012400977
72512000,5.4411464,10.039534,-4.989848,-3.1255286,-0.07467309,0.012143106
72520000,5.4170713,10.0390005,-4.989754,-3.125666,-0.07486775,0.01191789
72528000,5.3929815,10.038463,-4.989662,-3.1257713,-0.07513312,0.011659569
72536000,5.3688774,10.037919,-4.989573,-3.1258783,-0.07538889,0.011370041
72544000,5.344803,10.037363,-4.9895053,-3.125957,-0.07567105,0.011098716
72552000,5.3207135,10.036801,-4.9894476,-3.126065,-0.07591231,0.010889254
72560000,5.2966104,10.036236,-4.989391,-3.1261835,-0.076123744,0.010623429
72568000,5.2724943,10.0356655,-4.9893365,-3.126278,-0.076367766,0.010391196
72576000,5.2484107,10.035079,-4.9892893,-3.1263063,-0.07654202,0.01014879
72584000,5.2243123,10.03449,-4.989244,-3.1264265,-0.07675859,0.009901417
72592000,5.2002,10.0338955,-4.9891996,-3.1265452,-0.07696857,0.009617288
72600000,5.176073,10.033298,-4.9891715,-3.1265829,-0.077180214,0.009436939
72608000,5.151968,10.03269,-4.9891553,-3.1266363,-0.0773692,0.00915515
72616000,5.1278486,10.032079,-4.9891396,-3.126713,-0.07758757,0.008894979
72624000,5.1037154,10.031464,-4.9891243,-3.126838,-0.07789421,0.0087221125
72632000,5.079568,10.030844,-4.9891095,-3.1269362,-0.07813613,0.008474531
72640000,5.0554547,10.030212,-4.9891005,-3.1270196,-0.07830782,0.008278291
72648000,5.031327,10.029577,-4.989102,-3.127146,-0.07844863,0.00806638
72656000,5.0071845,10.02894,-4.9891033,-3.1272385,-0.07864792,0.007858413
72664000,4.9830284,10.028298,-4.9891047,-3.127362,-0.07891152,0.0076460675
72672000,4.958858,10.027654,-4.989106,-3.1274745,-0.07911424,0.0075553954
72680000,4.934737,10.027017,-4.9891086,-3.127542,-0.07926644,0.0073705837
72688000,4.910602,10.026376,-4.9891105,-3.1276393,-0.07947906,0.007254968
72696000,4.886452,10.025732,-4.9891114,-3.1277335,-0.07959578,0.007096404
72704000,4.8622885,10.025085,-4.9891086,-3.127811,-0.07974728,0.0069403383
72712000,4.83818,10.02445,-4.9891095,-3.127831,-0.07987963,0.0068473136
72720000,4.814058,10.023812,-4.9891105,-3.1277924,-0.080005765,0.006663912
72728000,4.789921,10.023171,-4.989111,-3.1278799,-0.08009648,0.006576797
72736000,4.765769,10.022529,-4.989111,-3.12797,-0.08020183,0.0064699617
72744000,4.7416615,10.021905,-4.9891176,-3.1280215,-0.080275565,0.0063020554
72752000,4.717539,10.021277,-4.9891095,-3.1280556,-0.0803762,0.006191153
72760000,4.693402,10.020648,-4.9891005,-3.1280928,-0.0804542,0.006121618
72768000,4.66925,10.020016,-4.989091,-3.128145,-0.08052987,0.00607217
72776000,4.6451416,10.019417,-4.9890795,-3.128133,-0.080535755,0.005972408
72784000,4.6210203,10.018814,-4.989068,-3.1281455,-0.080583364,0.0058794655
72792000,4.596884,10.0182085,-4.989056,-3.1281242,-0.08062094,0.005793673
72800000,4.5727334,10.0176,-4.98906,-3.1282015,-0.08064967,0.0056569786
72808000,4.548608,10.017016,-4.98906,-3.128241,-0.08062684,0.005604956
72816000,4.524468,10.01643,-4.989059,-3.1282208,-0.08059687,0.005507714
72824000,4.5003138,10.015841,-4.9890575,-3.1282082,-0.08060497,0.005397966
72832000,4.4761457,10.015248,-4.9890556,-3.1282282,-0.08056715,0.005353192
72840000,4.451989,10.014666,-4.989049,-3.1282566,-0.08054271,0.0052786428
72848000,4.4278197,10.014079,-4.9890404,-3.1282954,-0.080529764,0.0052355137
72856000,4.4036365,10.01349,-4.989032,-3.1283424,-0.08051648,0.005161664
72864000,4.379439,10.012898,-4.9890227,-3.1284115,-0.08043481,0.0050761634
72872000,4.355255,10.012313,-4.989019,-3.128489,-0.08037236,0.005030823
72880000,4.3310575,10.011724,-4.9890137,-3.128543,-0.08037486,0.005068486
72888000,4.306846,10.011134,-4.9890075,-3.1285784,-0.080344975,0.0049625244
72896000,4.282621,10.010542,-4.9890013,-3.1285982,-0.0802676,0.0049094013
72904000,4.258409,10.009946,-4.989017,-3.1286025,-0.08027131,0.0047876406
72912000,4.2341833,10.009349,-4.989032,-3.1286376,-0.08020895,0.004725167
72920000,4.2099457,10.008748,-4.989046,-3.1286933,-0.08015186,0.004619531
72928000,4.1856947,10.008147,-4.9890594,-3.128795,-0.080057986,0.004498345
72936000,4.161431,10.007544,-4.989072,-3.1288104,-0.07999677,0.0044567753
72944000,4.1371837,10.006923,-4.9890914,-3.128851,-0.07990753,0.004428771
72952000,4.112923,10.0063,-4.9890904,-3.1289496,-0.07989225,0.0042838203
72960000,4.0886497,10.005676,-4.989089,-3.1290321,-0.07985401,0.004234692
72968000,4.064363,10.005052,-4.9890866,-3.1291323,-0.07972137,0.0041881963
72976000,4.0400805,10.004411,-4.989097,-3.1291816,-0.07963774,0.004170172
72984000,4.015785,10.00377,-4.9891057,-3.1291986,-0.07954957,0.0041615153
72992000,3.9914787,10.003127,-4.989114,-3.1292853,-0.079491556,0.0040887524
73000000,3.9671597,10.002484,-4.9891233,-3.1293743,-0.07939554,0.004059976
73008000,3.9428546,10.001837,-4.989145,-3.1294365,-0.07928528,0.0040002987
73016000,3.9185371,10.001189,-4.989165,-3.1294987,-0.079174854,0.0039656437
73024000,3.8942072,10.000542,-4.9891834,-3.1295605,-0.07909976,0.0039379555
73032000,3.8698657,9.999893,-4.9892,-3.1296296,-0.07899227,0.003910179
73040000,3.8455415,9.999246,-4.9892282,-3.1296964,-0.07879839,0.0037814253
73048000,3.8212051,9.998599,-4.9892745,-3.1297693,-0.07871389,0.0037302705
73056000,3.7968566,9.9979515,-4.989319,-3.1298366,-0.078573115,0.0036487475
73064000,3.772498,9.997304,-4.989362,-3.129862,-0.078449704,0.0035460307
73072000,3.7481399,9.996671,-4.989404,-3.1299734,-0.078319095,0.0034864042
73080000,3.72377,9.996037,-4.989445,-3.1300337,-0.07819827,0.0034643644
73088000,3.699389,9.995402,-4.9894834,-3.1300745,-0.07804135,0.0034533674
73096000,3.6749969,9.994768,-4.98952,-3.1301014,-0.0778492,0.0034326522
73104000,3.6506135,9.994149,-4.9895554,-3.1301625,-0.07764004,0.0033683684
73112000,3.626219,9.99353,-4.989589,-3.1302052,-0.07745997,0.0033263569
73120000,3.6018136,9.992911,-4.989621,-3.1302702,-0.0772419,0.0032925003
73128000,3.5773985,9.992291,-4.9896517,-3.1303315,-0.077113,0.00324913
73136000,3.5529945,9.991688,-4.9896812,-3.1304424,-0.07688964,0.003209196
73144000,3.5285792,9.991085,-4.989709,-3.1305206,-0.07667577,0.0031830894
73152000,3.5041533,9.990481,-4.989716,-3.1305819,-0.076441646,0.0031894154
73160000,3.479717,9.989879,-4.9897227,-3.1306458,-0.07623277,0.003127336
73168000,3.4552941,9.989291,-4.9897327,-3.1307049,-0.07598624,0.0030917565
73176000,3.4308612,9.988705,-4.989742,-3.130713,-0.07574007,0.003051165
73184000,3.406418,9.988117,-4.98975,-3.1307583,-0.07547187,0.0030384625
73192000,3.3819647,9.987532,-4.989757,-3.130855,-0.07518687,0.0029777752
73200000,3.3575022,9.986945,-4.98976,-3.130967,-0.07492332,0.0029444718
73208000,3.333068,9.98637,-4.98976,-3.131027,-0.074631825,0.0029024724
73216000,3.3086236,9.985795,-4.9897594,-3.1310112,-0.07438669,0.0028848702
73224000,3.2841694,9.985221,-4.989758,-3.1310315,-0.074131064,0.0028580565
73232000,3.2597055,9.984647,-4.989755,-3.1310287,-0.07382042,0.0029039255
73240000,3.2352645,9.984071,-4.989748,-3.131046,-0.07359031,0.0029208136
73248000,3.2108133,9.983495,-4.989764,-3.131088,-0.0733453,0.0029145211
73256000,3.186352,9.982921,-4.989779,-3.1311507,-0.07308206,0.0029194988
73264000,3.161881,9.982347,-4.989793,-3.1311433,-0.07278959,0.0028652698
73272000,3.137439,9.981786,-4.9898047,-3.1311328,-0.07248262,0.002869999
73280000,3.1129875,9.981227,-4.9898157,-3.1311018,-0.07216827,0.0028870963
73288000,3.088526,9.980669,-4.989825,-3.131132,-0.07184597,0.0029320738
73296000,3.0640545,9.980112,-4.9898324,-3.1311839,-0.07150988,0.002888654
73304000,3.039622,9.979553,-4.9898477,-3.1311653,-0.07121046,0.002859007
73312000,3.0151794,9.978996,-4.9898615,-3.1311717,-0.07086362,0.0028911738
73320000,2.9907265,9.978441,-4.9898734,-3.1312072,-0.07049924,0.002893722
73328000,2.9662635,9.977887,-4.989884,-3.1311896,-0.0701513,0.002914032
73336000,2.9418383,9.97734,-4.9899015,-3.1311533,-0.06984701,0.0029532874
73344000,2.9174035,9.976792,-4.9899173,-3.1311257,-0.069522515,0.0029007182
73352000,2.8929589,9.976247,-4.9899364,-3.131074,-0.06918051,0.0029097362
73360000,2.8685048,9.975702,-4.9899535,-3.1310074,-0.0688684,0.0029275692
73368000,2.8440804,9.975162,-4.9899664,-3.130907,-0.06844791,0.0029372345
73376000,2.8196466,9.974623,-4.9899774,-3.130767,-0.06804941,0.003019282
73384000,2.795204,9.974085,-4.989987,-3.1305208,-0.067672685,0.003020888
73392000,2.7707534,9.97355,-4.989995,-3.1302314,-0.06728317,0.003073665
73400000,2.7463348,9.9730215,-4.9899807,-3.129855,-0.066898845,0.0031393212
73408000,2.7219095,9.972495,-4.989965,-3.1294165,-0.066492654,0.00315226
73416000,2.6974773,9.971971,-4.9899487,-3.1290045,-0.06604367,0.003192022
73424000,2.6730387,9.971449,-4.989932,-3.1285124,-0.06562889,0.0031423985
73432000,2.6486392,9.970935,-4.9899178,-3.1278539,-0.065227866,0.0030970164
73440000,2.6242347,9.970423,-4.9899035,-3.1270995,-0.06481964,0.003008957
73448000,2.5998263,9.969913,-4.9898953,-3.126183,-0.06438423,0.0028998642
73456000,2.5754156,9.969404,-4.989887,-3.1251578,-0.06393744,0.002789732
73464000,2.5510035,9.968899,-4.989879,-3.124008,-0.0635203,0.002649655
73476000,2.5266414,9.968403,-4.9898705,-3.1227307,-0.063068494,0.002554451
73480000,2.50228,9.967908,-4.9898624,-3.1213243,-0.0626312,0.0023990227
73488000,2.4779203,9.967416,-4.9898543,-3.1196907,-0.06223032,0.0022618957
73496000,2.4535637,9.966926,-4.989847,-3.1179276,-0.061821092,0.0020807618
73504000,2.4292545,9.966452,-4.989855,-3.115996,-0.061325237,0.0018639802
73512000,2.4049506,9.965981,-4.9898634,-3.1138966,-0.060829457,0.001622762
73520000,2.3806539,9.965512,-4.989873,-3.1115942,-0.060340736,0.0013696413
73528000,2.3563654,9.965046,-4.9898834,-3.1091506,-0.059871465,0.0010152159
73536000,2.3321192,9.964582,-4.989905,-3.1064727,-0.05942778,0.00062921876
73544000,2.3078842,9.964122,-4.9899282,-3.1036577,-0.058960088,0.00024330655
73552000,2.2836628,9.963663,-4.9899454,-3.1005878,-0.058539588,-0.00014607311
73560000,2.2594564,9.963206,-4.9899654,-3.0973048,-0.058041096,-0.00059064873
73568000,2.2353032,9.962756,-4.989988,-3.0937967,-0.05754177,-0.0010069049
73576000,2.2111678,9.962309,-4.9900126,-3.090121,-0.05704853,-0.0013827691
73584000,2.1870522,9.9618635,-4.99004,-3.086225,-0.056529317,-0.001818439
73592000,2.1629584,9.961422,-4.99007,-3.0820856,-0.055981454,-0.0022619986
73600000,2.1389256,9.960987,-4.990089,-3.0776896,-0.055494823,-0.0027611086
73608000,2.1149185,9.960554,-4.990112,-3.073039,-0.05502017,-0.0032687106
73616000,2.0909386,9.960123,-4.990139,-3.0682213,-0.054532602,-0.0038474358
73624000,2.0669882,9.959697,-4.99017,-3.0631304,-0.05402702,-0.0043640374
73632000,2.0431123,9.959285,-4.990217,-3.0577822,-0.05352585,-0.00488371
73640000,2.0192692,9.958876,-4.9902678,-3.0521772,-0.052995034,-0.0054187286
73648000,1.9954615,9.958469,-4.9903245,-3.046334,-0.052435454,-0.0059547313
73656000,1.9716908,9.958067,-4.9903855,-3.0402927,-0.051938877,-0.0065788296
73664000,1.9480182,9.957675,-4.9904776,-3.0340104,-0.051420115,-0.0071578743
73672000,1.9243857,9.957287,-4.9905734,-3.027438,-0.05088677,-0.0077530234
73680000,1.9007955,9.956902,-4.9906726,-3.0206928,-0.050366502,-0.008356326
73688000,1.8772488,9.95652,-4.9907756,-3.0136964,-0.04983131,-0.008945937
73696000,1.8538138,9.956147,-4.9909005,-3.0064366,-0.049299575,-0.009465915
73704000,1.830426,9.955778,-4.9910336,-2.9989126,-0.04878365,-0.009967984
73712000,1.8070881,9.955412,-4.991169,-2.9910915,-0.048234038,-0.010524257
73720000,1.783802,9.955049,-4.9913073,-2.983101,-0.04765747,-0.01108464
73728000,1.7605697,9.954688,-4.9914484,-2.9748824,-0.047082163,-0.011579958
73736000,1.7374885,9.954328,-4.9916034,-2.9662933,-0.04660372,-0.01202489
73744000,1.7144641,9.953969,-4.99176,-2.9574957,-0.04616314,-0.012481222
73752000,1.6914986,9.953612,-4.991945,-2.9484859,-0.04567042,-0.01298331
73760000,1.668592,9.953262,-4.992131,-2.9393177,-0.045107707,-0.013521645
73768000,1.6458375,9.952929,-4.9923344,-2.9298177,-0.044569775,-0.013946813
73776000,1.6231463,9.952597,-4.9925385,-2.920126,-0.044001687,-0.014365651
73784000,1.60052,9.952269,-4.9927435,-2.9102106,-0.043455146,-0.01483132
73792000,1.577961,9.951943,-4.99295,-2.9000602,-0.042900246,-0.015277349
73800000,1.5555681,9.951629,-4.99319,-2.8896267,-0.0423926,-0.015696073
73808000,1.5332447,9.951316,-4.9934297,-2.8789968,-0.041892223,-0.016107054
73816000,1.5109931,9.951006,-4.99367,-2.8681107,-0.04136614,-0.016509786
73824000,1.4888154,9.950699,-4.9939103,-2.857003,-0.040856823,-0.01683255
73832000,1.4668245,9.950394,-4.994173,-2.8456478,-0.040296108,-0.017150108
73840000,1.4449096,9.950091,-4.994435,-2.8340409,-0.039806604,-0.017501775
73848000,1.4230726,9.949792,-4.9946914,-2.8223064,-0.039312623,-0.017824508
73856000,1.401315,9.949494,-4.994947,-2.81039,-0.038761828,-0.018150099
73864000,1.3797582,9.949203,-4.995216,-2.7981243,-0.03822754,-0.01847805
73872000,1.3582834,9.948913,-4.995484,-2.78566,-0.037758026,-0.018702723
73880000,1.3368921,9.9486265,-4.99575,-2.7730474,-0.03721995,-0.018829642
73888000,1.3155862,9.948343,-4.996014,-2.7602448,-0.036679357,-0.019010844
73896000,1.2944975,9.948055,-4.9962845,-2.747133,-0.03616487,-0.019182619
73904000,1.2734964,9.947771,-4.996546,-2.7337704,-0.035607968,-0.019263476
73912000,1.2525846,9.947491,-4.996804,-2.7202978,-0.0350557,-0.019383254
73920000,1.2317636,9.947213,-4.9970613,-2.7066574,-0.034555048,-0.01943809
73928000,1.2111732,9.946945,-4.9973288,-2.6927025,-0.033996034,-0.019449916
73936000,1.1906753,9.94668,-4.997594,-2.6786213,-0.033449963,-0.019467212
73944000,1.1702708,9.946419,-4.9978557,-2.6644785,-0.03290051,-0.019497154
73952000,1.1499614,9.94616,-4.998108,-2.6500988,-0.03241425,-0.019428829
73960000,1.1298894,9.945926,-4.9983664,-2.6354017,-0.031853843,-0.019394865
73968000,1.1099142,9.945694,-4.9986215,-2.6206014,-0.031294934,-0.019253137
73976000,1.0900373,9.945465,-4.9988728,-2.6056685,-0.03082311,-0.019123644
73984000,1.0702604,9.94524,-4.9991198,-2.5906134,-0.030287234,-0.018956456
73992000,1.0505844,9.945017,-4.999363,-2.575459,-0.029785836,-0.018750157
74000000,1.0311756,9.94481,-4.9996066,-2.5599074,-0.02928205,-0.018584488
74008000,1.011869,9.944607,-4.999846,-2.5443425,-0.028751355,-0.018344145
74016000,0.99266523,9.9444065,-5.000081,-2.5286653,-0.028198179,-0.018136855
74024000,0.9735662,9.944208,-5.000312,-2.5128071,-0.027696999,-0.0179052
74032000,0.9547357,9.944035,-5.0005507,-2.4967234,-0.027183749,-0.017690934
74040000,0.9360101,9.943864,-5.0007854,-2.4805548,-0.026637958,-0.017438091
74048000,0.91739094,9.943696,-5.001031,-2.4642699,-0.026101537,-0.017127754
74056000,0.8988794,9.94353,-5.001271,-2.4478934,-0.025537603,-0.016865661
74064000,0.8806333,9.943393,-5.0015225,-2.431261,-0.024964154,-0.016573543
74072000,0.86249554,9.943257,-5.0017686,-2.4144495,-0.024448069,-0.016239803
74080000,0.84446764,9.943124,-5.0020084,-2.3975823,-0.02390385,-0.015916834
74088000,0.82655066,9.942993,-5.0022426,-2.380656,-0.023385953,-0.015559631
74096000,0.8088916,9.94288,-5.002495,-2.3635411,-0.022841256,-0.015217582
74104000,0.7913432,9.942768,-5.00274,-2.3463457,-0.022299662,-0.014873846
74112000,0.7739069,9.942658,-5.002979,-2.3290722,-0.021784768,-0.014555586
74120000,0.756584,9.942551,-5.003211,-2.311685,-0.021293484,-0.014148344
74128000,0.73952425,9.9424515,-5.0034485,-2.2940893,-0.020751104,-0.013719294
74136000,0.72257787,9.942355,-5.0036793,-2.2764783,-0.02027965,-0.013296513
74144000,0.705746,9.942261,-5.0039024,-2.2587652,-0.019743286,-0.012834728
74152000,0.68902993,9.942168,-5.0041046,-2.240962,-0.019203238,-0.012371979
74160000,0.67257726,9.942059,-5.004304,-2.2230396,-0.018701142,-0.011896957
74168000,0.6562403,9.941952,-5.0044966,-2.2049773,-0.018223641,-0.011415346
74176000,0.64001995,9.941847,-5.0046825,-2.1869657,-0.017791642,-0.010858248
74184000,0.6239168,9.941745,-5.0048614,-2.1689057,-0.017339462,-0.010374725
74192000,0.6080819,9.941631,-5.005029,-2.150687,-0.016859299,-0.009794253
74200000,0.5923637,9.94152,-5.005198,-2.1324275,-0.016448015,-0.009250724
74208000,0.57676315,9.941411,-5.0053596,-2.1141386,-0.016040035,-0.008666232
74216000,0.5612811,9.941305,-5.005514,-2.0958078,-0.015582367,-0.0081489775
74224000,0.54606456,9.941201,-5.005651,-2.0772462,-0.015172291,-0.007699353
74232000,0.5309665,9.9411,-5.005782,-2.058716,-0.0147215575,-0.007165883
74240000,0.51598763,9.941001,-5.005906,-2.0401216,-0.014297662,-0.0066538565
74248000,0.5011285,9.940905,-5.006017,-2.0216036,-0.013889135,-0.0061092703
74256000,0.48638928,9.94081,-5.0061216,-2.003074,-0.013519815,-0.005506771
74264000,0.4719169,9.940733,-5.0062103,-1.9843507,-0.013127599,-0.0049449187
74272000,0.4575642,9.940659,-5.0062923,-1.965638,-0.012734112,-0.0043002605
74280000,0.4433319,9.940585,-5.0063686,-1.9468799,-0.012321055,-0.003771832
74288000,0.42922094,9.940515,-5.0064387,-1.9280678,-0.011931031,-0.0032141323
74296000,0.41538128,9.940464,-5.006511,-1.9091598,-0.011484863,-0.002722517
74304000,0.4016617,9.940416,-5.006581,-1.8903164,-0.011056091,-0.002191668
74312000,0.38806254,9.940371,-5.0066442,-1.8714452,-0.010645169,-0.0016279647
74320000,0.37458485,9.940326,-5.0067015,-1.8525735,-0.010305609,-0.0011085721
74328000,0.36137906,9.940305,-5.006759,-1.8336385,-0.009846274,-0.0005423424
74336000,0.34829304,9.940287,-5.00681,-1.8147141,-0.009399283,3.6228208e-05
74344000,0.3353273,9.940269,-5.006855,-1.7958034,-0.009011514,0.00054346106
74352000,0.32248226,9.940253,-5.006893,-1.7769196,-0.0086300485,0.0011469885
74360000,0.30990618,9.940261,-5.0069456,-1.7579004,-0.008195224,0.0017187423
74368000,0.2974496,9.940269,-5.0069914,-1.7389709,-0.007773944,0.0023153326
74376000,0.2851127,9.94028,-5.0070305,-1.7200309,-0.0073764645,0.002902693
74384000,0.27289617,9.94029,-5.0070624,-1.701131,-0.0069689057,0.003475088
74392000,0.2609581,9.940318,-5.0071015,-1.6821505,-0.0065554758,0.0040771877
74400000,0.24913894,9.940346,-5.007134,-1.6630983,-0.0061709518,0.0046287836
74408000,0.23743942,9.940374,-5.00716,-1.6441436,-0.0057772417,0.0051900535
74416000,0.22585939,9.940404,-5.0071793,-1.6252418,-0.005386125,0.005697987
74424000,0.21456085,9.940445,-5.007212,-1.6062472,-0.0050192564,0.006145398
74432000,0.20338003,9.940486,-5.0072384,-1.5872884,-0.00464573,0.006653979
74440000,0.1923174,9.940529,-5.007258,-1.568404,-0.0042824782,0.0071649663
74448000,0.18137293,9.940572,-5.0072584,-1.549583,-0.003910992,0.007635411
74456000,0.17070419,9.94062,-5.0072703,-1.5306686,-0.0035442454,0.008141369
74464000,0.16015168,9.940671,-5.007276,-1.5118508,-0.00316401,0.008583499
74472000,0.14971562,9.9407215,-5.0072756,-1.4930575,-0.0027615975,0.009049057
74480000,0.1393965,9.940773,-5.0072684,-1.4743252,-0.0023909037,0.009561207
74488000,0.12934813,9.940841,-5.0072746,-1.4554877,-0.001989252,0.010035641
74496000,0.119415134,9.940909,-5.0072746,-1.4367163,-0.0016319833,0.010476572
74504000,0.109597474,9.940978,-5.007273,-1.4180139,-0.0012828603,0.010989037
74512000,0.099895425,9.941048,-5.007265,-1.3993826,-0.0009038,0.011466478
74520000,0.09030902,9.941118,-5.0072503,-1.3808328,-0.0005124026,0.011929263
74528000,0.08099895,9.941207,-5.0072417,-1.3622321,-0.00011264551,0.012361263
74536000,0.071802,9.941296,-5.0072265,-1.3437668,0.00021753463,0.012781495
74544000,0.06271778,9.941385,-5.0072055,-1.325389,0.00061063824,0.013218865
74552000,0.053746507,9.941475,-5.0071716,-1.3070853,0.000924689,0.013634884
74560000,0.04505915,9.941594,-5.007139,-1.288736,0.0012718335,0.013991638
74568000,0.036482003,9.941714,-5.0071015,-1.2704685,0.0016280925,0.014342632
74576000,0.02801532,9.9418335,-5.007058,-1.2522672,0.0019691256,0.014737668
74584000,0.019659223,9.941953,-5.0070086,-1.2341567,0.0023117769,0.015159761
74592000,0.011561573,9.942105,-5.006962,-1.2159839,0.00269592,0.015510322
74600000,0.0035724023,9.942258,-5.00692,-1.1979299,0.0030695603,0.015896695
74608000,-0.0043085003,9.9424095,-5.006872,-1.1799507,0.003471841,0.016260302
74616000,-0.012081057,9.942562,-5.0068183,-1.1621045,0.0037955423,0.0166529
74624000,-0.019613557,9.942747,-5.006779,-1.1442043,0.0041661467,0.017021941
74632000,-0.027039954,9.942932,-5.0067334,-1.1264294,0.00453257,0.017383713
74640000,-0.034360267,9.943116,-5.006682,-1.1087604,0.0049620885,0.017676208
74648000,-0.04157481,9.9433,-5.006649,-1.0912344,0.0053110668,0.017988376
74656000,-0.04855847,9.943514,-5.0066323,-1.0736995,0.0056783347,0.018302094
74664000,-0.055438686,9.9437275,-5.006609,-1.0562736,0.006065905,0.018610822
74672000,-0.062215596,9.943939,-5.006579,-1.0389423,0.006430929,0.018881598
74680000,-0.068889305,9.94415,-5.006543,-1.0217781,0.0068096365,0.01916349
74688000,-0.075360194,9.944381,-5.006531,-1.0046763,0.007223446,0.019448781
74696000,-0.081730306,9.944611,-5.006511,-0.9876561,0.0076014875,0.019730436
74704000,-0.087999865,9.9448395,-5.006492,-0.9707896,0.007990848,0.02000854
74712000,-0.09416895,9.945067,-5.0064664,-0.953981,0.008312141,0.020274147
74720000,-0.100150324,9.945326,-5.0064635,-0.9372434,0.008608103,0.020477608
74728000,-0.106033295,9.945581,-5.006454,-0.92067033,0.008873775,0.020701628
74736000,-0.11181834,9.945835,-5.006438,-0.90419835,0.0092171645,0.020931993
74744000,-0.117505364,9.946088,-5.0064144,-0.88779634,0.009541387,0.021135502
74752000,-0.12301164,9.946372,-5.006423,-0.87143743,0.009904765,0.021369297
74760000,-0.12842152,9.946654,-5.006424,-0.8552013,0.010241023,0.021541545
74768000,-0.1337355,9.946934,-5.0064187,-0.83910346,0.010563837,0.02170941
74776000,-0.13895388,9.947212,-5.0064063,-0.82311153,0.010850375,0.02192106
74784000,-0.14407678,9.947489,-5.006387,-0.8072282,0.011131108,0.022122703
74792000,-0.1490405,9.9478,-5.0063925,-0.7914944,0.011424962,0.022286434
74800000,-0.15391138,9.948109,-5.0063896,-0.77590257,0.011809417,0.02241073
74808000,-0.15868966,9.948415,-5.00638,-0.76044166,0.012121334,0.02249746
74816000,-0.16337585,9.94872,-5.006365,-0.74508977,0.012378565,0.022602085
74824000,-0.1679004,9.949064,-5.006376,-0.729768,0.012690781,0.022668257
74832000,-0.17233448,9.949406,-5.0063806,-0.71460354,0.013020307,0.02280876
74840000,-0.17667884,9.949744,-5.006378,-0.699608,0.013334282,0.02294405
74848000,-0.18093388,9.950081,-5.0063744,-0.6846976,0.013671019,0.023067564
74856000,-0.18502437,9.950456,-5.006388,-0.66988856,0.014004834,0.023175074
74864000,-0.18902764,9.950828,-5.0063944,-0.6551993,0.014382476,0.023286588
74872000,-0.19294454,9.951198,-5.006395,-0.640698,0.014776836,0.02334442
74880000,-0.1967756,9.951565,-5.0063887,-0.6263043,0.015100065,0.023411287
74888000,-0.20046611,9.951967,-5.006402,-0.6119423,0.015456294,0.02343717
74896000,-0.20407252,9.952368,-5.006409,-0.5978069,0.015814207,0.023530334
74904000,-0.20759566,9.9527645,-5.006402,-0.5837939,0.016154397,0.023597227
74912000,-0.2110358,9.953158,-5.0063896,-0.56989837,0.016461527,0.023637077
74920000,-0.2143296,9.953587,-5.0063963,-0.5561036,0.016832005,0.023694834
74928000,-0.21754254,9.954011,-5.0063963,-0.54241925,0.01714402,0.023804173
74936000,-0.22067496,9.954432,-5.0063896,-0.52886456,0.017443316,0.023856467
74944000,-0.22372745,9.954849,-5.0063777,-0.5154521,0.017751044,0.023881424
74952000,-0.22666909,9.955295,-5.006397,-0.5021741,0.018074727,0.023900582
74960000,-0.22953251,9.955738,-5.006409,-0.4890183,0.018422626,0.023924677
74968000,-0.23231831,9.956178,-5.0064154,-0.47602108,0.018742297,0.023921225
74976000,-0.23502706,9.956614,-5.0064163,-0.4631384,0.019029344,0.023927428
74984000,-0.237644,9.957079,-5.0064425,-0.45034438,0.019326637,0.023943616
74992000,-0.24018492,9.9575405,-5.006463,-0.4376904,0.019652233,0.023956506
75000000,-0.24265048,9.957998,-5.0064836,-0.42516893,0.019970784,0.023966275
75008000,-0.24504128,9.958453,-5.006498,-0.4128098,0.020242792,0.023984542
75016000,-0.2473457,9.958933,-5.006525,-0.4005729,0.02060058,0.024004824
75024000,-0.2495769,9.95941,-5.006546,-0.3884763,0.020905511,0.024014521
75032000,-0.2517356,9.959883,-5.0065603,-0.37650684,0.02121937,0.02401128
75040000,-0.25382254,9.960353,-5.0065694,-0.36473715,0.021428924,0.023925554
75048000,-0.2558384,9.960817,-5.0065794,-0.35304216,0.021660209,0.023857865
75056000,-0.2577854,9.9613085,-5.0066056,-0.3414575,0.02188633,0.023818787
75064000,-0.2596622,9.961796,-5.0066257,-0.3300053,0.022159806,0.02375144
75072000,-0.2614697,9.962279,-5.0066404,-0.31874043,0.022435283,0.023719028
75080000,-0.2632087,9.962758,-5.0066495,-0.30761695,0.02266444,0.023682188
75088000,-0.26488584,9.9632635,-5.0066857,-0.296586,0.02286041,0.023615446
75096000,-0.26649544,9.963764,-5.006716,-0.28568238,0.023065746,0.023624677
75104000,-0.26803806,9.96426,-5.0067325,-0.2748737,0.023243627,0.023575855
75112000,-0.26951453,9.964751,-5.006744,-0.26425165,0.023429861,0.023520103
75120000,-0.2709305,9.965264,-5.0067735,-0.2537378,0.023715138,0.023503207
75128000,-0.27228168,9.965773,-5.006797,-0.24335152,0.023926256,0.02343349
75136000,-0.27356887,9.966277,-5.006815,-0.23313968,0.024120253,0.023359599
75144000,-0.27479267,9.966777,-5.006828,-0.22299008,0.024272058,0.023287179
75152000,-0.2759539,9.967287,-5.0068746,-0.21299762,0.02443597,0.023213342
75160000,-0.27705312,9.967792,-5.0069146,-0.20313902,0.024555763,0.023243211
75168000,-0.27809092,9.968292,-5.0069485,-0.19337438,0.024665402,0.023274139
75176000,-0.27906796,9.968787,-5.006976,-0.18374832,0.024816556,0.02327761
75184000,-0.27997583,9.969279,-5.0070276,-0.17422563,0.02491035,0.023279969
75192000,-0.2808244,9.969768,-5.0070724,-0.16482438,0.025031243,0.023234133
75200000,-0.2816138,9.97025,-5.007113,-0.15545379,0.025113095,0.02311267
75208000,-0.28234485,9.970729,-5.0071487,-0.14631096,0.025188204,0.022972554
75216000,-0.28302523,9.971207,-5.0072074,-0.13728753,0.025278388,0.02290945
75224000,-0.28364885,9.97168,-5.00726,-0.12837802,0.025339417,0.02285962
75232000,-0.28421608,9.972148,-5.0073066,-0.1195193,0.025379673,0.022754664
75240000,-0.28472733,9.97261,-5.007348,-0.11082863,0.025439275,0.022641815
75248000,-0.28519836,9.97307,-5.007393,-0.102243505,0.025453998,0.02256289
75256000,-0.28561482,9.973525,-5.0074325,-0.09382543,0.025459843,0.022517549
75264000,-0.28597784,9.973975,-5.007467,-0.08554756,0.025494898,0.022473086
75272000,-0.28628758,9.974421,-5.0074954,-0.07729583,0.025455818,0.02241116
75280000,-0.28656602,9.974868,-5.007521,-0.06923034,0.02541255,0.022415403
75288000,-0.28679225,9.975309,-5.0075417,-0.061242506,0.025389591,0.022372339
75296000,-0.28696686,9.975747,-5.0075574,-0.053393647,0.025340319,0.022326784
75304000,-0.28709048,9.976178,-5.0075784,-0.045619678,0.025290804,0.022213945
75312000,-0.28716347,9.976604,-5.0075946,-0.037940077,0.025231026,0.022188606
75320000,-0.2872202,9.977043,-5.0076075,-0.030440904,0.025217377,0.022136508
75328000,-0.28722724,9.977476,-5.0076156,-0.02300148,0.025151346,0.022041963
75336000,-0.28718504,9.977903,-5.00762,-0.015678857,0.025076421,0.02199939
75344000,-0.28709438,9.978326,-5.007619,-0.008447362,0.025038226,0.02201648
75352000,-0.28701863,9.978756,-5.0076075,-0.0014253207,0.024886137,0.021989895
75360000,-0.28689504,9.97918,-5.007592,0.0055401325,0.024706438,0.021926707
75368000,-0.28672388,9.979598,-5.007573,0.012368477,0.024593951,0.02185778
75376000,-0.28650606,9.98001,-5.0075502,0.019134108,0.024419788,0.021768041
75384000,-0.28630337,9.980436,-5.00753,0.025759041,0.024271661,0.021714913
75392000,-0.28605434,9.980856,-5.0075064,0.03225104,0.024108943,0.021683894
75400000,-0.2857596,9.98127,-5.0074964,0.038622007,0.023912583,0.021646272
75408000,-0.28542027,9.981676,-5.007482,0.044871088,0.023742296,0.02149256
75416000,-0.28510916,9.982087,-5.0074573,0.05097265,0.023587456,0.021409018
75424000,-0.28475374,9.9824915,-5.007429,0.056963194,0.023453275,0.021272155
75432000,-0.2843544,9.98289,-5.0073977,0.062932745,0.023285676,0.02118959
75440000,-0.28391168,9.983283,-5.007364,0.06878792,0.02312246,0.021097729
75448000,-0.28349176,9.983686,-5.0073237,0.07449225,0.02298032,0.020980462
75456000,-0.28302896,9.984083,-5.0072813,0.080101304,0.022856986,0.020902745
75464000,-0.28252393,9.984474,-5.007236,0.08562599,0.022708736,0.020869464
75472000,-0.28197733,9.984859,-5.007188,0.09106652,0.022516945,0.020803388
75480000,-0.28147045,9.985257,-5.007131,0.09632199,0.022273978,0.020647295
75488000,-0.2809223,9.985648,-5.0070724,0.10151015,0.02199824,0.020498853
75496000,-0.28033313,9.986032,-5.0070124,0.106689826,0.02178223,0.020405782
75504000,-0.27970338,9.986409,-5.006947,0.11178233,0.02152073,0.020355428
75512000,-0.27911478,9.986799,-5.0068684,0.11665289,0.021255542,0.020248579
75520000,-0.2784861,9.987183,-5.0067883,0.12149753,0.021027854,0.020137643
75528000,-0.27781785,9.987559,-5.006707,0.12623332,0.020824792,0.019980134
75536000,-0.27711076,9.987929,-5.0066247,0.13091865,0.020624204,0.01984604
75544000,-0.27644017,9.988318,-5.0065293,0.1354172,0.020410398,0.019773846
75552000,-0.27573124,9.988701,-5.006409,0.13983953,0.020148499,0.019646615
75560000,-0.2749845,9.989075,-5.006289,0.14421423,0.019854723,0.019541139
75568000,-0.27420053,9.989443,-5.0061693,0.14849661,0.01962642,0.019402165
75576000,-0.2733803,9.989804,-5.006049,0.15266313,0.019334722,0.019303462
75584000,-0.2725913,9.99019,-5.00592,0.1567753,0.019017719,0.019252677
75592000,-0.27176598,9.990567,-5.005791,0.16079387,0.018751178,0.01909382
75600000,-0.27090508,9.990938,-5.0056458,0.16471851,0.018510785,0.018919626
75608000,-0.2700093,9.9913025,-5.005501,0.16859733,0.018278532,0.018829985
75616000,-0.26914567,9.991689,-5.0053554,0.17233539,0.0180215,0.018713063
75624000,-0.2682472,9.992067,-5.005211,0.17605457,0.017765386,0.01861047
75632000,-0.26731473,9.992438,-5.005067,0.17960456,0.01744104,0.018459195
75640000,-0.26634935,9.992802,-5.004924,0.18313494,0.017114313,0.018351028
75648000,-0.26541162,9.993197,-5.004787,0.18663943,0.016835978,0.01820565
75656000,-0.26444012,9.993585,-5.004651,0.19011596,0.016567672,0.018040894
75664000,-0.26343548,9.993964,-5.0045166,0.19346511,0.016267749,0.017861575
75672000,-0.26239866,9.994335,-5.004383,0.19674668,0.015965704,0.017677754
75680000,-0.2613866,9.994744,-5.004251,0.19984789,0.015756352,0.017457165
75688000,-0.26034296,9.995146,-5.0041213,0.20298257,0.015478061,0.0172289
75696000,-0.25926813,9.995538,-5.0039926,0.20603213,0.015240028,0.017062757
75704000,-0.25816232,9.995922,-5.0038695,0.20909421,0.014959301,0.016901067
75712000,-0.25709057,9.9963255,-5.0037384,0.21194026,0.014633242,0.016779084
75720000,-0.25598863,9.996719,-5.003608,0.2147713,0.01439642,0.01663215
75728000,-0.25485682,9.997105,-5.003479,0.21755269,0.014133018,0.016512705
75736000,-0.25369585,9.997482,-5.003351,0.22027239,0.01387645,0.016318642
75744000,-0.25257337,9.997886,-5.003203,0.22286732,0.013645685,0.016101109
75752000,-0.25142193,9.9982815,-5.0030766,0.22542432,0.013387467,0.015962014
75760000,-0.25024208,9.998668,-5.0029516,0.22789927,0.0131187625,0.015768593
75768000,-0.24903454,9.999046,-5.0028276,0.23033386,0.012878953,0.015587362
75776000,-0.24786389,9.999439,-5.0026894,0.23266765,0.012701074,0.015399749
75784000,-0.24666582,9.999824,-5.0025525,0.23489234,0.012479519,0.015199563
75792000,-0.24544103,10.000199,-5.002418,0.23709697,0.012223476,0.014997382
75800000,-0.24418986,10.000567,-5.0022817,0.23930046,0.011959458,0.014840612
75808000,-0.2429123,10.000926,-5.002147,0.24148567,0.011611186,0.014662523
75816000,-0.24167344,10.001311,-5.00201,0.24353641,0.011363973,0.01451635
75824000,-0.24040867,10.001688,-5.001874,0.2454966,0.011085695,0.0143830795
75832000,-0.23911878,10.002056,-5.0017395,0.2474479,0.010757495,0.014190828
75840000,-0.2378039,10.002415,-5.0016074,0.24937396,0.010509696,0.013990228
75848000,-0.23652336,10.00281,-5.001482,0.25119305,0.010330424,0.013793482
75856000,-0.23521814,10.003195,-5.001358,0.2529734,0.010101527,0.013608184
75864000,-0.23388863,10.003572,-5.001236,0.2547349,0.009838569,0.013398928
75872000,-0.23253518,10.003941,-5.0011163,0.25648078,0.009620999,0.013189029
75880000,-0.23122472,10.004322,-5.0010095,0.25809634,0.009401925,0.012966083
75888000,-0.22989067,10.004695,-5.000904,0.2596497,0.009137284,0.012800248
75896000,-0.22853363,10.005058,-5.0008006,0.26113904,0.008868548,0.012610493
75904000,-0.22715408,10.005413,-5.000718,0.26265118,0.00856304,0.012437663
75912000,-0.22582264,10.005787,-5.000659,0.2640085,0.008310006,0.012180172
75920000,-0.22446886,10.006152,-5.0006013,0.26534146,0.008126854,0.0119569115
75928000,-0.22309303,10.006508,-5.000544,0.26664904,0.007834806,0.01180347
75936000,-0.22169556,10.006855,-5.000487,0.267955,0.007560258,0.011596589
75944000,-0.2203518,10.007219,-5.000454,0.26916134,0.007342319,0.01139156
75952000,-0.21898606,10.007575,-5.000382,0.27034307,0.0070930244,0.011193569
75960000,-0.21759886,10.007922,-5.000311,0.2714764,0.0068917847,0.011024111
75968000,-0.21619092,10.008261,-5.000241,0.27256086,0.0066282824,0.010861855
75976000,-0.21484903,10.008616,-5.00018,0.27354512,0.006390488,0.010696944
75984000,-0.21348606,10.008965,-5.000119,0.27449727,0.00616542,0.010512916
75992000,-0.21210255,10.009303,-5.00006,0.27540603,0.005916826,0.010272875
76000000,-0.21069892,10.009634,-5.0000234,0.27631885,0.0056426255,0.010089596
76008000,-0.20935586,10.009975,-4.9999957,0.277095,0.0054057115,0.009896131
76016000,-0.20799229,10.010307,-4.999968,0.27792454,0.0051190997,0.009717128
76024000,-0.20660844,10.010632,-4.999941,0.27871144,0.004845316,0.009508686
76032000,-0.20520484,10.010946,-4.999914,0.27947688,0.004535968,0.009355742
76040000,-0.20386364,10.011267,-4.999908,0.28013915,0.0042936252,0.009224998
76048000,-0.20250244,10.011579,-4.999919,0.28077975,0.0040775146,0.009088666
76056000,-0.20112202,10.011883,-4.999929,0.28133026,0.0038247542,0.008928447
76064000,-0.19972299,10.012178,-4.9999385,0.281882,0.0034961768,0.008768758
76072000,-0.19839111,10.012478,-4.9999704,0.28232437,0.0032323175,0.008654303
76080000,-0.19704038,10.01277,-5.0000014,0.2827288,0.002917126,0.008532654
76088000,-0.1956711,10.013052,-5.0000305,0.2831508,0.0025930938,0.00838085
76096000,-0.19428353,10.013326,-5.0000587,0.28358716,0.0022381975,0.008236116
76104000,-0.1928779,10.013591,-5.000093,0.28400528,0.0018959743,0.008079361
76112000,-0.191549,10.013857,-5.0001397,0.28425747,0.0015662159,0.007928663
76120000,-0.19020201,10.014113,-5.000185,0.28450373,0.0012311406,0.007733252
76128000,-0.18883747,10.014362,-5.0002294,0.2847135,0.0009013197,0.007583193
76136000,-0.18745595,10.014602,-5.0002723,0.28486928,0.0006034045,0.007444816
76144000,-0.1861524,10.014837,-5.0003343,0.28496945,0.0003330449,0.0073196082
76152000,-0.18483123,10.015064,-5.0004086,0.28504047,-1.9647108e-05,0.0072124153
76160000,-0.18349288,10.015283,-5.000481,0.28511718,-0.00038544374,0.0071319565
76168000,-0.18213779,10.015492,-5.0005507,0.28517783,-0.00077954796,0.0070711137
76176000,-0.18087073,10.015693,-5.0006313,0.28511325,-0.0011159374,0.0070508355
76184000,-0.1795862,10.015884,-5.000709,0.2850986,-0.0015144524,0.0069707884
76192000,-0.17828432,10.0160675,-5.000784,0.28508386,-0.0018538198,0.0069743595
76200000,-0.1769652,10.016243,-5.0008526,0.2850881,-0.0022524304,0.0069767484
76208000,-0.17574468,10.016398,-5.000933,0.2849004,-0.0026792313,0.0069354395
76216000,-0.17450674,10.016545,-5.001011,0.28471634,-0.0031411957,0.0068846005
76224000,-0.17325154,10.016684,-5.0010858,0.2845665,-0.0035880776,0.006812996
76232000,-0.17197967,10.016815,-5.0011587,0.28431883,-0.004001959,0.006740732
76240000,-0.17079622,10.01692,-5.0012546,0.28398058,-0.0044226656,0.006668036
76248000,-0.16959575,10.017017,-5.0013447,0.28365827,-0.004843945,0.0066198525
76256000,-0.16837825,10.017108,-5.001432,0.2833855,-0.005224785,0.006586384
76264000,-0.16714425,10.017192,-5.001516,0.28306478,-0.0056502293,0.0065164673
76272000,-0.16601163,10.017264,-5.0016212,0.2826482,-0.00610294,0.00652784
76280000,-0.16486202,10.01733,-5.0017223,0.28216884,-0.0065410156,0.0065046446
76288000,-0.16369581,10.017388,-5.0018206,0.28172463,-0.0069303648,0.0064751687
76296000,-0.16251336,10.017441,-5.001915,0.28126398,-0.0073635043,0.0064501422
76304000,-0.16142409,10.017491,-5.0020266,0.2806964,-0.007809422,0.0064152973
76312000,-0.16031782,10.017534,-5.0021343,0.28017384,-0.008288669,0.0063587334
76320000,-0.15919481,10.017571,-5.0022383,0.27967432,-0.008731601,0.006348008
76328000,-0.15805508,10.0176,-5.002339,0.27917492,-0.009177028,0.006404908
76336000,-0.15701622,10.017635,-5.002448,0.2785658,-0.009602592,0.0064341235
76344000,-0.15595989,10.017664,-5.002554,0.27799293,-0.010057135,0.0064462903
76352000,-0.15488632,10.017687,-5.0026865,0.2773653,-0.010468205,0.006469387
76360000,-0.15379655,10.017702,-5.0028143,0.2767119,-0.010911556,0.0064498126
76368000,-0.15269116,10.017711,-5.002938,0.27605549,-0.011349411,0.0064926413
76376000,-0.15167575,10.017714,-5.0030675,0.27532372,-0.011832727,0.0065560807
76384000,-0.15064366,10.01771,-5.0031924,0.27465126,-0.012290431,0.0065767528
76392000,-0.14959528,10.017699,-5.0033126,0.27393213,-0.012663045,0.0066231843
76400000,-0.14853103,10.017683,-5.0034356,0.2732501,-0.013043186,0.006705652
76408000,-0.14755137,10.017669,-5.003569,0.27248728,-0.013375223,0.0067387777
76416000,-0.14655502,10.017649,-5.0036983,0.2717228,-0.013754699,0.0067811487
76424000,-0.14554223,10.017623,-5.003822,0.2709367,-0.01416703,0.006900881
76432000,-0.1445141,10.0175905,-5.00394,0.27013803,-0.014602038,0.006979057
76440000,-0.14356305,10.0175495,-5.004062,0.26933873,-0.014973926,0.0070913597
76448000,-0.14259586,10.017504,-5.0041504,0.2684364,-0.015387627,0.0072150645
76456000,-0.14161327,10.01745,-5.004234,0.26762095,-0.015797783,0.007316274
76464000,-0.14061505,10.017391,-5.0043135,0.26682886,-0.016244728,0.0073469933
76472000,-0.13968426,10.017324,-5.0044036,0.26594055,-0.016639523,0.007402648
76480000,-0.13873798,10.017252,-5.004489,0.26499695,-0.017047126,0.0074941018
76488000,-0.13777636,10.017174,-5.0045705,0.26408786,-0.017411375,0.007567019
76496000,-0.13680005,10.017091,-5.0046477,0.26319087,-0.017740583,0.0076930467
76504000,-0.13588955,10.017005,-5.004728,0.26220393,-0.018071245,0.007857171
76512000,-0.13496411,10.016915,-5.004803,0.2612692,-0.018438399,0.007943102
76520000,-0.13402382,10.01682,-5.0048747,0.26035553,-0.018775724,0.008007563
76528000,-0.13306904,10.016719,-5.0049424,0.2594529,-0.019092726,0.008031681
76536000,-0.13218059,10.016609,-5.0050125,0.25847048,-0.01943975,0.008078043
76544000,-0.1312775,10.016495,-5.005078,0.2574581,-0.019740742,0.008183321
76552000,-0.13036036,10.016376,-5.0051737,0.25648054,-0.02013184,0.0083049
76560000,-0.12942852,10.0162525,-5.0052643,0.25554943,-0.020479191,0.008436864
76568000,-0.12855262,10.016132,-5.0053406,0.25457597,-0.020778999,0.008522304
76576000,-0.12766227,10.016007,-5.0054126,0.25360385,-0.021071829,0.008633008
76584000,-0.12675771,10.015879,-5.00548,0.25262755,-0.021349933,0.008693146
76592000,-0.12583937,10.015746,-5.005543,0.2516974,-0.021680105,0.008763472
76600000,-0.12498008,10.015608,-5.0055923,0.25068378,-0.021939456,0.008916105
76608000,-0.12410629,10.015467,-5.005637,0.24975426,-0.022229843,0.008996491
76616000,-0.123218365,10.015321,-5.0056777,0.24878758,-0.022585168,0.0091361655
76624000,-0.122316904,10.015171,-5.0057144,0.24781846,-0.02286244,0.009255128
76632000,-0.12140176,10.015018,-5.0057473,0.24685033,-0.023102509,0.009302929
76640000,-0.12054675,10.014859,-5.00577,0.24583215,-0.023371326,0.009334084
76648000,-0.11967839,10.014696,-5.0058155,0.24481727,-0.023634832,0.009410169
76656000,-0.11879667,10.01453,-5.005857,0.24385154,-0.023875158,0.009486481
76664000,-0.11790146,10.01436,-5.0058947,0.24296737,-0.024146816,0.009577786
76672000,-0.11707238,10.014181,-5.005933,0.24200276,-0.024370488,0.009692898
76680000,-0.11622939,10.013998,-5.005967,0.2410269,-0.024610335,0.009736772
76688000,-0.11537289,10.013812,-5.005997,0.24001615,-0.024895247,0.00988332
76696000,-0.11450345,10.013623,-5.0060234,0.23905446,-0.025165783,0.009947349
76704000,-0.11369504,10.01344,-5.006059,0.23805,-0.025394656,0.010053796
76712000,-0.11287275,10.013253,-5.0060906,0.23708154,-0.025704473,0.010142251
76720000,-0.11203725,10.0130625,-5.006119,0.23604994,-0.025965773,0.010196289
76728000,-0.11118878,10.012869,-5.006143,0.23510017,-0.026275545,0.010238648
76736000,-0.11041552,10.012676,-5.0061703,0.23406689,-0.02655172,0.010353857
76744000,-0.1096281,10.012481,-5.006194,0.23313804,-0.026822692,0.010420714
76752000,-0.10882647,10.012281,-5.006219,0.2322394,-0.027084265,0.010512621
76760000,-0.10801136,10.012079,-5.00624,0.23122616,-0.027402857,0.010602156
76768000,-0.10726986,10.011864,-5.0062904,0.23020738,-0.027654396,0.006026132
76776000,-0.10651436,10.011645,-5.0064025,0.22916552,-0.027850488,-0.005170249
76784000,-0.10574564,10.011425,-5.006617,0.22811605,-0.027998222,-0.020179199
76792000,-0.10496382,10.011202,-5.0069585,0.22709592,-0.028177202,-0.037519287
76800000,-0.104247764,10.010967,-5.007441,0.22604305,-0.028494451,-0.055772386
76808000,-0.10351804,10.010729,-5.008066,0.2249751,-0.029089605,-0.073940404
76816000,-0.10277522,10.010483,-5.008832,0.22390842,-0.030213628,-0.091516316
76824000,-0.10201969,10.010224,-5.0097313,0.22283651,-0.03201722,-0.108225085
76832000,-0.10133785,10.00995,-5.010809,0.22162072,-0.03454279,-0.12407772
76840000,-0.10064268,10.009651,-5.0120063,0.22049126,-0.038062952,-0.1390792
76848000,-0.09993467,10.009319,-5.0133157,0.21937153,-0.042597793,-0.15304476
76856000,-0.09921444,10.008947,-5.0147285,0.21821088,-0.048079677,-0.16586429
76864000,-0.09857491,10.008513,-5.0163145,0.21700831,-0.054643292,-0.1774641
76872000,-0.09792265,10.008022,-5.017982,0.21574627,-0.062286288,-0.18774118
76880000,-0.09725852,10.007465,-5.0197215,0.2144775,-0.071069896,-0.19685823
76888000,-0.0965827,10.006834,-5.0215235,0.2132607,-0.08089382,-0.2047654
76896000,-0.09589554,10.00612,-5.023379,0.21203065,-0.09169582,-0.21149087
76904000,-0.09529744,10.005294,-5.025377,0.21078573,-0.10350903,-0.21712452
76912000,-0.09468677,10.00437,-5.0274086,0.20942995,-0.11632763,-0.22175461
76920000,-0.09406481,10.00334,-5.029466,0.20810047,-0.130163,-0.22530955
76928000,-0.09343169,10.002196,-5.031541,0.20678861,-0.14480679,-0.2278379
76936000,-0.09290005,10.000876,-5.0337315,0.20540228,-0.16033892,-0.22940563
76944000,-0.092356205,9.999432,-5.035922,0.2040056,-0.1767704,-0.23018026
76952000,-0.09180071,9.997853,-5.0381002,0.2026206,-0.19390912,-0.23009491
76960000,-0.09123386,9.996137,-5.0402656,0.20127031,-0.21185663,-0.22916676
76968000,-0.09076123,9.994183,-5.0424986,0.19985215,-0.23059803,-0.22752209
76976000,-0.09027603,9.99208,-5.044705,0.19844334,-0.250005,-0.22522102
76984000,-0.08977445,9.989823,-5.0468807,0.19700396,-0.26999718,-0.2222481
76992000,-0.08926159,9.98741,-5.04902,0.19560935,-0.2905175,-0.2186594
77000000,-0.088839754,9.984706,-5.051179,0.19409363,-0.31181103,-0.21451424
77008000,-0.08840608,9.981835,-5.0532928,0.19260783,-0.3336326,-0.20992504
77016000,-0.08796059,9.978796,-5.055357,0.1911853,-0.35588908,-0.20486887
77024000,-0.08750336,9.975582,-5.0573688,0.18979113,-0.37861374,-0.1993486
77032000,-0.087125726,9.972003,-5.059347,0.18827397,-0.40193403,-0.19343278
77040000,-0.08673628,9.968246,-5.0612664,0.18677321,-0.42560154,-0.18714535
77048000,-0.08632216,9.964312,-5.063131,0.18532243,-0.44968984,-0.18054481
77056000,-0.085896745,9.960192,-5.064932,0.18389072,-0.4741679,-0.17363957
77064000,-0.08554375,9.955668,-5.0666585,0.18239264,-0.49920943,-0.16649887
77072000,-0.08517898,9.950957,-5.068318,0.18089516,-0.5244439,-0.15921007
77080000,-0.084803,9.946057,-5.06991,0.17941695,-0.5500173,-0.15176016
77088000,-0.08441589,9.940964,-5.0714326,0.17798282,-0.5758995,-0.14417496
77096000,-0.08409171,9.935424,-5.072872,0.17647484,-0.6022197,-0.1364475
77104000,-0.083755895,9.92969,-5.074223,0.17502858,-0.6287864,-0.12869547
77112000,-0.08340875,9.923761,-5.0755043,0.17358322,-0.65555555,-0.12086927
77120000,-0.08302886,9.917639,-5.0767145,0.17218955,-0.68247443,-0.1129346
77128000,-0.082696654,9.911043,-5.0778275,0.17076913,-0.70987,-0.10497926
77136000,-0.08235319,9.90425,-5.0788703,0.16939689,-0.73737293,-0.09706431
77144000,-0.08199853,9.897258,-5.0798445,0.16805875,-0.7650234,-0.08920071
77152000,-0.08163289,9.890065,-5.0807414,0.16673166,-0.79281265,-0.081267245
77160000,-0.08125664,9.88267,-5.0815697,0.16543752,-0.8206727,-0.07350161
77168000,-0.08092903,9.874783,-5.082293,0.16399622,-0.848912,-0.06580499
77180000,-0.08059127,9.866694,-5.0829506,0.16259643,-0.8772584,-0.058167942
77184000,-0.08024329,9.858404,-5.0835433,0.16125157,-0.905617,-0.05064609
77192000,-0.07985742,9.849917,-5.084071,0.15992601,-0.93400985,-0.043244723
77200000,-0.07950729,9.840936,-5.084493,0.15863827,-0.9626944,-0.035924718
77208000,-0.07914684,9.831755,-5.0848546,0.15739457,-0.99141,-0.02877556
77216000,-0.078775965,9.822372,-5.085156,0.15619773,-1.020094,-0.02177992
77224000,-0.07839504,9.812788,-5.085399,0.15499122,-1.048703,-0.01485757
77232000,-0.07804544,9.802705,-5.0855336,0.15373981,-1.0775635,-0.00808636
77240000,-0.07768584,9.792423,-5.085613,0.15254542,-1.1064562,-0.0014236321
77248000,-0.07731622,9.781943,-5.0856256,0.1513743,-1.1351796,0.0050317813
77256000,-0.07693696,9.771265,-5.0855865,0.1501918,-1.163878,0.0112947095
77264000,-0.07656615,9.760084,-5.085448,0.14907207,-1.1927369,0.017419625
77272000,-0.07618526,9.74871,-5.0852604,0.1479622,-1.2215976,0.02336698
77280000,-0.07579463,9.73714,-5.0850263,0.14689922,-1.2503071,0.029018085
77288000,-0.075394124,9.725376,-5.0847473,0.1458406,-1.2788947,0.034601122
77296000,-0.07503276,9.713113,-5.0843887,0.14471012,-1.3075932,0.040029805
77304000,-0.07466183,9.700661,-5.0839877,0.14361382,-1.3361622,0.04523128
77312000,-0.07428106,9.68802,-5.083546,0.14258787,-1.364567,0.050254006
77320000,-0.073890656,9.67519,-5.083065,0.14158183,-1.3928051,0.055049945
77328000,-0.07350824,9.661881,-5.082509,0.14059222,-1.4212147,0.05967828
77336000,-0.073116,9.648388,-5.0819173,0.13960534,-1.4494109,0.06411484
77344000,-0.072713956,9.634712,-5.081292,0.1386834,-1.4774014,0.068383396
77352000,-0.07230236,9.620853,-5.080627,0.13772775,-1.5051017,0.07241511
77360000,-0.07193018,9.606521,-5.079904,0.13681696,-1.5328696,0.0763078
77368000,-0.07154795,9.592011,-5.0791526,0.13586904,-1.5604644,0.07999951
77376000,-0.07115614,9.577327,-5.0783734,0.13495135,-1.587846,0.08356051
77384000,-0.07075494,9.562467,-5.0775685,0.13401803,-1.6149911,0.086878285
77392000,-0.07038502,9.547149,-5.0767183,0.1331015,-1.6421692,0.090064354
77400000,-0.06997606,9.531668,-5.075856,0.13222584,-1.6690556,0.09305066
77408000,-0.06955761,9.516019,-5.0749726,0.13141018,-1.6956177,0.09584984
77416000,-0.06912972,9.500204,-5.0740685,0.13061832,-1.7219534,0.09848918
77424000,-0.06869256,9.484222,-5.0731454,0.1298359,-1.7480125,0.100982316
77432000,-0.06829309,9.467815,-5.072199,0.12899844,-1.7740253,0.103281245
77440000,-0.06788427,9.451249,-5.0712357,0.12820272,-1.7997936,0.10540189
77448000,-0.06746614,9.434525,-5.070272,0.1274325,-1.8252159,0.107324585
77456000,-0.067038834,9.417644,-5.069294,0.12667757,-1.850363,0.109147966
77464000,-0.066639654,9.400365,-5.068297,0.12583175,-1.8754423,0.110786155
77472000,-0.06620312,9.382939,-5.067288,0.12511572,-1.9002236,0.11222433
77480000,-0.06575734,9.365366,-5.0662684,0.124445036,-1.9246211,0.11359126
77488000,-0.065302715,9.347645,-5.065239,0.123735525,-1.9487623,0.11488251
77496000,-0.06487578,9.329548,-5.0642037,0.1230509,-1.9728189,0.1159734
77504000,-0.06443948,9.311309,-5.0631585,0.12239025,-1.9965392,0.11695735
77512000,-0.06399432,9.292932,-5.062106,0.12172783,-2.0198658,0.11782881
77520000,-0.06354039,9.274416,-5.0610476,0.121074975,-2.0428865,0.118575506
77528000,-0.06310889,9.255564,-5.059986,0.12041732,-2.0658662,0.11923121
77536000,-0.06266848,9.23658,-5.0589204,0.11978671,-2.0884564,0.119754635
77544000,-0.06219273,9.217469,-5.057851,0.11918487,-2.1106997,0.120163836
77552000,-0.061708547,9.198231,-5.056768,0.11861825,-2.1326303,0.12049312
77560000,-0.06125905,9.178668,-5.0556846,0.118073575,-2.1544702,0.12068639
77568000,-0.060800623,9.158982,-5.0546002,0.11749041,-2.1759207,0.12076285
77576000,-0.06033346,9.139176,-5.0535164,0.11694665,-2.1970425,0.12078828
77584000,-0.059857827,9.119251,-5.0524335,0.11639728,-2.2177997,0.12069514
77592000,-0.059402205,9.099035,-5.0513663,0.11580363,-2.2384443,0.12049083
77600000,-0.05893819,9.078706,-5.0502887,0.11526813,-2.258739,0.120206416
77608000,-0.058441624,9.058269,-5.0492144,0.11476147,-2.278625,0.119887315
77616000,-0.05793656,9.037722,-5.048143,0.11434399,-2.2981825,0.11950907
77624000,-0.057462003,9.016907,-5.047094,0.11381183,-2.3175516,0.119020306
77632000,-0.0569792,8.995989,-5.0460486,0.11330321,-2.3365986,0.118500546
77640000,-0.056488235,8.974968,-5.0450087,0.1128322,-2.355331,0.117791094
77648000,-0.05598887,8.953847,-5.043967,0.112447664,-2.3737202,0.117078304
77656000,-0.055527743,8.932484,-5.042961,0.1119839,-2.3918798,0.11632578
77664000,-0.05505815,8.911026,-5.0419607,0.111502245,-2.4097242,0.115554646
77672000,-0.054580353,8.889474,-5.040966,0.1110327,-2.427294,0.11471056
77680000,-0.054072656,8.867834,-5.039979,0.11059613,-2.444526,0.113745034
77692000,-0.0535574,8.846103,-5.0389986,0.110145815,-2.4614153,0.11278176
77696000,-0.05308529,8.824162,-5.0380545,0.1097268,-2.4780536,0.11179937
77704000,-0.052604854,8.8021345,-5.037119,0.10928385,-2.4944065,0.11076983
77712000,-0.05211638,8.780025,-5.0361905,0.108897775,-2.5104368,0.10969079
77720000,-0.05161951,8.7578335,-5.0352697,0.108545564,-2.5261872,0.10854419
77728000,-0.051166292,8.735452,-5.0343957,0.10813714,-2.5417454,0.107417464
77736000,-0.050704516,8.712993,-5.0335283,0.10774253,-2.556951,0.106207706
77744000,-0.050234362,8.690458,-5.032669,0.107351944,-2.571896,0.104934454
77752000,-0.049736913,8.667852,-5.031791,0.10692292,-2.5865252,0.10365988
77760000,-0.049286537,8.645101,-5.030961,0.10645238,-2.6008933,0.102356374
77768000,-0.04882817,8.622278,-5.0301385,0.10606277,-2.6150343,0.101094306
77776000,-0.04836146,8.599388,-5.029325,0.10568413,-2.6288385,0.09977028
77784000,-0.047886916,8.57643,-5.0285196,0.105318844,-2.6423438,0.09850087
77792000,-0.047449287,8.553364,-5.0277658,0.104949236,-2.6555526,0.097178295
77800000,-0.04700353,8.530233,-5.0270157,0.10451863,-2.6685328,0.09585994
77808000,-0.04654997,8.507042,-5.0262737,0.10411022,-2.681309,0.0945317
77816000,-0.046088938,8.4837885,-5.0255404,0.103688456,-2.6937473,0.09321291
77824000,-0.04565041,8.46043,-5.0248604,0.10326771,-2.70591,0.09189083
77832000,-0.04520398,8.437015,-5.024188,0.102902345,-2.7178347,0.090506285
77840000,-0.04474964,8.413544,-5.0235233,0.10256148,-2.7294962,0.08913968
77848000,-0.044287473,8.390019,-5.0228534,0.102207504,-2.7409244,0.087712936
77856000,-0.04386023,8.366399,-5.0222316,0.10182777,-2.7521155,0.08639044
77864000,-0.04342516,8.342729,-5.021617,0.10145796,-2.7630208,0.08504617
77872000,-0.042982586,8.319009,-5.0210094,0.1010763,-2.773672,0.08371416
77880000,-0.042532515,8.295241,-5.0204096,0.10073526,-2.7841535,0.08239742
77888000,-0.042097222,8.27138,-5.0198555,0.10037221,-2.794412,0.0811008
77896000,-0.041654266,8.247475,-5.0193086,0.10007079,-2.8044283,0.079726025
77904000,-0.04120374,8.223526,-5.018777,0.09976681,-2.8141944,0.078435995
77912000,-0.040745746,8.199534,-5.018251,0.09948288,-2.8237517,0.077161044
77920000,-0.040310804,8.175468,-5.0177755,0.09909563,-2.8331113,0.075861804
77928000,-0.03986909,8.151364,-5.017306,0.098721355,-2.842191,0.074603856
77936000,-0.03942028,8.127221,-5.016841,0.09843021,-2.8511002,0.07332404
77944000,-0.03896454,8.103041,-5.016382,0.09809592,-2.8598273,0.07208265
77952000,-0.038502365,8.078825,-5.0159407,0.097763054,-2.8683083,0.070873044
77960000,-0.03804604,8.054569,-5.015551,0.09744707,-2.876565,0.06966614
77968000,-0.037583005,8.03028,-5.0151663,0.09716664,-2.884609,0.06843545
77976000,-0.03711352,8.005959,-5.0147853,0.096843086,-2.8924913,0.06728985
77984000,-0.036638074,7.981605,-5.014408,0.096507184,-2.9001758,0.06615959
77992000,-0.03616368,7.957223,-5.0140753,0.09618288,-2.9076653,0.065087534
78000000,-0.03568319,7.9328117,-5.0137486,0.09592457,-2.9149506,0.06399344
78008000,-0.035196666,7.908372,-5.0134254,0.09568716,-2.922081,0.062910005
78016000,-0.034704138,7.883904,-5.013105,0.095399484,-2.9289994,0.061891805
78024000,-0.034214135,7.8594217,-5.012814,0.095126174,-2.9357734,0.060881384
78032000,-0.03370887,7.8349147,-5.0125265,0.09484403,-2.942407,0.05990778
78040000,-0.03319845,7.8103814,-5.01224,0.09455248,-2.9488623,0.058950875
78048000,-0.032682892,7.785824,-5.0119524,0.09431293,-2.9551847,0.057972804
78056000,-0.03217249,7.7612586,-5.0116873,0.09410041,-2.9612894,0.057034068
78064000,-0.031656556,7.7366705,-5.011424,0.09389749,-2.96722,0.056130923
78072000,-0.03113529,7.7120595,-5.0111623,0.093671784,-2.9730005,0.055267137
78080000,-0.030608926,7.687427,-5.010902,0.09345906,-2.9786363,0.05441757
78088000,-0.030099014,7.662778,-5.010661,0.09325894,-2.984091,0.053578973
78096000,-0.029583864,7.6381087,-5.0104213,0.0930195,-2.9894285,0.05274161
78104000,-0.029055348,7.613421,-5.0101805,0.09280113,-2.9946387,0.051954888
78112000,-0.028521901,7.5887146,-5.009941,0.09260218,-2.9997096,0.051130485
78120000,-0.028009892,7.56401,-5.0097275,0.09238708,-3.0046325,0.050368834
78128000,-0.02749294,7.539288,-5.009514,0.09211817,-3.009422,0.04969324
78136000,-0.026971132,7.5145483,-5.0093007,0.09191129,-3.0140865,0.04903078
78144000,-0.026444398,7.4897923,-5.0090876,0.09169252,-3.0185797,0.04835314
78152000,-0.025939249,7.465053,-5.0089016,0.091479294,-3.0230157,0.04756983
78160000,-0.02542897,7.4402976,-5.0087156,0.09123855,-3.0273128,0.046877608
78168000,-0.024907026,7.415528,-5.0085306,0.091014266,-3.0314748,0.046143074
78176000,-0.024380295,7.3907433,-5.008346,0.09080699,-3.0355403,0.045486905
78184000,-0.023876064,7.3659844,-5.0082054,0.09058989,-3.0394642,0.044824164
78192000,-0.023366768,7.3412113,-5.008064,0.09035682,-3.0432835,0.044157054
78200000,-0.02285272,7.3164244,-5.007919,0.09015951,-3.0469496,0.04351207
78208000,-0.022333689,7.2916245,-5.0077734,0.089941494,-3.0505426,0.042892132
78216000,-0.021810291,7.266812,-5.007627,0.08970129,-3.0539832,0.042308033
78224000,-0.021302558,7.242029,-5.0074973,0.0895027,-3.057336,0.04168358
78232000,-0.020789746,7.217234,-5.007367,0.08932895,-3.060613,0.04110338
78240000,-0.02026631,7.192428,-5.007236,0.08911233,-3.063779,0.040612996
78248000,-0.019738464,7.16761,-5.007122,0.08894694,-3.0669084,0.040093575
78256000,-0.019216657,7.1428175,-5.007019,0.08877019,-3.0698452,0.03965094
78264000,-0.018690372,7.1180143,-5.0069137,0.088556916,-3.072696,0.039216403
78272000,-0.018159868,7.0932,-5.0068064,0.08833412,-3.07555,0.0387486
78280000,-0.017625315,7.068375,-5.0066977,0.088127084,-3.0782914,0.038248505
78288000,-0.017097143,7.0435786,-5.0066123,0.08798131,-3.080902,0.037721787
78296000,-0.01656454,7.0187716,-5.006525,0.087779984,-3.0834439,0.037269127
78304000,-0.016027754,6.993955,-5.0064325,0.087629564,-3.085944,0.036800873
78312000,-0.015481353,6.96913,-5.006338,0.0875291,-3.0883288,0.036354616
78320000,-0.014957461,6.944349,-5.0062594,0.08732609,-3.0905604,0.035912436
78328000,-0.014429297,6.919558,-5.006178,0.08714266,-3.0928338,0.03553606
78336000,-0.01389692,6.8947577,-5.0060945,0.08697523,-3.0950673,0.035193194
78344000,-0.013360264,6.869948,-5.006008,0.08680872,-3.097216,0.034820393
78352000,-0.012849301,6.845181,-5.005922,0.0865946,-3.0992782,0.03450878
78360000,-0.012333896,6.8204045,-5.005833,0.08643162,-3.1012409,0.03413235
78368000,-0.011814331,6.7956195,-5.005743,0.08618583,-3.1031592,0.033734456
78376000,-0.0112910755,6.770826,-5.005651,0.08594844,-3.1050372,0.033418544
78384000,-0.010784558,6.7460904,-5.0055633,0.0856938,-3.1067073,0.033122696
78392000,-0.0102740135,6.7213464,-5.0054736,0.08552046,-3.1084073,0.03276561
78400000,-0.009759202,6.6965938,-5.0053926,0.085312895,-3.1100159,0.032466244
78408000,-0.009240141,6.6718335,-5.0053096,0.08520638,-3.111587,0.032191128
78416000,-0.008754019,6.6471314,-5.0052238,0.08498384,-3.1130595,0.031971272
78424000,-0.008263823,6.6224213,-5.005136,0.08472101,-3.1144814,0.031741798
78432000,-0.0077698478,6.597703,-5.0050454,0.08443561,-3.1158648,0.031460978
78440000,-0.007272069,6.572977,-5.0049534,0.0842247,-3.117188,0.031160915
78448000,-0.006791403,6.5483055,-5.004892,0.0839882,-3.118428,0.030845372
78456000,-0.006306362,6.523626,-5.0048285,0.083823495,-3.1196208,0.03057226
78464000,-0.005817034,6.498938,-5.0047617,0.083625406,-3.1208234,0.030311221
78472000,-0.005323459,6.474243,-5.0046926,0.08346227,-3.1219404,0.03008478
78480000,-0.0048258924,6.4495406,-5.004621,0.083253525,-3.1230624,0.029829416
78488000,-0.0043644733,6.424904,-5.00455,0.083034866,-3.1240659,0.029563805
78496000,-0.0038987626,6.4002595,-5.0044765,0.08280074,-3.1250513,0.029356888
78504000,-0.0034287947,6.375607,-5.004393,0.08261454,-3.126038,0.029125312
78512000,-0.0029546851,6.3509464,-5.0043073,0.08239698,-3.1269765,0.028925713
78520000,-0.0024944092,6.3263407,-5.004231,0.08216271,-3.1278462,0.028694628
78528000,-0.002030239,6.301727,-5.0041523,0.081911035,-3.1286178,0.028454741
78536000,-0.0015622202,6.2771053,-5.004072,0.08165785,-3.1293921,0.028174853
78544000,-0.0010906412,6.252476,-5.00399,0.08143336,-3.1301808,0.027906114
78552000,-0.000635222,6.2278996,-5.003934,0.08127985,-3.1308603,0.027685449
78560000,-0.00017547337,6.2033143,-5.003875,0.08106966,-3.1315703,0.027485175
78568000,0.00028818886,6.178721,-5.0038133,0.08086609,-3.1322653,0.027289813
78576000,0.00075577945,6.1541195,-5.0037494,0.08066395,-3.132935,0.027071157
78584000,0.0012089695,6.1295652,-5.003699,0.08036851,-3.1335146,0.026838614
78592000,0.0016682979,6.1050034,-5.0036464,0.0801151,-3.1340435,0.026602514
78600000,0.002131261,6.0804334,-5.00359,0.0799037,-3.1346123,0.02639087
78608000,0.0025978459,6.0558558,-5.0035315,0.07970038,-3.1351416,0.026188126
78616000,0.003067878,6.0312696,-5.0034704,0.079457015,-3.1356955,0.026008453
78624000,0.0035369562,6.006742,-5.003417,0.07923517,-3.1361337,0.025822965
78632000,0.0040092682,5.982206,-5.0033607,0.079004355,-3.1365724,0.025656192
78640000,0.0044846707,5.957661,-5.003302,0.07877316,-3.137024,0.025478132
78648000,0.004963099,5.9331083,-5.003254,0.07856425,-3.1374621,0.02531592
78656000,0.005444042,5.908598,-5.003212,0.07832072,-3.1378305,0.025234986
78664000,0.005930589,5.884079,-5.003167,0.078177705,-3.1382394,0.025069846
78672000,0.006420281,5.8595514,-5.00312,0.07798459,-3.1385992,0.024906617
78680000,0.006900186,5.8350616,-5.003082,0.07775833,-3.1389263,0.02478672
78688000,0.0073828073,5.8105626,-5.0030413,0.07752832,-3.1392019,0.024604145
78696000,0.007868047,5.786055,-5.002998,0.07730955,-3.1395218,0.024423923
78704000,0.008355991,5.7615385,-5.002951,0.07709514,-3.1398523,0.024232872
78712000,0.008838871,5.737067,-5.002911,0.076876104,-3.1401136,0.024085857
78720000,0.00932424,5.7125874,-5.0028687,0.07665229,-3.1403222,0.023890542
78728000,0.009814315,5.688099,-5.0028243,0.07642978,-3.140534,0.023715071
78736000,0.010306964,5.6636014,-5.002777,0.07627077,-3.1407468,0.02361306
78744000,0.010802188,5.6390953,-5.0027275,0.07606633,-3.140906,0.023436794
78752000,0.011292955,5.614649,-5.002675,0.075847834,-3.141123,0.023359928
78760000,0.011785846,5.5901923,-5.00262,0.07562463,-3.1412718,0.023227455
78768000,0.012281094,5.5657268,-5.002563,0.0754496,-3.1414502,0.023090268
78776000,0.01277849,5.5412507,-5.0025034,0.07523756,-3.1416712,0.022934707
78784000,0.013279524,5.51684,-5.0024366,0.07506163,-3.1417093,0.022757726
78792000,0.013782742,5.4924192,-5.002368,0.074908905,-3.1418445,0.022601334
78800000,0.014290306,5.467989,-5.002299,0.07472659,-3.1419907,0.022457505
78808000,0.014799848,5.4435487,-5.002228,0.074556254,-3.1420577,0.022294648
78816000,0.015297118,5.4191713,-5.002156,0.07430537,-3.1420822,0.0221545
78824000,0.015795942,5.3947835,-5.002082,0.074080646,-3.1421642,0.02207649
78832000,0.016296448,5.370385,-5.002006,0.07386065,-3.14218,0.021900319
78840000,0.01679849,5.3459764,-5.001929,0.07362946,-3.142268,0.021743055
78848000,0.017271787,5.32164,-5.001877,0.07339083,-3.142283,0.021589117
78856000,0.017747022,5.2972918,-5.0018225,0.07314207,-3.1423185,0.021436835
78864000,0.018223884,5.2729325,-5.0017657,0.072889455,-3.142368,0.021313796
78872000,0.018704781,5.2485623,-5.001708,0.072666615,-3.1424313,0.021142947
78880000,0.01916408,5.2242503,-5.0016546,0.07239294,-3.142367,0.020974353
78888000,0.019625448,5.1999264,-5.0015993,0.07218821,-3.1423142,0.020824734
78896000,0.020089118,5.1755915,-5.0015426,0.07198262,-3.142272,0.020677939
78904000,0.020554842,5.1512456,-5.0014887,0.07175802,-3.1422298,0.020528533
78912000,0.020991135,5.126967,-5.0014396,0.07146921,-3.1421235,0.020408202
78920000,0.021429703,5.1026764,-5.0013885,0.07125843,-3.1419756,0.020296471
78928000,0.021870896,5.0783744,-5.0013356,0.07105067,-3.1419127,0.020166906
78936000,0.022314364,5.0540605,-5.0012803,0.07079446,-3.1418235,0.020107243
78944000,0.022738535,5.0298142,-5.0012217,0.07049067,-3.1416447,0.01997673
78952000,0.023164764,5.005555,-5.001177,0.07021083,-3.1415524,0.01983003
78960000,0.023593143,4.981284,-5.00113,0.06996489,-3.141465,0.019728066
78968000,0.024023818,4.9570007,-5.001081,0.06972336,-3.1413748,0.019608822
78976000,0.024429986,4.9327927,-5.0010343,0.06945725,-3.1411703,0.01948348
78984000,0.02483864,4.9085712,-5.0009856,0.069194056,-3.1410563,0.019285018
78992000,0.02524973,4.8843374,-5.000936,0.06894294,-3.1408987,0.019069683
79000000,0.025663067,4.8600907,-5.0008883,0.068667226,-3.1407394,0.019017795
79008000,0.026080942,4.8358326,-5.0008383,0.06846021,-3.1405802,0.018906003
79016000,0.026478667,4.81165,-5.0007977,0.06812941,-3.140381,0.018755605
79024000,0.026878426,4.787454,-5.000756,0.06781186,-3.1401396,0.01858763
79032000,0.02728008,4.763245,-5.000712,0.06748731,-3.139941,0.018487468
79040000,0.027683767,4.739024,-5.000666,0.06722377,-3.1396978,0.018354738
79048000,0.028075006,4.714873,-5.0005836,0.06692805,-3.139395,0.018235369
79056000,0.028468618,4.6907086,-5.0005,0.06668111,-3.139113,0.018135117
79064000,0.028864536,4.6665316,-5.000416,0.0663703,-3.138858,0.018025631
79072000,0.029262401,4.642341,-5.000331,0.06608627,-3.1386876,0.01793986
79080000,0.02963288,4.6182227,-5.000261,0.065781355,-3.1383996,0.017839186
79088000,0.030006139,4.59409,-5.0001903,0.065566555,-3.1381478,0.0176989
79096000,0.030382529,4.5699434,-5.0001183,0.06533228,-3.137956,0.017610682
79104000,0.030761266,4.5457835,-5.000048,0.06502022,-3.1376448,0.017485349
79112000,0.031115498,4.5216765,-4.999995,0.06471016,-3.137352,0.017389614
79120000,0.031472452,4.497555,-4.999941,0.06441976,-3.137147,0.01731365
79128000,0.031832375,4.473419,-4.999885,0.06421354,-3.1368759,0.017204057
79136000,0.032195266,4.44927,-4.999828,0.06393658,-3.1366677,0.017103592
79144000,0.032531064,4.425154,-4.9997835,0.06361805,-3.136423,0.016977353
79152000,0.032871407,4.4010253,-4.999762,0.063281916,-3.1361701,0.016850531
79160000,0.03321436,4.3768826,-4.999738,0.06297821,-3.1359189,0.016714297
79168000,0.033559937,4.352726,-4.9997125,0.062641725,-3.1357045,0.016595675
79176000,0.033873815,4.3286047,-4.999697,0.06226913,-3.1354997,0.016477428
79184000,0.03419043,4.3044686,-4.9996796,0.06191913,-3.135291,0.016319728
79192000,0.03450998,4.280319,-4.99966,0.061617337,-3.135022,0.016241947
79200000,0.03483233,4.2561564,-4.999635,0.061278414,-3.1347938,0.016095623
79208000,0.03512674,4.2320237,-4.9996233,0.0609477,-3.1345966,0.01592707
79216000,0.03542416,4.2078767,-4.9996095,0.060581036,-3.1343708,0.015817096
79224000,0.035726435,4.183717,-4.9995937,0.06026421,-3.134112,0.01565887
79232000,0.03603173,4.159544,-4.9995766,0.059928793,-3.1339242,0.015450763
79240000,0.036304954,4.135389,-4.9995723,0.05952295,-3.1337295,0.015371827
79248000,0.03658132,4.1112194,-4.999528,0.059187196,-3.133614,0.015248841
79256000,0.03686083,4.087036,-4.999482,0.058847114,-3.1334512,0.015092741
79264000,0.03714334,4.0628395,-4.999436,0.058504425,-3.1333017,0.01493246
79272000,0.03742892,4.0386295,-4.9993887,0.058204465,-3.1331623,0.014797943
79280000,0.037674967,4.014453,-4.999353,0.05780125,-3.1330416,0.014688667
79288000,0.037926182,3.9902635,-4.9993157,0.057438374,-3.1328928,0.014581061
79296000,0.03818057,3.96606,-4.999277,0.057087433,-3.132777,0.0145079205
79304000,0.0384381,3.941843,-4.999234,0.05670926,-3.132676,0.014431188
79312000,0.038669262,3.9176605,-4.9991946,0.056300245,-3.1325235,0.0143627245
79320000,0.038903814,3.8934643,-4.999154,0.055963516,-3.1323593,0.014216906
79328000,0.039141938,3.8692546,-4.9991126,0.05563266,-3.1321952,0.014146546
79336000,0.039383166,3.8450317,-4.9990697,0.055245947,-3.1320841,0.014027752
79344000,0.0395942,3.8208308,-4.999025,0.05485136,-3.1319945,0.013986247
79352000,0.039808642,3.7966158,-4.998947,0.05444607,-3.1318955,0.01389852
79360000,0.040028263,3.7723877,-4.9988694,0.05406366,-3.1318176,0.013847373
79368000,0.040251076,3.748146,-4.9987917,0.053696413,-3.1316977,0.013718784
79376000,0.04046535,3.7239208,-4.998709,0.05330142,-3.1315956,0.013677498
79384000,0.04068282,3.6996818,-4.9986258,0.052936748,-3.1315217,0.013634616
79396000,0.040903214,3.6754293,-4.9985423,0.052524325,-3.1314135,0.013552066
79400000,0.04112619,3.6511636,-4.998458,0.052123804,-3.1313756,0.013505714
79408000,0.041327283,3.6269264,-4.998372,0.051691208,-3.1312978,0.013410463
79416000,0.04153098,3.6026754,-4.9982867,0.05126238,-3.131227,0.013275314
79424000,0.04173742,3.5784109,-4.9982014,0.050860412,-3.1311486,0.013189413
79432000,0.041948687,3.554134,-4.998116,0.05047275,-3.1310968,0.013124909
79440000,0.042128433,3.529906,-4.99804,0.050038055,-3.1309881,0.013049213
79448000,0.042311173,3.505664,-4.997947,0.049633086,-3.130923,0.012931254
79456000,0.042497143,3.4814084,-4.997854,0.049279578,-3.1308806,0.012831607
79464000,0.04268641,3.4571388,-4.9977617,0.048945602,-3.1308777,0.012740621
79472000,0.042851713,3.4329093,-4.997675,0.04857228,-3.1308208,0.0126548
79480000,0.043020178,3.4086654,-4.997588,0.048140112,-3.1307616,0.012592977
79488000,0.04319166,3.3844075,-4.997501,0.04776164,-3.1307137,0.012501113
79496000,0.04336617,3.360136,-4.997414,0.04733541,-3.1306481,0.01240975
79504000,0.04351654,3.3359046,-4.99731,0.0469588,-3.1305623,0.012327562
79512000,0.043670375,3.311659,-4.997206,0.04655427,-3.1304908,0.012248663
79520000,0.043827124,3.2874,-4.997103,0.04610498,-3.1303961,0.012120594
79528000,0.043986637,3.263127,-4.997001,0.045705557,-3.130326,0.011940708
79536000,0.04414896,3.2388406,-4.9968996,0.045274407,-3.1303298,0.011819334
79544000,0.04428961,3.214609,-4.996805,0.04482439,-3.1302497,0.011723124
79552000,0.04443311,3.1903632,-4.9967246,0.044415817,-3.1302204,0.011630571
79560000,0.044579566,3.1661031,-4.996644,0.04403209,-3.1301427,0.011484885
79568000,0.044731338,3.1418304,-4.9965644,0.043672238,-3.1300063,0.011328367
79576000,0.044851474,3.117611,-4.9964967,0.043229114,-3.1299307,0.011227793
79584000,0.04497461,3.0933774,-4.996428,0.04279383,-3.129775,0.011124766
79592000,0.04510055,3.0691302,-4.99636,0.042337745,-3.129636,0.010981308
79600000,0.045229085,3.0448697,-4.9962993,0.041893426,-3.1295316,0.010813588
79608000,0.0453354,3.0206566,-4.996255,0.04145837,-3.1294165,0.01071022
79616000,0.045444794,2.9964297,-4.9962096,0.041034114,-3.1292527,0.01060227
79624000,0.045557097,2.9721887,-4.996164,0.04057677,-3.1291842,0.010444211
79632000,0.04567205,2.947934,-4.996117,0.040175103,-3.1290298,0.010368039
79640000,0.045781884,2.923729,-4.9960785,0.039792333,-3.1288345,0.010262727
79648000,0.045894794,2.8995097,-4.996033,0.039396476,-3.128688,0.010174539
79656000,0.046010476,2.8752768,-4.9959865,0.03899357,-3.1285443,0.0101133445
79664000,0.046128664,2.8510303,-4.9959393,0.038563754,-3.1283915,0.010067775
79672000,0.046244223,2.8268197,-4.995904,0.038187265,-3.1281533,0.0100078415
79680000,0.046362486,2.8025959,-4.9958673,0.03782094,-3.12785,0.009978452
79688000,0.046483528,2.7783601,-4.9958296,0.037461527,-3.1275122,0.009933554
79696000,0.04660713,2.7541127,-4.9957905,0.03708772,-3.1270905,0.009836782
79704000,0.04672023,2.7299166,-4.9957705,0.036725126,-3.1265824,0.009740165
79712000,0.04683811,2.7057102,-4.995749,0.036361396,-3.1260042,0.009619165
79720000,0.046958264,2.6814938,-4.9957266,0.03596246,-3.1253853,0.009592021
79728000,0.04708086,2.6572683,-4.9957023,0.035630412,-3.1246614,0.00956386
79736000,0.04720856,2.6330981,-4.9957113,0.035273235,-3.1237817,0.009443491
79744000,0.047338303,2.6089203,-4.995719,0.034894153,-3.122839,0.009262295
79752000,0.047469936,2.5847352,-4.995709,0.034518495,-3.1218371,0.00909606
79760000,0.047603313,2.5605443,-4.9956985,0.03413121,-3.120627,0.008904852
79768000,0.047726877,2.5364146,-4.995715,0.033730403,-3.119287,0.0086972155
79776000,0.047851894,2.5122812,-4.995731,0.033310406,-3.117777,0.008443423
79784000,0.047980484,2.4881458,-4.995746,0.03292425,-3.1161294,0.008245162
79792000,0.048110873,2.4640093,-4.995761,0.032565165,-3.114357,0.007946929
79800000,0.04824264,2.4398727,-4.9957714,0.03216999,-3.1124542,0.007698402
79808000,0.0483651,2.4158173,-4.995809,0.03179692,-3.1102972,0.0073554763
79816000,0.048489198,2.3917644,-4.9958467,0.031442087,-3.1079974,0.0069617904
79824000,0.048614923,2.367715,-4.9958844,0.031092167,-3.1055348,0.0066516595
79832000,0.048742324,2.3436713,-4.9959216,0.030759748,-3.1028092,0.006291146
79840000,0.04884635,2.3197129,-4.9959865,0.030427122,-3.0999184,0.005918395
79848000,0.048953906,2.2957625,-4.9960656,0.030026134,-3.096813,0.0055422136
79856000,0.04906302,2.2718225,-4.9961443,0.029670885,-3.0935056,0.0050967103
79864000,0.049173728,2.247894,-4.996223,0.029317172,-3.0899582,0.004673597
79872000,0.04926388,2.2240555,-4.9963374,0.028950945,-3.0862362,0.0041976757
79880000,0.04935586,2.2002313,-4.996451,0.028601147,-3.0822632,0.0037096941
79888000,0.049449548,2.1764238,-4.996565,0.028213495,-3.07808,0.0032317818
79896000,0.04954483,2.1526346,-4.9966784,0.027885837,-3.0736833,0.0027262906
79904000,0.0496024,2.128947,-4.996824,0.027512874,-3.06897,0.0021819575
79912000,0.04966232,2.1052809,-4.9969697,0.027186057,-3.0640519,0.001621082
79920000,0.04972529,2.0816386,-4.997115,0.026808089,-3.0590043,0.0011450865
79928000,0.049790114,2.0580208,-4.99726,0.026428225,-3.0537317,0.00063873717
79936000,0.04981144,2.0345025,-4.997428,0.025991065,-3.0480914,0.00014074615
79944000,0.049835153,2.0110128,-4.9975953,0.025606943,-3.0422544,-0.0003491326
79952000,0.04986115,1.9875536,-4.9977684,0.025217898,-3.0362673,-0.00090377213
79960000,0.04988959,1.9641271,-4.9979405,0.024861898,-3.0299916,-0.0013846196
79968000,0.049877744,1.940808,-4.998126,0.024414713,-3.0234044,-0.0018986906
79976000,0.04986838,1.9175249,-4.9983106,0.023985365,-3.0166404,-0.0023899598
79984000,0.049861383,1.8942803,-4.998495,0.023551969,-3.0096009,-0.0029175784
79992000,0.049856238,1.8710757,-4.9986787,0.023151489,-3.002371,-0.0033955276
80000000,0.049821373,1.8479832,-4.998876,0.022737812,-2.994831,-0.003807575
80008000,0.049789216,1.8249345,-4.9990716,0.02229926,-2.9870684,-0.004217547
80016000,0.049759287,1.8019315,-4.999266,0.021820368,-2.979095,-0.004586976
80024000,0.04973159,1.7789763,-4.9994593,0.021410272,-2.9709349,-0.005006624
80032000,0.049706444,1.7560709,-4.999652,0.021031434,-2.9625552,-0.0054562166
80040000,0.049663477,1.7333108,-4.999869,0.02065078,-2.9539192,-0.005900406
80048000,0.049623348,1.7106029,-5.000079,0.020250406,-2.945084,-0.006315692
80056000,0.049585503,1.687949,-5.0002885,0.019817434,-2.9359996,-0.0067184563
80064000,0.04954761,1.6653508,-5.000496,0.019421127,-2.9266756,-0.0070955087
80072000,0.049484875,1.6429288,-5.0007215,0.019068487,-2.9170487,-0.0074515357
80080000,0.049425304,1.6205658,-5.000945,0.01871685,-2.9072056,-0.007793475
80088000,0.049368452,1.5982636,-5.001167,0.018309096,-2.8971543,-0.008141886
80096000,0.049314078,1.5760243,-5.001387,0.017930431,-2.8868914,-0.008539988
80104000,0.049238626,1.5539854,-5.001635,0.017509643,-2.8763132,-0.008851964
80112000,0.049165964,1.5320113,-5.0018806,0.017132478,-2.865547,-0.009159976
80120000,0.049096134,1.510104,-5.002124,0.016797457,-2.8546078,-0.009489241
80128000,0.04902543,1.4882638,-5.002364,0.016486801,-2.84346,-0.009759669
80136000,0.04893438,1.4666343,-5.002634,0.016162654,-2.831994,-0.010003913
80144000,0.048846643,1.4450755,-5.0029006,0.015823198,-2.820274,-0.010236871
80152000,0.048762128,1.4235897,-5.0031514,0.015472311,-2.8084252,-0.010460745
80160000,0.04868057,1.4021783,-5.003399,0.015135926,-2.7964387,-0.010615125
80168000,0.0485732,1.3809774,-5.00367,0.014772301,-2.7841122,-0.010816172
80176000,0.0484692,1.3598529,-5.0039377,0.014407303,-2.77162,-0.010953253
80184000,0.04836812,1.3388066,-5.0042014,0.014018247,-2.7589176,-0.01105672
80192000,0.048269812,1.3178407,-5.004461,0.013629392,-2.746062,-0.01110268
80200000,0.048143655,1.2970951,-5.004746,0.01326984,-2.73294,-0.011197631
80208000,0.04802104,1.276431,-5.0050263,0.012941665,-2.719666,-0.0112573
80216000,0.04790178,1.2558504,-5.005302,0.012604797,-2.706184,-0.011253677
80224000,0.047785882,1.2353551,-5.0055723,0.012270851,-2.692607,-0.011267192
80232000,0.047655173,1.2151043,-5.0058665,0.011879377,-2.6788065,-0.011278851
80240000,0.04752763,1.1949395,-5.006155,0.011532431,-2.6647527,-0.011254735
80248000,0.047403194,1.174863,-5.006459,0.011200005,-2.6505318,-0.011168227
80256000,0.047282185,1.1548766,-5.006757,0.010915777,-2.636203,-0.011096825
80264000,0.047145605,1.1351434,-5.007064,0.010638931,-2.6216009,-0.011005144
80272000,0.047005273,1.1154984,-5.0073633,0.010295692,-2.606799,-0.010863224
80280000,0.046868112,1.0959457,-5.0076556,0.009976552,-2.5919864,-0.010737573
80288000,0.04673462,1.0764868,-5.007941,0.0097344965,-2.5769634,-0.01055987
80296000,0.046580862,1.0572801,-5.008242,0.009396145,-2.5616322,-0.010350747
80304000,0.046430644,1.0381684,-5.008521,0.009114898,-2.5462132,-0.010116858
80312000,0.046284124,1.0191535,-5.008793,0.008828013,-2.5306702,-0.009887627
80320000,0.04614094,1.0002365,-5.009057,0.008506269,-2.5150752,-0.0096650515
80328000,0.04600106,0.9814186,-5.009315,0.008240651,-2.4994035,-0.009438935
80336000,0.04584627,0.96287376,-5.00958,0.007925204,-2.483422,-0.009134646
80344000,0.045695025,0.9444283,-5.0098376,0.007683711,-2.4673712,-0.008795331
80352000,0.045547575,0.92608345,-5.0100803,0.0074397447,-2.4512675,-0.008476792
80360000,0.045403756,0.9078406,-5.0103154,0.0072050407,-2.4349804,-0.0080924565
80368000,0.045257505,0.8898595,-5.0105634,0.0069908076,-2.4184418,-0.007739799
80376000,0.0451148,0.8719811,-5.010803,0.006735165,-2.401842,-0.007327961
80384000,0.044975504,0.85420674,-5.011035,0.006504076,-2.3851728,-0.006945564
80392000,0.0448395,0.8365377,-5.0112586,0.0062517873,-2.3683846,-0.0065490585
80400000,0.04471357,0.819145,-5.0114775,0.006016338,-2.3513598,-0.006113053
80408000,0.04459089,0.80185753,-5.0116878,0.005835355,-2.3343272,-0.005581594
80416000,0.044471376,0.7846765,-5.011889,0.0056197797,-2.317186,-0.005191188
80424000,0.044354897,0.7676031,-5.0120826,0.005469836,-2.300007,-0.004706849
80432000,0.044241883,0.7508022,-5.0122943,0.0053764805,-2.2825775,-0.0042582005
80440000,0.04413225,0.7341092,-5.012497,0.0052102837,-2.2650583,-0.0038100982
80448000,0.04402577,0.7175253,-5.0126734,0.0050352737,-2.2474935,-0.0033424334
80456000,0.043922223,0.70105135,-5.0128417,0.004870406,-2.2299116,-0.0028624102
80464000,0.043792434,0.6848418,-5.013024,0.0047670496,-2.2121372,-0.0022959805
80472000,0.04366633,0.6687419,-5.013197,0.004603521,-2.1943755,-0.001776472
80480000,0.043543965,0.6527522,-5.013361,0.0044855913,-2.1765769,-0.0012305639
80488000,0.04342513,0.6368744,-5.013516,0.0043334356,-2.1586375,-0.00068993715
80496000,0.043288674,0.6212692,-5.013673,0.004224054,-2.1405475,-0.00017971279
80504000,0.04315638,0.60577554,-5.013823,0.0041229045,-2.1224253,0.0003202019
80512000,0.043027926,0.5903943,-5.0139647,0.003976656,-2.104298,0.0008134806
80520000,0.042903252,0.5751262,-5.014098,0.0038841509,-2.0861773,0.0013271535
80528000,0.042759385,0.56013626,-5.0142283,0.0037349146,-2.0678585,0.0018672625
80536000,0.04261946,0.5452589,-5.014349,0.0035909605,-2.049519,0.0024726663
80544000,0.04248359,0.53049475,-5.014461,0.003512958,-2.0311906,0.0030448707
80552000,0.042351667,0.5158447,-5.014586,0.0033559506,-2.0128455,0.0035839337
80560000,0.04220003,0.5014856,-5.01471,0.0032388708,-1.9943544,0.004137428
80568000,0.04205279,0.4872391,-5.014824,0.003140583,-1.9758924,0.004717249
80576000,0.041910004,0.47310588,-5.014929,0.003087609,-1.957402,0.0052752756
80584000,0.041771848,0.45908695,-5.0150247,0.0030350059,-1.9389135,0.0058585526
80592000,0.041638054,0.44518295,-5.015111,0.0029685711,-1.9204077,0.0064566154
80600000,0.04147094,0.43156862,-5.0151997,0.0029118804,-1.901773,0.0070106117
80608000,0.041308884,0.41806775,-5.0152793,0.0028502974,-1.883153,0.007587413
80616000,0.0411518,0.40468112,-5.01535,0.0028281417,-1.8645451,0.008143566
80624000,0.040999487,0.39140952,-5.0154114,0.002708134,-1.8458911,0.008688325
80632000,0.040793825,0.37842718,-5.015491,0.0025296782,-1.827124,0.009225213
80640000,0.040593285,0.3655585,-5.015561,0.0023964983,-1.8083634,0.009729653
80648000,0.04039785,0.35280395,-5.015616,0.0023063214,-1.7896932,0.010281858
80656000,0.040207535,0.34016386,-5.015662,0.0021831363,-1.7710137,0.010819571
80664000,0.039957486,0.3278106,-5.015728,0.0020208405,-1.7521648,0.011381341
80672000,0.039713237,0.31557065,-5.015784,0.001882914,-1.7333596,0.011886771
80680000,0.039474905,0.3034447,-5.0158315,0.0017820937,-1.7145743,0.012414104
80688000,0.039242566,0.29143304,-5.01587,0.0017246573,-1.695882,0.012901793
80696000,0.03894786,0.2796914,-5.015925,0.001540479,-1.6771489,0.013404553
80704000,0.038659506,0.2680617,-5.0159526,0.0013614413,-1.6584563,0.013957861
80712000,0.0383772,0.25654486,-5.015971,0.0011630692,-1.6397309,0.014473618
80720000,0.038100637,0.24514146,-5.0159817,0.0009582046,-1.6210742,0.014926388
80728000,0.037758514,0.23399611,-5.016016,0.0007606102,-1.6023569,0.01541645
80736000,0.03742306,0.22296242,-5.0160413,0.0005039653,-1.5836927,0.015979206
80744000,0.03709394,0.21204081,-5.0160575,0.0002794168,-1.5650902,0.016449628
80752000,0.036771327,0.20123161,-5.016071,0.00011104357,-1.5465375,0.016945342
80760000,0.036402367,0.1906742,-5.016108,-6.583982e-05,-1.5279198,0.017386809
80768000,0.036040958,0.18022782,-5.016136,-0.00022009964,-1.509323,0.017828599
80776000,0.035686687,0.16989268,-5.0161552,-0.00040641153,-1.4908442,0.018231528
80784000,0.035339415,0.15966885,-5.016166,-0.0005654816,-1.4724439,0.018622193
80792000,0.03494022,0.14969216,-5.016201,-0.0008313975,-1.4539909,0.019078134
80800000,0.03454803,0.13982512,-5.0162277,-0.0010764601,-1.4355992,0.019500706
80808000,0.0341633,0.13006808,-5.0162454,-0.0012406809,-1.417268,0.019942544
80816000,0.033785764,0.120420836,-5.016254,-0.0014302458,-1.399095,0.020379717
80824000,0.033352464,0.111019455,-5.0162687,-0.0016239736,-1.3808495,0.020831317
80832000,0.03292728,0.10172605,-5.016275,-0.0018141281,-1.3626822,0.021207042
80840000,0.03250991,0.092540674,-5.0162725,-0.0020360593,-1.3446025,0.021572521
80848000,0.032100108,0.08346355,-5.0162525,-0.0022150981,-1.326557,0.02196546
80856000,0.031698044,0.074495055,-5.016225,-0.0023738798,-1.308613,0.02237318
80864000,0.03123315,0.06575927,-5.016195,-0.002687648,-1.2906326,0.0227895
80872000,0.030776061,0.05713027,-5.016157,-0.0029334256,-1.2727292,0.023146752
80880000,0.030327246,0.04860793,-5.016112,-0.0030933686,-1.2549533,0.023502935
80888000,0.02988658,0.040192183,-5.0160594,-0.0032862516,-1.2372434,0.023873558
80896000,0.029392466,0.032002028,-5.0160055,-0.0035343221,-1.2195642,0.024269063
80904000,0.028907022,0.023916308,-5.015929,-0.0037686222,-1.2019736,0.02465508
80912000,0.02843008,0.015935183,-5.0158463,-0.0039689075,-1.1844615,0.024960486
80920000,0.027961573,0.008058878,-5.015757,-0.0041963644,-1.1670096,0.025269832
80928000,0.027450996,0.0004024796,-5.0156703,-0.0044583906,-1.1495987,0.025598207
80936000,0.026949497,-0.0071514016,-5.015577,-0.004624334,-1.1323063,0.025847351
80944000,0.02645711,-0.014603107,-5.0154777,-0.0048026727,-1.115174,0.026119614
80952000,0.025973339,-0.021953102,-5.0153694,-0.005049074,-1.0981663,0.026430482
80960000,0.025451979,-0.029078845,-5.015253,-0.0052517434,-1.081035,0.02668709
80968000,0.024940098,-0.036103874,-5.015131,-0.005404339,-1.0639759,0.026963346
80976000,0.024437314,-0.043028496,-5.0150037,-0.0056168605,-1.0471133,0.027221518
80984000,0.023943352,-0.049853556,-5.0148706,-0.005752882,-1.0303998,0.027491758
80992000,0.023403352,-0.056472477,-5.0147285,-0.005968782,-1.013651,0.02771664
81000000,0.022872476,-0.06299364,-5.0145645,-0.0062155006,-0.9970317,0.02798707
81008000,0.022350978,-0.069417074,-5.014396,-0.006329965,-0.98049647,0.028188126
81016000,0.021839237,-0.075742714,-5.0142236,-0.0064396416,-0.9640603,0.028401824
81024000,0.021279888,-0.08187009,-5.014049,-0.006625086,-0.94764495,0.028643172
81032000,0.020730678,-0.08790155,-5.0138702,-0.0067448374,-0.9313422,0.028897064
81040000,0.02019158,-0.09383747,-5.0136867,-0.0068662353,-0.9151886,0.029083572
81048000,0.019662302,-0.0996783,-5.013521,-0.0070083127,-0.89917696,0.029312456
81056000,0.01908415,-0.10534062,-5.0133533,-0.0072037643,-0.8831394,0.029596115
81064000,0.018516269,-0.11090931,-5.0131807,-0.0073459405,-0.8672725,0.029748935
81072000,0.017958786,-0.11638495,-5.0130043,-0.0074554603,-0.85151774,0.029907798
81080000,0.017411506,-0.12176763,-5.0128236,-0.0075835013,-0.8358663,0.029974448
81088000,0.016808445,-0.12698826,-5.0126476,-0.007759133,-0.82029706,0.030074866
81096000,0.016215816,-0.13211787,-5.0124683,-0.007958124,-0.8048699,0.030140279
81104000,0.015633715,-0.13715667,-5.012282,-0.008087218,-0.78954,0.030196393
81112000,0.015062341,-0.14210501,-5.0120926,-0.008170939,-0.7743506,0.030273
81120000,0.01450155,-0.14696303,-5.0119,-0.008266581,-0.75923413,0.030326696
81128000,0.013878832,-0.15164894,-5.011704,-0.0084235985,-0.7442463,0.03030117
81136000,0.0132671995,-0.15624711,-5.011505,-0.008570988,-0.72938025,0.030306581
81144000,0.012666424,-0.16075751,-5.0113044,-0.008714046,-0.714567,0.030291837
81152000,0.012076483,-0.16518018,-5.0110846,-0.008815835,-0.69988513,0.030318769
81160000,0.0114218425,-0.1694379,-5.0108643,-0.008966792,-0.6852793,0.030376893
81168000,0.010778944,-0.17361017,-5.0106416,-0.00909566,-0.670806,0.03040414
81176000,0.010147574,-0.17769742,-5.0104175,-0.009225193,-0.65648156,0.030396907
81184000,0.009527773,-0.18170013,-5.0101914,-0.009279144,-0.64226145,0.030400839
81192000,0.008841294,-0.18554094,-5.0099688,-0.009382813,-0.6281144,0.030264955
81200000,0.008167185,-0.18929914,-5.009754,-0.009536982,-0.6140739,0.03015137
81208000,0.007505137,-0.19297488,-5.0095387,-0.009620849,-0.6001308,0.03007356
81216000,0.0068553733,-0.19656876,-5.009322,-0.009712038,-0.58637404,0.029983208
81224000,0.0061403606,-0.20002104,-5.009112,-0.009852931,-0.5726799,0.02988038
81232000,0.0054381103,-0.20339346,-5.0089,-0.009985879,-0.5591141,0.029818323
81240000,0.0047486294,-0.20668674,-5.008687,-0.010070559,-0.5457459,0.029709278
81248000,0.004071649,-0.2099012,-5.0084686,-0.010183698,-0.53242636,0.029613767
81256000,0.0033303925,-0.21297021,-5.008257,-0.010289633,-0.5191777,0.029477103
81264000,0.0026025535,-0.21596216,-5.0080442,-0.010406032,-0.50606054,0.029339286
81272000,0.0018876747,-0.21887709,-5.0078316,-0.010542886,-0.49301106,0.02916578
81280000,0.0011855487,-0.22171555,-5.0076184,-0.010644425,-0.48011225,0.029049037
81288000,0.00044006103,-0.22441266,-5.00742,-0.010744385,-0.4672732,0.028889928
81296000,-0.00029184838,-0.22703548,-5.0072207,-0.010822191,-0.45464554,0.028752267
81304000,-0.0010104018,-0.2295845,-5.0070243,-0.010900392,-0.44208568,0.028600603
81312000,-0.001716006,-0.23206012,-5.006827,-0.010980424,-0.4296937,0.028462429
81320000,-0.0024590231,-0.23442031,-5.006654,-0.011013604,-0.4174374,0.028277397
81328000,-0.0031884485,-0.23670916,-5.0064797,-0.011105281,-0.40528873,0.028115556
81336000,-0.0039043925,-0.23892719,-5.0063047,-0.011111495,-0.39328295,0.027893355
81344000,-0.004606811,-0.24107501,-5.0061297,-0.011100095,-0.3814194,0.02765033
81352000,-0.00533883,-0.2431209,-5.0060096,-0.011117298,-0.36967054,0.027427765
81360000,-0.006056986,-0.24509807,-5.005888,-0.011094241,-0.3580099,0.027182965
81368000,-0.0067612426,-0.24700703,-5.0057645,-0.011026171,-0.346486,0.026960092
81376000,-0.0074516917,-0.24884826,-5.0056396,-0.010979295,-0.3351058,0.026750188
81384000,-0.008128666,-0.2506224,-5.0055127,-0.010910399,-0.32383785,0.026570762
81392000,-0.0088256365,-0.25229543,-5.005417,-0.010849676,-0.31269932,0.026350008
81400000,-0.009509052,-0.2539033,-5.0053253,-0.010799656,-0.30168787,0.026098583
81408000,-0.01017893,-0.25544643,-5.0052323,-0.01069549,-0.29082665,0.025840007
81416000,-0.010835208,-0.25692526,-5.0051374,-0.0105824955,-0.2800124,0.025656974
81424000,-0.0115070995,-0.25832078,-5.005064,-0.010513607,-0.26935175,0.025389137
81432000,-0.01216552,-0.25965345,-5.004988,-0.010410751,-0.2587962,0.025174472
81440000,-0.012810398,-0.26092365,-5.0049105,-0.010257912,-0.24837749,0.024996202
81448000,-0.0134416465,-0.26213214,-5.004809,-0.010128547,-0.23809603,0.024836268
81456000,-0.014082842,-0.2632539,-5.0047293,-0.009966507,-0.22789414,0.024571305
81464000,-0.014710356,-0.26431525,-5.0046477,-0.00980056,-0.21780317,0.024320576
81472000,-0.015324211,-0.26531702,-5.0045643,-0.009601174,-0.2078978,0.024085788
81480000,-0.015924433,-0.2662598,-5.0044794,-0.009378236,-0.19805874,0.023907648
81488000,-0.01652956,-0.26714018,-5.0044174,-0.009160909,-0.1883406,0.02372481
81496000,-0.017120805,-0.26796257,-5.004353,-0.008882033,-0.17876108,0.023521988
81504000,-0.017698286,-0.26872778,-5.004285,-0.008654486,-0.16930686,0.023263112
81512000,-0.018262232,-0.26943648,-5.0042152,-0.008358233,-0.16000094,0.02307157
81520000,-0.01886448,-0.27008685,-5.004169,-0.0081123,-0.15077509,0.02286874
81528000,-0.0194525,-0.27068192,-5.0041203,-0.007828554,-0.14170964,0.022663057
81536000,-0.020026088,-0.27122238,-5.004069,-0.0075174873,-0.13274783,0.022458347
81544000,-0.020585634,-0.27170905,-5.0040154,-0.0072246697,-0.12397782,0.022252245
81552000,-0.021185393,-0.27215698,-5.0039873,-0.006925585,-0.11530298,0.022012424
81560000,-0.021770397,-0.27255225,-5.003957,-0.006629882,-0.10674566,0.021789199
81568000,-0.022340618,-0.27289537,-5.0039234,-0.0062770927,-0.09830292,0.021559477
81576000,-0.022896053,-0.27318698,-5.003888,-0.005913248,-0.090008855,0.021285698
81584000,-0.023496928,-0.27343768,-5.003861,-0.0055749295,-0.08190843,0.020989396
81592000,-0.02408248,-0.27363852,-5.003832,-0.005261708,-0.0738423,0.020750558
81600000,-0.024653258,-0.27378947,-5.00381,-0.004981799,-0.0658486,0.020522734
81608000,-0.025209531,-0.27389133,-5.003786,-0.0046765446,-0.058016684,0.020285895
81616000,-0.025807647,-0.27396125,-5.00376,-0.004386662,-0.050310027,0.020076485
81624000,-0.026390377,-0.27398312,-5.0037313,-0.0040409784,-0.04267354,0.019854657
81632000,-0.026957449,-0.27395728,-5.0037003,-0.003630306,-0.035123385,0.019669637
81640000,-0.027508827,-0.27388433,-5.003667,-0.0032191507,-0.027694426,0.01948491
81648000,-0.028044919,-0.27376494,-5.0036325,-0.0028637105,-0.020402335,0.01930476
81656000,-0.0286152,-0.2736221,-5.0036016,-0.0025114822,-0.013268599,0.019157248
81664000,-0.029169858,-0.27343398,-5.003568,-0.0021437027,-0.0061870795,0.018981412
81672000,-0.029709432,-0.27320087,-5.003533,-0.0018265061,0.0008108415,0.01875603
81680000,-0.030233962,-0.27292338,-5.0034957,-0.0013943275,0.0076918975,0.018606976
81688000,-0.030786052,-0.27263403,-5.0034633,-0.0010240127,0.014421858,0.018392779
81696000,-0.031322636,-0.27230138,-5.0034285,-0.00062343956,0.021008542,0.01825885
81704000,-0.03184363,-0.27192634,-5.0034027,-0.00020161673,0.027496303,0.018083226
81712000,-0.03234929,-0.27150914,-5.003375,0.00022275822,0.033923194,0.017910173
81720000,-0.032878518,-0.27108756,-5.003347,0.0006299722,0.04016646,0.017787969
81728000,-0.03339197,-0.27062497,-5.0033164,0.0010795002,0.046295825,0.017659808
81736000,-0.033889767,-0.27012187,-5.0032835,0.0015361793,0.052357722,0.017542724
81744000,-0.0343722,-0.26957873,-5.0032487,0.0019616242,0.058323838,0.017402336
81752000,-0.034878604,-0.26903957,-5.003219,0.0023785888,0.064138405,0.017249258
81760000,-0.03536923,-0.26846096,-5.003188,0.002868885,0.06990481,0.017112644
81768000,-0.03584404,-0.2678432,-5.0031548,0.0033233636,0.075589,0.016940378
81776000,-0.036303334,-0.26718682,-5.00312,0.0038188745,0.08120386,0.01680199
81784000,-0.03678588,-0.26652607,-5.0030994,0.0042461245,0.08660702,0.016700549
81792000,-0.03725299,-0.26582822,-5.003077,0.0046849507,0.09192716,0.01656468
81800000,-0.037704337,-0.2650934,-5.003043,0.00522149,0.09721947,0.01643307
81808000,-0.038139977,-0.264322,-5.003008,0.005706893,0.10237975,0.016256854
81816000,-0.038600113,-0.26355025,-5.002984,0.0061528874,0.10740521,0.01612287
81824000,-0.039044727,-0.262743,-5.0029583,0.006606315,0.1123536,0.015998213
81832000,-0.039474204,-0.26190063,-5.0029306,0.0070207645,0.117257394,0.01583319
81840000,-0.0398883,-0.26102358,-5.002901,0.007568663,0.12208935,0.015668483
81848000,-0.040313073,-0.2601503,-5.0028586,0.008122355,0.12675275,0.015509753
81856000,-0.04072189,-0.25924355,-5.002815,0.00866135,0.13130453,0.015396918
81864000,-0.041115187,-0.25830376,-5.0027695,0.009178906,0.13579707,0.015264309
81872000,-0.041493144,-0.25733155,-5.002723,0.0097092055,0.14018525,0.015159227
81880000,-0.04188281,-0.25635847,-5.002673,0.010191307,0.14447264,0.015034755
81888000,-0.042257134,-0.25535366,-5.002622,0.010753829,0.14869986,0.014887699
81896000,-0.04261601,-0.2543176,-5.00257,0.011283325,0.15285441,0.014758766
81904000,-0.042959724,-0.253251,-5.002523,0.011862173,0.15691674,0.014599849
81912000,-0.043288294,-0.2521541,-5.002475,0.01242454,0.16093336,0.014488734
81920000,-0.043626733,-0.25107628,-5.0024157,0.0129551655,0.16481216,0.014395216
81928000,-0.04395025,-0.24996863,-5.0023556,0.0134895,0.16864593,0.014280185
81936000,-0.044258952,-0.24883166,-5.0022945,0.014051049,0.17240235,0.014215673
81944000,-0.044552784,-0.24766584,-5.002232,0.014632133,0.17608896,0.014141695
81952000,-0.044868786,-0.24652714,-5.0021253,0.01515394,0.17964986,0.013978312
81960000,-0.045170043,-0.24535987,-5.0020194,0.015658606,0.18317668,0.013849294
81968000,-0.045456883,-0.24416465,-5.0019145,0.016148303,0.18656494,0.013738813
81976000,-0.04572943,-0.24294229,-5.0018096,0.016686963,0.1899197,0.013606383
81984000,-0.04602986,-0.24174705,-5.0017056,0.017261798,0.19317849,0.013459775
81992000,-0.046314858,-0.24052462,-5.0016026,0.01784806,0.19637777,0.013343612
82000000,-0.046584647,-0.23927575,-5.001493,0.018427273,0.19945426,0.01325774
82008000,-0.046839703,-0.23800088,-5.0013833,0.01897757,0.20252709,0.013166769
82016000,-0.04712069,-0.23675668,-5.0012827,0.01951151,0.20538664,0.013066004
82024000,-0.047386575,-0.23548737,-5.0011826,0.02006943,0.20820802,0.012906414
82032000,-0.04763717,-0.23419327,-5.0010834,0.020690503,0.21096984,0.0127534615
82040000,-0.04787266,-0.23287477,-5.000985,0.021274276,0.21369322,0.012605383
82048000,-0.048129033,-0.2316024,-5.000912,0.021807339,0.21626905,0.012428736
82056000,-0.048370093,-0.2303055,-5.0008397,0.022442847,0.21884973,0.012209474
82064000,-0.048595738,-0.22898449,-5.0007677,0.023030216,0.22137375,0.012046829
82072000,-0.048806522,-0.22764008,-5.0006967,0.023595955,0.22378743,0.011872635
82080000,-0.049053643,-0.22635971,-5.000639,0.024067419,0.22610922,0.011679468
82088000,-0.049289595,-0.22505563,-5.0005813,0.02461462,0.22838432,0.011484904
82096000,-0.049510505,-0.2237285,-5.000524,0.025135169,0.23057595,0.011362128
82104000,-0.049716663,-0.2223786,-5.0004654,0.025672063,0.2327772,0.011149666
82112000,-0.0499466,-0.22108668,-5.000421,0.026167009,0.23479886,0.010926909
82120000,-0.05016149,-0.21977225,-5.000377,0.02670944,0.23677734,0.010670581
82128000,-0.050361406,-0.21843553,-5.0003343,0.027226761,0.23870789,0.010508747
82136000,-0.050546855,-0.21707739,-5.0002913,0.027711382,0.240557,0.0103420885
82144000,-0.050769657,-0.2157642,-5.000254,0.028189212,0.24233317,0.010203226
82152000,-0.050977148,-0.21442941,-5.0002213,0.028725117,0.24408762,0.010049278
82160000,-0.05117288,-0.21307363,-5.000188,0.02922253,0.2457275,0.009870426
82168000,-0.05135384,-0.21169738,-5.0001545,0.029732827,0.24738307,0.0097071435
82176000,-0.05152015,-0.21030094,-5.0001216,0.0302483,0.2489947,0.009558415
82184000,-0.051712558,-0.2089586,-5.0000935,0.030736947,0.2504476,0.009438185
82192000,-0.051890146,-0.20759615,-5.0000653,0.03122681,0.25190878,0.009275675
82200000,-0.052052785,-0.2062141,-5.000039,0.031782344,0.25331166,0.009099647
82208000,-0.052200474,-0.20481296,-5.0000124,0.032338228,0.25466594,0.0089932745
82216000,-0.052393068,-0.20345803,-4.9999924,0.032794036,0.25589663,0.008854056
82224000,-0.05257086,-0.20208432,-4.999972,0.033231746,0.2570723,0.008725258
82232000,-0.0527365,-0.20069218,-4.9999514,0.033707857,0.25821233,0.0086363545
82240000,-0.052887343,-0.19928207,-4.99993,0.034195077,0.25934675,0.008587032
82248000,-0.053082787,-0.19791049,-4.9999094,0.034621682,0.26041237,0.008450203
82256000,-0.053262938,-0.19652101,-4.999889,0.035065442,0.26139992,0.008307305
82264000,-0.053428214,-0.1951142,-4.999868,0.035467017,0.26237404,0.008221599
82272000,-0.053579018,-0.19369026,-4.9998465,0.035874993,0.2633417,0.008138612
82280000,-0.053776212,-0.19230792,-4.9998302,0.03626921,0.26415902,0.008029052
82288000,-0.05395815,-0.1909089,-4.9998136,0.036656722,0.26495478,0.007914656
82296000,-0.05412517,-0.1894937,-4.9997964,0.037046153,0.26569927,0.007880417
82304000,-0.05427961,-0.18806233,-4.9997606,0.037446868,0.2664341,0.0077875135
82312000,-0.054487024,-0.18668458,-4.999744,0.037871286,0.26710626,0.007717024
82320000,-0.054678652,-0.18529063,-4.999727,0.038232304,0.26774022,0.007632314
82328000,-0.05485512,-0.1838811,-4.999709,0.038590103,0.26831365,0.0075345477
82336000,-0.055016533,-0.18245625,-4.9996915,0.038975492,0.26889747,0.0074413633
82344000,-0.05523105,-0.18108402,-4.9996943,0.03933586,0.26944754,0.0073337504
82352000,-0.05542959,-0.17969601,-4.999707,0.039700296,0.26994076,0.007236284
82360000,-0.055612464,-0.17829254,-4.999719,0.040074605,0.27043122,0.007109938
82368000,-0.055781577,-0.17687376,-4.99973,0.040438008,0.27083242,0.0070162932
82376000,-0.055989485,-0.17552808,-4.9997516,0.040771063,0.27115566,0.0068996996
82384000,-0.056181677,-0.17416726,-4.999772,0.04106763,0.2714474,0.006781692
82392000,-0.056358535,-0.17279175,-4.9997916,0.04140425,0.2717227,0.006697068
82400000,-0.05652004,-0.17140147,-4.9998236,0.041765347,0.27206656,0.0066194423
82408000,-0.056721963,-0.17009525,-4.999855,0.04208023,0.27224466,0.006484993
82416000,-0.0569082,-0.16877374,-4.999885,0.04239811,0.27240363,0.0064322785
82424000,-0.057078913,-0.16743763,-4.999913,0.04268338,0.27251118,0.006382422
82432000,-0.057234738,-0.16608737,-4.9999404,0.042972133,0.27259392,0.0063694622
82440000,-0.05737704,-0.16472277,-4.999965,0.043273613,0.27266064,0.006328485
82448000,-0.05756157,-0.16343282,-4.9999905,0.043583043,0.2726001,0.006290305
82456000,-0.057730626,-0.16212854,-5.000015,0.043860465,0.2726205,0.006157192
82464000,-0.057884254,-0.16080996,-5.0000377,0.044213187,0.27262142,0.0060837436
82472000,-0.05802242,-0.15947738,-5.0000596,0.044559844,0.27261567,0.006118741
82480000,-0.05819574,-0.15822712,-5.0000844,0.04490654,0.2724749,0.006078594
82488000,-0.058353253,-0.15696247,-5.0001073,0.04519093,0.27233753,0.0060740327
82496000,-0.05849545,-0.15568389,-5.000129,0.045514897,0.27216974,0.0060362513
82504000,-0.058622316,-0.15439163,-5.000156,0.045844436,0.2720284,0.006019327
82512000,-0.058794767,-0.15317644,-5.000187,0.046096068,0.2717157,0.005967222
82520000,-0.058951493,-0.1519474,-5.000217,0.046397667,0.27145854,0.005894122
82528000,-0.05909256,-0.15070456,-5.000245,0.046703406,0.27116114,0.005888188
82536000,-0.059218254,-0.14944866,-5.000272,0.04700784,0.27080697,0.0058341264
82544000,-0.059371244,-0.1482641,-5.000297,0.047271702,0.2703729,0.005779689
82552000,-0.05950867,-0.14706583,-5.0003047,0.047583252,0.26999566,0.0057608206
82560000,-0.059630238,-0.14585434,-5.0003114,0.047935333,0.26956332,0.005781175
82568000,-0.059736323,-0.14463,-5.000317,0.048272252,0.2691714,0.0058137565
82576000,-0.05986675,-0.14348906,-5.000316,0.048564006,0.2686914,0.0058358563
82584000,-0.059982415,-0.14233364,-5.0003147,0.048857644,0.2682071,0.0058348156
82592000,-0.060082793,-0.14116475,-5.0003123,0.04915028,0.26774928,0.0058436766
82600000,-0.060168307,-0.13998273,-5.0003138,0.049428307,0.2672508,0.0058350326
82608000,-0.060267597,-0.13889849,-5.0003195,0.049734537,0.26666513,0.005857208
82616000,-0.060351703,-0.13780022,-5.000324,0.050032623,0.26608485,0.005839663
82624000,-0.060421154,-0.13668844,-5.000327,0.05031013,0.2654792,0.005818098
82632000,-0.060476102,-0.1355636,-5.0003295,0.050614197,0.26487294,0.005822834
82640000,-0.060544766,-0.13452043,-5.000338,0.0508449,0.2642094,0.005819269
82648000,-0.060599502,-0.1334627,-5.000346,0.051128443,0.26354536,0.0057663755
82656000,-0.060640108,-0.13239165,-5.000353,0.051405556,0.2628192,0.0057446826
82664000,-0.060666565,-0.13130766,-5.000359,0.05172987,0.26215795,0.0057067033
82672000,-0.060688157,-0.13029811,-5.0003786,0.052028947,0.261387,0.005701914
82680000,-0.060695913,-0.12927496,-5.0003967,0.052342236,0.260663,0.0056241895
82688000,-0.060689963,-0.12823866,-5.0004134,0.052662306,0.2598672,0.005627379
82696000,-0.060670722,-0.12718973,-5.000429,0.05297791,0.25913224,0.005570013
82704000,-0.060638186,-0.1261282,-5.000437,0.05328556,0.2583858,0.005517301
82712000,-0.060596913,-0.12514748,-5.00046,0.053627085,0.25753847,0.0054600253
82720000,-0.060542576,-0.12415286,-5.000482,0.05398067,0.25674504,0.0054074894
82728000,-0.060475435,-0.12314557,-5.0005026,0.054316267,0.25588265,0.0053911363
82736000,-0.060395643,-0.12212595,-5.0005217,0.054639407,0.25509053,0.0053703245
82744000,-0.06031735,-0.1211912,-5.0005493,0.05493654,0.25420332,0.005335443
82752000,-0.0602266,-0.12024338,-5.00055,0.055287328,0.2533009,0.0053303437
82760000,-0.06012364,-0.11928264,-5.0005493,0.05557146,0.2524485,0.0052810754
82768000,-0.060008846,-0.11830953,-5.0005484,0.055901308,0.25153363,0.0052647507
82776000,-0.059888035,-0.117428124,-5.000546,0.056254685,0.25053796,0.005281847
82784000,-0.059755176,-0.11653361,-5.000542,0.056586817,0.24958,0.005297924
82792000,-0.059610635,-0.115625486,-5.000537,0.056910414,0.24861774,0.005399527
82800000,-0.05945443,-0.1147047,-5.000521,0.057279672,0.24770541,0.005403805
82808000,-0.059298713,-0.11389233,-5.0005116,0.057569843,0.24667901,0.005392105
82816000,-0.05913146,-0.11306618,-5.0005016,0.05796202,0.24566258,0.00539933
82824000,-0.058952402,-0.11222677,-5.0004907,0.058342624,0.24463578,0.0054002907
82832000,-0.05876163,-0.11137447,-5.000479,0.05875753,0.24363583,0.0054281196
82840000,-0.058545426,-0.11062954,-5.0004735,0.059139233,0.24256323,0.0054011936
82848000,-0.058318034,-0.10987077,-5.00047,0.05956739,0.24140958,0.0054325988
82856000,-0.05807939,-0.10909868,-5.000466,0.059988044,0.24033478,0.0054194923
82864000,-0.057829615,-0.108312584,-5.0004606,0.060391124,0.23926176,0.005411377
82872000,-0.057561252,-0.1076369,-5.0004716,0.06079422,0.23808572,0.0054022255
82880000,-0.057282347,-0.10694688,-5.0004816,0.06121234,0.23695879,0.0054242276
82888000,-0.056993056,-0.10624327,-5.0004897,0.061604094,0.23574063,0.0053956285
82896000,-0.05669362,-0.1055263,-5.000497,0.062025227,0.23464692,0.0053902827
82904000,-0.05639358,-0.10491534,-5.000521,0.062409785,0.23346499,0.005345507
82912000,-0.056083396,-0.10428957,-5.0005445,0.062838234,0.23229206,0.005260671
82920000,-0.055762954,-0.10364953,-5.0005665,0.06323971,0.23111625,0.0052062594
82928000,-0.05543237,-0.102994986,-5.000587,0.06363853,0.22993253,0.0051520965
82936000,-0.055099662,-0.10244167,-5.0006227,0.0640804,0.22867914,0.005109532
82944000,-0.05475669,-0.10187354,-5.0006566,0.06453308,0.22748019,0.005069354
82952000,-0.05440369,-0.10129088,-5.0007253,0.06494404,0.2262795,0.0050600516
82960000,-0.054041065,-0.10069424,-5.000791,0.0653497,0.22508752,0.00504049
82968000,-0.053668853,-0.10008367,-5.0008545,0.065760076,0.22396505,0.0050029433
82976000,-0.053296022,-0.09957841,-5.0009193,0.06613933,0.22270548,0.00497549
82984000,-0.052913964,-0.09905846,-5.000982,0.06650252,0.22144775,0.004989573
82992000,-0.05252263,-0.098524086,-5.001041,0.06691457,0.2202642,0.005016053
83000000,-0.05212171,-0.097974434,-5.0010815,0.067291915,0.21910486,0.005028964
83008000,-0.051720038,-0.09752026,-5.0011196,0.06773162,0.21788459,0.0051133786
83016000,-0.05130871,-0.09705086,-5.0011554,0.06818802,0.21662927,0.0051361006
83024000,-0.05088805,-0.096566595,-5.0011888,0.06857029,0.21546347,0.0050838226
83032000,-0.050458524,-0.09606752,-5.001221,0.06895294,0.21428794,0.0050244043
83040000,-0.050022062,-0.09565951,-5.0012493,0.069278926,0.21302111,0.0050235023
83048000,-0.049577117,-0.09523611,-5.001288,0.06965762,0.21180065,0.00503565
83056000,-0.049123745,-0.09479746,-5.0013247,0.069994174,0.2105908,0.005039811
83064000,-0.04866206,-0.09434416,-5.001359,0.07038238,0.20937526,0.004993595
83072000,-0.048195623,-0.093974985,-5.0013943,0.0707261,0.20809495,0.0050015366
83080000,-0.04772103,-0.093590386,-5.001427,0.07109962,0.20685583,0.005003783
83088000,-0.047238354,-0.09319061,-5.0014586,0.071436144,0.20563354,0.005004848
83096000,-0.046748146,-0.092775784,-5.0014877,0.07172698,0.2044759,0.0050043953
83104000,-0.046265945,-0.0924389,-5.0015025,0.07204699,0.20325914,0.0050079953
83112000,-0.04577571,-0.09208627,-5.0015163,0.07243042,0.20201312,0.005024506
83120000,-0.045277685,-0.09171855,-5.0015283,0.0727099,0.20079486,0.0050330427
83128000,-0.04477249,-0.09133573,-5.0015383,0.07297845,0.19963086,0.0050365673
83136000,-0.04428774,-0.0910236,-5.0015492,0.07324781,0.19845593,0.0050045433
83144000,-0.043794964,-0.09069442,-5.001559,0.0735485,0.197348,0.0050416673
83152000,-0.043294653,-0.09034941,-5.0015993,0.07379248,0.19618732,0.005076747
83160000,-0.042787272,-0.08998924,-5.0016375,0.07402114,0.19507495,0.0051128534
83168000,-0.04229785,-0.08969954,-5.001668,0.074272566,0.19395098,0.0051447414
83176000,-0.04180083,-0.08939325,-5.001696,0.07453065,0.19287242,0.005286556
83184000,-0.04129654,-0.0890711,-5.0017204,0.074731745,0.19170944,0.005524816
83192000,-0.040785253,-0.08873402,-5.001741,0.07496582,0.19056112,0.005716946
83200000,-0.040288866,-0.088458255,-5.0017586,0.07518813,0.18945985,0.006189898
83208000,-0.039784856,-0.088165775,-5.001769,0.07541951,0.18830524,0.0069651096
83216000,-0.039273612,-0.08785768,-5.0017705,0.07563487,0.18723992,0.008068619
83224000,-0.038755603,-0.087533794,-5.0017595,0.0757738,0.18624373,0.0095674265
83232000,-0.0382313,-0.08719419,-5.0017343,0.07596889,0.18525976,0.011263792
83240000,-0.03772257,-0.086921126,-5.0016847,0.07619323,0.1842376,0.013390363
83248000,-0.03720683,-0.08663162,-5.001618,0.07635638,0.18325897,0.015934885
83256000,-0.036684465,-0.0863255,-5.0015273,0.07654586,0.18240663,0.019006694
83264000,-0.036155377,-0.086002484,-5.0014086,0.07673732,0.18156952,0.022504628
83272000,-0.03564304,-0.085742354,-5.0012426,0.07700979,0.1807609,0.02627927
83280000,-0.03512283,-0.08546344,-5.0010443,0.077266306,0.18000388,0.030410437
83288000,-0.034595456,-0.08516649,-5.0008097,0.07747362,0.17929494,0.035011824
83296000,-0.03406128,-0.08485172,-5.0005355,0.07766979,0.17863703,0.04009879
83304000,-0.03355219,-0.084597275,-5.000202,0.077914044,0.1780025,0.04556797
83312000,-0.033035595,-0.08432334,-4.999824,0.07810509,0.17744052,0.05131637
83320000,-0.032511964,-0.084029935,-4.9993978,0.07830096,0.17694099,0.057416547
83328000,-0.031981528,-0.08371701,-4.99892,0.078464665,0.17646903,0.06392459
83336000,-0.03147014,-0.08346386,-4.9983664,0.07866906,0.17597353,0.07085851
83344000,-0.030951526,-0.08319012,-4.997755,0.07882449,0.17558207,0.07820616
83352000,-0.03042588,-0.08289498,-4.997077,0.07900678,0.17522658,0.08567162
83360000,-0.029893238,-0.08257942,-4.996339,0.079186544,0.17491138,0.093487345
83368000,-0.029358435,-0.082323216,-4.9955077,0.07939405,0.17460118,0.101665765
83376000,-0.028816683,-0.082045175,-4.994611,0.079582095,0.17435189,0.110228255
83384000,-0.028268397,-0.08174539,-4.9936447,0.07976052,0.17415017,0.11916178
83392000,-0.02771353,-0.081423655,-4.992607,0.079960495,0.17404333,0.12823004
83400000,-0.027158786,-0.081152864,-4.9914756,0.08013573,0.17385127,0.13756338
83408000,-0.026597643,-0.08085949,-4.9902687,0.08031938,0.17374305,0.147265
83416000,-0.02603031,-0.0805438,-4.988984,0.08047612,0.17358254,0.15738694
83424000,-0.025457116,-0.08020554,-4.9876184,0.08064682,0.17353421,0.16782255
83432000,-0.024888858,-0.07991024,-4.986121,0.08081376,0.17352434,0.1784509
83440000,-0.024314445,-0.07959144,-4.9845395,0.08102253,0.17350887,0.18950485
83448000,-0.023733748,-0.07924974,-4.982897,0.08121202,0.17353858,0.20082174
83456000,-0.023147283,-0.0788852,-4.9811635,0.08134364,0.17360106,0.21244477
83464000,-0.022575527,-0.07855454,-4.979288,0.08150921,0.17368999,0.22425246
83472000,-0.021997906,-0.07820033,-4.9773207,0.08161255,0.17374386,0.2360842
83480000,-0.021414818,-0.07782323,-4.9752607,0.081748486,0.17381783,0.24814305
83488000,-0.020826766,-0.07742285,-4.973105,0.0818341,0.17396417,0.26052514
83496000,-0.020233577,-0.076999806,-4.9708514,0.08194565,0.17409742,0.27325246
83504000,-0.019656884,-0.076616384,-4.968452,0.08206764,0.17424345,0.286379
83512000,-0.019074762,-0.076209694,-4.965951,0.08215098,0.17440248,0.29943883
83520000,-0.018487249,-0.07578,-4.963349,0.08228423,0.17458081,0.31261247
83528000,-0.017894292,-0.07532768,-4.960643,0.0824181,0.17475411,0.32613987
83536000,-0.017311078,-0.074922375,-4.9577622,0.08250358,0.17484036,0.3400859
83544000,-0.016723001,-0.07449413,-4.9547734,0.08252494,0.17503293,0.3543618
83552000,-0.016130088,-0.0740427,-4.9516706,0.08262299,0.17522915,0.36858186
83560000,-0.015532886,-0.07356862,-4.9484587,0.08270538,0.1753665,0.3829795
83568000,-0.014939934,-0.07314394,-4.94505,0.08273641,0.17549074,0.39780474
83576000,-0.01434218,-0.07269607,-4.9415274,0.082820535,0.17569377,0.41302082
83584000,-0.013739594,-0.072225355,-4.937889,0.08290559,0.17587195,0.42845845
83592000,-0.013132316,-0.07173212,-4.934133,0.08299015,0.17609295,0.44384015
83600000,-0.012516182,-0.07128855,-4.93016,0.08299411,0.17619051,0.45931247
83608000,-0.011896388,-0.07082239,-4.9260716,0.08299598,0.1763334,0.47490647
83616000,-0.011272802,-0.07033397,-4.9218664,0.083035015,0.17644206,0.49052942
83624000,-0.010645537,-0.069823705,-4.917545,0.083021335,0.17659838,0.505817
83632000,-0.010018976,-0.06936015,-4.91299,0.082985975,0.17671834,0.52055484
83640000,-0.009389413,-0.06887405,-4.90833,0.08290386,0.17687187,0.5348008
83648000,-0.008757234,-0.06836572,-4.9035735,0.08281784,0.17700629,0.54859066
83656000,-0.008122541,-0.06783569,-4.8987184,0.08270815,0.17715096,0.5618722
83664000,-0.0074855094,-0.06728419,-4.893769,0.08262101,0.17733732,0.57463855
83672000,-0.006849595,-0.06677982,-4.8886094,0.0825635,0.1774465,0.58669597
83680000,-0.0062110596,-0.0662538,-4.883368,0.0824973,0.17752978,0.59814805
83688000,-0.005570086,-0.06570664,-4.8780484,0.082399644,0.17762133,0.60918075
83696000,-0.0049208254,-0.06520845,-4.8725324,0.08226939,0.17764391,0.61975694
83704000,-0.004270702,-0.06468841,-4.866949,0.08219599,0.17776026,0.6297387
83712000,-0.003618772,-0.06414682,-4.8613024,0.08204854,0.17785463,0.6391162
83720000,-0.0029652724,-0.063584186,-4.8555956,0.08190811,0.1779447,0.6479903
83728000,-0.002316747,-0.063060224,-4.849716,0.08180239,0.1779371,0.65646726
83736000,-0.0016666023,-0.062515385,-4.8437862,0.08161884,0.17796911,0.6645432
83744000,-0.0010155704,-0.061950084,-4.8378096,0.08138752,0.1779992,0.67208934
83752000,-0.00036369427,-0.061364744,-4.831811,0.08115914,0.1780097,0.67905825
83760000,0.0002885276,-0.060760126,-4.8257723,0.08088709,0.17798793,0.68557364
83768000,0.00092710427,-0.060200777,-4.819611,0.08060439,0.17798486,0.6916133
83776000,0.0015661942,-0.05962152,-4.8134193,0.080334045,0.17793491,0.6972433
83784000,0.0022055227,-0.059022985,-4.8071985,0.07999752,0.1778864,0.702449
83792000,0.0028447914,-0.058405913,-4.800953,0.07968513,0.17775951,0.7071207
83800000,0.0034739024,-0.057850644,-4.794624,0.07942253,0.17759667,0.71138304
83808000,0.0041033146,-0.057276297,-4.788277,0.07906453,0.17745002,0.715279
83816000,0.004732578,-0.056683637,-4.781916,0.07873119,0.17724867,0.71876836
83824000,0.005361606,-0.05607326,-4.775543,0.07836353,0.17704579,0.72192717
83832000,0.0059790364,-0.055531457,-4.76911,0.07797939,0.17679583,0.72459906
83840000,0.0065949825,-0.05497152,-4.7626724,0.07751943,0.1764564,0.7268572
83848000,0.007210174,-0.054394,-4.756233,0.07712308,0.17617188,0.72870666
83856000,0.007824589,-0.053799473,-4.749795,0.07665523,0.17581715,0.73029625
83864000,0.008426701,-0.053284116,-4.74332,0.07619198,0.17538446,0.73158044
83872000,0.00902778,-0.052751727,-4.7368517,0.07568798,0.17486815,0.73241353
83880000,0.009627531,-0.052202884,-4.730393,0.07519471,0.17438103,0.7328981
83888000,0.010225803,-0.05163809,-4.723945,0.07464669,0.17385805,0.7330896
83896000,0.01082216,-0.051057916,-4.717511,0.074093066,0.17331718,0.73291504
83904000,0.011404279,-0.050561514,-4.711074,0.07356696,0.17265226,0.73236275
83912000,0.011984034,-0.050049484,-4.7046556,0.07298272,0.17197621,0.73150325
83920000,0.012561844,-0.049522478,-4.6982594,0.07238529,0.17126308,0.730288
83928000,0.013131998,-0.049078986,-4.691867,0.071728066,0.17041063,0.7287989
83936000,0.013699799,-0.048620734,-4.6855006,0.071088985,0.16951068,0.7269849
83944000,0.014265186,-0.048148535,-4.6791635,0.07044894,0.16857788,0.72489464
83952000,0.014827697,-0.04766338,-4.6728563,0.06975319,0.16754961,0.72253674
83960000,0.0153769795,-0.047262434,-4.6665735,0.06897045,0.16643059,0.7198197
83968000,0.015922695,-0.04684878,-4.660326,0.068191394,0.16522034,0.7168395
83976000,0.016464826,-0.046423104,-4.6541157,0.06740447,0.16404015,0.7135808
83984000,0.017002856,-0.04598601,-4.647944,0.06662606,0.16280687,0.7101091
83992000,0.017536484,-0.045621257,-4.6418014,0.06580943,0.1614681,0.70640886
84000000,0.018065905,-0.045245543,-4.6357017,0.06495869,0.1600247,0.7024039
84008000,0.018591102,-0.04486005,-4.6296463,0.06413622,0.1585257,0.69817007
84016000,0.019111779,-0.044465777,-4.6236367,0.063227616,0.15697584,0.69369286
84024000,0.019627446,-0.044063706,-4.617675,0.06229912,0.15531799,0.6889159
84032000,0.02013971,-0.043725148,-4.6117725,0.06133974,0.15364222,0.6839813
84040000,0.020646818,-0.04337899,-4.6059203,0.060420975,0.15187664,0.67898035
84048000,0.021148304,-0.043026365,-4.600129,0.059416264,0.15008464,0.6740922
84056000,0.02164388,-0.042667665,-4.5943856,0.058424216,0.14830388,0.66942054
84064000,0.022132535,-0.04239387,-4.58871,0.057410233,0.14643504,0.6649738
84072000,0.022614826,-0.042113505,-4.583078,0.056326378,0.14456475,0.6605747
84080000,0.023090448,-0.04182706,-4.5774884,0.055251826,0.14270066,0.65637475
84088000,0.02355938,-0.04153476,-4.57194,0.054175355,0.14089437,0.65233904
84096000,0.024030333,-0.04133247,-4.5664744,0.05314117,0.13892737,0.6486433
84104000,0.024494382,-0.041123968,-4.5610437,0.05202282,0.13699491,0.6452587
84112000,0.024950795,-0.040909242,-4.5556455,0.05086109,0.13513342,0.6421259
84120000,0.02540025,-0.04068828,-4.550278,0.049736757,0.13332418,0.63923424
84128000,0.025851693,-0.04055573,-4.5449843,0.048665598,0.13147463,0.6365513
84136000,0.026295789,-0.040415794,-4.5397167,0.04757052,0.12964618,0.63412815
84144000,0.02673223,-0.04026825,-4.5344725,0.04645101,0.1279291,0.6318242
84152000,0.027160991,-0.04011327,-4.529256,0.045352586,0.12620512,0.62965125
84160000,0.02758258,-0.040044058,-4.5241075,0.04429111,0.12452635,0.62762624
84168000,0.027996944,-0.03996552,-4.5189776,0.043254126,0.122906245,0.6257946
84176000,0.028404137,-0.039877914,-4.5138655,0.042232323,0.121343195,0.6241378
84184000,0.028804416,-0.039781075,-4.508769,0.04125173,0.11984971,0.62266487
84192000,0.029192615,-0.03977995,-4.5037384,0.040286772,0.11838513,0.62118703
84200000,0.029574234,-0.039767437,-4.4987216,0.03932992,0.11696933,0.61977345
84208000,0.029949337,-0.03974353,-4.4937177,0.038385347,0.115652286,0.6185258
84216000,0.030317908,-0.03970806,-4.488725,0.03745928,0.11442935,0.6174674
84224000,0.030663338,-0.03976558,-4.4837947,0.03657321,0.11318859,0.6165455
84232000,0.031003082,-0.039809294,-4.478873,0.03571789,0.11208347,0.6156307
84240000,0.03133745,-0.039838742,-4.4739585,0.03490889,0.111061364,0.61478525
84248000,0.03166657,-0.03985427,-4.4690638,0.03410082,0.110047735,0.6141146
84256000,0.031982657,-0.03996547,-4.464217,0.033245258,0.1090292,0.6135183
84264000,0.032294843,-0.040060993,-4.459375,0.032524545,0.1080899,0.6130136
84272000,0.032602187,-0.04014055,-4.4545355,0.031737763,0.10724238,0.61251706
84280000,0.032904755,-0.04020396,-4.4496994,0.031035801,0.106480554,0.6121183
84288000,0.033202782,-0.040251166,-4.444865,0.030307475,0.105772786,0.6118082
84296000,0.033492234,-0.04037787,-4.440068,0.029650329,0.105037205,0.6115892
84304000,0.033777557,-0.04048703,-4.435286,0.02898503,0.10439561,0.6115252
84312000,0.034058634,-0.04057827,-4.430503,0.028320657,0.10383876,0.6114757
84320000,0.03433536,-0.04065159,-4.425719,0.027667614,0.103331275,0.61146706
84328000,0.034607027,-0.040789694,-4.4209514,0.027045803,0.10283839,0.61152524
84336000,0.03487453,-0.040908538,-4.416181,0.026429383,0.10237528,0.6116698
84344000,0.03513818,-0.04100856,-4.411407,0.025860902,0.10193036,0.6118233
84352000,0.035398252,-0.041089986,-4.406634,0.025308104,0.101530775,0.61196417
84360000,0.035640173,-0.041246835,-4.4018683,0.024728283,0.10113199,0.6121763
84368000,0.035878677,-0.04138355,-4.3970985,0.024205524,0.100774236,0.61246204
84376000,0.03611402,-0.041500323,-4.3923235,0.023674736,0.10047764,0.61283445
84384000,0.036345925,-0.041596834,-4.3875427,0.02312898,0.10030775,0.61330765
84392000,0.03656361,-0.041759387,-4.382762,0.022585986,0.10007581,0.61370814
84400000,0.036778234,-0.041900706,-4.377976,0.022035766,0.09988713,0.61412215
84408000,0.03698967,-0.042021003,-4.3731837,0.021544445,0.099713005,0.6145753
84416000,0.03719836,-0.0421205,-4.368386,0.021081068,0.09958057,0.61515933
84424000,0.03738365,-0.042281732,-4.3635693,0.020643573,0.09944072,0.61571884
84432000,0.037566565,-0.042421103,-4.358746,0.020156806,0.099317476,0.61631346
84440000,0.03774719,-0.042539034,-4.3539166,0.01973166,0.09922476,0.61688375
84448000,0.037925567,-0.042635147,-4.349083,0.019283133,0.09926609,0.6174999
84456000,0.038079932,-0.04279762,-4.3442388,0.01882248,0.09921529,0.61819226
84464000,0.038232572,-0.04293743,-4.339387,0.018448668,0.09921723,0.6189133
84472000,0.03838343,-0.04305452,-4.334528,0.018017557,0.09931011,0.61962354
84480000,0.038532153,-0.04314908,-4.3296614,0.01753558,0.09937929,0.6202881
84488000,0.03865572,-0.043296047,-4.324779,0.017099435,0.09942009,0.6210694
84496000,0.038777605,-0.043420177,-4.3198895,0.016636258,0.099416085,0.6218505
84504000,0.03889786,-0.043521896,-4.314998,0.016224016,0.09950922,0.62270015
84512000,0.039016746,-0.04360083,-4.3100986,0.015861843,0.099703565,0.6234637
84520000,0.039098173,-0.043736257,-4.3051805,0.015377705,0.099835105,0.6242637
84528000,0.039177995,-0.043848142,-4.3002553,0.01488229,0.09996446,0.62505007
84536000,0.039256632,-0.043936968,-4.2953224,0.014486286,0.100088075,0.6258681
84544000,0.0393339,-0.044003442,-4.2903814,0.014107505,0.10024118,0.62673515
84552000,0.039410334,-0.0440474,-4.2854366,0.013709695,0.10046554,0.6275792
84560000,0.03946611,-0.044146143,-4.280478,0.01327322,0.10061472,0.6283531
84568000,0.03952098,-0.044221815,-4.2755117,0.012855609,0.10078262,0.62917346
84576000,0.039575003,-0.04427458,-4.270538,0.0124501595,0.10098684,0.6300785
84584000,0.039628174,-0.044304505,-4.2655554,0.012064058,0.10126961,0.6309569
84592000,0.03966338,-0.044389144,-4.2605634,0.011653053,0.10155711,0.6317406
84600000,0.03969776,-0.044449918,-4.255564,0.011222535,0.101785734,0.6325047
84608000,0.039730515,-0.044487484,-4.2505574,0.010837382,0.10206031,0.6333138
84616000,0.03976274,-0.044501618,-4.2455435,0.010470727,0.10241138,0.63415205
84624000,0.03979119,-0.044559814,-4.240518,0.010079774,0.102713935,0.63504654
84632000,0.03981898,-0.04459406,-4.235485,0.009739094,0.103017986,0.635834
84640000,0.039846186,-0.044604767,-4.230445,0.009363133,0.10333099,0.63660026
84648000,0.039872736,-0.044592306,-4.2254243,0.0090107955,0.10368241,0.6374035
84656000,0.039909534,-0.044632774,-4.220391,0.008638408,0.10401419,0.6382311
84664000,0.03994519,-0.04464891,-4.215349,0.008248123,0.104379386,0.63908297
84672000,0.039979648,-0.04464125,-4.2102995,0.007905992,0.10473401,0.6398465
84680000,0.04001221,-0.044610254,-4.2052426,0.0075877924,0.105085164,0.64055735
84688000,0.040064383,-0.044611536,-4.200163,0.0072737746,0.10546056,0.6414084
84696000,0.040115107,-0.04458886,-4.1950755,0.0069307843,0.105822764,0.642258
84704000,0.04016449,-0.04454266,-4.18998,0.006622955,0.10622518,0.6431492
84712000,0.0402126,-0.04447315,-4.184877,0.006310792,0.10662191,0.6439008
84720000,0.040291052,-0.044433165,-4.1797533,0.0060784286,0.10697291,0.6446654
84728000,0.040368214,-0.04436974,-4.1746225,0.0058620023,0.10736357,0.64542925
84736000,0.040444262,-0.044282738,-4.169485,0.0056768926,0.1078657,0.6462294
84744000,0.04051943,-0.044172436,-4.164341,0.0055010463,0.10830111,0.64706916
84752000,0.04060973,-0.044075012,-4.159183,0.005309194,0.1086932,0.6477246
84760000,0.04069876,-0.04395491,-4.15402,0.0051276465,0.109078616,0.6483762
84768000,0.040786427,-0.04381222,-4.148851,0.00488977,0.10957269,0.64910734
84776000,0.040872373,-0.043646798,-4.1436753,0.0046717436,0.11007725,0.6498325
84784000,0.04097646,-0.043503556,-4.1384935,0.004477664,0.110515356,0.65060127
84792000,0.041078817,-0.043337822,-4.1333055,0.004270847,0.110971816,0.6512198
84800000,0.041179348,-0.043149583,-4.128117,0.004058366,0.11151554,0.6518431
84808000,0.041278232,-0.042938802,-4.122923,0.0038853646,0.11204782,0.6524671
84816000,0.04137579,-0.042706363,-4.1177235,0.0037302193,0.112481445,0.6531666
84824000,0.041478194,-0.04248692,-4.1125097,0.0035084947,0.112919115,0.65388316
84832000,0.04157888,-0.042245835,-4.1072903,0.0033454846,0.11342143,0.654528
84840000,0.04167837,-0.04198324,-4.102066,0.0032191738,0.11391411,0.6551028
84848000,0.041776653,-0.04169993,-4.096838,0.0030864559,0.1143514,0.65573645
84856000,0.041889306,-0.041432884,-4.091594,0.0029206285,0.11485189,0.6564487
84864000,0.042000405,-0.041144844,-4.0863447,0.002804238,0.11529172,0.6571495
84872000,0.04211035,-0.0408363,-4.08109,0.0027081475,0.115758404,0.6577335
84880000,0.042218857,-0.040507436,-4.075831,0.0025482266,0.11623114,0.65830004
84888000,0.04233966,-0.04019204,-4.0705543,0.0024241558,0.11670954,0.6589103
84896000,0.042458773,-0.03985629,-4.065273,0.0022854523,0.11716593,0.65959126
84904000,0.04257651,-0.039500322,-4.0599866,0.0022259154,0.1176726,0.6602637
84912000,0.042692933,-0.03912442,-4.054695,0.0021037087,0.11817854,0.66085744
84920000,0.04282433,-0.0387575,-4.049389,0.0019753221,0.11871171,0.66133523
84928000,0.042953923,-0.038370345,-4.044079,0.0018919412,0.119231224,0.66190404
84936000,0.043081835,-0.03796356,-4.038765,0.0017819394,0.11972491,0.6625135
84944000,0.043208066,-0.03753748,-4.0334463,0.0016968782,0.12023656,0.66317505
84952000,0.043357022,-0.037131563,-4.028096,0.0015851643,0.12074839,0.663698
84960000,0.04350253,-0.03670616,-4.0227437,0.0015077011,0.121239685,0.6641786
84968000,0.043646112,-0.03626156,-4.017388,0.0014176933,0.121745735,0.6646823
84976000,0.043787647,-0.035798024,-4.0120296,0.0013296959,0.12225716,0.6652331
84984000,0.043940295,-0.035364415,-4.0066595,0.0012746485,0.12271425,0.6657725
84992000,0.044091176,-0.03491177,-4.0012865,0.0012551763,0.12318165,0.66622925
85000000,0.044240158,-0.034440752,-3.9959226,0.0011859521,0.1235873,0.66669077
85008000,0.044387385,-0.03395173,-3.9905553,0.0011806397,0.12402733,0.66721475
85016000,0.04455471,-0.033484586,-3.985176,0.0011594974,0.12442637,0.66778296
85024000,0.044719923,-0.032999415,-3.9797935,0.0011173615,0.12482199,0.6682859
85032000,0.04488153,-0.03249639,-3.9744086,0.0010439788,0.12525663,0.6686383
85040000,0.045040797,-0.031976063,-3.9690223,0.00096744933,0.12559661,0.66903174
85048000,0.045217037,-0.031474985,-3.9636326,0.00088877504,0.12600133,0.6694863
85056000,0.045390625,-0.030956324,-3.95824,0.0008524016,0.12639359,0.6699207
85064000,0.04556181,-0.030420348,-3.952845,0.00079394795,0.12680958,0.67038965
85072000,0.045730323,-0.02986755,-3.9474473,0.00071332033,0.12715329,0.67075896
85080000,0.045896374,-0.029298645,-3.9420485,0.0006824605,0.12750325,0.67111784
85088000,0.046079405,-0.02873655,-3.9366546,0.0006254432,0.12784612,0.6715941
85096000,0.04625962,-0.028158115,-3.9312572,0.00059035246,0.1282459,0.6721116
85104000,0.046436045,-0.027563581,-3.925857,0.0005372268,0.1285949,0.67256963
85112000,0.0466099,-0.026953543,-3.920454,0.00051255274,0.12897585,0.67291874
85120000,0.046819724,-0.02634075,-3.915059,0.00047157926,0.12931076,0.67321193
85128000,0.047026426,-0.025712933,-3.9096622,0.00046571673,0.1296492,0.6735689
85136000,0.04723,-0.025070205,-3.9042625,0.00043436667,0.1299516,0.6739717
85144000,0.047430646,-0.024413282,-3.898861,0.00042040306,0.13022988,0.67435706
85152000,0.04766722,-0.02375862,-3.8934765,0.00038293633,0.13053836,0.67463356
85160000,0.047899675,-0.023089705,-3.8880906,0.00030064175,0.13081875,0.6748986
85168000,0.048127133,-0.02240701,-3.8827019,0.00027688514,0.13111475,0.6752632
85176000,0.04835091,-0.021710766,-3.8773103,0.00021902492,0.13137946,0.67565614
85184000,0.04860751,-0.021018993,-3.8719244,0.00021247043,0.13163869,0.67605245
85192000,0.048860244,-0.020313684,-3.8665357,0.00023138092,0.13195081,0.67632776
85200000,0.04910898,-0.019594757,-3.8611445,0.00022125967,0.13228102,0.67660564
85208000,0.049353898,-0.018862855,-3.855751,0.00021323896,0.1325286,0.67691684
85216000,0.04962879,-0.018142065,-3.8503609,0.00021954445,0.1327653,0.6772521
85224000,0.049899302,-0.017408319,-3.8449674,0.00023911339,0.13304669,0.6775872
85232000,0.05016567,-0.016661825,-3.8395715,0.00024402933,0.13331743,0.6778085
85240000,0.050426807,-0.015902815,-3.8341737,0.00023585181,0.13355897,0.6780875
85248000,0.050699573,-0.015170404,-3.8287773,0.00026476363,0.13379535,0.67832685
85256000,0.050968077,-0.014425279,-3.8233795,0.00026680453,0.13400973,0.6785577
85264000,0.051232494,-0.013667857,-3.8179789,0.0002777498,0.13425228,0.6788769
85272000,0.051492766,-0.01289825,-3.8125758,0.00024613,0.13445202,0.67912793
85280000,0.051753655,-0.012155794,-3.8071656,0.00019140335,0.13459188,0.67937344
85288000,0.052010056,-0.011401398,-3.8017535,0.00013172705,0.1347665,0.67965
85296000,0.052262146,-0.010635118,-3.796339,0.0001025029,0.13492237,0.6799832
85304000,0.052510448,-0.009857661,-3.7909212,0.00011565647,0.13501249,0.68038315
85312000,0.052760508,-0.00910313,-3.7854939,4.4381886e-05,0.13512523,0.68068916
85320000,0.053006385,-0.00833714,-3.780064,2.529657e-05,0.13523914,0.6809402
85328000,0.053248335,-0.0075599398,-3.7746325,-2.6009802e-06,0.13536234,0.6812757
85336000,0.053486317,-0.006771715,-3.769198,-6.6590525e-05,0.13546737,0.6816242
85344000,0.05372038,-0.00597297,-3.763761,-7.520341e-05,0.13555749,0.6819452
85352000,0.053963106,-0.005192224,-3.758316,-9.639046e-05,0.13562867,0.6822017
85360000,0.054201923,-0.0044011096,-3.7528696,-0.0001258187,0.13566397,0.68249464
85368000,0.05443652,-0.0035998966,-3.7474203,-0.0002461088,0.13570932,0.6827939
85376000,0.054666646,-0.0027889179,-3.7419696,-0.00031814663,0.13569929,0.6830627
85384000,0.054894328,-0.001994411,-3.7365088,-0.00036765554,0.13572443,0.6833475
85392000,0.055118114,-0.0011901951,-3.7310462,-0.00040754,0.13568795,0.6835589
85400000,0.055338018,-0.00037669134,-3.7255988,-0.0004969447,0.13570327,0.6837258
85408000,0.05555367,0.00044627368,-3.7201495,-0.0006108483,0.13571519,0.68401027
85416000,0.055778414,0.0012586215,-3.7146854,-0.0007176,0.13567539,0.6843004
85424000,0.05599884,0.0020800773,-3.7092195,-0.00080482365,0.13565993,0.68455064
85432000,0.056214843,0.0029102166,-3.703752,-0.000936487,0.13559155,0.6847296
85440000,0.0564265,0.0037488805,-3.6982837,-0.0010206527,0.1355608,0.6849421
85448000,0.05664786,0.004593327,-3.692803,-0.0010897518,0.13550997,0.68513906
85456000,0.056864712,0.0054457677,-3.6873207,-0.0012335235,0.13542436,0.6854691
85464000,0.057076678,0.006306136,-3.6818361,-0.0013829054,0.13539568,0.68580437
85472000,0.057284076,0.0071742465,-3.6763496,-0.0014975475,0.13531509,0.68606424
85480000,0.05749377,0.008031513,-3.6708522,-0.0015982767,0.13523638,0.68624115
85488000,0.057698738,0.008896504,-3.6653538,-0.0017648421,0.1351794,0.68641376
85496000,0.057899043,0.00976889,-3.6598544,-0.0019070688,0.13505402,0.68669885
85504000,0.058094792,0.010647975,-3.6543536,-0.0020314706,0.13490015,0.68699175
85512000,0.058293037,0.01149804,-3.6488433,-0.0021357278,0.13477442,0.68719655
85520000,0.058486182,0.012355286,-3.6433325,-0.0022969162,0.13460973,0.6873899
85528000,0.058674864,0.013219299,-3.6378207,-0.0024000432,0.13442111,0.6876235
85536000,0.058859333,0.014089678,-3.6323075,-0.0025274844,0.13423498,0.6879018
85544000,0.059032597,0.014934889,-3.626791,-0.002682003,0.13401985,0.6882302
85552000,0.059201635,0.015786724,-3.621273,-0.0028390426,0.13383722,0.6884346
85560000,0.059366502,0.016645111,-3.6157546,-0.0029760126,0.13359068,0.68859327
85568000,0.05952716,0.01750935,-3.6102347,-0.0031626697,0.13334057,0.6887812
85576000,0.05968349,0.018360402,-3.6047053,-0.0034315758,0.1330805,0.6889838
85584000,0.059834965,0.019217575,-3.599175,-0.0036463996,0.13284849,0.6893056
85592000,0.059981707,0.020080723,-3.5936432,-0.0038337032,0.1326346,0.6894323
85600000,0.060124118,0.020949721,-3.5881119,-0.004041398,0.13236651,0.68955725
85608000,0.060261976,0.021823896,-3.5825806,-0.0042707534,0.13209023,0.6897493
85616000,0.060395725,0.02268258,-3.5770335,-0.0044774567,0.13179335,0.68999547
85624000,0.060525026,0.023546813,-3.5714855,-0.0047322735,0.1315679,0.69026214
85632000,0.06064968,0.02441636,-3.565937,-0.004990671,0.1312636,0.6903825
85640000,0.06076997,0.025290675,-3.5603886,-0.00521664,0.13098836,0.6904971
85648000,0.060855556,0.026160255,-3.55485,-0.0054826755,0.13068628,0.6906508
85656000,0.06093726,0.027034437,-3.5493116,-0.0057707997,0.13036649,0.69080603
85664000,0.061014693,0.027912933,-3.5437717,-0.006022887,0.13002975,0.6909963
85672000,0.06108834,0.028795455,-3.5382318,-0.0063019106,0.12968524,0.6911235
85680000,0.06112995,0.029664438,-3.5327,-0.0065608537,0.12932162,0.69126946
85688000,0.061168395,0.030537393,-3.5271673,-0.0068430454,0.12897758,0.69142723
85696000,0.061203584,0.031414222,-3.5216331,-0.007141133,0.12859999,0.69159794
85704000,0.06123515,0.032294616,-3.5161085,-0.007490641,0.1282626,0.6917523
85712000,0.061228007,0.033163212,-3.5105963,-0.007900913,0.12792058,0.69186795
85720000,0.061217576,0.034035362,-3.5050826,-0.008246282,0.12751107,0.6919564
85728000,0.061204094,0.034910616,-3.499568,-0.0085487,0.1270622,0.6920442
85736000,0.061187778,0.035788484,-3.494052,-0.008883044,0.12660852,0.6921946
85744000,0.061137676,0.036642037,-3.4885473,-0.009216479,0.12618639,0.6923913
85752000,0.06108537,0.0374988,-3.4830627,-0.009549402,0.1257621,0.6924729
85760000,0.06103068,0.038358614,-3.4775763,-0.009898761,0.125334,0.6925329
85768000,0.060973622,0.039221413,-3.4720879,-0.010228984,0.12491916,0.6926844
85780000,0.06087714,0.040057924,-3.4666038,-0.010624845,0.124467425,0.69280326
85784000,0.06077883,0.040897463,-3.4611173,-0.01099609,0.123977214,0.69297963
85792000,0.060678408,0.041739214,-3.455628,-0.011414723,0.12340795,0.6931427
85800000,0.060575753,0.042582825,-3.4501357,-0.01176485,0.122862205,0.6934008
85808000,0.06044021,0.043403946,-3.444646,-0.012142031,0.12237348,0.69362605
85816000,0.06030301,0.04422768,-3.4391532,-0.012557726,0.121855095,0.69378936
85824000,0.0601643,0.045053832,-3.4336581,-0.012946391,0.12138457,0.69392085
85832000,0.06002399,0.045882184,-3.4281611,-0.013338326,0.12081247,0.6939912
85840000,0.059861403,0.04668425,-3.422668,-0.013688442,0.1202476,0.6940806
85848000,0.059698038,0.047488425,-3.4171872,-0.0140418485,0.11971414,0.69423246
85856000,0.05953347,0.04829484,-3.4117036,-0.014457797,0.119172744,0.6944117
85864000,0.05936758,0.049102955,-3.406217,-0.014806167,0.11856874,0.6945557
85872000,0.059200443,0.049912207,-3.4007282,-0.015224616,0.1179603,0.6945636
85880000,0.05901844,0.05070009,-3.3952503,-0.015557051,0.11736083,0.694582
85888000,0.05883553,0.051489376,-3.38977,-0.01596259,0.116762035,0.6947109
85896000,0.05865136,0.052280184,-3.3842869,-0.016365092,0.11617813,0.69482
85904000,0.058465857,0.053072143,-3.3788009,-0.01676709,0.11555912,0.695012
85912000,0.058277417,0.053841826,-3.3733225,-0.01717169,0.11491543,0.69506145
85920000,0.058088228,0.05461255,-3.3678412,-0.017465513,0.114276126,0.69515646
85928000,0.057898168,0.055384405,-3.3623571,-0.017844763,0.11367624,0.6952767
85936000,0.057706885,0.05615717,-3.3568707,-0.01822724,0.11301778,0.69543344
85944000,0.057528537,0.056900874,-3.3513885,-0.018528607,0.11232454,0.6955855
85952000,0.057349354,0.057645325,-3.345903,-0.018819664,0.111643985,0.69573665
85960000,0.057169214,0.058390457,-3.340415,-0.019119972,0.11095002,0.69586945
85968000,0.056988187,0.059135884,-3.3349237,-0.019389594,0.110222176,0.6959545
85976000,0.056822095,0.0598514,-3.3294477,-0.019658713,0.10945675,0.6961061
85984000,0.056654774,0.060567185,-3.323968,-0.019952863,0.10872398,0.69639975
85992000,0.05648612,0.061283704,-3.3184843,-0.020264287,0.10807999,0.69648796
86000000,0.056316163,0.062000744,-3.3129983,-0.020529896,0.10736189,0.696577
86008000,0.056160435,0.06267618,-3.3075218,-0.02078867,0.10656744,0.6967201
86016000,0.056003504,0.063352056,-3.3020425,-0.020995878,0.10582831,0.696877
86024000,0.055845693,0.06402867,-3.2965593,-0.02123286,0.10515655,0.69710666
86032000,0.055686668,0.06470617,-3.2910724,-0.021454971,0.10446492,0.69720477
86040000,0.055546083,0.06534477,-3.2855902,-0.02161243,0.10369084,0.6972649
86048000,0.05540466,0.065984085,-3.2801046,-0.02176741,0.1029449,0.69738203
86056000,0.05526238,0.066623874,-3.2746158,-0.021926861,0.10214677,0.6976606
86064000,0.055119213,0.06726392,-3.2691221,-0.022097604,0.101401106,0.6978965
86072000,0.054984283,0.0678719,-3.263627,-0.022310546,0.10062849,0.69803447
86080000,0.05484815,0.06848046,-3.2581286,-0.022483708,0.09980862,0.6981371
86088000,0.054710995,0.069089144,-3.252627,-0.022657955,0.09897928,0.6983
86096000,0.054572623,0.06969784,-3.2471213,-0.02284193,0.09819319,0.6985949
86104000,0.054444198,0.07026901,-3.2416143,-0.023003105,0.09741794,0.69884866
86112000,0.054314807,0.07084084,-3.236104,-0.02311974,0.09660095,0.6989929
86120000,0.054184634,0.07141321,-3.2305903,-0.023204241,0.09580462,0.69910306
86128000,0.05405397,0.071985416,-3.2250738,-0.02328991,0.09492209,0.69924253
86136000,0.053922538,0.07255732,-3.2195544,-0.023388175,0.09409784,0.6994244
86144000,0.053800263,0.073096715,-3.214038,-0.02346854,0.09322212,0.6995865
86152000,0.05367756,0.07363603,-3.20852,-0.023515638,0.09236412,0.6996794
86160000,0.05355434,0.074175656,-3.202999,-0.023599058,0.09157409,0.6997661
86168000,0.053430136,0.07471525,-3.197476,-0.023717128,0.09070588,0.69983524
86176000,0.053317055,0.07523318,-3.1919675,-0.023811704,0.08982307,0.6999517
86184000,0.053203,0.07575083,-3.1864562,-0.023895215,0.08894769,0.7001374
86192000,0.053087983,0.076268,-3.180941,-0.02396971,0.08804893,0.7002456
86200000,0.052972358,0.07678472,-3.1754284,-0.023987884,0.08722831,0.7002584
86208000,0.052863,0.07727364,-3.1699252,-0.024016807,0.086400144,0.7003752
86216000,0.052752785,0.07776255,-3.1644187,-0.024108082,0.085531846,0.7005133
86224000,0.052641623,0.07825133,-3.1589084,-0.02419923,0.08468606,0.7006994
86232000,0.052529745,0.07873991,-3.1533947,-0.024204668,0.08385468,0.7008047
86240000,0.0524265,0.079218574,-3.14788,-0.024281356,0.08296712,0.700886
86248000,0.052322187,0.079696506,-3.1423626,-0.02434741,0.08209788,0.7010137
86256000,0.05221691,0.08017393,-3.1368418,-0.024378683,0.08126995,0.7012
86264000,0.052111033,0.08065093,-3.1313171,-0.024375204,0.08045957,0.70141655
86272000,0.052027725,0.08111607,-3.1257887,-0.024304403,0.07959702,0.70150626
86280000,0.051943798,0.081580445,-3.1202574,-0.024296587,0.078744285,0.7016128
86288000,0.0518592,0.08204418,-3.1147227,-0.024270548,0.07789593,0.7017639
86296000,0.05177379,0.08250684,-3.1091852,-0.024276325,0.077038884,0.70197827
86304000,0.05171333,0.082946636,-3.103643,-0.024276957,0.076198414,0.7021327
86312000,0.05165195,0.08338585,-3.0980983,-0.024174973,0.07538104,0.702147
86320000,0.051589526,0.083824374,-3.0925517,-0.024152305,0.07456953,0.7022045
86328000,0.051526003,0.084262334,-3.0870028,-0.024100203,0.07378292,0.7023422
86336000,0.051483065,0.08468953,-3.0814385,-0.024017459,0.07299444,0.7024825
86344000,0.05143889,0.0851161,-3.075872,-0.023968326,0.072201796,0.7026905
86352000,0.051393405,0.08554197,-3.0703025,-0.023892798,0.07140535,0.7027928
86360000,0.051346876,0.0859671,-3.0647316,-0.023855796,0.07057483,0.7028765
86368000,0.051307097,0.086388275,-3.0591407,-0.02379268,0.069773465,0.70297104
86376000,0.051266033,0.08680837,-3.0535483,-0.023728186,0.06896457,0.7031552
86384000,0.051223684,0.08722729,-3.0479536,-0.023670778,0.06818734,0.70327795
86392000,0.05117998,0.08764506,-3.042358,-0.023620768,0.067395955,0.7033374
86400000,0.05113491,0.08806163,-3.0367608,-0.023582479,0.06663969,0.7034407
86408000,0.05108751,0.088483535,-3.031138,-0.02349485,0.06587684,0.70356023
86416000,0.051038936,0.08890401,-3.0255141,-0.023463003,0.06509824,0.7037049
86424000,0.050989162,0.089322634,-3.0198889,-0.023394134,0.06429453,0.70384735
86432000,0.050938617,0.08973957,-3.0142627,-0.023352271,0.063501984,0.7039237
86440000,0.05087167,0.0901528,-3.008634,-0.023343446,0.06274515,0.70394313
86448000,0.050803903,0.09056463,-3.003005,-0.023298556,0.062077288,0.7039616
86456000,0.050735462,0.090974934,-2.997376,-0.023203544,0.061294574,0.70404106
86464000,0.050666563,0.09138329,-2.991746,-0.02314059,0.060579393,0.7041805
86472000,0.05058708,0.09178628,-2.9861217,-0.02318929,0.059891604,0.7042362
86480000,0.05050658,0.09218748,-2.980497,-0.023156803,0.059153654,0.7042281
86488000,0.05042568,0.09258698,-2.974872,-0.023084678,0.05847612,0.7042311
86496000,0.050344206,0.09298494,-2.9692464,-0.023056785,0.057775892,0.7043628
86504000,0.05024532,0.09338165,-2.9636512,-0.023086905,0.05704492,0.70445406
86512000,0.05014601,0.09377615,-2.9580545,-0.023018412,0.05630663,0.7044686
86520000,0.050046597,0.09416855,-2.952457,-0.022982677,0.055591933,0.7044864
86528000,0.04994679,0.094558604,-2.9468584,-0.022977684,0.05483967,0.70452166
86536000,0.04982408,0.094947934,-2.9412813,-0.023015518,0.054091014,0.70458245
86544000,0.049701113,0.09533475,-2.9357028,-0.023035245,0.053351466,0.7046465
86552000,0.049577687,0.09571911,-2.9301357,-0.023103027,0.052677426,0.70463115
86560000,0.04945356,0.096101366,-2.9245677,-0.023161735,0.052011505,0.7045567
86568000,0.049302205,0.096485324,-2.9190106,-0.023227984,0.051325023,0.7045242
86576000,0.049150873,0.09686682,-2.9134512,-0.023267098,0.050661888,0.70462954
86584000,0.04899951,0.09724595,-2.9078894,-0.023306394,0.049973696,0.70473564
86592000,0.04884828,0.097622395,-2.9023256,-0.023332326,0.049309775,0.70468056
86600000,0.048675936,0.09798931,-2.89678,-0.02341219,0.04867698,0.7046058
86608000,0.04850362,0.09835381,-2.8912325,-0.023524642,0.04799083,0.704597
86616000,0.048331182,0.09871566,-2.8856826,-0.023611872,0.04729596,0.70466906
86624000,0.04815888,0.0990745,-2.8801298,-0.02366256,0.04656663,0.7047633
86632000,0.047958102,0.099421985,-2.874589,-0.02374095,0.04593824,0.70468754
86640000,0.047757994,0.0997677,-2.8690462,-0.02382976,0.045334805,0.70463085
86648000,0.047558434,0.10011137,-2.8635015,-0.023908092,0.044744473,0.7046484
86656000,0.047359373,0.10045301,-2.8579545,-0.023981849,0.044137344,0.70471823
86664000,0.047160838,0.100792475,-2.852405,-0.02401797,0.043527886,0.7047338
86672000,0.046945047,0.10111481,-2.8468618,-0.024070619,0.042842798,0.7047081
86680000,0.046730243,0.1014348,-2.8413167,-0.02411834,0.0422246,0.7046921
86688000,0.046516247,0.101752505,-2.8357697,-0.024184454,0.041564368,0.70471305
86696000,0.046302814,0.10206759,-2.8302207,-0.024316248,0.040913787,0.7047043
86704000,0.04607283,0.10235758,-2.8246756,-0.024409322,0.040310767,0.70480627
86712000,0.045843966,0.102645926,-2.8191285,-0.02447686,0.03966847,0.7048116
86720000,0.045615952,0.102932006,-2.813579,-0.024559755,0.039014194,0.70482665
86728000,0.04538863,0.1032159,-2.8080273,-0.024641689,0.038365,0.7049149
86736000,0.045157388,0.10346892,-2.802477,-0.024680313,0.037673876,0.70505303
86744000,0.044926956,0.10371997,-2.7969236,-0.024777904,0.037044924,0.7051836
86752000,0.044697322,0.10396943,-2.7913818,-0.024833657,0.036424924,0.70521736
86760000,0.04446843,0.10421732,-2.7858381,-0.02491217,0.035856318,0.7051806
86768000,0.044252396,0.104437254,-2.780295,-0.02498474,0.03516691,0.7052601
86776000,0.044037193,0.10465532,-2.7747483,-0.02495952,0.034488466,0.70533454
86784000,0.04382302,0.104871966,-2.7691994,-0.024991404,0.033864506,0.7054576
86792000,0.043609403,0.105087176,-2.763647,-0.025040051,0.033252597,0.70549726
86800000,0.04340726,0.105273075,-2.7581024,-0.025061099,0.03263159,0.70553136
86808000,0.0432056,0.10545785,-2.7525554,-0.02507897,0.031984974,0.705608
86816000,0.043004375,0.10564108,-2.747005,-0.025110131,0.031291336,0.70576715
86824000,0.042803608,0.105822526,-2.7414513,-0.025110975,0.030618807,0.70591694
86832000,0.042619843,0.10596881,-2.7359123,-0.02516034,0.029965881,0.70592177
86840000,0.042435978,0.1061141,-2.7303705,-0.025176086,0.029294452,0.7058874
86848000,0.042252265,0.106258385,-2.7248282,-0.025204983,0.02860627,0.7058992
86856000,0.042068537,0.10640107,-2.7192826,-0.025230665,0.027912823,0.70602274
86864000,0.041893784,0.10650302,-2.7137432,-0.025232868,0.027218329,0.7061388
86872000,0.041719154,0.10660437,-2.708201,-0.025188081,0.026574666,0.70615774
86880000,0.04154504,0.106705114,-2.7026558,-0.02512795,0.02592952,0.7061483
86888000,0.041371237,0.10680494,-2.6971087,-0.025101395,0.025229666,0.7061259
86896000,0.041218266,0.10687121,-2.6915684,-0.025073212,0.024571192,0.7062387
86904000,0.041064985,0.106937066,-2.6860247,-0.02506436,0.023892932,0.70636576
86912000,0.040911224,0.1070023,-2.6804786,-0.025076821,0.023213899,0.7063819
86920000,0.040757284,0.10706728,-2.67493,-0.02504346,0.022576325,0.7063617
86928000,0.04060314,0.1071317,-2.6693792,-0.024994522,0.021929856,0.7063943
86936000,0.040476594,0.107158184,-2.6638284,-0.024907019,0.02129027,0.7065255
86944000,0.040349547,0.107184745,-2.6582742,-0.02486032,0.02066322,0.7066694
86952000,0.04022185,0.10721126,-2.6527166,-0.024810739,0.019973665,0.70670116
86960000,0.040093664,0.10723732,-2.6471572,-0.024764964,0.019348314,0.70672077
86968000,0.040005434,0.107226186,-2.6415992,-0.024683392,0.018674849,0.7067521
86976000,0.039915983,0.1072151,-2.6360383,-0.024604047,0.018005017,0.7068378
86984000,0.03982554,0.10720434,-2.6304746,-0.024497658,0.017380549,0.70689803
86992000,0.03973436,0.10719404,-2.624909,-0.024364315,0.016752986,0.70691717
87000000,0.039667916,0.10714222,-2.6193495,-0.024268756,0.016152157,0.7069044
87008000,0.03960004,0.107091464,-2.6137877,-0.024164578,0.015537492,0.7069781
87016000,0.039530896,0.1070417,-2.608223,-0.02404849,0.014928905,0.7070854
87024000,0.039460488,0.106992446,-2.6026554,-0.02396789,0.014253016,0.70723706
87032000,0.039415848,0.10691433,-2.5970788,-0.023846108,0.013573555,0.7073055
87040000,0.03936954,0.10683705,-2.5914998,-0.02374015,0.012942506,0.7073461
87048000,0.03932195,0.10676053,-2.5859213,-0.023559866,0.012288775,0.707385
87056000,0.039272994,0.10668474,-2.5803404,-0.023454882,0.011677898,0.7074592
87064000,0.039244223,0.1065966,-2.5747423,-0.023275722,0.0110375015,0.7076061
87072000,0.03921382,0.10650925,-2.5691423,-0.023172516,0.010435129,0.70764476
87080000,0.03918165,0.10642307,-2.563541,-0.023042813,0.009891102,0.70766175
87088000,0.039147682,0.10633777,-2.5579371,-0.022934355,0.00926347,0.70773613
87096000,0.03914873,0.106247604,-2.5523105,-0.02275886,0.008690252,0.7078888
87104000,0.03914776,0.10615827,-2.5466943,-0.022594549,0.008095616,0.7080372
87112000,0.039144784,0.10606953,-2.5410757,-0.022457333,0.00750306,0.70811176
87120000,0.03913997,0.10598143,-2.5354557,-0.022250712,0.006966515,0.7081417
87128000,0.039162774,0.10589118,-2.5298142,-0.02209653,0.0064653195,0.70818853
87136000,0.039183293,0.10580202,-2.5241718,-0.021913635,0.005969837,0.7082478
87144000,0.0392014,0.10571396,-2.518528,-0.021798974,0.0054845624,0.7083544
87152000,0.03921711,0.10562693,-2.5128832,-0.02162011,0.0049995305,0.7083844
87160000,0.039270904,0.10553621,-2.5072355,-0.021432964,0.0044964505,0.70837563
87168000,0.039322168,0.10544625,-2.5015879,-0.021207308,0.0039816466,0.7083684
87176000,0.039370783,0.10535708,-2.4959393,-0.021053324,0.0035059056,0.70843166
87184000,0.039416727,0.10526877,-2.4902892,-0.020856252,0.0030303765,0.7085277
87192000,0.039460465,0.10518128,-2.4846392,-0.020635061,0.0025733542,0.708455
87200000,0.039540116,0.10509872,-2.479014,-0.020424103,0.0020767432,0.7083994
87208000,0.039617196,0.10501682,-2.4733872,-0.02014633,0.001649555,0.70847416
87216000,0.039691903,0.10493596,-2.4677596,-0.019908333,0.0012683464,0.70849204
87228000,0.03976401,0.10485621,-2.46213,-0.019695232,0.00086900644,0.70856327
87232000,0.039872352,0.10478544,-2.4565167,-0.019414436,0.00047772186,0.7085818
87240000,0.03997791,0.10471553,-2.4509025,-0.019169457,0.000103299935,0.7085689
87248000,0.04008036,0.10464658,-2.4452982,-0.01895845,-0.00024987085,0.70864075
87256000,0.040179428,0.10457865,-2.439692,-0.018825535,-0.0005714044,0.70873946
87264000,0.040310297,0.104515254,-2.4341063,-0.018600851,-0.0009018225,0.70880973
87272000,0.04043767,0.10445281,-2.4285178,-0.01835333,-0.0012992163,0.70878583
87280000,0.04056184,0.10439079,-2.4229283,-0.018110849,-0.0016683954,0.70869774
87288000,0.040682897,0.10432944,-2.417337,-0.017870635,-0.0019863509,0.7086101
87296000,0.040823873,0.10427301,-2.4117541,-0.017625008,-0.0022675348,0.7086318
87304000,0.040961266,0.10421744,-2.406168,-0.017426755,-0.002592441,0.7087038
87312000,0.041095033,0.10416262,-2.40058,-0.017207997,-0.0028932332,0.7086983
87320000,0.041225754,0.104108326,-2.39499,-0.016922688,-0.003230241,0.7086365
87328000,0.041375916,0.10405663,-2.3894014,-0.016687162,-0.0035172766,0.7086567
87336000,0.041522533,0.104006,-2.383811,-0.016467799,-0.0037368056,0.708697
87344000,0.0416652,0.10395642,-2.3782182,-0.016285656,-0.004050318,0.70872384
87352000,0.0418042,0.10390733,-2.372623,-0.016073171,-0.004331251,0.7086881
87360000,0.041965127,0.103869736,-2.3670144,-0.01586514,-0.004514099,0.7086615
87368000,0.04212182,0.10383318,-2.361404,-0.015724907,-0.0047163605,0.7086621
87376000,0.042274192,0.10379752,-2.3557925,-0.015563222,-0.0049295924,0.7086677
87384000,0.04242266,0.10376263,-2.3501792,-0.015350532,-0.005127158,0.70868266
87392000,0.04258322,0.10372759,-2.3445506,-0.015185981,-0.0053596683,0.70863074
87400000,0.042739198,0.103692956,-2.3389215,-0.015090334,-0.0055869613,0.7085526
87408000,0.042890638,0.10365942,-2.333292,-0.014908061,-0.0057435776,0.70854723
87416000,0.043038137,0.10362668,-2.3276615,-0.014760478,-0.005945497,0.7086023
87424000,0.04318997,0.10358955,-2.3220124,-0.01462551,-0.0061404947,0.7086438
87432000,0.043337397,0.103553385,-2.3163629,-0.014517063,-0.0062874793,0.70859057
87440000,0.043480683,0.103518136,-2.3107133,-0.014344407,-0.006464516,0.70850194
87448000,0.043620016,0.10348362,-2.3050637,-0.01423577,-0.006638247,0.7085177
87456000,0.04375521,0.10344986,-2.2994132,-0.014113221,-0.006808761,0.7085772
87464000,0.043895956,0.103417054,-2.2937484,-0.014050999,-0.0070346096,0.7086434
87472000,0.044032022,0.103384726,-2.288083,-0.013982376,-0.007194438,0.7086413
87480000,0.044163648,0.10335348,-2.2824183,-0.013845917,-0.007298072,0.70855737
87488000,0.044291224,0.10332298,-2.276754,-0.013774036,-0.007432953,0.7084982
87496000,0.044432286,0.10330272,-2.2710772,-0.013672695,-0.0075262515,0.7085589
87504000,0.044568695,0.10328277,-2.265401,-0.013630065,-0.007707406,0.7086516
87512000,0.044700354,0.10326315,-2.2597246,-0.013584679,-0.007820885,0.7085604
87520000,0.044827413,0.103244066,-2.2540493,-0.013511272,-0.007950038,0.70851856
87528000,0.044963643,0.103222735,-2.2483606,-0.013471542,-0.008116741,0.7084958
87536000,0.04509487,0.103201956,-2.242673,-0.013436764,-0.008178092,0.7085302
87544000,0.045221556,0.10318186,-2.2369852,-0.0133336065,-0.0082701845,0.70858514
87552000,0.045343604,0.103162564,-2.2313051,-0.013295529,-0.008355597,0.7085177
87560000,0.045469567,0.10313602,-2.2256045,-0.013313414,-0.0084436,0.7084167
87568000,0.045590427,0.103110075,-2.219905,-0.013266793,-0.008553147,0.7083964
87576000,0.045706626,0.10308455,-2.2142057,-0.0132643655,-0.008672613,0.7084058
87584000,0.04581771,0.103059396,-2.2085075,-0.013299577,-0.008795065,0.708428
87592000,0.04592852,0.103024065,-2.2027993,-0.013332414,-0.008968572,0.7083814
87600000,0.046034202,0.10298898,-2.197103,-0.013349411,-0.009108642,0.7082786
87608000,0.046134613,0.102954105,-2.1914077,-0.013438897,-0.00923698,0.7082679
87616000,0.046229664,0.10291971,-2.1857133,-0.013512773,-0.009323533,0.7082617
87624000,0.046325326,0.10286442,-2.1800108,-0.013546621,-0.009444314,0.7082736
87632000,0.046415854,0.10280986,-2.1743097,-0.013606009,-0.009583495,0.70814854
87640000,0.046501562,0.102755845,-2.1686106,-0.013608234,-0.009738572,0.7080386
87648000,0.04658252,0.102702014,-2.1629233,-0.013628237,-0.009904342,0.70797855
87656000,0.04666544,0.10262947,-2.1572351,-0.013701691,-0.010086349,0.70796615
87664000,0.04674318,0.10255754,-2.151547,-0.013764557,-0.01025481,0.7079307
87672000,0.046815947,0.10248609,-2.1458602,-0.0138093205,-0.0104029095,0.70779943
87680000,0.046883643,0.102415204,-2.1401749,-0.0139118945,-0.010559658,0.7077334
87688000,0.046962917,0.10232282,-2.1345043,-0.014011527,-0.010750188,0.70762885
87696000,0.047036834,0.10223115,-2.1288347,-0.0140724555,-0.010896981,0.70759064
87704000,0.047105536,0.10214061,-2.1231737,-0.01416268,-0.010970867,0.7075087
87712000,0.04716898,0.10205121,-2.1175137,-0.014232416,-0.0111146765,0.7073608
87720000,0.047227383,0.10196231,-2.111854,-0.014325428,-0.01133345,0.707249
87728000,0.047303062,0.101850845,-2.106216,-0.014462858,-0.011543457,0.7071584
87736000,0.04737284,0.10174,-2.1005778,-0.01457759,-0.011746384,0.7071301
87744000,0.047436934,0.10162986,-2.0949388,-0.014706674,-0.011916243,0.7071293
87752000,0.047495462,0.10152047,-2.0893135,-0.0147962645,-0.012065286,0.707037
87760000,0.047578745,0.101390004,-2.083715,-0.014880575,-0.012239516,0.70685464
87768000,0.047655866,0.10126047,-2.0781155,-0.015040176,-0.012435643,0.7067733
87776000,0.047726758,0.10113165,-2.072515,-0.01514515,-0.012645929,0.70673937
87784000,0.047792092,0.10100333,-2.0669136,-0.0152310515,-0.012865636,0.7067519
87792000,0.047891658,0.100855306,-2.0613117,-0.015303494,-0.013041878,0.7066314
87800000,0.04798499,0.100708365,-2.0557184,-0.015393494,-0.013238022,0.70650464
87808000,0.04807202,0.10056231,-2.0501246,-0.015479364,-0.013435395,0.7064418
87816000,0.048153076,0.10041707,-2.0445294,-0.015566289,-0.013634663,0.7063722
87824000,0.04826534,0.10025146,-2.0389318,-0.015664918,-0.013834071,0.7063101
87832000,0.04837054,0.1000871,-2.0333338,-0.01578354,-0.014019984,0.7061898
87840000,0.048468698,0.099923894,-2.0277357,-0.015944505,-0.014184461,0.70605713
87848000,0.048560034,0.09976219,-2.022141,-0.016051127,-0.014302165,0.70601803
87856000,0.04867453,0.0995791,-2.016542,-0.016204499,-0.014489086,0.7059828
87864000,0.048781704,0.09939712,-2.010942,-0.016326904,-0.014724472,0.7060064
87872000,0.048882015,0.09921653,-2.005341,-0.016431844,-0.014886308,0.70591766
87880000,0.048975457,0.09903732,-1.99974,-0.016565135,-0.015072347,0.7058755
87888000,0.04909217,0.098850064,-1.9941157,-0.016648073,-0.015332062,0.70587504
87896000,0.049202066,0.09866408,-1.9884909,-0.016690075,-0.015473035,0.7059523
87904000,0.049304947,0.09847958,-1.9828652,-0.016789008,-0.015658822,0.70598453
87912000,0.04940105,0.09829644,-1.977239,-0.016888173,-0.01580278,0.70596147
87920000,0.049509976,0.09810267,-1.9715856,-0.016948683,-0.015993103,0.705807
87928000,0.04961195,0.09791013,-1.9659334,-0.017073713,-0.01619534,0.705762
87936000,0.049706727,0.09771852,-1.9602817,-0.017250387,-0.016437247,0.70580316
87944000,0.049794205,0.097528055,-1.9546298,-0.01738641,-0.016597267,0.70585275
87952000,0.04988137,0.097328335,-1.9489805,-0.017556617,-0.016773531,0.7058069
87960000,0.049961742,0.09713012,-1.9433318,-0.017633555,-0.016908802,0.70572054
87968000,0.05003537,0.09693351,-1.9376839,-0.017749827,-0.017081404,0.70565385
87976000,0.050102368,0.096738346,-1.9320368,-0.017909655,-0.017202938,0.70563525
87984000,0.050162673,0.096545,-1.9263893,-0.018048666,-0.0173018,0.70571244
87992000,0.050221976,0.0963346,-1.9207152,-0.01819859,-0.017520215,0.7056772
88000000,0.050274655,0.096125714,-1.9150425,-0.018368859,-0.017622968,0.70562875
88008000,0.050320838,0.095918916,-1.9093708,-0.018513823,-0.017736321,0.7056013
88016000,0.050360713,0.09571401,-1.9037,-0.018677544,-0.0178822,0.7056149
88024000,0.050405283,0.09549589,-1.8980151,-0.018863045,-0.018133067,0.7056489
88032000,0.050443016,0.09527898,-1.8923317,-0.019102333,-0.018321149,0.70552915
88040000,0.050473463,0.09506408,-1.8866502,-0.01932497,-0.01839815,0.7054692
88048000,0.050497472,0.094851054,-1.8809701,-0.019493472,-0.018555745,0.70541996
88056000,0.05053138,0.09463538,-1.8752767,-0.019675791,-0.018703131,0.70544726
88064000,0.050559,0.094421566,-1.8695844,-0.01978747,-0.018800551,0.7054759
88072000,0.05058087,0.09420983,-1.8638936,-0.019879045,-0.018898224,0.7054091
88080000,0.05059683,0.093999915,-1.8582047,-0.020040303,-0.019033246,0.7053451
88088000,0.05063965,0.093790784,-1.8524977,-0.02020258,-0.01915217,0.7053051
88096000,0.050675627,0.09358342,-1.8467928,-0.020371536,-0.019277697,0.7052626
88104000,0.050705247,0.093377516,-1.8411041,-0.020481618,-0.019410603,0.70529664
88112000,0.050728545,0.09317339,-1.8354164,-0.020588895,-0.01948426,0.70522934
88120000,0.050774552,0.092979364,-1.8297251,-0.02070637,-0.019545335,0.70510155
88128000,0.050813988,0.092787005,-1.8240358,-0.020836031,-0.019623943,0.70503014
88136000,0.05084694,0.09259662,-1.8183483,-0.020963918,-0.019644095,0.70499265
88144000,0.050873876,0.09240789,-1.8126622,-0.021064583,-0.019739857,0.70495826
88152000,0.050925396,0.092234865,-1.806996,-0.021189433,-0.019759309,0.7048369
88160000,0.05097031,0.092063695,-1.8013314,-0.021266839,-0.01975166,0.704686
88168000,0.0510091,0.09189434,-1.7956687,-0.021366527,-0.019744918,0.7045959
88176000,0.05104172,0.09172679,-1.790007,-0.021457344,-0.01976487,0.7045769
88184000,0.051095653,0.09157867,-1.7843472,-0.021553943,-0.019756867,0.704558
88192000,0.05114313,0.09143226,-1.7786881,-0.021617955,-0.019692155,0.7044801
88200000,0.051184557,0.09128749,-1.7730309,-0.021695359,-0.019673154,0.70433426
88208000,0.05121975,0.09114402,-1.7673749,-0.021782031,-0.019702317,0.70430297
88216000,0.05127642,0.0910199,-1.7617127,-0.021860441,-0.01966656,0.7042941
88224000,0.05132648,0.09089703,-1.7560512,-0.021955855,-0.019613054,0.7043232
88232000,0.05137013,0.090775415,-1.7503904,-0.022068473,-0.019579833,0.7043046
88240000,0.051407404,0.09065504,-1.7447308,-0.02214027,-0.019507524,0.70418364
88248000,0.051438175,0.09053611,-1.7391013,-0.022287847,-0.01942867,0.7041069
88256000,0.05149472,0.09043231,-1.7334605,-0.022397667,-0.01938021,0.7040883
88264000,0.05154478,0.09032966,-1.7278198,-0.0224437,-0.019283846,0.70405823
88272000,0.051588893,0.0902281,-1.7221802,-0.022464804,-0.019236332,0.7038993
88280000,0.051627,0.09012737,-1.7165421,-0.022553068,-0.01920583,0.703784
88288000,0.05169149,0.09004592,-1.7108852,-0.02266459,-0.019129973,0.70371586
88296000,0.051748987,0.08996537,-1.7052294,-0.022792865,-0.019007035,0.70370334
88304000,0.051799692,0.0898858,-1.6995803,-0.02290274,-0.018919257,0.70369196
88312000,0.051843584,0.089807056,-1.6939319,-0.023038441,-0.018832177,0.7036146
88320000,0.051915728,0.089735486,-1.6882775,-0.02308762,-0.018740116,0.7034601
88328000,0.05198114,0.08966467,-1.6826242,-0.023157384,-0.018638728,0.7034349
88336000,0.052039903,0.08959462,-1.6769719,-0.023229677,-0.018557912,0.70342994
88344000,0.052092142,0.08952536,-1.6713198,-0.023282884,-0.0184455,0.7034672
88352000,0.052174285,0.08947799,-1.6656642,-0.02336829,-0.018348744,0.70341796
88360000,0.052249186,0.0894309,-1.6600099,-0.023454472,-0.018257646,0.70337045
88368000,0.052317273,0.08938428,-1.6543561,-0.023483984,-0.018094681,0.70339656
88376000,0.0523789,0.089338526,-1.648703,-0.023519183,-0.017953668,0.7034063
88384000,0.052475516,0.08932557,-1.6430441,-0.02354995,-0.017817665,0.70347637
88392000,0.052564554,0.08931239,-1.6373858,-0.023591759,-0.01770787,0.703468
88400000,0.05264666,0.089298844,-1.6317288,-0.023597984,-0.017606948,0.70339423
88408000,0.0527222,0.08928521,-1.6260729,-0.023615504,-0.017470893,0.7033534
88416000,0.052828424,0.08929472,-1.6204172,-0.02359728,-0.017311871,0.70337844
88424000,0.052927595,0.08930405,-1.6147623,-0.02362291,-0.017136296,0.70334965
88432000,0.05301957,0.08931331,-1.6091086,-0.023656376,-0.016913688,0.703254
88440000,0.05310467,0.0893229,-1.6034566,-0.023671411,-0.016712263,0.70313585
88448000,0.05321107,0.08935661,-1.5978091,-0.02368654,-0.016551409,0.7030382
88456000,0.053310152,0.089389816,-1.5921627,-0.023739876,-0.016349105,0.7030408
88464000,0.05340151,0.0894226,-1.586517,-0.023790186,-0.016155723,0.70306087
88472000,0.053485855,0.08945502,-1.5808718,-0.02380117,-0.01596638,0.7029935
88480000,0.053595703,0.089519754,-1.575233,-0.023819294,-0.015742613,0.702909
88488000,0.053698335,0.08958391,-1.5695955,-0.02383768,-0.015487363,0.70278984
88496000,0.05379366,0.089647524,-1.5639592,-0.023880793,-0.015283562,0.70270455
88504000,0.053882062,0.08971009,-1.5583353,-0.023891477,-0.015140873,0.7026608
88512000,0.05396357,0.089771345,-1.5527122,-0.023934744,-0.015016398,0.70254505
88520000,0.054066,0.08986745,-1.5470893,-0.023961648,-0.014863304,0.7024422
88528000,0.05416091,0.0899619,-1.5414674,-0.023982033,-0.014635175,0.7023522
88536000,0.054248966,0.0900553,-1.5358464,-0.023972178,-0.014447352,0.7023214
88544000,0.054330476,0.090147264,-1.5302255,-0.023960099,-0.014266012,0.70227945
88552000,0.054420497,0.09026695,-1.5246018,-0.023958286,-0.0140033765,0.7021288
88560000,0.05450358,0.09038518,-1.5189797,-0.024002483,-0.013815714,0.70203125
88568000,0.054579988,0.0905017,-1.5133582,-0.023992602,-0.013608269,0.7020036
88576000,0.054650012,0.09061675,-1.507737,-0.024017446,-0.0133899655,0.7020195
88584000,0.05472823,0.09075607,-1.5021046,-0.024030417,-0.013217247,0.7019752
88592000,0.054799724,0.09089329,-1.4964733,-0.024062335,-0.013011488,0.7018901
88600000,0.054864302,0.09102868,-1.4908433,-0.024100175,-0.01278065,0.7018188
88608000,0.054922182,0.091162644,-1.4852141,-0.024189191,-0.0125431,0.70178497
88616000,0.05497955,0.09132373,-1.4795821,-0.02429944,-0.012314866,0.7018001
88624000,0.055030245,0.091482535,-1.4739501,-0.024367435,-0.012145404,0.7018394
88632000,0.05507425,0.09163889,-1.4683192,-0.02447078,-0.011971943,0.7017444
88640000,0.055111986,0.09179311,-1.4626895,-0.024494024,-0.011760263,0.70163494
88648000,0.05514815,0.09196516,-1.4570451,-0.024629401,-0.011598362,0.7015879
88656000,0.055177435,0.09213458,-1.4514016,-0.024778735,-0.011421438,0.7016127
88664000,0.05520014,0.09230174,-1.4457588,-0.02488454,-0.011183476,0.7016167
88672000,0.055216163,0.09246688,-1.4401171,-0.024976967,-0.01095802,0.7015447
88680000,0.05523244,0.09265255,-1.4344622,-0.025071763,-0.010742139,0.70144105
88688000,0.055242784,0.09283557,-1.4288088,-0.025106542,-0.010570542,0.7014373
88696000,0.055247422,0.09301599,-1.4231564,-0.025175627,-0.010363086,0.701486
88704000,0.05524638,0.09319422,-1.4175047,-0.025249308,-0.010140301,0.7015453
88712000,0.055255156,0.093415126,-1.4118305,-0.02534228,-0.009893169,0.7015195
88720000,0.055257916,0.093633056,-1.4061587,-0.025398914,-0.009687108,0.70146155
88728000,0.05525485,0.093847826,-1.4004885,-0.025504217,-0.009483508,0.70142794
88736000,0.05524575,0.094059594,-1.3948201,-0.025624188,-0.009289541,0.7014472
88744000,0.05526042,0.09431709,-1.3891435,-0.025687287,-0.009050976,0.70152134
88752000,0.0552688,0.09457069,-1.3834684,-0.025802338,-0.0088770995,0.70144725
88760000,0.05527071,0.094820306,-1.3777959,-0.025937263,-0.008701133,0.70134735
88768000,0.055266272,0.09506615,-1.3721254,-0.026062822,-0.00849951,0.7013447
88776000,0.055255733,0.09530822,-1.366456,-0.026157975,-0.008344371,0.7013984
88784000,0.055273343,0.09559728,-1.3607906,-0.026195679,-0.008124943,0.7013997
88792000,0.055284847,0.095882036,-1.3551267,-0.026258705,-0.007914108,0.7013297
88800000,0.055289924,0.09616256,-1.3494649,-0.026391195,-0.007678668,0.7012649
88808000,0.05528829,0.096439004,-1.3438045,-0.026476689,-0.0074597863,0.7012775
88816000,0.05531762,0.09676465,-1.3381468,-0.02654938,-0.007185725,0.70124894
88824000,0.05534034,0.09708575,-1.3324902,-0.026618361,-0.0068993745,0.7012652
88832000,0.055356648,0.09740246,-1.3268352,-0.026679846,-0.006636446,0.7011705
88840000,0.05536656,0.09771448,-1.3211819,-0.026797442,-0.0064705377,0.70109063
88848000,0.055388417,0.098065466,-1.3155385,-0.026851388,-0.006207315,0.7009983
88856000,0.055404246,0.09841118,-1.3098962,-0.026845323,-0.0059984564,0.70104027
88864000,0.055414088,0.098751605,-1.3042543,-0.026912315,-0.0057952413,0.7010664
88872000,0.0554177,0.09908662,-1.2986134,-0.027014993,-0.0056371475,0.70097005
88880000,0.05542271,0.09945167,-1.292972,-0.027122136,-0.0054415716,0.7009113
88888000,0.055421352,0.09981106,-1.2873311,-0.027217438,-0.0052256817,0.7009351
88896000,0.055413865,0.10016483,-1.2816914,-0.027317012,-0.005065122,0.70086294
88904000,0.055400413,0.10051274,-1.2760644,-0.027390677,-0.0049320725,0.70083076
88912000,0.055379968,0.10089201,-1.2704254,-0.027479487,-0.0047673993,0.7007312
88920000,0.055353712,0.101265244,-1.2647882,-0.027585715,-0.0045412364,0.70058984
88928000,0.05532162,0.101633,-1.2591523,-0.027710695,-0.004324148,0.70055187
88936000,0.05528373,0.10199495,-1.2535174,-0.02784757,-0.0041811946,0.7005306
88944000,0.055259217,0.10239,-1.2478677,-0.02796125,-0.0040211137,0.7005121
88952000,0.05522873,0.10277832,-1.2422193,-0.028025273,-0.003899269,0.70043045
88960000,0.0551928,0.10316036,-1.2365729,-0.02810192,-0.0036865901,0.70033246
88968000,0.055151165,0.10353633,-1.2309278,-0.02823566,-0.0035666164,0.7003123
88976000,0.05511618,0.103928484,-1.2252642,-0.028333876,-0.0034133743,0.7002684
88984000,0.055075504,0.10431435,-1.2196022,-0.028460275,-0.0032363008,0.7002662
88992000,0.0550289,0.10469368,-1.2139419,-0.028592573,-0.0031608879,0.7001622
89000000,0.054976672,0.10506625,-1.2082899,-0.028714305,-0.0030854961,0.70008904
89008000,0.054933246,0.10545182,-1.2026237,-0.028843466,-0.0029927823,0.7000501
89016000,0.054883927,0.1058304,-1.1969594,-0.028979165,-0.0029715602,0.7000549
89024000,0.05482851,0.106201865,-1.1912965,-0.029117575,-0.002898235,0.70005834
89032000,0.054767597,0.10656694,-1.1856351,-0.029217867,-0.0027821464,0.7000592
89040000,0.054701287,0.10692582,-1.1799754,-0.029344099,-0.0026871734,0.6999861
89048000,0.054651305,0.10728289,-1.1743032,-0.029427007,-0.0026608428,0.6999021
89056000,0.05459549,0.10763328,-1.1686331,-0.029608,-0.002631891,0.6998755
89064000,0.05453365,0.10797698,-1.1629647,-0.029747589,-0.00263986,0.6998907
89072000,0.054466184,0.108313955,-1.1572983,-0.029862087,-0.0026469738,0.6998332
89080000,0.054416742,0.108655974,-1.1516242,-0.029944114,-0.0026858053,0.69977474
89088000,0.054361463,0.10899092,-1.1459525,-0.030040005,-0.0027206917,0.699733
89096000,0.05430049,0.10931892,-1.1402824,-0.03015987,-0.0027735075,0.69977087
89104000,0.054234065,0.10964017,-1.1346138,-0.030241106,-0.0028104722,0.69981796
89112000,0.054176074,0.10997804,-1.1289335,-0.030325554,-0.0028875093,0.6998107
89120000,0.054112304,0.110308565,-1.123256,-0.03050652,-0.0029691197,0.6997016
89128000,0.05404253,0.1106316,-1.1175809,-0.030623866,-0.0030912827,0.6996688
89136000,0.053967398,0.11094732,-1.1119077,-0.030727983,-0.0031708453,0.69967306
89144000,0.0539049,0.111275025,-1.106228,-0.030790515,-0.0032960766,0.69968957
89152000,0.05383702,0.111594796,-1.1005592,-0.03089139,-0.0034506265,0.6995919
89160000,0.053763554,0.111907005,-1.0948933,-0.030985558,-0.0035484252,0.69948757
89168000,0.05368471,0.11221173,-1.0892297,-0.031101229,-0.003706934,0.6994267
89176000,0.05361348,0.11252372,-1.0835582,-0.031164406,-0.0038487674,0.6994021
89184000,0.053537205,0.11282801,-1.0778887,-0.031221472,-0.003966848,0.69936866
89192000,0.05345584,0.113124795,-1.0722219,-0.03130169,-0.0041274833,0.69919956
89200000,0.05336945,0.11341425,-1.0665582,-0.03140693,-0.004215744,0.699046
89208000,0.05329064,0.11370751,-1.0608848,-0.03150408,-0.0043690354,0.6989494
89216000,0.05320685,0.11399307,-1.0552137,-0.031560432,-0.004561435,0.6989835
89224000,0.05311815,0.11427085,-1.0495445,-0.031648904,-0.0047305534,0.6989366
89232000,0.05302446,0.114541315,-1.0438781,-0.0317283,-0.0048830174,0.69879115
89240000,0.052941553,0.114813775,-1.0382073,-0.031814225,-0.005069729,0.69864476
89248000,0.05285343,0.115078524,-1.0325512,-0.031939305,-0.0052688885,0.69860643
89256000,0.05276035,0.11533583,-1.0268968,-0.031990577,-0.0054305564,0.69861543
89264000,0.05266281,0.11558584,-1.021244,-0.03203354,-0.0056269714,0.69860524
89272000,0.05257166,0.115834326,-1.0155897,-0.032139793,-0.0058175987,0.6984863
89280000,0.052475687,0.116075285,-1.0099384,-0.03218211,-0.006056765,0.69834113
89288000,0.052375257,0.11630861,-1.0042893,-0.03223154,-0.00627191,0.6982788
89296000,0.05227041,0.1165346,-0.9986421,-0.03229356,-0.006513835,0.6982379
89304000,0.05216116,0.116753146,-0.99299693,-0.032362286,-0.0067569977,0.6981989
89312000,0.052055795,0.11697673,-0.98735094,-0.032514397,-0.007010361,0.6981103
89320000,0.05194565,0.11719284,-0.9817077,-0.032595724,-0.007217823,0.6979266
89328000,0.051831152,0.1174017,-0.9760672,-0.032636467,-0.007461454,0.6978327
89336000,0.05171255,0.11760288,-0.97042835,-0.032691617,-0.0077856607,0.69785506
89344000,0.05160636,0.11780753,-0.9647833,-0.0327518,-0.00811319,0.69782925
89352000,0.051495757,0.11800434,-0.95914066,-0.03280069,-0.0083878795,0.69768834
89360000,0.05138114,0.11819345,-0.95350075,-0.032801677,-0.008686838,0.6975485
89368000,0.051262658,0.118374914,-0.9478631,-0.032857858,-0.008999152,0.69753224
89376000,0.051142097,0.11855785,-0.9422219,-0.03289669,-0.009365034,0.69758654
89384000,0.05101751,0.118732765,-0.93658185,-0.03296918,-0.009673034,0.69763964
89392000,0.050889056,0.11890011,-0.9309436,-0.033006202,-0.009978955,0.69750684
89400000,0.05075682,0.11905974,-0.9253197,-0.033040065,-0.010314845,0.6973977
89408000,0.0506226,0.119212896,-0.91969335,-0.033062983,-0.010645589,0.69725955
89416000,0.05048487,0.11935838,-0.91406894,-0.03308482,-0.010978566,0.6972151
89424000,0.050343752,0.11949644,-0.9084457,-0.033119142,-0.011306995,0.6972278
89432000,0.050199106,0.119626984,-0.90282416,-0.03315037,-0.0116560105,0.6970897
89440000,0.05005376,0.11974584,-0.8972081,-0.033159122,-0.012038013,0.69697356
89448000,0.049904894,0.119857244,-0.8915936,-0.033253986,-0.012374279,0.69696957
89456000,0.049752507,0.11996154,-0.88598025,-0.03330214,-0.012727752,0.6968866
89464000,0.049596746,0.12005871,-0.8803685,-0.0333619,-0.013066165,0.69685864
89472000,0.0494313,0.12014206,-0.8747524,-0.033450495,-0.0133941695,0.6967489
89480000,0.04926255,0.12021846,-0.8691381,-0.03353382,-0.013797755,0.69667745
89488000,0.04909051,0.12028804,-0.8635255,-0.033622537,-0.014130786,0.69658035
89496000,0.048915267,0.12035069,-0.85791457,-0.03370774,-0.014569801,0.6965302
89504000,0.048738096,0.12039793,-0.8522943,-0.0337896,-0.0150065115,0.69652456
89512000,0.04855795,0.120438084,-0.8466754,-0.033878926,-0.015461202,0.69648117
89520000,0.04837481,0.120471224,-0.84105814,-0.03392983,-0.01588675,0.6964078
89528000,0.048189145,0.12049784,-0.8354424,-0.03393221,-0.01625892,0.6963782
89536000,0.048006974,0.120516375,-0.82981217,-0.03396903,-0.01664232,0.69643337
89544000,0.047822036,0.120528616,-0.82418287,-0.03401669,-0.017033271,0.6964753
89552000,0.047634687,0.12053441,-0.81856346,-0.034020346,-0.01745256,0.69640297
89560000,0.04744499,0.12053347,-0.8129461,-0.03403204,-0.017940698,0.69624865
89568000,0.047253165,0.1205257,-0.8073306,-0.03400186,-0.018380925,0.6962325
89576000,0.047056355,0.120509125,-0.80169415,-0.03401858,-0.018820941,0.6961889
89584000,0.046857476,0.12048599,-0.7960595,-0.03403591,-0.019308815,0.6962116
89592000,0.046656255,0.12045632,-0.7904265,-0.03411242,-0.01973237,0.69613975
89600000,0.0464525,0.1204204,-0.78480494,-0.03416048,-0.020159787,0.69607276
89608000,0.04623689,0.120370746,-0.7791673,-0.034209177,-0.020619148,0.6960378
89616000,0.04601943,0.12031465,-0.7735318,-0.03422492,-0.02113351,0.6960201
89624000,0.04580002,0.12025214,-0.7678975,-0.03426949,-0.02159161,0.6960659
89632000,0.045578867,0.12018361,-0.76226485,-0.034269124,-0.022014102,0.696006
89640000,0.04535747,0.12009484,-0.75661457,-0.034320816,-0.02249923,0.6960482
89648000,0.04513428,0.12000005,-0.7509725,-0.034348827,-0.022990523,0.6960402
89656000,0.04490919,0.11989948,-0.74533224,-0.03441473,-0.023460988,0.69608796
89664000,0.044681948,0.11979326,-0.7396929,-0.03449342,-0.023883142,0.6961674
89672000,0.044458218,0.11965886,-0.7340492,-0.034524605,-0.024321498,0.6961384
89680000,0.04423278,0.11951946,-0.72840774,-0.034538474,-0.024768965,0.69610286
89688000,0.044005588,0.11937496,-0.72276795,-0.034545623,-0.025232729,0.69609696
89696000,0.04377681,0.11922513,-0.7171297,-0.03456373,-0.025738515,0.696131
89704000,0.043555137,0.11904546,-0.71149063,-0.034594905,-0.026212668,0.69621927
89712000,0.04333145,0.11886136,-0.70585287,-0.034612704,-0.026648624,0.6961652
89720000,0.043106414,0.11867283,-0.70021725,-0.034561593,-0.027096733,0.69609994
89728000,0.042879745,0.11847984,-0.6945834,-0.034611408,-0.027594974,0.6961027
89736000,0.042653576,0.118256144,-0.68893445,-0.034622315,-0.028103659,0.6960975
89744000,0.042426027,0.11802825,-0.68328744,-0.034554485,-0.02856883,0.69612634
89752000,0.042197194,0.11779639,-0.6776418,-0.034531526,-0.029010322,0.6961274
89760000,0.041967,0.117560826,-0.6719985,-0.034523327,-0.029446686,0.69602805
89768000,0.041749734,0.11730071,-0.66633177,-0.034583174,-0.02996108,0.69601625
89776000,0.041530143,0.117036715,-0.6606673,-0.034613937,-0.030432835,0.69602317
89784000,0.041308712,0.116769224,-0.6550048,-0.03460901,-0.030873746,0.69608253
89792000,0.04108537,0.116498254,-0.6493445,-0.03466013,-0.031339698,0.69600755
89800000,0.040874362,0.116209894,-0.64367473,-0.034632355,-0.031817712,0.6959746
89808000,0.040661305,0.11591793,-0.63800746,-0.034651235,-0.03232258,0.69595784
89816000,0.04044611,0.115622506,-0.6323426,-0.03466413,-0.03277403,0.69597405
89824000,0.040228833,0.115323655,-0.6266796,-0.03466605,-0.03324559,0.6960324
89832000,0.040009573,0.11502134,-0.62101877,-0.0346812,-0.03371971,0.69598514
89840000,0.039815035,0.11471769,-0.61534107,-0.034665436,-0.03422998,0.69587886
89848000,0.03961836,0.11441022,-0.60966676,-0.03459772,-0.034715153,0.6958088
89856000,0.0394197,0.1140994,-0.6039952,-0.034559302,-0.03513133,0.6958481
89864000,0.039218977,0.113785535,-0.5983256,-0.03453116,-0.035556864,0.69590366
89872000,0.03903274,0.11347614,-0.5926422,-0.034446966,-0.03593923,0.6958431
89880000,0.03884437,0.11316352,-0.5869624,-0.034409624,-0.03636454,0.6957129
89888000,0.03865367,0.11284768,-0.5812862,-0.03436466,-0.036765255,0.69562656
89896000,0.038460717,0.11252873,-0.5756131,-0.034353115,-0.037126165,0.69560766
89904000,0.038286675,0.112218484,-0.56993943,-0.03428567,-0.03745265,0.6956175
89912000,0.038110305,0.11190509,-0.56426865,-0.034194127,-0.037858974,0.6955216
89920000,0.037931856,0.11158807,-0.5586013,-0.0341058,-0.03829456,0.69541216
89928000,0.037751433,0.11126789,-0.55293715,-0.034002386,-0.03863433,0.6953574
89936000,0.03759592,0.11097104,-0.54727113,-0.03383826,-0.038923368,0.6952774
89944000,0.037438236,0.11067099,-0.54160804,-0.03373446,-0.039258182,0.69526225
89952000,0.037278257,0.11036794,-0.5359638,-0.033644818,-0.039505318,0.6951135
89960000,0.03711568,0.110062145,-0.5303228,-0.03359245,-0.039774038,0.6949883
89968000,0.036973294,0.10979004,-0.52466136,-0.033526707,-0.040001318,0.6949808
89976000,0.036828097,0.109514676,-0.51900214,-0.03343076,-0.040232208,0.69505197
89984000,0.036680426,0.10923606,-0.51334506,-0.03330841,-0.040493857,0.6950441
89992000,0.036530383,0.108954154,-0.50769067,-0.033216096,-0.040718753,0.69497526
90000000,0.036377806,0.10866899,-0.5020579,-0.033112444,-0.04102449,0.69479287
90008000,0.03624198,0.10840311,-0.4964069,-0.032907177,-0.041279405,0.69472367
90016000,0.036104124,0.10813371,-0.49075836,-0.032742463,-0.04148988,0.6947164
90024000,0.03596416,0.10786097,-0.48511225,-0.032616124,-0.041705873,0.69468486
90032000,0.035857923,0.10760867,-0.47945416,-0.03245055,-0.0418881,0.694581
90040000,0.035748903,0.107353,-0.47379953,-0.032315962,-0.04205104,0.6944857
90048000,0.03563704,0.10709393,-0.46814823,-0.032164916,-0.042245008,0.6944532
90056000,0.03552271,0.106831424,-0.46249968,-0.03202098,-0.042440373,0.69444025
90064000,0.035442818,0.106583245,-0.45682627,-0.031893324,-0.042588975,0.6945002
90072000,0.03535937,0.1063318,-0.45115584,-0.031762023,-0.042746615,0.6944018
90080000,0.035272837,0.10607689,-0.44548953,-0.031586062,-0.042919636,0.6942699
90088000,0.0351834,0.10581877,-0.43982673,-0.031427335,-0.043041293,0.6942193
90096000,0.035091236,0.105558045,-0.4341669,-0.0312564,-0.043095015,0.69420564
90104000,0.03503078,0.10532866,-0.42848676,-0.031064384,-0.043139294,0.6942547
90112000,0.034967273,0.10509621,-0.4228099,-0.030881774,-0.04321807,0.694187
90120000,0.0349004,0.10486058,-0.4171368,-0.030765902,-0.043295424,0.6941196
90128000,0.034830127,0.10462217,-0.41146737,-0.030615643,-0.043319285,0.69403297
90136000,0.03478431,0.10440018,-0.4057808,-0.030367376,-0.043339655,0.6940401
90144000,0.03473564,0.104175225,-0.40009743,-0.030105237,-0.043373037,0.6940896
90152000,0.03468415,0.103947245,-0.39443636,-0.029903786,-0.04346101,0.69399893
90160000,0.034629986,0.103716,-0.38877934,-0.029651914,-0.043535627,0.69383425
90168000,0.03460159,0.10349258,-0.38311172,-0.029441781,-0.04357217,0.6937618
90176000,0.03457,0.1032659,-0.37744766,-0.029231891,-0.04368379,0.6937091
90184000,0.034535278,0.10303595,-0.37178695,-0.029011028,-0.043715976,0.6936541
90192000,0.034497753,0.102803335,-0.36612952,-0.028790949,-0.043714385,0.69356537
90200000,0.034490965,0.10257109,-0.36046737,-0.028530283,-0.043729324,0.6933918
90208000,0.034481123,0.10233619,-0.35480905,-0.028231705,-0.043726537,0.6933397
90216000,0.03446834,0.10209914,-0.3491537,-0.027994769,-0.043701477,0.69335216
90224000,0.034452423,0.10185944,-0.34350115,-0.02779744,-0.043760147,0.693323
90232000,0.034454346,0.101645164,-0.33784014,-0.027545441,-0.04375819,0.69323814
90240000,0.03445325,0.10142831,-0.3321833,-0.027297253,-0.043662257,0.6930636
90248000,0.03444913,0.10120944,-0.32653034,-0.02704404,-0.043566145,0.6929748
90256000,0.03444222,0.1009883,-0.3208806,-0.026797444,-0.043548625,0.69295734
90264000,0.03443228,0.10076472,-0.31523365,-0.026583811,-0.04348435,0.692934
90272000,0.034423847,0.10057566,-0.309582,-0.026383866,-0.043404337,0.6928213
90280000,0.0344122,0.1003839,-0.30393445,-0.026147597,-0.04333357,0.69262505
90288000,0.03439774,0.10018939,-0.2982908,-0.025954053,-0.043249898,0.6925469
90296000,0.034379914,0.1000331,-0.29264438,-0.025748365,-0.043163612,0.6925237
90304000,0.034359306,0.0998735,-0.28701216,-0.025546523,-0.04304333,0.6925345
90312000,0.034336157,0.09971107,-0.28138286,-0.025344232,-0.042892843,0.6923774
90320000,0.034310408,0.09954598,-0.27575737,-0.025158891,-0.042749725,0.69220984
90328000,0.034282427,0.09943244,-0.27012014,-0.024935553,-0.04260485,0.69212234
90336000,0.034252245,0.09931538,-0.2644862,-0.024708187,-0.042403087,0.692068
90344000,0.034219835,0.09919515,-0.25885493,-0.024526032,-0.042225633,0.69207984
90352000,0.03418468,0.09907159,-0.25322646,-0.024334325,-0.042068712,0.6919844
90360000,0.03414725,0.09894467,-0.24760109,-0.024173573,-0.04195155,0.6919456
90368000,0.03412753,0.09887017,-0.24195647,-0.023992635,-0.04170892,0.69188935
90376000,0.0341054,0.09879203,-0.23631525,-0.023802517,-0.041512296,0.69184697
90384000,0.03408061,0.098710015,-0.23067689,-0.023637734,-0.041297223,0.6918385
90392000,0.034053314,0.098624595,-0.22504187,-0.023468422,-0.04107982,0.6917353
90400000,0.03403881,0.09857833,-0.21938258,-0.02334927,-0.040856045,0.69164896
90408000,0.03402109,0.09852797,-0.21372712,-0.02324321,-0.04063301,0.6916216
90416000,0.0340005,0.09847361,-0.20807505,-0.023076426,-0.04039847,0.69162613
90424000,0.033976793,0.09841559,-0.2024259,-0.022934658,-0.040173598,0.6916602
90432000,0.033970423,0.09836486,-0.19676054,-0.022730825,-0.039987434,0.6916175
90440000,0.03396132,0.09831034,-0.1910994,-0.022574896,-0.039735015,0.6915304
90448000,0.033949267,0.09825214,-0.18546182,-0.022455761,-0.039542243,0.6914484
90456000,0.033934016,0.09819006,-0.17982769,-0.022326875,-0.03937135,0.6914005
90464000,0.033924945,0.098130316,-0.17417848,-0.022116361,-0.039178606,0.6914068
90472000,0.03391335,0.09806686,-0.16853279,-0.021959607,-0.039017953,0.69127595
90480000,0.033899136,0.09799971,-0.16289136,-0.021774897,-0.038814373,0.6911629
90488000,0.033882,0.0979292,-0.15725332,-0.021634713,-0.038622346,0.6911064
90496000,0.0338725,0.09787644,-0.15160194,-0.021472894,-0.038434736,0.69115204
90504000,0.03386017,0.09782034,-0.1459535,-0.0213675,-0.038146995,0.69113374
90512000,0.03384481,0.09776126,-0.14030871,-0.021291092,-0.037903264,0.69102335
90520000,0.033826597,0.09769892,-0.134668,-0.02116533,-0.037730724,0.69091517
90528000,0.03380577,0.09763296,-0.129031,-0.021031516,-0.037565652,0.6908284
90536000,0.033793647,0.097569324,-0.12338808,-0.020899836,-0.037402354,0.6908446
90544000,0.03377881,0.09750225,-0.11774781,-0.020790927,-0.03722753,0.6909175
90552000,0.033761244,0.09743191,-0.112110436,-0.02069298,-0.037037846,0.6908366
90560000,0.03375393,0.09735894,-0.10647395,-0.020577375,-0.036886558,0.6907518
90568000,0.03374424,0.0972826,-0.1008409,-0.020370882,-0.036726087,0.6906689
90576000,0.033732403,0.09720319,-0.09521127,-0.020256294,-0.03656201,0.6906652
90584000,0.033718076,0.09712066,-0.08958429,-0.020095581,-0.036384393,0.6906789
90592000,0.0337224,0.097028255,-0.08394763,-0.019890174,-0.036276337,0.6906171
90600000,0.033724733,0.09693265,-0.07833311,-0.019680627,-0.036153987,0.6904683
90608000,0.03372504,0.09683413,-0.07272214,-0.019491797,-0.03599056,0.69035506
90616000,0.033723045,0.09673299,-0.06711388,-0.01936741,-0.035846382,0.69036674
90624000,0.033718403,0.09662887,-0.06150776,-0.019266361,-0.035745416,0.690381
90632000,0.033728752,0.09652218,-0.055894196,-0.019081155,-0.035603736,0.69025964
90640000,0.033736855,0.09641282,-0.05028397,-0.018930722,-0.03547882,0.6901948
90648000,0.03374251,0.0963007,-0.04468885,-0.01881473,-0.035366323,0.69012463
90656000,0.033745695,0.096185595,-0.039096117,-0.018692438,-0.035298027,0.6901107
90664000,0.033754487,0.096078664,-0.03349799,-0.018508807,-0.035131212,0.69011587
90672000,0.033761315,0.09596908,-0.027902126,-0.018355442,-0.035026778,0.69003886
90680000,0.03376628,0.09585677,-0.022309273,-0.018148711,-0.034887575,0.6899146
90688000,0.03376969,0.095741905,-0.016719013,-0.017938042,-0.034777235,0.68986195
90696000,0.033758048,0.09563037,-0.011124432,-0.017752672,-0.034716953,0.68989354
90704000,0.03374483,0.095515944,-0.005537927,-0.017560335,-0.034600254,0.6899586
90712000,0.033730272,0.09539851,4.6759844e-05,-0.01745162,-0.034561515,0.68987906
90720000,0.03371381,0.09527797,0.0056291223,-0.017358173,-0.034502316,0.6898579
90728000,0.033685952,0.095162906,0.011213183,-0.017279278,-0.034409784,0.6898686
90736000,0.03365651,0.09504515,0.016795665,-0.017185768,-0.034300085,0.68995184
90744000,0.03362579,0.094924554,0.022377312,-0.01708858,-0.03423574,0.6900459
90752000,0.03359326,0.0948012,0.02793932,-0.017067654,-0.034146044,0.68996495
90760000,0.033550557,0.09468655,0.033499777,-0.01697946,-0.03403806,0.68987936
90768000,0.03350645,0.0945691,0.039058596,-0.016893223,-0.033967234,0.68983185
90776000,0.03346121,0.094448894,0.04461634,-0.016808076,-0.033873834,0.68989325
90784000,0.033414543,0.0943259,0.05017352,-0.016786607,-0.033810645,0.6899457
90792000,0.033359703,0.09419701,0.05572799,-0.016714575,-0.033762187,0.68989
90800000,0.03330388,0.094065174,0.061280757,-0.016636202,-0.033739734,0.68983066
90808000,0.03324695,0.09393108,0.06683238,-0.016595613,-0.03356805,0.6898314
90816000,0.03318855,0.093794845,0.07238346,-0.016607367,-0.033533417,0.68992186
90824000,0.033121318,0.09365945,0.07792464,-0.016593633,-0.03345544,0.6899352
90832000,0.03305286,0.09352184,0.08346498,-0.016561426,-0.033359855,0.6898821
90840000,0.032982882,0.09338192,0.08900386,-0.016551306,-0.03330299,0.68975294
90848000,0.03291152,0.09323965,0.094523326,-0.016559534,-0.033237956,0.6897251
90856000,0.032824047,0.09309323,0.10002902,-0.016521553,-0.03314445,0.68972385
90864000,0.032735933,0.09294494,0.105535015,-0.016475102,-0.03306349,0.68975645
90872000,0.032646857,0.092794485,0.11104144,-0.016521826,-0.033049546,0.6897574
90880000,0.03255641,0.092641555,0.11654787,-0.016548265,-0.033041112,0.689746
90888000,0.032464966,0.092486516,0.122054785,-0.016522171,-0.032945514,0.6898442
90896000,0.03237687,0.09233051,0.1275464,-0.0164692,-0.03286994,0.6899299
90904000,0.0322879,0.09217236,0.13301454,-0.016482368,-0.032876827,0.69002295
90912000,0.03219738,0.09201215,0.13848424,-0.01651044,-0.032795336,0.69000727
90920000,0.03210534,0.09185033,0.14395477,-0.016583694,-0.032751508,0.68997425
90928000,0.032027204,0.09168237,0.14940727,-0.01656394,-0.032718323,0.68998647
90936000,0.031947866,0.091512516,0.15486154,-0.016553756,-0.032707293,0.690053
90944000,0.031867146,0.09134104,0.16031823,-0.0165595,-0.032648984,0.6901729
90952000,0.031784993,0.091167875,0.16577701,-0.01658397,-0.032613233,0.6902054
90960000,0.031728413,0.0910259,0.17054331,-0.009981178,-0.019859891,0.34855458
90968000,0.031748798,0.091034144,0.17121144,-0.0034235767,-0.0070763584,0.006889609
90976000,0.03178118,0.09106663,0.17119774,-0.0032942928,-0.006982633,0.006890812
90984000,0.03181249,0.09109774,0.17118561,-0.0032400126,-0.0069135814,0.006868452
90992000,0.03184292,0.09112976,0.17116259,-0.0031568706,-0.0068603056,0.0068604373
91000000,0.031872604,0.091159895,0.17113996,-0.0030459051,-0.0069051143,0.0068769613
91008000,0.031901658,0.09118813,0.17111921,-0.002961569,-0.006875136,0.00688654
91016000,0.0319299,0.09121488,0.17110005,-0.0029128878,-0.0068148184,0.006851558
91024000,0.03197294,0.09127086,0.170749,-0.0028411117,-0.006728199,0.006612319
91032000,0.032015085,0.091325074,0.17040592,-0.002740467,-0.0066318074,0.00639384
91040000,0.032056306,0.09137774,0.17007071,-0.0026599194,-0.0065465807,0.006217307
91048000,0.032096203,0.091428645,0.16972715,-0.0025916458,-0.0065075667,0.0059952443
91056000,0.032145973,0.091527745,0.16905124,-0.0024547782,-0.006367952,0.0056361714
91064000,0.032195024,0.09162453,0.16838999,-0.0023416635,-0.00627987,0.005285907
91072000,0.032243352,0.091719076,0.16774291,-0.0022146557,-0.0061500524,0.0049349824
91080000,0.03229099,0.09181171,0.16710949,-0.0021010109,-0.0059928563,0.004583894
91088000,0.03234908,0.09195547,0.16615212,-0.0019565832,-0.005829164,0.0041031926
91096000,0.032406267,0.09209662,0.16521448,-0.0018698152,-0.0056363023,0.0035669557
91104000,0.032462597,0.092235506,0.16429272,-0.0017246238,-0.0054317745,0.003007245
91112000,0.032518473,0.09237269,0.1633673,-0.0016568708,-0.0053200736,0.002473649
91120000,0.03256955,0.09252361,0.16247587,-0.001545978,-0.005199068,0.0020117199
91128000,0.0326203,0.09267189,0.16160206,-0.0013719741,-0.0050337375,0.0015148434
91136000,0.032670673,0.09281774,0.16074568,-0.0012326938,-0.004844476,0.0011313657
91144000,0.03272063,0.092961304,0.15990645,-0.0010859664,-0.0046780417,0.0007073849
91152000,0.032770153,0.09310227,0.1590594,-0.00097231456,-0.004582847,0.00024405523
91160000,0.03281683,0.093255095,0.15822852,-0.0008896181,-0.004453341,-0.0001743047
91168000,0.032862775,0.09340542,0.15741363,-0.00081027986,-0.004290314,-0.0006095895
91176000,0.032908145,0.093553595,0.15661414,-0.00068471953,-0.0041023474,-0.000984345
91184000,0.032952756,0.09369953,0.15583025,-0.0006443098,-0.003933109,-0.0013060092
91192000,0.03299788,0.09385253,0.1550625,-0.0005352685,-0.0037176847,-0.001639446
91200000,0.033042595,0.09400374,0.15429822,-0.00040505768,-0.0035079715,-0.001994831
91208000,0.033086605,0.09415311,0.15354845,-0.00036005207,-0.0033076354,-0.002288088
91216000,0.033129886,0.09430059,0.15281315,-0.00022794456,-0.0031473737,-0.0026090322
91224000,0.03316038,0.09445413,0.15209514,-0.00020450301,-0.0030152414,-0.0028780382
91232000,0.03318982,0.09460563,0.15139084,-0.00018536231,-0.0028191344,-0.0031935372
91240000,0.033218406,0.09475529,0.15069976,-0.00013584088,-0.0026621798,-0.0034383256
91248000,0.033246458,0.09490274,0.15001084,-6.667043e-05,-0.0025539077,-0.003723924
91256000,0.033254676,0.095049076,0.14935166,-2.5542991e-05,-0.0024362467,-0.0040225885
91264000,0.033262044,0.09519321,0.14870496,-5.2984866e-05,-0.002322069,-0.0042618206
91272000,0.033268433,0.09533511,0.14807051,-7.433037e-05,-0.0021949038,-0.0045036166
91280000,0.033274222,0.09547501,0.1474479,-2.6196798e-05,-0.0020948893,-0.004797092
91288000,0.033270713,0.09560751,0.1468437,-3.952726e-05,-0.0019638143,-0.0050501684
91296000,0.033266384,0.09573838,0.14625072,-6.0356477e-05,-0.0018222327,-0.0053007747
91304000,0.03326167,0.095867395,0.14566869,-1.8719591e-05,-0.0017395848,-0.005543892
91312000,0.033256527,0.09599472,0.14509754,-2.334971e-05,-0.0015693576,-0.0057606176
91320000,0.033235062,0.096119314,0.14453746,-4.8295424e-05,-0.0013848055,-0.0060024885
91328000,0.03321299,0.09624255,0.14398739,-3.7956783e-05,-0.0012544956,-0.0062795784
91336000,0.033190668,0.09636443,0.14344713,-3.7871832e-05,-0.0010855605,-0.0065026423
91344000,0.033168226,0.09648506,0.14291677,1.5608512e-06,-0.0009500459,-0.006705724
91352000,0.03313812,0.09662103,0.14237852,-3.3704255e-06,-0.0007695131,-0.0068752575
91360000,0.033107918,0.09675553,0.14185047,3.591299e-05,-0.0006285581,-0.0070486353
91368000,0.03307763,0.09688851,0.14133233,1.6984905e-05,-0.00048202157,-0.007217328
91376000,0.03304711,0.09701989,0.14082392,4.166089e-05,-0.00036134687,-0.007405984
91384000,0.033013754,0.0971542,0.14031747,-1.5606878e-05,-0.0002338191,-0.0076230397
91392000,0.032979906,0.097286895,0.13982023,-3.0056834e-05,-0.00010788831,-0.0078017134
91400000,0.032945182,0.097417936,0.13933127,-8.450391e-05,2.4440596e-05,-0.007924927
91408000,0.03291016,0.09754738,0.13885169,-7.212701e-05,0.0001455228,-0.008060814
91416000,0.032874748,0.09767512,0.1383811,-0.000117845644,0.00023018195,-0.00821049
91424000,0.03285136,0.09780304,0.13790931,-0.000113091606,0.0003527342,-0.008349674
91432000,0.032827623,0.09792958,0.13744621,-8.021597e-05,0.0005104085,-0.008513727
91440000,0.032803476,0.09805487,0.13699159,-6.1637205e-05,0.000643628,-0.008649967
91448000,0.03277877,0.09817877,0.13654299,-8.978479e-05,0.00078408455,-0.008818461
91456000,0.032768246,0.09831249,0.13610663,-3.509308e-05,0.0009149451,-0.008965535
91464000,0.03275719,0.098444566,0.13567778,-1.9432016e-05,0.0010284607,-0.0091628125
91472000,0.032744907,0.09857512,0.13525647,-4.176255e-05,0.0011812493,-0.009309484
91480000,0.032731783,0.09870396,0.13484251,-1.80576e-05,0.0012406511,-0.009452039
91488000,0.032745413,0.09882659,0.13444528,9.461876e-06,0.0013550184,-0.009583277
91496000,0.03275784,0.0989479,0.13405497,1.9060762e-05,0.0015041106,-0.009715516
91504000,0.032768607,0.099068314,0.13366388,-1.8178884e-05,0.0016901721,-0.009840482
91512000,0.032777842,0.09918787,0.13327947,-1.572212e-05,0.00184909,-0.010005914
91520000,0.0328156,0.099313796,0.13291542,-1.4247564e-05,0.0019465112,-0.010110304
91528000,0.03285138,0.099438325,0.13255759,-7.4298923e-06,0.002086597,-0.01022365
91536000,0.032884978,0.099561505,0.1322061,-5.3572414e-05,0.0021767092,-0.010285732
91544000,0.0329162,0.09968307,0.1318607,-6.120641e-05,0.0022733195,-0.010396803
91552000,0.03297644,0.09980361,0.13154112,-9.230662e-06,0.0023745585,-0.01050512
91560000,0.033034634,0.0999227,0.1312269,2.4727353e-05,0.0024594697,-0.010574654
91568000,0.033090595,0.10004017,0.13091797,5.7827656e-05,0.0025040016,-0.010644835
91576000,0.03314459,0.1001561,0.13061446,0.00010265219,0.002592945,-0.010675042
91584000,0.03319663,0.10027057,0.13031624,0.0001339381,0.0026779736,-0.010746211
91592000,0.03326691,0.100388385,0.13004053,0.00020178407,0.002825966,-0.010808848
91600000,0.03333511,0.100504816,0.12976938,0.0002404433,0.0028501537,-0.010862842
91608000,0.03340074,0.10061966,0.12950252,0.00029444872,0.002975229,-0.010955635
91620000,0.033476673,0.100723505,0.12924488,0.00034785195,0.0030717433,-0.0110462
91624000,0.033550225,0.1008264,0.12899117,0.00039807212,0.0031688425,-0.011110328
91632000,0.033621628,0.100928195,0.12874153,0.00044777602,0.0032515395,-0.011154955
91640000,0.033690892,0.101029105,0.12849599,0.0004897535,0.0033756695,-0.011152444
91648000,0.03375804,0.1011293,0.12823422,0.00053168,0.0034845567,-0.01120023
91656000,0.033828165,0.101215914,0.12798864,0.00062377227,0.0035543349,-0.0112201115
91664000,0.033896413,0.10130159,0.12774727,0.00066233973,0.0035921293,-0.011242333
91672000,0.03396264,0.10138622,0.12751001,0.00071313477,0.0036219321,-0.011244872
91680000,0.03402646,0.10146951,0.12727664,0.000705216,0.0036198483,-0.011315894
91688000,0.034097783,0.1015421,0.12705189,0.00072948006,0.0036946554,-0.011305359
91696000,0.03416704,0.10161402,0.12683085,0.000797172,0.003705054,-0.011346046
91704000,0.034234367,0.101685025,0.12661341,0.0008259344,0.0037418264,-0.011350835
91712000,0.034299523,0.101755135,0.12639947,0.00084599206,0.0037441673,-0.011372475
91720000,0.034368213,0.1018095,0.12618965,0.0008966825,0.0037223962,-0.011463611
91728000,0.03443498,0.10186321,0.12598279,0.00094283355,0.0037527678,-0.011490919
91736000,0.034499846,0.10191636,0.12577884,0.0009952134,0.003761058,-0.011566249
91744000,0.03456261,0.10196873,0.1255776,0.00096959854,0.003726546,-0.011651812
91752000,0.034630127,0.10201524,0.12537083,0.0010123127,0.003735581,-0.011687829
91760000,0.034695677,0.10206155,0.12516692,0.0010331344,0.0037975498,-0.011750531
91768000,0.03475892,0.10210768,0.12496607,0.0010100021,0.0038358287,-0.011772921
91776000,0.03481982,0.10215342,0.124768004,0.0010066604,0.0038546794,-0.011816817
91784000,0.0348898,0.1021836,0.124572605,0.0010251374,0.0039194827,-0.011864772
91792000,0.03495747,0.10221363,0.124379694,0.0010419894,0.003892166,-0.011921786
91800000,0.03502306,0.102243274,0.124186695,0.0010724318,0.0038876655,-0.011970134
91808000,0.03508651,0.10227294,0.12399611,0.001094325,0.003952302,-0.012047353
91816000,0.035138745,0.10229215,0.12380397,0.0010658889,0.00396962,-0.012019492
91824000,0.035188537,0.102311246,0.12361485,0.0010548603,0.0039731087,-0.012027068
91832000,0.03523634,0.102330476,0.12342858,0.0010623502,0.0039820625,-0.012014364
91840000,0.035281993,0.1023498,0.12324487,0.0010094802,0.0040060845,-0.012057437
91848000,0.03532761,0.10234947,0.12303707,0.0010058277,0.003967215,-0.012067343
91856000,0.035371207,0.10234943,0.12283236,0.00097236567,0.003973491,-0.0121130375
91864000,0.035412665,0.10234992,0.122630775,0.00096708705,0.0039878986,-0.012089668
91872000,0.035452496,0.10235098,0.12243265,0.0010048624,0.0040191007,-0.012056771
91880000,0.035490435,0.10235257,0.12223758,0.0009579283,0.004019316,-0.012103777
91888000,0.035534658,0.10232358,0.12204525,0.001009975,0.003996636,-0.01215646
91896000,0.035577297,0.102295145,0.121855766,0.0010423587,0.0039020733,-0.012146555
91904000,0.035618216,0.10226708,0.12166904,0.0010413803,0.0038484337,-0.012163398
91912000,0.035666298,0.10221117,0.12147893,0.0010085895,0.0038175185,-0.012192015
91920000,0.0357121,0.10215662,0.12129149,0.0009794967,0.0037649237,-0.01221199
91928000,0.03575561,0.10210314,0.12110667,0.0009468086,0.003719231,-0.01224417
91936000,0.035797063,0.10205113,0.12092437,0.0009743582,0.0037388008,-0.0122650685
91944000,0.03583684,0.10200061,0.12074442,0.0009797136,0.0037203021,-0.012320654
91952000,0.035873238,0.101916954,0.12055686,0.00097797,0.0036623674,-0.012330579
91960000,0.035907403,0.101834655,0.12037206,0.000949987,0.0035620816,-0.012353133
91968000,0.03593964,0.10175377,0.1201897,0.0009593023,0.0034715894,-0.012395409
91976000,0.0359702,0.10167422,0.120009705,0.00093882054,0.0034028117,-0.012420085
91984000,0.036002528,0.10156686,0.11981918,0.00091648684,0.0033532002,-0.012443923
91992000,0.03603316,0.10146164,0.11963138,0.0009518475,0.003308929,-0.012464738
92000000,0.036062524,0.10135841,0.11944112,0.0010065187,0.003204636,-0.012506666
92008000,0.036090396,0.101256855,0.11925338,0.0009908798,0.003124195,-0.012549668
92016000,0.03613396,0.10111694,0.11905569,0.0010105583,0.0030083728,-0.012590414
92024000,0.036175575,0.10097935,0.11886077,0.0009855044,0.0028987906,-0.012632762
92032000,0.036214966,0.100843854,0.11866838,0.0010040819,0.002778342,-0.012672103
92040000,0.036252696,0.10071048,0.11847873,0.0010221764,0.0026836253,-0.012698733
92048000,0.036303677,0.1005511,0.118276775,0.00097561826,0.0025541433,-0.012800712
92056000,0.036352172,0.10039413,0.11807755,0.0009393906,0.0024227751,-0.012826977
92064000,0.036398444,0.10023959,0.117880926,0.00090521754,0.0023151655,-0.012870184
92072000,0.036442377,0.10008781,0.11768696,0.00088317733,0.0022658021,-0.01291503
92080000,0.03648468,0.099938385,0.1174956,0.00094928814,0.002094719,-0.012928044
92088000,0.036554303,0.09977936,0.11730665,0.0009832588,0.0019882836,-0.012989373
92096000,0.036621626,0.09962308,0.1171201,0.0010181216,0.0019206133,-0.013031181
92104000,0.03668657,0.099469215,0.1169309,0.0010267925,0.0017999226,-0.013086107
92112000,0.036771584,0.099313036,0.1167417,0.0010814434,0.0017150099,-0.013081302
92120000,0.036854234,0.099159405,0.11655544,0.0011179032,0.0016199335,-0.013060152
92128000,0.036934424,0.09900826,0.11637175,0.0011380705,0.0015253642,-0.013095846
92136000,0.03701212,0.09885916,0.11619039,0.0011559207,0.0013556023,-0.013105113
92144000,0.037098836,0.098707765,0.1160166,0.00116488,0.001254652,-0.013120591
92152000,0.037183147,0.098558865,0.11581431,0.0012287208,0.0011676715,-0.0132242665
92160000,0.037265003,0.0984119,0.11561446,0.001220349,0.0010101143,-0.0132761765
92168000,0.03734422,0.098266825,0.11541693,0.0012606542,0.0009187877,-0.013387378
92176000,0.037428223,0.098128185,0.115220144,0.0013156848,0.0008136591,-0.01346778
92184000,0.037509896,0.09799123,0.11502579,0.0013258248,0.00068202324,-0.013530052
92192000,0.03758921,0.09785649,0.11483371,0.0013476231,0.00066095125,-0.013584088
92200000,0.037666198,0.09772415,0.11464414,0.0013806041,0.0006087768,-0.01360412
92208000,0.037741218,0.09759388,0.11445698,0.0014282354,0.00053419406,-0.013644044
92216000,0.037839282,0.09747315,0.11427571,0.0014573206,0.00050276605,-0.013684853
92224000,0.037934802,0.09735427,0.11409666,0.0015261464,0.0004226564,-0.013715999
92232000,0.03802835,0.09723732,0.113919616,0.00161476,0.00038260207,-0.013766108
92240000,0.038119316,0.097122155,0.11374445,0.0016428808,0.0003171741,-0.01381678
92248000,0.03823557,0.0970088,0.113580614,0.0017256284,0.00026389633,-0.01388618
92256000,0.038349427,0.09689717,0.11341822,0.0018260446,0.00017556868,-0.013924509
92264000,0.03846088,0.09678721,0.11325757,0.0018936668,0.00014065186,-0.013937484
92272000,0.038569704,0.096679375,0.113098636,0.0019393588,0.00013886421,-0.013957131
92280000,0.038702194,0.09658794,0.1129345,0.0019857972,0.00013372338,-0.013983868
92288000,0.038831525,0.09649806,0.11277215,0.0020304434,7.80211e-05,-0.013995043
92296000,0.038957916,0.09640963,0.11261149,0.0020980677,2.5534082e-05,-0.014024497
92304000,0.039081696,0.09632228,0.11246209,0.0021903683,-6.8715155e-05,-0.013980364
92312000,0.039223462,0.096250534,0.112295836,0.002285891,-6.865365e-05,-0.0139537575
92320000,0.039362084,0.09618017,0.11213212,0.0023160805,-7.716996e-05,-0.013867963
92328000,0.039497733,0.09611104,0.11197059,0.0024116216,-0.00012061998,-0.013881264
92336000,0.039630532,0.09604328,0.11181104,0.0024600895,-7.516902e-05,-0.013845814
92344000,0.03977538,0.09598091,0.111635506,0.0025235456,-4.6130506e-05,-0.013834668
92352000,0.039917056,0.09591995,0.11145994,0.0025780848,-5.6465633e-05,-0.013816877
92360000,0.040055636,0.09586015,0.11128691,0.0026143175,-6.4386615e-05,-0.013784784
92368000,0.040191248,0.09580139,0.11111601,0.0027086474,-0.00010357043,-0.013835665
92376000,0.040330116,0.09576356,0.110925615,0.0027814931,-0.00012565336,-0.01388305
92384000,0.04046585,0.09572627,0.1107378,0.002841073,-0.00012527303,-0.013858525
92392000,0.04059868,0.09568989,0.110552445,0.002902299,-0.00012609555,-0.013926753
92400000,0.040729012,0.09565419,0.11035967,0.0029919178,-0.00015291548,-0.0140043255
92408000,0.040854562,0.09563052,0.11015332,0.0030115577,-0.00012434892,-0.014009591
92416000,0.04097751,0.09560749,0.10995011,0.003109935,-0.00013120557,-0.014016385
92424000,0.04109825,0.09558499,0.10974954,0.0032107728,-0.00014947368,-0.014064154
92432000,0.041216724,0.09556291,0.10955162,0.0032582341,-0.00014739556,-0.014093923
92440000,0.0413285,0.09555938,0.10934687,0.0032622525,-6.193551e-05,-0.014112351
92448000,0.04143741,0.09555664,0.10911377,0.003289027,1.5454625e-05,-0.01414595
92456000,0.04154408,0.09555472,0.10888402,0.003347787,9.034689e-05,-0.014191507
92464000,0.041648563,0.095553644,0.10865763,0.0033806663,0.00017322412,-0.014240259
92472000,0.041750785,0.09555336,0.108434394,0.0034050927,0.00023113017,-0.014267735
92480000,0.04185723,0.09555447,0.10820137,0.0033915136,0.00027215885,-0.01432191
92488000,0.041961394,0.09555618,0.10797164,0.0034577767,0.00034874582,-0.014373222
92496000,0.04206348,0.09555861,0.10774502,0.0035017675,0.00039531587,-0.014435614
92504000,0.042163137,0.0955614,0.10752964,0.0034917619,0.00040864976,-0.014487776
92512000,0.042267047,0.095563464,0.10731718,0.003514834,0.00042685546,-0.014483441
92524000,0.042368498,0.095566235,0.10710774,0.0035899607,0.0005548702,-0.014518048
92528000,0.042468075,0.09556997,0.106900975,0.003649849,0.0006202431,-0.014566201
92536000,0.04256563,0.0955743,0.10669692,0.003695679,0.00065703277,-0.01457419
92544000,0.042667802,0.09557528,0.10649109,0.0037624035,0.0006807388,-0.014563135
92552000,0.042768132,0.09557684,0.10630965,0.0038513904,0.00073881366,-0.014523312
92560000,0.042866588,0.095579095,0.106130734,0.0039111837,0.0007702086,-0.014521217
92568000,0.04296323,0.09558173,0.10595414,0.0039835027,0.00078686286,-0.014498941
92576000,0.04307157,0.09558364,0.10577485,0.0040116264,0.0008269738,-0.0144988885
92584000,0.043177612,0.095586285,0.105597645,0.0040711146,0.0008927397,-0.014535994
92592000,0.043281313,0.09558961,0.105422646,0.004099228,0.00095505227,-0.01450799
92600000,0.04338271,0.09559323,0.10524993,0.004128296,0.0009229245,-0.014498691
92608000,0.043484148,0.095593795,0.10507198,0.0042001763,0.00092195376,-0.014573393
92616000,0.043583725,0.09559483,0.10489592,0.0042577023,0.0009996655,-0.014590134
92624000,0.043681372,0.09559668,0.1047221,0.004304909,0.0010301315,-0.01458388
92632000,0.043777123,0.095598996,0.10455041,0.004357293,0.0010722972,-0.014599956
92640000,0.043883592,0.09561908,0.10437234,0.0043728603,0.0010703158,-0.014574907
92648000,0.043987803,0.09563907,0.10418928,0.0044253636,0.001095074,-0.01456296
92656000,0.044090047,0.0956591,0.10400851,0.0044673444,0.0011256193,-0.014579158
92664000,0.044190113,0.095679216,0.10383022,0.004501649,0.0011678436,-0.014546106
92672000,0.04429326,0.09572053,0.103656545,0.0045444644,0.0011900931,-0.014477831
92680000,0.044394348,0.09576153,0.10348554,0.004568568,0.0012408664,-0.014413828
92688000,0.04449348,0.09580248,0.10331707,0.0046252753,0.0013436866,-0.0144103095
92696000,0.044590835,0.09584362,0.10315041,0.004671092,0.0014233018,-0.014463943
92704000,0.044689905,0.09589654,0.10299964,0.004713801,0.0015042804,-0.014557273
92712000,0.044787336,0.09594913,0.10285023,0.004778999,0.0015455352,-0.0145322
92720000,0.044882856,0.09600127,0.1027026,0.004788331,0.0015843445,-0.014510215
92728000,0.044976365,0.0960527,0.10255648,0.004842104,0.0016167279,-0.014527042
92736000,0.045068126,0.09610399,0.102411956,0.0048601455,0.0016912716,-0.014508805
92744000,0.045162965,0.09616394,0.10226399,0.004971325,0.0017520384,-0.0145373065
92752000,0.04525667,0.09622358,0.10211849,0.005063766,0.001822486,-0.0145530645
92760000,0.04534897,0.096282974,0.10197458,0.005105675,0.0019191569,-0.014528604
92768000,0.045439687,0.096342415,0.1018323,0.005156986,0.0020320327,-0.014510068
92776000,0.045537595,0.096407,0.10168256,0.0052499715,0.002091966,-0.014472733
92784000,0.045633994,0.09647124,0.1015345,0.0052740336,0.0021668444,-0.0144759985
92792000,0.045728505,0.09653505,0.10138801,0.005291263,0.002208991,-0.014472792
92800000,0.04582119,0.09659846,0.10124275,0.0053232177,0.0023167778,-0.014461188
92808000,0.04591382,0.09664955,0.10108398,0.005372151,0.0023753215,-0.014483367
92816000,0.04600524,0.09670047,0.100926906,0.005455529,0.0024412267,-0.014483867
92824000,0.04609555,0.09675149,0.10077144,0.005548021,0.002497915,-0.014521103
92832000,0.04618479,0.0968021,0.100617334,0.005615586,0.0024856986,-0.014561894
92840000,0.046272345,0.09684139,0.10045956,0.005671533,0.0025231645,-0.0145585835
92848000,0.046358462,0.09688088,0.10030155,0.005699978,0.0025942915,-0.014561388
92856000,0.04644344,0.09692056,0.10014525,0.0057700244,0.0026412976,-0.014570573
92864000,0.046526782,0.09696056,0.09999052,0.0057638767,0.002681368,-0.014587056
92872000,0.046616834,0.09699903,0.099820584,0.0057974965,0.002722913,-0.0145924045
92880000,0.046705563,0.09703788,0.0996529,0.0058641904,0.002844918,-0.0145222265
92888000,0.04679342,0.097077705,0.09948768,0.0059803664,0.0029837757,-0.014484767
92896000,0.046880253,0.09711797,0.099324614,0.006045024,0.003055636,-0.014428343
92904000,0.046974648,0.0971454,0.099152654,0.006073948,0.0031138717,-0.014394094
92912000,0.047067568,0.09717332,0.098983034,0.0061283815,0.0031828342,-0.014375924
92920000,0.047159277,0.09720158,0.09881541,0.0062111337,0.003176367,-0.014366656
92928000,0.047249764,0.0972296,0.098649964,0.0062277275,0.0031393017,-0.014337549
92936000,0.047338597,0.097257525,0.098486304,0.006217637,0.0031777252,-0.01438672
92944000,0.047427174,0.097276375,0.09831053,0.0062550544,0.0032388219,-0.014448678
92952000,0.047514565,0.097295485,0.09815793,0.00631585,0.003214095,-0.014479857
92960000,0.047600843,0.09731451,0.098006666,0.0063648554,0.0031950197,-0.014489584
92968000,0.047670513,0.09732941,0.09784876,0.006368216,0.0031609538,-0.014515837
92976000,0.04773918,0.097344235,0.0976921,0.0064016143,0.0031539774,-0.014574679
92984000,0.047806922,0.097359456,0.09753689,0.0064115874,0.003187069,-0.014538107
92992000,0.047873557,0.09737468,0.09738363,0.0064017684,0.0031398465,-0.014498006
93000000,0.04793936,0.09739012,0.09724598,0.0064596343,0.0031914862,-0.014487323
93008000,0.04798922,0.09740481,0.09711185,0.0064254603,0.0031522373,-0.014445163
93016000,0.048038155,0.09741935,0.09697904,0.006395892,0.0031398737,-0.014427695
93024000,0.048085872,0.097433805,0.09684706,0.00630776,0.0030993016,-0.014454393
93032000,0.048132364,0.09744825,0.09671597,0.006253279,0.0031154095,-0.014463294
93040000,0.048166085,0.09745607,0.09660609,0.0061990996,0.003130583,-0.014446223
93048000,0.04819884,0.09746411,0.096510604,0.0061183297,0.0031261723,-0.014427291
93056000,0.0482306,0.09747228,0.096415386,0.00606019,0.0031026413,-0.014380346
93064000,0.04826084,0.09748065,0.09632045,0.0060643493,0.0031318357,-0.014354515
93072000,0.04826068,0.09749525,0.09625693,0.0060751326,0.0031939836,-0.014317273
93080000,0.048260387,0.097510114,0.09619303,0.0060380152,0.0032358533,-0.014244921
93088000,0.048260048,0.09752538,0.096128985,0.0059884866,0.0032569042,-0.014191116
93096000,0.048259538,0.09754083,0.09606475,0.0059273145,0.0032837659,-0.01412256
93104000,0.048229594,0.09757823,0.09602916,0.0058416645,0.003278726,-0.014074358
93112000,0.048199657,0.09761506,0.09599267,0.0057335487,0.003283874,-0.014030766
93120000,0.048170157,0.09765177,0.09595524,0.0057148626,0.0033392638,-0.013953455
93128000,0.048141208,0.09768843,0.09591724,0.0056764083,0.00338438,-0.013903608
93136000,0.048080638,0.0977496,0.095892414,0.005582306,0.0034778195,-0.01384439
93144000,0.048020843,0.09781032,0.095866606,0.0055218185,0.0035099396,-0.0137712415
93152000,0.047961567,0.09787068,0.09586835,0.005421186,0.0036014253,-0.013707459
93160000,0.047902662,0.09793057,0.095868304,0.0052847317,0.003636627,-0.0136724925
93168000,0.047818694,0.09801259,0.09587152,0.0052403826,0.00366836,-0.013642884
93176000,0.047735665,0.09809368,0.095872745,0.0050669215,0.003732399,-0.013642902
93184000,0.047653187,0.09817434,0.09587227,0.004958311,0.0038698935,-0.0135191325
93192000,0.047571756,0.09825488,0.095870435,0.0048815324,0.003977224,-0.013454626
93200000,0.0474621,0.09835912,0.09587093,0.0047205854,0.0040447,-0.013389347
93208000,0.04735355,0.09846242,0.09586993,0.0046107704,0.0041351165,-0.01330747
93216000,0.047246262,0.09856487,0.095867544,0.0045065503,0.0042302525,-0.013255675
93224000,0.047139972,0.098666385,0.09586343,0.00438975,0.004293399,-0.01321109
93232000,0.046998464,0.09877636,0.09585966,0.0041671335,0.0043720067,-0.013155273
93240000,0.046858028,0.09888532,0.095854566,0.0039558844,0.004438704,-0.01306969
93248000,0.04671847,0.09899331,0.0958709,0.0037481582,0.0045035053,-0.013028705
93256000,0.04657987,0.09910021,0.09588514,0.0035466778,0.004561831,-0.012990597
93264000,0.046441484,0.099205986,0.09589745,0.003372285,0.0046467334,-0.012927645
93272000,0.046274576,0.09931428,0.09590486,0.003195047,0.0047166096,-0.0129371425
93280000,0.04610943,0.09942162,0.09591016,0.003032147,0.00478465,-0.012908658
93288000,0.045945365,0.099527985,0.095913395,0.0028165465,0.0048235133,-0.012905822
93296000,0.04578239,0.09963336,0.095914766,0.0025788788,0.0049047517,-0.012873656
93304000,0.045593463,0.09973656,0.09591256,0.002362495,0.005016601,-0.012836394
93312000,0.045406334,0.099839196,0.095908344,0.0021978186,0.005079871,-0.012866291
93320000,0.045221042,0.09994104,0.09590222,0.0020110395,0.0051207086,-0.012836739
93328000,0.045037437,0.10004214,0.095894486,0.0018154766,0.0051918235,-0.012814616
93336000,0.0448501,0.10014026,0.09588224,0.0016255444,0.005258994,-0.012787831
93344000,0.044664554,0.10023789,0.095868856,0.0014727017,0.005320055,-0.012672354
93352000,0.04448085,0.100334935,0.09584959,0.0013113806,0.0053810603,-0.012635515
93360000,0.044298537,0.10043121,0.095829174,0.0011466437,0.0053983936,-0.012591681
93368000,0.044110242,0.100522496,0.09581281,0.0009484709,0.00544667,-0.012552124
93376000,0.043923378,0.10061351,0.09579535,0.00076651195,0.0055358643,-0.01246718
93384000,0.043737993,0.10070416,0.09577681,0.000554258,0.005585346,-0.01242206
93392000,0.043554123,0.100794636,0.09575729,0.00042500516,0.005674613,-0.012356685
93400000,0.04337795,0.100888684,0.09573379,0.00024790742,0.005664881,-0.012291103
93408000,0.043203197,0.100981794,0.095709175,0.00011683279,0.005679847,-0.0123035805
93416000,0.043029808,0.101074465,0.09568304,-9.117206e-05,0.0057675964,-0.012326413
93424000,0.0428574,0.10116686,0.09565541,-0.00026882655,0.005819498,-0.012339379
93432000,0.042702634,0.101255745,0.09563959,-0.00041565474,0.005878834,-0.012226943
93440000,0.04254912,0.10134458,0.09562291,-0.00049065845,0.005970549,-0.012153226
93448000,0.042397037,0.1014332,0.095622286,-0.00059624086,0.0060508554,-0.012135712
93456000,0.04224623,0.101522,0.09561972,-0.00070413726,0.0061592287,-0.012123752
93464000,0.042120464,0.10161775,0.09563358,-0.00086977833,0.0062282113,-0.012087662
93472000,0.04199496,0.1017131,0.09564531,-0.0010022962,0.006288185,-0.01205959
93480000,0.041869804,0.101808146,0.0956552,-0.0011601328,0.006358459,-0.012008299
93488000,0.04174502,0.10190313,0.09566291,-0.0013062268,0.0064692185,-0.012022006
93496000,0.041664667,0.102012165,0.095688105,-0.0013624879,0.0065659573,-0.011904112
93504000,0.041583937,0.10212055,0.09571588,-0.0014333528,0.0066113905,-0.011806375
93512000,0.041503377,0.102228254,0.09574169,-0.0014869149,0.00664771,-0.011752059
93524000,0.041422796,0.1023353,0.0957654,-0.0015700975,0.0067002773,-0.011665474
93528000,0.041342504,0.102441676,0.09578736,-0.0015846705,0.0067458455,-0.011586223
93536000,0.041311905,0.10256259,0.095817745,-0.0016387176,0.0069006705,-0.011492597
93544000,0.041280527,0.10268334,0.09584598,-0.001658064,0.0070180316,-0.011443143
93552000,0.041248426,0.10280366,0.09586494,-0.0017318303,0.007094105,-0.011463141
93560000,0.041215025,0.10292352,0.095881715,-0.0018615474,0.007217016,-0.011408978
93568000,0.041216854,0.10305651,0.09590572,-0.0018716851,0.007365441,-0.011401976
93576000,0.041217573,0.10318921,0.09592754,-0.0018784144,0.00748786,-0.011343894
93584000,0.041217137,0.10332135,0.095947474,-0.0018828438,0.007550226,-0.011285808
93592000,0.04121565,0.10345284,0.095965534,-0.0018969208,0.007665265,-0.011224837
93600000,0.041238103,0.10359383,0.09599587,-0.0019288191,0.00780532,-0.011138464
93608000,0.041259192,0.10373461,0.096024185,-0.0018942768,0.007975866,-0.011071786
93616000,0.041278902,0.10387522,0.096050575,-0.0019080935,0.008093123,-0.011011462
93624000,0.041297127,0.10401538,0.09607488,-0.0019255733,0.008219451,-0.010979214
93632000,0.041332457,0.104162045,0.09612684,-0.001931752,0.00833411,-0.0108640175
93640000,0.041365493,0.104308344,0.0961764,-0.001996753,0.008479588,-0.010832156
93648000,0.041396607,0.10445438,0.09622611,-0.0019979777,0.008615468,-0.010800089
93656000,0.041426353,0.10460035,0.0962732,-0.001964076,0.008784571,-0.010752341
93664000,0.04148163,0.104761116,0.09634337,-0.001958923,0.008931762,-0.010695487
93672000,0.04153469,0.104921535,0.096410334,-0.0019794358,0.009083737,-0.010672467
93680000,0.041585628,0.10508157,0.096474215,-0.0019849122,0.009222481,-0.010606186
93688000,0.041634917,0.105241284,0.0965354,-0.0019089838,0.009352971,-0.0105266115
93696000,0.04171275,0.105397746,0.09661575,-0.0018772382,0.009412065,-0.010465558
93704000,0.041788198,0.105553806,0.09669939,-0.0018477065,0.009584854,-0.010391505
93712000,0.041861247,0.10571001,0.09677976,-0.0017994689,0.009763505,-0.010364056
93720000,0.04193228,0.105866134,0.096856356,-0.001755088,0.009893019,-0.010370396
93728000,0.04203083,0.1060295,0.09693986,-0.0016694055,0.010060755,-0.0103340205
93736000,0.042127047,0.10619254,0.09702039,-0.0016124303,0.010146455,-0.010176998
93744000,0.04222081,0.106355265,0.09709813,-0.001581618,0.010306926,-0.010120457
93752000,0.04231194,0.10651783,0.09720546,-0.0015896045,0.010430322,-0.0100333635
93760000,0.042421103,0.10669507,0.09730907,-0.0015900622,0.010616276,-0.009982669
93768000,0.042527188,0.106872305,0.09740879,-0.0015584532,0.01081971,-0.00992408
93776000,0.042630922,0.10704967,0.09750478,-0.001452155,0.011013141,-0.009900322
93784000,0.042732008,0.107227065,0.09759696,-0.0014338818,0.011179601,-0.009834482
93792000,0.042830545,0.10740425,0.09768611,-0.0013685636,0.011352021,-0.009689215
93800000,0.042951334,0.10758945,0.0977817,-0.0013292275,0.011549762,-0.009635441
93808000,0.043069378,0.10777478,0.09787385,-0.0012318862,0.011734887,-0.009560291
93816000,0.043185294,0.10795987,0.09796235,-0.001093821,0.011855601,-0.00954458
93824000,0.04329893,0.108144395,0.09804754,-0.0010184601,0.011973856,-0.009454569
93832000,0.0434406,0.108334884,0.09812981,-0.0009533976,0.012151645,-0.009353758
93840000,0.043579314,0.10852538,0.09820919,-0.0008570397,0.012351383,-0.009293227
93848000,0.043714933,0.108715996,0.09827036,-0.00076454977,0.012541765,-0.009216018
93856000,0.043847874,0.10890647,0.09832887,-0.0006679148,0.0126794325,-0.009190281
93864000,0.044000134,0.109099336,0.09838247,-0.00057205756,0.012804013,-0.009119386
93872000,0.044149328,0.10929179,0.098433584,-0.00047841217,0.012957742,-0.009101286
93880000,0.044295687,0.10948415,0.09848197,-0.00038224133,0.013109331,-0.009069264
93888000,0.044439018,0.10967654,0.09852785,-0.00031003635,0.013292655,-0.009052544
93896000,0.04460218,0.109863825,0.0985484,-0.0002148783,0.01339733,-0.009058547
93904000,0.044762265,0.110050745,0.098579004,-0.000103750375,0.0134973,-0.00903733
93912000,0.04491909,0.11023757,0.098607376,-6.833388e-05,0.013663966,-0.009025747
93920000,0.045072254,0.11042455,0.09863338,1.5878031e-05,0.013818959,-0.0090405615
93928000,0.04524999,0.11061247,0.098636776,0.00015348238,0.013981632,-0.008957647
93936000,0.045424625,0.11080032,0.09863882,0.00026576224,0.014062454,-0.008935739
93944000,0.04559572,0.11098795,0.098639324,0.0003327542,0.014216487,-0.0089317635
93952000,0.045763455,0.11117567,0.098627135,0.00042064104,0.014337393,-0.008892483
93960000,0.04595327,0.111354865,0.098603904,0.0004988812,0.014477001,-0.00888294
93968000,0.046139278,0.111534335,0.098579496,0.0005799953,0.01461404,-0.008896394
93976000,0.046321813,0.111714214,0.098554045,0.00069692,0.014770912,-0.008887986
93984000,0.046501037,0.11189427,0.098527536,0.0007954543,0.014885013,-0.008926109
93992000,0.046693772,0.112054355,0.09848136,0.00090899394,0.015026068,-0.008953358
94000000,0.046883054,0.112215176,0.09843616,0.0010335818,0.015133539,-0.008946486
94008000,0.047068927,0.11237652,0.09839058,0.0011003641,0.015257224,-0.008917515
94016000,0.047251064,0.11253852,0.09834467,0.0011602278,0.015384361,-0.008899356
94024000,0.04744501,0.112681895,0.098288074,0.0012064023,0.015517629,-0.008854252
94032000,0.047635093,0.1128264,0.0982312,0.0012906779,0.015643205,-0.0089222
94040000,0.047821548,0.11297192,0.09817356,0.0013540235,0.015752938,-0.00895985
94048000,0.04800481,0.11311814,0.098089546,0.0014938873,0.01584886,-0.0089881085
94056000,0.048184685,0.113265194,0.09800613,0.0015553063,0.015933376,-0.0089356005
94064000,0.04837261,0.11338674,0.09791888,0.0016775473,0.01602057,-0.008906554
94072000,0.04855729,0.113509364,0.09783243,0.0017567391,0.016064698,-0.008900399
94080000,0.048738632,0.11363311,0.09774651,0.0018582871,0.016171109,-0.0088878935
94088000,0.048916657,0.113758095,0.097660825,0.0019089152,0.016248183,-0.008954042
94096000,0.04909868,0.11385567,0.09758261,0.0019704807,0.01629579,-0.008936053
94104000,0.04927758,0.11395486,0.09751572,0.0020917016,0.016384866,-0.008872144
94112000,0.04945348,0.11405575,0.09744905,0.0021910297,0.016462801,-0.008877429
94120000,0.049626328,0.11415814,0.09738241,0.002266151,0.01653543,-0.008857449
94128000,0.049802635,0.114226215,0.09733075,0.0024273572,0.016593138,-0.008829744
94136000,0.049976397,0.11429621,0.097279,0.0025613755,0.01659324,-0.008812792
94144000,0.050147127,0.11436794,0.09722693,0.0025954123,0.016630033,-0.0087826615
94152000,0.05031482,0.114441305,0.09715837,0.0026859879,0.016605226,-0.008765014
94160000,0.05048687,0.11447984,0.0971096,0.0027333274,0.016617814,-0.008819307
94168000,0.050656017,0.11452064,0.09706041,0.0028696156,0.01657217,-0.008790134
94176000,0.0508228,0.114563115,0.097011,0.0030065093,0.016520731,-0.008778105
94184000,0.050986767,0.114607655,0.09696108,0.003061526,0.016557856,-0.00879491
94192000,0.051168434,0.11460366,0.096938714,0.0031619933,0.016523488,-0.008746125
94200000,0.051346805,0.11460252,0.096911415,0.0032720244,0.016500702,-0.0087372735
94208000,0.051522356,0.11460435,0.0968833,0.0033757293,0.016498158,-0.00873667
94216000,0.05169501,0.11460893,0.09685418,0.0034554973,0.016454503,-0.008731356
94224000,0.05188694,0.114557885,0.096844435,0.0035963748,0.016348075,-0.008683068
94232000,0.052076153,0.114510246,0.096833736,0.0037519678,0.016301658,-0.008637589
94240000,0.052262437,0.114466466,0.09682211,0.0038513518,0.01628796,-0.008571207
94248000,0.052445617,0.114426166,0.096798,0.0039110044,0.01624965,-0.008557256
94256000,0.052650534,0.11432586,0.096790165,0.004045545,0.016151847,-0.008472797
94264000,0.05285214,0.114229925,0.09678143,0.0041315686,0.01608082,-0.008432322
94272000,0.053049922,0.11413813,0.09677164,0.004218483,0.015978577,-0.008406452
94280000,0.053244535,0.11405025,0.09676099,0.0043371436,0.015879061,-0.008339883
94288000,0.053444844,0.11392106,0.0967706,0.0044480353,0.01578055,-0.008309014
94296000,0.05364224,0.113796495,0.096778765,0.004614842,0.015638806,-0.008260493
94304000,0.05383677,0.113676116,0.09680544,0.004719241,0.015498983,-0.0082063945
94312000,0.05402824,0.11356003,0.096830174,0.004827585,0.015406132,-0.008170843
94320000,0.054216538,0.113447994,0.09685327,0.0048947902,0.015254038,-0.008106881
94328000,0.054404538,0.11328908,0.09689245,0.0049909777,0.015137999,-0.008054628
94336000,0.05458955,0.113135226,0.096929446,0.0050926325,0.015038587,-0.008022141
94344000,0.05477139,0.112986535,0.096964344,0.0051806862,0.014967054,-0.007991218
94352000,0.054950345,0.11284253,0.09698708,0.005245439,0.0148025025,-0.007952451
94360000,0.055133548,0.11265965,0.09702207,0.005257009,0.014614231,-0.007883455
94368000,0.055313505,0.112481736,0.097055376,0.005311529,0.014449573,-0.00782127
94376000,0.055490367,0.112308785,0.0970868,0.0053756204,0.014307491,-0.007757086
94384000,0.05566432,0.1121407,0.09711632,0.005435618,0.014165868,-0.007741747
94392000,0.055831786,0.11194784,0.09716572,0.0055022067,0.014033778,-0.0077254116
94400000,0.055996455,0.11176007,0.09720552,0.005542743,0.013852109,-0.0076706526
94408000,0.05615808,0.11157716,0.09724322,0.0056069186,0.013657557,-0.0076268367
94416000,0.056317184,0.111398935,0.09727892,0.005709736,0.01351632,-0.007609173
94424000,0.056466732,0.11119404,0.0973341,0.005787802,0.013394277,-0.0075389543
94432000,0.05661365,0.11099461,0.09738688,0.0057796985,0.013246875,-0.007515078
94440000,0.056757722,0.11080045,0.09743738,0.005764524,0.013090279,-0.0074343164
94448000,0.05689895,0.110611536,0.097486615,0.0057582683,0.012981757,-0.00738208
94456000,0.057037693,0.11042771,0.09753393,0.0058061355,0.012806663,-0.007284674
94464000,0.057168532,0.110228226,0.0975979,0.0058096647,0.012648111,-0.0072320797
94472000,0.057297017,0.11003396,0.09765938,0.0058373543,0.012504955,-0.007166685
94480000,0.0574232,0.10984458,0.09771842,0.005891227,0.012324486,-0.0071358057
94488000,0.057558037,0.109643616,0.09780517,0.00587808,0.012181093,-0.007092885
94496000,0.057690453,0.10944806,0.09788884,0.005924724,0.012068134,-0.0070536556
94504000,0.057820585,0.109257795,0.097979754,0.005929611,0.011960755,-0.006929684
94512000,0.057948247,0.10907273,0.098067835,0.0059526153,0.011830672,-0.0068694833
94520000,0.058092453,0.10886904,0.0981829,0.0059888465,0.011706756,-0.0068635484
94528000,0.058234233,0.108670905,0.09829417,0.006059692,0.011604076,-0.00677877
94536000,0.058373626,0.108478114,0.09840195,0.006083109,0.011476673,-0.006738235
94544000,0.05851049,0.108290605,0.09850615,0.0061142338,0.011385637,-0.006684618
94552000,0.058674727,0.10808944,0.09865627,0.006208737,0.011239978,-0.006621983
94560000,0.058836404,0.1078937,0.098802194,0.006285816,0.01114762,-0.00649435
94568000,0.058995385,0.10770332,0.09894416,0.006337063,0.011036986,-0.006396204
94576000,0.059151404,0.10751819,0.09908205,0.006340525,0.010949573,-0.006324369
94584000,0.05930456,0.10733811,0.099215925,0.0064039193,0.010819739,-0.0062691416
94592000,0.05949371,0.10713102,0.099361256,0.0064508254,0.010661958,-0.0062420736
94600000,0.05967931,0.10692908,0.099504754,0.00651529,0.010513518,-0.006175981
94608000,0.059861667,0.10673234,0.09964411,0.0065576793,0.0103723705,-0.006113769
94616000,0.06004072,0.106540404,0.09977943,0.006592098,0.010205243,-0.0060408954
94624000,0.060241684,0.10633901,0.09993011,0.0067027113,0.010064961,-0.0060313763
94632000,0.06043955,0.10614268,0.10007627,0.0067993607,0.009898162,-0.005933092
94640000,0.060634285,0.105951294,0.1002187,0.006939964,0.0097725075,-0.0058049406
94648000,0.06082632,0.105764724,0.10037018,0.0070500155,0.009604757,-0.005722659
94656000,0.06104308,0.105551235,0.1005415,0.007114025,0.009476043,-0.00564617
94664000,0.061256006,0.105343476,0.1007081,0.007163276,0.009377369,-0.0055801813
94672000,0.061465167,0.10514125,0.10087015,0.0072251693,0.009291292,-0.005488199
94680000,0.061670925,0.10494466,0.10102783,0.007316478,0.009220286,-0.005416589
94688000,0.06189384,0.10472792,0.101203665,0.007441954,0.009079847,-0.005336712
94696000,0.062113527,0.1045168,0.10137504,0.007577701,0.008971101,-0.0051885033
94704000,0.062329855,0.104311146,0.101538196,0.007672314,0.0088504385,-0.0051049246
94712000,0.06254274,0.10411082,0.10169698,0.0077454196,0.008744384,-0.0050468943
94720000,0.06276683,0.10388846,0.101875484,0.007789265,0.008602328,-0.004951478
94728000,0.06298706,0.10367135,0.10204947,0.007873621,0.008422937,-0.00486425
94736000,0.063203916,0.10345967,0.10221879,0.007989335,0.008311994,-0.0048076143
94744000,0.06341749,0.10325341,0.1023837,0.008045399,0.008203201,-0.0046991785
94752000,0.06364208,0.103023455,0.102568716,0.008097595,0.00801663,-0.004645568
94760000,0.06386256,0.10279883,0.10274884,0.008164868,0.007866659,-0.0045485073
94768000,0.064079516,0.10257973,0.10292414,0.008258182,0.0077544823,-0.004541147
94776000,0.06429292,0.10236631,0.10309452,0.008313233,0.007662578,-0.004444255
94784000,0.06451132,0.102140404,0.10327278,0.008363233,0.007559409,-0.0043103653
94792000,0.06472606,0.101920016,0.10344653,0.008425889,0.0074045775,-0.004267671
94800000,0.06493727,0.10170504,0.103613004,0.008530577,0.0073020086,-0.0042801793
94808000,0.065145515,0.101495445,0.103774965,0.008658004,0.007182931,-0.0041630366
94816000,0.06534467,0.10128901,0.10394412,0.008641636,0.007058556,-0.0040858374
94824000,0.065539725,0.10108768,0.10410909,0.008614609,0.006941958,-0.00395561
94832000,0.06573092,0.10089099,0.104270265,0.008676118,0.0067600864,-0.0038440977
94840000,0.06591879,0.10069895,0.10442746,0.008677563,0.0066574956,-0.0037757866
94848000,0.06610343,0.10051154,0.10458726,0.008735935,0.0064991144,-0.0037478707
94856000,0.066268764,0.100329906,0.10476236,0.008759681,0.006366778,-0.0036739288
94864000,0.06643128,0.10015293,0.10493289,0.008754541,0.006288272,-0.0036184222
94872000,0.06659048,0.099980816,0.10509901,0.008705353,0.0062545477,-0.0035629482
94880000,0.066746466,0.099813156,0.10526082,0.00870436,0.0061233984,-0.0034997584
94888000,0.06689064,0.099651396,0.10543473,0.008759878,0.0060429284,-0.0033789133
94896000,0.06703231,0.09949387,0.10560472,0.008761492,0.005944855,-0.0032597496
94904000,0.06717112,0.09934038,0.105759874,0.00877375,0.005862845,-0.00324675
94912000,0.067307554,0.09919059,0.10591103,0.008784739,0.0056994436,-0.0031714358
94920000,0.067429535,0.09904057,0.1060774,0.008744291,0.005616487,-0.0030891816
94928000,0.06754911,0.098894544,0.106239796,0.0087399185,0.0055488627,-0.00298987
94936000,0.06766634,0.09875235,0.10639836,0.008723935,0.005444496,-0.002900643
94944000,0.067781456,0.09861391,0.10655315,0.008727135,0.0053906385,-0.0028193784
94952000,0.067897774,0.09847066,0.10673812,0.008689757,0.005330745,-0.0027907253
94960000,0.06801177,0.09833118,0.106918365,0.008704349,0.0052345563,-0.0026986129
94968000,0.068123184,0.09819553,0.10709426,0.008660768,0.0052029896,-0.0026350284
94976000,0.06823213,0.098063566,0.107265815,0.008625269,0.005122336,-0.0025294104
94984000,0.068336666,0.09792491,0.10744771,0.008606835,0.005046857,-0.0024343035
94992000,0.06843901,0.097790025,0.107625276,0.008607319,0.004987004,-0.002355054
95000000,0.068539456,0.097658776,0.10780032,0.008599332,0.00493842,-0.0023425333
95008000,0.0686379,0.09753138,0.1079707,0.008595079,0.0049053403,-0.0023143252
95016000,0.06872653,0.09739371,0.108143374,0.008498147,0.004860511,-0.0022071095
95024000,0.06881267,0.09725952,0.108312145,0.008454313,0.0047158035,-0.0021199665
95032000,0.068896905,0.09712838,0.10847698,0.008406161,0.0046093035,-0.0020182196
95040000,0.068978816,0.09700051,0.10863769,0.008357643,0.004543182,-0.0020125872
95048000,0.069047734,0.09685741,0.10879783,0.0083048185,0.004448544,-0.0019176817
95056000,0.06911481,0.09671785,0.108954266,0.008246629,0.0043606968,-0.001864402
95064000,0.06918018,0.096581705,0.109106764,0.008210887,0.00425426,-0.0018184276
95072000,0.069243886,0.09644868,0.10925554,0.008134971,0.0041372245,-0.001768834
95080000,0.06930353,0.09630307,0.109413445,0.008091651,0.003991471,-0.0017062417
95088000,0.06936168,0.09616072,0.10956748,0.008039457,0.0039029915,-0.0016908541
95096000,0.06941812,0.0960216,0.10971767,0.007962139,0.003783912,-0.0015853131
95104000,0.069472775,0.09588539,0.10985698,0.007850517,0.003667858,-0.0015032612
95112000,0.06952518,0.09575207,0.109993055,0.0077789677,0.0035402747,-0.001424221
95120000,0.069588386,0.09560444,0.11012854,0.007711956,0.0034621207,-0.0013478064
