timestamp,x_true,y_true,z_true,vx_true,vy_true,vz_true
6608000,1.2913587e-18,-9.073049e-19,0.013002187,0.0,0.0,0.0
6628000,1.2913587e-18,-9.073049e-19,0.013002187,0.0,0.0,0.0
6648000,1.2913587e-18,-9.073049e-19,0.013002187,0.0,0.0,0.0
6668000,1.2913587e-18,-9.073049e-19,0.013002187,0.0,0.0,0.0
6688000,1.3574478e-18,-6.6271234e-19,0.013001186,3.3044581e-18,1.2229629e-17,-5.0088052e-05
6708000,1.3574478e-18,-6.6271234e-19,0.013001186,0.0,0.0,0.0
6728000,1.3574478e-18,-6.6271234e-19,0.013001186,0.0,0.0,0.0
6744000,1.3574478e-18,-6.6271234e-19,0.013001186,0.0,0.0,0.0
6764000,1.3574478e-18,-6.6271234e-19,0.013001186,0.0,0.0,0.0
6784000,1.3574478e-18,-6.6271234e-19,0.013001186,0.0,0.0,0.0
6804000,1.3574478e-18,-6.6271234e-19,0.013001186,0.0,0.0,0.0
6824000,1.3574478e-18,-6.6271234e-19,0.013001186,0.0,0.0,0.0
6844000,1.3574478e-18,-6.6271234e-19,0.013001186,0.0,0.0,0.0
6864000,1.3574478e-18,-6.6271234e-19,0.013001186,0.0,0.0,0.0
6884000,1.3574478e-18,-6.6271234e-19,0.013001186,0.0,0.0,0.0
6904000,1.3574478e-18,-6.6271234e-19,0.013001186,0.0,0.0,0.0
6924000,1.3574478e-18,-6.6271234e-19,0.013001186,0.0,0.0,0.0
6944000,1.3574478e-18,-6.6271234e-19,0.013001186,0.0,0.0,0.0
6964000,1.3574478e-18,-6.6271234e-19,0.013001186,0.0,0.0,0.0
6984000,1.3574478e-18,-6.6271234e-19,0.013001186,0.0,0.0,0.0
7004000,1.3574478e-18,-6.6271234e-19,0.013001186,0.0,0.0,0.0
7024000,1.3574478e-18,-6.6271234e-19,0.013001186,0.0,0.0,0.0
7044000,1.3574478e-18,-6.6271234e-19,0.013001186,0.0,0.0,0.0
7064000,1.3574478e-18,-6.6271234e-19,0.013001186,0.0,0.0,0.0
7084000,1.3574478e-18,-6.6271234e-19,0.013001186,0.0,0.0,0.0
7104000,1.3574478e-18,-6.6271234e-19,0.013001186,0.0,0.0,0.0
7124000,1.3574478e-18,-6.6271234e-19,0.013001186,0.0,0.0,0.0
7144000,1.3574478e-18,-6.6271234e-19,0.013001186,0.0,0.0,0.0
7164000,1.3574478e-18,-6.6271234e-19,0.013001186,0.0,0.0,0.0
7184000,1.3574478e-18,-6.6271234e-19,0.013001186,0.0,0.0,0.0
7204000,1.3574478e-18,-6.6271234e-19,0.013001186,0.0,0.0,0.0
7224000,1.3574478e-18,-6.6271234e-19,0.013001186,0.0,0.0,0.0
7244000,1.3574478e-18,-6.6271234e-19,0.013001186,0.0,0.0,0.0
7264000,1.3574478e-18,-6.6271234e-19,0.013001186,0.0,0.0,0.0
7284000,1.3574478e-18,-6.6271234e-19,0.013001186,0.0,0.0,0.0
7304000,1.3574478e-18,-6.6271234e-19,0.013001186,0.0,0.0,0.0
7324000,1.3574478e-18,-6.6271234e-19,0.013001186,0.0,0.0,0.0
7344000,1.3574478e-18,-6.6271234e-19,0.013001186,0.0,0.0,0.0
7364000,1.3574478e-18,-6.6271234e-19,0.013001186,0.0,0.0,0.0
7384000,1.3574478e-18,-6.6271234e-19,0.013001186,0.0,0.0,0.0
7404000,1.3574478e-18,-6.6271234e-19,0.013001186,0.0,0.0,0.0
7424000,1.3574478e-18,-6.6271234e-19,0.013001186,0.0,0.0,0.0
7444000,1.3574478e-18,-6.6271234e-19,0.013001186,0.0,0.0,0.0
7464000,1.3574478e-18,-6.6271234e-19,0.013001186,0.0,0.0,0.0
7484000,1.3574478e-18,-6.6271234e-19,0.013001186,0.0,0.0,0.0
7504000,1.3574478e-18,-6.6271234e-19,0.013001186,0.0,0.0,0.0
7524000,1.3574478e-18,-6.6271234e-19,0.013001186,0.0,0.0,0.0
7544000,1.3574478e-18,-6.6271234e-19,0.013001186,0.0,0.0,0.0
7564000,1.3574478e-18,-6.6271234e-19,0.013001186,0.0,0.0,0.0
7584000,1.3574478e-18,-6.6271234e-19,0.013001186,0.0,0.0,0.0
7604000,1.4321959e-18,-5.6837575e-19,0.013000185,3.737402e-18,4.716829e-18,-5.0048428e-05
7624000,1.4321959e-18,-5.6837575e-19,0.013000185,0.0,0.0,0.0
7644000,1.4321959e-18,-5.6837575e-19,0.013000185,0.0,0.0,0.0
7664000,1.4321959e-18,-5.6837575e-19,0.013000185,0.0,0.0,0.0
7684000,1.4321959e-18,-5.6837575e-19,0.013000185,0.0,0.0,0.0
7704000,1.4321959e-18,-5.6837575e-19,0.013000185,0.0,0.0,0.0
7724000,1.4321959e-18,-5.6837575e-19,0.013000185,0.0,0.0,0.0
7744000,1.4321959e-18,-5.6837575e-19,0.013000185,0.0,0.0,0.0
7764000,1.4321959e-18,-5.6837575e-19,0.013000185,0.0,0.0,0.0
7784000,1.4321959e-18,-5.6837575e-19,0.013000185,0.0,0.0,0.0
7804000,1.4321959e-18,-5.6837575e-19,0.013000185,0.0,0.0,0.0
7824000,1.4321959e-18,-5.6837575e-19,0.013000185,0.0,0.0,0.0
7844000,1.4321959e-18,-5.6837575e-19,0.013000185,0.0,0.0,0.0
7864000,1.4321959e-18,-5.6837575e-19,0.013000185,0.0,0.0,0.0
7884000,1.4321959e-18,-5.6837575e-19,0.013000185,0.0,0.0,0.0
7904000,1.4321959e-18,-5.6837575e-19,0.013000185,0.0,0.0,0.0
7924000,1.4321959e-18,-5.6837575e-19,0.013000185,0.0,0.0,0.0
7944000,1.4321959e-18,-5.6837575e-19,0.013000185,0.0,0.0,0.0
7964000,1.4321959e-18,-5.6837575e-19,0.013000185,0.0,0.0,0.0
7984000,1.4321959e-18,-5.6837575e-19,0.013000185,0.0,0.0,0.0
8004000,1.4321959e-18,-5.6837575e-19,0.013000185,0.0,0.0,0.0
8024000,1.4321959e-18,-5.6837575e-19,0.013000185,0.0,0.0,0.0
8044000,1.4321959e-18,-5.6837575e-19,0.013000185,0.0,0.0,0.0
8064000,1.4321959e-18,-5.6837575e-19,0.013000185,0.0,0.0,0.0
8084000,1.4321959e-18,-5.6837575e-19,0.013000185,0.0,0.0,0.0
8104000,1.4321959e-18,-5.6837575e-19,0.013000185,0.0,0.0,0.0
8124000,1.4321959e-18,-5.6837575e-19,0.013000185,0.0,0.0,0.0
8144000,1.4321959e-18,-5.6837575e-19,0.013000185,0.0,0.0,0.0
8164000,1.4321959e-18,-5.6837575e-19,0.013000185,0.0,0.0,0.0
8184000,1.4321959e-18,-5.6837575e-19,0.013000185,0.0,0.0,0.0
8204000,1.4321959e-18,-5.6837575e-19,0.013000185,0.0,0.0,0.0
8224000,1.4321959e-18,-5.6837575e-19,0.013000185,0.0,0.0,0.0
8244000,1.4321959e-18,-5.6837575e-19,0.013000185,0.0,0.0,0.0
8264000,1.4321959e-18,-5.6837575e-19,0.013000185,0.0,0.0,0.0
8284000,1.4321959e-18,-5.6837575e-19,0.013000185,0.0,0.0,0.0
8304000,1.4321959e-18,-5.6837575e-19,0.013000185,0.0,0.0,0.0
8324000,1.4321959e-18,-5.6837575e-19,0.013000185,0.0,0.0,0.0
8344000,1.4321959e-18,-5.6837575e-19,0.013000185,0.0,0.0,0.0
8364000,1.4321959e-18,-5.6837575e-19,0.013000185,0.0,0.0,0.0
8384000,1.4321959e-18,-5.6837575e-19,0.013000185,0.0,0.0,0.0
8404000,1.4321959e-18,-5.6837575e-19,0.013000185,0.0,0.0,0.0
8424000,1.4321959e-18,-5.6837575e-19,0.013000185,0.0,0.0,0.0
8444000,1.4321959e-18,-5.6837575e-19,0.013000185,0.0,0.0,0.0
8464000,1.4321959e-18,-5.6837575e-19,0.013000185,0.0,0.0,0.0
8484000,1.4321959e-18,-5.6837575e-19,0.013000185,0.0,0.0,0.0
8504000,1.4321959e-18,-5.6837575e-19,0.013000185,0.0,0.0,0.0
8524000,1.4321959e-18,-5.6837575e-19,0.013000185,0.0,0.0,0.0
8544000,1.4321959e-18,-5.6837575e-19,0.013000185,0.0,0.0,0.0
8564000,1.4321959e-18,-5.6837575e-19,0.013000185,0.0,0.0,0.0
8584000,1.4321959e-18,-5.6837575e-19,0.013000185,0.0,0.0,0.0
8604000,1.4321959e-18,-5.6837575e-19,0.013000185,0.0,0.0,0.0
8624000,1.4321959e-18,-5.6837575e-19,0.013000185,0.0,0.0,0.0
8644000,1.4321959e-18,-5.6837575e-19,0.013000185,0.0,0.0,0.0
8664000,1.4321959e-18,-5.6837575e-19,0.013000185,0.0,0.0,0.0
8684000,1.4321959e-18,-5.6837575e-19,0.013000185,0.0,0.0,0.0
8704000,1.4321959e-18,-5.6837575e-19,0.013000185,0.0,0.0,0.0
8724000,1.4321959e-18,-5.6837575e-19,0.013000185,0.0,0.0,0.0
8744000,1.4321959e-18,-5.6837575e-19,0.013000185,0.0,0.0,0.0
8760000,1.4321959e-18,-5.6837575e-19,0.013000185,0.0,0.0,0.0
8780000,1.4321959e-18,-5.6837575e-19,0.013000185,0.0,0.0,0.0
8800000,1.4321959e-18,-5.6837575e-19,0.013000185,0.0,0.0,0.0
8820000,1.4321959e-18,-5.6837575e-19,0.013000185,0.0,0.0,0.0
8840000,1.4321959e-18,-5.6837575e-19,0.013000185,0.0,0.0,0.0
8860000,1.4321959e-18,-5.6837575e-19,0.013000185,0.0,0.0,0.0
8880000,1.4321959e-18,-5.6837575e-19,0.013000185,0.0,0.0,0.0
8900000,1.4321959e-18,-5.6837575e-19,0.013000185,0.0,0.0,0.0
8920000,1.4321959e-18,-5.6837575e-19,0.013000185,0.0,0.0,0.0
8940000,1.4321959e-18,-5.6837575e-19,0.013000185,0.0,0.0,0.0
8960000,1.4321959e-18,-5.6837575e-19,0.013000185,0.0,0.0,0.0
8980000,1.4321959e-18,-5.6837575e-19,0.013000185,0.0,0.0,0.0
9000000,1.4321959e-18,-5.6837575e-19,0.013000185,0.0,0.0,0.0
9020000,1.4321959e-18,-5.6837575e-19,0.013000185,0.0,0.0,0.0
9040000,1.4321959e-18,-5.6837575e-19,0.013000185,0.0,0.0,0.0
9060000,1.4321959e-18,-5.6837575e-19,0.013000185,0.0,0.0,0.0
9080000,1.4321959e-18,-5.6837575e-19,0.013000185,0.0,0.0,0.0
9100000,1.4321959e-18,-5.6837575e-19,0.013000185,0.0,0.0,0.0
9120000,1.4321959e-18,-5.6837575e-19,0.013000185,0.0,0.0,0.0
9140000,1.4321959e-18,-5.6837575e-19,0.013000185,0.0,0.0,0.0
9160000,1.4321959e-18,-5.6837575e-19,0.013000185,0.0,0.0,0.0
9180000,1.4321959e-18,-5.6837575e-19,0.013000185,0.0,0.0,0.0
9200000,1.4321959e-18,-5.6837575e-19,0.013000185,0.0,0.0,0.0
9220000,1.4321959e-18,-5.6837575e-19,0.013000185,0.0,0.0,0.0
9240000,1.4321959e-18,-5.6837575e-19,0.013000185,0.0,0.0,0.0
9260000,1.4321959e-18,-5.6837575e-19,0.013000185,0.0,0.0,0.0
9280000,1.4321959e-18,-5.6837575e-19,0.013000185,0.0,0.0,0.0
9300000,1.4321959e-18,-5.6837575e-19,0.013000185,0.0,0.0,0.0
9320000,1.4321959e-18,-5.6837575e-19,0.013000185,0.0,0.0,0.0
9340000,1.4321959e-18,-5.6837575e-19,0.013000185,0.0,0.0,0.0
9360000,1.4321959e-18,-5.6837575e-19,0.013000185,0.0,0.0,0.0
9380000,1.4321959e-18,-5.6837575e-19,0.013000185,0.0,0.0,0.0
9400000,1.4321959e-18,-5.6837575e-19,0.013000185,0.0,0.0,0.0
9420000,1.4321959e-18,-5.6837575e-19,0.013000185,0.0,0.0,0.0
9440000,1.4321959e-18,-5.6837575e-19,0.013000185,0.0,0.0,0.0
9460000,1.4321959e-18,-5.6837575e-19,0.013000185,0.0,0.0,0.0
9480000,1.4321959e-18,-5.6837575e-19,0.013000185,0.0,0.0,0.0
9500000,1.4321959e-18,-5.6837575e-19,0.013000185,0.0,0.0,0.0
9520000,1.4321959e-18,-5.6837575e-19,0.013000185,0.0,0.0,0.0
9540000,1.4321959e-18,-5.6837575e-19,0.013000185,0.0,0.0,0.0
9560000,1.4321959e-18,-5.6837575e-19,0.013000185,0.0,0.0,0.0
9580000,1.4321959e-18,-5.6837575e-19,0.013000185,0.0,0.0,0.0
9600000,1.4321959e-18,-5.6837575e-19,0.013000185,0.0,0.0,0.0
9620000,1.4321959e-18,-5.6837575e-19,0.013000185,0.0,0.0,0.0
9640000,1.4321959e-18,-5.6837575e-19,0.013000185,0.0,0.0,0.0
9660000,1.4321959e-18,-5.6837575e-19,0.013000185,0.0,0.0,0.0
9680000,1.4321959e-18,-5.6837575e-19,0.013000185,0.0,0.0,0.0
9700000,1.4321959e-18,-5.6837575e-19,0.013000185,0.0,0.0,0.0
9720000,1.4321959e-18,-5.6837575e-19,0.013000185,0.0,0.0,0.0
9740000,1.4321959e-18,-5.6837575e-19,0.013000185,0.0,0.0,0.0
9760000,1.4321959e-18,-5.6837575e-19,0.013000185,0.0,0.0,0.0
9780000,1.4321959e-18,-5.6837575e-19,0.013000185,0.0,0.0,0.0
9800000,1.4321959e-18,-5.6837575e-19,0.013000185,0.0,0.0,0.0
9820000,1.4321959e-18,-5.6837575e-19,0.013000185,0.0,0.0,0.0
9840000,1.4321959e-18,-5.6837575e-19,0.013000185,0.0,0.0,0.0
9860000,1.4321959e-18,-5.6837575e-19,0.013000185,0.0,0.0,0.0
9880000,1.4321959e-18,-5.6837575e-19,0.013000185,0.0,0.0,0.0
9900000,1.4321959e-18,-5.6837575e-19,0.013000185,0.0,0.0,0.0
9920000,1.4321959e-18,-5.6837575e-19,0.013000185,0.0,0.0,0.0
9940000,1.4321959e-18,-5.6837575e-19,0.013000185,0.0,0.0,0.0
9960000,1.4321959e-18,-5.6837575e-19,0.013000185,0.0,0.0,0.0
9980000,1.4321959e-18,-5.6837575e-19,0.013000185,0.0,0.0,0.0
10000000,1.4321959e-18,-5.6837575e-19,0.013000185,0.0,0.0,0.0
10020000,1.4321959e-18,-5.6837575e-19,0.013000185,0.0,0.0,0.0
10040000,1.4321959e-18,-5.6837575e-19,0.013000185,0.0,0.0,0.0
10060000,1.4321959e-18,-5.6837575e-19,0.013000185,0.0,0.0,0.0
10080000,1.4321959e-18,-5.6837575e-19,0.013000185,0.0,0.0,0.0
10100000,1.4321959e-18,-5.6837575e-19,0.013000185,0.0,0.0,0.0
10120000,1.4321959e-18,-5.6837575e-19,0.013000185,0.0,0.0,0.0
10140000,1.4321959e-18,-5.6837575e-19,0.013000185,0.0,0.0,0.0
10160000,1.4321959e-18,-5.6837575e-19,0.013000185,0.0,0.0,0.0
10180000,1.4321959e-18,-5.6837575e-19,0.013000185,0.0,0.0,0.0
10200000,1.4321959e-18,-5.6837575e-19,0.013000185,0.0,0.0,0.0
10220000,1.4321959e-18,-5.6837575e-19,0.013000185,0.0,0.0,0.0
10240000,1.4321959e-18,-5.6837575e-19,0.013000185,0.0,0.0,0.0
10260000,1.4321959e-18,-5.6837575e-19,0.013000185,0.0,0.0,0.0
10280000,1.4321959e-18,-5.6837575e-19,0.013000185,0.0,0.0,0.0
10300000,1.4321959e-18,-5.6837575e-19,0.013000185,0.0,0.0,0.0
10320000,1.4321959e-18,-5.6837575e-19,0.013000185,0.0,0.0,0.0
10340000,1.4321959e-18,-5.6837575e-19,0.013000185,0.0,0.0,0.0
10360000,1.4321959e-18,-5.6837575e-19,0.013000185,0.0,0.0,0.0
10380000,1.4321959e-18,-5.6837575e-19,0.013000185,0.0,0.0,0.0
10400000,1.4321959e-18,-5.6837575e-19,0.013000185,0.0,0.0,0.0
10420000,1.4321959e-18,-5.6837575e-19,0.013000185,0.0,0.0,0.0
10440000,1.4321959e-18,-5.6837575e-19,0.013000185,0.0,0.0,0.0
10460000,1.4321959e-18,-5.6837575e-19,0.013000185,0.0,0.0,0.0
10480000,1.4321959e-18,-5.6837575e-19,0.013000185,0.0,0.0,0.0
10500000,1.4321959e-18,-5.6837575e-19,0.013000185,0.0,0.0,0.0
10520000,1.4321959e-18,-5.6837575e-19,0.013000185,0.0,0.0,0.0
10540000,1.4321959e-18,-5.6837575e-19,0.013000185,0.0,0.0,0.0
10560000,1.4321959e-18,-5.6837575e-19,0.013000185,0.0,0.0,0.0
10580000,1.4321959e-18,-5.6837575e-19,0.013000185,0.0,0.0,0.0
10600000,1.4321959e-18,-5.6837575e-19,0.013000185,0.0,0.0,0.0
10620000,1.4321959e-18,-5.6837575e-19,0.013000185,0.0,0.0,0.0
10640000,1.4321959e-18,-5.6837575e-19,0.013000185,0.0,0.0,0.0
10660000,1.4321959e-18,-5.6837575e-19,0.013000185,0.0,0.0,0.0
10680000,1.4321959e-18,-5.6837575e-19,0.013000185,0.0,0.0,0.0
10700000,1.4321959e-18,-5.6837575e-19,0.013000185,0.0,0.0,0.0
10720000,1.4321959e-18,-5.6837575e-19,0.013000185,0.0,0.0,0.0
10740000,1.4321959e-18,-5.6837575e-19,0.013000185,0.0,0.0,0.0
10760000,1.4321959e-18,-5.6837575e-19,0.013000185,0.0,0.0,0.0
10780000,1.4321959e-18,-5.6837575e-19,0.013000185,0.0,0.0,0.0
10800000,1.4321959e-18,-5.6837575e-19,0.013000185,0.0,0.0,0.0
10820000,1.4321959e-18,-5.6837575e-19,0.013000185,0.0,0.0,0.0
10840000,1.4321959e-18,-5.6837575e-19,0.013000185,0.0,0.0,0.0
10860000,1.4321959e-18,-5.6837575e-19,0.013000185,0.0,0.0,0.0
10880000,1.4321959e-18,-5.6837575e-19,0.013000185,0.0,0.0,0.0
10900000,1.4321959e-18,-5.6837575e-19,0.013000185,0.0,0.0,0.0
10920000,1.4321959e-18,-5.6837575e-19,0.013000185,0.0,0.0,0.0
10940000,1.4321959e-18,-5.6837575e-19,0.013000185,0.0,0.0,0.0
10960000,1.4321959e-18,-5.6837575e-19,0.013000185,0.0,0.0,0.0
10980000,1.4321959e-18,-5.6837575e-19,0.013000185,0.0,0.0,0.0
11000000,1.4321959e-18,-5.6837575e-19,0.013000185,0.0,0.0,0.0
11020000,1.4321959e-18,-5.6837575e-19,0.013000185,0.0,0.0,0.0
11040000,1.4321959e-18,-5.6837575e-19,0.013000185,0.0,0.0,0.0
11060000,1.4321959e-18,-5.6837575e-19,0.013000185,0.0,0.0,0.0
11080000,1.4321959e-18,-5.6837575e-19,0.013000185,0.0,0.0,0.0
11096000,1.4321959e-18,-5.6837575e-19,0.013000185,0.0,0.0,0.0
11116000,1.4321959e-18,-5.6837575e-19,0.013000185,0.0,0.0,0.0
11136000,1.4321959e-18,-5.6837575e-19,0.013000185,0.0,0.0,0.0
11156000,1.4321959e-18,-5.6837575e-19,0.013000185,0.0,0.0,0.0
11176000,1.4321959e-18,-5.6837575e-19,0.013000185,0.0,0.0,0.0
11196000,1.4321959e-18,-5.6837575e-19,0.013000185,0.0,0.0,0.0
11216000,1.4321959e-18,-5.6837575e-19,0.013000185,0.0,0.0,0.0
11236000,1.4321959e-18,-5.6837575e-19,0.013000185,0.0,0.0,0.0
11252000,1.4321959e-18,-5.6837575e-19,0.013000185,0.0,0.0,0.0
11272000,1.4321959e-18,-5.6837575e-19,0.013000185,0.0,0.0,0.0
11292000,1.4321959e-18,-5.6837575e-19,0.013000185,0.0,0.0,0.0
11312000,1.4321959e-18,-5.6837575e-19,0.013000185,0.0,0.0,0.0
11332000,1.4321959e-18,-5.6837575e-19,0.013000185,0.0,0.0,0.0
11352000,1.4321959e-18,-5.6837575e-19,0.013000185,0.0,0.0,0.0
11372000,1.4321959e-18,-5.6837575e-19,0.013000185,0.0,0.0,0.0
11392000,1.4321959e-18,-5.6837575e-19,0.013000185,0.0,0.0,0.0
11412000,1.4321959e-18,-5.6837575e-19,0.013000185,0.0,0.0,0.0
11432000,1.4321959e-18,-5.6837575e-19,0.013000185,0.0,0.0,0.0
11452000,1.4321959e-18,-5.6837575e-19,0.013000185,0.0,0.0,0.0
11472000,1.4321959e-18,-5.6837575e-19,0.013000185,0.0,0.0,0.0
11492000,1.4321959e-18,-5.6837575e-19,0.013000185,0.0,0.0,0.0
11512000,1.4321959e-18,-5.6837575e-19,0.013000185,0.0,0.0,0.0
11532000,1.4321959e-18,-5.6837575e-19,0.013000185,0.0,0.0,0.0
11552000,1.4321959e-18,-5.6837575e-19,0.013000185,0.0,0.0,0.0
11572000,1.4321959e-18,-5.6837575e-19,0.013000185,0.0,0.0,0.0
11592000,1.4321959e-18,-5.6837575e-19,0.013000185,0.0,0.0,0.0
11612000,1.4321959e-18,-5.6837575e-19,0.013000185,0.0,0.0,0.0
11632000,1.4321959e-18,-5.6837575e-19,0.013000185,0.0,0.0,0.0
11652000,1.4321959e-18,-5.6837575e-19,0.013000185,0.0,0.0,0.0
11672000,1.4321959e-18,-5.6837575e-19,0.013000185,0.0,0.0,0.0
11692000,1.4321959e-18,-5.6837575e-19,0.013000185,0.0,0.0,0.0
11712000,1.4321959e-18,-5.6837575e-19,0.013000185,0.0,0.0,0.0
11732000,1.4321959e-18,-5.6837575e-19,0.013000185,0.0,0.0,0.0
11752000,1.4321959e-18,-5.6837575e-19,0.013000185,0.0,0.0,0.0
11772000,1.4321959e-18,-5.6837575e-19,0.013000185,0.0,0.0,0.0
11792000,1.4321959e-18,-5.6837575e-19,0.013000185,0.0,0.0,0.0
11808000,1.4321959e-18,-5.6837575e-19,0.013000185,0.0,0.0,0.0
11828000,1.4321959e-18,-5.6837575e-19,0.013000185,0.0,0.0,0.0
11848000,1.4321959e-18,-5.6837575e-19,0.013000185,0.0,0.0,0.0
11868000,1.4321959e-18,-5.6837575e-19,0.013000185,0.0,0.0,0.0
11888000,1.4321959e-18,-5.6837575e-19,0.013000185,0.0,0.0,0.0
11908000,1.4321959e-18,-5.6837575e-19,0.013000185,0.0,0.0,0.0
11928000,1.4321959e-18,-5.6837575e-19,0.013000185,0.0,0.0,0.0
11948000,1.4321959e-18,-5.6837575e-19,0.013000185,0.0,0.0,0.0
11968000,1.4321959e-18,-5.6837575e-19,0.013000185,0.0,0.0,0.0
11988000,1.4321959e-18,-5.6837575e-19,0.013000185,0.0,0.0,0.0
12008000,1.4321959e-18,-5.6837575e-19,0.013000185,0.0,0.0,0.0
12028000,1.4321959e-18,-5.6837575e-19,0.013000185,0.0,0.0,0.0
12048000,1.4321959e-18,-5.6837575e-19,0.013000185,0.0,0.0,0.0
12068000,1.4321959e-18,-5.6837575e-19,0.013000185,0.0,0.0,0.0
12088000,1.4321959e-18,-5.6837575e-19,0.013000185,0.0,0.0,0.0
12108000,1.4321959e-18,-5.6837575e-19,0.013000185,0.0,0.0,0.0
12128000,1.4321959e-18,-5.6837575e-19,0.013000185,0.0,0.0,0.0
12148000,1.4321959e-18,-5.6837575e-19,0.013000185,0.0,0.0,0.0
12168000,1.4321959e-18,-5.6837575e-19,0.013000185,0.0,0.0,0.0
12188000,1.4321959e-18,-5.6837575e-19,0.013000185,0.0,0.0,0.0
12208000,1.4321959e-18,-5.6837575e-19,0.013000185,0.0,0.0,0.0
12228000,1.4321959e-18,-5.6837575e-19,0.013000185,0.0,0.0,0.0
12248000,1.4321959e-18,-5.6837575e-19,0.013000185,0.0,0.0,0.0
12268000,1.4321959e-18,-5.6837575e-19,0.013000185,0.0,0.0,0.0
12288000,1.4321959e-18,-5.6837575e-19,0.013000185,0.0,0.0,0.0
12308000,1.4321959e-18,-5.6837575e-19,0.013000185,0.0,0.0,0.0
12328000,1.4321959e-18,-5.6837575e-19,0.013000185,0.0,0.0,0.0
12348000,1.4321959e-18,-5.6837575e-19,0.013000185,0.0,0.0,0.0
12368000,1.4321959e-18,-5.6837575e-19,0.013000185,0.0,0.0,0.0
12388000,1.4321959e-18,-5.6837575e-19,0.013000185,0.0,0.0,0.0
12408000,1.4321959e-18,-5.6837575e-19,0.013000185,0.0,0.0,0.0
12428000,1.4321959e-18,-5.6837575e-19,0.013000185,0.0,0.0,0.0
12448000,1.4321959e-18,-5.6837575e-19,0.013000185,0.0,0.0,0.0
12468000,1.4321959e-18,-5.6837575e-19,0.013000185,0.0,0.0,0.0
12488000,1.4321959e-18,-5.6837575e-19,0.013000185,0.0,0.0,0.0
12508000,1.4321959e-18,-5.6837575e-19,0.013000185,0.0,0.0,0.0
12528000,1.4321959e-18,-5.6837575e-19,0.013000185,0.0,0.0,0.0
12548000,1.4321959e-18,-5.6837575e-19,0.013000185,0.0,0.0,0.0
12568000,1.4321959e-18,-5.6837575e-19,0.013000185,0.0,0.0,0.0
12588000,1.4321959e-18,-5.6837575e-19,0.013000185,0.0,0.0,0.0
12608000,1.4321959e-18,-5.6837575e-19,0.013000185,0.0,0.0,0.0
12628000,1.4321959e-18,-5.6837575e-19,0.013000185,0.0,0.0,0.0
12648000,1.4321959e-18,-5.6837575e-19,0.013000185,0.0,0.0,0.0
12668000,1.4321959e-18,-5.6837575e-19,0.013000185,0.0,0.0,0.0
12688000,1.4321959e-18,-5.6837575e-19,0.013000185,0.0,0.0,0.0
12704000,1.4321959e-18,-5.6837575e-19,0.013000185,0.0,0.0,0.0
12724000,1.4321959e-18,-5.6837575e-19,0.013000185,0.0,0.0,0.0
12744000,1.4321959e-18,-5.6837575e-19,0.013000185,0.0,0.0,0.0
12764000,1.4321959e-18,-5.6837575e-19,0.013000185,0.0,0.0,0.0
12784000,1.4321959e-18,-5.6837575e-19,0.013000185,0.0,0.0,0.0
12804000,1.4321959e-18,-5.6837575e-19,0.013000185,0.0,0.0,0.0
12824000,1.4321959e-18,-5.6837575e-19,0.013000185,0.0,0.0,0.0
12844000,1.4321959e-18,-5.6837575e-19,0.013000185,0.0,0.0,0.0
12864000,1.4321959e-18,-5.6837575e-19,0.013000185,0.0,0.0,0.0
12884000,1.4321959e-18,-5.6837575e-19,0.013000185,0.0,0.0,0.0
12904000,1.4321959e-18,-5.6837575e-19,0.013000185,0.0,0.0,0.0
12924000,1.4321959e-18,-5.6837575e-19,0.013000185,0.0,0.0,0.0
12944000,1.4321959e-18,-5.6837575e-19,0.013000185,0.0,0.0,0.0
12964000,1.4321959e-18,-5.6837575e-19,0.013000185,0.0,0.0,0.0
12984000,1.4321959e-18,-5.6837575e-19,0.013000185,0.0,0.0,0.0
13004000,1.4321959e-18,-5.6837575e-19,0.013000185,0.0,0.0,0.0
13024000,1.4321959e-18,-5.6837575e-19,0.013000185,0.0,0.0,0.0
13044000,1.4321959e-18,-5.6837575e-19,0.013000185,0.0,0.0,0.0
13064000,1.4321959e-18,-5.6837575e-19,0.013000185,0.0,0.0,0.0
13084000,1.4321959e-18,-5.6837575e-19,0.013000185,0.0,0.0,0.0
13104000,1.4321959e-18,-5.6837575e-19,0.013000185,0.0,0.0,0.0
13124000,1.4321959e-18,-5.6837575e-19,0.013000185,0.0,0.0,0.0
13144000,1.4321959e-18,-5.6837575e-19,0.013000185,0.0,0.0,0.0
13164000,1.4321959e-18,-5.6837575e-19,0.013000185,0.0,0.0,0.0
13184000,1.4321959e-18,-5.6837575e-19,0.013000185,0.0,0.0,0.0
13204000,1.4321959e-18,-5.6837575e-19,0.013000185,0.0,0.0,0.0
13224000,1.4321959e-18,-5.6837575e-19,0.013000185,0.0,0.0,0.0
13244000,1.4321959e-18,-5.6837575e-19,0.013000185,0.0,0.0,0.0
13264000,1.4321959e-18,-5.6837575e-19,0.013000185,0.0,0.0,0.0
13284000,1.4321959e-18,-5.6837575e-19,0.013000185,0.0,0.0,0.0
13304000,1.4321959e-18,-5.6837575e-19,0.013000185,0.0,0.0,0.0
13324000,1.4321959e-18,-5.6837575e-19,0.013000185,0.0,0.0,0.0
13344000,1.4321959e-18,-5.6837575e-19,0.013000185,0.0,0.0,0.0
13364000,1.4321959e-18,-5.6837575e-19,0.013000185,0.0,0.0,0.0
13384000,1.4321959e-18,-5.6837575e-19,0.013000185,0.0,0.0,0.0
13404000,1.4321959e-18,-5.6837575e-19,0.013000185,0.0,0.0,0.0
13424000,1.4321959e-18,-5.6837575e-19,0.013000185,0.0,0.0,0.0
13444000,1.4321959e-18,-5.6837575e-19,0.013000185,0.0,0.0,0.0
13464000,1.4321959e-18,-5.6837575e-19,0.013000185,0.0,0.0,0.0
13484000,1.4321959e-18,-5.6837575e-19,0.013000185,0.0,0.0,0.0
13504000,1.4321959e-18,-5.6837575e-19,0.013000185,0.0,0.0,0.0
13524000,1.4321959e-18,-5.6837575e-19,0.013000185,0.0,0.0,0.0
13544000,1.4321959e-18,-5.6837575e-19,0.013000185,0.0,0.0,0.0
13564000,1.4321959e-18,-5.6837575e-19,0.013000185,0.0,0.0,0.0
13584000,1.4321959e-18,-5.6837575e-19,0.013000185,0.0,0.0,0.0
13604000,1.4321959e-18,-5.6837575e-19,0.013000185,0.0,0.0,0.0
13624000,1.4321959e-18,-5.6837575e-19,0.013000185,0.0,0.0,0.0
13644000,1.4321959e-18,-5.6837575e-19,0.013000185,0.0,0.0,0.0
13664000,1.4321959e-18,-5.6837575e-19,0.013000185,0.0,0.0,0.0
13684000,1.4321959e-18,-5.6837575e-19,0.013000185,0.0,0.0,0.0
13704000,1.4321959e-18,-5.6837575e-19,0.013000185,0.0,0.0,0.0
13724000,1.4321959e-18,-5.6837575e-19,0.013000185,0.0,0.0,0.0
13744000,1.4321959e-18,-5.6837575e-19,0.013000185,0.0,0.0,0.0
13764000,1.4321959e-18,-5.6837575e-19,0.013000185,0.0,0.0,0.0
13784000,1.4321959e-18,-5.6837575e-19,0.013000185,0.0,0.0,0.0
13804000,1.4321959e-18,-5.6837575e-19,0.013000185,0.0,0.0,0.0
13824000,1.4321959e-18,-5.6837575e-19,0.013000185,0.0,0.0,0.0
13844000,1.4321959e-18,-5.6837575e-19,0.013000185,0.0,0.0,0.0
13864000,1.4321959e-18,-5.6837575e-19,0.013000185,0.0,0.0,0.0
13884000,1.4321959e-18,-5.6837575e-19,0.013000185,0.0,0.0,0.0
13904000,1.4321959e-18,-5.6837575e-19,0.013000185,0.0,0.0,0.0
13924000,1.4321959e-18,-5.6837575e-19,0.013000185,0.0,0.0,0.0
13944000,1.4321959e-18,-5.6837575e-19,0.013000185,0.0,0.0,0.0
13964000,1.4321959e-18,-5.6837575e-19,0.013000185,0.0,0.0,0.0
13984000,1.4321959e-18,-5.6837575e-19,0.013000185,0.0,0.0,0.0
14004000,1.4321959e-18,-5.6837575e-19,0.013000185,0.0,0.0,0.0
14024000,1.4321959e-18,-5.6837575e-19,0.013000185,0.0,0.0,0.0
14044000,1.4321959e-18,-5.6837575e-19,0.013000185,0.0,0.0,0.0
14064000,1.4321959e-18,-5.6837575e-19,0.013000185,0.0,0.0,0.0
14084000,1.4321959e-18,-5.6837575e-19,0.013000185,0.0,0.0,0.0
14104000,1.4321959e-18,-5.6837575e-19,0.013000185,0.0,0.0,0.0
14124000,1.4321959e-18,-5.6837575e-19,0.013000185,0.0,0.0,0.0
14144000,1.4321959e-18,-5.6837575e-19,0.013000185,0.0,0.0,0.0
14164000,1.4321959e-18,-5.6837575e-19,0.013000185,0.0,0.0,0.0
14184000,1.4321959e-18,-5.6837575e-19,0.013000185,0.0,0.0,0.0
14204000,1.4321959e-18,-5.6837575e-19,0.013000185,0.0,0.0,0.0
14224000,1.4321959e-18,-5.6837575e-19,0.013000185,0.0,0.0,0.0
14244000,1.4321959e-18,-5.6837575e-19,0.013000185,0.0,0.0,0.0
14264000,1.4321959e-18,-5.6837575e-19,0.013000185,0.0,0.0,0.0
14284000,1.4321959e-18,-5.6837575e-19,0.013000185,0.0,0.0,0.0
14304000,1.4321959e-18,-5.6837575e-19,0.013000185,0.0,0.0,0.0
14324000,1.4321959e-18,-5.6837575e-19,0.013000185,0.0,0.0,0.0
14344000,1.4321959e-18,-5.6837575e-19,0.013000185,0.0,0.0,0.0
14364000,1.4321959e-18,-5.6837575e-19,0.013000185,0.0,0.0,0.0
14384000,1.4321959e-18,-5.6837575e-19,0.013000185,0.0,0.0,0.0
14404000,1.4321959e-18,-5.6837575e-19,0.013000185,0.0,0.0,0.0
14424000,1.4321959e-18,-5.6837575e-19,0.013000185,0.0,0.0,0.0
14440000,1.4321959e-18,-5.6837575e-19,0.013000185,0.0,0.0,0.0
14460000,1.4321959e-18,-5.6837575e-19,0.013000185,0.0,0.0,0.0
14480000,1.4321959e-18,-5.6837575e-19,0.013000185,0.0,0.0,0.0
14500000,1.4321959e-18,-5.6837575e-19,0.013000185,0.0,0.0,0.0
14520000,1.4321959e-18,-5.6837575e-19,0.013000185,0.0,0.0,0.0
14540000,1.4321959e-18,-5.6837575e-19,0.013000185,0.0,0.0,0.0
14560000,1.4321959e-18,-5.6837575e-19,0.013000185,0.0,0.0,0.0
14580000,1.4321959e-18,-5.6837575e-19,0.013000185,0.0,0.0,0.0
14600000,1.4321959e-18,-5.6837575e-19,0.013000185,0.0,0.0,0.0
14620000,1.4321959e-18,-5.6837575e-19,0.013000185,0.0,0.0,0.0
14640000,1.4321959e-18,-5.6837575e-19,0.013000185,0.0,0.0,0.0
14656000,1.4321959e-18,-5.6837575e-19,0.013000185,0.0,0.0,0.0
14676000,1.4321959e-18,-5.6837575e-19,0.013000185,0.0,0.0,0.0
14716000,1.4321959e-18,-5.6837575e-19,0.013000185,0.0,0.0,0.0
14736000,1.4321959e-18,-5.6837575e-19,0.013000185,0.0,0.0,0.0
14756000,1.4321959e-18,-5.6837575e-19,0.013000185,0.0,0.0,0.0
14772000,1.4321959e-18,-5.6837575e-19,0.013000185,0.0,0.0,0.0
14796000,1.4321959e-18,-5.6837575e-19,0.013000185,0.0,0.0,0.0
14816000,1.4321959e-18,-5.6837575e-19,0.013000185,0.0,0.0,0.0
14832000,1.4321959e-18,-5.6837575e-19,0.013000185,0.0,0.0,0.0
14852000,1.4321959e-18,-5.6837575e-19,0.013000185,0.0,0.0,0.0
14872000,1.4321959e-18,-5.6837575e-19,0.013000185,0.0,0.0,0.0
14892000,1.4321959e-18,-5.6837575e-19,0.013000185,0.0,0.0,0.0
14912000,1.4321959e-18,-5.6837575e-19,0.013000185,0.0,0.0,0.0
14932000,1.4321959e-18,-5.6837575e-19,0.013000185,0.0,0.0,0.0
14952000,1.4321959e-18,-5.6837575e-19,0.013000185,0.0,0.0,0.0
14972000,1.4321959e-18,-5.6837575e-19,0.013000185,0.0,0.0,0.0
14992000,1.4321959e-18,-5.6837575e-19,0.013000185,0.0,0.0,0.0
15008000,1.4321959e-18,-5.6837575e-19,0.013000185,0.0,0.0,0.0
15028000,1.4321959e-18,-5.6837575e-19,0.013000185,0.0,0.0,0.0
15048000,1.4321959e-18,-5.6837575e-19,0.013000185,0.0,0.0,0.0
15068000,1.4321959e-18,-5.6837575e-19,0.013000185,0.0,0.0,0.0
15088000,1.4321959e-18,-5.6837575e-19,0.013000185,0.0,0.0,0.0
15104000,1.4321959e-18,-5.6837575e-19,0.013000185,0.0,0.0,0.0
15124000,1.4321959e-18,-5.6837575e-19,0.013000185,0.0,0.0,0.0
15144000,1.4321959e-18,-5.6837575e-19,0.013000185,0.0,0.0,0.0
15164000,1.4321959e-18,-5.6837575e-19,0.013000185,0.0,0.0,0.0
15184000,1.4321959e-18,-5.6837575e-19,0.013000185,0.0,0.0,0.0
15204000,1.4321959e-18,-5.6837575e-19,0.013000185,0.0,0.0,0.0
15224000,1.4321959e-18,-5.6837575e-19,0.013000185,0.0,0.0,0.0
15244000,1.4321959e-18,-5.6837575e-19,0.013000185,0.0,0.0,0.0
15264000,1.4321959e-18,-5.6837575e-19,0.013000185,0.0,0.0,0.0
15284000,1.4321959e-18,-5.6837575e-19,0.013000185,0.0,0.0,0.0
15304000,1.4321959e-18,-5.6837575e-19,0.013000185,0.0,0.0,0.0
15324000,1.4321959e-18,-5.6837575e-19,0.013000185,0.0,0.0,0.0
15344000,1.4321959e-18,-5.6837575e-19,0.013000185,0.0,0.0,0.0
15364000,1.4321959e-18,-5.6837575e-19,0.013000185,0.0,0.0,0.0
15384000,1.4321959e-18,-5.6837575e-19,0.013000185,0.0,0.0,0.0
15404000,1.4321959e-18,-5.6837575e-19,0.013000185,0.0,0.0,0.0
15424000,1.4321959e-18,-5.6837575e-19,0.013000185,0.0,0.0,0.0
15444000,1.4321959e-18,-5.6837575e-19,0.013000185,0.0,0.0,0.0
15464000,1.4321959e-18,-5.6837575e-19,0.013000185,0.0,0.0,0.0
15484000,1.4321959e-18,-5.6837575e-19,0.013000185,0.0,0.0,0.0
15504000,1.4321959e-18,-5.6837575e-19,0.013000185,0.0,0.0,0.0
15524000,1.4321959e-18,-5.6837575e-19,0.013000185,0.0,0.0,0.0
15544000,1.4321959e-18,-5.6837575e-19,0.013000185,0.0,0.0,0.0
15564000,1.4321959e-18,-5.6837575e-19,0.013000185,0.0,0.0,0.0
15584000,1.4321959e-18,-5.6837575e-19,0.013000185,0.0,0.0,0.0
15604000,1.4321959e-18,-5.6837575e-19,0.013000185,0.0,0.0,0.0
15624000,1.4321959e-18,-5.6837575e-19,0.013000185,0.0,0.0,0.0
15644000,1.4321959e-18,-5.6837575e-19,0.013000185,0.0,0.0,0.0
15660000,1.4321959e-18,-5.6837575e-19,0.013000185,0.0,0.0,0.0
15680000,1.4321959e-18,-5.6837575e-19,0.013000185,0.0,0.0,0.0
15700000,1.4321959e-18,-5.6837575e-19,0.013000185,0.0,0.0,0.0
15720000,1.4321959e-18,-5.6837575e-19,0.013000185,0.0,0.0,0.0
15740000,1.4321959e-18,-5.6837575e-19,0.013000185,0.0,0.0,0.0
15760000,1.4321959e-18,-5.6837575e-19,0.013000185,0.0,0.0,0.0
15780000,1.4321959e-18,-5.6837575e-19,0.013000185,0.0,0.0,0.0
15800000,1.4321959e-18,-5.6837575e-19,0.013000185,0.0,0.0,0.0
15820000,1.4321959e-18,-5.6837575e-19,0.013000185,0.0,0.0,0.0
15840000,1.4321959e-18,-5.6837575e-19,0.013000185,0.0,0.0,0.0
15860000,1.4321959e-18,-5.6837575e-19,0.013000185,0.0,0.0,0.0
15880000,1.4321959e-18,-5.6837575e-19,0.013000185,0.0,0.0,0.0
15900000,1.4321959e-18,-5.6837575e-19,0.013000185,0.0,0.0,0.0
15920000,1.4321959e-18,-5.6837575e-19,0.013000185,0.0,0.0,0.0
15940000,1.4321959e-18,-5.6837575e-19,0.013000185,0.0,0.0,0.0
15960000,1.4321959e-18,-5.6837575e-19,0.013000185,0.0,0.0,0.0
15980000,1.4321959e-18,-5.6837575e-19,0.013000185,0.0,0.0,0.0
16000000,1.4321959e-18,-5.6837575e-19,0.013000185,0.0,0.0,0.0
16020000,1.4321959e-18,-5.6837575e-19,0.013000185,0.0,0.0,0.0
16040000,1.4321959e-18,-5.6837575e-19,0.013000185,0.0,0.0,0.0
16060000,1.4321959e-18,-5.6837575e-19,0.013000185,0.0,0.0,0.0
16080000,1.4321959e-18,-5.6837575e-19,0.013000185,0.0,0.0,0.0
16100000,1.4321959e-18,-5.6837575e-19,0.013000185,0.0,0.0,0.0
16120000,1.4321959e-18,-5.6837575e-19,0.013000185,0.0,0.0,0.0
16140000,1.4321959e-18,-5.6837575e-19,0.013000185,0.0,0.0,0.0
16160000,1.4321959e-18,-5.6837575e-19,0.013000185,0.0,0.0,0.0
16180000,1.4321959e-18,-5.6837575e-19,0.013000185,0.0,0.0,0.0
16200000,1.4321959e-18,-5.6837575e-19,0.013000185,0.0,0.0,0.0
16220000,1.4321959e-18,-5.6837575e-19,0.013000185,0.0,0.0,0.0
16240000,1.4321959e-18,-5.6837575e-19,0.013000185,0.0,0.0,0.0
16260000,1.4321959e-18,-5.6837575e-19,0.013000185,0.0,0.0,0.0
16280000,1.4321959e-18,-5.6837575e-19,0.013000185,0.0,0.0,0.0
16300000,1.4321959e-18,-5.6837575e-19,0.013000185,0.0,0.0,0.0
16320000,1.4321959e-18,-5.6837575e-19,0.013000185,0.0,0.0,0.0
16340000,1.4321959e-18,-5.6837575e-19,0.013000185,0.0,0.0,0.0
16360000,1.4321959e-18,-5.6837575e-19,0.013000185,0.0,0.0,0.0
16380000,1.4321959e-18,-5.6837575e-19,0.013000185,0.0,0.0,0.0
16400000,1.4321959e-18,-5.6837575e-19,0.013000185,0.0,0.0,0.0
16420000,1.4321959e-18,-5.6837575e-19,0.013000185,0.0,0.0,0.0
16440000,1.4321959e-18,-5.6837575e-19,0.013000185,0.0,0.0,0.0
16460000,1.4321959e-18,-5.6837575e-19,0.013000185,0.0,0.0,0.0
16480000,1.4321959e-18,-5.6837575e-19,0.013000185,0.0,0.0,0.0
16500000,1.4321959e-18,-5.6837575e-19,0.013000185,0.0,0.0,0.0
16520000,1.4321959e-18,-5.6837575e-19,0.013000185,0.0,0.0,0.0
16540000,1.4321959e-18,-5.6837575e-19,0.013000185,0.0,0.0,0.0
16560000,1.4321959e-18,-5.6837575e-19,0.013000185,0.0,0.0,0.0
16580000,1.4321959e-18,-5.6837575e-19,0.013000185,0.0,0.0,0.0
16600000,1.4321959e-18,-5.6837575e-19,0.013000185,0.0,0.0,0.0
16620000,1.4321959e-18,-5.6837575e-19,0.013000185,0.0,0.0,0.0
16640000,1.4321959e-18,-5.6837575e-19,0.013000185,0.0,0.0,0.0
16660000,1.4321959e-18,-5.6837575e-19,0.013000185,0.0,0.0,0.0
16680000,1.4321959e-18,-5.6837575e-19,0.013000185,0.0,0.0,0.0
16700000,1.4321959e-18,-5.6837575e-19,0.013000185,0.0,0.0,0.0
16720000,1.4321959e-18,-5.6837575e-19,0.013000185,0.0,0.0,0.0
16740000,1.4321959e-18,-5.6837575e-19,0.013000185,0.0,0.0,0.0
16760000,1.4321959e-18,-5.6837575e-19,0.013000185,0.0,0.0,0.0
16780000,1.4321959e-18,-5.6837575e-19,0.013000185,0.0,0.0,0.0
16800000,1.4321959e-18,-5.6837575e-19,0.013000185,0.0,0.0,0.0
16820000,1.4321959e-18,-5.6837575e-19,0.013000185,0.0,0.0,0.0
16856000,1.4321959e-18,-5.6837575e-19,0.013000185,0.0,0.0,0.0
16876000,1.4321959e-18,-5.6837575e-19,0.013000185,0.0,0.0,0.0
16896000,1.4321959e-18,-5.6837575e-19,0.013000185,0.0,0.0,0.0
16916000,1.4321959e-18,-5.6837575e-19,0.013000185,0.0,0.0,0.0
16936000,1.4321959e-18,-5.6837575e-19,0.013000185,0.0,0.0,0.0
16956000,1.4321959e-18,-5.6837575e-19,0.013000185,0.0,0.0,0.0
16976000,1.4321959e-18,-5.6837575e-19,0.013000185,0.0,0.0,0.0
16996000,1.4321959e-18,-5.6837575e-19,0.013000185,0.0,0.0,0.0
17016000,1.4321959e-18,-5.6837575e-19,0.013000185,0.0,0.0,0.0
17036000,1.4321959e-18,-5.6837575e-19,0.013000185,0.0,0.0,0.0
17056000,1.4321959e-18,-5.6837575e-19,0.013000185,0.0,0.0,0.0
17076000,1.4321959e-18,-5.6837575e-19,0.013000185,0.0,0.0,0.0
17096000,1.4321959e-18,-5.6837575e-19,0.013000185,0.0,0.0,0.0
17116000,1.4321959e-18,-5.6837575e-19,0.013000185,0.0,0.0,0.0
17136000,1.4321959e-18,-5.6837575e-19,0.013000185,0.0,0.0,0.0
17156000,1.4321959e-18,-5.6837575e-19,0.013000185,0.0,0.0,0.0
17176000,1.4321959e-18,-5.6837575e-19,0.013000185,0.0,0.0,0.0
17196000,1.4321959e-18,-5.6837575e-19,0.013000185,0.0,0.0,0.0
17212000,1.4321959e-18,-5.6837575e-19,0.013000185,0.0,0.0,0.0
17232000,1.4321959e-18,-5.6837575e-19,0.013000185,0.0,0.0,0.0
17252000,1.4321959e-18,-5.6837575e-19,0.013000185,0.0,0.0,0.0
17272000,1.4321959e-18,-5.6837575e-19,0.013000185,0.0,0.0,0.0
17292000,1.4321959e-18,-5.6837575e-19,0.013000185,0.0,0.0,0.0
17312000,1.4321959e-18,-5.6837575e-19,0.013000185,0.0,0.0,0.0
17332000,1.4321959e-18,-5.6837575e-19,0.013000185,0.0,0.0,0.0
17352000,1.4321959e-18,-5.6837575e-19,0.013000185,0.0,0.0,0.0
17372000,1.4321959e-18,-5.6837575e-19,0.013000185,0.0,0.0,0.0
17392000,1.4321959e-18,-5.6837575e-19,0.013000185,0.0,0.0,0.0
17412000,1.4321959e-18,-5.6837575e-19,0.013000185,0.0,0.0,0.0
17432000,1.4321959e-18,-5.6837575e-19,0.013000185,0.0,0.0,0.0
17452000,1.4321959e-18,-5.6837575e-19,0.013000185,0.0,0.0,0.0
17472000,1.4321959e-18,-5.6837575e-19,0.013000185,0.0,0.0,0.0
17492000,1.4321959e-18,-5.6837575e-19,0.013000185,0.0,0.0,0.0
17508000,1.4321959e-18,-5.6837575e-19,0.013000185,0.0,0.0,0.0
17528000,1.4321959e-18,-5.6837575e-19,0.013000185,0.0,0.0,0.0
17548000,1.4321959e-18,-5.6837575e-19,0.013000185,0.0,0.0,0.0
17568000,1.4321959e-18,-5.6837575e-19,0.013000185,0.0,0.0,0.0
17588000,1.4321959e-18,-5.6837575e-19,0.013000185,0.0,0.0,0.0
17608000,1.4321959e-18,-5.6837575e-19,0.013000185,0.0,0.0,0.0
17628000,1.4321959e-18,-5.6837575e-19,0.013000185,0.0,0.0,0.0
17648000,1.4321959e-18,-5.6837575e-19,0.013000185,0.0,0.0,0.0
17668000,1.4321959e-18,-5.6837575e-19,0.013000185,0.0,0.0,0.0
17684000,1.4321959e-18,-5.6837575e-19,0.013000185,0.0,0.0,0.0
17708000,1.4321959e-18,-5.6837575e-19,0.013000185,0.0,0.0,0.0
17728000,1.4321959e-18,-5.6837575e-19,0.013000185,0.0,0.0,0.0
17748000,1.4321959e-18,-5.6837575e-19,0.013000185,0.0,0.0,0.0
17768000,1.4321959e-18,-5.6837575e-19,0.013000185,0.0,0.0,0.0
17788000,1.4321959e-18,-5.6837575e-19,0.013000185,0.0,0.0,0.0
17808000,1.4321959e-18,-5.6837575e-19,0.013000185,0.0,0.0,0.0
17828000,1.4321959e-18,-5.6837575e-19,0.013000185,0.0,0.0,0.0
17848000,1.4321959e-18,-5.6837575e-19,0.013000185,0.0,0.0,0.0
17868000,1.4321959e-18,-5.6837575e-19,0.013000185,0.0,0.0,0.0
17888000,1.4321959e-18,-5.6837575e-19,0.013000185,0.0,0.0,0.0
17908000,1.4321959e-18,-5.6837575e-19,0.013000185,0.0,0.0,0.0
17928000,1.4321959e-18,-5.6837575e-19,0.013000185,0.0,0.0,0.0
17948000,1.4321959e-18,-5.6837575e-19,0.013000185,0.0,0.0,0.0
17968000,1.4321959e-18,-5.6837575e-19,0.013000185,0.0,0.0,0.0
17984000,1.4321959e-18,-5.6837575e-19,0.013000185,0.0,0.0,0.0
18004000,1.4321959e-18,-5.6837575e-19,0.013000185,0.0,0.0,0.0
18024000,1.4321959e-18,-5.6837575e-19,0.013000185,0.0,0.0,0.0
18044000,1.4321959e-18,-5.6837575e-19,0.013000185,0.0,0.0,0.0
18064000,1.4321959e-18,-5.6837575e-19,0.013000185,0.0,0.0,0.0
18084000,1.4321959e-18,-5.6837575e-19,0.013000185,0.0,0.0,0.0
18104000,1.4321959e-18,-5.6837575e-19,0.013000185,0.0,0.0,0.0
18124000,1.4321959e-18,-5.6837575e-19,0.013000185,0.0,0.0,0.0
18144000,1.4321959e-18,-5.6837575e-19,0.013000185,0.0,0.0,0.0
18164000,1.4321959e-18,-5.6837575e-19,0.013000185,0.0,0.0,0.0
18184000,1.4321959e-18,-5.6837575e-19,0.013000185,0.0,0.0,0.0
18204000,1.4321959e-18,-5.6837575e-19,0.013000185,0.0,0.0,0.0
18224000,1.4321959e-18,-5.6837575e-19,0.013000185,0.0,0.0,0.0
18244000,1.4321959e-18,-5.6837575e-19,0.013000185,0.0,0.0,0.0
18264000,1.4321959e-18,-5.6837575e-19,0.013000185,0.0,0.0,0.0
18284000,1.4321959e-18,-5.6837575e-19,0.013000185,0.0,0.0,0.0
18304000,1.4321959e-18,-5.6837575e-19,0.013000185,0.0,0.0,0.0
18324000,1.4321959e-18,-5.6837575e-19,0.013000185,0.0,0.0,0.0
18344000,1.4321959e-18,-5.6837575e-19,0.013000185,0.0,0.0,0.0
18364000,1.4321959e-18,-5.6837575e-19,0.013000185,0.0,0.0,0.0
18384000,1.4321959e-18,-5.6837575e-19,0.013000185,0.0,0.0,0.0
18404000,1.4321959e-18,-5.6837575e-19,0.013000185,0.0,0.0,0.0
18424000,1.4321959e-18,-5.6837575e-19,0.013000185,0.0,0.0,0.0
18444000,1.4321959e-18,-5.6837575e-19,0.013000185,0.0,0.0,0.0
18464000,1.4321959e-18,-5.6837575e-19,0.013000185,0.0,0.0,0.0
18484000,1.4321959e-18,-5.6837575e-19,0.013000185,0.0,0.0,0.0
18504000,1.4321959e-18,-5.6837575e-19,0.013000185,0.0,0.0,0.0
18524000,1.4321959e-18,-5.6837575e-19,0.013000185,0.0,0.0,0.0
18544000,1.4321959e-18,-5.6837575e-19,0.013000185,0.0,0.0,0.0
18564000,1.4321959e-18,-5.6837575e-19,0.013000185,0.0,0.0,0.0
18584000,1.4321959e-18,-5.6837575e-19,0.013000185,0.0,0.0,0.0
18604000,1.4321959e-18,-5.6837575e-19,0.013000185,0.0,0.0,0.0
18624000,1.4321959e-18,-5.6837575e-19,0.013000185,0.0,0.0,0.0
18644000,1.4321959e-18,-5.6837575e-19,0.013000185,0.0,0.0,0.0
18664000,1.4321959e-18,-5.6837575e-19,0.013000185,0.0,0.0,0.0
18684000,1.4321959e-18,-5.6837575e-19,0.013000185,0.0,0.0,0.0
18704000,1.4321959e-18,-5.6837575e-19,0.013000185,0.0,0.0,0.0
18724000,1.4321959e-18,-5.6837575e-19,0.013000185,0.0,0.0,0.0
18744000,1.4321959e-18,-5.6837575e-19,0.013000185,0.0,0.0,0.0
18764000,1.4321959e-18,-5.6837575e-19,0.013000185,0.0,0.0,0.0
18784000,1.4321959e-18,-5.6837575e-19,0.013000185,0.0,0.0,0.0
18804000,1.4321959e-18,-5.6837575e-19,0.013000185,0.0,0.0,0.0
18824000,1.4321959e-18,-5.6837575e-19,0.013000185,0.0,0.0,0.0
18844000,1.4321959e-18,-5.6837575e-19,0.013000185,0.0,0.0,0.0
18864000,1.4321959e-18,-5.6837575e-19,0.013000185,0.0,0.0,0.0
18884000,1.4321959e-18,-5.6837575e-19,0.013000185,0.0,0.0,0.0
18904000,1.4321959e-18,-5.6837575e-19,0.013000185,0.0,0.0,0.0
18924000,1.4321959e-18,-5.6837575e-19,0.013000185,0.0,0.0,0.0
18944000,1.4321959e-18,-5.6837575e-19,0.013000185,0.0,0.0,0.0
18960000,1.4321959e-18,-5.6837575e-19,0.013000185,0.0,0.0,0.0
18980000,1.4321959e-18,-5.6837575e-19,0.013000185,0.0,0.0,0.0
19000000,1.4321959e-18,-5.6837575e-19,0.013000185,0.0,0.0,0.0
19020000,1.4321959e-18,-5.6837575e-19,0.013000185,0.0,0.0,0.0
19040000,1.4321959e-18,-5.6837575e-19,0.013000185,0.0,0.0,0.0
19060000,1.4321959e-18,-5.6837575e-19,0.013000185,0.0,0.0,0.0
19080000,1.4321959e-18,-5.6837575e-19,0.013000185,0.0,0.0,0.0
19100000,1.4321959e-18,-5.6837575e-19,0.013000185,0.0,0.0,0.0
19120000,1.4321959e-18,-5.6837575e-19,0.013000185,0.0,0.0,0.0
19140000,1.4321959e-18,-5.6837575e-19,0.013000185,0.0,0.0,0.0
19160000,1.4321959e-18,-5.6837575e-19,0.013000185,0.0,0.0,0.0
19180000,1.4321959e-18,-5.6837575e-19,0.013000185,0.0,0.0,0.0
19200000,1.4321959e-18,-5.6837575e-19,0.013000185,0.0,0.0,0.0
19220000,1.4321959e-18,-5.6837575e-19,0.013000185,0.0,0.0,0.0
19240000,1.4321959e-18,-5.6837575e-19,0.013000185,0.0,0.0,0.0
19260000,1.4321959e-18,-5.6837575e-19,0.013000185,0.0,0.0,0.0
19280000,1.4321959e-18,-5.6837575e-19,0.013000185,0.0,0.0,0.0
19300000,1.4321959e-18,-5.6837575e-19,0.013000185,0.0,0.0,0.0
19320000,1.4321959e-18,-5.6837575e-19,0.013000185,0.0,0.0,0.0
19360000,1.4321959e-18,-5.6837575e-19,0.013000185,0.0,0.0,0.0
19380000,1.4321959e-18,-5.6837575e-19,0.013000185,0.0,0.0,0.0
19400000,1.4321959e-18,-5.6837575e-19,0.013000185,0.0,0.0,0.0
19420000,1.4321959e-18,-5.6837575e-19,0.013000185,0.0,0.0,0.0
19440000,1.4321959e-18,-5.6837575e-19,0.013000185,0.0,0.0,0.0
19460000,1.4321959e-18,-5.6837575e-19,0.013000185,0.0,0.0,0.0
19480000,1.4321959e-18,-5.6837575e-19,0.013000185,0.0,0.0,0.0
19500000,1.4321959e-18,-5.6837575e-19,0.013000185,0.0,0.0,0.0
19520000,1.4321959e-18,-5.6837575e-19,0.013000185,0.0,0.0,0.0
19540000,1.4321959e-18,-5.6837575e-19,0.013000185,0.0,0.0,0.0
19560000,1.4321959e-18,-5.6837575e-19,0.013000185,0.0,0.0,0.0
19580000,1.4321959e-18,-5.6837575e-19,0.013000185,0.0,0.0,0.0
19600000,1.4321959e-18,-5.6837575e-19,0.013000185,0.0,0.0,0.0
19620000,1.4321959e-18,-5.6837575e-19,0.013000185,0.0,0.0,0.0
19640000,1.4321959e-18,-5.6837575e-19,0.013000185,0.0,0.0,0.0
19660000,1.4321959e-18,-5.6837575e-19,0.013000185,0.0,0.0,0.0
19680000,1.4321959e-18,-5.6837575e-19,0.013000185,0.0,0.0,0.0
19700000,1.4321959e-18,-5.6837575e-19,0.013000185,0.0,0.0,0.0
19720000,1.4321959e-18,-5.6837575e-19,0.013000185,0.0,0.0,0.0
19740000,1.4321959e-18,-5.6837575e-19,0.013000185,0.0,0.0,0.0
19760000,1.4321959e-18,-5.6837575e-19,0.013000185,0.0,0.0,0.0
19780000,1.4321959e-18,-5.6837575e-19,0.013000185,0.0,0.0,0.0
19800000,1.4321959e-18,-5.6837575e-19,0.013000185,0.0,0.0,0.0
19820000,1.4321959e-18,-5.6837575e-19,0.013000185,0.0,0.0,0.0
19840000,1.4321959e-18,-5.6837575e-19,0.013000185,0.0,0.0,0.0
19860000,1.4321959e-18,-5.6837575e-19,0.013000185,0.0,0.0,0.0
19880000,1.4321959e-18,-5.6837575e-19,0.013000185,0.0,0.0,0.0
19900000,1.4321959e-18,-5.6837575e-19,0.013000185,0.0,0.0,0.0
19920000,1.4321959e-18,-5.6837575e-19,0.013000185,0.0,0.0,0.0
19940000,1.4321959e-18,-5.6837575e-19,0.013000185,0.0,0.0,0.0
19960000,1.4321959e-18,-5.6837575e-19,0.013000185,0.0,0.0,0.0
19980000,1.4321959e-18,-5.6837575e-19,0.013000185,0.0,0.0,0.0
20000000,1.4321959e-18,-5.6837575e-19,0.013000185,0.0,0.0,0.0
20020000,1.4321959e-18,-5.6837575e-19,0.013000185,0.0,0.0,0.0
20040000,1.4321959e-18,-5.6837575e-19,0.013000185,0.0,0.0,0.0
20060000,1.4321959e-18,-5.6837575e-19,0.013000185,0.0,0.0,0.0
20080000,1.4321959e-18,-5.6837575e-19,0.013000185,0.0,0.0,0.0
20096000,1.4321959e-18,-5.6837575e-19,0.013000185,0.0,0.0,0.0
20116000,1.4321959e-18,-5.6837575e-19,0.013000185,0.0,0.0,0.0
20136000,1.4321959e-18,-5.6837575e-19,0.013000185,0.0,0.0,0.0
20156000,1.4321959e-18,-5.6837575e-19,0.013000185,0.0,0.0,0.0
20176000,1.4321959e-18,-5.6837575e-19,0.013000185,0.0,0.0,0.0
20196000,1.4321959e-18,-5.6837575e-19,0.013000185,0.0,0.0,0.0
20216000,1.4321959e-18,-5.6837575e-19,0.013000185,0.0,0.0,0.0
20236000,1.4321959e-18,-5.6837575e-19,0.013000185,0.0,0.0,0.0
20256000,1.4321959e-18,-5.6837575e-19,0.013000185,0.0,0.0,0.0
20276000,1.4321959e-18,-5.6837575e-19,0.013000185,0.0,0.0,0.0
20296000,1.4321959e-18,-5.6837575e-19,0.013000185,0.0,0.0,0.0
20316000,1.4321959e-18,-5.6837575e-19,0.013000185,0.0,0.0,0.0
20336000,1.4321959e-18,-5.6837575e-19,0.013000185,0.0,0.0,0.0
20356000,1.4321959e-18,-5.6837575e-19,0.013000185,0.0,0.0,0.0
20376000,1.4321959e-18,-5.6837575e-19,0.013000185,0.0,0.0,0.0
20396000,1.4321959e-18,-5.6837575e-19,0.013000185,0.0,0.0,0.0
20416000,1.4321959e-18,-5.6837575e-19,0.013000185,0.0,0.0,0.0
20436000,1.4321959e-18,-5.6837575e-19,0.013000185,0.0,0.0,0.0
20456000,1.4321959e-18,-5.6837575e-19,0.013000185,0.0,0.0,0.0
20476000,1.4321959e-18,-5.6837575e-19,0.013000185,0.0,0.0,0.0
20496000,1.4321959e-18,-5.6837575e-19,0.013000185,0.0,0.0,0.0
20516000,1.4321959e-18,-5.6837575e-19,0.013000185,0.0,0.0,0.0
20536000,1.4321959e-18,-5.6837575e-19,0.013000185,0.0,0.0,0.0
20556000,1.4321959e-18,-5.6837575e-19,0.013000185,0.0,0.0,0.0
20576000,1.4321959e-18,-5.6837575e-19,0.013000185,0.0,0.0,0.0
20596000,1.4321959e-18,-5.6837575e-19,0.013000185,0.0,0.0,0.0
20616000,1.4321959e-18,-5.6837575e-19,0.013000185,0.0,0.0,0.0
20636000,1.4321959e-18,-5.6837575e-19,0.013000185,0.0,0.0,0.0
20656000,1.4321959e-18,-5.6837575e-19,0.013000185,0.0,0.0,0.0
20676000,1.4321959e-18,-5.6837575e-19,0.013000185,0.0,0.0,0.0
20696000,1.4321959e-18,-5.6837575e-19,0.013000185,0.0,0.0,0.0
20716000,1.4321959e-18,-5.6837575e-19,0.013000185,0.0,0.0,0.0
20736000,1.4321959e-18,-5.6837575e-19,0.013000185,0.0,0.0,0.0
20756000,1.4321959e-18,-5.6837575e-19,0.013000185,0.0,0.0,0.0
20776000,1.4321959e-18,-5.6837575e-19,0.013000185,0.0,0.0,0.0
20796000,1.4321959e-18,-5.6837575e-19,0.013000185,0.0,0.0,0.0
20816000,1.4321959e-18,-5.6837575e-19,0.013000185,0.0,0.0,0.0
20836000,1.4321959e-18,-5.6837575e-19,0.013000185,0.0,0.0,0.0
20856000,1.4321959e-18,-5.6837575e-19,0.013000185,0.0,0.0,0.0
20876000,1.4321959e-18,-5.6837575e-19,0.013000185,0.0,0.0,0.0
20896000,1.4321959e-18,-5.6837575e-19,0.013000185,0.0,0.0,0.0
20916000,1.4321959e-18,-5.6837575e-19,0.013000185,0.0,0.0,0.0
20936000,1.4321959e-18,-5.6837575e-19,0.013000185,0.0,0.0,0.0
20956000,1.4321959e-18,-5.6837575e-19,0.013000185,0.0,0.0,0.0
20976000,1.4321959e-18,-5.6837575e-19,0.013000185,0.0,0.0,0.0
20996000,1.4321959e-18,-5.6837575e-19,0.013000185,0.0,0.0,0.0
21016000,1.4321959e-18,-5.6837575e-19,0.013000185,0.0,0.0,0.0
21036000,1.4321959e-18,-5.6837575e-19,0.013000185,0.0,0.0,0.0
21056000,1.4321959e-18,-5.6837575e-19,0.013000185,0.0,0.0,0.0
21076000,1.4321959e-18,-5.6837575e-19,0.013000185,0.0,0.0,0.0
21096000,1.4321959e-18,-5.6837575e-19,0.013000185,0.0,0.0,0.0
21116000,1.4321959e-18,-5.6837575e-19,0.013000185,0.0,0.0,0.0
21132000,1.4321959e-18,-5.6837575e-19,0.013000185,0.0,0.0,0.0
21152000,1.4321959e-18,-5.6837575e-19,0.013000185,0.0,0.0,0.0
21172000,1.4321959e-18,-5.6837575e-19,0.013000185,0.0,0.0,0.0
21192000,1.4321959e-18,-5.6837575e-19,0.013000185,0.0,0.0,0.0
21212000,1.4321959e-18,-5.6837575e-19,0.013000185,0.0,0.0,0.0
21232000,1.4321959e-18,-5.6837575e-19,0.013000185,0.0,0.0,0.0
21252000,1.4321959e-18,-5.6837575e-19,0.013000185,0.0,0.0,0.0
21272000,1.4321959e-18,-5.6837575e-19,0.013000185,0.0,0.0,0.0
21292000,1.4321959e-18,-5.6837575e-19,0.013000185,0.0,0.0,0.0
21312000,1.4321959e-18,-5.6837575e-19,0.013000185,0.0,0.0,0.0
21332000,1.4321959e-18,-5.6837575e-19,0.013000185,0.0,0.0,0.0
21352000,1.4321959e-18,-5.6837575e-19,0.013000185,0.0,0.0,0.0
21372000,1.4321959e-18,-5.6837575e-19,0.013000185,0.0,0.0,0.0
21392000,1.4321959e-18,-5.6837575e-19,0.013000185,0.0,0.0,0.0
21408000,1.4321959e-18,-5.6837575e-19,0.013000185,0.0,0.0,0.0
21428000,1.4321959e-18,-5.6837575e-19,0.013000185,0.0,0.0,0.0
21448000,1.4321959e-18,-5.6837575e-19,0.013000185,0.0,0.0,0.0
21468000,1.4321959e-18,-5.6837575e-19,0.013000185,0.0,0.0,0.0
21488000,1.4321959e-18,-5.6837575e-19,0.013000185,0.0,0.0,0.0
21508000,1.4321959e-18,-5.6837575e-19,0.013000185,0.0,0.0,0.0
21528000,1.4321959e-18,-5.6837575e-19,0.013000185,0.0,0.0,0.0
21548000,1.4321959e-18,-5.6837575e-19,0.013000185,0.0,0.0,0.0
21568000,1.4321959e-18,-5.6837575e-19,0.013000185,0.0,0.0,0.0
21588000,1.4321959e-18,-5.6837575e-19,0.013000185,0.0,0.0,0.0
21608000,1.4321959e-18,-5.6837575e-19,0.013000185,0.0,0.0,0.0
21628000,1.4321959e-18,-5.6837575e-19,0.013000185,0.0,0.0,0.0
21648000,1.4321959e-18,-5.6837575e-19,0.013000185,0.0,0.0,0.0
21668000,1.4321959e-18,-5.6837575e-19,0.013000185,0.0,0.0,0.0
21688000,1.4321959e-18,-5.6837575e-19,0.013000185,0.0,0.0,0.0
21708000,1.4321959e-18,-5.6837575e-19,0.013000185,0.0,0.0,0.0
21728000,1.4321959e-18,-5.6837575e-19,0.013000185,0.0,0.0,0.0
21748000,1.4321959e-18,-5.6837575e-19,0.013000185,0.0,0.0,0.0
21768000,1.4321959e-18,-5.6837575e-19,0.013000185,0.0,0.0,0.0
21788000,1.4321959e-18,-5.6837575e-19,0.013000185,0.0,0.0,0.0
21808000,1.4321959e-18,-5.6837575e-19,0.013000185,0.0,0.0,0.0
21828000,1.4321959e-18,-5.6837575e-19,0.013000185,0.0,0.0,0.0
21848000,1.4321959e-18,-5.6837575e-19,0.013000185,0.0,0.0,0.0
21868000,1.4321959e-18,-5.6837575e-19,0.013000185,0.0,0.0,0.0
21888000,1.4321959e-18,-5.6837575e-19,0.013000185,0.0,0.0,0.0
21908000,1.4321959e-18,-5.6837575e-19,0.013000185,0.0,0.0,0.0
21928000,1.4321959e-18,-5.6837575e-19,0.013000185,0.0,0.0,0.0
21948000,1.4321959e-18,-5.6837575e-19,0.013000185,0.0,0.0,0.0
21968000,1.4321959e-18,-5.6837575e-19,0.013000185,0.0,0.0,0.0
21988000,1.4321959e-18,-5.6837575e-19,0.013000185,0.0,0.0,0.0
22008000,1.4321959e-18,-5.6837575e-19,0.013000185,0.0,0.0,0.0
22028000,1.4321959e-18,-5.6837575e-19,0.013000185,0.0,0.0,0.0
22048000,1.4321959e-18,-5.6837575e-19,0.013000185,0.0,0.0,0.0
22068000,1.4321959e-18,-5.6837575e-19,0.013000185,0.0,0.0,0.0
22088000,1.4321959e-18,-5.6837575e-19,0.013000185,0.0,0.0,0.0
22108000,1.4321959e-18,-5.6837575e-19,0.013000185,0.0,0.0,0.0
22128000,1.4321959e-18,-5.6837575e-19,0.013000185,0.0,0.0,0.0
22148000,1.4321959e-18,-5.6837575e-19,0.013000185,0.0,0.0,0.0
22168000,1.4321959e-18,-5.6837575e-19,0.013000185,0.0,0.0,0.0
22188000,1.4321959e-18,-5.6837575e-19,0.013000185,0.0,0.0,0.0
22208000,1.4321959e-18,-5.6837575e-19,0.013000185,0.0,0.0,0.0
22228000,1.4321959e-18,-5.6837575e-19,0.013000185,0.0,0.0,0.0
22248000,1.4321959e-18,-5.6837575e-19,0.013000185,0.0,0.0,0.0
22268000,1.4321959e-18,-5.6837575e-19,0.013000185,0.0,0.0,0.0
22288000,1.4321959e-18,-5.6837575e-19,0.013000185,0.0,0.0,0.0
22308000,1.4321959e-18,-5.6837575e-19,0.013000185,0.0,0.0,0.0
22328000,1.4321959e-18,-5.6837575e-19,0.013000185,0.0,0.0,0.0
22348000,1.4321959e-18,-5.6837575e-19,0.013000185,0.0,0.0,0.0
22368000,1.4321959e-18,-5.6837575e-19,0.013000185,0.0,0.0,0.0
22388000,1.4321959e-18,-5.6837575e-19,0.013000185,0.0,0.0,0.0
22408000,1.4321959e-18,-5.6837575e-19,0.013000185,0.0,0.0,0.0
22428000,1.4321959e-18,-5.6837575e-19,0.013000185,0.0,0.0,0.0
22448000,1.4321959e-18,-5.6837575e-19,0.013000185,0.0,0.0,0.0
22468000,1.4321959e-18,-5.6837575e-19,0.013000185,0.0,0.0,0.0
22488000,1.4321959e-18,-5.6837575e-19,0.013000185,0.0,0.0,0.0
22508000,1.4321959e-18,-5.6837575e-19,0.013000185,0.0,0.0,0.0
22528000,1.4321959e-18,-5.6837575e-19,0.013000185,0.0,0.0,0.0
22548000,1.4321959e-18,-5.6837575e-19,0.013000185,0.0,0.0,0.0
22568000,1.4321959e-18,-5.6837575e-19,0.013000185,0.0,0.0,0.0
22588000,1.4321959e-18,-5.6837575e-19,0.013000185,0.0,0.0,0.0
22608000,1.4321959e-18,-5.6837575e-19,0.013000185,0.0,0.0,0.0
22628000,1.4321959e-18,-5.6837575e-19,0.013000185,0.0,0.0,0.0
22648000,1.4321959e-18,-5.6837575e-19,0.013000185,0.0,0.0,0.0
22668000,1.4321959e-18,-5.6837575e-19,0.013000185,0.0,0.0,0.0
22688000,1.4321959e-18,-5.6837575e-19,0.013000185,0.0,0.0,0.0
22708000,1.4321959e-18,-5.6837575e-19,0.013000185,0.0,0.0,0.0
22728000,1.4321959e-18,-5.6837575e-19,0.013000185,0.0,0.0,0.0
22748000,1.4321959e-18,-5.6837575e-19,0.013000185,0.0,0.0,0.0
22768000,1.4321959e-18,-5.6837575e-19,0.013000185,0.0,0.0,0.0
22788000,1.4321959e-18,-5.6837575e-19,0.013000185,0.0,0.0,0.0
22808000,1.4321959e-18,-5.6837575e-19,0.013000185,0.0,0.0,0.0
22828000,1.4321959e-18,-5.6837575e-19,0.013000185,0.0,0.0,0.0
22848000,1.4321959e-18,-5.6837575e-19,0.013000185,0.0,0.0,0.0
22868000,1.4321959e-18,-5.6837575e-19,0.013000185,0.0,0.0,0.0
22888000,1.4321959e-18,-5.6837575e-19,0.013000185,0.0,0.0,0.0
22908000,1.4321959e-18,-5.6837575e-19,0.013000185,0.0,0.0,0.0
22928000,1.4321959e-18,-5.6837575e-19,0.013000185,0.0,0.0,0.0
22948000,1.4321959e-18,-5.6837575e-19,0.013000185,0.0,0.0,0.0
22968000,1.4321959e-18,-5.6837575e-19,0.013000185,0.0,0.0,0.0
22988000,1.4321959e-18,-5.6837575e-19,0.013000185,0.0,0.0,0.0
23008000,1.4321959e-18,-5.6837575e-19,0.013000185,0.0,0.0,0.0
23028000,1.4321959e-18,-5.6837575e-19,0.013000185,0.0,0.0,0.0
23048000,1.4321959e-18,-5.6837575e-19,0.013000185,0.0,0.0,0.0
23068000,1.4321959e-18,-5.6837575e-19,0.013000185,0.0,0.0,0.0
23088000,1.4321959e-18,-5.6837575e-19,0.013000185,0.0,0.0,0.0
23108000,1.4321959e-18,-5.6837575e-19,0.013000185,0.0,0.0,0.0
23128000,1.4321959e-18,-5.6837575e-19,0.013000185,0.0,0.0,0.0
23148000,1.4321959e-18,-5.6837575e-19,0.013000185,0.0,0.0,0.0
23168000,1.4321959e-18,-5.6837575e-19,0.013000185,0.0,0.0,0.0
23188000,1.4321959e-18,-5.6837575e-19,0.013000185,0.0,0.0,0.0
23208000,1.4321959e-18,-5.6837575e-19,0.013000185,0.0,0.0,0.0
23228000,1.4321959e-18,-5.6837575e-19,0.013000185,0.0,0.0,0.0
23248000,1.4321959e-18,-5.6837575e-19,0.013000185,0.0,0.0,0.0
23268000,1.4321959e-18,-5.6837575e-19,0.013000185,0.0,0.0,0.0
23288000,1.4321959e-18,-5.6837575e-19,0.013000185,0.0,0.0,0.0
23308000,1.4321959e-18,-5.6837575e-19,0.013000185,0.0,0.0,0.0
23328000,1.4321959e-18,-5.6837575e-19,0.013000185,0.0,0.0,0.0
23348000,1.4321959e-18,-5.6837575e-19,0.013000185,0.0,0.0,0.0
23368000,1.4321959e-18,-5.6837575e-19,0.013000185,0.0,0.0,0.0
23388000,1.4321959e-18,-5.6837575e-19,0.013000185,0.0,0.0,0.0
23408000,1.4321959e-18,-5.6837575e-19,0.013000185,0.0,0.0,0.0
23428000,1.4321959e-18,-5.6837575e-19,0.013000185,0.0,0.0,0.0
23448000,1.4321959e-18,-5.6837575e-19,0.013000185,0.0,0.0,0.0
23468000,1.4321959e-18,-5.6837575e-19,0.013000185,0.0,0.0,0.0
23488000,1.4321959e-18,-5.6837575e-19,0.013000185,0.0,0.0,0.0
23508000,1.4321959e-18,-5.6837575e-19,0.013000185,0.0,0.0,0.0
23528000,1.4321959e-18,-5.6837575e-19,0.013000185,0.0,0.0,0.0
23548000,1.4321959e-18,-5.6837575e-19,0.013000185,0.0,0.0,0.0
23568000,1.4321959e-18,-5.6837575e-19,0.013000185,0.0,0.0,0.0
23588000,1.4321959e-18,-5.6837575e-19,0.013000185,0.0,0.0,0.0
23608000,1.4321959e-18,-5.6837575e-19,0.013000185,0.0,0.0,0.0
23628000,1.4321959e-18,-5.6837575e-19,0.013000185,0.0,0.0,0.0
23648000,1.4321959e-18,-5.6837575e-19,0.013000185,0.0,0.0,0.0
23668000,1.4321959e-18,-5.6837575e-19,0.013000185,0.0,0.0,0.0
23688000,1.4321959e-18,-5.6837575e-19,0.013000185,0.0,0.0,0.0
23708000,1.4321959e-18,-5.6837575e-19,0.013000185,0.0,0.0,0.0
23728000,1.4321959e-18,-5.6837575e-19,0.013000185,0.0,0.0,0.0
23748000,1.4321959e-18,-5.6837575e-19,0.013000185,0.0,0.0,0.0
23768000,1.4321959e-18,-5.6837575e-19,0.013000185,0.0,0.0,0.0
23788000,1.4321959e-18,-5.6837575e-19,0.013000185,0.0,0.0,0.0
23808000,1.4321959e-18,-5.6837575e-19,0.013000185,0.0,0.0,0.0
23828000,1.4321959e-18,-5.6837575e-19,0.013000185,0.0,0.0,0.0
23848000,1.4321959e-18,-5.6837575e-19,0.013000185,0.0,0.0,0.0
23868000,1.4321959e-18,-5.6837575e-19,0.013000185,0.0,0.0,0.0
23888000,1.4321959e-18,-5.6837575e-19,0.013000185,0.0,0.0,0.0
23908000,1.4321959e-18,-5.6837575e-19,0.013000185,0.0,0.0,0.0
23928000,1.4321959e-18,-5.6837575e-19,0.013000185,0.0,0.0,0.0
23948000,1.4321959e-18,-5.6837575e-19,0.013000185,0.0,0.0,0.0
23968000,1.4321959e-18,-5.6837575e-19,0.013000185,0.0,0.0,0.0
23984000,1.4321959e-18,-5.6837575e-19,0.013000185,0.0,0.0,0.0
24004000,1.4321959e-18,-5.6837575e-19,0.013000185,0.0,0.0,0.0
24024000,1.4321959e-18,-5.6837575e-19,0.013000185,0.0,0.0,0.0
24044000,1.4321959e-18,-5.6837575e-19,0.013000185,0.0,0.0,0.0
24064000,1.4321959e-18,-5.6837575e-19,0.013000185,0.0,0.0,0.0
24084000,1.4321959e-18,-5.6837575e-19,0.013000185,0.0,0.0,0.0
24104000,1.4321959e-18,-5.6837575e-19,0.013000185,0.0,0.0,0.0
24124000,1.4321959e-18,-5.6837575e-19,0.013000185,0.0,0.0,0.0
24144000,1.4321959e-18,-5.6837575e-19,0.013000185,0.0,0.0,0.0
24164000,1.4321959e-18,-5.6837575e-19,0.013000185,0.0,0.0,0.0
24184000,1.4321959e-18,-5.6837575e-19,0.013000185,0.0,0.0,0.0
24204000,1.4321959e-18,-5.6837575e-19,0.013000185,0.0,0.0,0.0
24224000,1.4321959e-18,-5.6837575e-19,0.013000185,0.0,0.0,0.0
24244000,1.4321959e-18,-5.6837575e-19,0.013000185,0.0,0.0,0.0
24264000,1.4321959e-18,-5.6837575e-19,0.013000185,0.0,0.0,0.0
24284000,1.4321959e-18,-5.6837575e-19,0.013000185,0.0,0.0,0.0
24300000,1.4321959e-18,-5.6837575e-19,0.013000185,0.0,0.0,0.0
24320000,1.4321959e-18,-5.6837575e-19,0.013000185,0.0,0.0,0.0
24340000,1.4321959e-18,-5.6837575e-19,0.013000185,0.0,0.0,0.0
24360000,1.4321959e-18,-5.6837575e-19,0.013000185,0.0,0.0,0.0
24380000,1.4321959e-18,-5.6837575e-19,0.013000185,0.0,0.0,0.0
24400000,1.4321959e-18,-5.6837575e-19,0.013000185,0.0,0.0,0.0
24420000,1.4321959e-18,-5.6837575e-19,0.013000185,0.0,0.0,0.0
24440000,1.4321959e-18,-5.6837575e-19,0.013000185,0.0,0.0,0.0
24460000,1.4321959e-18,-5.6837575e-19,0.013000185,0.0,0.0,0.0
24480000,1.4321959e-18,-5.6837575e-19,0.013000185,0.0,0.0,0.0
24500000,1.4321959e-18,-5.6837575e-19,0.013000185,0.0,0.0,0.0
24520000,1.4321959e-18,-5.6837575e-19,0.013000185,0.0,0.0,0.0
24540000,1.4321959e-18,-5.6837575e-19,0.013000185,0.0,0.0,0.0
24560000,1.4321959e-18,-5.6837575e-19,0.013000185,0.0,0.0,0.0
24580000,1.4321959e-18,-5.6837575e-19,0.013000185,0.0,0.0,0.0
24600000,1.4321959e-18,-5.6837575e-19,0.013000185,0.0,0.0,0.0
24620000,1.4321959e-18,-5.6837575e-19,0.013000185,0.0,0.0,0.0
24640000,1.4321959e-18,-5.6837575e-19,0.013000185,0.0,0.0,0.0
24660000,1.4321959e-18,-5.6837575e-19,0.013000185,0.0,0.0,0.0
24680000,1.4321959e-18,-5.6837575e-19,0.013000185,0.0,0.0,0.0
24700000,1.4321959e-18,-5.6837575e-19,0.013000185,0.0,0.0,0.0
24720000,1.4321959e-18,-5.6837575e-19,0.013000185,0.0,0.0,0.0
24740000,1.4321959e-18,-5.6837575e-19,0.013000185,0.0,0.0,0.0
24760000,1.4321959e-18,-5.6837575e-19,0.013000185,0.0,0.0,0.0
24780000,1.4321959e-18,-5.6837575e-19,0.013000185,0.0,0.0,0.0
24800000,1.4321959e-18,-5.6837575e-19,0.013000185,0.0,0.0,0.0
24820000,1.4321959e-18,-5.6837575e-19,0.013000185,0.0,0.0,0.0
24840000,1.4321959e-18,-5.6837575e-19,0.013000185,0.0,0.0,0.0
24860000,1.4321959e-18,-5.6837575e-19,0.013000185,0.0,0.0,0.0
24880000,1.4321959e-18,-5.6837575e-19,0.013000185,0.0,0.0,0.0
24900000,1.4321959e-18,-5.6837575e-19,0.013000185,0.0,0.0,0.0
24920000,1.4321959e-18,-5.6837575e-19,0.013000185,0.0,0.0,0.0
24940000,1.4321959e-18,-5.6837575e-19,0.013000185,0.0,0.0,0.0
24960000,1.4321959e-18,-5.6837575e-19,0.013000185,0.0,0.0,0.0
24980000,1.4321959e-18,-5.6837575e-19,0.013000185,0.0,0.0,0.0
25000000,1.4321959e-18,-5.6837575e-19,0.013000185,0.0,0.0,0.0
25020000,1.4321959e-18,-5.6837575e-19,0.013000185,0.0,0.0,0.0
25040000,1.4321959e-18,-5.6837575e-19,0.013000185,0.0,0.0,0.0
25060000,1.4321959e-18,-5.6837575e-19,0.013000185,0.0,0.0,0.0
25080000,1.4321959e-18,-5.6837575e-19,0.013000185,0.0,0.0,0.0
25100000,1.4321959e-18,-5.6837575e-19,0.013000185,0.0,0.0,0.0
25120000,1.4321959e-18,-5.6837575e-19,0.013000185,0.0,0.0,0.0
25140000,1.4321959e-18,-5.6837575e-19,0.013000185,0.0,0.0,0.0
25160000,1.4321959e-18,-5.6837575e-19,0.013000185,0.0,0.0,0.0
25180000,1.4321959e-18,-5.6837575e-19,0.013000185,0.0,0.0,0.0
25200000,1.4321959e-18,-5.6837575e-19,0.013000185,0.0,0.0,0.0
25220000,1.4321959e-18,-5.6837575e-19,0.013000185,0.0,0.0,0.0
25240000,1.4321959e-18,-5.6837575e-19,0.013000185,0.0,0.0,0.0
25260000,1.4321959e-18,-5.6837575e-19,0.013000185,0.0,0.0,0.0
25280000,1.4321959e-18,-5.6837575e-19,0.013000185,0.0,0.0,0.0
25300000,1.4321959e-18,-5.6837575e-19,0.013000185,0.0,0.0,0.0
25320000,1.4321959e-18,-5.6837575e-19,0.013000185,0.0,0.0,0.0
25340000,1.4321959e-18,-5.6837575e-19,0.013000185,0.0,0.0,0.0
25360000,1.4321959e-18,-5.6837575e-19,0.013000185,0.0,0.0,0.0
25380000,1.4321959e-18,-5.6837575e-19,0.013000185,0.0,0.0,0.0
25400000,1.4321959e-18,-5.6837575e-19,0.013000185,0.0,0.0,0.0
25420000,1.4321959e-18,-5.6837575e-19,0.013000185,0.0,0.0,0.0
25440000,1.4321959e-18,-5.6837575e-19,0.013000185,0.0,0.0,0.0
25460000,1.4321959e-18,-5.6837575e-19,0.013000185,0.0,0.0,0.0
25496000,1.4321959e-18,-5.6837575e-19,0.013000185,0.0,0.0,0.0
25516000,1.4321959e-18,-5.6837575e-19,0.013000185,0.0,0.0,0.0
25536000,1.4321959e-18,-5.6837575e-19,0.013000185,0.0,0.0,0.0
25556000,1.4321959e-18,-5.6837575e-19,0.013000185,0.0,0.0,0.0
25576000,1.4321959e-18,-5.6837575e-19,0.013000185,0.0,0.0,0.0
25596000,1.4321959e-18,-5.6837575e-19,0.013000185,0.0,0.0,0.0
25616000,1.4321959e-18,-5.6837575e-19,0.013000185,0.0,0.0,0.0
25636000,1.4321959e-18,-5.6837575e-19,0.013000185,0.0,0.0,0.0
25656000,1.4321959e-18,-5.6837575e-19,0.013000185,0.0,0.0,0.0
25676000,1.4321959e-18,-5.6837575e-19,0.013000185,0.0,0.0,0.0
25696000,1.4321959e-18,-5.6837575e-19,0.013000185,0.0,0.0,0.0
25716000,1.4321959e-18,-5.6837575e-19,0.013000185,0.0,0.0,0.0
25732000,1.4321959e-18,-5.6837575e-19,0.013000185,0.0,0.0,0.0
25752000,1.4321959e-18,-5.6837575e-19,0.013000185,0.0,0.0,0.0
25772000,1.4321959e-18,-5.6837575e-19,0.013000185,0.0,0.0,0.0
25792000,1.4321959e-18,-5.6837575e-19,0.013000185,0.0,0.0,0.0
25812000,1.4321959e-18,-5.6837575e-19,0.013000185,0.0,0.0,0.0
25832000,1.4321959e-18,-5.6837575e-19,0.013000185,0.0,0.0,0.0
25852000,1.4321959e-18,-5.6837575e-19,0.013000185,0.0,0.0,0.0
25872000,1.4321959e-18,-5.6837575e-19,0.013000185,0.0,0.0,0.0
25892000,1.4321959e-18,-5.6837575e-19,0.013000185,0.0,0.0,0.0
25912000,1.4321959e-18,-5.6837575e-19,0.013000185,0.0,0.0,0.0
25932000,1.4321959e-18,-5.6837575e-19,0.013000185,0.0,0.0,0.0
25952000,1.4321959e-18,-5.6837575e-19,0.013000185,0.0,0.0,0.0
25972000,1.4321959e-18,-5.6837575e-19,0.013000185,0.0,0.0,0.0
25992000,1.4321959e-18,-5.6837575e-19,0.013000185,0.0,0.0,0.0
26012000,1.4321959e-18,-5.6837575e-19,0.013000185,0.0,0.0,0.0
26032000,1.4321959e-18,-5.6837575e-19,0.013000185,0.0,0.0,0.0
26052000,1.4321959e-18,-5.6837575e-19,0.013000185,0.0,0.0,0.0
26072000,1.4321959e-18,-5.6837575e-19,0.013000185,0.0,0.0,0.0
26092000,1.4321959e-18,-5.6837575e-19,0.013000185,0.0,0.0,0.0
26112000,1.4321959e-18,-5.6837575e-19,0.013000185,0.0,0.0,0.0
26132000,1.4321959e-18,-5.6837575e-19,0.013000185,0.0,0.0,0.0
26152000,1.4321959e-18,-5.6837575e-19,0.013000185,0.0,0.0,0.0
26172000,1.4321959e-18,-5.6837575e-19,0.013000185,0.0,0.0,0.0
26192000,1.4321959e-18,-5.6837575e-19,0.013000185,0.0,0.0,0.0
26212000,1.4321959e-18,-5.6837575e-19,0.013000185,0.0,0.0,0.0
26232000,1.4321959e-18,-5.6837575e-19,0.013000185,0.0,0.0,0.0
26252000,1.4321959e-18,-5.6837575e-19,0.013000185,0.0,0.0,0.0
26272000,1.4321959e-18,-5.6837575e-19,0.013000185,0.0,0.0,0.0
26292000,1.4321959e-18,-5.6837575e-19,0.013000185,0.0,0.0,0.0
26312000,1.4321959e-18,-5.6837575e-19,0.013000185,0.0,0.0,0.0
26328000,1.4321959e-18,-5.6837575e-19,0.013000185,0.0,0.0,0.0
26348000,1.4321959e-18,-5.6837575e-19,0.013000185,0.0,0.0,0.0
26368000,1.4321959e-18,-5.6837575e-19,0.013000185,0.0,0.0,0.0
26388000,1.4321959e-18,-5.6837575e-19,0.013000185,0.0,0.0,0.0
26408000,1.4321959e-18,-5.6837575e-19,0.013000185,0.0,0.0,0.0
26428000,1.4321959e-18,-5.6837575e-19,0.013000185,0.0,0.0,0.0
26448000,1.4321959e-18,-5.6837575e-19,0.013000185,0.0,0.0,0.0
26468000,1.4321959e-18,-5.6837575e-19,0.013000185,0.0,0.0,0.0
26488000,1.4321959e-18,-5.6837575e-19,0.013000185,0.0,0.0,0.0
26504000,1.4321959e-18,-5.6837575e-19,0.013000185,0.0,0.0,0.0
26524000,1.4321959e-18,-5.6837575e-19,0.013000185,0.0,0.0,0.0
26544000,1.4321959e-18,-5.6837575e-19,0.013000185,0.0,0.0,0.0
26564000,1.4321959e-18,-5.6837575e-19,0.013000185,0.0,0.0,0.0
26584000,1.4321959e-18,-5.6837575e-19,0.013000185,0.0,0.0,0.0
26604000,1.4321959e-18,-5.6837575e-19,0.013000185,0.0,0.0,0.0
26624000,1.4321959e-18,-5.6837575e-19,0.013000185,0.0,0.0,0.0
26644000,1.4321959e-18,-5.6837575e-19,0.013000185,0.0,0.0,0.0
26664000,1.4321959e-18,-5.6837575e-19,0.013000185,0.0,0.0,0.0
26684000,1.4321959e-18,-5.6837575e-19,0.013000185,0.0,0.0,0.0
26704000,1.4321959e-18,-5.6837575e-19,0.013000185,0.0,0.0,0.0
26724000,1.4321959e-18,-5.6837575e-19,0.013000185,0.0,0.0,0.0
26744000,1.4321959e-18,-5.6837575e-19,0.013000185,0.0,0.0,0.0
26764000,1.4321959e-18,-5.6837575e-19,0.013000185,0.0,0.0,0.0
26784000,1.4321959e-18,-5.6837575e-19,0.013000185,0.0,0.0,0.0
26804000,1.4321959e-18,-5.6837575e-19,0.013000185,0.0,0.0,0.0
26824000,1.4321959e-18,-5.6837575e-19,0.013000185,0.0,0.0,0.0
26844000,1.4321959e-18,-5.6837575e-19,0.013000185,0.0,0.0,0.0
26864000,1.4321959e-18,-5.6837575e-19,0.013000185,0.0,0.0,0.0
26884000,1.4321959e-18,-5.6837575e-19,0.013000185,0.0,0.0,0.0
26904000,1.4321959e-18,-5.6837575e-19,0.013000185,0.0,0.0,0.0
26924000,1.4321959e-18,-5.6837575e-19,0.013000185,0.0,0.0,0.0
26944000,1.4321959e-18,-5.6837575e-19,0.013000185,0.0,0.0,0.0
26964000,1.4321959e-18,-5.6837575e-19,0.013000185,0.0,0.0,0.0
26984000,1.4321959e-18,-5.6837575e-19,0.013000185,0.0,0.0,0.0
27004000,1.4321959e-18,-5.6837575e-19,0.013000185,0.0,0.0,0.0
27024000,1.4321959e-18,-5.6837575e-19,0.013000185,0.0,0.0,0.0
27044000,1.4321959e-18,-5.6837575e-19,0.013000185,0.0,0.0,0.0
27064000,1.4321959e-18,-5.6837575e-19,0.013000185,0.0,0.0,0.0
27084000,1.4321959e-18,-5.6837575e-19,0.013000185,0.0,0.0,0.0
27104000,1.4321959e-18,-5.6837575e-19,0.013000185,0.0,0.0,0.0
27124000,1.4321959e-18,-5.6837575e-19,0.013000185,0.0,0.0,0.0
27144000,1.4321959e-18,-5.6837575e-19,0.013000185,0.0,0.0,0.0
27164000,1.4321959e-18,-5.6837575e-19,0.013000185,0.0,0.0,0.0
27184000,1.4321959e-18,-5.6837575e-19,0.013000185,0.0,0.0,0.0
27204000,1.4321959e-18,-5.6837575e-19,0.013000185,0.0,0.0,0.0
27224000,1.4321959e-18,-5.6837575e-19,0.013000185,0.0,0.0,0.0
27244000,1.4321959e-18,-5.6837575e-19,0.013000185,0.0,0.0,0.0
27264000,1.4321959e-18,-5.6837575e-19,0.013000185,0.0,0.0,0.0
27284000,1.4321959e-18,-5.6837575e-19,0.013000185,0.0,0.0,0.0
27304000,1.4321959e-18,-5.6837575e-19,0.013000185,0.0,0.0,0.0
27324000,1.4321959e-18,-5.6837575e-19,0.013000185,0.0,0.0,0.0
27344000,1.4321959e-18,-5.6837575e-19,0.013000185,0.0,0.0,0.0
27364000,1.4321959e-18,-5.6837575e-19,0.013000185,0.0,0.0,0.0
27384000,1.4321959e-18,-5.6837575e-19,0.013000185,0.0,0.0,0.0
27404000,1.4321959e-18,-5.6837575e-19,0.013000185,0.0,0.0,0.0
27424000,1.4321959e-18,-5.6837575e-19,0.013000185,0.0,0.0,0.0
27444000,1.4321959e-18,-5.6837575e-19,0.013000185,0.0,0.0,0.0
27464000,1.4321959e-18,-5.6837575e-19,0.013000185,0.0,0.0,0.0
27484000,1.4321959e-18,-5.6837575e-19,0.013000185,0.0,0.0,0.0
27504000,1.4321959e-18,-5.6837575e-19,0.013000185,0.0,0.0,0.0
27524000,1.4321959e-18,-5.6837575e-19,0.013000185,0.0,0.0,0.0
27544000,1.4321959e-18,-5.6837575e-19,0.013000185,0.0,0.0,0.0
27564000,1.4321959e-18,-5.6837575e-19,0.013000185,0.0,0.0,0.0
27584000,1.4321959e-18,-5.6837575e-19,0.013000185,0.0,0.0,0.0
27604000,1.4321959e-18,-5.6837575e-19,0.013000185,0.0,0.0,0.0
27624000,1.4321959e-18,-5.6837575e-19,0.013000185,0.0,0.0,0.0
27644000,1.4321959e-18,-5.6837575e-19,0.013000185,0.0,0.0,0.0
27664000,1.4321959e-18,-5.6837575e-19,0.013000185,0.0,0.0,0.0
27684000,1.4321959e-18,-5.6837575e-19,0.013000185,0.0,0.0,0.0
27704000,1.4321959e-18,-5.6837575e-19,0.013000185,0.0,0.0,0.0
27724000,1.4321959e-18,-5.6837575e-19,0.013000185,0.0,0.0,0.0
27744000,1.4321959e-18,-5.6837575e-19,0.013000185,0.0,0.0,0.0
27764000,1.4321959e-18,-5.6837575e-19,0.013000185,0.0,0.0,0.0
27784000,1.4321959e-18,-5.6837575e-19,0.013000185,0.0,0.0,0.0
27804000,1.4321959e-18,-5.6837575e-19,0.013000185,0.0,0.0,0.0
27824000,1.4321959e-18,-5.6837575e-19,0.013000185,0.0,0.0,0.0
27844000,1.4321959e-18,-5.6837575e-19,0.013000185,0.0,0.0,0.0
27864000,1.4321959e-18,-5.6837575e-19,0.013000185,0.0,0.0,0.0
27884000,1.4321959e-18,-5.6837575e-19,0.013000185,0.0,0.0,0.0
27904000,1.4321959e-18,-5.6837575e-19,0.013000185,0.0,0.0,0.0
27924000,1.4321959e-18,-5.6837575e-19,0.013000185,0.0,0.0,0.0
27944000,1.4321959e-18,-5.6837575e-19,0.013000185,0.0,0.0,0.0
27964000,1.4321959e-18,-5.6837575e-19,0.013000185,0.0,0.0,0.0
27984000,1.4321959e-18,-5.6837575e-19,0.013000185,0.0,0.0,0.0
28004000,1.4321959e-18,-5.6837575e-19,0.013000185,0.0,0.0,0.0
28024000,1.4321959e-18,-5.6837575e-19,0.013000185,0.0,0.0,0.0
28044000,1.4321959e-18,-5.6837575e-19,0.013000185,0.0,0.0,0.0
28064000,1.4321959e-18,-5.6837575e-19,0.013000185,0.0,0.0,0.0
28084000,1.4321959e-18,-5.6837575e-19,0.013000185,0.0,0.0,0.0
28104000,1.4321959e-18,-5.6837575e-19,0.013000185,0.0,0.0,0.0
28124000,1.4321959e-18,-5.6837575e-19,0.013000185,0.0,0.0,0.0
28144000,1.4321959e-18,-5.6837575e-19,0.013000185,0.0,0.0,0.0
28164000,1.4321959e-18,-5.6837575e-19,0.013000185,0.0,0.0,0.0
28184000,1.4321959e-18,-5.6837575e-19,0.013000185,0.0,0.0,0.0
28204000,1.4321959e-18,-5.6837575e-19,0.013000185,0.0,0.0,0.0
28224000,1.4321959e-18,-5.6837575e-19,0.013000185,0.0,0.0,0.0
28244000,1.4321959e-18,-5.6837575e-19,0.013000185,0.0,0.0,0.0
28264000,1.4321959e-18,-5.6837575e-19,0.013000185,0.0,0.0,0.0
28284000,1.4321959e-18,-5.6837575e-19,0.013000185,0.0,0.0,0.0
28300000,1.4321959e-18,-5.6837575e-19,0.013000185,0.0,0.0,0.0
28320000,1.4321959e-18,-5.6837575e-19,0.013000185,0.0,0.0,0.0
28340000,1.4321959e-18,-5.6837575e-19,0.013000185,0.0,0.0,0.0
28360000,1.4321959e-18,-5.6837575e-19,0.013000185,0.0,0.0,0.0
28380000,1.4321959e-18,-5.6837575e-19,0.013000185,0.0,0.0,0.0
28400000,1.4321959e-18,-5.6837575e-19,0.013000185,0.0,0.0,0.0
28420000,1.4321959e-18,-5.6837575e-19,0.013000185,0.0,0.0,0.0
28440000,1.4321959e-18,-5.6837575e-19,0.013000185,0.0,0.0,0.0
28460000,1.4321959e-18,-5.6837575e-19,0.013000185,0.0,0.0,0.0
28480000,1.4321959e-18,-5.6837575e-19,0.013000185,0.0,0.0,0.0
28500000,1.4321959e-18,-5.6837575e-19,0.013000185,0.0,0.0,0.0
28520000,1.4321959e-18,-5.6837575e-19,0.013000185,0.0,0.0,0.0
28540000,1.4321959e-18,-5.6837575e-19,0.013000185,0.0,0.0,0.0
28560000,1.4321959e-18,-5.6837575e-19,0.013000185,0.0,0.0,0.0
28580000,1.4321959e-18,-5.6837575e-19,0.013000185,0.0,0.0,0.0
28600000,1.4321959e-18,-5.6837575e-19,0.013000185,0.0,0.0,0.0
28620000,1.4321959e-18,-5.6837575e-19,0.013000185,0.0,0.0,0.0
28640000,1.4321959e-18,-5.6837575e-19,0.013000185,0.0,0.0,0.0
28660000,1.4321959e-18,-5.6837575e-19,0.013000185,0.0,0.0,0.0
28680000,1.4321959e-18,-5.6837575e-19,0.013000185,0.0,0.0,0.0
28700000,1.4321959e-18,-5.6837575e-19,0.013000185,0.0,0.0,0.0
28720000,1.4321959e-18,-5.6837575e-19,0.013000185,0.0,0.0,0.0
28740000,1.4321959e-18,-5.6837575e-19,0.013000185,0.0,0.0,0.0
28760000,1.4321959e-18,-5.6837575e-19,0.013000185,0.0,0.0,0.0
28780000,1.4321959e-18,-5.6837575e-19,0.013000185,0.0,0.0,0.0
28800000,1.4321959e-18,-5.6837575e-19,0.013000185,0.0,0.0,0.0
28820000,1.4321959e-18,-5.6837575e-19,0.013000185,0.0,0.0,0.0
28840000,1.4321959e-18,-5.6837575e-19,0.013000185,0.0,0.0,0.0
28860000,1.4321959e-18,-5.6837575e-19,0.013000185,0.0,0.0,0.0
28880000,1.4321959e-18,-5.6837575e-19,0.013000185,0.0,0.0,0.0
28900000,1.4321959e-18,-5.6837575e-19,0.013000185,0.0,0.0,0.0
28920000,1.4321959e-18,-5.6837575e-19,0.013000185,0.0,0.0,0.0
28940000,1.4321959e-18,-5.6837575e-19,0.013000185,0.0,0.0,0.0
28960000,1.4321959e-18,-5.6837575e-19,0.013000185,0.0,0.0,0.0
28980000,1.4321959e-18,-5.6837575e-19,0.013000185,0.0,0.0,0.0
29000000,1.4321959e-18,-5.6837575e-19,0.013000185,0.0,0.0,0.0
29020000,1.4321959e-18,-5.6837575e-19,0.013000185,0.0,0.0,0.0
29040000,1.4321959e-18,-5.6837575e-19,0.013000185,0.0,0.0,0.0
29060000,1.4321959e-18,-5.6837575e-19,0.013000185,0.0,0.0,0.0
29080000,1.4321959e-18,-5.6837575e-19,0.013000185,0.0,0.0,0.0
29100000,1.4321959e-18,-5.6837575e-19,0.013000185,0.0,0.0,0.0
29120000,1.4321959e-18,-5.6837575e-19,0.013000185,0.0,0.0,0.0
29140000,1.4321959e-18,-5.6837575e-19,0.013000185,0.0,0.0,0.0
29160000,1.4321959e-18,-5.6837575e-19,0.013000185,0.0,0.0,0.0
29180000,1.4321959e-18,-5.6837575e-19,0.013000185,0.0,0.0,0.0
29200000,1.4321959e-18,-5.6837575e-19,0.013000185,0.0,0.0,0.0
29220000,1.4321959e-18,-5.6837575e-19,0.013000185,0.0,0.0,0.0
29240000,1.4321959e-18,-5.6837575e-19,0.013000185,0.0,0.0,0.0
29260000,1.4321959e-18,-5.6837575e-19,0.013000185,0.0,0.0,0.0
29280000,1.4321959e-18,-5.6837575e-19,0.013000185,0.0,0.0,0.0
29300000,1.4321959e-18,-5.6837575e-19,0.013000185,0.0,0.0,0.0
29320000,1.4321959e-18,-5.6837575e-19,0.013000185,0.0,0.0,0.0
29340000,1.4321959e-18,-5.6837575e-19,0.013000185,0.0,0.0,0.0
29360000,1.4321959e-18,-5.6837575e-19,0.013000185,0.0,0.0,0.0
29380000,1.4321959e-18,-5.6837575e-19,0.013000185,0.0,0.0,0.0
29400000,1.4321959e-18,-5.6837575e-19,0.013000185,0.0,0.0,0.0
29420000,1.4321959e-18,-5.6837575e-19,0.013000185,0.0,0.0,0.0
29440000,1.4321959e-18,-5.6837575e-19,0.013000185,0.0,0.0,0.0
29476000,1.4321959e-18,-5.6837575e-19,0.013000185,0.0,0.0,0.0
29496000,1.4321959e-18,-5.6837575e-19,0.013000185,0.0,0.0,0.0
29516000,1.4321959e-18,-5.6837575e-19,0.013000185,0.0,0.0,0.0
29536000,1.4321959e-18,-5.6837575e-19,0.013000185,0.0,0.0,0.0
29556000,1.4321959e-18,-5.6837575e-19,0.013000185,0.0,0.0,0.0
29576000,1.4321959e-18,-5.6837575e-19,0.013000185,0.0,0.0,0.0
29596000,1.4321959e-18,-5.6837575e-19,0.013000185,0.0,0.0,0.0
29616000,1.4321959e-18,-5.6837575e-19,0.013000185,0.0,0.0,0.0
29636000,1.4321959e-18,-5.6837575e-19,0.013000185,0.0,0.0,0.0
29656000,1.4321959e-18,-5.6837575e-19,0.013000185,0.0,0.0,0.0
29676000,1.4321959e-18,-5.6837575e-19,0.013000185,0.0,0.0,0.0
29696000,1.4321959e-18,-5.6837575e-19,0.013000185,0.0,0.0,0.0
29716000,1.4321959e-18,-5.6837575e-19,0.013000185,0.0,0.0,0.0
29736000,1.4321959e-18,-5.6837575e-19,0.013000185,0.0,0.0,0.0
29756000,1.4321959e-18,-5.6837575e-19,0.013000185,0.0,0.0,0.0
29776000,1.4321959e-18,-5.6837575e-19,0.013000185,0.0,0.0,0.0
29796000,1.4321959e-18,-5.6837575e-19,0.013000185,0.0,0.0,0.0
29816000,1.4321959e-18,-5.6837575e-19,0.013000185,0.0,0.0,0.0
29836000,1.4321959e-18,-5.6837575e-19,0.013000185,0.0,0.0,0.0
29856000,1.4321959e-18,-5.6837575e-19,0.013000185,0.0,0.0,0.0
29876000,1.4321959e-18,-5.6837575e-19,0.013000185,0.0,0.0,0.0
29896000,1.4321959e-18,-5.6837575e-19,0.013000185,0.0,0.0,0.0
29912000,1.4321959e-18,-5.6837575e-19,0.013000185,0.0,0.0,0.0
29932000,1.4321959e-18,-5.6837575e-19,0.013000185,0.0,0.0,0.0
29952000,1.4321959e-18,-5.6837575e-19,0.013000185,0.0,0.0,0.0
29972000,1.4321959e-18,-5.6837575e-19,0.013000185,0.0,0.0,0.0
29992000,1.4321959e-18,-5.6837575e-19,0.013000185,0.0,0.0,0.0
30012000,1.4321959e-18,-5.6837575e-19,0.013000185,0.0,0.0,0.0
30032000,1.4321959e-18,-5.6837575e-19,0.013000185,0.0,0.0,0.0
30044000,1.4321959e-18,-5.6837575e-19,0.013000185,0.0,0.0,0.0
30068000,1.4321959e-18,-5.6837575e-19,0.013000185,0.0,0.0,0.0
30088000,1.4321959e-18,-5.6837575e-19,0.013000185,0.0,0.0,0.0
30108000,1.4321959e-18,-5.6837575e-19,0.013000185,0.0,0.0,0.0
30128000,1.4321959e-18,-5.6837575e-19,0.013000185,0.0,0.0,0.0
30148000,1.4321959e-18,-5.6837575e-19,0.013000185,0.0,0.0,0.0
30168000,1.4321959e-18,-5.6837575e-19,0.013000185,0.0,0.0,0.0
30188000,1.4321959e-18,-5.6837575e-19,0.013000185,0.0,0.0,0.0
30208000,1.4321959e-18,-5.6837575e-19,0.013000185,0.0,0.0,0.0
30228000,1.4321959e-18,-5.6837575e-19,0.013000185,0.0,0.0,0.0
30248000,1.4321959e-18,-5.6837575e-19,0.013000185,0.0,0.0,0.0
30268000,1.4321959e-18,-5.6837575e-19,0.013000185,0.0,0.0,0.0
30288000,1.4321959e-18,-5.6837575e-19,0.013000185,0.0,0.0,0.0
30308000,1.4321959e-18,-5.6837575e-19,0.013000185,0.0,0.0,0.0
30328000,1.4321959e-18,-5.6837575e-19,0.013000185,0.0,0.0,0.0
30348000,1.4321959e-18,-5.6837575e-19,0.013000185,0.0,0.0,0.0
30368000,1.4321959e-18,-5.6837575e-19,0.013000185,0.0,0.0,0.0
30388000,1.4321959e-18,-5.6837575e-19,0.013000185,0.0,0.0,0.0
30408000,1.4321959e-18,-5.6837575e-19,0.013000185,0.0,0.0,0.0
30424000,1.4321959e-18,-5.6837575e-19,0.013000185,0.0,0.0,0.0
30444000,1.4321959e-18,-5.6837575e-19,0.013000185,0.0,0.0,0.0
30464000,1.4321959e-18,-5.6837575e-19,0.013000185,0.0,0.0,0.0
30484000,1.4321959e-18,-5.6837575e-19,0.013000185,0.0,0.0,0.0
30504000,1.4321959e-18,-5.6837575e-19,0.013000185,0.0,0.0,0.0
30524000,1.4321959e-18,-5.6837575e-19,0.013000185,0.0,0.0,0.0
30544000,1.4321959e-18,-5.6837575e-19,0.013000185,0.0,0.0,0.0
30564000,1.4321959e-18,-5.6837575e-19,0.013000185,0.0,0.0,0.0
30584000,1.4321959e-18,-5.6837575e-19,0.013000185,0.0,0.0,0.0
30604000,1.4321959e-18,-5.6837575e-19,0.013000185,0.0,0.0,0.0
30624000,1.4321959e-18,-5.6837575e-19,0.013000185,0.0,0.0,0.0
30644000,1.4321959e-18,-5.6837575e-19,0.013000185,0.0,0.0,0.0
30664000,1.4321959e-18,-5.6837575e-19,0.013000185,0.0,0.0,0.0
30684000,1.4321959e-18,-5.6837575e-19,0.013000185,0.0,0.0,0.0
30704000,1.4321959e-18,-5.6837575e-19,0.013000185,0.0,0.0,0.0
30724000,1.4321959e-18,-5.6837575e-19,0.013000185,0.0,0.0,0.0
30744000,1.4321959e-18,-5.6837575e-19,0.013000185,0.0,0.0,0.0
30764000,1.4321959e-18,-5.6837575e-19,0.013000185,0.0,0.0,0.0
30784000,1.4321959e-18,-5.6837575e-19,0.013000185,0.0,0.0,0.0
30804000,1.4321959e-18,-5.6837575e-19,0.013000185,0.0,0.0,0.0
30824000,1.4321959e-18,-5.6837575e-19,0.013000185,0.0,0.0,0.0
30844000,1.4321959e-18,-5.6837575e-19,0.013000185,0.0,0.0,0.0
30864000,1.4321959e-18,-5.6837575e-19,0.013000185,0.0,0.0,0.0
30884000,1.4321959e-18,-5.6837575e-19,0.013000185,0.0,0.0,0.0
30904000,1.4321959e-18,-5.6837575e-19,0.013000185,0.0,0.0,0.0
30924000,1.4321959e-18,-5.6837575e-19,0.013000185,0.0,0.0,0.0
30944000,1.4321959e-18,-5.6837575e-19,0.013000185,0.0,0.0,0.0
30964000,1.4321959e-18,-5.6837575e-19,0.013000185,0.0,0.0,0.0
30984000,1.4321959e-18,-5.6837575e-19,0.013000185,0.0,0.0,0.0
31004000,1.4321959e-18,-5.6837575e-19,0.013000185,0.0,0.0,0.0
31024000,1.4321959e-18,-5.6837575e-19,0.013000185,0.0,0.0,0.0
31044000,1.4321959e-18,-5.6837575e-19,0.013000185,0.0,0.0,0.0
31064000,1.4321959e-18,-5.6837575e-19,0.013000185,0.0,0.0,0.0
31084000,1.4321959e-18,-5.6837575e-19,0.013000185,0.0,0.0,0.0
31104000,1.4321959e-18,-5.6837575e-19,0.013000185,0.0,0.0,0.0
31124000,1.4321959e-18,-5.6837575e-19,0.013000185,0.0,0.0,0.0
31144000,1.4321959e-18,-5.6837575e-19,0.013000185,0.0,0.0,0.0
31164000,1.4321959e-18,-5.6837575e-19,0.013000185,0.0,0.0,0.0
31184000,1.4321959e-18,-5.6837575e-19,0.013000185,0.0,0.0,0.0
31204000,1.4321959e-18,-5.6837575e-19,0.013000185,0.0,0.0,0.0
31224000,1.4321959e-18,-5.6837575e-19,0.013000185,0.0,0.0,0.0
31244000,1.4321959e-18,-5.6837575e-19,0.013000185,0.0,0.0,0.0
31264000,1.4321959e-18,-5.6837575e-19,0.013000185,0.0,0.0,0.0
31284000,1.4321959e-18,-5.6837575e-19,0.013000185,0.0,0.0,0.0
31304000,1.4321959e-18,-5.6837575e-19,0.013000185,0.0,0.0,0.0
31324000,1.4321959e-18,-5.6837575e-19,0.013000185,0.0,0.0,0.0
31344000,1.4321959e-18,-5.6837575e-19,0.013000185,0.0,0.0,0.0
31364000,1.4321959e-18,-5.6837575e-19,0.013000185,0.0,0.0,0.0
31384000,1.4321959e-18,-5.6837575e-19,0.013000185,0.0,0.0,0.0
31404000,1.4321959e-18,-5.6837575e-19,0.013000185,0.0,0.0,0.0
31424000,1.4321959e-18,-5.6837575e-19,0.013000185,0.0,0.0,0.0
31444000,1.4321959e-18,-5.6837575e-19,0.013000185,0.0,0.0,0.0
31464000,1.4321959e-18,-5.6837575e-19,0.013000185,0.0,0.0,0.0
31484000,1.4321959e-18,-5.6837575e-19,0.013000185,0.0,0.0,0.0
31504000,1.4321959e-18,-5.6837575e-19,0.013000185,0.0,0.0,0.0
31524000,1.4321959e-18,-5.6837575e-19,0.013000185,0.0,0.0,0.0
31544000,1.4321959e-18,-5.6837575e-19,0.013000185,0.0,0.0,0.0
31564000,1.4321959e-18,-5.6837575e-19,0.013000185,0.0,0.0,0.0
31584000,1.4321959e-18,-5.6837575e-19,0.013000185,0.0,0.0,0.0
31604000,1.4321959e-18,-5.6837575e-19,0.013000185,0.0,0.0,0.0
31624000,1.4321959e-18,-5.6837575e-19,0.013000185,0.0,0.0,0.0
31644000,1.4321959e-18,-5.6837575e-19,0.013000185,0.0,0.0,0.0
31664000,1.4321959e-18,-5.6837575e-19,0.013000185,0.0,0.0,0.0
31684000,1.4321959e-18,-5.6837575e-19,0.013000185,0.0,0.0,0.0
31704000,1.4321959e-18,-5.6837575e-19,0.013000185,0.0,0.0,0.0
31724000,1.4321959e-18,-5.6837575e-19,0.013000185,0.0,0.0,0.0
31744000,1.4321959e-18,-5.6837575e-19,0.013000185,0.0,0.0,0.0
31764000,1.4321959e-18,-5.6837575e-19,0.013000185,0.0,0.0,0.0
31784000,1.4321959e-18,-5.6837575e-19,0.013000185,0.0,0.0,0.0
31804000,1.4321959e-18,-5.6837575e-19,0.013000185,0.0,0.0,0.0
31824000,1.4321959e-18,-5.6837575e-19,0.013000185,0.0,0.0,0.0
31844000,1.4321959e-18,-5.6837575e-19,0.013000185,0.0,0.0,0.0
31864000,1.4321959e-18,-5.6837575e-19,0.013000185,0.0,0.0,0.0
31884000,1.4321959e-18,-5.6837575e-19,0.013000185,0.0,0.0,0.0
31904000,1.4321959e-18,-5.6837575e-19,0.013000185,0.0,0.0,0.0
31924000,1.4321959e-18,-5.6837575e-19,0.013000185,0.0,0.0,0.0
31944000,1.4321959e-18,-5.6837575e-19,0.013000185,0.0,0.0,0.0
31964000,1.4321959e-18,-5.6837575e-19,0.013000185,0.0,0.0,0.0
31984000,1.4321959e-18,-5.6837575e-19,0.013000185,0.0,0.0,0.0
32004000,1.4321959e-18,-5.6837575e-19,0.013000185,0.0,0.0,0.0
32024000,1.4321959e-18,-5.6837575e-19,0.013000185,0.0,0.0,0.0
32044000,1.4321959e-18,-5.6837575e-19,0.013000185,0.0,0.0,0.0
32064000,1.4321959e-18,-5.6837575e-19,0.013000185,0.0,0.0,0.0
32084000,1.4321959e-18,-5.6837575e-19,0.013000185,0.0,0.0,0.0
32104000,1.4321959e-18,-5.6837575e-19,0.013000185,0.0,0.0,0.0
32124000,1.4321959e-18,-5.6837575e-19,0.013000185,0.0,0.0,0.0
32144000,1.4321959e-18,-5.6837575e-19,0.013000185,0.0,0.0,0.0
32164000,1.4321959e-18,-5.6837575e-19,0.013000185,0.0,0.0,0.0
32184000,1.4321959e-18,-5.6837575e-19,0.013000185,0.0,0.0,0.0
32204000,1.4321959e-18,-5.6837575e-19,0.013000185,0.0,0.0,0.0
32224000,1.4321959e-18,-5.6837575e-19,0.013000185,0.0,0.0,0.0
32244000,1.4321959e-18,-5.6837575e-19,0.013000185,0.0,0.0,0.0
32264000,1.4321959e-18,-5.6837575e-19,0.013000185,0.0,0.0,0.0
32284000,1.4321959e-18,-5.6837575e-19,0.013000185,0.0,0.0,0.0
32304000,1.4321959e-18,-5.6837575e-19,0.013000185,0.0,0.0,0.0
32324000,1.4321959e-18,-5.6837575e-19,0.013000185,0.0,0.0,0.0
32344000,1.4321959e-18,-5.6837575e-19,0.013000185,0.0,0.0,0.0
32364000,1.4321959e-18,-5.6837575e-19,0.013000185,0.0,0.0,0.0
32384000,1.4321959e-18,-5.6837575e-19,0.013000185,0.0,0.0,0.0
32404000,1.4321959e-18,-5.6837575e-19,0.013000185,0.0,0.0,0.0
32424000,1.4321959e-18,-5.6837575e-19,0.013000185,0.0,0.0,0.0
32444000,1.4321959e-18,-5.6837575e-19,0.013000185,0.0,0.0,0.0
32464000,1.4321959e-18,-5.6837575e-19,0.013000185,0.0,0.0,0.0
32484000,1.4321959e-18,-5.6837575e-19,0.013000185,0.0,0.0,0.0
32504000,1.4321959e-18,-5.6837575e-19,0.013000185,0.0,0.0,0.0
32520000,1.4321959e-18,-5.6837575e-19,0.013000185,0.0,0.0,0.0
32540000,1.4321959e-18,-5.6837575e-19,0.013000185,0.0,0.0,0.0
32560000,1.4321959e-18,-5.6837575e-19,0.013000185,0.0,0.0,0.0
32580000,1.4321959e-18,-5.6837575e-19,0.013000185,0.0,0.0,0.0
32600000,1.4321959e-18,-5.6837575e-19,0.013000185,0.0,0.0,0.0
32620000,1.4321959e-18,-5.6837575e-19,0.013000185,0.0,0.0,0.0
32640000,1.4321959e-18,-5.6837575e-19,0.013000185,0.0,0.0,0.0
32660000,1.4321959e-18,-5.6837575e-19,0.013000185,0.0,0.0,0.0
32680000,1.4321959e-18,-5.6837575e-19,0.013000185,0.0,0.0,0.0
32700000,1.4321959e-18,-5.6837575e-19,0.013000185,0.0,0.0,0.0
32724000,1.4321959e-18,-5.6837575e-19,0.013000185,0.0,0.0,0.0
32740000,1.4321959e-18,-5.6837575e-19,0.013000185,0.0,0.0,0.0
32760000,1.4321959e-18,-5.6837575e-19,0.013000185,0.0,0.0,0.0
32780000,1.4321959e-18,-5.6837575e-19,0.013000185,0.0,0.0,0.0
32800000,1.4321959e-18,-5.6837575e-19,0.013000185,0.0,0.0,0.0
32820000,1.4321959e-18,-5.6837575e-19,0.013000185,0.0,0.0,0.0
32840000,1.4321959e-18,-5.6837575e-19,0.013000185,0.0,0.0,0.0
32860000,1.4321959e-18,-5.6837575e-19,0.013000185,0.0,0.0,0.0
32880000,1.4321959e-18,-5.6837575e-19,0.013000185,0.0,0.0,0.0
32900000,1.4321959e-18,-5.6837575e-19,0.013000185,0.0,0.0,0.0
32920000,1.4321959e-18,-5.6837575e-19,0.013000185,0.0,0.0,0.0
32940000,1.4321959e-18,-5.6837575e-19,0.013000185,0.0,0.0,0.0
32960000,1.4321959e-18,-5.6837575e-19,0.013000185,0.0,0.0,0.0
32980000,1.4321959e-18,-5.6837575e-19,0.013000185,0.0,0.0,0.0
33000000,1.4321959e-18,-5.6837575e-19,0.013000185,0.0,0.0,0.0
33020000,1.4321959e-18,-5.6837575e-19,0.013000185,0.0,0.0,0.0
33040000,1.4321959e-18,-5.6837575e-19,0.013000185,0.0,0.0,0.0
33060000,1.4321959e-18,-5.6837575e-19,0.013000185,0.0,0.0,0.0
33080000,1.4321959e-18,-5.6837575e-19,0.013000185,0.0,0.0,0.0
33100000,1.4321959e-18,-5.6837575e-19,0.013000185,0.0,0.0,0.0
33120000,1.4321959e-18,-5.6837575e-19,0.013000185,0.0,0.0,0.0
33140000,1.4321959e-18,-5.6837575e-19,0.013000185,0.0,0.0,0.0
33160000,1.4321959e-18,-5.6837575e-19,0.013000185,0.0,0.0,0.0
33180000,1.4321959e-18,-5.6837575e-19,0.013000185,0.0,0.0,0.0
33200000,1.4321959e-18,-5.6837575e-19,0.013000185,0.0,0.0,0.0
33220000,1.4321959e-18,-5.6837575e-19,0.013000185,0.0,0.0,0.0
33240000,1.4321959e-18,-5.6837575e-19,0.013000185,0.0,0.0,0.0
33260000,1.4321959e-18,-5.6837575e-19,0.013000185,0.0,0.0,0.0
33280000,1.4321959e-18,-5.6837575e-19,0.013000185,0.0,0.0,0.0
33300000,1.4321959e-18,-5.6837575e-19,0.013000185,0.0,0.0,0.0
33320000,1.4321959e-18,-5.6837575e-19,0.013000185,0.0,0.0,0.0
33340000,1.4321959e-18,-5.6837575e-19,0.013000185,0.0,0.0,0.0
33360000,1.4321959e-18,-5.6837575e-19,0.013000185,0.0,0.0,0.0
33380000,1.4321959e-18,-5.6837575e-19,0.013000185,0.0,0.0,0.0
33400000,1.4321959e-18,-5.6837575e-19,0.013000185,0.0,0.0,0.0
33420000,1.4321959e-18,-5.6837575e-19,0.013000185,0.0,0.0,0.0
33440000,1.4321959e-18,-5.6837575e-19,0.013000185,0.0,0.0,0.0
33460000,1.4321959e-18,-5.6837575e-19,0.013000185,0.0,0.0,0.0
33480000,1.4321959e-18,-5.6837575e-19,0.013000185,0.0,0.0,0.0
33500000,1.4321959e-18,-5.6837575e-19,0.013000185,0.0,0.0,0.0
33536000,1.4321959e-18,-5.6837575e-19,0.013000185,0.0,0.0,0.0
33556000,1.4321959e-18,-5.6837575e-19,0.013000185,0.0,0.0,0.0
33576000,1.4321959e-18,-5.6837575e-19,0.013000185,0.0,0.0,0.0
33596000,1.4321959e-18,-5.6837575e-19,0.013000185,0.0,0.0,0.0
33616000,1.4321959e-18,-5.6837575e-19,0.013000185,0.0,0.0,0.0
33636000,1.4321959e-18,-5.6837575e-19,0.013000185,0.0,0.0,0.0
33656000,1.4321959e-18,-5.6837575e-19,0.013000185,0.0,0.0,0.0
33676000,1.4321959e-18,-5.6837575e-19,0.013000185,0.0,0.0,0.0
33696000,1.4321959e-18,-5.6837575e-19,0.013000185,0.0,0.0,0.0
33716000,1.4321959e-18,-5.6837575e-19,0.013000185,0.0,0.0,0.0
33736000,1.4321959e-18,-5.6837575e-19,0.013000185,0.0,0.0,0.0
33756000,1.4321959e-18,-5.6837575e-19,0.013000185,0.0,0.0,0.0
33776000,1.4321959e-18,-5.6837575e-19,0.013000185,0.0,0.0,0.0
33796000,1.4321959e-18,-5.6837575e-19,0.013000185,0.0,0.0,0.0
33816000,1.4321959e-18,-5.6837575e-19,0.013000185,0.0,0.0,0.0
33836000,1.4321959e-18,-5.6837575e-19,0.013000185,0.0,0.0,0.0
33856000,1.4321959e-18,-5.6837575e-19,0.013000185,0.0,0.0,0.0
33876000,1.4321959e-18,-5.6837575e-19,0.013000185,0.0,0.0,0.0
33896000,1.4321959e-18,-5.6837575e-19,0.013000185,0.0,0.0,0.0
33916000,1.4321959e-18,-5.6837575e-19,0.013000185,0.0,0.0,0.0
33936000,1.4321959e-18,-5.6837575e-19,0.013000185,0.0,0.0,0.0
33952000,1.4321959e-18,-5.6837575e-19,0.013000185,0.0,0.0,0.0
33976000,1.4321959e-18,-5.6837575e-19,0.013000185,0.0,0.0,0.0
33996000,1.4321959e-18,-5.6837575e-19,0.013000185,0.0,0.0,0.0
34016000,1.4321959e-18,-5.6837575e-19,0.013000185,0.0,0.0,0.0
34036000,1.4321959e-18,-5.6837575e-19,0.013000185,0.0,0.0,0.0
34052000,1.4321959e-18,-5.6837575e-19,0.013000185,0.0,0.0,0.0
34072000,1.4321959e-18,-5.6837575e-19,0.013000185,0.0,0.0,0.0
34092000,1.4321959e-18,-5.6837575e-19,0.013000185,0.0,0.0,0.0
34112000,1.4321959e-18,-5.6837575e-19,0.013000185,0.0,0.0,0.0
34132000,1.4321959e-18,-5.6837575e-19,0.013000185,0.0,0.0,0.0
34152000,1.4321959e-18,-5.6837575e-19,0.013000185,0.0,0.0,0.0
34172000,1.4321959e-18,-5.6837575e-19,0.013000185,0.0,0.0,0.0
34192000,1.4321959e-18,-5.6837575e-19,0.013000185,0.0,0.0,0.0
34212000,1.4321959e-18,-5.6837575e-19,0.013000185,0.0,0.0,0.0
34232000,1.4321959e-18,-5.6837575e-19,0.013000185,0.0,0.0,0.0
34244000,1.4321959e-18,-5.6837575e-19,0.013000185,0.0,0.0,0.0
34264000,1.4321959e-18,-5.6837575e-19,0.013000185,0.0,0.0,0.0
34280000,1.4321959e-18,-5.6837575e-19,0.013000185,0.0,0.0,0.0
34300000,1.4321959e-18,-5.6837575e-19,0.013000185,0.0,0.0,0.0
34320000,1.4321959e-18,-5.6837575e-19,0.013000185,0.0,0.0,0.0
34340000,1.4321959e-18,-5.6837575e-19,0.013000185,0.0,0.0,0.0
34360000,1.4321959e-18,-5.6837575e-19,0.013000185,0.0,0.0,0.0
34380000,1.4321959e-18,-5.6837575e-19,0.013000185,0.0,0.0,0.0
34400000,1.4321959e-18,-5.6837575e-19,0.013000185,0.0,0.0,0.0
34420000,1.4321959e-18,-5.6837575e-19,0.013000185,0.0,0.0,0.0
34440000,1.4321959e-18,-5.6837575e-19,0.013000185,0.0,0.0,0.0
34460000,1.4321959e-18,-5.6837575e-19,0.013000185,0.0,0.0,0.0
34480000,1.4321959e-18,-5.6837575e-19,0.013000185,0.0,0.0,0.0
34500000,1.4321959e-18,-5.6837575e-19,0.013000185,0.0,0.0,0.0
34520000,1.4321959e-18,-5.6837575e-19,0.013000185,0.0,0.0,0.0
34540000,1.4321959e-18,-5.6837575e-19,0.013000185,0.0,0.0,0.0
34560000,1.4321959e-18,-5.6837575e-19,0.013000185,0.0,0.0,0.0
34580000,1.4321959e-18,-5.6837575e-19,0.013000185,0.0,0.0,0.0
34600000,1.4321959e-18,-5.6837575e-19,0.013000185,0.0,0.0,0.0
34620000,1.4321959e-18,-5.6837575e-19,0.013000185,0.0,0.0,0.0
34640000,1.4321959e-18,-5.6837575e-19,0.013000185,0.0,0.0,0.0
34660000,1.4321959e-18,-5.6837575e-19,0.013000185,0.0,0.0,0.0
34680000,1.4321959e-18,-5.6837575e-19,0.013000185,0.0,0.0,0.0
34700000,1.4321959e-18,-5.6837575e-19,0.013000185,0.0,0.0,0.0
34720000,1.4321959e-18,-5.6837575e-19,0.013000185,0.0,0.0,0.0
34740000,1.4321959e-18,-5.6837575e-19,0.013000185,0.0,0.0,0.0
34760000,1.4321959e-18,-5.6837575e-19,0.013000185,0.0,0.0,0.0
34780000,1.4321959e-18,-5.6837575e-19,0.013000185,0.0,0.0,0.0
34800000,1.4321959e-18,-5.6837575e-19,0.013000185,0.0,0.0,0.0
34820000,1.4321959e-18,-5.6837575e-19,0.013000185,0.0,0.0,0.0
34840000,1.4321959e-18,-5.6837575e-19,0.013000185,0.0,0.0,0.0
34860000,1.4321959e-18,-5.6837575e-19,0.013000185,0.0,0.0,0.0
34880000,1.4321959e-18,-5.6837575e-19,0.013000185,0.0,0.0,0.0
34900000,1.4321959e-18,-5.6837575e-19,0.013000185,0.0,0.0,0.0
34920000,1.4321959e-18,-5.6837575e-19,0.013000185,0.0,0.0,0.0
34940000,1.4321959e-18,-5.6837575e-19,0.013000185,0.0,0.0,0.0
34960000,1.4321959e-18,-5.6837575e-19,0.013000185,0.0,0.0,0.0
34980000,1.4321959e-18,-5.6837575e-19,0.013000185,0.0,0.0,0.0
35000000,1.4321959e-18,-5.6837575e-19,0.013000185,0.0,0.0,0.0
35020000,1.4321959e-18,-5.6837575e-19,0.013000185,0.0,0.0,0.0
35040000,1.4321959e-18,-5.6837575e-19,0.013000185,0.0,0.0,0.0
35060000,1.4321959e-18,-5.6837575e-19,0.013000185,0.0,0.0,0.0
35080000,1.4321959e-18,-5.6837575e-19,0.013000185,0.0,0.0,0.0
35100000,1.4321959e-18,-5.6837575e-19,0.013000185,0.0,0.0,0.0
35136000,1.4321959e-18,-5.6837575e-19,0.013000185,0.0,0.0,0.0
35156000,1.4321959e-18,-5.6837575e-19,0.013000185,0.0,0.0,0.0
35176000,1.4321959e-18,-5.6837575e-19,0.013000185,0.0,0.0,0.0
35196000,1.4321959e-18,-5.6837575e-19,0.013000185,0.0,0.0,0.0
35216000,1.4321959e-18,-5.6837575e-19,0.013000185,0.0,0.0,0.0
35236000,1.4321959e-18,-5.6837575e-19,0.013000185,0.0,0.0,0.0
35256000,1.4321959e-18,-5.6837575e-19,0.013000185,0.0,0.0,0.0
35276000,1.4321959e-18,-5.6837575e-19,0.013000185,0.0,0.0,0.0
35296000,1.4321959e-18,-5.6837575e-19,0.013000185,0.0,0.0,0.0
35316000,1.4321959e-18,-5.6837575e-19,0.013000185,0.0,0.0,0.0
35336000,1.4321959e-18,-5.6837575e-19,0.013000185,0.0,0.0,0.0
35356000,1.4321959e-18,-5.6837575e-19,0.013000185,0.0,0.0,0.0
35376000,1.4321959e-18,-5.6837575e-19,0.013000185,0.0,0.0,0.0
35396000,1.4321959e-18,-5.6837575e-19,0.013000185,0.0,0.0,0.0
35416000,1.4321959e-18,-5.6837575e-19,0.013000185,0.0,0.0,0.0
35436000,1.4321959e-18,-5.6837575e-19,0.013000185,0.0,0.0,0.0
35456000,1.4321959e-18,-5.6837575e-19,0.013000185,0.0,0.0,0.0
35476000,1.4321959e-18,-5.6837575e-19,0.013000185,0.0,0.0,0.0
35496000,1.4321959e-18,-5.6837575e-19,0.013000185,0.0,0.0,0.0
35516000,1.4321959e-18,-5.6837575e-19,0.013000185,0.0,0.0,0.0
35536000,1.4321959e-18,-5.6837575e-19,0.013000185,0.0,0.0,0.0
35556000,1.4321959e-18,-5.6837575e-19,0.013000185,0.0,0.0,0.0
35576000,1.4321959e-18,-5.6837575e-19,0.013000185,0.0,0.0,0.0
35596000,1.4321959e-18,-5.6837575e-19,0.013000185,0.0,0.0,0.0
35616000,1.4321959e-18,-5.6837575e-19,0.013000185,0.0,0.0,0.0
35636000,1.4321959e-18,-5.6837575e-19,0.013000185,0.0,0.0,0.0
35656000,1.4321959e-18,-5.6837575e-19,0.013000185,0.0,0.0,0.0
35676000,1.4321959e-18,-5.6837575e-19,0.013000185,0.0,0.0,0.0
35696000,1.4321959e-18,-5.6837575e-19,0.013000185,0.0,0.0,0.0
35716000,1.4321959e-18,-5.6837575e-19,0.013000185,0.0,0.0,0.0
35736000,1.4321959e-18,-5.6837575e-19,0.013000185,0.0,0.0,0.0
35756000,1.4321959e-18,-5.6837575e-19,0.013000185,0.0,0.0,0.0
35776000,1.4321959e-18,-5.6837575e-19,0.013000185,0.0,0.0,0.0
35796000,1.4321959e-18,-5.6837575e-19,0.013000185,0.0,0.0,0.0
35816000,1.4321959e-18,-5.6837575e-19,0.013000185,0.0,0.0,0.0
35836000,1.4321959e-18,-5.6837575e-19,0.013000185,0.0,0.0,0.0
35856000,1.4321959e-18,-5.6837575e-19,0.013000185,0.0,0.0,0.0
35876000,1.4321959e-18,-5.6837575e-19,0.013000185,0.0,0.0,0.0
35892000,1.4321959e-18,-5.6837575e-19,0.013000185,0.0,0.0,0.0
35912000,1.4321959e-18,-5.6837575e-19,0.013000185,0.0,0.0,0.0
35932000,1.4321959e-18,-5.6837575e-19,0.013000185,0.0,0.0,0.0
35952000,1.4321959e-18,-5.6837575e-19,0.013000185,0.0,0.0,0.0
35972000,1.4321959e-18,-5.6837575e-19,0.013000185,0.0,0.0,0.0
35992000,1.4321959e-18,-5.6837575e-19,0.013000185,0.0,0.0,0.0
36012000,1.4321959e-18,-5.6837575e-19,0.013000185,0.0,0.0,0.0
36032000,1.4321959e-18,-5.6837575e-19,0.013000185,0.0,0.0,0.0
36052000,1.4321959e-18,-5.6837575e-19,0.013000185,0.0,0.0,0.0
36072000,1.4321959e-18,-5.6837575e-19,0.013000185,0.0,0.0,0.0
36092000,1.4321959e-18,-5.6837575e-19,0.013000185,0.0,0.0,0.0
36112000,1.4321959e-18,-5.6837575e-19,0.013000185,0.0,0.0,0.0
36132000,1.4321959e-18,-5.6837575e-19,0.013000185,0.0,0.0,0.0
36152000,1.4321959e-18,-5.6837575e-19,0.013000185,0.0,0.0,0.0
36172000,1.4321959e-18,-5.6837575e-19,0.013000185,0.0,0.0,0.0
36192000,1.4321959e-18,-5.6837575e-19,0.013000185,0.0,0.0,0.0
36212000,1.4321959e-18,-5.6837575e-19,0.013000185,0.0,0.0,0.0
36232000,1.4321959e-18,-5.6837575e-19,0.013000185,0.0,0.0,0.0
36252000,1.4321959e-18,-5.6837575e-19,0.013000185,0.0,0.0,0.0
36272000,1.4321959e-18,-5.6837575e-19,0.013000185,0.0,0.0,0.0
36292000,1.4321959e-18,-5.6837575e-19,0.013000185,0.0,0.0,0.0
36312000,1.4321959e-18,-5.6837575e-19,0.013000185,0.0,0.0,0.0
36332000,1.4321959e-18,-5.6837575e-19,0.013000185,0.0,0.0,0.0
36348000,1.4321959e-18,-5.6837575e-19,0.013000185,0.0,0.0,0.0
36368000,1.4321959e-18,-5.6837575e-19,0.013000185,0.0,0.0,0.0
36388000,1.4321959e-18,-5.6837575e-19,0.013000185,0.0,0.0,0.0
36408000,1.4321959e-18,-5.6837575e-19,0.013000185,0.0,0.0,0.0
36428000,1.4321959e-18,-5.6837575e-19,0.013000185,0.0,0.0,0.0
36448000,1.4321959e-18,-5.6837575e-19,0.013000185,0.0,0.0,0.0
36468000,1.4321959e-18,-5.6837575e-19,0.013000185,0.0,0.0,0.0
36488000,1.4321959e-18,-5.6837575e-19,0.013000185,0.0,0.0,0.0
36508000,1.4321959e-18,-5.6837575e-19,0.013000185,0.0,0.0,0.0
36528000,1.4321959e-18,-5.6837575e-19,0.013000185,0.0,0.0,0.0
36548000,1.4321959e-18,-5.6837575e-19,0.013000185,0.0,0.0,0.0
36568000,1.4321959e-18,-5.6837575e-19,0.013000185,0.0,0.0,0.0
36588000,1.4321959e-18,-5.6837575e-19,0.013000185,0.0,0.0,0.0
36604000,1.4321959e-18,-5.6837575e-19,0.013000185,0.0,0.0,0.0
36624000,1.4321959e-18,-5.6837575e-19,0.013000185,0.0,0.0,0.0
36644000,1.4321959e-18,-5.6837575e-19,0.013000185,0.0,0.0,0.0
36664000,1.4321959e-18,-5.6837575e-19,0.013000185,0.0,0.0,0.0
36684000,1.4321959e-18,-5.6837575e-19,0.013000185,0.0,0.0,0.0
36704000,1.4321959e-18,-5.6837575e-19,0.013000185,0.0,0.0,0.0
36724000,1.4321959e-18,-5.6837575e-19,0.013000185,0.0,0.0,0.0
36744000,1.4321959e-18,-5.6837575e-19,0.013000185,0.0,0.0,0.0
36764000,1.4321959e-18,-5.6837575e-19,0.013000185,0.0,0.0,0.0
36784000,1.4321959e-18,-5.6837575e-19,0.013000185,0.0,0.0,0.0
36804000,1.4321959e-18,-5.6837575e-19,0.013000185,0.0,0.0,0.0
36824000,1.4321959e-18,-5.6837575e-19,0.013000185,0.0,0.0,0.0
36844000,1.4321959e-18,-5.6837575e-19,0.013000185,0.0,0.0,0.0
36864000,1.4321959e-18,-5.6837575e-19,0.013000185,0.0,0.0,0.0
36884000,1.4321959e-18,-5.6837575e-19,0.013000185,0.0,0.0,0.0
36904000,1.4321959e-18,-5.6837575e-19,0.013000185,0.0,0.0,0.0
36924000,1.4321959e-18,-5.6837575e-19,0.013000185,0.0,0.0,0.0
36944000,1.4321959e-18,-5.6837575e-19,0.013000185,0.0,0.0,0.0
36964000,1.4321959e-18,-5.6837575e-19,0.013000185,0.0,0.0,0.0
36984000,1.4321959e-18,-5.6837575e-19,0.013000185,0.0,0.0,0.0
37004000,1.4321959e-18,-5.6837575e-19,0.013000185,0.0,0.0,0.0
37024000,1.4321959e-18,-5.6837575e-19,0.013000185,0.0,0.0,0.0
37044000,1.4321959e-18,-5.6837575e-19,0.013000185,0.0,0.0,0.0
37064000,1.4321959e-18,-5.6837575e-19,0.013000185,0.0,0.0,0.0
37084000,1.4321959e-18,-5.6837575e-19,0.013000185,0.0,0.0,0.0
37104000,1.4321959e-18,-5.6837575e-19,0.013000185,0.0,0.0,0.0
37124000,1.4321959e-18,-5.6837575e-19,0.013000185,0.0,0.0,0.0
37144000,1.4321959e-18,-5.6837575e-19,0.013000185,0.0,0.0,0.0
37164000,1.4321959e-18,-5.6837575e-19,0.013000185,0.0,0.0,0.0
37184000,1.4321959e-18,-5.6837575e-19,0.013000185,0.0,0.0,0.0
37204000,1.4321959e-18,-5.6837575e-19,0.013000185,0.0,0.0,0.0
37224000,1.4321959e-18,-5.6837575e-19,0.013000185,0.0,0.0,0.0
37244000,1.4321959e-18,-5.6837575e-19,0.013000185,0.0,0.0,0.0
37264000,1.4321959e-18,-5.6837575e-19,0.013000185,0.0,0.0,0.0
37284000,1.4321959e-18,-5.6837575e-19,0.013000185,0.0,0.0,0.0
37304000,1.4321959e-18,-5.6837575e-19,0.013000185,0.0,0.0,0.0
37324000,1.4321959e-18,-5.6837575e-19,0.013000185,0.0,0.0,0.0
37344000,1.4321959e-18,-5.6837575e-19,0.013000185,0.0,0.0,0.0
37364000,1.4321959e-18,-5.6837575e-19,0.013000185,0.0,0.0,0.0
37384000,1.4321959e-18,-5.6837575e-19,0.013000185,0.0,0.0,0.0
37404000,1.4321959e-18,-5.6837575e-19,0.013000185,0.0,0.0,0.0
37424000,1.4321959e-18,-5.6837575e-19,0.013000185,0.0,0.0,0.0
37444000,1.4321959e-18,-5.6837575e-19,0.013000185,0.0,0.0,0.0
37464000,1.4321959e-18,-5.6837575e-19,0.013000185,0.0,0.0,0.0
37484000,1.4321959e-18,-5.6837575e-19,0.013000185,0.0,0.0,0.0
37504000,1.4321959e-18,-5.6837575e-19,0.013000185,0.0,0.0,0.0
37524000,1.4321959e-18,-5.6837575e-19,0.013000185,0.0,0.0,0.0
37544000,1.4321959e-18,-5.6837575e-19,0.013000185,0.0,0.0,0.0
37564000,1.4321959e-18,-5.6837575e-19,0.013000185,0.0,0.0,0.0
37584000,1.4321959e-18,-5.6837575e-19,0.013000185,0.0,0.0,0.0
37604000,1.4321959e-18,-5.6837575e-19,0.013000185,0.0,0.0,0.0
37624000,1.4321959e-18,-5.6837575e-19,0.013000185,0.0,0.0,0.0
37644000,1.4321959e-18,-5.6837575e-19,0.013000185,0.0,0.0,0.0
37664000,1.4321959e-18,-5.6837575e-19,0.013000185,0.0,0.0,0.0
37680000,1.4321959e-18,-5.6837575e-19,0.013000185,0.0,0.0,0.0
37700000,1.4321959e-18,-5.6837575e-19,0.013000185,0.0,0.0,0.0
37720000,1.4321959e-18,-5.6837575e-19,0.013000185,0.0,0.0,0.0
37740000,1.4321959e-18,-5.6837575e-19,0.013000185,0.0,0.0,0.0
37760000,1.4321959e-18,-5.6837575e-19,0.013000185,0.0,0.0,0.0
37780000,1.4321959e-18,-5.6837575e-19,0.013000185,0.0,0.0,0.0
37800000,1.4321959e-18,-5.6837575e-19,0.013000185,0.0,0.0,0.0
37820000,1.4321959e-18,-5.6837575e-19,0.013000185,0.0,0.0,0.0
37840000,1.4321959e-18,-5.6837575e-19,0.013000185,0.0,0.0,0.0
37860000,1.4321959e-18,-5.6837575e-19,0.013000185,0.0,0.0,0.0
37880000,1.4321959e-18,-5.6837575e-19,0.013000185,0.0,0.0,0.0
37900000,1.4321959e-18,-5.6837575e-19,0.013000185,0.0,0.0,0.0
37920000,1.4321959e-18,-5.6837575e-19,0.013000185,0.0,0.0,0.0
37940000,1.4321959e-18,-5.6837575e-19,0.013000185,0.0,0.0,0.0
37960000,1.4321959e-18,-5.6837575e-19,0.013000185,0.0,0.0,0.0
37980000,1.4321959e-18,-5.6837575e-19,0.013000185,0.0,0.0,0.0
38000000,1.4321959e-18,-5.6837575e-19,0.013000185,0.0,0.0,0.0
38020000,1.4321959e-18,-5.6837575e-19,0.013000185,0.0,0.0,0.0
38040000,1.4321959e-18,-5.6837575e-19,0.013000185,0.0,0.0,0.0
38060000,1.4321959e-18,-5.6837575e-19,0.013000185,0.0,0.0,0.0
38080000,1.4321959e-18,-5.6837575e-19,0.013000185,0.0,0.0,0.0
38100000,1.4321959e-18,-5.6837575e-19,0.013000185,0.0,0.0,0.0
38120000,1.4321959e-18,-5.6837575e-19,0.013000185,0.0,0.0,0.0
38140000,1.4321959e-18,-5.6837575e-19,0.013000185,0.0,0.0,0.0
38160000,1.4321959e-18,-5.6837575e-19,0.013000185,0.0,0.0,0.0
38180000,1.4321959e-18,-5.6837575e-19,0.013000185,0.0,0.0,0.0
38200000,1.4321959e-18,-5.6837575e-19,0.013000185,0.0,0.0,0.0
38220000,1.4321959e-18,-5.6837575e-19,0.013000185,0.0,0.0,0.0
38240000,1.4321959e-18,-5.6837575e-19,0.013000185,0.0,0.0,0.0
38260000,1.4321959e-18,-5.6837575e-19,0.013000185,0.0,0.0,0.0
38280000,1.4321959e-18,-5.6837575e-19,0.013000185,0.0,0.0,0.0
38300000,1.4321959e-18,-5.6837575e-19,0.013000185,0.0,0.0,0.0
38320000,1.4321959e-18,-5.6837575e-19,0.013000185,0.0,0.0,0.0
38340000,1.4321959e-18,-5.6837575e-19,0.013000185,0.0,0.0,0.0
38360000,1.4321959e-18,-5.6837575e-19,0.013000185,0.0,0.0,0.0
38380000,1.4321959e-18,-5.6837575e-19,0.013000185,0.0,0.0,0.0
38400000,1.4321959e-18,-5.6837575e-19,0.013000185,0.0,0.0,0.0
38420000,1.4321959e-18,-5.6837575e-19,0.013000185,0.0,0.0,0.0
38440000,1.4321959e-18,-5.6837575e-19,0.013000185,0.0,0.0,0.0
38460000,1.4321959e-18,-5.6837575e-19,0.013000185,0.0,0.0,0.0
38480000,1.4321959e-18,-5.6837575e-19,0.013000185,0.0,0.0,0.0
38500000,1.4321959e-18,-5.6837575e-19,0.013000185,0.0,0.0,0.0
38520000,1.4321959e-18,-5.6837575e-19,0.013000185,0.0,0.0,0.0
38540000,1.4321959e-18,-5.6837575e-19,0.013000185,0.0,0.0,0.0
38560000,1.4321959e-18,-5.6837575e-19,0.013000185,0.0,0.0,0.0
38580000,1.4321959e-18,-5.6837575e-19,0.013000185,0.0,0.0,0.0
38600000,1.4321959e-18,-5.6837575e-19,0.013000185,0.0,0.0,0.0
38620000,1.4321959e-18,-5.6837575e-19,0.013000185,0.0,0.0,0.0
38640000,1.4321959e-18,-5.6837575e-19,0.013000185,0.0,0.0,0.0
38660000,1.4321959e-18,-5.6837575e-19,0.013000185,0.0,0.0,0.0
38680000,1.4321959e-18,-5.6837575e-19,0.013000185,0.0,0.0,0.0
38700000,1.4321959e-18,-5.6837575e-19,0.013000185,0.0,0.0,0.0
38720000,1.4321959e-18,-5.6837575e-19,0.013000185,0.0,0.0,0.0
38740000,1.4321959e-18,-5.6837575e-19,0.013000185,0.0,0.0,0.0
38760000,1.4321959e-18,-5.6837575e-19,0.013000185,0.0,0.0,0.0
38780000,1.4321959e-18,-5.6837575e-19,0.013000185,0.0,0.0,0.0
38800000,1.4321959e-18,-5.6837575e-19,0.013000185,0.0,0.0,0.0
38820000,1.4321959e-18,-5.6837575e-19,0.013000185,0.0,0.0,0.0
38840000,1.4321959e-18,-5.6837575e-19,0.013000185,0.0,0.0,0.0
38860000,1.4321959e-18,-5.6837575e-19,0.013000185,0.0,0.0,0.0
38880000,1.4321959e-18,-5.6837575e-19,0.013000185,0.0,0.0,0.0
38900000,1.4321959e-18,-5.6837575e-19,0.013000185,0.0,0.0,0.0
38920000,1.4321959e-18,-5.6837575e-19,0.013000185,0.0,0.0,0.0
38940000,1.4321959e-18,-5.6837575e-19,0.013000185,0.0,0.0,0.0
38960000,1.4321959e-18,-5.6837575e-19,0.013000185,0.0,0.0,0.0
38980000,1.4321959e-18,-5.6837575e-19,0.013000185,0.0,0.0,0.0
39000000,1.4321959e-18,-5.6837575e-19,0.013000185,0.0,0.0,0.0
39020000,1.4321959e-18,-5.6837575e-19,0.013000185,0.0,0.0,0.0
39040000,1.4321959e-18,-5.6837575e-19,0.013000185,0.0,0.0,0.0
39060000,1.4321959e-18,-5.6837575e-19,0.013000185,0.0,0.0,0.0
39080000,1.4321959e-18,-5.6837575e-19,0.013000185,0.0,0.0,0.0
39100000,1.4321959e-18,-5.6837575e-19,0.013000185,0.0,0.0,0.0
39120000,1.4321959e-18,-5.6837575e-19,0.013000185,0.0,0.0,0.0
39140000,1.4321959e-18,-5.6837575e-19,0.013000185,0.0,0.0,0.0
39160000,1.4321959e-18,-5.6837575e-19,0.013000185,0.0,0.0,0.0
39180000,1.4321959e-18,-5.6837575e-19,0.013000185,0.0,0.0,0.0
39200000,1.4321959e-18,-5.6837575e-19,0.013000185,0.0,0.0,0.0
39220000,1.4321959e-18,-5.6837575e-19,0.013000185,0.0,0.0,0.0
39240000,1.4321959e-18,-5.6837575e-19,0.013000185,0.0,0.0,0.0
39260000,1.4321959e-18,-5.6837575e-19,0.013000185,0.0,0.0,0.0
39280000,1.4321959e-18,-5.6837575e-19,0.013000185,0.0,0.0,0.0
39300000,1.4321959e-18,-5.6837575e-19,0.013000185,0.0,0.0,0.0
39320000,1.4321959e-18,-5.6837575e-19,0.013000185,0.0,0.0,0.0
39340000,1.4321959e-18,-5.6837575e-19,0.013000185,0.0,0.0,0.0
39360000,1.4321959e-18,-5.6837575e-19,0.013000185,0.0,0.0,0.0
39380000,1.4321959e-18,-5.6837575e-19,0.013000185,0.0,0.0,0.0
39416000,1.4321959e-18,-5.6837575e-19,0.013000185,0.0,0.0,0.0
39436000,1.4321959e-18,-5.6837575e-19,0.013000185,0.0,0.0,0.0
39456000,1.4321959e-18,-5.6837575e-19,0.013000185,0.0,0.0,0.0
39476000,1.4321959e-18,-5.6837575e-19,0.013000185,0.0,0.0,0.0
39496000,1.4321959e-18,-5.6837575e-19,0.013000185,0.0,0.0,0.0
39516000,1.4321959e-18,-5.6837575e-19,0.013000185,0.0,0.0,0.0
39536000,1.4321959e-18,-5.6837575e-19,0.013000185,0.0,0.0,0.0
39556000,1.4321959e-18,-5.6837575e-19,0.013000185,0.0,0.0,0.0
39576000,1.4321959e-18,-5.6837575e-19,0.013000185,0.0,0.0,0.0
39596000,1.4321959e-18,-5.6837575e-19,0.013000185,0.0,0.0,0.0
39616000,1.4321959e-18,-5.6837575e-19,0.013000185,0.0,0.0,0.0
39636000,1.4321959e-18,-5.6837575e-19,0.013000185,0.0,0.0,0.0
39656000,1.4321959e-18,-5.6837575e-19,0.013000185,0.0,0.0,0.0
39676000,1.4321959e-18,-5.6837575e-19,0.013000185,0.0,0.0,0.0
39696000,1.4321959e-18,-5.6837575e-19,0.013000185,0.0,0.0,0.0
39716000,1.4321959e-18,-5.6837575e-19,0.013000185,0.0,0.0,0.0
39736000,1.4321959e-18,-5.6837575e-19,0.013000185,0.0,0.0,0.0
39756000,1.4321959e-18,-5.6837575e-19,0.013000185,0.0,0.0,0.0
39776000,1.4321959e-18,-5.6837575e-19,0.013000185,0.0,0.0,0.0
39796000,1.4321959e-18,-5.6837575e-19,0.013000185,0.0,0.0,0.0
39816000,1.4321959e-18,-5.6837575e-19,0.013000185,0.0,0.0,0.0
39836000,1.4321959e-18,-5.6837575e-19,0.013000185,0.0,0.0,0.0
39856000,1.4321959e-18,-5.6837575e-19,0.013000185,0.0,0.0,0.0
39876000,1.4321959e-18,-5.6837575e-19,0.013000185,0.0,0.0,0.0
39896000,1.4321959e-18,-5.6837575e-19,0.013000185,0.0,0.0,0.0
39916000,1.4321959e-18,-5.6837575e-19,0.013000185,0.0,0.0,0.0
39936000,1.4321959e-18,-5.6837575e-19,0.013000185,0.0,0.0,0.0
39956000,1.4321959e-18,-5.6837575e-19,0.013000185,0.0,0.0,0.0
39976000,1.4321959e-18,-5.6837575e-19,0.013000185,0.0,0.0,0.0
39996000,1.4321959e-18,-5.6837575e-19,0.013000185,0.0,0.0,0.0
40016000,1.4321959e-18,-5.6837575e-19,0.013000185,0.0,0.0,0.0
40036000,1.4321959e-18,-5.6837575e-19,0.013000185,0.0,0.0,0.0
40056000,1.4321959e-18,-5.6837575e-19,0.013000185,0.0,0.0,0.0
40076000,1.4321959e-18,-5.6837575e-19,0.013000185,0.0,0.0,0.0
40096000,1.4321959e-18,-5.6837575e-19,0.013000185,0.0,0.0,0.0
40116000,1.4321959e-18,-5.6837575e-19,0.013000185,0.0,0.0,0.0
40136000,1.4321959e-18,-5.6837575e-19,0.013000185,0.0,0.0,0.0
40156000,1.4321959e-18,-5.6837575e-19,0.013000185,0.0,0.0,0.0
40176000,1.4321959e-18,-5.6837575e-19,0.013000185,0.0,0.0,0.0
40196000,1.4321959e-18,-5.6837575e-19,0.013000185,0.0,0.0,0.0
40216000,1.4321959e-18,-5.6837575e-19,0.013000185,0.0,0.0,0.0
40236000,1.4321959e-18,-5.6837575e-19,0.013000185,0.0,0.0,0.0
40256000,1.4321959e-18,-5.6837575e-19,0.013000185,0.0,0.0,0.0
40276000,1.4321959e-18,-5.6837575e-19,0.013000185,0.0,0.0,0.0
40296000,1.4321959e-18,-5.6837575e-19,0.013000185,0.0,0.0,0.0
40316000,1.4321959e-18,-5.6837575e-19,0.013000185,0.0,0.0,0.0
40336000,1.4321959e-18,-5.6837575e-19,0.013000185,0.0,0.0,0.0
40356000,1.4321959e-18,-5.6837575e-19,0.013000185,0.0,0.0,0.0
40376000,1.4321959e-18,-5.6837575e-19,0.013000185,0.0,0.0,0.0
40396000,1.4321959e-18,-5.6837575e-19,0.013000185,0.0,0.0,0.0
40416000,1.4321959e-18,-5.6837575e-19,0.013000185,0.0,0.0,0.0
40436000,1.4321959e-18,-5.6837575e-19,0.013000185,0.0,0.0,0.0
40456000,1.4321959e-18,-5.6837575e-19,0.013000185,0.0,0.0,0.0
40472000,1.4321959e-18,-5.6837575e-19,0.013000185,0.0,0.0,0.0
40492000,1.4321959e-18,-5.6837575e-19,0.013000185,0.0,0.0,0.0
40512000,1.4321959e-18,-5.6837575e-19,0.013000185,0.0,0.0,0.0
40532000,1.4321959e-18,-5.6837575e-19,0.013000185,0.0,0.0,0.0
40552000,1.4321959e-18,-5.6837575e-19,0.013000185,0.0,0.0,0.0
40572000,1.4321959e-18,-5.6837575e-19,0.013000185,0.0,0.0,0.0
40592000,1.4321959e-18,-5.6837575e-19,0.013000185,0.0,0.0,0.0
40612000,1.4321959e-18,-5.6837575e-19,0.013000185,0.0,0.0,0.0
40632000,1.4321959e-18,-5.6837575e-19,0.013000185,0.0,0.0,0.0
40652000,1.4321959e-18,-5.6837575e-19,0.013000185,0.0,0.0,0.0
40672000,1.4321959e-18,-5.6837575e-19,0.013000185,0.0,0.0,0.0
40692000,-6.656049e-11,8.076281e-08,0.012999238,-3.3280247e-09,4.0381406e-06,-4.7282876e-05
40712000,2.781538e-06,4.1893763e-06,0.012988986,0.00013908022,0.00020543067,-0.00051261816
40732000,-3.805105e-06,3.7779842e-05,0.012947766,-0.00032933214,0.0016795233,-0.0020609912
40752000,-5.1304924e-05,0.00012867476,0.01283021,-0.0023749908,0.004544746,-0.005877848
40772000,-0.000117586496,0.00023445359,0.012602113,-0.0033140786,0.0052889413,-0.011404806
40792000,-0.00017952164,0.00032784112,0.012222973,-0.003096757,0.0046693757,-0.01895706
40812000,-0.00024061176,0.00041040755,0.011666593,-0.0030545061,0.004128323,-0.027818969
40832000,-0.00029854957,0.0004781527,0.010899849,-0.00289689,0.0033872572,-0.03833719
40852000,-0.00034817096,0.00052463723,0.009903708,-0.0024810692,0.0023242263,-0.049807064
40872000,-0.0003851923,0.00054562686,0.008651514,-0.001851068,0.0010494805,-0.06260971
40892000,-0.0004061606,0.00053740887,0.00713002,-0.0010484153,-0.00041089946,-0.07607468
40912000,-0.0004119115,0.00049667736,0.005317359,-0.00028754378,-0.0020365762,-0.09063304
40932000,-0.0003993702,0.00042373737,0.0032045224,0.00062706356,-0.003646998,-0.10564184
40952000,-0.00036581646,0.00032074907,0.00077390217,0.0016776873,-0.0051494148,-0.12153101
40972000,-0.00031038508,0.000184647,-0.0019797555,0.0027715692,-0.0068051037,-0.13768288
40992000,-0.00023602338,1.3720897e-05,-0.005070584,0.0037180851,-0.008546305,-0.15454143
41012000,-0.0001374706,-0.00019212943,-0.008501196,0.004927639,-0.010292516,-0.17153062
41032000,-1.3214531e-05,-0.00042975423,-0.012283212,0.0062128035,-0.011881241,-0.18910074
41052000,0.00013411994,-0.0007001137,-0.016417097,0.007366724,-0.013517975,-0.20669429
41072000,0.0003032124,-0.0010007042,-0.020912074,0.008454624,-0.015029526,-0.22474888
41092000,0.00049721554,-0.0013310156,-0.025765294,0.009700157,-0.016515566,-0.24266097
41112000,0.0007188155,-0.0016884146,-0.030986026,0.011079998,-0.017869951,-0.26103657
41132000,0.00096243405,-0.002071925,-0.03657228,0.012180927,-0.019175524,-0.27931285
41152000,0.0012239584,-0.0024823707,-0.042531077,0.013076222,-0.020522285,-0.2979397
41172000,0.0015091989,-0.002919513,-0.048858672,0.0142620215,-0.021857113,-0.31637987
41192000,0.0018213547,-0.003375079,-0.055560894,0.015607794,-0.022778299,-0.33511102
41212000,0.0021561834,-0.0038488517,-0.06263305,0.016741423,-0.023688639,-0.35360792
41232000,0.002511104,-0.004345335,-0.07008011,0.017746048,-0.02482417,-0.3723528
41252000,0.0028845118,-0.0048620477,-0.07789671,0.018670386,-0.025835639,-0.39082992
41272000,0.0032764948,-0.005394559,-0.08608743,0.019599142,-0.026625557,-0.40953606
41292000,0.0036894656,-0.005944187,-0.09464639,0.020648535,-0.027481388,-0.42794803
41312000,0.004124501,-0.0065096966,-0.10357784,0.021751769,-0.028275479,-0.4465723
41332000,0.00457767,-0.0070888507,-0.112875395,0.022658449,-0.028957712,-0.46487802
41352000,0.005049491,-0.007683968,-0.12254317,0.02359106,-0.029755872,-0.48338866
41372000,0.005539939,-0.008291365,-0.13257454,0.024522388,-0.03036983,-0.501569
41392000,0.006045365,-0.008908212,-0.14297378,0.025271308,-0.03084238,-0.5199617
41412000,0.0065652914,-0.009534988,-0.15373391,0.025996322,-0.031338744,-0.53800654
41432000,0.0071048182,-0.010170701,-0.1648589,0.026976336,-0.03178568,-0.55624884
41452000,0.007670204,-0.010817909,-0.17634141,0.028269311,-0.03236038,-0.57412636
41472000,0.00826914,-0.011472505,-0.18818487,0.029946769,-0.032729793,-0.59217274
41492000,0.008895999,-0.012131653,-0.20038077,0.031342965,-0.03295743,-0.60979515
41512000,0.009541204,-0.01279585,-0.21293439,0.03226024,-0.033209853,-0.6276804
41532000,0.01020422,-0.013463472,-0.22583862,0.033150807,-0.03338109,-0.6452119
41552000,0.010884277,-0.014132648,-0.23909791,0.03400285,-0.0334588,-0.66296464
41572000,0.011578019,-0.014800761,-0.2527046,0.034687083,-0.033405654,-0.6803334
41592000,0.01228312,-0.015465185,-0.2666629,0.035255063,-0.033221222,-0.697915
41612000,0.012996017,-0.016124312,-0.28096497,0.035644867,-0.03295633,-0.71510464
41632000,0.013718396,-0.01677591,-0.29561535,0.036118954,-0.032579914,-0.7325186
41652000,0.014446426,-0.017418563,-0.31060612,0.036401488,-0.032132626,-0.74953824
41672000,0.015177051,-0.018052248,-0.32594186,0.03653123,-0.03168433,-0.76678795
41692000,0.015909715,-0.018676799,-0.34161472,0.036633175,-0.031227447,-0.783643
41712000,0.016645752,-0.019290691,-0.35762972,0.036801852,-0.030694654,-0.8007492
41732000,0.017386103,-0.01989488,-0.373979,0.03701762,-0.0302094,-0.81746405
41752000,0.018130347,-0.0204911,-0.39066717,0.037212156,-0.02981111,-0.834409
41772000,0.01887666,-0.021084713,-0.40768138,0.03731572,-0.029680615,-0.8507098
41792000,0.01962234,-0.021685775,-0.42500433,0.03728401,-0.030053055,-0.8661479
41812000,0.020363567,-0.022306703,-0.4425975,0.03706132,-0.03104641,-0.87965876
41832000,0.021098495,-0.022932742,-0.46042082,0.036746375,-0.03130191,-0.89116573
41852000,0.021817897,-0.023535004,-0.4784234,0.035970103,-0.030113127,-0.9001286
41872000,0.022518648,-0.024074018,-0.49655974,0.035037536,-0.026950756,-0.9068181
41892000,0.023203835,-0.024513964,-0.51477885,0.034259383,-0.021997267,-0.9109547
41912000,0.023876566,-0.02481852,-0.5330456,0.033636507,-0.01522775,-0.9133377
41932000,0.024531355,-0.024964713,-0.551338,0.032739468,-0.0073096794,-0.9146205
41952000,0.025163123,-0.024937946,-0.56965625,0.0315884,0.0013383394,-0.91591203
41972000,0.025770651,-0.024736056,-0.58799314,0.030376423,0.010094486,-0.91684353
41992000,0.026347142,-0.02435174,-0.60636187,0.028824506,0.019215818,-0.9184377
42012000,0.026875854,-0.023777068,-0.6247717,0.026435608,0.028733581,-0.9204905
42032000,0.027348377,-0.022996478,-0.64324135,0.023626113,0.039029565,-0.9234841
42052000,0.027758162,-0.022000035,-0.6617725,0.020489298,0.04982204,-0.9265571
42072000,0.028090138,-0.020780636,-0.6803787,0.016598808,0.060969964,-0.93030936
42092000,0.028332174,-0.019339172,-0.6990594,0.012101783,0.072073236,-0.9340376
42112000,0.028473997,-0.017694512,-0.717826,0.0070911907,0.08223298,-0.9383276
42132000,0.028511401,-0.015872419,-0.73667705,0.0018701889,0.09110467,-0.9425526
42152000,0.028447535,-0.0139205335,-0.75562406,-0.0031933333,0.09759427,-0.9473496
42172000,0.028295591,-0.011877973,-0.7746636,-0.007597209,0.10212807,-0.9519801
42192000,0.028070724,-0.009804724,-0.7938061,-0.011243374,0.10366244,-0.95712036
42212000,0.027788498,-0.0077365916,-0.81304777,-0.014111326,0.1034066,-0.9620843
42232000,0.027456723,-0.005717299,-0.8323962,-0.016588697,0.10096464,-0.9674234
42252000,0.027085885,-0.0037779282,-0.8518457,-0.018541873,0.09696853,-0.9724736
42272000,0.026684629,-0.0019545932,-0.8714017,-0.020062827,0.09116675,-0.9778007
42292000,0.026260115,-0.00027131048,-0.8910572,-0.021225704,0.084164135,-0.98277485
42312000,0.02581661,0.0012384807,-0.9108167,-0.02217519,0.07548956,-0.9879753
42332000,0.025365362,0.0025598397,-0.9306727,-0.022562468,0.06606795,-0.99280113
42352000,0.024908211,0.0036709658,-0.9506287,-0.022857541,0.0555563,-0.9977979
42372000,0.02444785,0.00453715,-0.97067535,-0.023017963,0.043309215,-1.0023345
42392000,0.023991363,0.0051151747,-0.9908151,-0.022824408,0.028901225,-1.0069872
42412000,0.023554197,0.0053797034,-1.0110401,-0.021858303,0.013226444,-1.0112495
42432000,0.023169575,0.0053113876,-1.0313578,-0.019231137,-0.0034158002,-1.0158814
42452000,0.022873174,0.004917224,-1.0517541,-0.014820012,-0.019708175,-1.0198203
42472000,0.022701362,0.0042184936,-1.0722358,-0.008590624,-0.03493652,-1.0240862
42492000,0.022654729,0.0032326127,-1.0927993,-0.0023316534,-0.04929404,-1.0281711
42512000,0.022705454,0.0020096304,-1.1134548,0.002536323,-0.061149105,-1.0327762
42532000,0.022831423,0.0006015036,-1.1341993,0.0062983865,-0.07040635,-1.0372213
42552000,0.023018654,-0.00093288353,-1.1550407,0.009361552,-0.07671936,-1.0420762
42572000,0.023254983,-0.002563587,-1.1759739,0.011816425,-0.08153517,-1.0466566
42592000,0.023524053,-0.004259875,-1.1970049,0.0134534985,-0.0848144,-1.0515511
42612000,0.023817673,-0.0060013076,-1.2181275,0.014681042,-0.087071635,-1.0561309
42632000,0.024132159,-0.0077679283,-1.2393475,0.015724238,-0.088331036,-1.0609943
42652000,0.024458844,-0.009541469,-1.2606579,0.016334351,-0.088677,-1.0655237
42672000,0.024789669,-0.011306302,-1.2820641,0.016541146,-0.088241674,-1.0703119
42692000,0.025121238,-0.013057295,-1.3035592,0.016578544,-0.08754966,-1.0747533
42712000,0.025453484,-0.014787234,-1.3251477,0.016612232,-0.08649695,-1.0794278
42732000,0.025783023,-0.016485564,-1.3468229,0.016476933,-0.08491652,-1.0837569
42752000,0.02610822,-0.018146586,-1.3685899,0.016259877,-0.08305106,-1.0883507
42772000,0.026425274,-0.01976746,-1.390442,0.015852712,-0.08104371,-1.0926021
42792000,0.026732568,-0.021343838,-1.4123843,0.015364668,-0.078818955,-1.0971161
42812000,0.027029155,-0.022870904,-1.43441,0.014829413,-0.07635323,-1.1012826
42832000,0.027314033,-0.024349269,-1.4565243,0.014243861,-0.07391829,-1.1057142
42852000,0.027587276,-0.02577509,-1.4787201,0.013662171,-0.07129105,-1.1097937
42872000,0.027846865,-0.027146187,-1.5010027,0.012979436,-0.06855484,-1.1141293
42892000,0.02809368,-0.028461048,-1.5233649,0.012340752,-0.06574303,-1.1181115
42912000,0.028326426,-0.02972115,-1.545812,0.011637315,-0.06300513,-1.1223526
42932000,0.028545909,-0.030921483,-1.5683368,0.010974082,-0.06001668,-1.1262425
42952000,0.028754473,-0.032060638,-1.5909446,0.010428279,-0.056957703,-1.1303906
42972000,0.028950715,-0.033140015,-1.6136284,0.009812055,-0.053968817,-1.1341871
42992000,0.029131144,-0.034158442,-1.6363932,0.009021442,-0.050921287,-1.1382399
43012000,0.029295625,-0.03511623,-1.6592319,0.008224045,-0.04788944,-1.1419345
43032000,0.02944432,-0.036016233,-1.6821495,0.0074347984,-0.045000136,-1.1458848
43052000,0.029581303,-0.03685702,-1.7051393,0.006849112,-0.042039406,-1.1494849
43072000,0.029704893,-0.03763713,-1.7282064,0.0061795055,-0.039005555,-1.1533566
43092000,0.029812416,-0.0383574,-1.7513441,0.0053762123,-0.036013447,-1.1568872
43112000,0.029905435,-0.039014187,-1.7745581,0.0046508643,-0.032839384,-1.1606951
43132000,0.029984578,-0.039608262,-1.7978413,0.00395721,-0.02970379,-1.1641656
43152000,0.030052131,-0.04014462,-1.8211997,0.003377648,-0.026817782,-1.1679162
43172000,0.03010591,-0.0406229,-1.8446262,0.0026888608,-0.023914184,-1.171329
43192000,0.030144338,-0.041041184,-1.8681266,0.0019214236,-0.020914026,-1.1750191
43212000,0.030170033,-0.041400738,-1.8916941,0.0012848076,-0.01797779,-1.1783755
43232000,0.030180633,-0.041701056,-1.9153345,0.00052999676,-0.01501582,-1.1820168
43252000,0.030176101,-0.041944325,-1.939041,-0.00022661789,-0.012163556,-1.1853257
43272000,0.030157648,-0.042128976,-1.9628197,-0.00092259294,-0.009232573,-1.1889341
43292000,0.03012481,-0.042257875,-1.9866652,-0.0016420054,-0.0064447997,-1.1922778
43312000,0.030077532,-0.042337768,-2.0105822,-0.0023638853,-0.0039946535,-1.1958488
43332000,0.030016206,-0.042368233,-2.034563,-0.0030662783,-0.0015233883,-1.199047
43352000,0.029942784,-0.042347293,-2.058613,-0.0036711015,0.0010470984,-1.2024969
43372000,0.029856574,-0.042276137,-2.0827205,-0.0043104794,0.0035577754,-1.2053691
43392000,0.029756997,-0.04215514,-2.106862,-0.004978823,0.0060499804,-1.2070751
43412000,0.029646168,-0.04198677,-2.1309962,-0.005541486,0.00841831,-1.2067153
43432000,0.029524485,-0.041774713,-2.1550832,-0.0060841944,0.010602932,-1.2043402
43452000,0.029391065,-0.04151805,-2.179077,-0.006670961,0.012833089,-1.1996933
43472000,0.02924533,-0.041220944,-2.202958,-0.007286752,0.014855429,-1.1940597
43492000,0.029088043,-0.040885303,-2.2267056,-0.007864327,0.016781986,-1.1873727
43512000,0.028919922,-0.04051005,-2.2503216,-0.008406026,0.018762685,-1.1808065
43532000,0.028739726,-0.040098064,-2.2737963,-0.009009839,0.020599373,-1.1737335
43552000,0.028547274,-0.03965066,-2.2971365,-0.009622617,0.022370094,-1.1670053
43572000,0.02834547,-0.03917117,-2.32034,-0.010090238,0.023974529,-1.1601701
43592000,0.02813247,-0.03865956,-2.3434203,-0.010649919,0.025580484,-1.1540188
43612000,0.02790758,-0.03811607,-2.3663678,-0.011244515,0.02717435,-1.1473805
43632000,0.027672365,-0.03754385,-2.3891923,-0.011760753,0.028611194,-1.1412259
43652000,0.02742763,-0.03694361,-2.4118872,-0.012236678,0.030011956,-1.1347346
43672000,0.027173838,-0.03631096,-2.4344628,-0.012689715,0.03163256,-1.1287891
43692000,0.02691088,-0.035646234,-2.4569135,-0.013147851,0.033236302,-1.122527
43716000,0.026580282,-0.034808975,-2.4837022,-0.013774918,0.03488574,-1.1161976
43736000,0.026291993,-0.03408296,-2.5058944,-0.0144144865,0.03630074,-1.1096143
43756000,0.025991302,-0.03333222,-2.527976,-0.0150344875,0.037536874,-1.1040779
43776000,0.025678603,-0.032554075,-2.549941,-0.015634974,0.038907304,-1.0982487
43796000,0.025358843,-0.03174937,-2.5717983,-0.015987989,0.04023517,-1.0928701
43816000,0.025030378,-0.030921536,-2.593542,-0.016423272,0.041391857,-1.0871879
43836000,0.024689415,-0.030071853,-2.6151805,-0.017048152,0.042484183,-1.0819216
43856000,0.024336323,-0.029199066,-2.6367073,-0.017654566,0.0436393,-1.0763333
43876000,0.02397339,-0.028301168,-2.6581295,-0.018146677,0.044894848,-1.071115
43896000,0.02359837,-0.027379889,-2.6794407,-0.018750988,0.046064027,-1.0655608
43916000,0.023209553,-0.026439663,-2.7006495,-0.019440824,0.04701127,-1.0604327
43936000,0.022807257,-0.025481569,-2.721749,-0.02011478,0.047904756,-1.0549829
43956000,0.022393676,-0.02450196,-2.7427473,-0.020679168,0.04898041,-1.0499085
43976000,0.021968959,-0.02350152,-2.763637,-0.021235747,0.050022025,-1.0444931
43996000,0.021532824,-0.02248653,-2.7844257,-0.021806734,0.050749466,-1.0394369
44016000,0.0210849,-0.021457868,-2.8051066,-0.022396259,0.051433083,-1.0340353
44036000,0.020624867,-0.020413408,-2.825686,-0.023001615,0.052223064,-1.0289748
44056000,0.020151647,-0.019355033,-2.846157,-0.023661042,0.05291875,-1.023557
44076000,0.019668842,-0.018286152,-2.8665266,-0.024140207,0.053444028,-1.0184677
44096000,0.019175967,-0.017207107,-2.886787,-0.024643745,0.053952254,-1.0130174
44116000,0.018670784,-0.016118063,-2.9069445,-0.025259195,0.054452226,-1.0078784
44132000,0.018257007,-0.015241054,-2.9229903,-0.025861079,0.054813042,-1.0028691
44152000,0.017729552,-0.014138758,-2.942955,-0.02637273,0.055114757,-0.99823457
44172000,0.017190814,-0.01303493,-2.9628074,-0.026936876,0.0551914,-0.9926186
44192000,0.016642021,-0.011932488,-2.982554,-0.027439667,0.055122156,-0.98733014
44212000,0.016080095,-0.010828744,-3.0021863,-0.028096326,0.055187173,-0.9816175
44232000,0.015504723,-0.009728866,-3.021711,-0.028768567,0.05499391,-0.9762365
44252000,0.014918991,-0.008633914,-3.0411198,-0.029286582,0.054747548,-0.9704422
44272000,0.014325022,-0.007543761,-3.0604196,-0.029698486,0.054507684,-0.96497965
44292000,0.013723851,-0.006459585,-3.0796018,-0.030058531,0.054208808,-0.9591093
44312000,0.013116416,-0.005383288,-3.098673,-0.0303718,0.053814836,-0.95357144
44332000,0.012501739,-0.004317329,-3.117626,-0.030733788,0.053297956,-0.94764245
44352000,0.011877165,-0.0032656034,-3.1364672,-0.031228695,0.052586272,-0.942065
44372000,0.01124646,-0.0022265217,-3.1551895,-0.031535283,0.051954083,-0.9361102
44392000,0.010615902,-0.0011988624,-3.1737995,-0.0315279,0.05138297,-0.9305055
44412000,0.009985685,-0.00018603826,-3.19229,-0.031510834,0.05064121,-0.9245241
44432000,0.009351436,0.00080994295,-3.2106678,-0.03171247,0.04979906,-0.918887
44452000,0.008713947,0.0017891555,-3.2289255,-0.031874433,0.04896063,-0.91288155
44472000,0.008076807,0.0027469967,-3.24707,-0.03185702,0.047892053,-0.9072257
44492000,0.007441021,0.0036820676,-3.265094,-0.031789277,0.046753548,-0.9012065
44512000,0.006803926,0.004597495,-3.2830048,-0.03185476,0.045771357,-0.89553887
44532000,0.0061658197,0.005493542,-3.3007953,-0.031905316,0.044802368,-0.8895188
44552000,0.0055311956,0.006367101,-3.3184721,-0.031731192,0.043677937,-0.8838508
44572000,0.004899498,0.007215369,-3.336029,-0.03158488,0.042413402,-0.87783575
44592000,0.004270227,0.008036132,-3.3534725,-0.031463556,0.041038167,-0.87217724
44612000,0.0036426194,0.008830789,-3.3707962,-0.03138038,0.039732825,-0.8661884
44632000,0.0030176798,0.009602108,-3.3880105,-0.031246977,0.038565986,-0.86070967
44652000,0.0023962753,0.010348751,-3.4051073,-0.031070227,0.037332155,-0.85484165
44672000,0.0017823677,0.011067296,-3.422095,-0.030695377,0.03592723,-0.84938973
44692000,0.001173564,0.01175862,-3.4389653,-0.030440187,0.0345662,-0.84350973
44712000,0.0005669631,0.012424686,-3.4557257,-0.030330041,0.03330332,-0.8380224
44732000,-3.6296562e-05,0.013063544,-3.4723678,-0.030162985,0.03194288,-0.8321025
44752000,-0.00063664763,0.013675185,-3.488899,-0.030017553,0.030582067,-0.8265607
44772000,-0.0012319146,0.014260163,-3.5053108,-0.02976335,0.02924884,-0.82058406
44792000,-0.0018214675,0.014815069,-3.5216074,-0.029477643,0.027745351,-0.81483704
44812000,-0.0024080211,0.01534074,-3.537781,-0.02932768,0.026283536,-0.8086775
44832000,-0.0029889892,0.015839208,-3.5538409,-0.02904841,0.024923375,-0.8029945
44852000,-0.0035633938,0.016309213,-3.5697794,-0.028720228,0.023500273,-0.7969233
44872000,-0.0041372604,0.016745912,-3.5856042,-0.02869333,0.021834927,-0.7912396
44892000,-0.0047087283,0.017150955,-3.6013072,-0.028573394,0.020252185,-0.7851477
44912000,-0.0052747545,0.01752879,-3.616896,-0.028301314,0.018891653,-0.77943695
44932000,-0.00583438,0.017879728,-3.6323624,-0.027981278,0.017547032,-0.7733266
44952000,-0.0063893134,0.018199347,-3.6477141,-0.027746651,0.015980938,-0.76759064
44972000,-0.006940969,0.018487016,-3.6629434,-0.027582793,0.014383416,-0.76145697
44992000,-0.0074898577,0.018747797,-3.6780574,-0.02744443,0.013039074,-0.75570583
45012000,-0.008033402,0.018982017,-3.6930487,-0.027177256,0.011710979,-0.7495667
45032000,-0.00857154,0.019187316,-3.7079248,-0.026906883,0.010264929,-0.74380046
45048000,-0.009000957,0.019329753,-3.719736,-0.026838554,0.008902308,-0.73820263
45068000,-0.009537283,0.019479115,-3.7343967,-0.026816305,0.0074680815,-0.7330312
45088000,-0.01006928,0.019597018,-3.7489405,-0.026599826,0.005895199,-0.7271915
45104000,-0.010491831,0.019669712,-3.7604907,-0.02640944,0.004543353,-0.72188276
45124000,-0.011016706,0.019735144,-3.774815,-0.026243743,0.0032716596,-0.7162224
45144000,-0.011536407,0.019772433,-3.789018,-0.025985066,0.0018643744,-0.71014863
45164000,-0.012050838,0.019780658,-3.8030984,-0.02572158,0.00041127845,-0.7040158
45184000,-0.012560593,0.01975933,-3.8170583,-0.025487708,-0.0010664026,-0.6979977
45204000,-0.013065817,0.019709451,-3.8308961,-0.025261195,-0.0024939463,-0.6918904
45224000,-0.013569889,0.01963267,-3.8446136,-0.025203606,-0.0038391238,-0.68587863
45244000,-0.01406913,0.019527303,-3.858209,-0.024962064,-0.0052682646,-0.6797597
45264000,-0.014558097,0.019396644,-3.8716836,-0.024448361,-0.006532927,-0.67374086
45284000,-0.015039326,0.01924101,-3.8850422,-0.02406143,-0.0077816886,-0.6679263
45304000,-0.015513999,0.019063028,-3.8982646,-0.023733655,-0.008899213,-0.6611198
45324000,-0.015973289,0.018880555,-3.911314,-0.02296445,-0.0091235265,-0.65247136
45344000,-0.016409187,0.01871323,-3.9241483,-0.021794911,-0.0083662495,-0.64171714
45364000,-0.016822869,0.018566951,-3.93672,-0.020684157,-0.0073139644,-0.62858164
45384000,-0.017217439,0.01843075,-3.9489834,-0.019728443,-0.0068100733,-0.61317515
45404000,-0.017598625,0.018289937,-3.9608915,-0.019059349,-0.0070407307,-0.59540415
45424000,-0.017969348,0.018130789,-3.972402,-0.018536076,-0.007957409,-0.5755234
45444000,-0.018331263,0.017942809,-3.9834712,-0.01809582,-0.009398932,-0.55345124
45464000,-0.018686395,0.017719384,-3.994059,-0.017756626,-0.011171271,-0.5294036
45484000,-0.019035213,0.017457098,-4.0041246,-0.01744083,-0.013114246,-0.5032749
45504000,-0.01938365,0.017153986,-4.0136366,-0.017421875,-0.015155661,-0.4755916
45524000,-0.019733494,0.016807431,-4.0225596,-0.01749226,-0.017327674,-0.44616488
45544000,-0.020082477,0.016414765,-4.0308676,-0.017449167,-0.019633329,-0.41539985
45560000,-0.020358844,0.01606695,-4.037057,-0.017272867,-0.021738464,-0.38682207
45580000,-0.02070182,0.01559178,-4.0442395,-0.017148783,-0.023758534,-0.35913512
45600000,-0.021044826,0.01506826,-4.050857,-0.01715033,-0.026175957,-0.33087236
45620000,-0.021386467,0.014492399,-4.0569673,-0.017082019,-0.028793061,-0.30551955
45640000,-0.021724386,0.013865234,-4.062631,-0.016896008,-0.03135825,-0.28318402
45676000,-0.022330575,0.012608869,-4.071885,-0.0167134,-0.036201432,-0.24865265
45696000,-0.022662848,0.01183317,-4.0765986,-0.016613597,-0.038784944,-0.23569
45716000,-0.022994893,0.011005985,-4.0810714,-0.016602237,-0.041359276,-0.22362314
45736000,-0.023322383,0.01012447,-4.085347,-0.016374514,-0.044075716,-0.21378873
45756000,-0.023650598,0.009183497,-4.08947,-0.016410813,-0.047048647,-0.20613383
45776000,-0.023985598,0.008168129,-4.093477,-0.016749987,-0.05076844,-0.20035252
45796000,-0.024332954,0.0070562637,-4.0974054,-0.017367763,-0.05559324,-0.19643629
45816000,-0.024692362,0.00584095,-4.1012874,-0.017970428,-0.06076569,-0.19409496
45836000,-0.025060652,0.00452804,-4.105155,-0.018414527,-0.06564551,-0.19338475
45856000,-0.025433164,0.0031300492,-4.1090345,-0.018625531,-0.069899544,-0.19397736
45872000,-0.025733167,0.0019609008,-4.1121655,-0.018750256,-0.07307176,-0.19568883
45892000,-0.026108824,0.0004433773,-4.116131,-0.018782832,-0.07587618,-0.1982664
45912000,-0.026478728,-0.0011257972,-4.1201744,-0.018495219,-0.07845873,-0.20217541
45932000,-0.026838997,-0.0027358674,-4.124313,-0.018013472,-0.08050351,-0.20692112
45952000,-0.027193012,-0.0043727253,-4.1285634,-0.017700687,-0.0818429,-0.2125131
45972000,-0.027536087,-0.006036478,-4.1329365,-0.017153738,-0.08318764,-0.21865788
45992000,-0.02786413,-0.0077132666,-4.1374426,-0.016402148,-0.083839424,-0.22531754
46012000,-0.028175745,-0.0093949735,-4.142087,-0.015580752,-0.08408533,-0.2322133
46032000,-0.028472276,-0.011072206,-4.1468716,-0.014826578,-0.08386167,-0.23923266
46052000,-0.028750496,-0.012736966,-4.151794,-0.013910959,-0.08323797,-0.24610825
46072000,-0.029007876,-0.014377425,-4.1568475,-0.012869023,-0.08202295,-0.25268322
46092000,-0.029240623,-0.015987832,-4.1620226,-0.011637388,-0.08052032,-0.25874695
46112000,-0.029445386,-0.01754985,-4.1673055,-0.01023807,-0.07810094,-0.26416484
46132000,-0.02962158,-0.01904033,-4.172682,-0.008809789,-0.07452398,-0.2688022
46152000,-0.029765122,-0.020450007,-4.1781344,-0.007177088,-0.07048386,-0.2726471
46172000,-0.029871805,-0.02178847,-4.183648,-0.005334109,-0.06692313,-0.2756647
46192000,-0.029942308,-0.023068273,-4.1892066,-0.003525179,-0.063990146,-0.27792668
46212000,-0.029981539,-0.024300003,-4.1947956,-0.0019615386,-0.061586536,-0.27945775
46232000,-0.029994052,-0.025489433,-4.2004027,-0.0006256764,-0.05947147,-0.28035575
46248000,-0.029987661,-0.02641211,-4.204893,0.0003994874,-0.057667326,-0.28065607
46268000,-0.02996104,-0.027526863,-4.210504,0.0013310296,-0.055737678,-0.28053415
46288000,-0.0299145,-0.028598046,-4.216103,0.0023269777,-0.053559132,-0.27996114
46308000,-0.029848693,-0.02962608,-4.221683,0.0032904,-0.051401723,-0.27899677
46328000,-0.029765403,-0.03061427,-4.2272367,0.0041645053,-0.04940942,-0.27768046
46348000,-0.029664984,-0.031564027,-4.232758,0.0050209113,-0.04748792,-0.27606645
46368000,-0.029548055,-0.032473315,-4.2382417,0.005846485,-0.04546438,-0.2741771
46388000,-0.029415922,-0.03334219,-4.243683,0.0066066496,-0.04344372,-0.2720604
46408000,-0.029269233,-0.034165658,-4.2490773,0.0073343967,-0.041173514,-0.2697379
46428000,-0.029104257,-0.034934096,-4.254423,0.0082488395,-0.038421772,-0.2672824
46448000,-0.028920013,-0.03564703,-4.259717,0.0092121195,-0.035646744,-0.26469854
46468000,-0.028721435,-0.03631699,-4.264958,0.009928992,-0.033498034,-0.26204515
46488000,-0.028510887,-0.036952615,-4.270144,0.010527364,-0.031781275,-0.25929582
46508000,-0.028285202,-0.037560295,-4.275274,0.0112842675,-0.030383976,-0.25648513
46528000,-0.028043423,-0.038139172,-4.2803454,0.012088957,-0.028943872,-0.25359923
46548000,-0.027792,-0.038685948,-4.2853594,0.012571163,-0.027338639,-0.25069788
46568000,-0.027533067,-0.03920013,-4.2903147,0.012946628,-0.025709154,-0.24775438
46584000,-0.027318701,-0.039588146,-4.294236,0.013397807,-0.024251102,-0.24510445
46604000,-0.027042732,-0.04004456,-4.299085,0.01379849,-0.022820665,-0.24243687
46624000,-0.026759777,-0.04046825,-4.303875,0.014147769,-0.02118444,-0.23948607
46644000,-0.02646822,-0.040857997,-4.3086057,0.014577866,-0.019487374,-0.23655216
46664000,-0.026168235,-0.041216854,-4.3132787,0.014999235,-0.017942974,-0.23365162
46684000,-0.025859283,-0.041544247,-4.3178945,0.015447613,-0.016369581,-0.23078488
46704000,-0.025544437,-0.041831914,-4.322454,0.015742276,-0.014383389,-0.22796792
46724000,-0.025222762,-0.042079676,-4.3269577,0.016083766,-0.012387972,-0.22519417
46744000,-0.024892904,-0.04229568,-4.3314075,0.01649287,-0.010800177,-0.22249466
46764000,-0.024555882,-0.04248519,-4.335805,0.016851118,-0.009475537,-0.2198631
46784000,-0.024211448,-0.042645626,-4.3401513,0.017221699,-0.008021839,-0.21731113
46804000,-0.02385978,-0.04277859,-4.344448,0.017583344,-0.0066481535,-0.21483146
46824000,-0.023502162,-0.0428855,-4.3486967,0.017880943,-0.005345685,-0.21244906
46844000,-0.023136307,-0.042969696,-4.3529,0.018292766,-0.0042097545,-0.21014802
46864000,-0.022761812,-0.04303121,-4.3570585,0.018724678,-0.0030755862,-0.20793562
46884000,-0.022381011,-0.043068618,-4.3611746,0.019040067,-0.0018703565,-0.20579694
46904000,-0.021994995,-0.04308298,-4.365249,0.01930084,-0.0007181588,-0.20374458
46924000,-0.021606045,-0.04307635,-4.3692846,0.019447526,0.0003313346,-0.20176527
46944000,-0.021211669,-0.043050084,-4.373282,0.01971878,0.0013134558,-0.19985926
46964000,-0.020812273,-0.043003775,-4.377242,0.019969784,0.002315381,-0.19800307
46984000,-0.02040845,-0.042928364,-4.3811665,0.020191198,0.003770571,-0.19621745
47004000,-0.020000787,-0.042827304,-4.385056,0.020383082,0.005052956,-0.1944789
47024000,-0.019589944,-0.042707663,-4.3889112,0.020542199,0.005982065,-0.19277816
47044000,-0.019175882,-0.04257244,-4.392733,0.020703122,0.0067612245,-0.19108406
47064000,-0.018758753,-0.042423356,-4.396521,0.020856442,0.0074541783,-0.18941224
47084000,-0.01833866,-0.04226266,-4.400276,0.02100467,0.008034933,-0.18775019
47104000,-0.017919049,-0.042089842,-4.403999,0.020980561,0.008640706,-0.18612598
47124000,-0.017498802,-0.041907083,-4.407689,0.021012232,0.00913806,-0.1845228
47144000,-0.01707632,-0.04171645,-4.4113483,0.02112418,0.009531728,-0.1829553
47164000,-0.016654935,-0.04151793,-4.4149766,0.021069197,0.009925934,-0.18139957
47184000,-0.016233498,-0.041309536,-4.418574,0.021071894,0.010419667,-0.1798651
47204000,-0.015813813,-0.041092094,-4.42214,0.02098425,0.010872045,-0.17831996
47224000,-0.015398418,-0.040867597,-4.425676,0.020769758,0.011224842,-0.17677924
47244000,-0.014985097,-0.04063593,-4.42918,0.020666055,0.011583521,-0.1752303
47264000,-0.014572508,-0.040397815,-4.432654,0.020629456,0.011905674,-0.17369021
47284000,-0.014164112,-0.040153608,-4.4360967,0.02041978,0.012210258,-0.17213275
47304000,-0.013759572,-0.039905135,-4.4395084,0.02022698,0.012423741,-0.17057848
47324000,-0.013357401,-0.039654784,-4.4428883,0.020108547,0.012517451,-0.1690038
47344000,-0.012958858,-0.039406348,-4.446237,0.019927166,0.012421859,-0.16743498
47364000,-0.012565099,-0.03915749,-4.449554,0.01968797,0.01244285,-0.16585177
47384000,-0.012176573,-0.038911175,-4.45284,0.019426273,0.012315732,-0.16428237
47404000,-0.01179211,-0.038668178,-4.456094,0.019223122,0.01214982,-0.16269934
47424000,-0.011413804,-0.038428947,-4.4593163,0.018915342,0.01196158,-0.16112502
47444000,-0.01104178,-0.03819056,-4.4625072,0.018601201,0.011919502,-0.15953948
47464000,-0.010677025,-0.03795465,-4.465667,0.018237757,0.011795301,-0.15797813
47484000,-0.010321034,-0.037721537,-4.468795,0.017799538,0.011655834,-0.1564218
47500000,-0.010043044,-0.03753677,-4.471276,0.017374361,0.011547824,-0.15505481
47520000,-0.009701722,-0.037305735,-4.4743505,0.017066075,0.011551745,-0.15371807
47540000,-0.009366946,-0.03707637,-4.477395,0.016738823,0.011468342,-0.15224619
47560000,-0.009038436,-0.036852494,-4.4804115,0.016425518,0.011193705,-0.15082023
47580000,-0.008718842,-0.03663582,-4.4834,0.015979724,0.010833724,-0.14940597
47616000,-0.00816549,-0.03626192,-4.48871,0.015158141,0.010230383,-0.14683355
47636000,-0.007869506,-0.0360629,-4.491624,0.014799219,0.009951077,-0.14568597
47656000,-0.007579881,-0.035868064,-4.4945116,0.01448123,0.009741834,-0.14439102
47676000,-0.0072960346,-0.03567762,-4.497375,0.014192339,0.0095221065,-0.14318234
47696000,-0.0070218095,-0.035490863,-4.500214,0.013711259,0.0093378015,-0.14195037
47716000,-0.0067571853,-0.035306614,-4.50303,0.013231203,0.009212521,-0.14078933
47736000,-0.0064993044,-0.035124384,-4.5058217,0.012894031,0.009111587,-0.13959037
47756000,-0.006247896,-0.034944285,-4.508591,0.012570452,0.009004846,-0.13845694
47776000,-0.0060047405,-0.03476635,-4.5113363,0.012157765,0.008896818,-0.13727292
47796000,-0.005770163,-0.034589946,-4.514059,0.011728859,0.00882017,-0.13614139
47816000,-0.0055412366,-0.034414127,-4.516758,0.011446329,0.0087909475,-0.1349437
47836000,-0.005317077,-0.03423766,-4.519434,0.01120797,0.008823409,-0.13378188
47856000,-0.005099055,-0.034062747,-4.5220847,0.010901118,0.008745627,-0.13254388
47876000,-0.004885922,-0.03389272,-4.5247116,0.010656639,0.008501307,-0.13134281
47896000,-0.004679814,-0.033722088,-4.5273128,0.0103054065,0.008531689,-0.1300609
47916000,-0.004480145,-0.033551108,-4.529889,0.009983436,0.008548958,-0.12881427
47936000,-0.004290124,-0.033377644,-4.5324388,0.009501049,0.00867322,-0.12748918
47956000,-0.004111392,-0.033200156,-4.534963,0.008936618,0.008874318,-0.12621014
47976000,-0.003938425,-0.033018436,-4.5374603,0.008648355,0.009086035,-0.12486768
47996000,-0.0037698783,-0.032834306,-4.5399323,0.008427321,0.009206397,-0.12358931
48016000,-0.0036093732,-0.03264803,-4.542377,0.008025251,0.009313835,-0.12224644
48032000,-0.003489884,-0.03249664,-4.544315,0.007468077,0.009462103,-0.12110445
48052000,-0.003347631,-0.032302782,-4.5467124,0.0071126474,0.00969283,-0.11987577
48072000,-0.0032075795,-0.032102417,-4.549084,0.007002579,0.010018247,-0.118591204
48092000,-0.0030733873,-0.031896364,-4.5514283,0.0067096115,0.010302541,-0.117210716
48112000,-0.0029491403,-0.031678572,-4.553746,0.0062123514,0.010889633,-0.115906656
48132000,-0.00283324,-0.031450097,-4.5560365,0.005795011,0.011423835,-0.11450203
48152000,-0.0027260315,-0.03121373,-4.5583,0.0053604254,0.011818283,-0.11318352
48172000,-0.0026270365,-0.030968687,-4.560536,0.0049497485,0.012252155,-0.11177892
48192000,-0.0025373094,-0.030712314,-4.562745,0.0044863513,0.012818655,-0.11047776
48212000,-0.0024565754,-0.030447127,-4.564927,0.0040367097,0.013259343,-0.10909265
48232000,-0.0023819455,-0.030172326,-4.5670834,0.0037314964,0.013740058,-0.10782473
48252000,-0.002312529,-0.029886534,-4.569213,0.0034708271,0.014289537,-0.106472015
48272000,-0.0022529159,-0.029589336,-4.5713177,0.0029806504,0.014859885,-0.10524331
48292000,-0.002205028,-0.029280651,-4.5733967,0.0023943915,0.0154343145,-0.10393694
48312000,-0.0021679995,-0.028956857,-4.575452,0.0018514224,0.016189735,-0.102766395
48332000,-0.0021423583,-0.02861643,-4.577482,0.001282058,0.017021287,-0.10151332
48352000,-0.002126466,-0.028262215,-4.57949,0.0007946184,0.017710758,-0.100401014
48372000,-0.0021206357,-0.027895296,-4.5814743,0.0002915133,0.01834597,-0.09920047
48392000,-0.0021245324,-0.027515145,-4.5834374,-0.00019482855,0.019007534,-0.09815245
48412000,-0.0021383413,-0.027119458,-4.5853777,-0.0006904454,0.019784419,-0.097023964
48432000,-0.0021608495,-0.026708353,-4.587299,-0.001125414,0.020555198,-0.09606405
48452000,-0.0021921385,-0.026286507,-4.5891995,-0.0015644509,0.021092253,-0.095013104
48472000,-0.0022339185,-0.025853679,-4.5910816,-0.0020889954,0.02164149,-0.09411844
48492000,-0.002284168,-0.025409956,-4.592944,-0.002512478,0.022186115,-0.0931219
48512000,-0.0023414248,-0.024953492,-4.59479,-0.0028628416,0.022823155,-0.09228362
48532000,-0.0024054102,-0.024485663,-4.5966163,-0.0031992693,0.023391487,-0.091323726
48552000,-0.0024760435,-0.024006283,-4.5984263,-0.003531666,0.023968982,-0.090508595
48572000,-0.0025514849,-0.023516186,-4.6002173,-0.0037720606,0.024504906,-0.089553356
48592000,-0.0026326766,-0.023021095,-4.601992,-0.0040595974,0.024754517,-0.08873101
48612000,-0.002721357,-0.022521393,-4.6037474,-0.004434006,0.024985032,-0.08775016
48632000,-0.0028172126,-0.022013394,-4.605485,-0.0047927885,0.025400035,-0.08690249
48652000,-0.002917549,-0.021500308,-4.6072025,-0.005016828,0.025654295,-0.085863374
48672000,-0.0030203834,-0.020983636,-4.608899,-0.0051417127,0.025833575,-0.08482296
48692000,-0.0031335866,-0.020462185,-4.6105776,-0.0056601563,0.026072562,-0.08393111
48712000,-0.0032538432,-0.01993626,-4.612233,-0.0060128337,0.026296282,-0.082771845
48732000,-0.0033783454,-0.019408064,-4.613869,-0.0062251138,0.026409788,-0.08181953
48752000,-0.0035084505,-0.018876407,-4.615485,-0.0065052547,0.026582764,-0.08078632
48772000,-0.0036438918,-0.018341262,-4.6170835,-0.0067720613,0.02675732,-0.07991316
48792000,-0.0037854668,-0.017804107,-4.618662,-0.0070787533,0.02685772,-0.078920536
48812000,-0.003934254,-0.01726637,-4.620223,-0.007439346,0.026886875,-0.07805988
48832000,-0.004089264,-0.016728818,-4.6217647,-0.0077505275,0.026877575,-0.07707987
48852000,-0.004250823,-0.016190188,-4.623289,-0.008077942,0.026931552,-0.07622926
48872000,-0.0044191494,-0.015650142,-4.6247945,-0.008416318,0.02700226,-0.07526054
48892000,-0.0045930017,-0.015110047,-4.6262827,-0.008692617,0.027004758,-0.074406214
48912000,-0.0047737136,-0.014571167,-4.6277514,-0.0090355845,0.026944004,-0.0734405
48932000,-0.00496098,-0.01403458,-4.629203,-0.009363316,0.02682933,-0.072585545
48952000,-0.005156056,-0.013501711,-4.6306353,-0.009753818,0.026643448,-0.071621634
48972000,-0.005357166,-0.012972617,-4.632051,-0.010055487,0.02645472,-0.07076928
48992000,-0.005565332,-0.01244742,-4.633447,-0.010408281,0.02625986,-0.06982031
49012000,-0.005783312,-0.011925643,-4.6348267,-0.010899031,0.026088813,-0.06898223
49032000,-0.006007267,-0.011409045,-4.6361876,-0.011197759,0.025829924,-0.06803656
49052000,-0.0062373313,-0.010896977,-4.637531,-0.0115031935,0.02560341,-0.06716564
49072000,-0.006472802,-0.010390112,-4.6388545,-0.011773521,0.025343241,-0.06618979
49092000,-0.00671395,-0.009889438,-4.6401606,-0.012057426,0.02503371,-0.06529638
49112000,-0.0069631855,-0.009396515,-4.6414466,-0.012461754,0.024646139,-0.06430869
49132000,-0.007220096,-0.008911311,-4.642715,-0.012845524,0.024260202,-0.06340017
49152000,-0.0074821687,-0.008432267,-4.643963,-0.013103643,0.02395218,-0.062393382
49172000,-0.0077498765,-0.0079616895,-4.6451917,-0.013385394,0.023528893,-0.061452147
49192000,-0.0080239745,-0.007498496,-4.6464,-0.013704891,0.023159675,-0.06041312
49212000,-0.008306528,-0.0070436406,-4.6475887,-0.014127688,0.022742761,-0.059439443
49232000,-0.008596465,-0.0065973205,-4.6487565,-0.0144968275,0.022316014,-0.058378134
49252000,-0.008894436,-0.0061610555,-4.649904,-0.014898591,0.02181324,-0.057368778
49272000,-0.009197702,-0.005735784,-4.651029,-0.015163258,0.021263598,-0.056270223
49292000,-0.009504271,-0.0053190817,-4.6521335,-0.015328457,0.020835096,-0.055215623
49312000,-0.009814855,-0.0049136253,-4.653215,-0.015529183,0.020272836,-0.05407068
49332000,-0.010131899,-0.004520582,-4.6542745,-0.015852261,0.019652158,-0.0529701
49352000,-0.010455204,-0.0041399803,-4.65531,-0.016165223,0.019030089,-0.051798187
49372000,-0.010781702,-0.0037717514,-4.656324,-0.016324889,0.018411443,-0.050681584
49392000,-0.011111539,-0.0034168048,-4.657314,-0.016491873,0.01774733,-0.04950394
49412000,-0.011446507,-0.0030802316,-4.6582813,-0.016748354,0.016828658,-0.048378456
49432000,-0.011787279,-0.0027583486,-4.6592255,-0.017038599,0.016094152,-0.047197096
49452000,-0.012129069,-0.0024469865,-4.6601467,-0.01708956,0.015568098,-0.0460648
49472000,-0.012471598,-0.0021481186,-4.661044,-0.01712642,0.0149433995,-0.04487746
49492000,-0.012817417,-0.0018661309,-4.661919,-0.017290989,0.014099389,-0.043731805
49512000,-0.013166049,-0.0016013868,-4.66277,-0.017431548,0.0132372,-0.04254408
49532000,-0.013516663,-0.0013516431,-4.663598,-0.017530698,0.012487183,-0.041417554
49552000,-0.013868355,-0.0011160736,-4.6644034,-0.017584637,0.011778475,-0.040266234
49572000,-0.014218237,-0.0008969067,-4.665187,-0.01749409,0.010958346,-0.0391748
49592000,-0.014564231,-0.0006922035,-4.6659484,-0.01729967,0.01023516,-0.038064223
49612000,-0.014906252,-0.00050098787,-4.6666884,-0.017101077,0.009560783,-0.037009567
49632000,-0.015246294,-0.00032077436,-4.667407,-0.017002108,0.009010675,-0.03594098
49652000,-0.015584839,-0.00015245596,-4.668106,-0.016927227,0.008415921,-0.03493529
49672000,-0.015917975,2.0124345e-07,-4.6687846,-0.01665682,0.00763286,-0.03392463
49692000,-0.016246099,0.00013979622,-4.669444,-0.016406197,0.0069797486,-0.032971017
49712000,-0.016567428,0.00026863118,-4.6700845,-0.016066445,0.006441748,-0.03202044
49732000,-0.016880866,0.00038388398,-4.6707067,-0.015671857,0.00576264,-0.031120282
49752000,-0.017188482,0.0004865296,-4.6713114,-0.015380825,0.0051322817,-0.030224785
49772000,-0.017486382,0.00057952246,-4.671899,-0.014895032,0.004649644,-0.029374013
49792000,-0.017775265,0.00066419906,-4.672469,-0.014444114,0.00423383,-0.028528715
49812000,-0.018055374,0.000738522,-4.673024,-0.014005425,0.0037161454,-0.027737597
49832000,-0.01832639,0.0008034141,-4.6735635,-0.013550847,0.0032446068,-0.02696862
49852000,-0.018586079,0.0008614571,-4.6740885,-0.012984399,0.002902148,-0.026261833
49872000,-0.018834459,0.00091185025,-4.6746,-0.012419065,0.0025196583,-0.025581002
49892000,-0.019073235,0.0009567879,-4.675099,-0.011938798,0.0022468844,-0.024944102
49912000,-0.019301161,0.0009991591,-4.6755857,-0.011396289,0.0021185593,-0.024343012
49932000,-0.019516958,0.0010349657,-4.6760616,-0.0107898805,0.0017903337,-0.023782732
49952000,-0.019720925,0.0010636922,-4.6765265,-0.010198305,0.0014363205,-0.023255173
49972000,-0.019909613,0.0010867742,-4.676982,-0.009434376,0.0011540975,-0.022759099
49992000,-0.020084599,0.0011053369,-4.677428,-0.008749312,0.000928139,-0.02228197
50012000,-0.020245485,0.0011200114,-4.677864,-0.008044312,0.00073372293,-0.02183192
50032000,-0.020394005,0.0011307042,-4.6782928,-0.007426022,0.0005346409,-0.021423507
50052000,-0.020530552,0.0011387358,-4.678714,-0.006827297,0.0004015775,-0.02105279
50072000,-0.020654252,0.0011418628,-4.679128,-0.006185055,0.0001563524,-0.020717066
50092000,-0.02076027,0.0011399238,-4.6795363,-0.005300913,-9.694813e-05,-0.020402806
50112000,-0.02085002,0.0011379356,-4.6799383,-0.0044874907,-9.941377e-05,-0.020107683
50132000,-0.020923022,0.001132741,-4.6803346,-0.0036501137,-0.0002597297,-0.019820508
50152000,-0.020981498,0.0011237224,-4.6807256,-0.002923742,-0.00045092645,-0.019549444
50172000,-0.02102404,0.0011135743,-4.681112,-0.0021271794,-0.00050741,-0.019295502
50192000,-0.021050876,0.0011012958,-4.681493,-0.0013417572,-0.00061391975,-0.019068535
50212000,-0.021060457,0.001087276,-4.6818705,-0.00047904978,-0.0007009918,-0.018879253
50232000,-0.02105177,0.0010711063,-4.6822453,0.0004344038,-0.0008084838,-0.018734308
50252000,-0.02102469,0.001053587,-4.6826177,0.0013539934,-0.0008759716,-0.018630244
50272000,-0.02097846,0.001034556,-4.682989,0.0023115065,-0.00095154793,-0.018562542
50292000,-0.020914325,0.0010145578,-4.6833596,0.003206659,-0.0009999064,-0.018526321
50312000,-0.020833336,0.0009941089,-4.68373,0.0040495065,-0.0010224475,-0.018523578
50332000,-0.020733507,0.00097270985,-4.6841016,0.0049914424,-0.0010699515,-0.018563405
50352000,-0.020616567,0.00095160626,-4.684474,0.0058470275,-0.0010551797,-0.018638691
50372000,-0.020482626,0.00093184394,-4.684849,0.006697004,-0.000988114,-0.018739095
50392000,-0.0203332,0.0009131206,-4.6852264,0.007471308,-0.00093616894,-0.018866291
50412000,-0.020167384,0.0008949895,-4.6856065,0.00829075,-0.00090655265,-0.019022113
50432000,-0.01998207,0.00087797345,-4.685991,0.009265782,-0.000850803,-0.019197183
50452000,-0.019781273,0.00086176756,-4.6863785,0.010039856,-0.0008102961,-0.01939027
50472000,-0.019563645,0.0008457701,-4.6867704,0.010881346,-0.0007998714,-0.019601556
50492000,-0.019330712,0.00083197467,-4.687167,0.0116467215,-0.0006897716,-0.01983348
50512000,-0.019083485,0.00082206825,-4.6875687,0.012361305,-0.0004953211,-0.020084783
50532000,-0.018822812,0.00081243657,-4.687976,0.013033659,-0.0004815838,-0.020356564
50552000,-0.0185496,0.0008038824,-4.688389,0.01366056,-0.0004277117,-0.020644251
50572000,-0.018262152,0.000795641,-4.6888075,0.014372437,-0.00041206885,-0.020942112
50592000,-0.01796256,0.00079038716,-4.689233,0.014979629,-0.00026269123,-0.021247715
50612000,-0.017650358,0.0007904656,-4.6896634,0.015610031,3.9248603e-06,-0.021549474
50632000,-0.017324978,0.00079246005,-4.6901,0.01626903,9.972032e-05,-0.02183974
50652000,-0.016987273,0.00079270394,-4.6905427,0.016885268,1.2195621e-05,-0.022116607
50672000,-0.0166372,0.0007950473,-4.6909904,0.017503653,0.00011716783,-0.022375401
50692000,-0.016276397,0.000800148,-4.6914425,0.018040106,0.00025503393,-0.022616819
50712000,-0.015906794,0.00080674596,-4.6919,0.018480174,0.00032989786,-0.022849757
50732000,-0.015525204,0.00081050064,-4.6923614,0.019079477,0.00018773292,-0.023080517
50752000,-0.015129888,0.0008153317,-4.692827,0.019765785,0.00024155425,-0.023307532
50772000,-0.014724347,0.00082431274,-4.693298,0.020277124,0.0004490512,-0.023531727
50792000,-0.014315036,0.00083542714,-4.6937733,0.020465532,0.0005557194,-0.023760537
50812000,-0.013898664,0.00084679766,-4.694253,0.020818587,0.00056852854,-0.023994777
50832000,-0.013472849,0.00085847697,-4.6947374,0.021290757,0.0005839643,-0.024226056
50852000,-0.013039775,0.0008696286,-4.6952267,0.021653702,0.0005575816,-0.024455896
50872000,-0.012603832,0.00088205124,-4.69572,0.021797134,0.0006211321,-0.024678271
50892000,-0.012162386,0.00089843804,-4.696218,0.022072284,0.00081933994,-0.024880985
50912000,-0.011715766,0.0009172307,-4.6967196,0.022331014,0.0009396303,-0.025075682
50932000,-0.011266634,0.00093752885,-4.6972246,0.022456625,0.0010149109,-0.025263507
50952000,-0.01081322,0.0009589129,-4.6977334,0.02267065,0.001069202,-0.02543946
50972000,-0.010357171,0.0009824552,-4.6982455,0.02280246,0.001177114,-0.025600947
50992000,-0.009900332,0.0010101894,-4.6987605,0.022841968,0.0013867144,-0.025743516
51012000,-0.009444077,0.0010429209,-4.6992774,0.02281279,0.0016365673,-0.025861084
51036000,-0.008899238,0.0010848872,-4.6999006,0.022701586,0.0017485972,-0.025958026
51056000,-0.008447889,0.0011227782,-4.700421,0.02256747,0.0018945534,-0.026013218
51076000,-0.007999352,0.001162244,-4.7009406,0.022426812,0.0019732907,-0.025990417
51096000,-0.007556107,0.0012011243,-4.7014565,0.022162285,0.0019440124,-0.025799107
51116000,-0.0071252915,0.0012345347,-4.701967,0.021540772,0.0016705163,-0.025504488
51136000,-0.0067114746,0.0012633179,-4.7024703,0.020690845,0.0014391628,-0.025170047
51156000,-0.006330192,0.0012948763,-4.7030354,0.019064115,0.001577926,-0.028253315
51176000,-0.006604477,0.0013911542,-4.704544,-0.0137142325,0.00481389,-0.07544242
51196000,-0.008918797,0.0016991149,-4.707648,-0.11571597,0.015398036,-0.15518846
51216000,-0.013546813,0.002255909,-4.7124324,-0.23140085,0.0278397,-0.23921716
51236000,-0.019725658,0.0029717402,-4.7188206,-0.3089422,0.03579157,-0.31941006
51252000,-0.025144786,0.003583718,-4.7249727,-0.33869547,0.038248613,-0.38451862
51272000,-0.03182045,0.0043350095,-4.7337604,-0.33378318,0.037564583,-0.43939394
51292000,-0.037894525,0.005021213,-4.743517,-0.30370384,0.03431016,-0.48782948
51312000,-0.0429386,0.005596731,-4.753961,-0.25220376,0.028775893,-0.5222015
51332000,-0.046693455,0.006027598,-4.764832,-0.18774274,0.021543363,-0.5435474
51352000,-0.04892601,0.0062939753,-4.7758827,-0.111627735,0.013318853,-0.5525374
51372000,-0.049529526,0.0063787154,-4.786911,-0.030175792,0.0042370106,-0.5514186
51392000,-0.0483966,0.0062754154,-4.797738,0.056646287,-0.005165004,-0.5413306
51412000,-0.045510367,0.0059818416,-4.808233,0.14431168,-0.014678674,-0.52474946
51432000,-0.04082876,0.0054941475,-4.8182836,0.23408036,-0.024384707,-0.50252527
51452000,-0.034370642,0.0048158956,-4.8278184,0.32290584,-0.033912603,-0.47676334
51472000,-0.02613172,0.0039476054,-4.8367805,0.4119462,-0.043414515,-0.44809833
51492000,-0.016146773,0.002891572,-4.845143,0.49924725,-0.052801665,-0.4181222
51512000,-0.0044282726,0.0016478593,-4.8528867,0.58592504,-0.06218563,-0.387184
51532000,0.008993766,0.00022219053,-4.860012,0.6711019,-0.07128344,-0.35625887
51552000,0.024102956,-0.0013823002,-4.8665237,0.7554595,-0.08022454,-0.32560113
51572000,0.040864926,-0.0031622879,-4.8724422,0.8380984,-0.08899939,-0.29590937
51592000,0.059253868,-0.0051140366,-4.8777876,0.9194471,-0.09758744,-0.26728022
51612000,0.07924741,-0.007235299,-4.8825846,0.99967706,-0.10606313,-0.23984368
51632000,0.10081932,-0.009526555,-4.886861,1.0785958,-0.11456283,-0.21382101
51652000,0.12394202,-0.011988378,-4.8906474,1.1561348,-0.12309113,-0.18932419
51672000,0.14858675,-0.014616996,-4.893976,1.2322363,-0.1314309,-0.16644116
51692000,0.17472066,-0.017409408,-4.8968816,1.3066956,-0.13962059,-0.14526212
51712000,0.20231993,-0.020368887,-4.899394,1.3799635,-0.14797398,-0.12562162
51732000,0.23134513,-0.023493612,-4.9015493,1.4512599,-0.15623626,-0.10777271
51752000,0.2617573,-0.02677547,-4.903382,1.5206095,-0.16409284,-0.091631815
51772000,0.2935147,-0.030216496,-4.904926,1.5878687,-0.17205136,-0.07719598
51792000,0.32659405,-0.033819873,-4.9062076,1.653968,-0.18016888,-0.06407833
51812000,0.36094436,-0.037582725,-4.907262,1.7175156,-0.18814263,-0.05270484
51832000,0.3965315,-0.041495517,-4.9081154,1.7793564,-0.19563954,-0.042691424
51852000,0.43331078,-0.045551952,-4.9087977,1.8389642,-0.20282176,-0.034111734
51872000,0.4712556,-0.049745653,-4.9093294,1.8972409,-0.20968491,-0.026592163
51892000,0.5103085,-0.054071125,-4.909741,1.9526459,-0.21627359,-0.020581257
51912000,0.5504436,-0.0585207,-4.910051,2.0067527,-0.22247891,-0.015474394
51932000,0.59160966,-0.06308425,-4.910282,2.0583038,-0.22817752,-0.011570685
51952000,0.6337781,-0.067747295,-4.910451,2.1084244,-0.23315236,-0.008446792
51972000,0.67689335,-0.0725006,-4.910579,2.1557615,-0.23766518,-0.0064022895
51992000,0.72092813,-0.07733126,-4.910678,2.2017395,-0.24153283,-0.0049465233
52012000,0.76583266,-0.082227804,-4.910764,2.245225,-0.24482733,-0.0043109525
52032000,0.81157696,-0.08716931,-4.9108477,2.2872174,-0.2470754,-0.0041652136
52052000,0.85811144,-0.09214798,-4.910941,2.3267229,-0.24893367,-0.004680811
52072000,0.9054103,-0.09714171,-4.9110518,2.3649433,-0.24968651,-0.005522678
52092000,0.953426,-0.10214105,-4.911189,2.4007857,-0.24996662,-0.006868165
52112000,1.0021315,-0.10712675,-4.9113574,2.4352694,-0.24928494,-0.00842992
52132000,1.0514786,-0.112082906,-4.911565,2.467361,-0.2478081,-0.010372528
52152000,1.1014453,-0.11698955,-4.911813,2.4983366,-0.24533203,-0.0123837
52172000,1.1519909,-0.121836185,-4.9121046,2.5272768,-0.24233186,-0.014607556
52192000,1.2030941,-0.1266058,-4.9124413,2.5551612,-0.23848063,-0.016819669
52212000,1.2547134,-0.1312864,-4.912825,2.5809653,-0.2340296,-0.019191345
52232000,1.3068266,-0.13586071,-4.913255,2.6056573,-0.22871569,-0.02152135
52252000,1.3594011,-0.14032064,-4.913733,2.628727,-0.22299671,-0.023873838
52272000,1.4124203,-0.14465329,-4.914255,2.6509562,-0.21663272,-0.026107034
52292000,1.4658463,-0.14885245,-4.9148226,2.6713014,-0.20995815,-0.028385248
52312000,1.5196615,-0.15290818,-4.915434,2.6907616,-0.20278569,-0.030543605
52332000,1.5738381,-0.15681352,-4.9160867,2.7088277,-0.19526716,-0.032651808
52352000,1.6283593,-0.16056047,-4.9167795,2.726064,-0.18734798,-0.034629878
52372000,1.6831958,-0.16414887,-4.917511,2.7418246,-0.17941992,-0.03657402
52392000,1.7383344,-0.16757557,-4.918278,2.7569292,-0.17133501,-0.03837649
52412000,1.7937506,-0.1708369,-4.9190803,2.7708113,-0.16306588,-0.04010107
52432000,1.8494322,-0.17392866,-4.919914,2.784078,-0.15458831,-0.041683864
52452000,1.9053572,-0.17684923,-4.920778,2.79625,-0.1460291,-0.043192517
52472000,1.9615138,-0.17960331,-4.9216695,2.807827,-0.13770369,-0.044589937
52492000,2.0178804,-0.18219064,-4.922588,2.818333,-0.12936682,-0.04591479
52512000,2.074448,-0.18461217,-4.92353,2.82839,-0.12107624,-0.047113404
52532000,2.1312041,-0.18687281,-4.9244947,2.8377953,-0.11303179,-0.048222072
52552000,2.188136,-0.1889714,-4.9254794,2.8465993,-0.10492951,-0.04923359
52572000,2.2452266,-0.1909116,-4.926483,2.8545287,-0.097010605,-0.05019281
52592000,2.3024666,-0.19269975,-4.9275045,2.8620012,-0.089406446,-0.051068597
52612000,2.3598466,-0.19433886,-4.9285417,2.868993,-0.081955835,-0.05186155
52632000,2.4173565,-0.19583237,-4.929593,2.875499,-0.07467546,-0.05257183
52652000,2.474987,-0.19718385,-4.9306574,2.8815255,-0.067574285,-0.05320093
52672000,2.532729,-0.19839904,-4.931732,2.8870971,-0.060759183,-0.053757392
52692000,2.5905752,-0.19948183,-4.932817,2.892307,-0.054139726,-0.054238606
52712000,2.6485162,-0.20043668,-4.9339104,2.8970501,-0.047742642,-0.054655973
52732000,2.7065454,-0.2012684,-4.9350104,2.9014633,-0.041586407,-0.055007786
52752000,2.76466,-0.20198277,-4.936116,2.905724,-0.035718054,-0.055291794
52768000,2.8112092,-0.20247272,-4.937004,2.90933,-0.030621603,-0.055498917
52788000,2.8694615,-0.20298554,-4.9381175,2.9126155,-0.025641337,-0.05566256
52808000,2.9277828,-0.20339292,-4.9392333,2.9160647,-0.020368552,-0.055783544
52828000,2.9861665,-0.20369849,-4.94035,2.9191868,-0.015278639,-0.055840973
52852000,3.0563064,-0.20394093,-4.94169,2.9224923,-0.010101837,-0.05582548
52872000,3.1148143,-0.20404401,-4.9428043,2.925402,-0.005154063,-0.055733215
52892000,3.1733716,-0.20406026,-4.943916,2.9278648,-0.00081214955,-0.05556565
52912000,3.2319777,-0.20399566,-4.9450226,2.9303071,0.0032297778,-0.055333
52932000,3.2906299,-0.20385547,-4.946123,2.9325986,0.007009314,-0.05504291
52952000,3.3493254,-0.20364141,-4.947217,2.9347832,0.010702745,-0.054696668
52972000,3.4080613,-0.20335779,-4.948303,2.9367888,0.014181576,-0.054311648
52992000,3.4668336,-0.20300631,-4.949381,2.938618,0.017573625,-0.05387919
53012000,3.5256398,-0.20259015,-4.950449,2.9403167,0.020807998,-0.053400952
53032000,3.584479,-0.20210828,-4.9515066,2.94196,0.024093797,-0.052880343
53052000,3.643352,-0.20156515,-4.9525533,2.9436433,0.027156996,-0.052324805
53072000,3.7022552,-0.20096447,-4.953588,2.9451663,0.030033702,-0.051741395
53092000,3.76119,-0.2003086,-4.9546103,2.946731,0.032792784,-0.051124565
53112000,3.8201525,-0.19959964,-4.9556203,2.9481363,0.03544849,-0.050494745
53132000,3.8791418,-0.19883749,-4.9566174,2.9494534,0.038107637,-0.04985514
53152000,3.9381542,-0.19802552,-4.9576015,2.9506323,0.040598147,-0.04921317
53172000,3.9971902,-0.19716774,-4.958573,2.9517953,0.042889055,-0.04855305
53192000,4.0562506,-0.19626264,-4.95953,2.953017,0.0452549,-0.04785894
53212000,4.1153336,-0.19531386,-4.960473,2.954155,0.047439538,-0.04714317
53232000,4.1744413,-0.19432722,-4.961401,2.9553936,0.04933153,-0.046409357
53252000,4.2335744,-0.19330256,-4.962314,2.9566507,0.05123344,-0.04565479
53272000,4.2927322,-0.19223641,-4.963212,2.957892,0.05330743,-0.044891007
53292000,4.351914,-0.19113354,-4.9640946,2.9590662,0.055143278,-0.044136368
53312000,4.411118,-0.18999816,-4.9649625,2.9602046,0.056768905,-0.04339038
53332000,4.4703445,-0.1888308,-4.9658155,2.961327,0.058368836,-0.042657588
53352000,4.529597,-0.18762812,-4.9666543,2.9626155,0.060133,-0.041927993
53372000,4.588876,-0.18639214,-4.9674783,2.9639616,0.061799165,-0.041203637
53392000,4.648178,-0.18512686,-4.9682884,2.9651148,0.063264295,-0.0405036
53412000,4.7075014,-0.18383269,-4.9690847,2.9661508,0.06470805,-0.039824866
53432000,4.7668495,-0.1825164,-4.969868,2.967425,0.06581533,-0.039163396
53452000,4.8262253,-0.1811767,-4.9706383,2.9687843,0.06698448,-0.038509756
53472000,4.8856235,-0.1798092,-4.971396,2.96991,0.06837552,-0.037877843
53492000,4.9450436,-0.17841497,-4.9721413,2.9709969,0.06971101,-0.037258454
53512000,5.004489,-0.17699684,-4.9728737,2.9722636,0.07090615,-0.036622155
53532000,5.063958,-0.17555645,-4.973593,2.9734714,0.072019525,-0.035980172
53552000,5.12345,-0.17409386,-4.9743,2.9745877,0.07312964,-0.035346016
53572000,5.182967,-0.17260869,-4.974994,2.9758537,0.07425901,-0.03471186
53592000,5.2425117,-0.17110017,-4.975676,2.9772415,0.07542549,-0.03408005
53612000,5.3020806,-0.16956775,-4.976345,2.9784439,0.076621175,-0.03346401
53632000,5.361675,-0.1680107,-4.977002,2.9796958,0.07785298,-0.032850694
53652000,5.4212966,-0.1664337,-4.977647,2.9810994,0.078848906,-0.032236695
53672000,5.480944,-0.1648379,-4.9782796,2.9823706,0.07979108,-0.031628326
53692000,5.540618,-0.16321926,-4.9789,2.9836888,0.0809319,-0.031018607
53712000,5.600319,-0.16157666,-4.979508,2.98505,0.08212941,-0.030399285
53732000,5.660047,-0.15991575,-4.980103,2.9863997,0.083045855,-0.02977151
53752000,5.719803,-0.1582349,-4.9806857,2.9878082,0.0840428,-0.029122852
53772000,5.7795873,-0.15653262,-4.981255,2.9892173,0.08511404,-0.028457964
53792000,5.8394003,-0.15480901,-4.9818106,2.990639,0.08618006,-0.02778915
53812000,5.899239,-0.15306526,-4.982353,2.991941,0.08718714,-0.027121508
53832000,5.9591045,-0.1513028,-4.982882,2.993269,0.08812336,-0.026446626
53852000,6.019,-0.14952165,-4.9833975,2.994777,0.08905736,-0.025765108
53872000,6.078924,-0.14771816,-4.983899,2.9962196,0.09017481,-0.025083244
53892000,6.1388755,-0.145893,-4.984387,2.997566,0.091258176,-0.02438838
53912000,6.198855,-0.14405027,-4.9848604,2.9989579,0.09213638,-0.023682583
53932000,6.258864,-0.14218801,-4.9853196,3.0004563,0.093112946,-0.022970144
53952000,6.3189006,-0.14030556,-4.985765,3.0018473,0.09412226,-0.02225941
53972000,6.3789644,-0.13840643,-4.986196,3.0031817,0.09495711,-0.021556241
53992000,6.439058,-0.13648991,-4.9866133,3.004666,0.09582563,-0.020857085
54012000,6.4991765,-0.13455518,-4.9870167,3.0059283,0.09673677,-0.020184442
54032000,6.559323,-0.13260248,-4.987407,3.0073264,0.097634085,-0.01951173
54052000,6.6195073,-0.13063298,-4.987783,3.0092251,0.0984754,-0.018798849
54072000,6.679763,-0.12864663,-4.9881434,3.0127726,0.09931772,-0.018026982
54092000,6.7401342,-0.12664303,-4.988487,3.0185802,0.10017951,-0.01716326
54112000,6.80066,-0.124621555,-4.988811,3.026293,0.101073936,-0.016208272
54132000,6.8613644,-0.1225814,-4.989115,3.035206,0.102007926,-0.0152033
54152000,6.92225,-0.120524555,-4.9894,3.0442622,0.10284217,-0.014240675
54172000,6.9833035,-0.118452,-4.9896684,3.052699,0.10362804,-0.013412795
54192000,7.04451,-0.11636452,-4.989924,3.0603013,0.104374066,-0.012780398
54212000,7.1058483,-0.114261456,-4.9901714,3.0669222,0.10515283,-0.012382747
54232000,7.167283,-0.112143904,-4.990417,3.0717423,0.1058776,-0.012267074
54252000,7.228787,-0.110015534,-4.990665,3.0752013,0.10641846,-0.012408816
54272000,7.290321,-0.10787799,-4.9909215,3.0766995,0.10687711,-0.012820086
54292000,7.351846,-0.10572744,-4.991191,3.076261,0.10752763,-0.0134837935
54312000,7.4133205,-0.10356621,-4.9914784,3.0737162,0.10806171,-0.014359041
54332000,7.4747066,-0.10139935,-4.9917865,3.0693047,0.10834316,-0.015412304
54352000,7.5359597,-0.09922494,-4.992119,3.0626624,0.10872013,-0.016615767
54372000,7.59704,-0.097042456,-4.9924774,3.0540233,0.10912426,-0.017934904
54392000,7.657903,-0.09485633,-4.992864,3.0431535,0.10930621,-0.01932377
54412000,7.718515,-0.09266866,-4.993279,3.0305793,0.1093835,-0.020757332
54432000,7.7788353,-0.09047965,-4.993723,3.016011,0.10945051,-0.022198113
54452000,7.838825,-0.08829019,-4.9941955,2.9994988,0.10947297,-0.02361935
54472000,7.8984423,-0.08610227,-4.9946947,2.9808536,0.109396316,-0.02496784
54492000,7.9576526,-0.08391649,-4.9952197,2.9605148,0.10928876,-0.026230793
54512000,8.0164175,-0.08173382,-4.9957666,2.9382544,0.109133296,-0.027364977
54532000,8.074704,-0.079557426,-4.996334,2.914309,0.10881983,-0.02836463
54552000,8.132481,-0.07738783,-4.9969187,2.888853,0.10847975,-0.029223066
54572000,8.189714,-0.07522562,-4.9975166,2.8616686,0.10811049,-0.029910458
54592000,8.24637,-0.073070996,-4.9981246,2.8328133,0.10773127,-0.030404678
54612000,8.302419,-0.070925646,-4.9987392,2.8024323,0.10726755,-0.030711299
54632000,8.357838,-0.0687902,-4.9993567,2.7709463,0.106772624,-0.030881668
54652000,8.412597,-0.066668466,-4.999974,2.7379289,0.10608657,-0.030846968
54672000,8.46667,-0.06455923,-5.000586,2.7036781,0.10546162,-0.030615631
54692000,8.520034,-0.06245811,-5.0011897,2.6681871,0.10505609,-0.03018392
54712000,8.57267,-0.060370028,-5.0017815,2.6317995,0.10440416,-0.029597148
54732000,8.624558,-0.058296587,-5.002358,2.5944047,0.10367201,-0.028827408
54752000,8.675678,-0.0562369,-5.002916,2.5559976,0.102984235,-0.027878927
54772000,8.726007,-0.05419047,-5.0034504,2.516473,0.10232152,-0.026739772
54792000,8.77553,-0.05215814,-5.003959,2.4760978,0.10161665,-0.02544629
54812000,8.82423,-0.0501398,-5.0044403,2.4350398,0.10091696,-0.024033427
54832000,8.8721,-0.048132945,-5.004891,2.393472,0.10034262,-0.02253677
54852000,8.919122,-0.046140537,-5.005309,2.351111,0.09962054,-0.020912236
54872000,8.965286,-0.044162277,-5.0056934,2.308206,0.09891285,-0.019218631
54892000,9.010579,-0.042193856,-5.006042,2.2646513,0.0984212,-0.017436957
54912000,9.054998,-0.040238563,-5.006356,2.2209926,0.09776453,-0.015673622
54932000,9.098529,-0.038296968,-5.0066314,2.1765108,0.097079806,-0.013785994
54952000,9.141165,-0.03636518,-5.0068693,2.1318038,0.09658939,-0.011897836
54972000,9.182902,-0.03444205,-5.0070696,2.0868576,0.096156634,-0.010012034
54992000,9.223738,-0.032528345,-5.007232,2.0417504,0.09568507,-0.008135268
55012000,9.263662,-0.030627146,-5.0073566,1.9962322,0.09505995,-0.00620763
55032000,9.302676,-0.028735949,-5.0074425,1.9507047,0.09455989,-0.004310651
55052000,9.340778,-0.026851442,-5.007491,1.9050987,0.094225325,-0.002433744
55072000,9.377968,-0.024972687,-5.007503,1.8595055,0.093937784,-0.0005980004
55092000,9.414243,-0.023098417,-5.007478,1.8137099,0.09371351,0.00124066
55112000,9.449603,-0.021231052,-5.007418,1.7680146,0.093368284,0.0030206367
55132000,9.484048,-0.019367035,-5.007323,1.7222667,0.093200766,0.004770869
55152000,9.517582,-0.017504489,-5.0071936,1.6767033,0.093127325,0.0064573996
55172000,9.55021,-0.015645998,-5.007032,1.6313795,0.09292456,0.008085007
55192000,9.581935,-0.0137899695,-5.0068383,1.5862651,0.092801414,0.00966263
55212000,9.6127615,-0.0119327605,-5.006614,1.5413221,0.09286044,0.011205632
55232000,9.6426935,-0.010075978,-5.00636,1.496586,0.09283914,0.012715639
55252000,9.671737,-0.0082202945,-5.006077,1.4521784,0.09278419,0.014169478
55272000,9.699896,-0.006359482,-5.005765,1.4079398,0.093040615,0.015597226
55292000,9.727181,-0.004493392,-5.0054264,1.3642886,0.09330449,0.016915457
55312000,9.753601,-0.002623088,-5.005063,1.3210157,0.09351522,0.018171767
55332000,9.779167,-0.00074839947,-5.0046763,1.2782892,0.09373442,0.019337377
55352000,9.803886,0.001129699,-5.004267,1.235978,0.09390493,0.02044966
55372000,9.827771,0.0030121568,-5.0038376,1.1942352,0.09412289,0.02148059
55392000,9.850827,0.0049016126,-5.003388,1.1527829,0.0944728,0.022480922
55412000,9.873069,0.0067961705,-5.002921,1.1120942,0.09472788,0.023350924
55432000,9.8945055,0.008692747,-5.0024376,1.071822,0.094828814,0.024161113
55452000,9.915152,0.010594726,-5.0019407,1.0323074,0.09509894,0.024843602
55472000,9.935017,0.012501934,-5.0014315,0.9932384,0.095360376,0.025468674
55492000,9.954117,0.01441033,-5.000912,0.9550218,0.09541983,0.025966
55512000,9.972461,0.016318176,-5.000384,0.9172018,0.09539233,0.026428662
55532000,9.990066,0.018225633,-4.999848,0.8802282,0.09537285,0.026781604
55552000,10.006943,0.020134531,-4.9993067,0.8438768,0.09544489,0.027060963
55572000,10.023109,0.022046244,-4.998762,0.8083356,0.09558567,0.027239949
55592000,10.038577,0.02395741,-4.9982147,0.77334476,0.09555831,0.027375644
55612000,10.053362,0.025863161,-4.9976664,0.73927486,0.09528751,0.027408965
55632000,10.067477,0.027764276,-4.9971185,0.7057671,0.0950557,0.0273982
55652000,10.080941,0.029664056,-4.9965725,0.67318255,0.09498903,0.02728639
55672000,10.093762,0.031559654,-4.99603,0.6410499,0.094779976,0.027148105
55692000,10.105959,0.033446196,-4.9954915,0.60984373,0.094327144,0.026918365
55712000,10.117546,0.03532333,-4.9949584,0.57935387,0.09385653,0.026633766
55732000,10.128543,0.037192926,-4.9944334,0.5498217,0.09347978,0.0262654
55752000,10.138959,0.0390501,-4.9939156,0.5208377,0.092858724,0.025876343
55772000,10.148813,0.040892716,-4.9934072,0.492708,0.09213087,0.025429895
55788000,10.156299,0.042355046,-4.9930067,0.4678467,0.09139553,0.025019694
55808000,10.165172,0.044167016,-4.9925156,0.44364035,0.09059866,0.024567759
55828000,10.173521,0.04595806,-4.9920354,0.41746494,0.08955222,0.024013445
55848000,10.181363,0.04773044,-4.9915676,0.39211112,0.08861888,0.023391563
55868000,10.188715,0.04948005,-4.991113,0.36759174,0.08748054,0.022719696
55888000,10.19559,0.051203128,-4.9906726,0.34376553,0.08615383,0.02202627
55908000,10.202005,0.05289702,-4.990247,0.32076287,0.08469473,0.021294933
55928000,10.2079735,0.054558977,-4.9898357,0.29839316,0.08309775,0.020552926
55948000,10.213511,0.056190003,-4.98944,0.27690396,0.08155138,0.01977335
55968000,10.218629,0.05778803,-4.98906,0.2558805,0.07990127,0.019005809
55988000,10.223343,0.059348922,-4.9886956,0.23570268,0.07804456,0.01821533
56008000,10.227668,0.060872592,-4.9883475,0.21620414,0.07618355,0.017413007
56028000,10.231617,0.062360577,-4.9880157,0.19747171,0.074399196,0.01659194
56048000,10.235207,0.06380904,-4.9877005,0.17949463,0.07242317,0.015752567
56068000,10.238454,0.06521663,-4.9874024,0.1623469,0.07037963,0.014891999
56088000,10.241365,0.06658275,-4.9871216,0.14560647,0.06830589,0.014049106
56108000,10.243959,0.06790532,-4.986858,0.1296731,0.06612869,0.013179073
56128000,10.246245,0.069183566,-4.9866123,0.11428648,0.06391221,0.012299472
56148000,10.24824,0.07041638,-4.9863844,0.09976197,0.061640803,0.011386337
56168000,10.249952,0.07160313,-4.986175,0.08562245,0.05933704,0.010476707
56188000,10.251396,0.072742105,-4.985984,0.072176516,0.056949172,0.009548477
56208000,10.252582,0.07383266,-4.9858117,0.059282,0.054527495,0.0086097615
56228000,10.253528,0.07487655,-4.9856586,0.047309913,0.052194495,0.0076438817
56248000,10.254239,0.075870335,-4.9855247,0.0355563,0.04968942,0.0067087957
56268000,10.25473,0.076810025,-4.9854093,0.024564438,0.046984363,0.005775321
56288000,10.255009,0.07769732,-4.9853115,0.013912417,0.044364795,0.0048822006
56308000,10.25509,0.07853177,-4.985231,0.004029578,0.041722648,0.0040165014
56328000,10.25498,0.079311386,-4.985167,-0.0054802652,0.038980614,0.003212821
56352000,10.254617,0.08017119,-4.98511,-0.015118124,0.03582526,0.0023765604
56372000,10.254129,0.08082637,-4.985078,-0.024364192,0.032758925,0.0016048976
56392000,10.253487,0.081423864,-4.985059,-0.032164324,0.029874874,0.0009571284
56412000,10.252693,0.08196358,-4.985051,-0.03965293,0.026985593,0.00037121237
56432000,10.251763,0.08244364,-4.9850545,-0.046474665,0.02400316,-0.00016892435
56452000,10.250703,0.0828652,-4.985068,-0.053020682,0.021077847,-0.0006526134
56472000,10.249523,0.0832297,-4.9850893,-0.05901113,0.018224906,-0.0010811863
56492000,10.248225,0.08353938,-4.985118,-0.0648727,0.01548432,-0.0014373846
56512000,10.246821,0.08379308,-4.9851527,-0.07022762,0.01268507,-0.0017328783
56532000,10.245318,0.083989315,-4.985192,-0.07511931,0.009811509,-0.0019645158
56552000,10.24373,0.08412906,-4.9852347,-0.079469934,0.006987278,-0.0021390878
56572000,10.242058,0.08421347,-4.9852796,-0.08359271,0.0042206305,-0.0022486718
56592000,10.240311,0.08424342,-4.985326,-0.08731848,0.001497286,-0.0023027465
56612000,10.238493,0.08422068,-4.9853716,-0.09091987,-0.0011372056,-0.0023028285
56632000,10.236611,0.0841458,-4.985417,-0.09407114,-0.0037439258,-0.002261541
56652000,10.234672,0.08401924,-4.9854608,-0.09697426,-0.0063277744,-0.002186584
56672000,10.23268,0.083842054,-4.9855027,-0.09955162,-0.008859492,-0.0020910667
56692000,10.230639,0.08361669,-4.9855423,-0.10204128,-0.011268235,-0.0019836077
56712000,10.228557,0.083342366,-4.9855795,-0.10415484,-0.013715855,-0.0018713445
56732000,10.226435,0.083021276,-4.985615,-0.10608973,-0.016054705,-0.0017463653
56752000,10.224276,0.08265622,-4.9856467,-0.107980564,-0.01825265,-0.001596514
56772000,10.222082,0.08224723,-4.985675,-0.1096689,-0.020449655,-0.0014248498
56792000,10.219859,0.081795745,-4.9856997,-0.11113042,-0.022574294,-0.0012379101
56812000,10.217611,0.081304654,-4.9857206,-0.11242059,-0.02455446,-0.0010334498
56832000,10.21534,0.08077096,-4.985737,-0.11357781,-0.02668457,-0.00081334147
56852000,10.213048,0.08019647,-4.9857483,-0.114583574,-0.028724683,-0.0005729348
56872000,10.21074,0.07958512,-4.9857545,-0.11537745,-0.03056752,-0.0003204328
56892000,10.20842,0.078938894,-4.985756,-0.1160408,-0.03231139,-5.559017e-05
56912000,10.206087,0.078257576,-4.985751,-0.11660256,-0.034065865,0.00022226047
56932000,10.203747,0.07754082,-4.985741,-0.11702427,-0.035837512,0.000501688
56952000,10.201402,0.076793514,-4.985726,-0.11723678,-0.037365265,0.000772488
56972000,10.199052,0.07601385,-4.985705,-0.11749291,-0.038983487,0.0010455402
56992000,10.196699,0.07520542,-4.9856787,-0.11765111,-0.040421408,0.001315792
57012000,10.194347,0.07437036,-4.9856467,-0.117588215,-0.04175285,0.0015871113
57032000,10.1919985,0.07350998,-4.9856095,-0.11744877,-0.043018922,0.001860901
57052000,10.189652,0.07262346,-4.985567,-0.11729776,-0.04432601,0.002126899
57072000,10.187311,0.07171059,-4.9855194,-0.117058225,-0.045643874,0.0023862573
57092000,10.184975,0.07077604,-4.9854665,-0.11686002,-0.04672726,0.0026407812
57112000,10.182644,0.06981935,-4.985409,-0.116512276,-0.04783428,0.0028859144
57132000,10.180322,0.06884158,-4.9853463,-0.11611459,-0.048888847,0.0031170931
57152000,10.178007,0.06783678,-4.98529,-0.115743935,-0.050240055,0.0028183386
57172000,10.175689,0.06641097,-4.9856353,-0.1158955,-0.071290016,-0.0172546
57192000,10.173323,0.06322591,-4.986849,-0.11832601,-0.15925348,-0.06067806
57212000,10.170883,0.057628114,-4.9890485,-0.12194237,-0.27988964,-0.109977804
57232000,10.168399,0.050137777,-4.9922547,-0.124251366,-0.3745169,-0.16031681
57252000,10.165905,0.04174069,-4.996434,-0.12468687,-0.4198544,-0.20897712
57272000,10.163423,0.033238955,-5.00146,-0.124110036,-0.42508665,-0.25130346
57292000,10.160966,0.02524581,-5.007152,-0.12284613,-0.3996573,-0.28458375
57312000,10.15855,0.01818525,-5.0133114,-0.12074665,-0.35302794,-0.30798256
57332000,10.156196,0.01240641,-5.0197315,-0.11775333,-0.28894207,-0.32100013
57352000,10.15391,0.0081210835,-5.026223,-0.11432114,-0.21426632,-0.32457498
57372000,10.151696,0.0054989136,-5.032612,-0.11063693,-0.13110848,-0.31943214
57392000,10.149558,0.004615889,-5.0387597,-0.10692996,-0.04415124,-0.3073941
57412000,10.147498,0.0055465763,-5.0445466,-0.10297175,0.046534374,-0.2893491
57432000,10.145517,0.008307454,-5.0498886,-0.099042885,0.13804387,-0.267102
57452000,10.143616,0.012920648,-5.0547185,-0.09511354,0.2306597,-0.24149175
57472000,10.141794,0.019375741,-5.0589976,-0.09104328,0.32275465,-0.21396483
57492000,10.140054,0.027661122,-5.062705,-0.087023444,0.41426912,-0.18536197
57512000,10.138393,0.037757687,-5.065834,-0.08301983,0.5048283,-0.15646392
57532000,10.13681,0.04964604,-5.068391,-0.07916883,0.59441745,-0.12783168
57552000,10.1353035,0.063309155,-5.0703874,-0.07532496,0.68315583,-0.09981489
57572000,10.133876,0.07872517,-5.0718436,-0.07139831,0.7708005,-0.07281266
57592000,10.132521,0.09587023,-5.0727854,-0.06774739,0.85725325,-0.047097858
57612000,10.13124,0.114716396,-5.073243,-0.06405026,0.9423084,-0.022895575
57632000,10.130035,0.13523655,-5.0732493,-0.06020284,1.0260074,-0.00029628797
57652000,10.128907,0.15740441,-5.0728364,-0.05642982,1.108393,0.020645645
57672000,10.127851,0.18119413,-5.072038,-0.052830324,1.1894864,0.039913397
57692000,10.126865,0.2065639,-5.0708942,-0.04926915,1.2684886,0.057196084
57712000,10.125947,0.23346509,-5.0694456,-0.045894086,1.3450592,0.07242739
57732000,10.125095,0.26187694,-5.067721,-0.04257464,1.4205922,0.086225435
57752000,10.12431,0.29175538,-5.0657573,-0.03932909,1.493922,0.0981839
57772000,10.123588,0.32306674,-5.0635858,-0.036070284,1.5655676,0.108581886
57792000,10.122926,0.35576102,-5.0612416,-0.03310885,1.6347152,0.11720002
57812000,10.122319,0.38980663,-5.058752,-0.030301163,1.7022799,0.12447804
57832000,10.121766,0.42514402,-5.0561514,-0.027695622,1.7668688,0.13003485
57852000,10.121262,0.4617429,-5.0534616,-0.025189634,1.8299447,0.13449855
57872000,10.120806,0.49954507,-5.0507116,-0.022821927,1.8901083,0.13748908
57892000,10.12039,0.5385173,-5.047921,-0.020758636,1.9486113,0.1395197
57912000,10.120012,0.57860166,-5.0451155,-0.01888119,2.0042186,0.1402978
57932000,10.119671,0.6197685,-5.0423083,-0.017067244,2.058341,0.14035021
57952000,10.119361,0.6619508,-5.0395236,-0.015497686,2.1091166,0.13923052
57972000,10.119075,0.7051154,-5.0367727,-0.014307058,2.1582274,0.13755806
57992000,10.118806,0.74920726,-5.03407,-0.013450722,2.2045944,0.135123
58012000,10.118557,0.794193,-5.0314245,-0.012440122,2.2492886,0.13227342
58032000,10.118322,0.8400155,-5.028849,-0.011762249,2.2911222,0.12877008
58052000,10.1180935,0.88664484,-5.026349,-0.011443859,2.3314672,0.12501784
58072000,10.117867,0.93402356,-5.0239344,-0.011266801,2.3689368,0.12074173
58092000,10.117644,0.9821211,-5.0216074,-0.011192907,2.4048774,0.11632701
58112000,10.117418,1.0308862,-5.0193753,-0.011301606,2.4382548,0.111602984
58132000,10.117185,1.0802909,-5.0172386,-0.011672631,2.470233,0.10685371
58152000,10.116936,1.1302866,-5.0152,-0.012420696,2.4997888,0.10191655
58172000,10.1166725,1.1808447,-5.01326,-0.01318381,2.5279026,0.097012244
58192000,10.116393,1.2319174,-5.01142,-0.013992782,2.5536356,0.092002295
58212000,10.116094,1.2834845,-5.009677,-0.014971999,2.5783508,0.08714962
58232000,10.115768,1.3355018,-5.0080314,-0.016218152,2.6008685,0.08227223
58252000,10.115417,1.3879465,-5.00648,-0.017621879,2.6222374,0.07754985
58272000,10.115035,1.4407809,-5.005023,-0.019045541,2.641715,0.07287672
58292000,10.114627,1.4939872,-5.003655,-0.020431694,2.6603215,0.06840235
58312000,10.114187,1.5475324,-5.0023746,-0.021963809,2.6772563,0.06401704
58336000,10.113613,1.6122075,-5.000949,-0.023915458,2.694798,0.059399284
58356000,10.113092,1.6664177,-4.999851,-0.026037933,2.7105083,0.054892033
58376000,10.112535,1.7208934,-4.9988313,-0.027885074,2.723782,0.050983857
58396000,10.11194,1.7756081,-4.997887,-0.029725458,2.7357347,0.047214795
58416000,10.111309,1.8305511,-4.9970136,-0.0315561,2.747154,0.043665722
58436000,10.110642,1.8856969,-4.9962087,-0.03335926,2.7572894,0.040249627
58456000,10.109939,1.9410315,-4.995468,-0.035179336,2.7667286,0.03702724
58476000,10.109199,1.9965323,-4.994789,-0.03699221,2.7750432,0.033955388
58496000,10.108422,2.0521884,-4.9941673,-0.03884375,2.7828045,0.031080524
58516000,10.107603,2.1079824,-4.9936004,-0.040969435,2.7896998,0.028366597
58536000,10.106745,2.163904,-4.993084,-0.042886063,2.796082,0.025822654
58556000,10.105853,2.219937,-4.992615,-0.044579986,2.8016458,0.023418628
58576000,10.104926,2.276074,-4.992192,-0.046382856,2.8068516,0.021178117
58596000,10.103957,2.332301,-4.991811,-0.048424415,2.8113437,0.019058842
58616000,10.102947,2.388607,-4.9914694,-0.050500102,2.8153017,0.017065305
58636000,10.101897,2.4449792,-4.9911656,-0.052476246,2.8186157,0.015184215
58656000,10.100811,2.5014114,-4.990897,-0.054312833,2.821605,0.013421258
58676000,10.099686,2.5578923,-4.990662,-0.056291677,2.824045,0.011753952
58696000,10.098519,2.6144156,-4.9904585,-0.05831523,2.826172,0.010186993
58716000,10.097315,2.670971,-4.9902844,-0.06023191,2.8277671,0.008697099
58736000,10.096073,2.7275534,-4.9901385,-0.062090028,2.8291152,0.007299426
58756000,10.094792,2.7841544,-4.9900184,-0.06402076,2.8300502,0.0059922873
58776000,10.093476,2.8407698,-4.989923,-0.065824926,2.8307686,0.004781277
58796000,10.092123,2.8973913,-4.98985,-0.0676432,2.8310776,0.0036544423
58816000,10.090733,2.9540133,-4.9897976,-0.0695033,2.8311026,0.002605923
58836000,10.089305,3.0106308,-4.989765,-0.07139283,2.8308828,0.0016278174
58856000,10.087842,3.0672417,-4.989751,-0.07317445,2.8305328,0.00071921706
58876000,10.086346,3.1238358,-4.9897532,-0.07479448,2.8297143,-0.00012961448
58896000,10.084818,3.180411,-4.989772,-0.07639043,2.8287604,-0.0009155948
58916000,10.083257,3.2369657,-4.9898047,-0.07804858,2.8277307,-0.0016412622
58936000,10.081665,3.2934966,-4.989851,-0.079577014,2.8265436,-0.002310208
58956000,10.080043,3.3499963,-4.9899096,-0.08114628,2.8249912,-0.0029465577
58976000,10.078391,3.4064636,-4.9899807,-0.08258793,2.823361,-0.0035609948
58996000,10.076708,3.4628975,-4.9900637,-0.08414995,2.8216968,-0.0041476744
59016000,10.074995,3.5192933,-4.990158,-0.08561778,2.8197901,-0.0047131926
59036000,10.073257,3.5756466,-4.9902635,-0.08690877,2.8176658,-0.005256928
59056000,10.071492,3.6319551,-4.9903784,-0.08825261,2.8154235,-0.0057657124
59076000,10.069702,3.6882172,-4.9905033,-0.08950608,2.813106,-0.006235552
59096000,10.067889,3.744431,-4.990637,-0.09063028,2.8106833,-0.006666074
59116000,10.066052,3.8005965,-4.990778,-0.091857485,2.8082764,-0.007068202
59136000,10.06419,3.8567116,-4.990927,-0.09311082,2.8057625,-0.0074559
59156000,10.062306,3.9127707,-4.9910836,-0.094204456,2.8029485,-0.007828133
59176000,10.060402,3.9687712,-4.991247,-0.09519296,2.8000314,-0.008172518
59196000,10.058478,4.0247164,-4.991417,-0.09619035,2.7972536,-0.008498093
59216000,10.056537,4.0806046,-4.9915934,-0.09708669,2.7944074,-0.008818489
59236000,10.054577,4.1364307,-4.9917765,-0.09800761,2.7913013,-0.009147992
59256000,10.052597,4.192191,-4.9919662,-0.098990455,2.7880204,-0.009483184
59276000,10.050599,4.2478895,-4.992162,-0.09988106,2.7849257,-0.009818419
59296000,10.048586,4.3035264,-4.9923654,-0.10066345,2.7818387,-0.010156672
59316000,10.04656,4.3590975,-4.9925756,-0.10126689,2.7785623,-0.01049392
59336000,10.044522,4.414602,-4.992792,-0.101883754,2.7752094,-0.0108321095
59356000,10.042471,4.470039,-4.993016,-0.10256986,2.7718558,-0.011179288
59376000,10.040408,4.52541,-4.993246,-0.10314539,2.7685676,-0.011528991
59396000,10.038335,4.580715,-4.993484,-0.103672914,2.7652552,-0.011879949
59416000,10.036253,4.635953,-4.9937286,-0.10411025,2.7618797,-0.01222965
59436000,10.0341625,4.6911216,-4.99398,-0.104521066,2.758442,-0.012575738
59456000,10.032065,4.746218,-4.9942384,-0.10486679,2.754822,-0.012923782
59476000,10.029965,4.8012433,-4.994504,-0.104996614,2.7512677,-0.013278977
59496000,10.027861,4.8562007,-4.9947767,-0.105214335,2.7478516,-0.013632606
59516000,10.025754,4.911086,-4.995056,-0.10533048,2.744279,-0.013982389
59536000,10.023646,4.9658966,-4.995343,-0.105389625,2.7405345,-0.014337495
59556000,10.021535,5.02063,-4.995637,-0.105573066,2.7366655,-0.014703537
59576000,10.019425,5.0752892,-4.995939,-0.10548421,2.7329545,-0.01507573
59596000,10.01732,5.1298733,-4.9962473,-0.105298646,2.729213,-0.015439599
59616000,10.015215,5.184381,-4.9965634,-0.10522706,2.725382,-0.015788207
59636000,10.013112,5.238814,-4.996886,-0.10512549,2.721627,-0.016134491
59656000,10.011015,5.2931676,-4.9972153,-0.10488073,2.7176974,-0.016472444
59676000,10.008923,5.3474436,-4.9975514,-0.1045846,2.7138112,-0.016794028
59696000,10.006836,5.4016395,-4.9978933,-0.104323335,2.7097905,-0.01710118
59716000,10.004758,5.455755,-4.998241,-0.10391177,2.705781,-0.017388413
59736000,10.002688,5.5097895,-4.9985943,-0.103494465,2.7017128,-0.017659519
59756000,10.0006275,5.5637407,-4.9989524,-0.10304808,2.697573,-0.017907035
59776000,9.998575,5.617609,-4.999315,-0.10261545,2.6933978,-0.018132526
59796000,9.9965315,5.671395,-4.999682,-0.102157556,2.6893063,-0.018341798
59816000,9.994499,5.7250967,-5.0000525,-0.1016289,2.685075,-0.018527474
59836000,9.992478,5.7787156,-5.000426,-0.10103284,2.680948,-0.018675532
59856000,9.990468,5.8322797,-5.0008025,-0.10053677,2.6782112,-0.018823253
59876000,9.988465,5.88584,-5.001182,-0.100140564,2.6780224,-0.018997379
59896000,9.986473,5.9394436,-5.0015655,-0.099584766,2.6801605,-0.019168464
59916000,9.984492,5.9931164,-5.0019526,-0.09904143,2.6836421,-0.019342136
59936000,9.982524,6.04687,-5.002344,-0.0984517,2.6877084,-0.019584514
59956000,9.980566,6.100701,-5.0027437,-0.09785511,2.6915278,-0.019982293
59976000,9.9786215,6.154587,-5.0031557,-0.09722286,2.6943002,-0.02059335
59996000,9.976696,6.208502,-5.003585,-0.09629689,2.695733,-0.021446094
60016000,9.974785,6.262419,-5.004036,-0.09554222,2.6958718,-0.022558149
60036000,9.972895,6.316299,-5.004514,-0.0945245,2.6939998,-0.023929002
60056000,9.971023,6.3701005,-5.0050254,-0.093605705,2.690074,-0.025548365
60076000,9.969174,6.423781,-5.005573,-0.09239686,2.6840189,-0.027376138
60096000,9.967345,6.4772987,-5.0061607,-0.09145021,2.675889,-0.029382303
60116000,9.965547,6.530608,-5.0067906,-0.0899336,2.6654816,-0.03151211
60136000,9.963771,6.583662,-5.0074654,-0.088814326,2.6526763,-0.033725888
60156000,9.962025,6.6364107,-5.0081844,-0.08728601,2.6374419,-0.0359683
60176000,9.960308,6.688813,-5.008949,-0.08584434,2.6201286,-0.03821221
60196000,9.958629,6.740825,-5.009757,-0.08397713,2.600587,-0.040404327
60216000,9.956982,6.792398,-5.010607,-0.082345836,2.5786412,-0.042495243
60236000,9.955378,6.8434863,-5.0114956,-0.080202974,2.5544364,-0.044441387
60256000,9.95381,6.8940506,-5.01242,-0.078372926,2.5282092,-0.04622308
60276000,9.952285,6.944052,-5.013376,-0.076271154,2.500083,-0.047813628
60296000,9.950802,6.993449,-5.0143595,-0.07411992,2.4698367,-0.049163066
60316000,9.9493685,7.0422,-5.015364,-0.07168214,2.4375541,-0.05023357
60336000,9.947977,7.090268,-5.016385,-0.06958761,2.4033852,-0.05102614
60356000,9.946633,7.1376195,-5.017416,-0.06715322,2.367578,-0.051546425
60376000,9.945336,7.184219,-5.018451,-0.06489102,2.3299768,-0.05176466
60396000,9.944089,7.230036,-5.019485,-0.062343378,2.2908387,-0.051698133
60416000,9.942887,7.2750382,-5.0205116,-0.06008981,2.2501254,-0.051334266
60436000,9.941736,7.319201,-5.021526,-0.057546824,2.208142,-0.05071523
60456000,9.940632,7.362493,-5.022522,-0.05520547,2.1646006,-0.049788788
60476000,9.939577,7.404892,-5.0234942,-0.05276445,2.1199522,-0.04862606
60496000,9.938568,7.4463677,-5.0244374,-0.05045887,2.0737739,-0.047148813
60516000,9.937611,7.486902,-5.025347,-0.04785599,2.0267377,-0.04549215
60536000,9.936702,7.526469,-5.026219,-0.045452595,1.9783504,-0.04357447
60556000,9.935842,7.5650525,-5.0270486,-0.043001425,1.9291478,-0.041495815
60576000,9.935027,7.6026325,-5.0278335,-0.04073505,1.8790091,-0.03923428
60596000,9.934262,7.6391983,-5.0285707,-0.038210947,1.828276,-0.03686278
60616000,9.933544,7.6747265,-5.029256,-0.035931822,1.7764308,-0.03425784
60636000,9.93287,7.7092056,-5.0298862,-0.033718295,1.7239579,-0.031520706
60656000,9.932241,7.7426243,-5.0304594,-0.031411503,1.6709236,-0.028665433
60676000,9.931662,7.7749696,-5.030973,-0.028969267,1.6172678,-0.025678145
60696000,9.931128,7.8062263,-5.0314236,-0.026723001,1.5628223,-0.022535449
60716000,9.9306345,7.836392,-5.0318117,-0.024660612,1.508278,-0.019409295
60736000,9.930186,7.865455,-5.032135,-0.022418106,1.4531665,-0.016163439
60756000,9.929786,7.8934107,-5.0323925,-0.02003406,1.3977814,-0.01286507
60776000,9.929426,7.920251,-5.0325828,-0.017957697,1.3420178,-0.009507891
60796000,9.929108,7.9459753,-5.0327063,-0.015921853,1.2862062,-0.006171721
60816000,9.928827,7.970577,-5.0327616,-0.014004023,1.2300867,-0.0027754337
60836000,9.928587,7.994054,-5.032749,-0.012045753,1.1738551,0.00061854627
60856000,9.928383,8.016406,-5.0326695,-0.010171611,1.1175919,0.0039754044
60876000,9.928218,8.037634,-5.0325246,-0.008292792,1.0614129,0.007262425
60896000,9.928088,8.057735,-5.0323133,-0.0064600003,1.0050701,0.010551572
60916000,9.927993,8.07671,-5.0320377,-0.00475813,0.9487246,0.013793582
60936000,9.927931,8.09456,-5.031698,-0.0031114048,0.8925094,0.016958354
60956000,9.927898,8.111292,-5.031298,-0.0016377285,0.8365744,0.020005766
60976000,9.927896,8.126909,-5.030839,-0.00011396898,0.7808866,0.022970907
60996000,9.927927,8.141417,-5.030321,0.001553179,0.7253767,0.025875516
61016000,9.92799,8.154822,-5.029748,0.0031362253,0.670261,0.02865944
61036000,9.928078,8.16713,-5.029121,0.004402251,0.6154136,0.031366438
61056000,9.928192,8.178348,-5.0284405,0.0056990264,0.56087506,0.034010828
61076000,9.928329,8.188483,-5.0277095,0.0068871905,0.5067582,0.036560908
61096000,9.928491,8.197548,-5.02693,0.008081822,0.4532295,0.038983412
61116000,9.928677,8.205548,-5.0261025,0.009283669,0.4000429,0.04135827
61136000,9.9288845,8.212496,-5.02523,0.010386131,0.3473818,0.04363973
61156000,9.929113,8.218399,-5.0243125,0.0114341015,0.29514498,0.04585
61176000,9.92936,8.223269,-5.023354,0.012349683,0.24352363,0.04793667
61196000,9.929622,8.2271185,-5.0223556,0.013070998,0.19246717,0.04991771
61216000,9.929894,8.229961,-5.0213203,0.013653313,0.14213984,0.05176226
61236000,9.93018,8.231807,-5.0202494,0.01422833,0.09226112,0.053541802
61256000,9.930476,8.23267,-5.019146,0.014870006,0.04316921,0.05516862
61276000,9.930782,8.232564,-5.0180125,0.015264137,-0.005298559,0.056676235
61296000,9.931094,8.2315035,-5.0168514,0.015605473,-0.05303534,0.058054272
61316000,9.931409,8.2295,-5.015665,0.015765077,-0.10016558,0.059331883
61336000,9.9317255,8.226573,-5.0144563,0.015788082,-0.1463435,0.060432635
61356000,9.932041,8.222735,-5.0132275,0.015810903,-0.19189854,0.061443314
61376000,9.93236,8.217999,-5.01198,0.015939409,-0.23681928,0.062365137
61396000,9.932679,8.212377,-5.010716,0.01595724,-0.28112993,0.063204505
61416000,9.932995,8.20589,-5.009439,0.0157598,-0.32431343,0.063852794
61436000,9.933304,8.19855,-5.0081496,0.015489768,-0.36700115,0.064456075
61456000,9.933609,8.190373,-5.006851,0.015222045,-0.4088263,0.064926304
61476000,9.933904,8.181377,-5.0055456,0.01473362,-0.44981825,0.065281406
61496000,9.934188,8.171583,-5.0042357,0.014222005,-0.48972663,0.06549086
61516000,9.934464,8.160999,-5.002922,0.013825909,-0.52919376,0.06569913
61536000,9.93473,8.149643,-5.0016055,0.0132482555,-0.56778944,0.065820254
61556000,9.934979,8.13753,-5.000288,0.01250551,-0.60562396,0.065877154
61576000,9.935214,8.124683,-4.998972,0.011714219,-0.64236486,0.06581107
61596000,9.93543,8.111116,-4.997658,0.010815265,-0.6783419,0.065700725
61616000,9.935629,8.096848,-4.996347,0.0099623315,-0.7134458,0.06553025
61636000,9.935812,8.081889,-4.9950404,0.009153499,-0.7479078,0.06534327
61656000,9.935974,8.066261,-4.9937387,0.00809289,-0.7813949,0.06507484
61676000,9.936113,8.049979,-4.992443,0.0069619576,-0.81413174,0.06477207
61696000,9.93623,8.033061,-4.991155,0.0058020903,-0.8459063,0.0644016
61716000,9.936325,8.015523,-4.9898753,0.0047654244,-0.87690187,0.06399456
61736000,9.936397,7.9973826,-4.9886045,0.0036021771,-0.9070114,0.06353602
61756000,9.936444,7.9786544,-4.987344,0.002361031,-0.9364094,0.0630521
61776000,9.936467,7.9593544,-4.986093,0.001148914,-0.9650038,0.06252682
61796000,9.936465,7.939499,-4.9848537,-5.9667724e-05,-0.9927611,0.06195785
61816000,9.936438,7.919105,-4.983627,-0.0013922367,-1.0196942,0.06135029
61836000,9.936383,7.8981857,-4.9824123,-0.0027208882,-1.0459602,0.06072295
61856000,9.936301,7.8767576,-4.981211,-0.0040907934,-1.0714118,0.0600587
61876000,9.936195,7.8548374,-4.9800243,-0.005329407,-1.0960022,0.059352074
61896000,9.93606,7.832441,-4.978852,-0.0067700217,-1.1198375,0.058620717
61916000,9.935894,7.8095818,-4.9776945,-0.008263607,-1.1429561,0.057866096
61936000,9.935701,7.7862754,-4.976553,-0.009649511,-1.1653062,0.057077006
61956000,9.935483,7.762538,-4.9754276,-0.010939717,-1.1868777,0.05625707
61976000,9.935235,7.7383842,-4.9743195,-0.0123562785,-1.2076887,0.05541291
61996000,9.934961,7.7138286,-4.9732285,-0.013722731,-1.2277895,0.054553516
62016000,9.934657,7.6888857,-4.972155,-0.015185339,-1.2471364,0.053679638
62036000,9.934326,7.663572,-4.971099,-0.016556712,-1.2656896,0.052789394
62056000,9.933969,7.6378937,-4.9700603,-0.017880216,-1.2839035,0.051943988
62076000,9.933588,7.6118655,-4.969038,-0.019040171,-1.3014195,0.051113736
62096000,9.933182,7.5855002,-4.968032,-0.020288285,-1.3182625,0.050306857
62116000,9.932752,7.558814,-4.9670415,-0.021531235,-1.334314,0.049512338
62136000,9.932296,7.531816,-4.9660664,-0.022776656,-1.3499088,0.04876798
62156000,9.931817,7.504519,-4.9651055,-0.023958903,-1.3648361,0.048044894
62176000,9.9313135,7.476935,-4.964158,-0.025149828,-1.3791989,0.047351815
62196000,9.930787,7.4490767,-4.9632244,-0.026307402,-1.3929302,0.046683654
62216000,9.93024,7.4209495,-4.962303,-0.027415719,-1.4063461,0.04607035
62236000,9.929669,7.3925676,-4.961394,-0.028479872,-1.4190966,0.04547921
62256000,9.929076,7.3639436,-4.9604955,-0.029657593,-1.4312054,0.044906966
62276000,9.92846,7.3350863,-4.9596076,-0.030802844,-1.4428709,0.044382207
62296000,9.927823,7.306002,-4.9587297,-0.031882472,-1.4542017,0.043903485
62316000,9.927168,7.2767005,-4.957861,-0.032719832,-1.4650708,0.043447565
62336000,9.926495,7.247188,-4.9570003,-0.033705384,-1.47562,0.04303101
62356000,9.925799,7.2174745,-4.956147,-0.03475711,-1.4856822,0.0426421
62376000,9.925086,7.1875677,-4.955302,-0.035667967,-1.4953463,0.042272706
62396000,9.924356,7.157478,-4.954464,-0.03644426,-1.5045023,0.041907314
62416000,9.923609,7.1272078,-4.9536324,-0.03739769,-1.5135036,0.041560728
62436000,9.922839,7.096766,-4.9528084,-0.038481023,-1.5220724,0.041219007
62456000,9.92205,7.066158,-4.95199,-0.03942232,-1.5304062,0.04090193
62476000,9.921248,7.0353928,-4.9511786,-0.04012448,-1.53826,0.04058874
62496000,9.920432,7.004477,-4.950372,-0.04079575,-1.5457895,0.040295623
62516000,9.919603,6.973415,-4.949572,-0.041441806,-1.5531148,0.040025737
62536000,9.918759,6.9422073,-4.9487762,-0.042198658,-1.5603712,0.039784886
62556000,9.917899,6.910863,-4.947985,-0.043030806,-1.5672263,0.039549805
62576000,9.9170265,6.87939,-4.947199,-0.04364653,-1.5736611,0.03931327
62596000,9.916141,6.8477902,-4.946417,-0.044285726,-1.5799657,0.039095037
62616000,9.915243,6.8160667,-4.9456387,-0.04486886,-1.586186,0.038908217
62636000,9.914335,6.7842264,-4.9448643,-0.045386143,-1.5919977,0.038737055
62656000,9.913415,6.7522726,-4.9440923,-0.04600447,-1.5976998,0.038589843
62676000,9.912481,6.7202086,-4.943323,-0.046704136,-1.6031883,0.03845787
62696000,9.911539,6.6880403,-4.9425564,-0.04711095,-1.6084304,0.038337886
62716000,9.910592,6.655772,-4.941792,-0.047358483,-1.6133938,0.038229894
62736000,9.909639,6.6234045,-4.941029,-0.047624186,-1.6183844,0.03814533
62756000,9.908681,6.590939,-4.9402676,-0.047916263,-1.6232886,0.038070593
62776000,9.907718,6.5583844,-4.9395075,-0.048173107,-1.6277232,0.037990637
62796000,9.906747,6.5257444,-4.938749,-0.04852549,-1.6319907,0.03793934
62816000,9.905773,6.4930196,-4.9379907,-0.048670456,-1.6362419,0.037915867
62836000,9.9048,6.460211,-4.9372325,-0.04865519,-1.6404446,0.037914164
62856000,9.903828,6.4273186,-4.936474,-0.048614927,-1.6446224,0.037927534
62876000,9.902857,6.3943443,-4.9357147,-0.048573684,-1.6486915,0.03794605
62896000,9.901882,6.3612943,-4.9349556,-0.048713285,-1.6525089,0.037951488
62916000,9.900908,6.3281684,-4.9341965,-0.04868905,-1.6562976,0.037957843
62936000,9.89994,6.2949686,-4.9334373,-0.048438326,-1.6599879,0.037964232
62956000,9.898973,6.2616982,-4.932678,-0.048302036,-1.663524,0.037969176
62976000,9.898013,6.2283564,-4.9319186,-0.048025534,-1.6670978,0.03797234
62996000,9.897061,6.194944,-4.9311595,-0.04758184,-1.6706136,0.03795689
63016000,9.896118,6.1614633,-4.930401,-0.047188926,-1.6740259,0.0379231
63036000,9.895199,6.127913,-4.9296813,-0.045956757,-1.6775272,0.035989754
63056000,9.894899,6.0942397,-4.929482,-0.014964595,-1.6836605,0.009957951
63076000,9.896573,6.06035,-4.930181,0.083704695,-1.6944937,-0.034942396
63096000,9.900619,6.026204,-4.931857,0.20224261,-1.7072909,-0.083812386
63116000,9.906357,5.991877,-4.934523,0.28691643,-1.7163433,-0.13331193
63136000,9.912816,5.9574137,-4.9381227,0.32294613,-1.7231822,-0.17996636
63156000,9.919248,5.9228797,-4.942521,0.32158956,-1.7267,-0.21992198
63176000,9.925094,5.8882804,-4.947539,0.2923048,-1.7299513,-0.25089324
63196000,9.929942,5.853677,-4.9529815,0.24243996,-1.7301779,-0.27211875
63216000,9.933474,5.8190756,-4.9586463,0.17655298,-1.7300663,-0.28325802
63236000,9.935482,5.7845187,-4.964351,0.1004395,-1.7278398,-0.28523013
63256000,9.935814,5.749999,-4.969928,0.016605891,-1.7259922,-0.27884245
63276000,9.93439,5.7155423,-4.975243,-0.07122714,-1.722822,-0.26575512
63296000,9.931154,5.6811357,-4.9801865,-0.1617682,-1.7203373,-0.2471675
63316000,9.926097,5.6468005,-4.984681,-0.2528569,-1.7167695,-0.22473057
63336000,9.919207,5.6125207,-4.9886675,-0.34454635,-1.713993,-0.19931833
63356000,9.910495,5.578309,-4.992113,-0.4355636,-1.7105774,-0.17228891
63376000,9.899974,5.5441504,-4.9949994,-0.52604795,-1.7079359,-0.14431533
63396000,9.887661,5.5100536,-4.9973226,-0.615637,-1.7048383,-0.116159305
63416000,9.873574,5.476005,-4.9990883,-0.704356,-1.702414,-0.08828583
63436000,9.857732,5.442004,-5.0003104,-0.79214376,-1.7000589,-0.061094124
63456000,9.840155,5.4080462,-5.001009,-0.87885183,-1.6978977,-0.034939624
63476000,9.8208685,5.3741264,-5.001211,-0.9642792,-1.6959877,-0.010115547
63496000,9.799898,5.34024,-5.000946,-1.0485365,-1.6943249,0.013271445
63516000,9.777274,5.3063827,-5.0002465,-1.131213,-1.6928554,0.034958158
63536000,9.753023,5.272548,-4.999146,-1.2125173,-1.6917199,0.05504156
63556000,9.7271805,5.238733,-4.9976797,-1.2921506,-1.6907753,0.073305584
63576000,9.699777,5.204936,-4.9958844,-1.3702081,-1.6898335,0.08978011
63596000,9.670848,5.1711464,-4.993795,-1.44642,-1.6894808,0.10446042
63616000,9.64043,5.1373568,-4.991447,-1.5208819,-1.6894801,0.11741347
63636000,9.608564,5.1035604,-4.9888754,-1.593298,-1.6898177,0.12857231
63656000,9.575288,5.069758,-4.9861135,-1.663832,-1.6901201,0.1380944
63672000,9.547677,5.042709,-4.983788,-1.7256396,-1.6905806,0.14533901
63692000,9.511968,5.0088763,-4.980763,-1.7854855,-1.69162,0.15125239
63712000,9.474968,4.975016,-4.977633,-1.8499614,-1.6930232,0.156491
63732000,9.436722,4.9411273,-4.9744253,-1.9123089,-1.6944337,0.16039798
63752000,9.397275,4.9072022,-4.9711647,-1.9723549,-1.6962622,0.16301873
63772000,9.356669,4.873233,-4.9678745,-2.0302787,-1.6984743,0.16452216
63792000,9.31495,4.8392143,-4.964575,-2.0859714,-1.7009208,0.16496947
63812000,9.272165,4.8051434,-4.961287,-2.139224,-1.7035422,0.164395
63832000,9.228366,4.771015,-4.9580293,-2.1900089,-1.7064124,0.16289417
63852000,9.183588,4.7368197,-4.9548144,-2.2388935,-1.7097579,0.16073851
63872000,9.137876,4.7025557,-4.9516563,-2.2856169,-1.7132193,0.15790874
63892000,9.091275,4.6682158,-4.9485674,-2.329991,-1.7169874,0.15444034
63912000,9.043832,4.633798,-4.9455585,-2.3721979,-1.720889,0.15045455
63932000,8.995585,4.5992956,-4.942637,-2.412321,-1.7251183,0.14605862
63952000,8.946577,4.5647087,-4.939811,-2.450382,-1.729337,0.1412886
63972000,8.896852,4.5300274,-4.937087,-2.4863143,-1.7340808,0.13621496
63992000,8.846443,4.495245,-4.9344683,-2.5203772,-1.7391063,0.13093285
64012000,8.795391,4.4603615,-4.9319587,-2.5526378,-1.7441831,0.12548882
64032000,8.743729,4.425377,-4.92956,-2.583118,-1.7492304,0.11991595
64052000,8.691497,4.390283,-4.9272757,-2.6115932,-1.7546833,0.11422914
64072000,8.638725,4.355078,-4.925105,-2.6385453,-1.7602403,0.10854
64092000,8.58545,4.319756,-4.923048,-2.6637728,-1.7661093,0.10284817
64112000,8.531699,4.284316,-4.921104,-2.6875386,-1.7720196,0.097210735
64132000,8.477506,4.248751,-4.919271,-2.7096922,-1.7782451,0.09163817
64152000,8.422895,4.2130632,-4.9175477,-2.7304926,-1.7843914,0.08617053
64172000,8.367898,4.177245,-4.915931,-2.7498732,-1.790911,0.08082948
64192000,8.312537,4.1412973,-4.914418,-2.7680645,-1.7973858,0.07563438
64212000,8.256841,4.1052175,-4.913007,-2.7848394,-1.8039889,0.07057167
64232000,8.200829,4.069007,-4.911693,-2.8005757,-1.8105228,0.06569441
64252000,8.144526,4.0326614,-4.910473,-2.8151524,-1.817284,0.061007064
64272000,8.08795,3.9961812,-4.9093423,-2.8288167,-1.8240056,0.056520842
64292000,8.031119,3.9595628,-4.9082975,-2.84148,-1.8309169,0.052233387
64312000,7.9740553,3.922807,-4.907335,-2.8532135,-1.8377978,0.048138734
64332000,7.916773,3.8859103,-4.90645,-2.8641238,-1.844831,0.04425738
64352000,7.859289,3.8488739,-4.905638,-2.8741865,-1.8518146,0.04057345
64372000,7.8016186,3.811694,-4.9048963,-2.8835368,-1.8590064,0.03711236
64392000,7.743773,3.7743707,-4.904219,-2.8922806,-1.8661565,0.03385756
64412000,7.685767,3.7369046,-4.903603,-2.9002976,-1.8733059,0.030790038
64432000,7.627615,3.6992974,-4.903045,-2.9075937,-1.8803638,0.02789997
64452000,7.5693293,3.6615436,-4.9025407,-2.9142914,-1.8876816,0.025213348
64472000,7.5109205,3.6236446,-4.9020867,-2.9204316,-1.8949596,0.02270963
64492000,7.4523993,3.5855966,-4.9016786,-2.9260685,-1.9023985,0.0203972
64512000,7.3937726,3.5474045,-4.901314,-2.9313226,-1.9095993,0.018253053
64532000,7.3350477,3.5090668,-4.900988,-2.9362617,-1.9168886,0.016281964
64552000,7.276232,3.4705842,-4.900699,-2.9407954,-1.9241282,0.014456724
64572000,7.217333,3.4319544,-4.9004436,-2.944935,-1.9314961,0.01277818
64592000,7.158359,3.3931808,-4.900219,-2.948693,-1.9386716,0.0112185925
64612000,7.0993156,3.3542607,-4.900023,-2.9521816,-1.9460026,0.009797733
64632000,7.040209,3.315196,-4.899853,-2.9553301,-1.9532421,0.008483902
64652000,6.9810433,3.2759836,-4.899708,-2.9582653,-1.9606186,0.0072847996
64672000,6.921824,3.2366245,-4.8995843,-2.9609785,-1.9679506,0.0061785574
64692000,6.862552,3.1971185,-4.899481,-2.9635832,-1.9753082,0.005162102
64712000,6.8032346,3.1574678,-4.8993964,-2.9658902,-1.9825279,0.004210412
64732000,6.743872,3.1176744,-4.89933,-2.9681246,-1.9896704,0.0033315078
64752000,6.684469,3.0777388,-4.8992796,-2.970145,-1.9967825,0.0025126252
64772000,6.62503,3.037661,-4.899245,-2.971963,-2.003887,0.0017525658
64792000,6.565558,2.9974396,-4.899224,-2.9735947,-2.011068,0.0010475666
64812000,6.5060563,2.9570732,-4.8992157,-2.9750798,-2.0183265,0.00039422832
64832000,6.4465265,2.9165635,-4.8992205,-2.9764903,-2.0254867,-0.0002262634
64852000,6.3869686,2.875912,-4.8992367,-2.977894,-2.0325787,-0.0008138995
64872000,6.3273854,2.835119,-4.899264,-2.9791632,-2.0396473,-0.0013648642
64892000,6.267781,2.7941852,-4.8993015,-2.9802299,-2.0466866,-0.0018723091
64912000,6.208155,2.7531114,-4.8993483,-2.981294,-2.0536866,-0.002337954
64932000,6.1485043,2.7118983,-4.8994036,-2.9825456,-2.0606606,-0.0027716423
64952000,6.0888324,2.6705458,-4.8994675,-2.9835885,-2.0676167,-0.0031869435
64972000,6.0291452,2.6290534,-4.899539,-2.9843621,-2.0746222,-0.003577845
64992000,5.969443,2.5874217,-4.8996177,-2.9851112,-2.0815868,-0.0039411196
65012000,5.9097204,2.54565,-4.899703,-2.9861226,-2.088583,-0.0042743287
65032000,5.849977,2.5037415,-4.899795,-2.9871588,-2.0954218,-0.0045989957
65052000,5.7902164,2.4616961,-4.8998933,-2.9880352,-2.1022687,-0.0049101957
65072000,5.7304378,2.4195127,-4.899997,-2.988941,-2.1091747,-0.0051968256
65092000,5.6706414,2.3771935,-4.900107,-2.9898148,-2.1159606,-0.005482522
65112000,5.610829,2.33474,-4.9002223,-2.9906309,-2.1226861,-0.005766653
65132000,5.5509977,2.2921479,-4.900343,-2.9915524,-2.1296022,-0.006024836
65152000,5.4911466,2.2494195,-4.900469,-2.992552,-2.136421,-0.006292835
65172000,5.4312773,2.2065566,-4.9006,-2.9934711,-2.143138,-0.0065677287
65192000,5.3713894,2.163559,-4.900737,-2.9943826,-2.1498764,-0.006839234
65212000,5.3114853,2.1204293,-4.9008794,-2.9952066,-2.1564946,-0.0071234233
65232000,5.251561,2.0771654,-4.901027,-2.9962053,-2.1631935,-0.007396257
65252000,5.191615,2.0337677,-4.9011803,-2.9973035,-2.1698828,-0.007654832
65272000,5.131649,1.9902403,-4.9013386,-2.9983037,-2.1763685,-0.007922376
65292000,5.071662,1.9465852,-4.9015026,-2.9993558,-2.182755,-0.008183418
65312000,5.011652,1.9027992,-4.901671,-3.0005136,-2.1892943,-0.008417997
65332000,4.95162,1.8588803,-4.9018435,-3.0015843,-2.1959503,-0.008632089
65352000,4.8915653,1.8148324,-4.9020205,-3.0027413,-2.2023892,-0.008847185
65372000,4.831487,1.7706558,-4.902201,-3.0039072,-2.2088401,-0.0090505
65392000,4.771386,1.7263479,-4.902386,-3.0050497,-2.2153866,-0.009242007
65412000,4.71126,1.6819125,-4.902575,-3.0063188,-2.2217693,-0.009434583
65432000,4.651108,1.6373503,-4.9027677,-3.007603,-2.2281115,-0.009627964
65452000,4.5909333,1.5926579,-4.9029636,-3.0087123,-2.2346241,-0.009811547
65472000,4.530735,1.5478376,-4.9031634,-3.0099335,-2.2410138,-0.009983826
65492000,4.470508,1.5028937,-4.9033666,-3.0113363,-2.2471933,-0.010158373
65512000,4.4102554,1.4578239,-4.903573,-3.0126235,-2.2534897,-0.010325095
65532000,4.349977,1.4126278,-4.9037824,-3.0139399,-2.259808,-0.010472817
65552000,4.28967,1.3673086,-4.9039946,-3.0153375,-2.265956,-0.0106072165
65572000,4.229336,1.3218671,-4.904209,-3.0167143,-2.272077,-0.010721718
65592000,4.1689763,1.2763036,-4.9044256,-3.0179834,-2.2781734,-0.010825448
65612000,4.1085925,1.2306195,-4.904644,-3.0191722,-2.2842069,-0.01092186
65632000,4.048182,1.1848158,-4.904864,-3.0205278,-2.2901886,-0.011001642
65652000,3.9877424,1.1388929,-4.905085,-3.0219815,-2.29614,-0.011061616
65672000,3.9272742,1.092849,-4.9053073,-3.0234141,-2.302195,-0.011102648
65692000,3.8667781,1.0466859,-4.90553,-3.024808,-2.3081546,-0.011142651
65712000,3.8062544,1.0004048,-4.9057536,-3.026177,-2.3140533,-0.011174908
65732000,3.7457027,0.954007,-4.9059777,-3.027591,-2.3198926,-0.01119723
65752000,3.6851237,0.90749323,-4.906202,-3.0289464,-2.3256898,-0.011216038
65768000,3.6366427,0.87019897,-4.9063816,-3.0300705,-2.3308895,-0.011234528
65788000,3.576016,0.82347745,-4.9066067,-3.031337,-2.336078,-0.011248796
65808000,3.515359,0.77664024,-4.9068317,-3.0328512,-2.3418586,-0.011252231
65828000,3.454674,0.7296892,-4.907057,-3.03424,-2.3475528,-0.011252621
65848000,3.3939588,0.68262285,-4.907281,-3.03576,-2.353316,-0.011204599
65868000,3.3331897,0.63544345,-4.907502,-3.0384612,-2.3589706,-0.011074743
65888000,3.2723193,0.58814955,-4.907719,-3.0435174,-2.364695,-0.010826084
65908000,3.211305,0.54073936,-4.907928,-3.05072,-2.3705091,-0.010442781
65928000,3.150117,0.49321467,-4.9081273,-3.059404,-2.376236,-0.009972293
65948000,3.0887475,0.44557267,-4.9083166,-3.0684705,-2.382099,-0.0094759995
65968000,3.0271978,0.39781645,-4.908498,-3.0774796,-2.3878117,-0.009059032
65988000,2.9654846,0.34994915,-4.9086742,-3.0856636,-2.3933651,-0.008815268
66008000,2.9036267,0.30197704,-4.90885,-3.0928912,-2.398605,-0.008811059
66028000,2.8416576,0.2538956,-4.909032,-3.098457,-2.404071,-0.009061971
66048000,2.7796085,0.2057065,-4.909223,-3.1024528,-2.4094555,-0.009573308
66068000,2.7175179,0.15741487,-4.9094305,-3.1045337,-2.4145815,-0.010357733
66088000,2.6554167,0.10902615,-4.9096584,-3.1050527,-2.4194365,-0.011396002
66108000,2.5933526,0.06053728,-4.909911,-3.1032155,-2.4244432,-0.012652509
66128000,2.5313585,0.011956333,-4.9101934,-3.0996966,-2.4290473,-0.014111986
66148000,2.46948,-0.036715094,-4.910508,-3.0939293,-2.4335713,-0.015737545
66168000,2.4077547,-0.08546867,-4.9108586,-3.0862682,-2.437679,-0.017515466
66188000,2.3462286,-0.13430983,-4.911246,-3.0763054,-2.4420576,-0.019371567
66208000,2.284941,-0.18322922,-4.911672,-3.0643706,-2.4459703,-0.021299168
66228000,2.2239358,-0.23222622,-4.9121366,-3.0502567,-2.4498494,-0.023231091
66248000,2.1632504,-0.2812922,-4.9126396,-3.0342767,-2.4532998,-0.025160193
66268000,2.1029232,-0.33043104,-4.91318,-3.0163634,-2.4569411,-0.027011711
66288000,2.0429893,-0.379635,-4.913756,-2.9966948,-2.4601982,-0.02879321
66308000,1.9834888,-0.42890424,-4.914365,-2.9750211,-2.4634616,-0.030439273
66328000,1.9244536,-0.47823274,-4.915004,-2.9517586,-2.466426,-0.031956244
66348000,1.865917,-0.5276247,-4.9156694,-2.9268322,-2.4695997,-0.033290453
66368000,1.8079103,-0.5770692,-4.916359,-2.9003325,-2.4722238,-0.03446026
66388000,1.750465,-0.62656885,-4.917067,-2.8722675,-2.47498,-0.035418145
66408000,1.693612,-0.67611635,-4.9177904,-2.84265,-2.4773748,-0.036172796
66428000,1.6373808,-0.725715,-4.9185243,-2.8115587,-2.4799345,-0.03668974
66448000,1.5817991,-0.7753592,-4.9192643,-2.7790833,-2.4822097,-0.036989983
66468000,1.5268904,-0.8250482,-4.920006,-2.7454398,-2.4844518,-0.037084345
66488000,1.4726809,-0.87477565,-4.9207454,-2.7104704,-2.4863706,-0.036973134
66508000,1.419189,-0.9245446,-4.921479,-2.6745992,-2.4884448,-0.03668873
66528000,1.3664391,-0.9743499,-4.922203,-2.6374955,-2.4902673,-0.03618789
66548000,1.3144488,-1.0241936,-4.922913,-2.599513,-2.4921873,-0.03550544
66568000,1.2632376,-1.0740699,-4.923606,-2.5605588,-2.4938104,-0.034653895
66588000,1.2128214,-1.1239799,-4.924279,-2.5208137,-2.495506,-0.033661745
66608000,1.1632158,-1.1739234,-4.92493,-2.4802773,-2.4971697,-0.03253193
66628000,1.1144339,-1.2238985,-4.9255557,-2.439098,-2.49876,-0.031289756
66648000,1.0664933,-1.2739041,-4.9261537,-2.3970294,-2.5002754,-0.029889282
66668000,1.0194036,-1.3239402,-4.9267216,-2.354487,-2.5018075,-0.02840539
66688000,0.9731737,-1.3740045,-4.9272585,-2.311493,-2.5032158,-0.026845356
66708000,0.92781335,-1.4241021,-4.9277625,-2.2680173,-2.5048752,-0.025206352
66728000,0.883337,-1.4742297,-4.9282317,-2.2238145,-2.5063856,-0.023462407
66748000,0.8397471,-1.5243849,-4.9286666,-2.1794984,-2.5077574,-0.021733616
66768000,0.79705435,-1.5745696,-4.929065,-2.1346347,-2.5092375,-0.019934667
66788000,0.75525767,-1.6247851,-4.929429,-2.0898364,-2.51077,-0.0181946
66808000,0.71436346,-1.6750282,-4.929758,-2.0447087,-2.5121577,-0.01644811
66828000,0.6743792,-1.7252991,-4.930052,-1.999213,-2.5135477,-0.014683573
66848000,0.63530284,-1.7755955,-4.9303117,-1.95382,-2.5148172,-0.012993456
66868000,0.59713525,-1.825919,-4.9305387,-1.9083781,-2.516177,-0.011342392
66888000,0.55988055,-1.8762695,-4.9307327,-1.8627357,-2.5175207,-0.00971339
66908000,0.5235328,-1.9266475,-4.9308968,-1.8173864,-2.518906,-0.008188012
66928000,0.48809272,-1.9770559,-4.9310303,-1.7720044,-2.5204184,-0.0066843303
66948000,0.45356044,-2.0274916,-4.9311347,-1.7266136,-2.5217876,-0.005213644
66968000,0.41992867,-2.0779545,-4.9312115,-1.6815888,-2.5231473,-0.003853304
66988000,0.3871936,-2.1284451,-4.9312625,-1.6367549,-2.5245254,-0.0025497712
67008000,0.35535324,-2.1789658,-4.9312882,-1.5920178,-2.5260332,-0.0012744794
67028000,0.32440433,-2.229516,-4.931289,-1.5474443,-2.5275083,-4.8060978e-05
67048000,0.29434267,-2.2800984,-4.931267,-1.5030838,-2.5291262,0.0011178937
67068000,0.26515472,-2.330714,-4.931224,-1.4593974,-2.5307775,0.0021335178
67088000,0.23683211,-2.3813615,-4.9311624,-1.4161298,-2.53237,0.0030815024
67108000,0.2093702,-2.4320424,-4.9310822,-1.3730959,-2.5340478,0.0040115598
67128000,0.18276258,-2.4827604,-4.930984,-1.3303808,-2.535897,0.0049112653
67148000,0.15699735,-2.5335171,-4.9308696,-1.2882614,-2.5378346,0.0057261935
67168000,0.13206416,-2.5843086,-4.93074,-1.2466595,-2.5395792,0.006476885
67188000,0.10795463,-2.6351395,-4.930596,-1.2054766,-2.5415454,0.0071992693
67208000,0.08465578,-2.6860127,-4.930439,-1.1649426,-2.5436668,0.007844065
67228000,0.06215519,-2.736929,-4.930271,-1.1250294,-2.5458043,0.008403957
67248000,0.04044056,-2.7878854,-4.9300933,-1.0857316,-2.5478294,0.008870491
67268000,0.019500013,-2.8388839,-4.9299083,-1.0470272,-2.5499184,0.009261399
67288000,-0.00067797105,-2.8899264,-4.9297166,-1.0088992,-2.552127,0.009590338
67308000,-0.020109324,-2.9410174,-4.92952,-0.9715677,-2.5545425,0.009825256
67328000,-0.038804602,-2.992155,-4.92932,-0.93476385,-2.556887,0.010018104
67348000,-0.056777388,-3.043339,-4.9291167,-0.89863926,-2.5591965,0.0101439785
67368000,-0.07404086,-3.0945714,-4.928912,-0.86317384,-2.5616214,0.010217514
67388000,-0.09061028,-3.1458533,-4.928708,-0.8284708,-2.5640967,0.010216945
67404000,-0.10337473,-3.1869168,-4.928545,-0.7977779,-2.566469,0.010187311
67424000,-0.11872881,-3.238295,-4.928343,-0.7677041,-2.5689147,0.010118113
67444000,-0.1334315,-3.2897239,-4.9281435,-0.7351342,-2.5714388,0.009968481
67464000,-0.1474991,-3.341203,-4.927948,-0.70338017,-2.573949,0.009775283
67484000,-0.16094738,-3.3927367,-4.927757,-0.6724142,-2.5766947,0.00955806
67504000,-0.17378731,-3.4443266,-4.9275694,-0.6419968,-2.5794978,0.009351925
67524000,-0.18603037,-3.4959724,-4.9273868,-0.6121532,-2.5822883,0.00913967
67544000,-0.19769722,-3.5476742,-4.92721,-0.5833425,-2.5850854,0.008842867
67564000,-0.20880638,-3.59943,-4.9270406,-0.55545723,-2.587789,0.008477487
67584000,-0.21937145,-3.651245,-4.9268785,-0.5282543,-2.5907574,0.008099561
67604000,-0.22940351,-3.7031193,-4.9267244,-0.50160223,-2.593705,0.007709926
67624000,-0.23891488,-3.7550523,-4.9265785,-0.47556904,-2.5966537,0.0072934777
67644000,-0.24792697,-3.8070455,-4.9264426,-0.45060384,-2.5996544,0.0067839315
67664000,-0.2564568,-3.8591027,-4.9263177,-0.42649192,-2.6028621,0.00623804
67684000,-0.26451805,-3.9112265,-4.926204,-0.40306288,-2.6061988,0.005678794
67704000,-0.27212507,-3.9634187,-4.9261026,-0.3803507,-2.6096056,0.0050933138
67724000,-0.27929106,-4.015678,-4.926013,-0.35829976,-2.6129584,0.0044840933
67744000,-0.28603232,-4.068004,-4.9259357,-0.33706203,-2.6163125,0.0038437683
67764000,-0.2923631,-4.120399,-4.925872,-0.31653982,-2.619751,0.0031974206
67784000,-0.29830113,-4.172868,-4.9258213,-0.29690146,-2.6234312,0.0025382547
67804000,-0.30386204,-4.225411,-4.9257836,-0.27804562,-2.627167,0.0018736776
67824000,-0.30905753,-4.2780304,-4.9257593,-0.25977507,-2.630956,0.0012131614
67844000,-0.31389925,-4.3307295,-4.9257483,-0.24208586,-2.6349566,0.0005651071
67864000,-0.31840202,-4.383509,-4.9257503,-0.22513779,-2.6389987,-9.513131e-05
67884000,-0.32258278,-4.4363694,-4.9257655,-0.20903844,-2.6430109,-0.000776022
67904000,-0.32645166,-4.489313,-4.925794,-0.19344358,-2.647178,-0.0014330749
67924000,-0.3300244,-4.542344,-4.925836,-0.17863618,-2.6515465,-0.0020818908
67944000,-0.33331364,-4.5954647,-4.92589,-0.16446306,-2.6560235,-0.002699941
67964000,-0.33633074,-4.6486735,-4.925956,-0.15085447,-2.660448,-0.0032910164
67984000,-0.33908567,-4.7019715,-4.9260325,-0.13774644,-2.6649032,-0.0038443801
68004000,-0.34159222,-4.7553606,-4.92612,-0.12532811,-2.6694567,-0.0043662684
68024000,-0.3438604,-4.808847,-4.9262166,-0.113408186,-2.6743166,-0.0048332554
68044000,-0.34590214,-4.8624287,-4.926322,-0.1020877,-2.6790714,-0.005276618
68064000,-0.34773067,-4.916107,-4.926436,-0.09142687,-2.6839445,-0.0056803604
68084000,-0.34935993,-4.9698815,-4.9265566,-0.08146276,-2.6887,-0.006052386
68104000,-0.35079607,-5.0237556,-4.926684,-0.07180651,-2.6937025,-0.0063494965
68124000,-0.35204795,-5.0777297,-4.9268155,-0.062593535,-2.6987169,-0.0065891393
68144000,-0.35312667,-5.131807,-4.926951,-0.053937204,-2.7038496,-0.0067744283
68164000,-0.3540419,-5.185988,-4.927089,-0.045761943,-2.709069,-0.0069036237
68184000,-0.3548013,-5.2402763,-4.9272285,-0.03796868,-2.7144134,-0.006973023
68204000,-0.35541332,-5.2946696,-4.9273686,-0.030600872,-2.7196555,-0.006995807
68224000,-0.35588467,-5.3491673,-4.927508,-0.023567323,-2.724904,-0.0069623305
68244000,-0.35622796,-5.4037714,-4.9276457,-0.017165469,-2.730188,-0.0068913577
68264000,-0.3564484,-5.4584866,-4.9277806,-0.011023045,-2.7357512,-0.00674302
68280000,-0.35654312,-5.502339,-4.9278855,-0.0059176995,-2.7407796,-0.0065677
68300000,-0.35656393,-5.5572557,-4.928013,-0.0010412512,-2.7458382,-0.0063568335
68320000,-0.35648352,-5.6122847,-4.9281344,0.0040212316,-2.751453,-0.006097159
68340000,-0.3563047,-5.667427,-4.928251,0.008940527,-2.7571204,-0.0058024013
68360000,-0.35603356,-5.7226844,-4.92836,0.013556495,-2.7628736,-0.005477922
68380000,-0.3556791,-5.7780585,-4.928463,0.017723883,-2.768699,-0.005133347
68400000,-0.35524964,-5.833547,-4.9285583,0.021471815,-2.7744336,-0.004771193
68436000,-0.35429558,-5.9337196,-4.92871,0.02790996,-2.784921,-0.004053824
68456000,-0.35367408,-5.989533,-4.928783,0.03107395,-2.7906642,-0.0036394456
68476000,-0.3529924,-6.0454655,-4.928847,0.034085236,-2.7966325,-0.003190559
68496000,-0.35225412,-6.101517,-4.928901,0.036913637,-2.8025873,-0.002725824
68512000,-0.35162792,-6.146445,-4.928938,0.039138015,-2.807979,-0.0022963225
68532000,-0.35080796,-6.202712,-4.928975,0.040997826,-2.8133554,-0.001861915
68552000,-0.34994647,-6.2590995,-4.929003,0.043073587,-2.8193789,-0.0013726504
68572000,-0.34904313,-6.31561,-4.9290204,0.045166865,-2.8255162,-0.0008934368
68592000,-0.34810317,-6.372247,-4.929029,0.04699901,-2.8318582,-0.00042159072
68612000,-0.34713268,-6.429006,-4.9290285,0.04852366,-2.8379457,1.4189486e-05
68632000,-0.34613332,-6.485886,-4.92902,0.04996897,-2.8439949,0.00043736264
68652000,-0.34510687,-6.5428925,-4.929003,0.051322408,-2.8503258,0.00085904566
68672000,-0.34405676,-6.600028,-4.9289775,0.052505087,-2.8567665,0.0012591053
68692000,-0.34298587,-6.6572857,-4.9289455,0.05354535,-2.8628929,0.0016016294
68712000,-0.3418929,-6.714666,-4.9289074,0.05464818,-2.869008,0.0019124335
68732000,-0.34078294,-6.772174,-4.928863,0.055497102,-2.875408,0.0021992358
68752000,-0.33965817,-6.8298106,-4.9288144,0.05623942,-2.8818347,0.0024398176
68772000,-0.33852097,-6.8875694,-4.9287624,0.056858692,-2.887933,0.0025983604
68792000,-0.337369,-6.9454494,-4.9287086,0.057599194,-2.893989,0.0027103105
68812000,-0.33620414,-7.0034585,-4.9286523,0.058242634,-2.9004695,0.0028104691
68832000,-0.33502716,-7.0615973,-4.9285946,0.058849204,-2.9069502,0.0028770415
68852000,-0.33383697,-7.1198583,-4.928537,0.05950989,-2.913049,0.0028736982
68872000,-0.3326356,-7.178243,-4.9284806,0.060068194,-2.9192336,0.0028340095
68892000,-0.33142388,-7.236754,-4.9284253,0.060586277,-2.9255326,0.0027650523
68912000,-0.33020455,-7.295388,-4.928372,0.06096667,-2.9317205,0.0026579963
68928000,-0.32922056,-7.342386,-4.9283314,0.061498053,-2.9373603,0.0025404012
68948000,-0.3279795,-7.4012465,-4.928283,0.06205398,-2.9430256,0.0024103168
68968000,-0.32672736,-7.4602313,-4.9282384,0.0626065,-2.9492383,0.0022463955
68988000,-0.32546437,-7.5193386,-4.928197,0.063150324,-2.9553695,0.0020651976
69004000,-0.32444525,-7.5667143,-4.9281664,0.06369474,-2.9609702,0.0018943767
69024000,-0.32315892,-7.6260457,-4.928132,0.06431644,-2.9665859,0.0017179444
69044000,-0.321858,-7.6855025,-4.928102,0.06504705,-2.9728386,0.0015203647
69064000,-0.32054636,-7.7450824,-4.9280753,0.065580584,-2.978994,0.0013136888
69084000,-0.31922308,-7.8047857,-4.9280534,0.06616447,-2.9851475,0.0011058899
69104000,-0.31788373,-7.864614,-4.9280353,0.066966854,-2.991416,0.0009041091
69124000,-0.31652912,-7.924567,-4.9280214,0.06773062,-2.9976797,0.0006977448
69144000,-0.31515935,-7.9846463,-4.9280114,0.06848853,-3.003947,0.00048957986
69164000,-0.31377327,-8.044848,-4.928006,0.069303475,-3.0101223,0.00027770278
69184000,-0.31237128,-8.105174,-4.9280047,0.070099816,-3.016264,6.314787e-05
69204000,-0.3109538,-8.16562,-4.928008,0.07087461,-3.0223036,-0.00016147671
69224000,-0.30952245,-8.226188,-4.9280157,0.07156741,-3.0283778,-0.0003841938
69244000,-0.30807465,-8.286876,-4.928028,0.07239046,-3.0343966,-0.0006178649
69264000,-0.30660915,-8.347686,-4.928045,0.073273584,-3.0404909,-0.0008504233
69284000,-0.30512655,-8.408617,-4.9280667,0.07413163,-3.0465665,-0.0010790871
69304000,-0.3036276,-8.469669,-4.928093,0.07494654,-3.0526285,-0.0013113534
69324000,-0.30211174,-8.530838,-4.9281244,0.07579241,-3.0584333,-0.0015784441
69344000,-0.30057442,-8.591913,-4.928485,0.07686718,-3.05376,-0.01803376
69364000,-0.29901022,-8.651736,-4.929841,0.07820912,-2.9911683,-0.067799695
69384000,-0.29740083,-8.7094345,-4.9324217,0.08047035,-2.8848825,-0.12902072
69404000,-0.29575294,-8.765369,-4.9362125,0.08239378,-2.7967598,-0.18956412
69424000,-0.29407758,-8.820437,-4.9411063,0.08376874,-2.7533967,-0.24468654
69444000,-0.29238233,-8.875487,-4.946916,0.08476213,-2.752495,-0.29049036
69464000,-0.29066727,-8.931097,-4.9534273,0.08575319,-2.7804773,-0.32555476
69484000,-0.28893155,-8.987717,-4.960409,0.086785994,-2.831014,-0.34909087
69504000,-0.2871895,-9.045652,-4.967642,0.087102115,-2.896784,-0.36162233
69524000,-0.28544214,-9.105146,-4.9749136,0.087367624,-2.9746668,-0.36359933
69544000,-0.28369313,-9.166332,-4.982049,0.08745116,-3.0592918,-0.3567688
69564000,-0.28194296,-9.229316,-4.9888935,0.08750879,-3.1492097,-0.3422349
69584000,-0.2801932,-9.294138,-4.995333,0.08748759,-3.2411094,-0.32197273
69604000,-0.2784464,-9.360839,-5.0012717,0.08733981,-3.3350224,-0.2969165
69624000,-0.27669743,-9.42941,-5.00665,0.087449394,-3.4285727,-0.26891655
69644000,-0.27495092,-9.499864,-5.0114193,0.08732445,-3.522658,-0.23848097
69664000,-0.2732037,-9.572175,-5.0155625,0.087360665,-3.6155913,-0.2071431
69684000,-0.27146387,-9.6463375,-5.019067,0.08699271,-3.7081347,-0.17523089
69704000,-0.26972377,-9.722329,-5.0219393,0.08700497,-3.7995749,-0.14360477
69724000,-0.26798692,-9.8001375,-5.024188,0.08684135,-3.8904123,-0.11244982
69744000,-0.2662464,-9.879731,-5.0258384,0.08702679,-3.9796696,-0.08251943
69764000,-0.26450253,-9.961092,-5.0269127,0.08719372,-4.0680375,-0.05370977
69784000,-0.26275843,-10.044199,-5.027438,0.087203845,-4.1553473,-0.02627945
69804000,-0.26101393,-10.129025,-5.027447,0.08722684,-4.2413483,-0.00045945388
69824000,-0.25926945,-10.215549,-5.0269723,0.087223664,-4.326199,0.023764463
69844000,-0.25752005,-10.303741,-5.0260477,0.08746875,-4.4095654,0.046215937
69864000,-0.25577044,-10.393571,-5.0247097,0.08748024,-4.491481,0.06691466
69884000,-0.25401932,-10.485005,-5.022994,0.0875574,-4.571715,0.08577825
69900000,-0.2526191,-10.559286,-5.0213733,0.08751469,-4.6425986,0.10128706
69920000,-0.25086683,-10.653528,-5.0190663,0.08761264,-4.7121067,0.11535799
69940000,-0.24911569,-10.749279,-5.0164795,0.08755678,-4.787541,0.12933764
69960000,-0.24736351,-10.846505,-5.0136456,0.08760868,-4.8612685,0.14168991
69980000,-0.24560803,-10.94516,-5.0105996,0.08777381,-4.9327774,0.15229915
70000000,-0.24384983,-11.045206,-5.007372,0.08791062,-5.002277,0.16139129
70020000,-0.2420928,-11.146599,-5.0039916,0.08785104,-5.0696344,0.16900136
70040000,-0.24033372,-11.249302,-5.000485,0.08795373,-5.1351423,0.17533843
70060000,-0.23857035,-11.353269,-4.9968786,0.088168964,-5.1983466,0.18031189
70080000,-0.23680195,-11.458464,-4.9931946,0.08841953,-5.259751,0.18421587
70100000,-0.23503333,-11.564833,-4.9894586,0.08843091,-5.318453,0.1868016
70120000,-0.23326164,-11.672341,-4.9856877,0.08858462,-5.375425,0.18854469
70140000,-0.23148164,-11.780942,-4.981901,0.08900068,-5.430065,0.18931274
70160000,-0.22969615,-11.890596,-4.978115,0.089274,-5.4827113,0.18931282
70180000,-0.22790898,-12.001253,-4.974346,0.0893585,-5.532825,0.18844008
70200000,-0.22611769,-12.11288,-4.9706044,0.08956467,-5.581333,0.18707941
70220000,-0.224321,-12.225427,-4.966904,0.089834765,-5.627374,0.18501517
70240000,-0.22251898,-12.338861,-4.963253,0.09010054,-5.671707,0.18256736
70260000,-0.22071281,-12.453136,-4.959661,0.09030889,-5.7137556,0.17960954
70280000,-0.21890064,-12.568222,-4.9561324,0.090608746,-5.7543063,0.17642803
70300000,-0.21708432,-12.684074,-4.9526753,0.09081593,-5.792616,0.17283869
70320000,-0.2152603,-12.80066,-4.9492946,0.09120082,-5.8292456,0.16904527
70340000,-0.21342693,-12.917939,-4.945994,0.091668315,-5.863974,0.1650242
70360000,-0.21158455,-13.035884,-4.9427757,0.09211905,-5.89722,0.16091038
70380000,-0.20973957,-13.154455,-4.9396434,0.09224931,-5.928559,0.15662563
70400000,-0.20789117,-13.273627,-4.9365964,0.09241988,-5.9586363,0.15235469
70420000,-0.20603937,-13.393368,-4.933636,0.092589885,-5.987006,0.14800102
70440000,-0.20417893,-13.513647,-4.9307632,0.093021564,-6.0139837,0.14365467
70460000,-0.20231472,-13.634436,-4.927977,0.09321103,-6.0394106,0.1392919
70480000,-0.20044442,-13.755714,-4.9252763,0.09351484,-6.063942,0.13506171
70500000,-0.198569,-13.877457,-4.922659,0.09377068,-6.087108,0.1308696
70520000,-0.19668753,-13.999637,-4.9201236,0.09407384,-6.1090193,0.12674583
70540000,-0.19480091,-14.1222315,-4.91767,0.09433054,-6.129715,0.12270517
70560000,-0.1929074,-14.245222,-4.915293,0.09467657,-6.149526,0.11881376
70580000,-0.1910101,-14.3685875,-4.9129925,0.094864324,-6.168288,0.115042135
70600000,-0.18910874,-14.492311,-4.910764,0.09506744,-6.186147,0.11141542
70620000,-0.18720393,-14.616371,-4.908606,0.095241256,-6.2030354,0.10791112
70640000,-0.18529467,-14.740753,-4.906515,0.095462725,-6.2191153,0.10454646
70660000,-0.18338256,-14.86544,-4.904489,0.0956056,-6.2343235,0.10130272
70680000,-0.1814647,-14.9904175,-4.902525,0.095892616,-6.248889,0.09820057
70700000,-0.17954278,-15.115674,-4.900621,0.0960963,-6.262827,0.09521458
70720000,-0.17761698,-15.241196,-4.898774,0.096290104,-6.2760916,0.09232171
70740000,-0.1756912,-15.366972,-4.8969836,0.09628879,-6.2887983,0.08953704
70760000,-0.1737631,-15.492989,-4.895247,0.09640499,-6.30083,0.08683501
70780000,-0.17183173,-15.619237,-4.893562,0.096569024,-6.312437,0.08424443
70800000,-0.16989699,-15.745708,-4.8919272,0.096736684,-6.323551,0.08174295
70820000,-0.167958,-15.872395,-4.8903403,0.09694913,-6.3343225,0.079336815
70840000,-0.16601479,-15.999286,-4.8888006,0.097161025,-6.3445296,0.076983996
70860000,-0.16407053,-16.126375,-4.887306,0.09721285,-6.3544984,0.074720316
70880000,-0.16212356,-16.25366,-4.8858557,0.09734819,-6.364217,0.07254211
70900000,-0.1601736,-16.38113,-4.884447,0.097498626,-6.3735137,0.070425786
70920000,-0.15822248,-16.508776,-4.88308,0.09755595,-6.382323,0.068355605
70940000,-0.1562685,-16.636597,-4.8817525,0.09769827,-6.390978,0.06636302
70960000,-0.1543116,-16.764584,-4.880464,0.097845435,-6.399416,0.06443157
70980000,-0.1523522,-16.892738,-4.8792124,0.09797042,-6.407672,0.06257023
71000000,-0.15038837,-17.02105,-4.8779974,0.098191015,-6.4155993,0.06075515
71020000,-0.14842147,-17.149517,-4.8768177,0.098345265,-6.42333,0.058994528
71040000,-0.14645194,-17.278133,-4.875672,0.09847643,-6.4308515,0.05728289
71060000,-0.14448099,-17.406898,-4.8745594,0.09854782,-6.4382386,0.05562262
71080000,-0.14250934,-17.535807,-4.8734794,0.09858167,-6.445393,0.053996544
71100000,-0.14053424,-17.664856,-4.8724313,0.09875557,-6.4524603,0.052402828
71120000,-0.13855642,-17.794044,-4.8714147,0.09889063,-6.4594927,0.05083666
71140000,-0.13657746,-17.92337,-4.8704295,0.098948196,-6.466265,0.049269352
71160000,-0.13459711,-18.052828,-4.869475,0.09901754,-6.4728827,0.04772219
71180000,-0.13261768,-18.182419,-4.868551,0.09897136,-6.479491,0.046211254
71200000,-0.13063599,-18.31214,-4.8676558,0.09908473,-6.4861226,0.04474837
71220000,-0.12865172,-18.441992,-4.8667893,0.099213526,-6.4926023,0.043321475
71240000,-0.12666562,-18.57197,-4.865951,0.09930468,-6.4988437,0.04191506
71260000,-0.12468184,-18.702072,-4.8651395,0.09918927,-6.5051565,0.040563434
71280000,-0.12270043,-18.832302,-4.8643546,0.09907052,-6.511461,0.039262827
71300000,-0.12072013,-18.962656,-4.863594,0.09901487,-6.5177217,0.038010076
71320000,-0.11873716,-19.093134,-4.8628583,0.0991485,-6.5238657,0.03679003
71340000,-0.11675485,-19.223732,-4.8621464,0.099115506,-6.529937,0.035601567
71360000,-0.1147752,-19.354454,-4.8614573,0.09898234,-6.5360527,0.034461312
71380000,-0.112797126,-19.485296,-4.86079,0.09890385,-6.5421567,0.033357758
71400000,-0.11082169,-19.61626,-4.860144,0.098771796,-6.548223,0.03228305
71420000,-0.10884968,-19.747347,-4.8595195,0.09860043,-6.554284,0.031244952
71440000,-0.106883444,-19.878553,-4.858915,0.098311685,-6.5603275,0.030236747
71460000,-0.104923606,-20.009878,-4.8583302,0.097992,-6.5662556,0.029228512
71480000,-0.10296851,-20.141323,-4.857765,0.09775495,-6.572234,0.028238097
71500000,-0.10101879,-20.272886,-4.85722,0.09748608,-6.5782094,0.027271612
71520000,-0.09907681,-20.40457,-4.8566937,0.09709886,-6.5841594,0.02631637
71540000,-0.09714186,-20.536373,-4.8561864,0.09674725,-6.590126,0.025366126
71560000,-0.09521491,-20.668293,-4.8556976,0.096347705,-6.5960436,0.024421824
71580000,-0.09329859,-20.800333,-4.855228,0.09581593,-6.6019907,0.02348953
71600000,-0.09139339,-20.932491,-4.854777,0.09526024,-6.6079054,0.02255739
71620000,-0.08949552,-21.06477,-4.854344,0.094893575,-6.6139402,0.021641046
71640000,-0.08760804,-21.197172,-4.853929,0.09437392,-6.620138,0.020751389
71660000,-0.08573178,-21.329697,-4.8535323,0.09381286,-6.626153,0.01984812
71680000,-0.08386546,-21.462337,-4.8531537,0.09331633,-6.632031,0.018924117
71700000,-0.082011305,-21.595097,-4.8527937,0.092707574,-6.6379557,0.017988442
71720000,-0.080167614,-21.727976,-4.8524528,0.09218451,-6.644039,0.01705029
71756000,-0.07687976,-21.967468,-4.851888,0.09096517,-6.6555576,0.015185888
71776000,-0.07507098,-22.100683,-4.8516035,0.09043931,-6.6606994,0.014216444
71796000,-0.07327412,-22.234015,-4.8513412,0.08984253,-6.666522,0.013127006
71816000,-0.071489915,-22.367464,-4.8511004,0.08921042,-6.6724854,0.012039793
71836000,-0.06971871,-22.501034,-4.850881,0.08856011,-6.678536,0.01095436
71856000,-0.06795897,-22.634726,-4.850684,0.08798682,-6.6845574,0.009848955
71876000,-0.06621134,-22.768534,-4.85051,0.08738189,-6.6904006,0.0087054
71896000,-0.06447519,-22.902458,-4.850359,0.08680726,-6.6962566,0.0075716143
71916000,-0.06275298,-23.0365,-4.8502297,0.086111024,-6.7020936,0.0064582406
71936000,-0.061041974,-23.170664,-4.8501215,0.08555007,-6.70816,0.005394132
71956000,-0.05934315,-23.304949,-4.850034,0.08494096,-6.7143025,0.0043673893
71976000,-0.057656426,-23.439356,-4.8499675,0.08433637,-6.7202783,0.0033482614
71996000,-0.0559839,-23.573877,-4.8499207,0.08362624,-6.7260995,0.002340569
72016000,-0.054324202,-23.708515,-4.849893,0.08298486,-6.7319417,0.0013688179
72036000,-0.052676007,-23.843273,-4.849884,0.08240984,-6.73784,0.00044714415
72056000,-0.051040612,-23.978148,-4.8498926,0.081769645,-6.7437277,-0.00042585394
72076000,-0.04941897,-24.11314,-4.8499174,0.08108215,-6.749657,-0.001238666
72096000,-0.047810625,-24.248253,-4.8499575,0.080417335,-6.755586,-0.001999282
72116000,-0.046213657,-24.38348,-4.850012,0.07984837,-6.761428,-0.00271896
72136000,-0.044628162,-24.518826,-4.8500795,0.079274714,-6.7672215,-0.003393743
72156000,-0.043055214,-24.654285,-4.85016,0.07864734,-6.7730412,-0.004016751
72176000,-0.041496374,-24.789865,-4.8502507,0.07794214,-6.778955,-0.004536842
72196000,-0.039951574,-24.92558,-4.8503466,0.07723996,-6.785746,-0.0047903946
72216000,-0.038417783,-25.061476,-4.850439,0.076689474,-6.794804,-0.004624647
72236000,-0.036894027,-25.197596,-4.8505197,0.07618785,-6.8059945,-0.0040202024
72256000,-0.035378385,-25.333973,-4.85058,0.075782016,-6.818807,-0.0030449263
72276000,-0.033870753,-25.47062,-4.8506174,0.0753817,-6.8323817,-0.0018413153
72296000,-0.032367986,-25.607533,-4.8506293,0.07513831,-6.8456187,-0.0006011105
72316000,-0.030874807,-25.744684,-4.850619,0.074658975,-6.8576427,0.0005210587
72336000,-0.029390445,-25.88206,-4.850589,0.07421814,-6.8687425,0.0014930946
72356000,-0.027920077,-26.01963,-4.8505445,0.073518366,-6.878537,0.0022163484
72376000,-0.026460106,-26.15737,-4.8504915,0.07299853,-6.8869658,0.0026531033
72396000,-0.025015915,-26.295237,-4.8504367,0.07220954,-6.89338,0.0027395647
72416000,-0.023588382,-26.433199,-4.8503866,0.07137668,-6.8980575,0.0025058577
72436000,-0.02217816,-26.571209,-4.850348,0.070511065,-6.9005623,0.0019328038
72456000,-0.020787189,-26.709232,-4.850327,0.06954861,-6.90115,0.0010536774
72476000,-0.019420182,-26.847221,-4.8503294,0.06835033,-6.899449,-0.00013071111
72496000,-0.018077055,-26.985138,-4.850361,0.06715638,-6.895853,-0.0015638801
72516000,-0.016760414,-27.122942,-4.8504252,0.06583201,-6.8901157,-0.0032213102
72536000,-0.01547117,-27.260588,-4.8505263,0.06446222,-6.8823514,-0.0050633517
72556000,-0.014216409,-27.398037,-4.8506675,0.06273803,-6.872413,-0.007053114
72576000,-0.0129959555,-27.53525,-4.8508506,0.061022695,-6.8606515,-0.009143175
72596000,-0.011813624,-27.672188,-4.8510766,0.05911655,-6.846922,-0.0113111725
72616000,-0.01067166,-27.808815,-4.8513474,0.057098206,-6.8313465,-0.0135306725
72636000,-0.009571853,-27.945093,-4.8516626,0.054990355,-6.813882,-0.015768373
72656000,-0.008517106,-28.080986,-4.8520226,0.05273736,-6.794639,-0.01799566
72676000,-0.0075081866,-28.216457,-4.8524265,0.05044596,-6.7736263,-0.020186367
72696000,-0.006550126,-28.35148,-4.8528724,0.047903053,-6.7510905,-0.02230422
72716000,-0.0056437664,-28.486021,-4.853359,0.04531797,-6.727078,-0.024334425
72736000,-0.004790154,-28.62005,-4.853884,0.042680606,-6.7014236,-0.026259832
72756000,-0.0039901836,-28.753538,-4.854446,0.039998516,-6.6744,-0.028072013
72776000,-0.0032470375,-28.88646,-4.855041,0.037157305,-6.6460433,-0.029771581
72796000,-0.002564398,-29.018787,-4.855668,0.03413197,-6.616401,-0.031341545
72816000,-0.0019421327,-29.150501,-4.8563237,0.031113274,-6.585746,-0.03278794
72836000,-0.0013810967,-29.281582,-4.857006,0.028051803,-6.5540514,-0.034109674
72856000,-0.00088221265,-29.412004,-4.857712,0.0249442,-6.5211177,-0.035293326
72876000,-0.0004449646,-29.541748,-4.858439,0.021862403,-6.4871445,-0.03634791
72896000,-7.145807e-05,-29.670795,-4.8591843,0.018675325,-6.4523835,-0.03728485
72916000,0.00023740594,-29.799131,-4.8599467,0.0154432,-6.4167914,-0.038107667
72936000,0.00048057575,-29.926743,-4.8607235,0.01215849,-6.3805285,-0.038838595
72956000,0.0006585589,-30.053614,-4.861513,0.008899158,-6.343548,-0.03948246
72976000,0.00077339367,-30.179731,-4.862314,0.0057417382,-6.305939,-0.040052205
72996000,0.0008234929,-30.305086,-4.863125,0.0025049604,-6.2676916,-0.040543575
73016000,0.00080791465,-30.429663,-4.8639445,-0.0007789111,-6.2288585,-0.040972847
73036000,0.00072616513,-30.553453,-4.864772,-0.004087477,-6.1895247,-0.041359365
73056000,0.0005821241,-30.676455,-4.8656063,-0.00720205,-6.150076,-0.041736834
73076000,0.00037189954,-30.798655,-4.866447,-0.010511228,-6.1100287,-0.042042144
73096000,9.6756885e-05,-30.920046,-4.8672934,-0.013757133,-6.069512,-0.04229776
73116000,-0.00024198751,-31.040623,-4.8681445,-0.01693722,-6.0288744,-0.042565513
73136000,-0.0006420518,-31.160385,-4.8690014,-0.020003216,-5.988154,-0.042850845
73156000,-0.0011023048,-31.279327,-4.869864,-0.023012651,-5.947057,-0.043119352
73176000,-0.0016238018,-31.397446,-4.870732,-0.026074843,-5.9059215,-0.04340903
73196000,-0.0022058594,-31.51474,-4.871607,-0.029102886,-5.86477,-0.04373506
73216000,-0.0028491335,-31.631214,-4.8724885,-0.0321637,-5.823683,-0.04409478
73236000,-0.0035514077,-31.746866,-4.873378,-0.035113715,-5.7825546,-0.044468675
73256000,-0.0043138787,-31.861698,-4.8742757,-0.03812354,-5.741596,-0.044880453
73276000,-0.0051360405,-31.975712,-4.8751817,-0.041108105,-5.700669,-0.04530341
73296000,-0.006012592,-32.088905,-4.8760967,-0.043827564,-5.65981,-0.045755558
73316000,-0.006945818,-32.201294,-4.8770223,-0.046661325,-5.619286,-0.046273824
73336000,-0.007937743,-32.31287,-4.877959,-0.049596243,-5.578918,-0.04682854
73356000,-0.008986708,-32.42365,-4.8789077,-0.05244825,-5.53895,-0.04744918
73376000,-0.010089153,-32.533638,-4.8798704,-0.055122253,-5.4993205,-0.04812406
73396000,-0.011240397,-32.64284,-4.880848,-0.057562158,-5.460316,-0.04888802
73416000,-0.012443279,-32.751274,-4.8818417,-0.060144104,-5.421513,-0.049669627
73436000,-0.013698441,-32.858936,-4.882851,-0.06275811,-5.3831415,-0.050491143
73456000,-0.015003504,-32.96584,-4.8838787,-0.06525316,-5.3452506,-0.051361743
73476000,-0.016352938,-33.072002,-4.8849244,-0.067471735,-5.3080163,-0.05229782
73496000,-0.017747743,-33.177425,-4.8859897,-0.069740236,-5.2711787,-0.053266503
73516000,-0.019187089,-33.282124,-4.8870754,-0.071967274,-5.234907,-0.05429069
73536000,-0.020667024,-33.386105,-4.8881826,-0.07399673,-5.1990614,-0.055359997
73556000,-0.022186078,-33.489384,-4.8893127,-0.07595273,-5.1639504,-0.05649584
73576000,-0.023745455,-33.59197,-4.8904657,-0.0779688,-5.129261,-0.057657093
73596000,-0.0253401,-33.69388,-4.8916435,-0.079732366,-5.095391,-0.058888037
73616000,-0.026968317,-33.795116,-4.8928466,-0.081410766,-5.062088,-0.060152005
73636000,-0.028629277,-33.89571,-4.894076,-0.083048016,-5.029553,-0.061463937
73656000,-0.030319411,-33.99566,-4.8953314,-0.08450676,-4.997407,-0.062780574
73676000,-0.032035947,-34.094982,-4.8966146,-0.085826814,-4.966151,-0.06414677
73692000,-0.033427615,-34.173996,-4.897661,-0.086979195,-4.938594,-0.06540349
73712000,-0.035190914,-34.272236,-4.898995,-0.08816491,-4.911825,-0.06669351
73732000,-0.03697903,-34.36989,-4.9003577,-0.08940593,-4.88274,-0.06813294
73752000,-0.038787156,-34.46698,-4.901749,-0.090406194,-4.854501,-0.06958292
73772000,-0.040613607,-34.563515,-4.903169,-0.091322444,-4.8267193,-0.07100884
73792000,-0.042456713,-34.659508,-4.904618,-0.092155315,-4.799698,-0.07243379
73812000,-0.04431333,-34.75498,-4.9060955,-0.09283086,-4.773578,-0.07386356
73832000,-0.046182945,-34.849945,-4.907601,-0.09348091,-4.7483697,-0.0752843
73852000,-0.048061885,-34.944424,-4.9091344,-0.093946874,-4.723801,-0.07667188
73872000,-0.049947716,-35.038425,-4.910695,-0.094291635,-4.7001166,-0.07804339
73888000,-0.05146141,-35.113297,-4.9119635,-0.094605714,-4.6795807,-0.0792663
73908000,-0.05335674,-35.20649,-4.9135723,-0.094766565,-4.659487,-0.08044406
73928000,-0.0552533,-35.299248,-4.9152064,-0.09482798,-4.6379924,-0.08170797
73948000,-0.057148,-35.391594,-4.916865,-0.09473493,-4.617266,-0.08290696
73968000,-0.059034437,-35.483543,-4.9185457,-0.094321944,-4.5975122,-0.084049955
73988000,-0.060910895,-35.57511,-4.920248,-0.09382286,-4.578424,-0.08512168
74008000,-0.06277472,-35.666313,-4.921971,-0.0931912,-4.560126,-0.0861279
74028000,-0.06462392,-35.757164,-4.9237123,-0.09246024,-4.542487,-0.087068155
74048000,-0.066453926,-35.84768,-4.925471,-0.09150031,-4.525819,-0.08794539
74068000,-0.0682634,-35.937874,-4.9272456,-0.090473376,-4.5097127,-0.08873785
74088000,-0.070046514,-36.027763,-4.929035,-0.089155875,-4.494502,-0.0894635
74108000,-0.07180003,-36.117363,-4.9308376,-0.08767594,-4.4799366,-0.09011975
74128000,-0.07352023,-36.206684,-4.9326515,-0.0860099,-4.4660707,-0.09070474
74148000,-0.075205006,-36.295742,-4.934476,-0.084238775,-4.4528522,-0.091219
74168000,-0.07685089,-36.384552,-4.936309,-0.08229431,-4.4404244,-0.09166085
74188000,-0.07845401,-36.47312,-4.93815,-0.08015608,-4.428521,-0.092030704
74208000,-0.08001034,-36.56147,-4.9399962,-0.077816315,-4.417517,-0.092327535
74228000,-0.0815182,-36.649612,-4.9418473,-0.075393125,-4.4071336,-0.09254507
74248000,-0.08297198,-36.73756,-4.943701,-0.07268913,-4.397349,-0.09268044
74268000,-0.08436849,-36.82532,-4.9455557,-0.06982507,-4.3880725,-0.09274374
74288000,-0.085706696,-36.912914,-4.9474106,-0.06691058,-4.3795786,-0.09274261
74308000,-0.0869868,-37.000347,-4.949264,-0.0640052,-4.3716984,-0.092679344
74328000,-0.088205874,-37.087635,-4.951115,-0.060953487,-4.3644605,-0.09255152
74348000,-0.08935951,-37.17479,-4.9529624,-0.057681907,-4.3577156,-0.09237251
74368000,-0.09044726,-37.261826,-4.9548054,-0.054387625,-4.351642,-0.09214231
74388000,-0.09146787,-37.348747,-4.9566426,-0.05103036,-4.346186,-0.09185808
74408000,-0.09241926,-37.435574,-4.958473,-0.04756935,-4.3412457,-0.09152752
74428000,-0.09330074,-37.52231,-4.960296,-0.0440742,-4.3368044,-0.091155104
74448000,-0.09411499,-37.608967,-4.962111,-0.040712237,-4.3329377,-0.09074203
74468000,-0.094855286,-37.69556,-4.963917,-0.037014846,-4.329589,-0.09028593
74488000,-0.095523134,-37.782097,-4.9657125,-0.033392485,-4.326815,-0.08978272
74508000,-0.096118905,-37.868584,-4.9674973,-0.029788757,-4.3243985,-0.08925041
74528000,-0.09664009,-37.955032,-4.969271,-0.026059095,-4.322431,-0.08869567
74548000,-0.097083755,-38.04145,-4.9710336,-0.022183197,-4.32099,-0.08811502
74568000,-0.09745106,-38.127853,-4.9727836,-0.01836551,-4.3200874,-0.0875011
74588000,-0.0977408,-38.214245,-4.9745207,-0.014486793,-4.319622,-0.08685105
74608000,-0.09795897,-38.300636,-4.9762444,-0.010908462,-4.3195624,-0.08617632
74628000,-0.0981036,-38.38703,-4.977954,-0.007231414,-4.3197775,-0.08547449
74648000,-0.09817563,-38.47344,-4.9796486,-0.0036015844,-4.3203382,-0.08474259
74668000,-0.09817263,-38.559864,-4.981328,0.00015018685,-4.321305,-0.08397668
74688000,-0.09809681,-38.646317,-4.9829917,0.003790671,-4.3226156,-0.083183154
74708000,-0.09795126,-38.7328,-4.984639,0.007277429,-4.3241186,-0.08237407
74728000,-0.097738795,-38.81932,-4.98627,0.010623361,-4.325978,-0.08152607
74748000,-0.09745752,-38.905884,-4.9878826,0.01406384,-4.328116,-0.08064516
74768000,-0.09710706,-38.992493,-4.9894776,0.017523058,-4.3304625,-0.079746716
74788000,-0.09668901,-39.079155,-4.991054,0.020902585,-4.333113,-0.07882743
74808000,-0.09620891,-39.165874,-4.992612,0.024004731,-4.3360405,-0.07789185
74828000,-0.095665,-39.25266,-4.9941506,0.027195597,-4.3391185,-0.076937504
74848000,-0.095059544,-39.339508,-4.99567,0.030272806,-4.3424616,-0.07595104
74868000,-0.09439497,-39.426426,-4.9971685,0.03322888,-4.346006,-0.074933045
74888000,-0.09367077,-39.51342,-4.998646,0.036209762,-4.349764,-0.07387448
74908000,-0.09288858,-39.6005,-5.0001016,0.039109446,-4.3538,-0.07277175
74928000,-0.092053145,-39.68766,-5.001534,0.04177172,-4.358052,-0.07163128
74948000,-0.091164045,-39.774906,-5.0029435,0.04445518,-4.3623505,-0.07047111
74968000,-0.09022307,-39.862244,-5.004329,0.047048744,-4.366846,-0.0692819
74988000,-0.08923326,-39.949677,-5.0056906,0.049490664,-4.371607,-0.06806756
75008000,-0.08819524,-40.037205,-5.007027,0.051900767,-4.376539,-0.066845104
75028000,-0.087109506,-40.124836,-5.00834,0.054286752,-4.381475,-0.06563827
75048000,-0.085980035,-40.212566,-5.009629,0.056473654,-4.3864965,-0.0644373
75068000,-0.08480708,-40.3004,-5.0108933,0.058647566,-4.391689,-0.06322048
75088000,-0.083592065,-40.38834,-5.012133,0.060750727,-4.3970337,-0.06199492
75108000,-0.08233635,-40.47639,-5.0133486,0.062785774,-4.402527,-0.06076352
75124000,-0.08130292,-40.54691,-5.0143027,0.064589605,-4.4075027,-0.059652284
75144000,-0.079975665,-40.635155,-5.015474,0.066362545,-4.4123235,-0.058541324
75164000,-0.07861112,-40.723515,-5.0166187,0.068227254,-4.4178896,-0.057263866
75184000,-0.0772123,-40.81199,-5.0177374,0.06994119,-4.423791,-0.05593318
75204000,-0.07577931,-40.900585,-5.018829,0.07164935,-4.4297214,-0.054557156
75224000,-0.07431394,-40.989296,-5.0198917,0.07326842,-4.4356027,-0.05313939
75244000,-0.07281957,-41.078125,-5.0209255,0.07471864,-4.4413733,-0.05169176
75264000,-0.071296304,-41.167065,-5.0219297,0.0761633,-4.447099,-0.05021645
75284000,-0.069739595,-41.256126,-5.022904,0.07783554,-4.452952,-0.048700824
75304000,-0.068153,-41.345303,-5.0238466,0.07932937,-4.458896,-0.04714452
75324000,-0.06653858,-41.4346,-5.024758,0.080721185,-4.464816,-0.045559682
75344000,-0.06489777,-41.524014,-5.025637,0.08204072,-4.470615,-0.043960884
75364000,-0.06323288,-41.61354,-5.026484,0.08324464,-4.4763556,-0.04235283
75384000,-0.061543833,-41.703182,-5.027299,0.084451996,-4.4821258,-0.040738467
75404000,-0.059829205,-41.79294,-5.0280814,0.08573147,-4.4878736,-0.039134763
75424000,-0.058091052,-41.882812,-5.028832,0.086907625,-4.493723,-0.03753084
75444000,-0.05633424,-41.9728,-5.029551,0.08784072,-4.499482,-0.03594488
75464000,-0.054560106,-42.062904,-5.0302386,0.08870647,-4.5050836,-0.03438749
75484000,-0.052768044,-42.153122,-5.0308957,0.089603126,-4.510796,-0.032837167
75504000,-0.05096016,-42.243446,-5.031522,0.09039424,-4.5163574,-0.031318355
75520000,-0.04950195,-42.31579,-5.0320015,0.091138035,-4.521325,-0.029968455
75540000,-0.047666233,-42.40631,-5.032574,0.09178593,-4.5261846,-0.028647188
75560000,-0.04582495,-42.496952,-5.03311,0.09206416,-4.531915,-0.026787965
75580000,-0.043995276,-42.587757,-5.0335755,0.091483645,-4.5402827,-0.023281276
75600000,-0.042197466,-42.67879,-5.033928,0.089890584,-4.5518126,-0.017606424
75620000,-0.040431734,-42.770058,-5.034115,0.088286586,-4.5632954,-0.009360903
75640000,-0.03868691,-42.861504,-5.0340943,0.08724116,-4.572207,0.0010470883
75660000,-0.036951568,-42.95306,-5.033817,0.086767204,-4.577801,0.013875607
75680000,-0.03521168,-43.044678,-5.0332413,0.0869943,-4.5810366,0.028774217
75700000,-0.033457875,-43.136333,-5.03232,0.08769017,-4.5826235,0.046061985
75720000,-0.031683415,-43.227993,-5.0310116,0.08872303,-4.583068,0.065423064
75740000,-0.029887764,-43.31965,-5.0292683,0.08978264,-4.582683,0.08715641
75760000,-0.028068561,-43.411285,-5.0270596,0.09096014,-4.5818763,0.11044626
75780000,-0.026226496,-43.502895,-5.024346,0.09210325,-4.580502,0.13568546
75800000,-0.02436041,-43.59447,-5.021098,0.09330428,-4.5787807,0.16236657
75820000,-0.022470163,-43.68601,-5.0172796,0.09451238,-4.5768747,0.19094178
75840000,-0.0205578,-43.777504,-5.0128636,0.095618114,-4.574795,0.22080383
75860000,-0.018621039,-43.868958,-5.0078135,0.0968381,-4.5727096,0.25250193
75896000,-0.015076114,-44.033478,-4.9970417,0.099013016,-4.569072,0.31652758
75916000,-0.01307849,-44.124825,-4.9900723,0.09988119,-4.567348,0.34845814
75936000,-0.01106505,-44.216133,-4.9823594,0.10067201,-4.565379,0.38566035
75956000,-0.009036393,-44.307404,-4.973884,0.10143282,-4.5635843,0.42375
75976000,-0.0069938675,-44.398643,-4.964637,0.102126285,-4.5620027,0.4623821
75996000,-0.0049414085,-44.48986,-4.954659,0.102622956,-4.5608644,0.49888355
76016000,-0.0028813477,-44.581066,-4.944012,0.10300304,-4.560296,0.53232884
76036000,-0.000815505,-44.672264,-4.932771,0.10329213,-4.5597916,0.5620494
76056000,0.0012532106,-44.763462,-4.921002,0.10343578,-4.559891,0.58848155
76076000,0.0033244516,-44.854668,-4.9087734,0.10356205,-4.5602922,0.61140454
76096000,0.005400466,-44.945885,-4.896148,0.10380072,-4.560865,0.631266
76116000,0.0074770246,-45.03712,-4.883189,0.10382792,-4.5618258,0.6479579
76136000,0.009547605,-45.128384,-4.8699517,0.10352906,-4.5631747,0.66188
76156000,0.011614342,-45.21968,-4.856493,0.10333685,-4.564867,0.6729384
76176000,0.013672845,-45.31102,-4.8428636,0.10292517,-4.566953,0.6814726
76196000,0.015722722,-45.402412,-4.829115,0.10249377,-4.5695424,0.6874322
76216000,0.01775817,-45.49386,-4.8152943,0.101772465,-4.572339,0.69101256
76236000,0.019776348,-45.585365,-4.801451,0.10090884,-4.575281,0.69216526
76256000,0.021771008,-45.676926,-4.7876315,0.099733055,-4.5780644,0.6909906
76276000,0.02374226,-45.76855,-4.773876,0.09856261,-4.5813336,0.6877667
76296000,0.0256834,-45.86029,-4.760216,0.09705695,-4.5869336,0.68299615
76316000,0.02759065,-45.952213,-4.746678,0.09536245,-4.596152,0.67691696
76336000,0.029454175,-46.044376,-4.7332873,0.09317637,-4.608124,0.66952676
76356000,0.031270005,-46.136826,-4.7200694,0.09079149,-4.622399,0.66089195
76376000,0.03303301,-46.229588,-4.7070484,0.08815017,-4.6382427,0.65105623
76396000,0.03474138,-46.32269,-4.694234,0.085418575,-4.655072,0.6407254
76416000,0.036377944,-46.416134,-4.681609,0.08182817,-4.672136,0.6312308
76436000,0.037912153,-46.50991,-4.669154,0.0767105,-4.6889243,0.6227575
76456000,0.039311595,-46.60402,-4.6568394,0.06997204,-4.7053895,0.61572886
76476000,0.04055557,-46.69845,-4.6446385,0.062198684,-4.7214274,0.61004627
76496000,0.04165277,-46.793175,-4.6325293,0.05486002,-4.736437,0.6054488
76516000,0.04263024,-46.88817,-4.620504,0.048873495,-4.74951,0.6012872
76536000,0.04351563,-46.983376,-4.608547,0.04426954,-4.7604766,0.59781927
76556000,0.044329938,-47.07877,-4.596647,0.040715307,-4.769706,0.59502447
76576000,0.04508607,-47.17432,-4.5847898,0.037806787,-4.7775435,0.5928558
76596000,0.045792792,-47.270008,-4.57297,0.035335936,-4.7842975,0.5910019
76616000,0.04645759,-47.365814,-4.561175,0.033239912,-4.7903194,0.58973306
76636000,0.04708715,-47.461727,-4.5493965,0.031478055,-4.795727,0.5889306
76656000,0.047689814,-47.557743,-4.5376253,0.03013321,-4.800775,0.58855045
76676000,0.048271477,-47.653854,-4.5258617,0.029083088,-4.8054914,0.58817554
76696000,0.04883246,-47.750053,-4.5140963,0.028049326,-4.8100452,0.5882762
76716000,0.0493756,-47.846344,-4.5023212,0.027157014,-4.8144355,0.58875304
76736000,0.049904436,-47.942715,-4.4905314,0.026441602,-4.8185716,0.5894898
76756000,0.050421495,-48.039165,-4.4787292,0.025853017,-4.8225493,0.5901224
76776000,0.050928697,-48.135693,-4.466906,0.025360053,-4.8263674,0.5911551
76796000,0.05142971,-48.2323,-4.455057,0.025050841,-4.8303733,0.5924321
76816000,0.051924214,-48.32899,-4.4431796,0.02472499,-4.834451,0.5938913
76836000,0.052412793,-48.425755,-4.4312763,0.02442897,-4.838312,0.5951544
76856000,0.052898213,-48.5226,-4.419341,0.024271024,-4.8421154,0.5967633
76876000,0.05338235,-48.61952,-4.4073725,0.024206866,-4.8459997,0.59844315
76896000,0.05386545,-48.71652,-4.3953676,0.024155011,-4.8500786,0.60022336
76916000,0.05434833,-48.813602,-4.383333,0.024144072,-4.8541007,0.6017388
76936000,0.054830354,-48.910763,-4.3712635,0.024101201,-4.858131,0.6034686
76956000,0.05530951,-49.008007,-4.359158,0.023957895,-4.8621726,0.6052868
76976000,0.055786617,-49.105335,-4.347014,0.023855133,-4.866299,0.60721046
76996000,0.056266878,-49.202744,-4.3348355,0.024013039,-4.87058,0.60890895
77016000,0.056747228,-49.30024,-4.3226185,0.024017537,-4.8748035,0.6108435
77036000,0.057227015,-49.39782,-4.3103623,0.023989439,-4.878997,0.6128113
77056000,0.05770651,-49.495487,-4.2980657,0.023974627,-4.88332,0.6148294
77076000,0.058186986,-49.593243,-4.285734,0.024023896,-4.887817,0.6165771
77096000,0.058667354,-49.69109,-4.2733636,0.024018291,-4.892223,0.61853117
77116000,0.05914628,-49.789024,-4.260954,0.02394649,-4.89672,0.62049776
77136000,0.059623383,-49.887047,-4.2485027,0.023854984,-4.901218,0.62254196
77156000,0.06009838,-49.985157,-4.236016,0.023749968,-4.905559,0.6243503
77176000,0.060573477,-50.08336,-4.2234893,0.023754843,-4.910092,0.6263251
77196000,0.061048295,-50.181656,-4.210925,0.023740787,-4.914791,0.62821627
77216000,0.061522864,-50.28005,-4.198321,0.023728404,-4.9195375,0.6302153
77236000,0.061999805,-50.378532,-4.1856794,0.023847075,-4.924361,0.6320608
77256000,0.06247934,-50.47712,-4.172999,0.023976784,-4.929255,0.6340262
77276000,0.06295954,-50.575798,-4.1602826,0.024010062,-4.933965,0.63582665
77296000,0.063440755,-50.674576,-4.1475277,0.024060892,-4.938821,0.63774323
77316000,0.06392641,-50.773457,-4.134737,0.024282586,-4.9439983,0.63952357
77336000,0.064417906,-50.872437,-4.121909,0.02457465,-4.949146,0.6413926
77356000,0.06491023,-50.971523,-4.109048,0.024616508,-4.9542346,0.6430713
77376000,0.06540649,-51.070713,-4.096151,0.02481281,-4.9594755,0.64484024
77396000,0.065907806,-51.17001,-4.0832224,0.025065802,-4.964942,0.64644134
77416000,0.06641306,-51.269417,-4.07026,0.025262756,-4.9703975,0.64811325
77436000,0.066922165,-51.368935,-4.057268,0.025455372,-4.975798,0.6495862
77456000,0.06743758,-51.46856,-4.0442452,0.025770826,-4.9813166,0.6511531
77476000,0.06795919,-51.5683,-4.0311885,0.02608018,-4.986915,0.65283716
77496000,0.06848101,-51.66815,-4.0181017,0.026091352,-4.992699,0.65433586
77516000,0.06900181,-51.76812,-4.0049915,0.026039626,-4.998416,0.6555157
77536000,0.069522,-51.868206,-3.9918566,0.026009632,-5.0041842,0.6567431
77556000,0.07004208,-51.968403,-3.9787014,0.026004013,-5.009928,0.65775925
77576000,0.07055973,-52.068718,-3.9655242,0.025882592,-5.01579,0.6588567
77596000,0.07107249,-52.169155,-3.952329,0.025637966,-5.021748,0.659768
77616000,0.071580425,-52.269707,-3.939114,0.02539668,-5.027559,0.6607409
77636000,0.07208111,-52.370373,-3.9258835,0.02503445,-5.033312,0.66152984
77656000,0.07257508,-52.471157,-3.912635,0.024698019,-5.0392804,0.6624228
77676000,0.07306487,-52.572063,-3.899372,0.024489986,-5.045353,0.66314703
77696000,0.07354701,-52.673088,-3.8860934,0.024106834,-5.0511827,0.66393787
77716000,0.074016444,-52.774227,-3.872802,0.023471745,-5.05696,0.66456926
77736000,0.074472696,-52.87548,-3.8594959,0.022812488,-5.062685,0.66530794
77756000,0.07491748,-52.97685,-3.8461776,0.022239212,-5.0684624,0.6659101
77776000,0.07535004,-53.07834,-3.8328447,0.021627884,-5.0743785,0.66664654
77796000,0.07576839,-53.179943,-3.8195,0.020917607,-5.08017,0.667235
77816000,0.07617336,-53.28166,-3.8061411,0.02024855,-5.0858784,0.6679439
77836000,0.076562576,-53.38349,-3.7927706,0.019460663,-5.0916605,0.66852254
77856000,0.07693603,-53.48544,-3.7793863,0.01867279,-5.0974326,0.66921884
77876000,0.07729282,-53.5875,-3.765991,0.017839523,-5.1030416,0.66976124
77896000,0.07763103,-53.68967,-3.752582,0.016910197,-5.1085277,0.6704415
77916000,0.07795513,-53.79195,-3.7391615,0.01620511,-5.113926,0.6710361
77936000,0.078263395,-53.894337,-3.7257273,0.015413532,-5.119393,0.67170626
77956000,0.07855217,-53.99684,-3.7122827,0.014438745,-5.1250978,0.67222923
77976000,0.07882428,-54.099453,-3.698825,0.013605346,-5.1306634,0.67289567
77996000,0.07907899,-54.202175,-3.6853576,0.012735457,-5.13602,0.6733594
78016000,0.07931693,-54.305004,-3.671879,0.0118968645,-5.1414576,0.6739355
78036000,0.079540074,-54.40794,-3.6583915,0.01115753,-5.146857,0.67437226
78056000,0.07974658,-54.510986,-3.6448927,0.010325401,-5.1523366,0.6749435
78076000,0.07993639,-54.614143,-3.6313848,0.009490417,-5.157731,0.6753877
78096000,0.08010967,-54.717403,-3.6178656,0.008663866,-5.163134,0.67596513
78116000,0.08027258,-54.820774,-3.6043377,0.008145554,-5.168417,0.6763987
78136000,0.08042675,-54.924248,-3.5907986,0.0077085276,-5.173678,0.67695105
78156000,0.08056678,-55.027824,-3.5772514,0.007001552,-5.1788554,0.67735696
78176000,0.0806942,-55.131508,-3.5636935,0.0063707563,-5.1841264,0.6778917
78196000,0.08081056,-55.235294,-3.550128,0.005818273,-5.189409,0.67828685
78216000,0.080920756,-55.339188,-3.536552,0.005509468,-5.194632,0.67879105
78236000,0.08102394,-55.443184,-3.522969,0.005159373,-5.1998706,0.6791506
78256000,0.08111997,-55.547287,-3.5093765,0.0048014163,-5.205051,0.679623
78276000,0.08120887,-55.65149,-3.4957778,0.004444911,-5.210108,0.6799387
78296000,0.081292495,-55.75579,-3.4821706,0.0041812626,-5.215131,0.6803658
78316000,0.08137192,-55.86019,-3.4685574,0.0039713928,-5.2200766,0.68065256
78336000,0.081449464,-55.96469,-3.454937,0.0038772118,-5.225012,0.681024
78356000,0.0815252,-56.069294,-3.4413118,0.0037866312,-5.2300296,0.681256
78376000,0.081599966,-56.173996,-3.427679,0.003738442,-5.235142,0.68164325
78396000,0.081676856,-56.278797,-3.4140413,0.0038444,-5.2401047,0.6818867
78416000,0.0817554,-56.3837,-3.4003968,0.0039272318,-5.245168,0.6822257
78436000,0.08183587,-56.488705,-3.3867483,0.0040236786,-5.250269,0.6824245
78456000,0.08191959,-56.593815,-3.3730927,0.00418588,-5.25548,0.68277895
78476000,0.08200621,-56.699028,-3.359433,0.0043311226,-5.2606087,0.68298656
78496000,0.082096145,-56.804344,-3.3457665,0.0044965167,-5.2659016,0.6833176
78516000,0.08219166,-56.90977,-3.3320963,0.004775923,-5.2712235,0.6835071
78536000,0.08229332,-57.0153,-3.3184202,0.0050827977,-5.276459,0.6838071
78556000,0.08240216,-57.12093,-3.3047411,0.0054424456,-5.281576,0.6839546
78576000,0.0825175,-57.22667,-3.2910566,0.005766628,-5.2868443,0.68422616
78596000,0.082642995,-57.33251,-3.2773697,0.006275014,-5.2921233,0.6843524
78616000,0.08277824,-57.43846,-3.2636774,0.0067620412,-5.297538,0.68460923
78636000,0.08292205,-57.544518,-3.249983,0.007190502,-5.302912,0.6847186
78656000,0.0830745,-57.650684,-3.2362845,0.007622667,-5.30821,0.6849296
78676000,0.083234936,-57.756958,-3.2225845,0.00802164,-5.313682,0.68500376
78696000,0.08340658,-57.86334,-3.2088807,0.008582321,-5.3191056,0.6851822
78716000,0.083589405,-57.969833,-3.1951764,0.009141221,-5.3246284,0.6852219
78736000,0.08378157,-58.07643,-3.181469,0.009608204,-5.330034,0.68536335
78756000,0.08398303,-58.183144,-3.1677616,0.010072808,-5.3354855,0.68537223
78776000,0.08419349,-58.289963,-3.1540504,0.010523055,-5.3411136,0.6855608
78796000,0.08441171,-58.396896,-3.140332,0.010911246,-5.346644,0.68592405
78816000,0.08463472,-58.50394,-3.1266077,0.011150407,-5.352098,0.6862138
78836000,0.08486582,-58.61109,-3.1128747,0.011555098,-5.357598,0.6866455
78856000,0.08510393,-58.718357,-3.0991356,0.011905173,-5.3632226,0.6869567
78876000,0.085347846,-58.825733,-3.085388,0.012195978,-5.3688326,0.68738335
78896000,0.08559869,-58.933224,-3.0716364,0.0125424,-5.3745084,0.6875711
78916000,0.085856386,-59.040825,-3.0578804,0.012884469,-5.3801365,0.6878105
78936000,0.08611981,-59.148544,-3.0441198,0.013171374,-5.3859477,0.68802
78956000,0.086387105,-59.256382,-3.0303507,0.013364753,-5.391805,0.6884564
78976000,0.086658336,-59.36433,-3.0165727,0.013561418,-5.397587,0.68890667
78996000,0.0869336,-59.472397,-3.0027852,0.013763317,-5.403318,0.689371
79016000,0.08721012,-59.580578,-2.988993,0.013825887,-5.4090104,0.6896197
79036000,0.08748632,-59.688877,-2.975193,0.013810116,-5.4148855,0.68999094
79056000,0.087764986,-59.797295,-2.9613879,0.013933351,-5.4208856,0.6902523
79076000,0.088043496,-59.90583,-2.947575,0.013925594,-5.426801,0.6906404
79092000,0.08826667,-59.992744,-2.9365206,0.013948186,-5.432216,0.6909066
79112000,0.08854595,-60.101498,-2.9226935,0.0139639545,-5.4376397,0.6913596
79132000,0.08882311,-60.21037,-2.908858,0.013858132,-5.44351,0.6917747
79152000,0.089099966,-60.31936,-2.8950129,0.013842786,-5.4495163,0.6922539
79172000,0.08937473,-60.428474,-2.8811586,0.013737946,-5.4558144,0.6927151
79192000,0.08964887,-60.537716,-2.8672938,0.013707176,-5.462039,0.69324255
79212000,0.08992616,-60.64708,-2.8534188,0.0138645265,-5.4682536,0.6937479
79232000,0.090203814,-60.75657,-2.8395321,0.013882749,-5.474353,0.69433343
79252000,0.09047872,-60.866177,-2.8256342,0.013745295,-5.4803886,0.6948915
79272000,0.09075172,-60.975906,-2.811723,0.013649895,-5.4865932,0.6955645
79292000,0.09102409,-61.085766,-2.7977986,0.013618845,-5.4928203,0.6962176
79312000,0.091297455,-61.195744,-2.7838595,0.013667897,-5.499036,0.69696075
79332000,0.09157315,-61.305855,-2.7699056,0.013784671,-5.505427,0.69769466
79352000,0.09184623,-61.416084,-2.7559357,0.013653856,-5.511628,0.6984914
79372000,0.09211661,-61.526443,-2.7419505,0.013519131,-5.5178094,0.6992535
79392000,0.09238268,-61.63692,-2.727949,0.013303422,-5.523903,0.7000816
79412000,0.09264743,-61.74752,-2.7139318,0.013237983,-5.530042,0.7008585
79432000,0.0929113,-61.85825,-2.6998978,0.013193256,-5.5363436,0.70170313
79452000,0.09317043,-61.9691,-2.6858482,0.01295631,-5.542564,0.70247585
79472000,0.09342438,-62.080074,-2.6717825,0.012697775,-5.548683,0.7032881
79492000,0.09367331,-62.19117,-2.657702,0.012446317,-5.554848,0.7040251
79512000,0.0939159,-62.30239,-2.6436057,0.012129749,-5.5610523,0.70481306
79532000,0.09415526,-62.41373,-2.6294954,0.011967734,-5.567078,0.705511
79552000,0.09438779,-62.525192,-2.6153705,0.011626662,-5.573077,0.70624995
79572000,0.09461127,-62.63678,-2.601232,0.011174129,-5.5792623,0.7069233
79592000,0.09482578,-62.74849,-2.5870798,0.010725436,-5.585415,0.70761466
79612000,0.095031865,-62.860317,-2.5729172,0.010304273,-5.591464,0.70812374
79632000,0.09522759,-62.972267,-2.558743,0.009786123,-5.5974503,0.7087107
79652000,0.09541402,-63.084335,-2.5445578,0.009321419,-5.603477,0.7092614
79672000,0.095590614,-63.196526,-2.5303605,0.0088299075,-5.6095448,0.70986384
79692000,0.09575185,-63.308838,-2.5161529,0.00806174,-5.615654,0.7103791
79712000,0.095897846,-63.421272,-2.5019348,0.0072996137,-5.6217017,0.7109079
79732000,0.09603186,-63.533825,-2.4877083,0.0067008426,-5.627594,0.7113245
79752000,0.09615284,-63.646496,-2.4734728,0.006049114,-5.6334743,0.71176994
79772000,0.096258014,-63.759285,-2.4592304,0.0052585667,-5.6394305,0.7121248
79792000,0.096346885,-63.87219,-2.4449806,0.004443606,-5.6453085,0.71249515
79812000,0.09641857,-63.98521,-2.4307253,0.0035840757,-5.6510797,0.71276
79832000,0.096474394,-64.09835,-2.4164639,0.0027912795,-5.6569724,0.71307063
79852000,0.09651477,-64.21161,-2.4021978,0.00201886,-5.6629124,0.71330607
79872000,0.09654023,-64.32498,-2.3879263,0.0012729366,-5.668777,0.7135776
79892000,0.096551895,-64.43848,-2.373651,0.00058342615,-5.67457,0.713759
79912000,0.09654973,-64.552086,-2.3593714,-0.000108481625,-5.6804004,0.7139806
79932000,0.0965311,-64.66581,-2.3450892,-0.0009315128,-5.6862154,0.7141138
79952000,0.0964952,-64.77965,-2.3308036,-0.0017946396,-5.691952,0.71427107
79972000,0.09644376,-64.8936,-2.3165166,-0.0025722655,-5.697815,0.71435153
79992000,0.09637694,-65.007675,-2.3022277,-0.0033408715,-5.7035704,0.71445125
80012000,0.096294105,-65.12186,-2.2879388,-0.004141989,-5.7092113,0.71444684
80032000,0.09619359,-65.23616,-2.2736492,-0.005025538,-5.714963,0.7144733
80052000,0.096077144,-65.35057,-2.259361,-0.005822206,-5.7206583,0.71441174
80072000,0.09594629,-65.465096,-2.245074,-0.0065428116,-5.726194,0.71434635
80092000,0.0958003,-65.579735,-2.2307906,-0.0072993,-5.7318606,0.71417826
80112000,0.09563836,-65.69448,-2.21651,-0.00809759,-5.737461,0.71402144
80132000,0.09546286,-65.80934,-2.202235,-0.008774666,-5.7430964,0.7137597
80152000,0.09527377,-65.92432,-2.1879647,-0.009454567,-5.7487144,0.7135174
80172000,0.0950726,-66.039406,-2.1737013,-0.010058561,-5.7542343,0.71316653
80192000,0.09485699,-66.154594,-2.1594446,-0.010780144,-5.759724,0.7128385
80212000,0.09462944,-66.269905,-2.1451957,-0.011377829,-5.7652984,0.71244067
80232000,0.09439239,-66.38532,-2.1309536,-0.011852319,-5.7709384,0.71210563
80252000,0.094144545,-66.500854,-2.116719,-0.012392202,-5.7766733,0.7117289
80272000,0.09388663,-66.6165,-2.102491,-0.0128961345,-5.782244,0.7114032
80292000,0.09362048,-66.732254,-2.0882704,-0.013307476,-5.7877684,0.71102697
80312000,0.09334509,-66.84812,-2.0740561,-0.013769395,-5.7931933,0.71071476
80332000,0.09306408,-66.964096,-2.0598488,-0.014050436,-5.7986374,0.7103671
80352000,0.092778444,-67.08018,-2.0456467,-0.014281634,-5.804236,0.7101055
80372000,0.09248774,-67.19637,-2.031451,-0.014535443,-5.8097286,0.7097852
80392000,0.092195116,-67.312675,-2.0172603,-0.014631235,-5.8151636,0.7095313
80412000,0.09189711,-67.429085,-2.0030758,-0.014900141,-5.8205376,0.7092256
80432000,0.09159276,-67.5456,-1.9888961,-0.015217441,-5.825859,0.7089849
80452000,0.0912855,-67.66223,-1.974722,-0.015363341,-5.8313065,0.7087041
80472000,0.090977386,-67.77896,-1.9605523,-0.015405623,-5.836643,0.7084818
80492000,0.09066857,-67.8958,-1.946388,-0.015440788,-5.841973,0.7082174
80512000,0.09035659,-68.01275,-1.9322273,-0.01559876,-5.847351,0.70803744
80532000,0.09004588,-68.12981,-1.9180707,-0.015535552,-5.852843,0.7078299
80552000,0.08974007,-68.24697,-1.9039171,-0.015290529,-5.858188,0.7076815
80572000,0.08943473,-68.364235,-1.8897675,-0.015267137,-5.8633933,0.7074771
80592000,0.08913124,-68.48161,-1.8756204,-0.01517421,-5.8687034,0.70735407
80612000,0.08883268,-68.59909,-1.8614769,-0.014928122,-5.8739986,0.707174
80632000,0.08854085,-68.716675,-1.8473358,-0.014591461,-5.8793,0.7070537
80652000,0.088253,-68.83437,-1.8331984,-0.014392523,-5.884646,0.70687044
80672000,0.08796795,-68.95216,-1.8190644,-0.014252697,-5.889879,0.7067063
80692000,0.08768575,-69.07007,-1.8049355,-0.014109715,-5.8950987,0.7064466
80712000,0.08740945,-69.18808,-1.7908098,-0.013814841,-5.900348,0.7062836
80732000,0.087139204,-69.30619,-1.7766883,-0.013512415,-5.905615,0.706067
80752000,0.08687589,-69.42441,-1.7625701,-0.013165715,-5.9109373,0.70591164
80772000,0.086618446,-69.54273,-1.7484566,-0.012872234,-5.916164,0.7056765
80792000,0.08636278,-69.661156,-1.7343469,-0.012783331,-5.9213843,0.7054893
80812000,0.08611222,-69.779686,-1.7202423,-0.01252786,-5.926511,0.70523053
80832000,0.08586697,-69.89832,-1.7061409,-0.012262668,-5.9316025,0.7050695
80852000,0.08562611,-70.01706,-1.6920445,-0.012042843,-5.936795,0.70481735
80872000,0.08538918,-70.135895,-1.6779528,-0.0118466485,-5.9419518,0.7045867
80892000,0.0851551,-70.25484,-1.6638683,-0.01170418,-5.9471326,0.70421976
80912000,0.08492475,-70.373886,-1.6497931,-0.011517388,-5.9522133,0.7037621
80932000,0.08469911,-70.49303,-1.6357266,-0.011281982,-5.9572783,0.7033253
80952000,0.08447687,-70.612274,-1.621667,-0.011111806,-5.9624267,0.7029815
80972000,0.084258094,-70.73163,-1.6076144,-0.010939097,-5.9674993,0.70263016
80992000,0.08404395,-70.851074,-1.5935671,-0.010706995,-5.9725547,0.7023635
81012000,0.083831854,-70.970634,-1.5795263,-0.010605003,-5.9776754,0.7020422
81032000,0.083622135,-71.09029,-1.565491,-0.0104859555,-5.9827366,0.70176816
81052000,0.083414584,-71.21004,-1.5514625,-0.010377262,-5.987708,0.7014202
81072000,0.08321102,-71.329895,-1.5374398,-0.010178361,-5.9927354,0.7011368
81092000,0.08301174,-71.44985,-1.523424,-0.009964166,-5.997715,0.7007898
81112000,0.08281657,-71.5699,-1.5094137,-0.009758297,-6.002767,0.70051
81132000,0.08262295,-71.69006,-1.4954101,-0.009681024,-6.0080156,0.70018613
81152000,0.082432695,-71.810326,-1.4814122,-0.009512637,-6.0129933,0.69989204
81172000,0.08224555,-71.93069,-1.4674213,-0.009357207,-6.017944,0.6995434
81192000,0.08206171,-72.05115,-1.4534359,-0.009192215,-6.023027,0.699271
81212000,0.08188026,-72.17171,-1.4394567,-0.009072787,-6.028111,0.6989612
81228000,0.081737064,-72.26823,-1.4282757,-0.008949561,-6.032587,0.6988152
81248000,0.08156317,-72.38897,-1.4143032,-0.008694658,-6.0371685,0.6986214
81268000,0.08139402,-72.50982,-1.4003364,-0.008457477,-6.0422354,0.6983396
81288000,0.08122704,-72.63076,-1.3863748,-0.008348953,-6.0473676,0.69808084
81308000,0.08106146,-72.751816,-1.3724188,-0.008278874,-6.0525584,0.69780135
81328000,0.08090025,-72.87297,-1.3584688,-0.008060502,-6.0576963,0.69750017
81348000,0.0807428,-72.994225,-1.344524,-0.00787275,-6.0629034,0.6972389
81368000,0.08058522,-73.115585,-1.3305757,-0.007878878,-6.0680785,0.6974165
81388000,0.08042935,-73.23705,-1.3166224,-0.0077932314,-6.0733595,0.69766587
81408000,0.080275446,-73.35863,-1.3026648,-0.007695571,-6.078537,0.69788295
81428000,0.080122285,-73.4803,-1.2887024,-0.0076580746,-6.08373,0.69811434
81448000,0.079968736,-73.60208,-1.2747362,-0.0076773483,-6.0889707,0.69831395
81468000,0.07981667,-73.72396,-1.2607657,-0.0076031014,-6.0942054,0.69852585
81488000,0.079664335,-73.845955,-1.2467915,-0.0076170033,-6.099397,0.6987056
81508000,0.07951028,-73.96805,-1.2328128,-0.0077025006,-6.104757,0.69894004
81528000,0.07935886,-74.09025,-1.2188295,-0.007571213,-6.110079,0.6991574
81548000,0.07920696,-74.212555,-1.2048415,-0.0075951014,-6.1152143,0.69940066
81568000,0.079055324,-74.33496,-1.1908482,-0.007581544,-6.120546,0.6996652
81588000,0.078907646,-74.45748,-1.1768494,-0.007384091,-6.12582,0.699946
81608000,0.07876745,-74.5801,-1.1628473,-0.007009895,-6.1309853,0.70010453
81632000,0.0785964,-74.72739,-1.1460375,-0.0071268408,-6.1368346,0.70040506
81652000,0.07845001,-74.850235,-1.1320215,-0.0073197065,-6.142731,0.7007968
81672000,0.07830757,-74.9732,-1.1179987,-0.0071217897,-6.148105,0.70114404
81692000,0.0781667,-75.09627,-1.1039675,-0.0070434175,-6.1534443,0.701557
81712000,0.078025684,-75.219444,-1.0899297,-0.0070508034,-6.158633,0.7018939
81732000,0.07788352,-75.34272,-1.0758839,-0.007108214,-6.163818,0.70229065
81752000,0.07774086,-75.4661,-1.0618314,-0.0071329353,-6.1690297,0.7026277
81772000,0.07759827,-75.589584,-1.0477707,-0.0071299938,-6.174271,0.7030284
81792000,0.07745683,-75.71318,-1.0337031,-0.007071606,-6.1796236,0.70338047
81812000,0.07731505,-75.83687,-1.019628,-0.007089314,-6.1846232,0.7037535
81832000,0.077174574,-75.96066,-1.0055468,-0.0070235874,-6.1895623,0.70406544
81852000,0.07703263,-76.08456,-0.9914576,-0.0070969383,-6.1946707,0.70445967
81872000,0.07689086,-76.20855,-0.9773618,-0.007088492,-6.1996746,0.7047871
81892000,0.07674762,-76.332634,-0.96325946,-0.007162425,-6.2044134,0.705117
81912000,0.07660528,-76.456825,-0.94915193,-0.007116681,-6.209461,0.7053781
81932000,0.076461755,-76.581116,-0.9350375,-0.0071763997,-6.2146187,0.7057215
81952000,0.07631374,-76.705505,-0.920918,-0.007400604,-6.219499,0.7059758
81972000,0.07616446,-76.829994,-0.9067927,-0.0074641597,-6.22422,0.70626324
81992000,0.07601046,-76.954575,-0.8926632,-0.007700132,-6.2291,0.7064771
82012000,0.07585207,-77.079254,-0.8785287,-0.007919685,-6.234078,0.70672184
82032000,0.07569368,-77.20403,-0.8643919,-0.007918951,-6.2388773,0.7068387
82052000,0.07553364,-77.32891,-0.8502522,-0.008001976,-6.2437544,0.7069862
82072000,0.075372525,-77.45388,-0.83611137,-0.008055925,-6.248702,0.7070436
82092000,0.07520867,-77.57896,-0.82196873,-0.0081927115,-6.253623,0.7071303
82112000,0.07503994,-77.704124,-0.80782616,-0.008436602,-6.258554,0.707128
82132000,0.07486674,-77.8294,-0.79368263,-0.008659761,-6.2636056,0.7071766
82152000,0.074689515,-77.95477,-0.77953994,-0.008861352,-6.2686243,0.70713615
82172000,0.07450753,-78.080246,-0.76539713,-0.009099696,-6.273668,0.7071398
82192000,0.074318714,-78.20582,-0.75125575,-0.009440587,-6.278758,0.70706856
82212000,0.07412581,-78.3315,-0.73711497,-0.009645181,-6.283856,0.7070387
82232000,0.07392953,-78.457275,-0.72297615,-0.00981391,-6.289004,0.70694184
82252000,0.07372784,-78.58316,-0.7088381,-0.010084481,-6.2941384,0.706903
82272000,0.07352402,-78.709145,-0.6947024,-0.010190948,-6.2991443,0.70678526
82292000,0.07331647,-78.83522,-0.680568,-0.01037756,-6.3041253,0.7067215
82312000,0.07309951,-78.96141,-0.6664361,-0.010848131,-6.3092566,0.70659524
82332000,0.07287458,-79.08769,-0.6523067,-0.011246387,-6.3143144,0.70646995
82352000,0.07264149,-79.21408,-0.6381801,-0.011654489,-6.3193836,0.7063281
82372000,0.0724009,-79.34057,-0.6240548,-0.012029531,-6.3243403,0.70626456
82392000,0.07215207,-79.467155,-0.60993177,-0.012441645,-6.329301,0.70615166
82412000,0.071895,-79.59384,-0.59580964,-0.01285313,-6.3342667,0.7061076
82432000,0.071628325,-79.72063,-0.5816896,-0.013334151,-6.339182,0.706002
82452000,0.07135052,-79.84751,-0.567571,-0.013889894,-6.3441625,0.7059298
82472000,0.07106083,-79.97449,-0.55345374,-0.014484832,-6.349148,0.7058624
82492000,0.07076123,-80.10157,-0.53933585,-0.014979739,-6.3540306,0.70589477
82512000,0.070453405,-80.22875,-0.5252176,-0.015391416,-6.3590097,0.7059118
82532000,0.07013172,-80.35603,-0.5110972,-0.016084138,-6.364073,0.70602185
82552000,0.06979495,-80.483406,-0.49697593,-0.016838374,-6.3688016,0.706062
82572000,0.06944413,-80.61088,-0.48285204,-0.017541304,-6.373606,0.7061945
82592000,0.06908125,-80.73846,-0.4687256,-0.018143877,-6.378642,0.7063223
82612000,0.068701096,-80.86613,-0.45459542,-0.019007677,-6.3834887,0.70650905
82632000,0.06830346,-80.99389,-0.4404622,-0.019881725,-6.388307,0.70666
82652000,0.06789049,-81.12176,-0.42632404,-0.020648547,-6.393217,0.70690835
82672000,0.06746218,-81.24971,-0.41218212,-0.021415258,-6.3979597,0.70709527
82692000,0.06701966,-81.37777,-0.39803502,-0.022126349,-6.402712,0.70735526
82712000,0.06656437,-81.50592,-0.38388345,-0.022764444,-6.407546,0.70757914
82732000,0.06609287,-81.63417,-0.36972582,-0.02357498,-6.4124126,0.7078816
82752000,0.06560516,-81.76251,-0.3555633,-0.02438519,-6.4172034,0.7081256
82772000,0.06510491,-81.89095,-0.3413947,-0.025012754,-6.42201,0.70843
82792000,0.06459044,-82.019485,-0.32722172,-0.02572359,-6.426696,0.7086491
82812000,0.064060226,-82.14812,-0.3130434,-0.026510706,-6.4314666,0.7089175
82832000,0.06351458,-82.27684,-0.29886118,-0.027282026,-6.436305,0.7091104
82852000,0.0629591,-82.40566,-0.28467444,-0.027774421,-6.4411416,0.70933616
82872000,0.0623971,-82.534584,-0.27048525,-0.028099904,-6.445849,0.7094596
82892000,0.061827358,-82.66359,-0.25629315,-0.028486961,-6.450418,0.7096049
82912000,0.061246034,-82.792694,-0.24209952,-0.029066212,-6.4551463,0.7096818
82932000,0.060654685,-82.92189,-0.22790359,-0.029567456,-6.45992,0.7097965
82952000,0.060056716,-83.05118,-0.21370754,-0.02989847,-6.4645047,0.7098024
82972000,0.059454776,-83.180565,-0.19951051,-0.03009702,-6.469102,0.70985144
82992000,0.058846578,-83.310036,-0.18531409,-0.030409973,-6.473696,0.70982105
83012000,0.058231164,-83.4396,-0.17111753,-0.030770738,-6.47825,0.7098277
83032000,0.057612278,-83.56926,-0.15692215,-0.03094428,-6.4829874,0.7097693
83052000,0.056988843,-83.69901,-0.14272752,-0.031171722,-6.487553,0.7097315
83072000,0.056360293,-83.82886,-0.12853506,-0.03142745,-6.4921784,0.7096227
83092000,0.055728216,-83.95879,-0.11434396,-0.03160384,-6.496723,0.7095552
83112000,0.05509536,-84.08881,-0.10015573,-0.031642735,-6.501327,0.70941144
83128000,0.054589078,-84.1929,-0.08880709,-0.031642776,-6.505329,0.70929
83148000,0.053955577,-84.32308,-0.07462475,-0.031674933,-6.509124,0.70911705
83168000,0.05331971,-84.453354,-0.060446627,-0.031793278,-6.513415,0.70890623
83188000,0.052683894,-84.58371,-0.046272304,-0.031790935,-6.5177608,0.7087161
83208000,0.05205023,-84.71415,-0.032102488,-0.03168318,-6.52211,0.7084909
83228000,0.05142019,-84.84467,-0.017937291,-0.031502053,-6.5262403,0.7082597
83248000,0.050794866,-84.97528,-0.0037773862,-0.031266242,-6.5303273,0.7079953
83268000,0.05035573,-85.09905,0.0006018047,-0.02195686,-6.18855,0.21895954
83288000,0.050087225,-85.219505,-0.0014663909,-0.013425099,-6.02275,-0.10340978
83308000,0.049965143,-85.34227,-0.0027579186,-0.006104162,-6.1382494,-0.06457638
83328000,0.04981418,-85.46554,-0.0029754797,-0.0075480696,-6.1633134,-0.010878065
83348000,0.04964497,-85.58779,-0.0030964937,-0.0084605785,-6.112788,-0.006050698
83368000,0.04971494,-85.70753,-0.0042861826,0.0034985393,-5.9865108,-0.059484445
83388000,0.049765334,-85.82554,-0.0059440876,0.0025196006,-5.9008627,-0.08289524
83404000,0.04980991,-85.91921,-0.007389548,0.0027861195,-5.8541684,-0.09034127
83424000,0.04987264,-86.035416,-0.009312867,0.0031365105,-5.8102427,-0.096165985
83444000,0.049942214,-86.15052,-0.011418747,0.0034786891,-5.755294,-0.105293974
83460000,0.050011795,-86.24181,-0.013230821,0.0043486995,-5.705998,-0.11325465
83480000,0.0501428,-86.355,-0.015659358,0.0065502096,-5.659399,-0.12142686
83500000,0.05029399,-86.46701,-0.018319158,0.007559627,-5.6004076,-0.13298993
83520000,0.050502274,-86.57789,-0.021219067,0.010414166,-5.5439625,-0.14499551
83540000,0.050769128,-86.687675,-0.024341712,0.013342696,-5.4890614,-0.15613219
83560000,0.05110456,-86.79624,-0.027762648,0.016771723,-5.4283404,-0.17104682
83580000,0.051527735,-86.90359,-0.03150316,0.021158611,-5.367468,-0.18702556
83600000,0.052056424,-87.00971,-0.035589833,0.026434451,-5.306021,-0.20433371
83620000,0.05273275,-87.114716,-0.039986294,0.033816457,-5.250287,-0.21982299
83640000,0.053553436,-87.218475,-0.044785265,0.041034248,-5.1880293,-0.23994851
