timestamp,x,y,z,vx,vy,vz
6588000,0.00011942367,-8.273201e-05,0.00016415707,0.0009983188,-0.00076667586,0.0014879579
6596000,0.000127602,-8.9248344e-05,0.0001780139,0.000989914,-0.0008335541,0.0015606676
6604000,0.00013579102,-9.5948264e-05,0.00019294865,0.00098522,-0.00083898596,0.0017103951
6612000,0.00014394698,-0.00010296611,0.00020911744,0.0010047501,-0.0008876623,0.001838439
6620000,0.0001520249,-0.000110271205,0.00022608489,0.0009497394,-0.0009259457,0.0018938499
6628000,0.00016003443,-0.00011773983,0.00024335872,0.0010132615,-0.0009005151,0.0018951045
6636000,0.00016868222,-0.00012487403,0.000260746,0.0010703359,-0.00088790024,0.0019182494
6644000,0.00017774643,-0.00013224213,0.0002786615,0.0011320326,-0.00092196226,0.0020014488
6652000,0.00018704966,-0.00013965825,0.00029717677,0.0011324411,-0.00091330963,0.002062304
6660000,0.00019627658,-0.00014697053,0.0003165294,0.001108586,-0.00090487866,0.002176944
6668000,0.00020540948,-0.00015433232,0.00033673947,0.0011385002,-0.00090762536,0.0022658652
6676000,0.00021492489,-0.0001617173,0.00035741314,0.001180871,-0.0009286952,0.0022792988
6684000,0.00022470698,-0.00016936523,0.00037828845,0.0012019073,-0.0009637701,0.0023269248
6692000,0.0002344853,-0.0001770943,0.000399791,0.0012042449,-0.0009630807,0.0024000164
6700000,0.00024403942,-0.00018480516,0.0004217532,0.0011349715,-0.0009648943,0.0024431064
6708000,0.00025306235,-0.00019274026,0.00044437163,0.0011149124,-0.0010064901,0.0025441188
6716000,0.0002625259,-0.00020082411,0.0004676054,0.0012079626,-0.0010132204,0.002591102
6724000,0.00026900956,-0.00020682016,0.0004825172,0.0012282421,-0.0010426384,0.0026243508
6732000,0.00027575513,-0.00021271572,0.00049724884,0.0012843598,-0.0010083184,0.0025918423
6740000,0.00028251065,-0.0002183061,0.00051156915,0.0012928408,-0.0010042344,0.0025658458
6748000,0.0002890995,-0.00022371305,0.000525571,0.001262571,-0.0010023678,0.0025411316
6756000,0.00029538744,-0.00022927286,0.0005390272,0.0012615913,-0.0010491504,0.0024939212
6764000,0.0003014947,-0.00023516276,0.0005519066,0.0012671995,-0.0011128586,0.002456414
6772000,0.00030752987,-0.00024108295,0.0005645753,0.0012600893,-0.0010871548,0.002456966
6784000,0.00031351967,-0.00024666733,0.0005768806,0.0013143867,-0.0010567566,0.002447973
6788000,0.00031965075,-0.0002518054,0.00058887765,0.0013153496,-0.0010191571,0.0024282436
6796000,0.00032549025,-0.00025663723,0.0006005601,0.0013019489,-0.00100573,0.002426963
6804000,0.00033117822,-0.00026129102,0.0006118275,0.0012932083,-0.0010107108,0.0023648143
6812000,0.0003363031,-0.00026588206,0.00062231376,0.00122034,-0.0010055375,0.002308496
6820000,0.00034085457,-0.00027008806,0.0006322578,0.001206991,-0.0009536745,0.0022683947
6828000,0.00034536328,-0.00027387645,0.0006415514,0.0012241849,-0.00092138926,0.0022248111
6836000,0.0003496961,-0.00027732993,0.00065026194,0.0012069755,-0.00090798805,0.0021828539
6844000,0.00035376116,-0.00028053927,0.00065836706,0.0012065627,-0.00089820963,0.002137759
6852000,0.00035751672,-0.00028370484,0.0006660852,0.0011646393,-0.00092196686,0.0021411383
6860000,0.0003609095,-0.00028702547,0.0006737169,0.0011657777,-0.0009680608,0.0021827808
6868000,0.00036395286,-0.00029012113,0.0006812124,0.0011144615,-0.00087747636,0.0021797055
6876000,0.00036665308,-0.00029218124,0.00068829133,0.0011271191,-0.0007670518,0.002136321
6884000,0.0003691651,-0.00029377706,0.0006947195,0.001099705,-0.00078098034,0.0020732954
6892000,0.00037127943,-0.0002952337,0.00070039555,0.001070355,-0.0007541783,0.0020360632
6900000,0.00037292988,-0.00029619975,0.0007057793,0.0010251208,-0.0006953699,0.0020364688
6908000,0.00037428382,-0.00029685054,0.0007109587,0.001019875,-0.0006910308,0.0020354365
6916000,0.00037544072,-0.000297354,0.000715742,0.0010081298,-0.0006821626,0.001981728
6924000,0.00037633537,-0.00029767994,0.0007199641,0.0009966047,-0.0006777884,0.001928777
6932000,0.0003770167,-0.00029773056,0.0007231121,0.00091746246,-0.00068575196,0.0019104063
6940000,0.0003770806,-0.00029751033,0.0007258958,0.00089922786,-0.00064503436,0.0018655788
6948000,0.00037691958,-0.00029678963,0.00072814,0.0008553547,-0.0005688662,0.0018071955
6956000,0.00037629931,-0.0002957961,0.00072996656,0.0007918212,-0.0005620901,0.0017632747
6964000,0.00037509867,-0.0002947525,0.0007312942,0.0007219198,-0.0005651568,0.0017134892
6972000,0.00037346742,-0.00029359868,0.00073238905,0.0006918443,-0.0005547143,0.0017238831
6980000,0.00037123956,-0.00029250453,0.0007334765,0.0005945353,-0.0005772418,0.0017038042
6988000,0.00036844137,-0.00029145312,0.00073430117,0.0005662834,-0.00057029683,0.0016912919
6996000,0.00036548357,-0.0002901444,0.000735171,0.0005501666,-0.0005335415,0.0016993445
7004000,0.0003622943,-0.00028890694,0.00073589373,0.00053319486,-0.0005656191,0.0016617537
7012000,0.0003591234,-0.0002875297,0.00073659094,0.0005454446,-0.0005187499,0.0017136679
7020000,0.00035600996,-0.00028593885,0.0007377595,0.00055708864,-0.00052187935,0.0017392896
7028000,0.0003528123,-0.00028425656,0.00073891535,0.0005042979,-0.00048455593,0.0017333585
7036000,0.00034905117,-0.00028233015,0.00074005395,0.0004394176,-0.00045498746,0.0017072593
7044000,0.00034487035,-0.00028030976,0.0007409708,0.00039047137,-0.0004677551,0.0016630386
7052000,0.00034050862,-0.00027851976,0.00074184895,0.000394705,-0.00051491894,0.0017080458
7060000,0.00033607043,-0.0002770806,0.0007431244,0.0003502475,-0.00052589487,0.00171543
7068000,0.00033122793,-0.00027559485,0.0007444915,0.00031634246,-0.0005096637,0.0017399816
7076000,0.00032649,-0.00027402895,0.00074624375,0.00035317763,-0.0005037759,0.0017659907
7084000,0.00032197457,-0.00027241415,0.0007479815,0.0003577441,-0.0004992911,0.0017415086
7092000,0.0003174657,-0.0002708382,0.00074992003,0.00032917887,-0.0004992897,0.001763243
7100000,0.00031266842,-0.00026957935,0.0007517697,0.0002871989,-0.0005391698,0.001705146
7108000,0.00030753735,-0.00026822713,0.0007532462,0.00023196223,-0.00048945117,0.0016507144
7116000,0.00030224124,-0.0002666013,0.0007542836,0.00022397652,-0.0004638119,0.001561811
7124000,0.00029681675,-0.00026486546,0.00075489294,0.00019586152,-0.00044012172,0.0015152277
7132000,0.00029149908,-0.00026323574,0.0007552445,0.00021205652,-0.0004936581,0.0014790529
7140000,0.00028543934,-0.00026134946,0.0007539664,0.00018563539,-0.0005272808,0.0014966588
7148000,0.00027945722,-0.00025976784,0.0007531303,0.00020002942,-0.0005492653,0.0015109463
7156000,0.00027411565,-0.00025828465,0.00075251807,0.00023887008,-0.00057592907,0.0015422968
7164000,0.00026914635,-0.00025700557,0.00075234886,0.00026597173,-0.00059044827,0.0015526608
7172000,0.00026433246,-0.00025586018,0.00075240876,0.00024984003,-0.00058066344,0.0015709257
7180000,0.00025933454,-0.00025465104,0.0007529088,0.00017663922,-0.0005668884,0.0016052587
7188000,0.00025394253,-0.0002533269,0.00075376616,0.00015649661,-0.0005395646,0.0016115544
7196000,0.00024872745,-0.00025194176,0.00075478293,0.00016932243,-0.00053671293,0.0016140741
7204000,0.00024384214,-0.00025068622,0.0007558958,0.00020243635,-0.0005336054,0.0015656097
7212000,0.00023915783,-0.00024937058,0.0007566745,0.00018985136,-0.00051395135,0.001516471
7220000,0.00023458344,-0.00024799732,0.0007573618,0.0001912892,-0.0005200595,0.0014782617
7228000,0.00023020271,-0.00024694618,0.0007581883,0.00019801011,-0.0005569715,0.0015068649
7236000,0.00022582624,-0.00024599087,0.0007592727,0.00016329804,-0.0005185958,0.0014871396
7244000,0.00022128511,-0.0002448626,0.000760413,0.00014170092,-0.00049421797,0.0014824462
7252000,0.00021697846,-0.00024358569,0.00076184346,0.00016952572,-0.00048261642,0.0015234374
7260000,0.00021296323,-0.00024236467,0.0007637885,0.00018966998,-0.0004820536,0.001557595
7268000,0.00020923054,-0.00024107523,0.00076628284,0.00018299393,-0.00043043695,0.0016004475
7276000,0.00020548259,-0.00023931332,0.0007690681,0.00017315488,-0.0003602258,0.001586111
7284000,0.00020190746,-0.00023739677,0.0007718784,0.00016841531,-0.00037748195,0.0015841242
7292000,0.0001983429,-0.00023602985,0.0007751489,0.0001565904,-0.0004691829,0.0016370282
7300000,0.00019474197,-0.00023525457,0.0007787805,0.00011672185,-0.0005013418,0.0016150984
7308000,0.00019113682,-0.00023461947,0.0007822637,0.00012951482,-0.000486896,0.001571207
7316000,0.00018779575,-0.00023357224,0.00078565977,0.0001379978,-0.00039004078,0.0015515388
7324000,0.00018462099,-0.00023224014,0.00078921166,0.00013217475,-0.000385109,0.0015600757
7332000,0.00018149053,-0.00023106507,0.0007929177,0.00012512358,-0.0004040406,0.001542074
7340000,0.00017839,-0.00023001152,0.00079661846,9.159552e-05,-0.00040888943,0.0015297462
7348000,0.00017391045,-0.00022768215,0.00079784304,0.00012156449,-0.00036831613,0.0015519444
7356000,0.0001698697,-0.00022504009,0.00079923944,0.00017324959,-0.00030616389,0.0015378856
7364000,0.00016614307,-0.0002220974,0.0008010449,0.00018323162,-0.0002758784,0.0015658789
7372000,0.00016274453,-0.00021925733,0.00080304226,0.00018814023,-0.000331114,0.0015436184
7380000,0.00015923927,-0.00021693911,0.0008052937,0.00016042816,-0.00033929595,0.0015740376
7388000,0.00015604055,-0.00021456323,0.0008079681,0.00021427493,-0.00033324733,0.0015952782
7396000,0.00015314356,-0.00021221931,0.0008110418,0.00020795356,-0.0003023141,0.001604025
7404000,0.00015016827,-0.00020985,0.00081449037,0.00015822062,-0.0003341028,0.0016267879
7412000,0.00014719588,-0.00020778477,0.0008181861,0.00016587957,-0.00033469708,0.0016328675
7420000,0.00014415309,-0.00020563071,0.0008223862,0.0001292195,-0.00030377257,0.0016903483
7428000,0.00014110957,-0.00020340782,0.00082709745,0.000119239645,-0.00029379487,0.0017162802
7436000,0.00013787062,-0.00020109765,0.0008323635,5.8289785e-05,-0.0002601499,0.0017500186
7444000,0.00013457125,-0.00019872434,0.0008379492,8.667132e-05,-0.0002645197,0.001784453
7452000,0.00013155908,-0.00019624538,0.00084434834,8.1050646e-05,-0.00021593325,0.001881906
7460000,0.00012872592,-0.00019370457,0.00085140625,0.00012102606,-0.0002231759,0.0018838271
7468000,0.00012641765,-0.00019129178,0.0008583127,0.00016204739,-0.00022745504,0.0018232509
7476000,0.00012428823,-0.00018866817,0.00086544803,0.00016836125,-0.00016852331,0.0018857581
7484000,0.00012254478,-0.00018585124,0.0008729913,0.00019605704,-0.00015856023,0.0018691907
7492000,0.00012077589,-0.00018302668,0.0008806078,0.00015858523,-0.00014494322,0.0018706622
7500000,0.000118873555,-0.00018025,0.0008883577,0.0001509393,-0.0001499706,0.0018447937
7508000,0.00011706653,-0.00017740196,0.00089620263,0.00014445404,-0.000113390204,0.0018485046
7516000,0.00011549132,-0.00017437375,0.00090411224,0.00018241898,-8.533725e-05,0.001838711
7524000,0.00011411295,-0.00017114542,-0.0049027354,0.00017533096,-5.1835e-05,0.0018839673
7532000,0.00011277719,-0.00016781256,-0.010540783,0.00017011882,-3.9180784e-05,0.0019559476
7540000,0.0001116759,-0.00016453941,-0.016015023,0.00020730791,-5.9644964e-05,0.0019531625
7548000,0.00011084977,-0.00016160512,-0.02133055,0.00022461635,-0.000104759325,0.0019276016
7556000,0.00010882838,-0.00015789826,-0.026492462,0.00024003783,-9.6636206e-05,0.0019121045
7564000,0.00010700749,-0.000154022,-0.03150429,0.0002464005,-5.9150436e-05,0.0019543606
7572000,0.000105587904,-0.00014984857,-0.036500767,0.00032138446,1.3760791e-07,0.0019081734
7580000,0.000104649276,-0.00014537161,-0.0413523,0.00034467198,2.0920903e-05,0.0019166804
7588000,0.00010394804,-0.00014097456,-0.046062425,0.00035170602,1.8856948e-05,0.001986805
7596000,0.00010331631,-0.00013679074,-0.050635055,0.00036466267,-1.1434888e-05,0.0020164314
7604000,0.00010320224,-0.00013288941,-0.05507438,0.0004494324,-2.9733696e-05,0.0020512082
7612000,0.00010358244,-0.00012903963,-0.059384227,0.00046237494,-5.4383745e-06,0.0020403727
7620000,0.00010404907,-0.00012497927,-0.06386207,0.00045737834,4.025248e-05,0.002070569
7628000,0.00010455991,-0.00012079467,-0.06820929,0.00046057045,4.3816777e-05,0.0020724474
7636000,0.00010498593,-0.000116657866,-0.072429605,0.00041867577,5.761678e-05,0.0020881623
7644000,0.00010518415,-0.0001124928,-0.07652665,0.0003878331,6.681274e-05,0.0020922578
7652000,0.00010516583,-0.00010819742,-0.08050402,0.00036183238,8.788246e-05,0.0021119951
7660000,0.00010512226,-0.00010415481,-0.08436487,0.00035943635,5.2973202e-05,0.0021479134
7668000,0.00010517466,-0.00010043738,-0.08772777,0.00036297817,2.4160116e-05,0.0021944307
7676000,0.00010536378,-9.6849435e-05,-0.09099188,0.00039696,4.1298434e-05,0.0021874453
7684000,0.00010577298,-9.3105504e-05,-0.094159946,0.00037989687,6.2676525e-05,0.0022742194
7692000,0.000106169646,-8.917644e-05,-0.09723439,0.00041251222,0.00012208176,0.0023260699
7700000,0.00010689422,-8.4909654e-05,-0.100218214,0.00042488473,0.00016413776,0.0023542843
7708000,0.00010777026,-8.05077e-05,-0.10311376,0.00044292808,0.00016257074,0.0024535968
7716000,0.00010879528,-7.625927e-05,-0.10592357,0.00046566766,0.00015750086,0.0024901102
7724000,0.00011025758,-7.201005e-05,-0.10852393,0.0005207967,0.00017151382,0.0025416098
7732000,0.00011188393,-6.77411e-05,-0.111047156,0.00050050096,0.00019473642,0.0025841398
7740000,0.000113346956,-6.333394e-05,-0.11349553,0.00048674093,0.00020089549,0.0025901739
7748000,0.00011507047,-5.911124e-05,-0.115871415,0.00052789535,0.00017992198,0.0026098692
7756000,0.00011750828,-5.539272e-05,-0.11817655,0.000488325,0.00017392176,0.0026530381
7764000,0.00011858001,-5.046367e-05,-0.12041411,0.00048957294,0.00024412373,0.0026220384
7772000,0.0001196373,-4.555438e-05,-0.121933356,0.00046470645,0.00018898508,0.002593895
7780000,0.000120682256,-4.1063424e-05,-0.123407274,0.00046393403,0.00015182034,0.0025445125
7788000,0.00012179682,-3.7165806e-05,-0.124836825,0.00048149072,7.021646e-05,0.0025861089
7796000,0.0001230931,-3.3700293e-05,-0.12622297,0.00048465878,7.591346e-05,0.002623709
7804000,0.00012415547,-3.0037058e-05,-0.12756729,0.00040908487,0.00012461192,0.002585997
7812000,0.0001248348,-2.6129166e-05,-0.12887108,2.1658947e-05,0.0003290005,0.002596532
7820000,0.00012227119,-2.0499954e-05,-0.12925383,-1.4327724e-05,0.00039296105,0.0025656957
7828000,0.0001193022,-1.4651473e-05,-0.1296241,-9.1099006e-05,0.00038923544,0.0024941384
7836000,0.00011587751,-8.756181e-06,-0.1299822,-0.0001003505,0.00039218127,0.0024893743
7844000,0.0001122303,-2.9494067e-06,-0.13032842,-0.00013944534,0.0004031182,0.002444166
7852000,0.00010817815,2.7684296e-06,-0.13066295,-0.00018746649,0.00036365452,0.002451268
7860000,0.00010361608,8.117708e-06,-0.13098598,-0.00022322021,0.00031232892,0.0024553852
7868000,9.894391e-05,1.2906851e-05,-0.13026685,-0.00023685912,0.0002528065,0.0024566713
7876000,9.3924216e-05,1.7691102e-05,-0.12956657,-0.00027150536,0.00031082603,0.0024600516
7884000,8.853769e-05,2.2941636e-05,-0.12888497,-0.00029206544,0.00036216367,0.0024237987
7892000,8.306962e-05,2.8472436e-05,-0.12822157,-0.00027149523,0.0003901613,0.002415709
7900000,7.753119e-05,3.41053e-05,-0.12757555,-0.00031190974,0.00039289935,0.0023993412
7908000,7.166651e-05,3.994733e-05,-0.12694648,-0.00029494488,0.00043755662,0.0024451038
7916000,6.562069e-05,4.5856643e-05,-0.12633352,-0.00035332426,0.0004265165,0.0024770903
7924000,5.9278645e-05,5.1781273e-05,-0.12543228,-0.0003493608,0.0004404822,0.0024524105
7932000,5.27722e-05,5.7668214e-05,-0.124555424,-0.0003797943,0.00042657545,0.0024631931
7940000,4.5931632e-05,6.3465974e-05,-0.12370217,-0.00041005417,0.0004143362,0.0024751092
7948000,3.877673e-05,6.9132555e-05,-0.122871526,-0.00045709417,0.0004005295,0.0025456434
7956000,3.099193e-05,7.477719e-05,-0.122063026,-0.0005588443,0.00039861692,0.0025087707
7964000,2.263755e-05,8.0307575e-05,-0.12127638,-0.00058229204,0.00036778595,0.0025243696
7972000,1.4384013e-05,8.45371e-05,-0.12112123,-0.00054478436,0.00032552215,0.002515241
7980000,6.391915e-06,8.8323955e-05,-0.120969236,-0.0005476691,0.00028633568,0.002468368
7988000,-1.7408207e-06,9.1964794e-05,-0.12082045,-0.00058121874,0.00029572693,0.00240625
7996000,-9.905455e-06,9.573238e-05,-0.120674625,-0.0005699114,0.0003236723,0.0024407334
8004000,-1.7798024e-05,9.940419e-05,-0.12053116,-0.0005630902,0.0003022494,0.0024484503
8012000,-2.5988313e-05,0.00010305348,-0.12039002,-0.00063175464,0.00032569998,0.0024996516
8020000,-3.442811e-05,0.00010666805,-0.12073348,-0.00065674935,0.00031352814,0.002496235
8028000,-4.3102264e-05,0.000110080364,-0.121065125,-0.000689987,0.0002965257,0.0025530632
8036000,-5.1728803e-05,0.00011340886,-0.12138514,-0.0006821167,0.0002887125,0.0026309711
8044000,-6.0260667e-05,0.000116630006,-0.121694125,-0.0006870688,0.00030595757,0.0025922423
8052000,-6.896475e-05,0.000119959564,-0.1219927,-0.000749867,0.00030322612,0.0025908244
8060000,-7.8113255e-05,0.00012291876,-0.1222811,-0.0007912083,0.0002701755,0.0025984053
8068000,-8.729948e-05,0.00012574428,-0.12205058,-0.00080188876,0.00025179246,0.002580907
8076000,-9.6300624e-05,0.00012835539,-0.12182537,-0.0007585734,0.00024038332,0.002565372
8084000,-0.00010504603,0.00013065698,-0.12160498,-0.00075847824,0.00019960619,0.0025970852
8092000,-0.00011372533,0.00013262077,-0.121389136,-0.0007679953,0.00017406429,0.002611146
8100000,-0.0001223554,0.00013452265,-0.121178165,-0.00075083354,0.00019987272,0.0025338326
8108000,-0.00013074471,0.00013667553,-0.12097221,-0.0007474354,0.00022533126,0.0025211133
8116000,-0.00013897468,0.00013858988,-0.12077054,-0.0007350617,0.00018072792,0.0025403118
8124000,-0.00014722222,0.00014015567,-0.12050069,-0.0007552026,0.00014466587,0.0025650098
8132000,-0.00015536498,0.00014146091,-0.1202369,-0.0007378935,0.00013621166,0.0025610407
8140000,-0.00016345274,0.00014264465,-0.11997931,-0.00076241925,0.00011720352,0.0025647013
8148000,-0.00017177235,0.00014360009,-0.11972751,-0.00082051236,0.000100999605,0.002564243
8156000,-0.00018029417,0.0001440793,-0.11948148,-0.0008633341,6.805613e-05,0.002544826
8164000,-0.000188937,0.00014439374,-0.11924103,-0.0008725562,5.5221884e-05,0.0025706422
8172000,-0.00019765006,0.00014448028,-0.11982636,-0.0008988326,3.7648606e-05,0.0026093228
8180000,-0.00020436326,0.0001430257,-0.1203954,-0.0008837808,4.3815147e-05,0.002674821
8188000,-0.00021088458,0.00014158052,-0.120946266,-0.0008764934,2.8303379e-05,0.0026648284
8196000,-0.00021733325,0.00013980572,-0.12147976,-0.0008851474,-3.3214747e-06,0.002648172
8204000,-0.00022362599,0.0001380646,-0.121996514,-0.00085824647,5.0773397e-05,0.0026238153
8212000,-0.00022953654,0.00013656143,-0.12249708,-0.0008374123,6.861729e-05,0.0025804888
8220000,-0.00023541886,0.00013525724,-0.12294713,-0.00085553294,0.000106523505,0.00261544
8228000,-0.00024087944,0.00013388947,-0.12338252,-0.0007687496,8.264928e-05,0.0025982398
8236000,-0.0002458109,0.00013221103,-0.123804025,-0.0007432419,4.520691e-05,0.0025850404
8244000,-0.00025043142,0.0001302485,-0.12421188,-0.0007199172,1.862198e-05,0.0025606619
8252000,-0.00025475008,0.00012812737,-0.124606445,-0.000691818,1.3007873e-05,0.0026070508
8260000,-0.00025889804,0.00012560165,-0.124987856,-0.0007095636,-5.4393866e-05,0.0025960624
8268000,-0.00026286984,0.00012281482,-0.1254899,-0.0006417356,-4.9732065e-05,0.0026376462
8276000,-0.0002661011,0.0001197134,-0.12597585,-0.0005921922,-0.00010916814,0.0026143866
8284000,-0.00026902257,0.00011614277,-0.12644637,-0.0005781349,-0.00015315278,0.0026001919
8292000,-0.00027166912,0.000112227244,-0.12690176,-0.00053256535,-0.00019178298,0.0025884332
8300000,-0.00027377042,0.00010785687,-0.12734278,-0.00048082677,-0.0002443876,0.002541246
8308000,-0.0002754717,0.000103040235,-0.12776949,-0.00045664056,-0.00030266235,0.002593689
8316000,-0.00027691375,9.776926e-05,-0.12818229,-0.00044071113,-0.00033521056,0.0025433856
8324000,-0.00027792843,9.233314e-05,-0.12864241,-0.00038538701,-0.00034060996,0.0025422687
8332000,-0.00027862363,8.675564e-05,-0.12908739,-0.00037102296,-0.00034917291,0.0026102557
8340000,-0.0002792936,8.0805876e-05,-0.12951773,-0.00040208193,-0.0004223115,0.002601548
8348000,-0.0002797867,7.44847e-05,-0.1299341,-0.0003610328,-0.00045230647,0.002616589
8356000,-0.00027995257,6.810092e-05,-0.13033657,-0.0003133537,-0.0004170826,0.0026609662
8364000,-0.00028001,6.1876424e-05,-0.1307255,-0.00036749084,-0.00044310564,0.0026942405
8372000,-0.0002803432,5.5219272e-05,-0.13099171,-0.00036228323,-0.0004939459,0.0026490618
8380000,-0.0002804221,4.8098715e-05,-0.13124835,-0.00035502174,-0.0005585666,0.0027489308
8388000,-0.00027835998,4.1867686e-05,-0.13149923,-0.00030862822,-0.00059087155,0.0027403478
8396000,-0.00027601674,3.535386e-05,-0.13174129,-0.0002766579,-0.00062174076,0.0027555404
8404000,-0.00027332135,2.856318e-05,-0.131975,-0.00023553427,-0.00063905964,0.002687438
8412000,-0.00027044144,2.1633428e-05,-0.13220093,-0.0002685388,-0.0006665488,0.0026412287
8420000,-0.0002677938,1.4707867e-05,-0.13232,-0.00027740904,-0.0006332934,0.0026784316
8428000,-0.00026493333,7.862731e-06,-0.13243397,-0.0002458308,-0.0006627607,0.0026699821
8436000,-0.00026156014,9.4648726e-07,-0.13254349,-0.00018395262,-0.000638723,0.0025679462
8444000,-0.00025784803,-6.0691746e-06,-0.13264874,-0.00015093111,-0.0006957302,0.0025949613
8452000,-0.0002538574,-1.355156e-05,-0.13274924,-0.00013832127,-0.00074973074,0.002597646
8460000,-0.00024977518,-2.1273801e-05,-0.1328455,-0.00012993839,-0.0007563542,0.002571735
8468000,-0.0002453219,-2.9180455e-05,-0.13246927,-5.438137e-05,-0.00079665973,0.002571894
8476000,-0.00024017841,-3.710785e-05,-0.13210255,2.300088e-05,-0.0007824636,0.0025176539
8484000,-0.0002344341,-4.5138117e-05,-0.13174514,7.955454e-05,-0.00080477487,0.0025273103
8492000,-0.00022843227,-5.3248503e-05,-0.13139638,7.2332536e-05,-0.00084089173,0.0025665404
8500000,-0.00022240868,-6.180596e-05,-0.13105592,9.706144e-05,-0.00088434434,0.0025929015
8508000,-0.00021603615,-7.0521084e-05,-0.13072369,0.00014367685,-0.00092330825,0.0025997357
8516000,-0.00020928464,-7.969495e-05,-0.13039955,0.00017137421,-0.0009594319,0.002588786
8524000,-0.00020245144,-8.868358e-05,-0.12953244,0.00016060444,-0.00090966944,0.0026289802
8532000,-0.00019557476,-9.7324264e-05,-0.1286885,0.00018335252,-0.00089208933,0.0027166316
8540000,-0.00018857412,-0.00010602535,-0.12786695,0.00018907865,-0.00091029325,0.002696565
8548000,-0.00018136571,-0.00011464309,-0.12706791,0.0002209809,-0.0008999948,0.0026953914
8556000,-0.00017404238,-0.0001232985,-0.12629022,0.00018064943,-0.0009049272,0.0027275174
8564000,-0.00016695034,-0.00013185602,-0.12553346,0.00016231608,-0.00091092853,0.0026996075
8572000,-0.0001599467,-0.00014050092,-0.124829255,0.00015527161,-0.0009061056,0.002695053
8580000,-0.00015292116,-0.00014915364,-0.12414381,0.00018188971,-0.0009515102,0.00269375
8588000,-0.00014556297,-0.00015825065,-0.123476684,0.00022582996,-0.0010014625,0.0027173262
8596000,-0.0001392322,-0.00016491511,-0.12283211,0.00025392903,-0.0010046636,0.0027415936
8604000,-0.000132966,-0.00017163531,-0.12220465,0.00023176176,-0.0010707701,0.0027342888
8612000,-0.00012684487,-0.00017884887,-0.12159412,0.000205094,-0.0010886969,0.0026948843
8620000,-0.00012074143,-0.00018609625,-0.121108666,0.00026130694,-0.0011053969,0.0026473755
8628000,-0.00011409904,-0.00019350677,-0.120636076,0.00030988842,-0.0011289923,0.0026366252
8636000,-0.000107264015,-0.00020089018,-0.12017587,0.00031317942,-0.0011192751,0.002629831
8644000,-0.000100576515,-0.00020823882,-0.119727604,0.0003026683,-0.0011277834,0.0026349938
8652000,-9.3806884e-05,-0.00021559153,-0.11929114,0.00031808333,-0.0011276726,0.0025913536
8660000,-8.6847576e-05,-0.00022308734,-0.11886612,0.00036643803,-0.001153196,0.0026072417
8668000,-7.9756086e-05,-0.00023034959,-0.118399605,0.00034252135,-0.0010980477,0.0026174188
8676000,-7.292835e-05,-0.00023764279,-0.11794514,0.0003433178,-0.0011781749,0.0026327653
8684000,-6.59381e-05,-0.0002452766,-0.117502235,0.00035908964,-0.0011835761,0.002669516
8692000,-5.8966187e-05,-0.00025295414,-0.117070876,0.00035911854,-0.0011921842,0.0026368347
8700000,-5.19209e-05,-0.0002607331,-0.11665091,0.00040061408,-0.0012117657,0.0026137924
8708000,-4.4424145e-05,-0.00026860932,-0.116241895,0.00045790387,-0.0012278018,0.002596517
8716000,-3.6603284e-05,-0.0002764679,-0.11584348,0.00049275486,-0.0012275729,0.0026141463
8724000,-2.8768165e-05,-0.00028446317,-0.115526415,0.0004962025,-0.0012682748,0.0026791876
8732000,-2.0953425e-05,-0.000292625,-0.115217075,0.0004756697,-0.0012668627,0.0026579446
8740000,-1.3298572e-05,-0.00030067554,-0.11491544,0.00048074315,-0.0012569369,0.0026748893
8748000,-5.6844065e-06,-0.00030858253,-0.114621125,0.00047765684,-0.0012414936,0.0026818942
8756000,2.0236835e-06,-0.00031634755,-0.11433388,0.00051617133,-0.0012033122,0.0027160437
8764000,9.740947e-06,-0.00032366233,-0.114053585,0.00049512566,-0.0011598133,0.0026897278
8772000,1.7342127e-05,-0.00033091375,-0.11336036,0.0004926643,-0.0011735135,0.0026560135
8780000,2.4883935e-05,-0.00033829955,-0.11268608,0.00051051076,-0.0012048929,0.0026524486
8788000,3.2627824e-05,-0.00034587004,-0.11202992,0.0005432974,-0.0012226661,0.0026708127
8796000,4.0437728e-05,-0.00035355962,-0.11139124,0.0005515566,-0.0012316074,0.0027114463
8804000,4.6049303e-05,-0.00035766454,-0.11077555,0.0006045566,-0.0012278161,0.0026919348
8812000,5.1910647e-05,-0.0003615613,-0.11017684,0.00064046617,-0.0011560947,0.002625094
8820000,5.8062396e-05,-0.0003649495,-0.109347,0.0006646627,-0.0011219428,0.0025762136
8828000,6.431992e-05,-0.00036816765,-0.10854024,0.0006911964,-0.0011021984,0.002567863
8836000,7.0636226e-05,-0.00037125254,-0.10775533,0.000684579,-0.001090121,0.0026405435
8844000,7.699984e-05,-0.0003741647,-0.10699161,0.000727804,-0.0010489301,0.0026517324
8852000,8.3541025e-05,-0.00037685252,-0.106248744,0.000716267,-0.0010456921,0.002668824
8860000,8.992126e-05,-0.00037964457,-0.10552602,0.00072193635,-0.0010436284,0.0026776963
8868000,9.634607e-05,-0.0003821376,-0.10464612,0.00073119573,-0.0009799972,0.0027101878
8876000,0.000102735,-0.00038437927,-0.10379051,0.00072864845,-0.0009905054,0.0026609374
8884000,0.00010913283,-0.00038667698,-0.10295867,0.0007447387,-0.0009829752,0.0026669204
8892000,0.000115459516,-0.00038900512,-0.1021498,0.0007223763,-0.0009847853,0.0026511303
8900000,0.0001215272,-0.00039126907,-0.10136323,0.0006770589,-0.00097182055,0.0026361076
8908000,0.0001269708,-0.00039336033,-0.10059847,0.0006112088,-0.0009487011,0.002633661
8916000,0.00013224289,-0.00039567883,-0.09985459,0.0006378503,-0.001003273,0.0026630159
8924000,0.00013738524,-0.00039836796,-0.09919635,0.0005854431,-0.0010435537,0.0026571993
8932000,0.00014232846,-0.00040127727,-0.09855624,0.00059915765,-0.0010500454,0.0026303825
8940000,0.00014714192,-0.00040417947,-0.0979337,0.0005752988,-0.0010260564,0.0026269336
8948000,0.00015177985,-0.00040688858,-0.09732828,0.0005593755,-0.0010251476,0.0025789
8956000,0.00015613376,-0.00040965143,-0.09673943,0.00053849973,-0.0010423963,0.0025777523
8964000,0.00016038005,-0.0004124809,-0.096166655,0.00053814246,-0.0010454442,0.002574117
8972000,0.00016471314,-0.00041543442,-0.095899336,0.00058256544,-0.0010745623,0.0025445924
8980000,0.00016929713,-0.0004186564,-0.09563869,0.00059351936,-0.0010950221,0.0025717374
8988000,0.00017379248,-0.0004219117,-0.09538451,0.0005800298,-0.0010786,0.0025518825
8996000,0.00017809393,-0.00042535007,-0.09513669,0.0005724268,-0.0011364974,0.0025861193
9004000,0.00018246048,-0.00042907617,-0.09489454,0.0005837348,-0.0011443057,0.002646876
9012000,0.00018471183,-0.00042935178,-0.094665185,0.0006383044,-0.0011565683,0.0026233536
9020000,0.00018734485,-0.00042985295,-0.094264984,0.00065375876,-0.0011713736,0.0026673148
9028000,0.00018979331,-0.00043034475,-0.09387507,0.00061665336,-0.0011418655,0.0026517487
9036000,0.00019210417,-0.0004304766,-0.093495876,0.0006339251,-0.0010756635,0.0026151822
9044000,0.00019480864,-0.00043014853,-0.093126655,0.0007020254,-0.0010246366,0.0026307877
9052000,0.00019772392,-0.00043003156,-0.09276723,0.00070778985,-0.0010904699,0.0026231809
9060000,0.00020074264,-0.00043030625,-0.092417195,0.0007243483,-0.001111314,0.0026380946
9068000,0.00020392628,-0.00043087028,-0.092046425,0.0007423013,-0.001136026,0.0026938673
9076000,0.00020692538,-0.00043148274,-0.09168523,0.00069324614,-0.0011133377,0.0026760402
9084000,0.00020967203,-0.00043216074,-0.09133389,0.0006969248,-0.0011233768,0.0026155184
9092000,0.00021262867,-0.0004327299,-0.09099194,0.00075072737,-0.0010868262,0.0026378173
9100000,0.00021588795,-0.00043320563,-0.090658836,0.00075129094,-0.0010867555,0.0026417165
9108000,0.00021899492,-0.00043376745,-0.09033437,0.000723786,-0.0010601479,0.0026439347
9116000,0.00022185335,-0.0004341765,-0.09001846,0.00072308787,-0.0010654257,0.0026211517
9124000,0.00022473407,-0.00043492907,-0.08969833,0.0006939149,-0.0010991149,0.0026171384
9132000,0.00022718622,-0.00043564115,-0.08938662,0.0006378578,-0.0010591069,0.0026108355
9140000,0.00022920595,-0.00043643735,-0.089083135,0.0006027106,-0.001104291,0.0025682317
9148000,0.00023123322,-0.00043764804,-0.088787824,0.0006222304,-0.0011280646,0.0025546176
9156000,0.0002332976,-0.00043914106,-0.08850029,0.00063236605,-0.0011549289,0.002524524
9164000,0.00023551215,-0.00044073013,-0.088220425,0.000644193,-0.0011119682,0.002494884
9172000,0.00023769404,-0.00044215907,-0.08810929,0.00062560954,-0.0011189588,0.0024538585
9180000,0.00023969635,-0.0004435589,-0.08800033,0.0005885295,-0.0010849069,0.0025304323
9188000,0.00024109906,-0.00044504984,-0.08789334,0.0005256113,-0.0011136525,0.00252173
9196000,0.0002424382,-0.0004467657,-0.087788664,0.0005290144,-0.0011230656,0.002503822
9204000,0.00024394663,-0.00044850184,-0.087686464,0.0005817083,-0.0011020742,0.0024740128
9212000,0.0002456008,-0.00045030226,-0.08758628,0.00055057765,-0.0011028501,0.0024858015
9220000,0.00024500454,-0.00044926876,-0.08744618,0.00048220964,-0.0011396566,0.002465277
9228000,0.00024404151,-0.00044856776,-0.08730943,0.00046719838,-0.001144694,0.0024854948
9236000,0.00024314415,-0.000448179,-0.08717568,0.00047147222,-0.0011778336,0.0024943354
9244000,0.00024220138,-0.00044796837,-0.0870449,0.00045461618,-0.0011519666,0.0025101735
9252000,0.00024099254,-0.00044750166,-0.08691701,0.0004047236,-0.0011165376,0.0024965776
9260000,0.00023955366,-0.00044692727,-0.08679254,0.000388903,-0.0010855775,0.002395447
9268000,0.00023808208,-0.00044655663,-0.08678357,0.00039857245,-0.0011310171,0.002335376
9276000,0.0002367761,-0.00044641568,-0.086774535,0.00041527898,-0.0011122858,0.002292438
9284000,0.0002351597,-0.00044622325,-0.086765334,0.00030970754,-0.0011048133,0.0022502623
9292000,0.00023317958,-0.0004460484,-0.08675589,0.0003277077,-0.0010751636,0.0022175922
9300000,0.0002312863,-0.00044588282,-0.08674637,0.00029869657,-0.0010950958,0.0021771868
9308000,0.00022885659,-0.00044607095,-0.08673666,0.00021694138,-0.0011166018,0.0021331515
9316000,0.00022593587,-0.00044629961,-0.086726956,0.00017192392,-0.0010786562,0.002093806
9324000,0.00022297367,-0.00044615977,-0.08674571,0.00018693527,-0.001001803,0.002091237
9332000,0.00022007682,-0.00044563742,-0.08676323,0.00017655878,-0.0009624369,0.0021091686
9340000,0.00021683185,-0.0004450763,-0.08677932,0.00010108555,-0.00094818836,0.0021304283
9348000,0.00021328409,-0.00044437213,-0.08679424,8.2340106e-05,-0.00091373984,0.002112162
9356000,0.00020966111,-0.00044337826,-0.08680816,0.00012679075,-0.0009005072,0.00209012
9364000,0.00020636473,-0.00044238303,-0.08682121,0.00015014663,-0.00089095265,0.0020678665
9372000,0.00020320075,-0.00044157697,-0.08657645,0.00014325573,-0.00091667863,0.0020531218
9380000,0.00019988546,-0.00044106878,-0.086338036,9.850282e-05,-0.00093156035,0.0020751168
9388000,0.00019611449,-0.00044057064,-0.086105525,4.7508136e-05,-0.0009035007,0.0021073632
9396000,0.00019212662,-0.00043992267,-0.08587885,3.1768373e-05,-0.00087535806,0.0020963752
9404000,0.00018831498,-0.00043931982,-0.08565804,5.776801e-05,-0.0008816455,0.002118956
9412000,0.00018447032,-0.00043886525,-0.08544262,3.7812242e-05,-0.00086296763,0.0021552711
9420000,0.00018034912,-0.0004383373,-0.08526122,-2.9597188e-05,-0.00087070186,0.0022262987
9428000,0.00017473199,-0.00043478794,-0.08509087,-2.6658634e-05,-0.00085820834,0.0022808178
9436000,0.00016910324,-0.00043141656,-0.08492466,-3.0259765e-05,-0.0008790235,0.0022596912
9444000,0.00016367037,-0.00042812922,-0.084762625,-2.3593875e-05,-0.0008411596,0.0022515093
9452000,0.0001581049,-0.00042461118,-0.0846045,-7.086e-05,-0.00080072804,0.002271482
9460000,0.00015212297,-0.00042112748,-0.0844501,-0.00010730504,-0.000791803,0.0022930221
9468000,0.00014603102,-0.00041751066,-0.084506385,-0.0001291015,-0.00075486803,0.0022888149
9476000,0.0001400026,-0.0004137609,-0.08456047,-0.00010105064,-0.00072006,0.0022606093
9484000,0.00013411358,-0.0004098309,-0.08461249,-0.0001296143,-0.000663672,0.0022399996
9492000,0.00012803706,-0.00040569328,-0.08466241,-0.0001287245,-0.00067831296,0.0022349725
9500000,0.00012212066,-0.0004020837,-0.084710196,-0.000133132,-0.00071746105,0.002241713
9508000,0.000115943,-0.00039866622,-0.08475603,-0.00018794807,-0.0007111847,0.0022034924
9516000,0.00010932432,-0.0003953174,-0.08479988,-0.0002597035,-0.00070510706,0.0022102664
9524000,0.00010245133,-0.00039203183,-0.08483086,-0.00025438773,-0.0006862246,0.0021630805
9532000,9.5635165e-05,-0.00038861274,-0.084860384,-0.000281281,-0.00064363115,0.0021764042
9540000,8.8504494e-05,-0.00038493224,-0.08488831,-0.0003326161,-0.0006111556,0.0021729402
9548000,8.114383e-05,-0.00038131687,-0.084914684,-0.0003541445,-0.0006072211,0.0021708815
9556000,7.3949486e-05,-0.0003775499,-0.08493964,-0.00033614805,-0.0005567564,0.002167698
9564000,6.6887034e-05,-0.00037371405,-0.084963314,-0.00036023225,-0.000562453,0.0021337287
9572000,5.9707196e-05,-0.000369939,-0.085019805,-0.00038261528,-0.00053228985,0.0021068028
9580000,5.2253505e-05,-0.0003661473,-0.08507408,-0.0004098231,-0.0005470603,0.0020857875
9588000,4.500752e-05,-0.00036261923,-0.08512607,-0.00037284946,-0.0005614491,0.0020931356
9596000,3.788683e-05,-0.00035915588,-0.085176006,-0.00038249957,-0.00053279265,0.0020837523
9604000,3.090538e-05,-0.0003556998,-0.085223615,-0.00036262357,-0.0005353946,0.0021304227
9612000,2.4147512e-05,-0.00035250935,-0.085268885,-0.00032996185,-0.0005568052,0.0021372952
9620000,1.7722343e-05,-0.00034953374,-0.08534844,-0.00030982948,-0.0005764021,0.0021437025
9628000,1.1345465e-05,-0.00034667013,-0.08542504,-0.00032882646,-0.0005367347,0.0021241384
9636000,5.4875604e-06,-0.00034096558,-0.085506015,-0.00030688022,-0.00051067385,0.0021210662
9644000,-2.7979056e-07,-0.00033532275,-0.08558394,-0.00034559067,-0.0005124973,0.0021496834
9652000,-6.3737343e-06,-0.00033016663,-0.08565866,-0.00037286867,-0.00058788055,0.0021773505
9660000,-1.2205942e-05,-0.00032544788,-0.08573061,-0.00032279664,-0.00057797605,0.0021227053
9668000,-1.7933355e-05,-0.00032071926,-0.08589644,-0.00034902766,-0.000553747,0.0021314796
9676000,-2.3642797e-05,-0.0003160608,-0.086056925,-0.0003277738,-0.00056790916,0.002081468
9684000,-2.9090821e-05,-0.00031142638,-0.08621234,-0.00030773567,-0.0005072782,0.0020813018
9692000,-3.4115492e-05,-0.00030656828,-0.08636269,-0.00025263114,-0.0005012563,0.0020526254
9700000,-3.8920763e-05,-0.00030167136,-0.08650821,-0.00024546502,-0.0004548725,0.0020451338
9708000,-4.3768174e-05,-0.00029686216,-0.08664901,-0.00029675392,-0.00049238955,0.002030034
9716000,-4.8628597e-05,-0.00029250194,-0.086785175,-0.0002598865,-0.0005220284,0.0020134023
9724000,-5.3447162e-05,-0.00028830732,-0.0868655,-0.00029569044,-0.0005032314,0.002003906
9732000,-5.8299316e-05,-0.0002841991,-0.086942986,-0.0002865055,-0.0005337521,0.0019696609
9740000,-6.317324e-05,-0.00028060444,-0.08701754,-0.00032254838,-0.0005740636,0.0020200552
9748000,-6.8059155e-05,-0.00027712627,-0.087089136,-0.00030687443,-0.0005364521,0.0020148228
9756000,-7.294181e-05,-0.0002737269,-0.0871581,-0.00033061826,-0.0005523388,0.0019696055
9764000,-7.788949e-05,-0.00027066816,-0.08722458,-0.0003444492,-0.0005677687,0.001982143
9772000,-8.27703e-05,-0.0002675261,-0.086987376,-0.00033950503,-0.0005326945,0.0019903083
9780000,-8.7524895e-05,-0.00026443665,-0.08675636,-0.00032454828,-0.00052418,0.0019466253
9788000,-9.2030605e-05,-0.00026137105,-0.086531706,-0.00029710433,-0.00052142347,0.0019256271
9796000,-9.645005e-05,-0.00025842217,-0.08631291,-0.00032503987,-0.00052540883,0.0019006055
9804000,-0.000101315665,-0.0002557233,-0.08610004,-0.0004079129,-0.0005338897,0.0018528791
9812000,-0.000106680636,-0.00025299218,-0.08589324,-0.0004658602,-0.00050025387,0.0017418582
9820000,-0.00011232918,-0.00025013258,-0.08562547,-0.0004942944,-0.00046666505,0.0016712078
9828000,-0.00011794165,-0.00024713785,-0.08536505,-0.00047872835,-0.000446965,0.0016478237
9836000,-0.0001234553,-0.00024418609,-0.08511158,-0.00047324042,-0.0004300919,0.0016580737
9844000,-0.00012701463,-0.0002395479,-0.0848729,-0.00042382145,-0.00038414466,0.0016572903
9852000,-0.000130246,-0.00023457695,-0.08464079,-0.00040667967,-0.0003371887,0.0016068786
9860000,-0.00013335815,-0.00022972468,-0.084414914,-0.00039598413,-0.00036045455,0.0016171219
9868000,-0.00013655628,-0.00022519128,-0.0842125,-0.00043530745,-0.00037740386,0.0015842818
9876000,-0.00013998068,-0.00022087914,-0.08401533,-0.00048684835,-0.0003999447,0.001609874
9884000,-0.00014390059,-0.00021698722,-0.08382324,-0.0005453049,-0.00042628264,0.0015937601
9892000,-0.00014807448,-0.00021322824,-0.083636336,-0.00055034156,-0.00040555763,0.0015474593
9900000,-0.00015209294,-0.00020936744,-0.083454944,-0.00054059253,-0.00037416417,0.0014570655
9908000,-0.00015622909,-0.00020557042,-0.08327852,-0.00057024456,-0.00038340813,0.0014453095
9916000,-0.00016042995,-0.00020188549,-0.08310687,-0.00059448776,-0.00036164743,0.0014271142
9924000,-0.00016514522,-0.00019799134,-0.08308552,-0.00067839917,-0.00031748807,0.0014201575
9932000,-0.00017026003,-0.00019394496,-0.08306396,-0.0007072351,-0.00026752605,0.001494681
9940000,-0.0001751906,-0.00018967497,-0.083042175,-0.0006429098,-0.00024986503,0.0014918119
9948000,-0.00017953092,-0.00018549289,-0.08302062,-0.00059289916,-0.0002515063,0.0014859895
9956000,-0.00018369246,-0.00018122996,-0.08299893,-0.0005918115,-0.00024517166,0.0015303445
9964000,-0.00018763452,-0.00017714902,-0.08297714,-0.0005577161,-0.0002659621,0.0015459243
9972000,-0.00019141169,-0.00017305695,-0.08304064,-0.00056252826,-0.0002007721,0.0015774983
9980000,-0.00019517491,-0.0001687267,-0.083101764,-0.00055933645,-0.0001897345,0.0015796525
9988000,-0.0001989041,-0.0001643366,-0.08316037,-0.000565474,-0.0001677241,0.0015939361
9996000,-0.00020268606,-0.00016005186,-0.08321687,-0.0005705857,-0.00017927236,0.001566888
10004000,-0.0002063161,-0.0001560702,-0.083271295,-0.00054674223,-0.00020622177,0.0015632698
10012000,-0.00020966228,-0.00015238031,-0.083323605,-0.00050684734,-0.00021828192,0.0015796291
10020000,-0.00021271766,-0.00014878315,-0.08347291,-0.00048660877,-0.00022963181,0.0015688606
10028000,-0.00021562047,-0.00014552158,-0.08361758,-0.0004846855,-0.00022928402,0.0015305922
10036000,-0.00021883214,-0.00014204507,-0.08375782,-0.0005535506,-0.00019145216,0.0015053732
10044000,-0.00022251066,-0.00013867022,-0.08389368,-0.0006018532,-0.00020204078,0.0014588154
10052000,-0.00022507641,-0.00013405718,-0.084030546,-0.00065313943,-0.00018417931,0.0013976916
10060000,-0.00022819196,-0.00012941366,-0.08416352,-0.00073322444,-0.00017628832,0.0013330996
10068000,-0.00023195313,-0.00012497451,-0.08454252,-0.0008090613,-0.00018111768,0.0012902725
10076000,-0.00023609633,-0.00012047652,-0.0849106,-0.0008255002,-0.00015198442,0.0012506553
10084000,-0.00024015721,-0.000116069896,-0.08526778,-0.0007931739,-0.00017098567,0.0012415401
10092000,-0.00024389943,-0.00011213871,-0.08561423,-0.0007631674,-0.00023564284,0.0012618627
10100000,-0.00024763768,-0.00010856048,-0.085950136,-0.0007841495,-0.00023942284,0.0012629273
10108000,-0.00025150934,-0.0001051782,-0.08627593,-0.00079880876,-0.00024363563,0.0012547645
10116000,-0.00025529502,-0.00010177506,-0.08659212,-0.0007573753,-0.00020778288,0.0011971138
10124000,-0.00025877997,-9.818538e-05,-0.08690049,-0.00074920995,-0.00018240669,0.001158589
10132000,-0.00026249493,-9.46295e-05,-0.087199844,-0.0007981596,-0.00016897096,0.0011237555
10140000,-0.00026646722,-9.097809e-05,-0.087489985,-0.00082643045,-0.00015158582,0.0011916124
10148000,-0.00027069796,-8.730028e-05,-0.08777112,-0.00083813624,-0.00013465733,0.0011529552
10156000,-0.00027440386,-8.3799256e-05,-0.08804396,-0.0007883189,-0.00015539426,0.0011369252
10164000,-0.00027790543,-8.043767e-05,-0.088308655,-0.00078189356,-0.00013820613,0.0011219436
10172000,-0.0002814127,-7.677928e-05,-0.08847444,-0.00080509967,-6.428729e-05,0.0010535034
10180000,-0.00028542688,-7.284398e-05,-0.088635206,-0.00089929317,-6.189665e-05,0.0010553438
10188000,-0.0002898652,-6.909549e-05,-0.088791214,-0.0009031952,-6.3284926e-05,0.0009935929
10196000,-0.0002940893,-6.526718e-05,-0.08894234,-0.0008575453,-2.9820703e-06,0.0010198933
10204000,-0.00029801732,-6.096816e-05,-0.08908845,-0.0008339916,5.452665e-05,0.0010684717
10212000,-0.00030176397,-5.653766e-05,-0.0892293,-0.0008201767,5.012991e-05,0.0011281727
10220000,-0.00030551784,-5.2420073e-05,-0.089309074,-0.0008280885,3.1025756e-05,0.0010584131
10228000,-0.0003094539,-4.822988e-05,-0.08938678,-0.00086925336,6.670332e-05,0.0009688071
10236000,-0.00031376322,-4.4062996e-05,-0.0894622,-0.0009115055,5.2327523e-05,0.00096433994
10244000,-0.0003182235,-4.0133436e-05,-0.08953477,-0.00091487943,4.406966e-05,0.0009772998
10252000,-0.0003227219,-3.621559e-05,-0.08960491,-0.00092000543,5.918393e-05,0.00095791207
10260000,-0.00032536752,-3.1745854e-05,-0.08967765,-0.00088221696,1.4876508e-05,0.00090935535
10268000,-0.00032796487,-2.7579123e-05,-0.08973646,-0.0008913575,1.2559811e-05,0.00093195686
10276000,-0.00033044806,-2.3732699e-05,-0.08979307,-0.0008591903,-4.630292e-05,0.0009324947
10284000,-0.00033278187,-2.0326836e-05,-0.08984754,-0.000838561,-5.4819007e-05,0.00093628955
10292000,-0.00033475837,-1.687365e-05,-0.08990014,-0.0007870365,-2.3074452e-05,0.0009011869
10300000,-0.00033678793,-1.3459838e-05,-0.08995087,-0.00081961625,-3.4213932e-05,0.00091285445
10308000,-0.00033894135,-1.012741e-05,-0.08999962,-0.0008236982,-3.0108393e-05,0.00090876064
10316000,-0.00034126214,-6.962772e-06,-0.09004682,-0.0008628892,-5.1959745e-05,0.00085078995
10324000,-0.00034380847,-4.187871e-06,-0.09014819,-0.0008836919,-9.9932295e-05,0.00080848945
10332000,-0.00034654967,-1.5767454e-06,-0.0902464,-0.00089001603,-6.3695246e-05,0.0007841336
10340000,-0.00034925964,1.1759744e-06,-0.09034153,-0.00088013464,-4.9700306e-05,0.00076619035
10348000,-0.0003519171,3.9913157e-06,-0.09043352,-0.0008673487,-2.9399702e-05,0.00077854376
10356000,-0.00035450814,7.1243653e-06,-0.090522654,-0.00090454106,2.9335217e-05,0.0007066096
10364000,-0.0003571701,1.0462616e-05,-0.09060926,-0.0008779444,3.4902107e-05,0.00067352573
10372000,-0.00035974866,1.3539899e-05,-0.09090793,-0.0008796963,-6.617832e-06,0.00068733084
10380000,-0.00036243888,1.6429965e-05,-0.091197506,-0.0009167822,6.4579363e-06,0.0007021911
10388000,-0.00036543456,1.9412382e-05,-0.09147841,-0.00093566405,4.100053e-05,0.0006436884
10396000,-0.00036865147,2.2511424e-05,-0.09175131,-0.00097354816,4.4584445e-05,0.0006101841
10404000,-0.0003722461,2.5322783e-05,-0.09201609,-0.001001435,-2.60175e-06,0.00060498505
10412000,-0.00037588336,2.7981327e-05,-0.09227298,-0.001015104,3.779715e-05,0.0005636061
10420000,-0.0003796024,3.0912357e-05,-0.09251585,-0.0010037047,6.556956e-05,0.0005270098
10428000,-0.000383416,3.398912e-05,-0.09275175,-0.0010330532,0.00011234521,0.0004643627
10436000,-0.00038745854,3.7282716e-05,-0.09298109,-0.0010416765,0.00011763348,0.00037599306
10444000,-0.0003913818,4.0340357e-05,-0.09320393,-0.0009972545,8.551484e-05,0.00033156812
10452000,-0.0003950339,4.334214e-05,-0.093420446,-0.0009883204,0.00012067039,0.00029117224
10460000,-0.00039868732,4.6688012e-05,-0.093630455,-0.0009864874,0.00019159682,0.00030266895
10468000,-0.00040017552,5.066359e-05,-0.093761295,-0.0010164937,0.00023995622,0.00028347858
10476000,-0.0004021243,5.487209e-05,-0.09388813,-0.001068122,0.00028262826,0.00026993296
10484000,-0.00040413658,5.905941e-05,-0.09401113,-0.0010486073,0.00026125603,0.00027260874
10492000,-0.0004061078,6.340016e-05,-0.09412999,-0.0010282317,0.00032914247,0.00031391135
10500000,-0.0004081417,6.8148416e-05,-0.094244994,-0.0010574821,0.00037543222,0.00031747026
10508000,-0.0004105094,7.321247e-05,-0.094356395,-0.0010825626,0.00042893487,0.0002842638
10516000,-0.0004127413,7.8220066e-05,-0.094464205,-0.0010327791,0.0003760075,0.0003261724
10524000,-0.00041474774,8.2776955e-05,-0.094529286,-0.000997378,0.0003423291,0.00032011513
10532000,-0.00041661962,8.711781e-05,-0.09459194,-0.0010014744,0.0003256566,0.00035826917
10540000,-0.00041839,9.132728e-05,-0.09465219,-0.00094693014,0.00034361478,0.00040405977
10548000,-0.00041989304,9.5484276e-05,-0.09470984,-0.0009391384,0.0003411432,0.00047443697
10556000,-0.0004214332,9.9752455e-05,-0.094764784,-0.00093739084,0.0004052754,0.00054769765
10564000,-0.00042296242,0.000104180865,-0.094817474,-0.0009334497,0.00040695656,0.0005406117
10572000,-0.00042449645,0.00010852525,-0.09471252,-0.0009162472,0.0004079721,0.000517097
10580000,-0.00042613017,0.0001127753,-0.094610125,-0.00094644265,0.0003906226,0.0005329122
10588000,-0.0004279272,0.000116847485,-0.09451011,-0.00095426355,0.00038832048,0.0005537597
10596000,-0.00042995624,0.00012100864,-0.0944126,-0.0009817296,0.00042724874,0.00050380896
10604000,-0.00043203722,0.00012529136,-0.0943177,-0.00095563347,0.000424525,0.0005298898
10612000,-0.0004339711,0.00012952545,-0.09422477,-0.0009435758,0.0004415431,0.0005503522
10620000,-0.0004358825,0.000133837,-0.09424018,-0.0009510966,0.00046427094,0.0005819815
10628000,-0.00043806908,0.0001382672,-0.094254546,-0.0009755129,0.00048406946,0.0005945639
10636000,-0.00044050932,0.00014280525,-0.09426805,-0.0010116783,0.0005048706,0.0005860943
10644000,-0.00044306656,0.00014745923,-0.09428072,-0.0009839697,0.00053681235,0.0005933142
10652000,-0.00044559926,0.00015242961,-0.09429264,-0.0010021032,0.00057378726,0.00057707704
10660000,-0.00044817646,0.00015735738,-0.09430378,-0.0009768887,0.00054812286,0.0005711892
10668000,-0.00045038702,0.00016182964,-0.09426705,-0.0009132479,0.0004928941,0.0005858906
10676000,-0.00044955435,0.0001658217,-0.0942331,-0.00091417733,0.00042982362,0.0005834732
10684000,-0.00044863744,0.0001694304,-0.09419981,-0.00089000276,0.00041908678,0.00057389017
10692000,-0.00044755824,0.00017275114,-0.09416674,-0.000852024,0.00038023616,0.0006356104
10700000,-0.0004465125,0.00017576096,-0.09413402,-0.0008890645,0.00035306613,0.00061902223
10708000,-0.00044600503,0.0001784008,-0.094101675,-0.0009489934,0.0002968647,0.0006511722
10716000,-0.00044583328,0.0001807761,-0.09406957,-0.0009522397,0.00028545337,0.00067802117
10724000,-0.00044580287,0.00018287204,-0.09403005,-0.0009580964,0.0002598206,0.0006356781
10732000,-0.00044565104,0.00018496506,-0.09399151,-0.0009148906,0.00029609576,0.00060279603
10740000,-0.00044545156,0.00018718086,-0.093953796,-0.00093280035,0.0003067424,0.00060098956
10748000,-0.00044560985,0.000189598,-0.093916476,-0.00096846896,0.00034258034,0.0006449147
10756000,-0.0004463215,0.00019225107,-0.09387976,-0.0010060663,0.00037119465,0.00060856837
10764000,-0.00044727605,0.00019499235,-0.09384362,-0.0009885216,0.0003712842,0.0006516427
10772000,-0.0004480112,0.00019764468,-0.09382404,-0.0009583774,0.00035002158,0.0006506166
10780000,-0.00044877006,0.00020016775,-0.09380457,-0.000959219,0.00037463094,0.00065210304
10788000,-0.00044963267,0.00020274353,-0.09378514,-0.00096426747,0.00034827116,0.0006627856
10796000,-0.0004505401,0.00020503059,-0.093765944,-0.0009521645,0.00032936194,0.0006053982
10804000,-0.0004513998,0.00020723764,-0.09374723,-0.0009349549,0.00033027114,0.0005982087
10812000,-0.00045231637,0.00020948554,-0.09372855,-0.0009518586,0.00035298508,0.00058447017
10820000,-0.00045344845,0.0002119867,-0.09381101,-0.0009503002,0.00041669188,0.0005804462
10828000,-0.0004545771,0.00021478249,-0.09389063,-0.00096410525,0.0004243523,0.00058236584
10836000,-0.0004559555,0.00021755841,-0.093967624,-0.00096581347,0.0004110729,0.00054697704
10844000,-0.00045735837,0.00022020488,-0.094042294,-0.00095170643,0.00040243572,0.0005160648
10852000,-0.00045858606,0.0002226503,-0.094114706,-0.00090564066,0.0003873,0.00046569988
10860000,-0.00045964864,0.00022505957,-0.09418505,-0.00091370626,0.0004020556,0.00042017348
10868000,-0.00046097825,0.00022766629,-0.09434999,-0.00092014263,0.00044293646,0.00041377856
10876000,-0.0004623572,0.0002305933,-0.09450985,-0.00092157855,0.0004779297,0.00040793204
10884000,-0.00046070505,0.00023255264,-0.094667576,-0.0009309138,0.00047880088,0.00040267868
10892000,-0.0004591638,0.00023434915,-0.09482037,-0.00091457117,0.0004509479,0.0003970914
10900000,-0.0004573758,0.00023603522,-0.09496869,-0.0008416564,0.00043714026,0.0003438054
10908000,-0.00045513563,0.00023753969,-0.09511278,-0.0007863831,0.00042849785,0.00029843068
10916000,-0.00045274405,0.00023885752,-0.09525269,-0.0007831023,0.0003900991,0.00025579162
10924000,-0.0004505696,0.00023984484,-0.09538317,-0.00079461915,0.00035652515,0.00019298162
10932000,-0.0004485029,0.00024075896,-0.09551021,-0.0007909288,0.00037911587,9.9351906e-05
10940000,-0.00044651754,0.00024183175,-0.09563364,-0.0007890254,0.00037682094,0.00011229089
10948000,-0.0004446643,0.0002426643,-0.09575324,-0.00078530086,0.00033931757,9.50545e-05
10956000,-0.0004427205,0.00024348183,-0.095869035,-0.0007549477,0.00035469595,0.00012058029
10964000,-0.000440732,0.00024454392,-0.09598099,-0.00074364734,0.00038378904,0.00014780108
10972000,-0.0004387235,0.0002457033,-0.09615437,-0.000719814,0.00038972034,0.00015777427
10980000,-0.00043661948,0.0002468172,-0.09632226,-0.0007160197,0.0003840911,0.00021123297
10988000,-0.00043461286,0.0002478246,-0.09648459,-0.000705339,0.00035863253,0.00024330756
10996000,-0.0004328153,0.00024863434,-0.096641645,-0.0007422551,0.00034538945,0.00027909473
11004000,-0.0004314644,0.00024922306,-0.0967937,-0.00078961736,0.00029481875,0.0003090348
11012000,-0.0004305223,0.0002493724,-0.09694098,-0.00080637727,0.0002517797,0.00026758117
11020000,-0.00042957955,0.00024935766,-0.097139865,-0.00079710834,0.0002609401,0.0002667032
11028000,-0.0004285999,0.00024965304,-0.097332455,-0.0007534017,0.00032704425,0.0003302671
11036000,-0.00042756158,0.00025034652,-0.09751885,-0.00076191354,0.00034650206,0.0003326808
11044000,-0.00042661434,0.0002509997,-0.09769947,-0.00074879004,0.00032843964,0.00035406734
11052000,-0.00042555798,0.00025173926,-0.09787452,-0.00072854036,0.0003899058,0.00033250777
11060000,-0.0004244353,0.00025303435,-0.098044485,-0.0006940284,0.00044800667,0.00029376155
11068000,-0.00042334976,0.0002546742,-0.098029986,-0.00072112324,0.000476667,0.0003235319
11076000,-0.00042252342,0.00025643074,-0.09801526,-0.00072011637,0.0004757834,0.0003499665
11084000,-0.00042181523,0.00025795927,-0.0980004,-0.0007492918,0.00043973676,0.00036519158
11092000,-0.00041843308,0.00025810147,-0.09798675,-0.0007386913,0.00037374202,0.00033886603
11100000,-0.00041502342,0.0002576643,-0.09797337,-0.00073522876,0.00032034627,0.00029425704
11108000,-0.00041185596,0.00025724422,-0.097960345,-0.0007579012,0.00037593037,0.00027022057
11116000,-0.00040903306,0.00025724573,-0.097947374,-0.00077325024,0.0004056667,0.00025600655
11124000,-0.0004063442,0.0002571959,-0.09799551,-0.000785896,0.00037516156,0.0002727824
11132000,-0.00040385989,0.00025705728,-0.09804195,-0.0007940308,0.0003709466,0.00023133069
11140000,-0.0004016741,0.00025661604,-0.09808696,-0.000818726,0.0003029264,0.00021183786
11148000,-0.0003996279,0.0002558847,-0.09813019,-0.0007943114,0.0002960979,0.00025898055
11156000,-0.00039761435,0.0002550702,-0.098171696,-0.00081528135,0.00025651295,0.00023743777
11164000,-0.00039597135,0.00025394052,-0.098211825,-0.0008343231,0.00024913647,0.00023993551
11172000,-0.0003945644,0.00025313004,-0.09829782,-0.0008673382,0.00029697872,0.00023826024
11180000,-0.00039367337,0.00025240012,-0.09838132,-0.0009176204,0.0002678952,0.00019183148
11188000,-0.00039309406,0.00025142526,-0.098462164,-0.0009150499,0.0002536741,0.00019572838
11196000,-0.00039254405,0.00025036963,-0.098540336,-0.0008945732,0.0002338673,0.00020337244
11204000,-0.00039181818,0.00024912067,-0.09861562,-0.0008756731,0.0002024186,0.00024976558
11212000,-0.00039139853,0.00024748303,-0.09868822,-0.0009102691,0.00013446412,0.00024876298
11220000,-0.00039107542,0.00024558094,-0.098797716,-0.0008967644,0.0001412262,0.00023475793
11228000,-0.00039091994,0.00024363003,-0.09890369,-0.0009172972,0.00012055506,0.0002550861
11236000,-0.00039097536,0.00024159101,-0.09900612,-0.00091079494,0.00010670568,0.0002644464
11244000,-0.0003910779,0.0002393496,-0.099105105,-0.0009090259,6.695858e-05,0.00029612303
11252000,-0.00039116823,0.00023681435,-0.09920075,-0.00089821755,4.5662324e-05,0.00027556956
11260000,-0.00039127612,0.00023440002,-0.09929343,-0.0008724105,9.945863e-05,0.00027467572
11268000,-0.0003912419,0.00023236043,-0.099421516,-0.0008382845,0.00011366114,0.00022782368
11276000,-0.00039100178,0.00023035654,-0.09954598,-0.00080198277,9.409798e-05,0.00022501039
11284000,-0.0003907618,0.00022802915,-0.099666506,-0.0008122476,6.5047236e-05,0.00018417343
11292000,-0.00039060268,0.00022562438,-0.09978364,-0.00079262786,6.7247376e-05,0.00012835952
11300000,-0.0003879604,0.00022269547,-0.09989895,-0.0007573075,0.00011956003,6.345752e-05
11308000,-0.00038559554,0.00022010102,-0.10001086,-0.00078546134,0.00014386397,8.272593e-05
11316000,-0.0003833309,0.00021761048,-0.10011907,-0.000779454,0.00012837506,8.604526e-05
11324000,-0.0003808625,0.00021496679,-0.10027261,-0.0006999761,0.00011970631,0.00010164739
11332000,-0.00037802616,0.00021228778,-0.100421466,-0.0006578853,0.00010860861,6.977095e-05
11340000,-0.0003748668,0.00020941338,-0.100565985,-0.00059325027,6.793714e-05,4.308826e-05
11348000,-0.00037147707,0.000206424,-0.100706,-0.0005785051,7.5771284e-05,8.422582e-05
11356000,-0.00036832315,0.00020357843,-0.10084141,-0.0006466917,8.3147446e-05,8.80268e-05
11364000,-0.00036601882,0.00020068073,-0.10097264,-0.0007503617,6.3700834e-05,9.7456075e-05
11372000,-0.0003642673,0.00019773349,-0.10117257,-0.00075272174,6.754236e-05,8.691529e-05
11380000,-0.0003624276,0.00019470644,-0.10136661,-0.0007238882,2.1181908e-05,5.832092e-05
11388000,-0.0003605949,0.00019147548,-0.101554945,-0.0007000953,2.9775807e-05,3.306676e-05
11396000,-0.00035847435,0.00018827947,-0.10173765,-0.00064225035,4.9821674e-06,4.3480297e-05
11404000,-0.00035619104,0.00018466031,-0.10191482,-0.00062582653,-5.889099e-05,3.3815704e-05
11412000,-0.00035397615,0.00018088102,-0.10208653,-0.00062485476,-4.431224e-05,5.764264e-05
11420000,-0.00035158408,0.00017714936,-0.1023365,-0.00056233886,-7.2236726e-05,5.5990462e-05
11428000,-0.00034888156,0.00017329463,-0.102579035,-0.00053681026,-5.8365225e-05,6.231401e-05
11436000,-0.00034629984,0.00016949262,-0.1028144,-0.00054962107,-7.395345e-05,1.21482935e-05
11444000,-0.00034370265,0.00016530445,-0.10304303,-0.00052008923,-0.00015837565,-1.3575927e-06
11452000,-0.0003411821,0.0001606934,-0.10326492,-0.0005262783,-0.00019121502,-2.1146705e-05
11460000,-0.00033872784,0.00015575491,-0.10348024,-0.00052095245,-0.00023359623,-2.2587175e-05
11468000,-0.00033642852,0.0001504524,-0.103635095,-0.00053182436,-0.00029678034,-4.9387745e-05
11476000,-0.00033412254,0.0001448385,-0.103785194,-0.0005000354,-0.0003114343,-1.7145108e-05
11484000,-0.00033178393,0.00013910672,-0.10393087,-0.00050534715,-0.00033413232,-0.00010388296
11492000,-0.0003297355,0.00013308492,-0.1040726,-0.0005357325,-0.00039846744,-0.00011896203
11500000,-0.0003278822,0.00012672013,-0.104209825,-0.0005222281,-0.00040761384,-9.142361e-05
11508000,-0.00032357915,0.00012058229,-0.10434317,-0.0004913492,-0.000392534,-0.00017728677
11516000,-0.00031880988,0.000114871655,-0.10447285,-0.0003841619,-0.00032448047,-0.00020823407
11524000,-0.00031344945,0.0001094476,-0.10464793,-0.0003419456,-0.00034385317,-0.00022617244
11532000,-0.00030830633,0.00010372092,-0.1048177,-0.00036665553,-0.00037801603,-0.00021226575
11540000,-0.00030307702,9.802076e-05,-0.10498233,-0.00029706865,-0.00034058135,-0.00022427073
11548000,-0.0002976923,9.256372e-05,-0.1051418,-0.0003216817,-0.0003448286,-0.00017618449
11556000,-0.00029266477,8.711541e-05,-0.10529624,-0.0003113689,-0.00034517652,-0.00017215422
11564000,-0.0002874871,8.170674e-05,-0.105446,-0.00025914665,-0.0003276265,-0.00019376123
11572000,-0.00028220777,7.63524e-05,-0.10573263,-0.00025368776,-0.00034168136,-0.00023675428
11580000,-0.0002771213,7.092652e-05,-0.10601086,-0.0002734694,-0.00036808694,-0.00021500117
11588000,-0.0002720409,6.528396e-05,-0.1062805,-0.0002255202,-0.00039108552,-0.00016523997
11596000,-0.00026655124,5.938171e-05,-0.10654207,-0.00016425794,-0.0004394449,-0.00018159676
11604000,-0.0002609191,5.3022093e-05,-0.106795825,-0.00015809506,-0.0004952901,-0.00016124157
11612000,-0.00025544185,4.6349178e-05,-0.10704197,-0.00015266503,-0.00054251216,-0.00018205747
11620000,-0.00024974035,3.942041e-05,-0.1073636,-8.883007e-05,-0.00055281684,-0.00016463565
11628000,-0.00024366536,3.2484764e-05,-0.107675515,-3.9995193e-05,-0.00055005605,-0.0001447177
11636000,-0.00023755709,2.5429636e-05,-0.10797846,-5.1661176e-05,-0.0005836151,-0.00022740207
11644000,-0.00023189044,1.8226418e-05,-0.10827312,-0.00011726546,-0.000611778,-0.00029556232
11652000,-0.00022652205,1.0597431e-05,-0.108559296,-9.9518424e-05,-0.0006883064,-0.00029068888
11660000,-0.00022101897,2.4469864e-06,-0.108836986,-5.8394806e-05,-0.0007338336,-0.0003049862
11668000,-0.00021532475,-5.7968628e-06,-0.10897874,-2.9151155e-05,-0.0007299786,-0.00029872506
11676000,-0.00020945801,-1.3823843e-05,-0.10911604,-1.0809513e-06,-0.00068805274,-0.00028702163
11684000,-0.00020348145,-2.1631928e-05,-0.1092493,4.8174887e-05,-0.0006705615,-0.00034164597
11692000,-0.00019753887,-2.9224317e-05,-0.10937869,-1.1364033e-05,-0.0006548996,-0.00031977924
11700000,-0.0001919673,-3.6852227e-05,-0.109503746,1.8816818e-05,-0.00066603447,-0.00028360923
11708000,-0.00018602365,-4.4485998e-05,-0.10962472,6.504598e-05,-0.0006799778,-0.00025414384
11716000,-0.00017834139,-5.067989e-05,-0.10974044,0.00010287774,-0.0007021548,-0.0002288374
11724000,-0.00017087336,-5.676981e-05,-0.10978136,4.163306e-05,-0.0006698108,-0.0002675181
11732000,-0.00016365958,-6.2930296e-05,-0.109820664,6.663038e-05,-0.0007175661,-0.00020847144
11740000,-0.00015655464,-6.9262074e-05,-0.109858245,4.9091122e-05,-0.00070212455,-0.00019966021
11748000,-0.0001494749,-7.562634e-05,-0.10989439,7.940025e-05,-0.00073810475,-0.00019497787
11756000,-0.00014251356,-8.188363e-05,-0.10992924,8.025427e-05,-0.000701185,-0.00019985747
11764000,-0.00013574383,-8.802199e-05,-0.10996262,6.75247e-05,-0.00073161477,-0.0001819275
11772000,-0.00012883384,-9.433885e-05,-0.109958455,0.00011885485,-0.0007218329,-0.00016991084
11780000,-0.000121908575,-0.00010072605,-0.109953955,0.00011926166,-0.0007771516,-0.00015493321
11788000,-0.00011488175,-0.000107576474,-0.109949104,0.00015740244,-0.00080988166,-0.00011615564
11796000,-0.00010784395,-0.00011453787,-0.10994348,0.00016775206,-0.00083040085,-4.6347417e-05
11804000,-0.000100832614,-0.00012163725,-0.10993746,0.00014811725,-0.0008313757,-5.8433434e-05
11812000,-9.3990886e-05,-0.0001287218,-0.10993137,0.00018487024,-0.0008465717,-7.210779e-05
11820000,-8.697171e-05,-0.00013598135,-0.109937735,0.00020157217,-0.00086814695,-9.1576556e-05
11828000,-7.984872e-05,-0.00014336736,-0.109943256,0.0002276605,-0.00087690266,-1.676417e-06
11836000,-7.2835326e-05,-0.00015068894,-0.1099477,0.00021418858,-0.0008585552,3.813469e-05
11844000,-6.599839e-05,-0.00015797064,-0.109951146,0.00021173981,-0.000880101,0.00013473898
11852000,-5.915985e-05,-0.00016562203,-0.10995325,0.00022903399,-0.0009457236,0.0002243477
11860000,-5.229136e-05,-0.00017352388,-0.10995461,0.00025787778,-0.0009368347,0.00020087174
11868000,-4.5131936e-05,-0.00018137749,-0.11004442,0.00029819398,-0.0009545178,0.00022131404
11876000,-3.8113933e-05,-0.00018932718,-0.11013091,0.00025576766,-0.0009541481,0.00027018026
11884000,-3.1513977e-05,-0.00019731747,-0.11021414,0.0002462693,-0.000974136,0.00029497323
11892000,-2.490074e-05,-0.00020538854,-0.11029469,0.0002718949,-0.0009671308,0.00025518824
11900000,-1.8236191e-05,-0.00021338771,-0.11037255,0.0002629002,-0.00095783215,0.00026004761
11908000,-1.1732657e-05,-0.00022115702,-0.11044782,0.00026865106,-0.00092438795,0.00027233988
11916000,-5.3144163e-06,-0.00022879767,-0.110520124,0.00026120566,-0.0009282034,0.00030919438
11924000,6.8983553e-07,-0.00023351223,-0.11057438,0.00023542205,-0.0009321841,0.00028755245
11932000,6.220543e-06,-0.00023803333,-0.110626794,0.00017807788,-0.0008924178,0.00027778198
11940000,1.1587194e-05,-0.00024243319,-0.1106772,0.00020995265,-0.00090195023,0.00030837551
11948000,1.7114164e-05,-0.0002470489,-0.11072562,0.00021924014,-0.00091173785,0.00028552802
11956000,2.244062e-05,-0.00025173702,-0.110772334,0.00024396744,-0.0009314519,0.00028669368
11964000,2.8027604e-05,-0.000256581,-0.11081733,0.0002572478,-0.0009555736,0.0002704898
11972000,3.3520133e-05,-0.0002617903,-0.11088825,0.00028417527,-0.000993649,0.00020480914
11980000,3.938364e-05,-0.00026722293,-0.11095693,0.00034390416,-0.001030169,0.00022864007
11988000,4.539857e-05,-0.00027281468,-0.111023046,0.0003342717,-0.0010209444,0.00023653179
11996000,5.1086266e-05,-0.00027860177,-0.11108702,0.0003113879,-0.0010698214,0.00019121359
12004000,5.6549514e-05,-0.0002843866,-0.11114906,0.0002860133,-0.0010147848,0.0001638917
12012000,6.186945e-05,-0.0002898466,-0.11120887,0.000300208,-0.0009890972,0.00019851842
12020000,6.713669e-05,-0.00029503822,-0.11124897,0.00029173822,-0.00094420544,0.00022315876
12028000,7.2233626e-05,-0.0002999797,-0.11128737,0.00029002893,-0.0009243864,0.00023609889
12036000,7.728954e-05,-0.000304597,-0.111324124,0.00028037105,-0.0008573949,0.00023560847
12044000,8.2056285e-05,-0.0003090208,-0.11135944,0.00026466028,-0.00087989075,0.00025542572
12052000,8.696699e-05,-0.00031354037,-0.11139322,0.00030778802,-0.0008620448,0.00025291994
12060000,9.182633e-05,-0.00031792262,-0.111425586,0.00028881512,-0.00084372004,0.00025567555
12068000,9.644832e-05,-0.00032222294,-0.111453235,0.00025846477,-0.0008473951,0.00032831225
12076000,0.0001008398,-0.00032657562,-0.111479476,0.00026550386,-0.00083910616,0.00028452356
12084000,0.00010526413,-0.00033079492,-0.11150487,0.0002758051,-0.00082246546,0.0002569755
12092000,0.00010972794,-0.00033498704,-0.111529365,0.00029565181,-0.00082202227,0.00023344028
12100000,0.0001142029,-0.0003391624,-0.111552946,0.00030419722,-0.00082038913,0.00019933199
12108000,0.00011886654,-0.00034345838,-0.111575805,0.0003416638,-0.00084687205,0.00013920794
12116000,0.00012351006,-0.00034799468,-0.11159806,0.0003417807,-0.0008563885,0.00011420257
12124000,0.00012824583,-0.00035254878,-0.11165576,0.00036550246,-0.0008557711,0.00013567612
12132000,0.00013199537,-0.00035323988,-0.111713395,0.0003920908,-0.00086203497,0.00013857773
12140000,0.00013585853,-0.00035396317,-0.111768894,0.00041180057,-0.0008429238,0.00015227073
12148000,0.00013999734,-0.0003543904,-0.1118225,0.0004655537,-0.000781622,0.00010676428
12156000,0.00014453076,-0.00035471053,-0.11187441,0.0005138535,-0.00079118926,0.00012285858
12164000,0.00014912726,-0.0003552042,-0.11192419,0.00049018295,-0.0007905393,0.00016865028
12172000,0.00015349366,-0.00035554456,-0.11201726,0.0004743661,-0.00075165124,0.00018294655
12180000,0.00015780832,-0.0003557032,-0.112107284,0.0005044823,-0.00072289706,0.00017664165
12188000,0.00016225313,-0.00035556202,-0.1121943,0.0004913453,-0.00067090127,0.00018749406
12196000,0.00016655932,-0.00035543033,-0.11227863,0.0005034014,-0.00069976936,0.00015294748
12204000,0.00017093505,-0.00035553792,-0.11236037,0.0005122622,-0.0007192454,0.00012445863
12212000,0.00017515042,-0.00035585632,-0.11243962,0.0004656114,-0.00072470197,0.00010986454
12220000,0.00017891318,-0.0003561717,-0.112601586,0.00043876455,-0.000713637,9.123017e-05
12228000,0.00018256702,-0.0003563405,-0.11275862,0.00043392825,-0.0006702671,0.00010393349
12236000,0.00018604638,-0.0003562188,-0.112910755,0.00040614937,-0.0006307992,9.818977e-05
12244000,0.00018910602,-0.00035578548,-0.11305819,0.00034426377,-0.0005760034,0.000105883766
12252000,0.00019159548,-0.00035503658,-0.11320102,0.00027613709,-0.00054197665,0.00010183682
12260000,0.00019391031,-0.000354016,-0.11333964,0.0003226372,-0.00047799066,6.121258e-05
12268000,0.00019655065,-0.00035246814,-0.113398105,0.00036219234,-0.00042403647,4.0932697e-05
12276000,0.0001995549,-0.00035080157,-0.11345454,0.00042078286,-0.00041217534,6.751494e-05
12284000,0.00020286882,-0.00034890193,-0.113508664,0.00044448758,-0.0003613973,0.00012991323
12292000,0.00020622142,-0.0003467653,-0.113560624,0.00042368192,-0.00034896206,0.0001371996
12300000,0.00020927117,-0.00034471473,-0.1136106,0.00042010564,-0.00034387864,0.00014545505
12308000,0.00021248535,-0.000342457,-0.113658875,0.00044512944,-0.0003145998,0.00014042362
12316000,0.00021569098,-0.00034039575,-0.11370556,0.0004192391,-0.00035461644,9.457641e-05
12324000,0.00021867921,-0.00033832545,-0.11369142,0.000427645,-0.00030258493,5.1572006e-05
12332000,0.00022175747,-0.00033597663,-0.11367736,0.00043214124,-0.00027512488,0.00010166543
12340000,0.00022327313,-0.00033024987,-0.11366504,0.00039026642,-0.00029643346,7.911037e-05
12348000,0.00022462642,-0.0003247793,-0.113652855,0.00039436054,-0.0002978593,9.569508e-05
12356000,0.00022582541,-0.0003192427,-0.1136403,0.00038537523,-0.0002643655,0.00016059
12364000,0.0002268665,-0.00031333938,-0.11362748,0.00036102426,-0.00019816261,0.0001536456
12372000,0.00022800406,-0.00030718904,-0.11349648,0.00038946027,-0.00016570014,0.00014477942
12380000,0.00022913754,-0.00030090642,-0.11336874,0.00039438083,-0.00014905541,0.00019645542
12388000,0.00023051165,-0.00029452652,-0.11324392,0.00044634155,-0.00012474891,0.00021966502
12396000,0.0002322922,-0.00028813156,-0.113122195,0.00048751614,-9.166049e-05,0.0002224172
12404000,0.0002343258,-0.00028161917,-0.11300325,0.00050283637,-0.00010253928,0.00028520773
12412000,0.00023625737,-0.0002754446,-0.1128871,0.0004859656,-0.00014460349,0.00028918017
12420000,0.00023806166,-0.00026969088,-0.112777576,0.00046445325,-0.00016728738,0.00027526382
12428000,0.00023961051,-0.00026413085,-0.112671,0.0004450885,-0.00019670434,0.0002358353
12436000,0.00024105563,-0.00025884138,-0.112567246,0.00042805262,-0.00019034625,0.0002415515
12444000,0.00024251742,-0.00025362126,-0.11246602,0.00046580826,-0.0001997839,0.00022725602
12452000,0.00024431397,-0.00024851048,-0.11236771,0.0004951482,-0.0001877989,0.00014846807
12460000,0.00024607603,-0.0002432306,-0.11227219,0.0004681419,-0.00014586917,0.00015072218
12468000,0.00024770253,-0.00023781345,-0.11218453,0.00046540142,-0.00012919758,0.00012514852
12476000,0.00024919023,-0.00023259141,-0.112099215,0.00044200014,-0.00016557131,0.00011559792
12484000,0.00025058156,-0.00022743209,-0.11201601,0.00044410944,-0.00011723946,0.00010435071
12492000,0.00025214022,-0.00022193391,-0.111935034,0.0004777574,-7.77692e-05,9.14985e-05
12500000,0.0002538097,-0.00021626842,-0.11185594,0.0004855075,-4.5146564e-05,9.58803e-05
12508000,0.00025562465,-0.00021050689,-0.11177868,0.0005113276,-3.1444637e-05,0.00011605283
12516000,0.00025778753,-0.00020468143,-0.11170305,0.00057533395,-7.3436568e-06,0.00012744246
12524000,0.00026019293,-0.0001989716,-0.11159223,0.0005763289,-4.2406307e-05,9.864162e-05
12532000,0.00026289973,-0.00019348123,-0.11148437,0.00063002727,-3.5582547e-05,7.785236e-05
12540000,0.00026576244,-0.00018806983,-0.11137924,0.0006317414,-2.760622e-05,8.8212306e-05
12548000,0.00026749363,-0.00018143353,-0.111280285,0.00062349177,-2.9308092e-05,0.00010519508
12556000,0.00026923238,-0.00017479986,-0.11118364,0.0006411499,-3.3945716e-06,0.00012458248
12564000,0.000271035,-0.00016796369,-0.11108955,0.0006264412,5.90003e-05,8.341514e-05
12572000,0.0002726237,-0.00016071809,-0.11108293,0.000601556,9.188634e-05,0.000113397815
12580000,0.00027400692,-0.00015356475,-0.11107604,0.0005542685,9.144169e-05,0.00012635856
12588000,0.00027512776,-0.00014636877,-0.111068845,0.00054219237,0.00012830767,0.00016195481
12596000,0.00027630618,-0.00013902788,-0.11106125,0.0005775231,0.00014023276,0.00017932549
12604000,0.0002778647,-0.00013162196,-0.1110536,0.000625307,0.00016159925,0.00017159525
12612000,0.00028006575,-0.00012419812,-0.1110459,0.00072397565,0.00018672887,0.00015851745
12620000,0.0002826272,-0.00011663756,-0.111031815,0.00072114065,0.00020605075,0.00021777171
12628000,0.00028517592,-0.000109346794,-0.11101733,0.0007035383,0.00015502593,0.00025625768
12636000,0.0002874816,-0.00010240003,-0.11100306,0.0006712758,0.00014559747,0.00020759318
12644000,0.00028961847,-9.5495554e-05,-0.11098897,0.0006622483,0.00017808196,0.00022981093
12652000,0.00029199073,-8.840058e-05,-0.11097481,0.00071971555,0.0002025839,0.0002443356
12660000,0.0002944438,-8.1381695e-05,-0.11096049,0.0006870165,0.00017742519,0.00026770603
12668000,0.0002969178,-7.4603224e-05,-0.110897094,0.0007121336,0.00015700691,0.00020794255
12676000,0.00029957847,-6.8075744e-05,-0.110835515,0.0007281302,0.00016596065,0.00020647726
12684000,0.00030222043,-6.169835e-05,-0.11077515,0.0007175556,0.00014997962,0.00023436261
12692000,0.0003051589,-5.5420707e-05,-0.110716194,0.0007846004,0.0001359314,0.00022812479
12700000,0.00030835808,-4.9399136e-05,-0.110658504,0.0007840873,0.00012571206,0.0002467061
12708000,0.00031152327,-4.3493572e-05,-0.110601984,0.00077427743,0.00013572974,0.00025245897
12716000,0.0003146933,-3.740319e-05,-0.11054675,0.0007840207,0.00019005526,0.0002617718
12724000,0.00031817195,-3.107038e-05,-0.11051066,0.0008448511,0.00021995931,0.00026589746
12732000,0.0003220047,-2.4558816e-05,-0.11047516,0.0008635177,0.00024745968,0.00029155565
12740000,0.00032594902,-1.8132481e-05,-0.11044009,0.0008744059,0.00023666135,0.00031590313
12748000,0.00033001104,-1.1917786e-05,-0.110405676,0.00087836065,0.00020825528,0.00030095247
12756000,0.00033271243,-6.631138e-06,-0.11037407,0.000890977,0.00016297544,0.00029008897
12764000,0.0003354637,-1.4677099e-06,-0.1103432,0.0008988524,0.00018802978,0.00026313635
12772000,0.00033826983,3.5808375e-06,-0.11047301,0.0008923273,0.00016909043,0.0002494161
12780000,0.0003411232,8.703794e-06,-0.110598885,0.0009023473,0.00020734858,0.0002611965
12788000,0.00034404907,1.3802476e-05,-0.11072081,0.00089530123,0.00018607354,0.00024247097
12796000,0.00034710066,1.8687742e-05,-0.1108391,0.00092989363,0.00018114327,0.0002304809
12804000,0.00035025162,2.3262895e-05,-0.11095381,0.0009091679,0.00013002547,0.00022295369
12812000,0.00035334396,2.7559727e-05,-0.111065015,0.00092058774,0.00015237783,0.00021675268
12820000,0.0003566729,3.2235563e-05,-0.11119206,0.0009333658,0.00021986608,0.00020901421
12828000,0.00036011965,3.7085047e-05,-0.11131511,0.0009544559,0.00021303342,0.0002387153
12836000,0.00036365795,4.161639e-05,-0.1114341,0.0009503531,0.00019089671,0.00025211868
12844000,0.00036726895,4.629265e-05,-0.111549534,0.0009502445,0.00024481208,0.00022646658
12852000,0.00037074217,5.1031646e-05,-0.111661494,0.00092979707,0.00023119962,0.0002204365
12860000,0.00037422887,5.545343e-05,-0.111770004,0.00095133844,0.00019272412,0.00022663033
12868000,0.0003781161,5.945319e-05,-0.1117626,0.0010019102,0.00014314234,0.00021586499
12876000,0.00038231577,6.3181884e-05,-0.11175519,0.0010319861,0.00014937489,0.00021497796
12884000,0.00038661723,6.6954846e-05,-0.111747585,0.0010004656,0.00016845019,0.00025516498
12892000,0.0003910253,7.067843e-05,-0.11173962,0.0010685265,0.00015944004,0.00026553628
12900000,0.00039595997,7.425355e-05,-0.11173175,0.0011196864,0.00014611884,0.00024097231
12908000,0.00040110544,7.779025e-05,-0.11172368,0.0011160442,0.0001759541,0.0002860332
12916000,0.00040623354,8.140565e-05,-0.11171539,0.0011048022,0.00018495842,0.00026393423
12924000,0.00041126748,8.5102154e-05,-0.111744605,0.0010638331,0.00020333518,0.0002823341
12932000,0.0004159745,8.883308e-05,-0.11177252,0.00105202,0.00021702498,0.00030714457
12940000,0.0004206651,9.2629445e-05,-0.11179932,0.0010419061,0.00024885742,0.0002789742
12948000,0.0004253541,9.659793e-05,-0.11182544,0.001023086,0.0002623732,0.0002329978
12956000,0.00042993174,0.00010049283,-0.11185068,0.0010389492,0.0002249788,0.00021390496
12964000,0.00043210224,0.000103007806,-0.11187621,0.0010390207,0.00019998704,0.00026079494
12972000,0.00043435645,0.00010550935,-0.11204485,0.0010245636,0.00023546965,0.00019819959
12980000,0.00043633775,0.00010812229,-0.112208545,0.0009865853,0.00023261465,0.00022006629
12988000,0.00043820418,0.00011071435,-0.112367116,0.0009796411,0.00025991217,0.0002502442
12996000,0.00044027023,0.00011353585,-0.11252045,0.0009982194,0.0002861831,0.00030252608
13004000,0.00044246644,0.00011629993,-0.11266905,0.0010051499,0.00027484787,0.0002940301
13012000,0.00044473645,0.0001191574,-0.112813056,0.0010004803,0.00030323816,0.0002880511
13020000,0.0004467811,0.00012188121,-0.11289183,0.0009487064,0.00026261352,0.00030886795
13028000,0.00044879006,0.0001242891,-0.112967774,0.00095801934,0.00024701553,0.0003160497
13036000,0.0004510512,0.00012652474,-0.11304127,0.0010214322,0.00023340911,0.00032924602
13044000,0.00045364603,0.00012859954,-0.113112085,0.0010163012,0.00020302406,0.00037822418
13052000,0.00045635217,0.00013028049,-0.11318015,0.0010269398,0.00016640774,0.00043070715
13060000,0.00045904794,0.00013172391,-0.113245815,0.0010070163,0.00015573452,0.0004100647
13068000,0.00046151466,0.00013305993,-0.1132851,0.00094946456,0.00014103674,0.00040428602
13076000,0.0004637534,0.00013434923,-0.11332306,0.000950616,0.00014932062,0.0004007552
13084000,0.0004658892,0.00013544103,-0.11335946,0.00091054616,0.0001265224,0.00043260845
13092000,0.00046815677,0.00013652505,-0.11339415,0.0009716204,0.00013747362,0.00048583176
13100000,0.00047072602,0.00013769245,-0.11342726,0.00095891795,0.00016421765,0.0004871345
13108000,0.00047312985,0.00013879171,-0.113459244,0.0009314701,0.00013520016,0.0004647362
13116000,0.00047544486,0.00013963452,-0.11348991,0.0009264632,0.00010802665,0.0004865014
13124000,0.00047799305,0.00014008937,-0.113583624,0.00095954305,6.605037e-05,0.00050627015
13132000,0.0004807992,0.00014045263,-0.11367412,0.0009889231,9.6158736e-05,0.0005209721
13140000,0.0004835193,0.00014116595,-0.11376167,0.0009217995,0.0001251167,0.0004988022
13148000,0.00048597195,0.00014155709,-0.11384679,0.00090730126,5.2501622e-05,0.0004512023
13156000,0.0004883364,0.00014143228,-0.11392925,0.00086755445,8.344698e-06,0.00045105568
13168000,0.00049043866,0.00014078204,-0.11400925,0.00082840555,-5.9330912e-05,0.00040517215
13172000,0.00048869645,0.00013901753,-0.11414094,0.0007778226,-7.971096e-05,0.00037981037
13180000,0.00048678915,0.00013715526,-0.11426865,0.0007738842,-9.680762e-05,0.00037515827
13188000,0.00048509688,0.00013526916,-0.11439256,0.0008047028,-7.051135e-05,0.00034865746
13196000,0.0004836333,0.00013360083,-0.114512876,0.0007986036,-4.515291e-05,0.0003017194
13204000,0.00048215414,0.0001318509,-0.114629686,0.0007936675,-5.9731286e-05,0.0003059221
13212000,0.0004809111,0.00013010026,-0.114742935,0.00083629077,-7.193988e-05,0.00028213664
13220000,0.00048012036,0.00012824866,-0.11481295,0.0008814445,-4.727591e-05,0.0003093811
13228000,0.00047969093,0.00012651052,-0.11488066,0.00089593884,-6.578046e-05,0.00030662687
13236000,0.00047937038,0.00012449741,-0.11494611,0.00087260327,-9.532477e-05,0.0003073744
13244000,0.0004786377,0.00012241032,-0.11500934,0.00080268324,-8.721759e-05,0.00031346624
13252000,0.0004776985,0.000120243996,-0.115070455,0.0007874217,-9.609018e-05,0.00031356953
13260000,0.00047678527,0.00011785342,-0.11512945,0.0007941104,-0.00015695227,0.00033780612
13268000,0.0004759767,0.000115014394,-0.115243524,0.0008000818,-0.00018588809,0.0003248284
13276000,0.0004752093,0.000111758694,-0.11535406,0.00076316,-0.00026220814,0.00033929432
13284000,0.00047411298,0.000108045424,-0.1154609,0.0007219705,-0.00029475984,0.0003641697
13292000,0.000472843,0.00010412937,-0.11556442,0.0006963727,-0.00030469868,0.00035259122
13300000,0.0004715222,0.00010023517,-0.11566482,0.0006736049,-0.00028624976,0.00034192062
13308000,0.0004700408,9.659846e-05,-0.11576193,0.00066302245,-0.0002530683,0.00035471187
13316000,0.00046881777,9.299529e-05,-0.11585593,0.00071124383,-0.00024390036,0.00036365233
13324000,0.00046794346,8.961108e-05,-0.1159322,0.0007113046,-0.00022215798,0.0003549842
13332000,0.0004670102,8.622127e-05,-0.1160063,0.00069939886,-0.00021935499,0.0002880689
13340000,0.00046612904,8.292292e-05,-0.11607832,0.0007192659,-0.00021045007,0.0002766829
13348000,0.0004655313,7.95701e-05,-0.1161481,0.0007150891,-0.00023366579,0.00025622087
13356000,0.0004649621,7.611911e-05,-0.11621554,0.00073233026,-0.00024284786,0.00029101007
13364000,0.00046461218,7.265076e-05,-0.11628058,0.0007328245,-0.00025325236,0.00028719846
13372000,0.0004641622,6.907099e-05,-0.116462775,0.0007007502,-0.00025277594,0.00022865509
13380000,0.0004606216,6.55294e-05,-0.11663993,0.0007176657,-0.00030011925,0.00018701059
13388000,0.00045741923,6.1913684e-05,-0.11681196,0.00075051264,-0.00028102082,0.00016208216
13396000,0.00045436423,5.8247628e-05,-0.11697927,0.0007275435,-0.00029687298,7.75586e-05
13404000,0.00045112753,5.4687236e-05,-0.11714204,0.0006795335,-0.00026216815,5.8484264e-05
13412000,0.00044780687,5.11271e-05,-0.117299885,0.0006854883,-0.00029557897,7.784849e-05
13420000,0.0004446506,4.7452068e-05,-0.117481336,0.0006953512,-0.0002780762,6.4414955e-05
13428000,0.0004417628,4.386222e-05,-0.117657736,0.00070725364,-0.00027978024,-3.779105e-06
13436000,0.0004387933,4.013867e-05,-0.117829144,0.0006605174,-0.00032625315,3.9953375e-06
13444000,0.00043563187,3.5847046e-05,-0.117995515,0.00064006564,-0.00039045324,-3.4558136e-05
13452000,0.00043253804,3.1279673e-05,-0.11815703,0.0006531664,-0.00039239987,-1.5017861e-05
13460000,0.00042962012,2.6831809e-05,-0.11831373,0.00064605783,-0.00040580909,-4.4845718e-05
13468000,0.00042669702,2.198156e-05,-0.11847774,0.00063364586,-0.00043364058,-4.1512412e-05
13476000,0.00042376595,1.7306806e-05,-0.11863668,0.0006148659,-0.0004012821,-2.1853077e-05
13484000,0.0004209443,1.2716614e-05,-0.11879098,0.00063740276,-0.00039041773,-3.6273417e-05
13492000,0.00041818313,8.284861e-06,-0.118940555,0.0006074723,-0.00036973736,-2.1508247e-05
13500000,0.00041549333,3.817366e-06,-0.11908548,0.0006400264,-0.00037960813,1.1387965e-05
13508000,0.00041301316,-4.3813316e-07,-0.1192261,0.0006179526,-0.00034877783,-4.0560168e-05
13516000,0.00041053083,-4.5933075e-06,-0.11936271,0.0006267233,-0.00033996266,-3.366888e-05
13524000,0.000408121,-8.670711e-06,-0.119493976,0.00061744737,-0.00032412025,-2.442596e-05
13532000,0.00040594093,-1.2359394e-05,-0.11962121,0.0006634566,-0.00024453155,-2.128795e-05
13540000,0.00040433774,-1.5628731e-05,-0.119744584,0.0007120502,-0.000229102,-3.8712693e-05
13548000,0.0004028921,-1.8634759e-05,-0.11986439,0.000691743,-0.00016811833,-6.3807296e-05
13556000,0.00040100212,-2.1421778e-05,-0.11998095,0.0006018377,-0.00017595086,-0.00011367033
13564000,0.00039870146,-2.441039e-05,-0.12009403,0.0005706065,-0.00020485785,-9.353378e-05
13572000,0.00039616888,-2.7639311e-05,-0.12008304,0.00051650964,-0.00022333756,-4.4769604e-06
13580000,0.0003934213,-3.094097e-05,-0.12007194,0.0005150398,-0.00025953064,-5.2066007e-05
13588000,0.00038893803,-3.2992364e-05,-0.12006163,0.0005477278,-0.0002936263,-7.9156576e-05
13596000,0.0003846338,-3.527696e-05,-0.120051466,0.0005434674,-0.0003163297,-6.74173e-05
13604000,0.00038047766,-3.7546128e-05,-0.12004118,0.0005529053,-0.0002993509,-4.086149e-05
13612000,0.00037649006,-3.9817885e-05,-0.12003077,0.0005546677,-0.00029091546,-3.0923577e-05
13620000,0.00037259175,-4.1898784e-05,-0.12003759,0.00055045274,-0.00028658507,2.7251546e-05
13628000,0.00036872353,-4.4130113e-05,-0.120043464,0.00052810827,-0.00029272994,6.850026e-05
13636000,0.0003648648,-4.635335e-05,-0.12004877,0.0005368972,-0.00030090407,5.987478e-05
13644000,0.00036111713,-4.8666006e-05,-0.12005361,0.00052553834,-0.00029558226,7.909843e-05
13652000,0.00035757443,-5.0948183e-05,-0.120058104,0.00055757124,-0.00029189678,3.9385857e-05
13660000,0.00035452368,-5.313244e-05,-0.12006243,0.00060378545,-0.00028968393,1.9954421e-05
13668000,0.0003516002,-5.544483e-05,-0.119919196,0.0005893821,-0.00030358613,8.6860986e-05
13676000,0.00034889093,-5.789284e-05,-0.119779125,0.0006104451,-0.00032389097,0.00015249856
13684000,0.0003463241,-6.0430346e-05,-0.1196426,0.0005953769,-0.00031284898,0.00011777347
13692000,0.00034357433,-6.2683794e-05,-0.119509965,0.00056602946,-0.00027429336,7.712428e-05
13700000,0.0003410732,-6.476526e-05,-0.11938101,0.00060958666,-0.00024496493,7.565571e-05
13708000,0.00033899906,-6.652879e-05,-0.11925508,0.0006431663,-0.00021773278,0.00015051116
13716000,0.00033726616,-6.838556e-05,-0.119132295,0.00067030947,-0.00024200973,0.00010753784
13724000,0.0003355278,-7.040085e-05,-0.1190094,0.0006254764,-0.0002710303,8.251406e-05
13732000,0.00033381357,-7.279567e-05,-0.11888997,0.0006502577,-0.00033168492,3.521065e-05
13740000,0.00033219624,-7.5378375e-05,-0.11877387,0.0006218378,-0.00030539723,2.2787104e-05
13748000,0.00033051014,-7.7813376e-05,-0.11866078,0.00060995616,-0.00031024113,3.7500507e-05
13756000,0.0003290731,-8.055758e-05,-0.11855054,0.0006257595,-0.0003649673,2.6334097e-05
13768000,0.0003276755,-8.364696e-05,-0.118443206,0.0005937497,-0.0004101168,4.6573306e-05
13772000,0.00032597463,-8.695345e-05,-0.11823894,0.0005362523,-0.0004171415,8.898608e-05
13780000,0.00032390043,-9.014821e-05,-0.11804014,0.00047479296,-0.00036877763,8.522345e-05
13788000,0.00032152596,-9.315722e-05,-0.11784634,0.0004274636,-0.0003828108,0.00013738344
13796000,0.00031740332,-9.450863e-05,-0.11766201,0.00042959073,-0.00043133763,0.00012617011
13804000,0.00031323626,-9.617301e-05,-0.11748247,0.00038057787,-0.00042810733,0.00017153466
13812000,0.00030908547,-9.7593715e-05,-0.117307484,0.00039509297,-0.00039244143,0.00020055067
13820000,0.00030499964,-9.8887576e-05,-0.11717895,0.00039407468,-0.00036701048,0.00027461912
13832000,0.00030106472,-0.0001001705,-0.11705341,0.00037414744,-0.00041068648,0.00027997993
13836000,0.0002970925,-0.000101859005,-0.11693111,0.0003866315,-0.00042989524,0.00028697157
13844000,0.00029362665,-0.00010355815,-0.116812155,0.0004475055,-0.00043284678,0.00023096842
13852000,0.00029066927,-0.000105377505,-0.116696306,0.00049272965,-0.00043421064,0.00028936213
13860000,0.00028794838,-0.000107307664,-0.11658298,0.0004697038,-0.00047844654,0.00031179306
13868000,0.00028509976,-0.00010972002,-0.11654764,0.00043959447,-0.00052698294,0.00028703097
13876000,0.00028213084,-0.00011242496,-0.11651291,0.00041741453,-0.0005494763,0.00033197345
13884000,0.00027909965,-0.0001152649,-0.11647846,0.00040300825,-0.0005666715,0.00035361495
13892000,0.00027612536,-0.00011835816,-0.11644452,0.00040546063,-0.0005791796,0.00038050994
13900000,0.0002732373,-0.00012134008,-0.11641119,0.000394278,-0.0005587261,0.00036991856
13908000,0.0002705923,-0.00012431531,-0.1163784,0.0004306732,-0.0005689042,0.00039692776
13916000,0.00026806828,-0.000127531,-0.116346136,0.00041852292,-0.0006223777,0.00038336255
13924000,0.00026546177,-0.00013129343,-0.11626471,0.0003709783,-0.0006691089,0.00039212295
13932000,0.0002626417,-0.00013508442,-0.11618511,0.00034783123,-0.00064303126,0.00039451435
13940000,0.00025991027,-0.00013893383,-0.11610766,0.00035818812,-0.00068039924,0.00037485606
13948000,0.00025718124,-0.00014303646,-0.11603214,0.0003547377,-0.0006941616,0.00038425822
13956000,0.00025463727,-0.00014720415,-0.11595802,0.00033241912,-0.00068588956,0.00045517038
13964000,0.00025177785,-0.00015119746,-0.11588523,0.0002761481,-0.00065406744,0.0005200403
13972000,0.00024868888,-0.00015501193,-0.115615375,0.00026354534,-0.00063958263,0.000557855
13980000,0.00024578103,-0.00015875649,-0.11535277,0.00028351002,-0.0006265533,0.000567448
13988000,0.00024319757,-0.0001625583,-0.11509725,0.00033473084,-0.0006523275,0.000555385
13996000,0.00024112103,-0.00016650243,-0.11484851,0.00035806285,-0.00064635143,0.00059566717
14004000,0.0002375251,-0.0001685304,-0.1146119,0.00034803688,-0.0006080326,0.00061677396
14012000,0.00023400474,-0.00017035444,-0.11438156,0.000347401,-0.00059168716,0.0006110736
14020000,0.00023074851,-0.00017199118,-0.114181906,0.00038761433,-0.0005357262,0.0006105239
14028000,0.00022785483,-0.00017339377,-0.11398755,0.0003912562,-0.00052673946,0.00061150925
14036000,0.00022516075,-0.00017471195,-0.1137983,0.00042371216,-0.00050312444,0.00062506367
14044000,0.00022254206,-0.00017598816,-0.11361408,0.00039184722,-0.0005140852,0.00063001993
14052000,0.0002198769,-0.00017746423,-0.11343426,0.0003763721,-0.0005311195,0.0007182805
14060000,0.00021720146,-0.00017902549,-0.1132589,0.00036687838,-0.0005170072,0.00072941085
14068000,0.00021472202,-0.00018036106,-0.11309843,0.00041628085,-0.00048637393,0.00075393124
14076000,0.00021265533,-0.00018163561,-0.11294205,0.00041976487,-0.00047053408,0.0007781097
14084000,0.00021074213,-0.0001826052,-0.11278956,0.0004377938,-0.00041721223,0.0007740683
14092000,0.00020887869,-0.00018341916,-0.11264125,0.00041293263,-0.00041889562,0.0007536142
14100000,0.00020700211,-0.0001844362,-0.11249669,0.0004005196,-0.00044346089,0.0007805222
14108000,0.00020493937,-0.00018557283,-0.11235552,0.0003492366,-0.0004460836,0.0008408353
14116000,0.00020258527,-0.00018678521,-0.11221775,0.00032174855,-0.00046946015,0.0008283913
14124000,0.00020045332,-0.00018847678,-0.11211358,0.00035923478,-0.00053159555,0.0008420688
14132000,0.00019851995,-0.00019041698,-0.11201194,0.00035415686,-0.0005221609,0.0008399794
14140000,0.00019655086,-0.00019236653,-0.111912824,0.00034178494,-0.0005317807,0.00082745723
14148000,0.00019468254,-0.00019442449,-0.111816235,0.0003376294,-0.00055368704,0.0008380706
14156000,0.00019266501,-0.0001968667,-0.111722074,0.00031730157,-0.00057351496,0.0007997794
14164000,0.00019078988,-0.00019926528,-0.11163031,0.00034277097,-0.0005487966,0.00083648233
14172000,0.00018921413,-0.00020146923,-0.111579105,0.00035464886,-0.0005212306,0.000871226
14180000,0.00018798954,-0.00020357696,-0.111529134,0.0004364789,-0.00052569,0.0008315964
14188000,0.00018741575,-0.00020579685,-0.111480124,0.00047214027,-0.0005145199,0.00090379873
14196000,0.00018695094,-0.00020795844,-0.111431845,0.00044766796,-0.0005139726,0.0008709696
14204000,0.00018621846,-0.00021000068,-0.11138483,0.00040153507,-0.00049144815,0.0008601123
14212000,0.00018421165,-0.00020966785,-0.11134421,0.0003841075,-0.0005133808,0.000860822
14220000,0.00018234574,-0.00020941671,-0.11134493,0.0004197402,-0.00049430295,0.0008997151
14228000,0.00018069448,-0.00020914944,-0.11134538,0.00041057877,-0.0005145738,0.00085871725
14236000,0.0001791419,-0.0002090226,-0.11134541,0.00041933855,-0.0005033262,0.0009193724
14244000,0.00017778412,-0.00020884669,-0.111345015,0.00042941415,-0.00048057796,0.00088170695
14252000,0.00017635475,-0.00020858127,-0.11134468,0.00038868765,-0.00046778933,0.0008047996
14260000,0.0001748518,-0.00020812017,-0.11134443,0.00039815027,-0.0004172446,0.0008205817
14268000,0.00017369537,-0.0002076267,-0.111304104,0.00043631325,-0.0004542184,0.0008479103
14276000,0.00017281744,-0.00020747755,-0.111264504,0.00045453542,-0.00047254263,0.0008489349
14284000,0.00017215728,-0.00020754625,-0.111225806,0.00045876377,-0.0004999584,0.00083974225
14292000,0.00017138109,-0.00020783201,-0.11118793,0.00041626068,-0.00049931154,0.0008352916
14300000,0.00017052195,-0.00020805803,-0.11115084,0.00042107073,-0.0004896837,0.00083849096
14308000,0.00016981165,-0.00020848148,-0.11111457,0.00042663922,-0.0005114576,0.00081452256
14316000,0.00016900756,-0.00020897166,-0.11107927,0.00036189874,-0.000500723,0.0007940258
14324000,0.00016760548,-0.00020922381,-0.11102758,0.0002976519,-0.00045117317,0.00082449656
14332000,0.00016610397,-0.00020928198,-0.110977046,0.00029505874,-0.00042830274,0.0008168654
14340000,0.00016458478,-0.00020939109,-0.110927664,0.00027091085,-0.00044659278,0.00080636237
14348000,0.00016298192,-0.00020943323,-0.110879466,0.0002664812,-0.00040447744,0.00081395666
14356000,0.00016166625,-0.00020926404,-0.11083232,0.00029674155,-0.0003885464,0.0008052377
14364000,0.0001605742,-0.0002091018,-0.110786386,0.00031019654,-0.00037985903,0.00078247354
14372000,0.00015963374,-0.00020886508,-0.11072925,0.00030219543,-0.00035282565,0.00076581544
14380000,0.00015856363,-0.00020838191,-0.11067337,0.00029404295,-0.0003238413,0.0008042864
14388000,0.0001576478,-0.00020800708,-0.11061849,0.00027762,-0.00035518175,0.0008431845
14396000,0.00015653878,-0.00020790404,-0.110564485,0.00024194518,-0.00039335113,0.0008768623
14404000,0.00015532377,-0.00020800816,-0.11051178,0.0002516908,-0.00035560317,0.0008565228
14412000,0.00015431023,-0.00020779141,-0.1104604,0.00025379364,-0.00033657288,0.00082522305
14420000,0.00015189608,-0.00020537782,-0.11044442,0.00023576587,-0.00032956334,0.0008355564
14428000,0.00014937224,-0.00020314929,-0.11042843,0.00022650608,-0.00034212097,0.0008756314
14436000,0.0001467846,-0.00020093814,-0.11041229,0.00016415706,-0.00032347738,0.0009062095
14444000,0.00014355817,-0.00019856408,-0.110396154,7.68757e-05,-0.00029256163,0.000925257
14452000,0.00014009039,-0.00019612932,-0.11037999,8.37684e-05,-0.0002804283,0.00095160137
14460000,0.00013645618,-0.00019354976,-0.110363975,-1.4817388e-06,-0.00024181562,0.00091685785
14468000,0.00013241933,-0.0001909339,-0.11041372,-1.7538387e-05,-0.00023304821,0.00086517184
14476000,0.00012837224,-0.00018825258,-0.11046196,-2.8004451e-05,-0.00022695484,0.000880388
14484000,0.00012436448,-0.0001856454,-0.110508345,-3.100156e-05,-0.0002271347,0.000893573
14492000,0.000120482095,-0.00018297622,-0.110553235,-1.5364403e-05,-0.00019399628,0.00084910553
14500000,0.0001166394,-0.00018033193,-0.11059704,-4.321507e-05,-0.00022119484,0.0008029555
14508000,0.00011269195,-0.00017791417,-0.11063959,-5.331945e-05,-0.0002237828,0.0007683305
14516000,0.00010894994,-0.00017560237,-0.11068106,-1.2941153e-05,-0.00022395512,0.000708441
14524000,0.000105423125,-0.00017347878,-0.110731855,-6.443384e-06,-0.0002788236,0.00066890346
14532000,0.00010214955,-0.00017166905,-0.11078112,2.2018967e-05,-0.0002608699,0.0006739922
14540000,9.914719e-05,-0.00016995062,-0.11082852,3.5010242e-05,-0.0002738883,0.00070910185
14548000,9.5983974e-05,-0.0001680173,-0.11087422,-1.8183422e-05,-0.00020735122,0.00070829235
14556000,9.272453e-05,-0.00016599063,-0.1109183,-1.9542222e-05,-0.0002199812,0.0007327501
14564000,8.930184e-05,-0.00016410413,-0.11096081,-4.5506313e-05,-0.00021305641,0.00071653165
14572000,8.59987e-05,-0.0001623086,-0.11100073,-3.9801955e-05,-0.00020893858,0.00068461633
14584000,8.2801045e-05,-0.00016026049,-0.111039564,-1.8979345e-05,-0.00015626349,0.000673968
14588000,7.970712e-05,-0.000158087,-0.11107691,-4.6391735e-05,-0.00014866018,0.000691939
14596000,7.655367e-05,-0.00015590421,-0.111113004,-2.7950682e-05,-0.0001511248,0.0006712047
14604000,7.3621006e-05,-0.0001540581,-0.11114803,-2.2534463e-05,-0.00019559957,0.00065664237
14612000,7.065075e-05,-0.00015209895,-0.11118182,-3.611904e-05,-0.00011371669,0.0006606676
14620000,6.773891e-05,-0.00014990821,-0.1111742,-4.3337168e-05,-0.00014420066,0.0006440211
14628000,6.387285e-05,-0.00014639391,-0.11117134,-2.1459224e-05,-0.00014472484,0.00061859225
14636000,6.0313338e-05,-0.00014290969,-0.111168414,2.0884008e-05,-0.00015236344,0.00063690176
14644000,5.7056695e-05,-0.00013964878,-0.1111653,4.2811857e-06,-0.00015928425,0.00062442495
14652000,5.344982e-05,-0.00013655348,-0.11116229,-3.889779e-05,-0.00018401108,0.00059487054
14660000,4.981097e-05,-0.00013362426,-0.111159265,-4.325081e-05,-0.00017056892,0.0005844
14668000,4.61693e-05,-0.00013067665,-0.11111238,-5.5328066e-05,-0.00015785327,0.000621779
14676000,4.2627442e-05,-0.00012742342,-0.11106645,-3.8770104e-05,-9.0257636e-05,0.00061279204
14684000,3.9185445e-05,-0.00012392017,-0.11102187,-3.0582705e-05,-6.6699286e-05,0.0005868759
14692000,3.6065747e-05,-0.00012042849,-0.11097829,1.9423975e-05,-6.095613e-05,0.0005969845
14700000,3.343165e-05,-0.00011662676,-0.11093571,5.700172e-05,1.4919047e-05,0.00059874856
14708000,3.0771058e-05,-0.00011244477,-0.1108939,-1.7871571e-09,6.199367e-05,0.0006556349
14716000,2.7760416e-05,-0.00010801325,-0.11085291,-2.7721493e-05,9.177569e-05,0.00063309644
14724000,2.490255e-05,-0.0001034982,-0.11078092,1.4488712e-06,9.307673e-05,0.0006729873
14732000,2.204407e-05,-9.906223e-05,-0.110710345,-1.9740228e-05,9.62063e-05,0.00070095627
14740000,1.9058447e-05,-9.48893e-05,-0.11064154,-5.346683e-05,6.347006e-05,0.00070404774
14748000,1.6075153e-05,-9.098002e-05,-0.110574275,-4.0076582e-05,4.1825202e-05,0.00073808595
14756000,1.2996425e-05,-8.71626e-05,-0.11050819,-8.308027e-05,4.659498e-05,0.0008052286
14764000,9.911598e-06,-8.345109e-05,-0.11044333,-4.583741e-05,2.472025e-05,0.0008406306
14772000,7.0321585e-06,-8.005054e-05,-0.11033561,-6.03426e-05,1.3311648e-05,0.00082075206
14780000,4.189078e-06,-7.658164e-05,-0.11023068,-4.252154e-05,5.1217034e-05,0.00083594903
14788000,1.5190602e-06,-7.289627e-05,-0.11012837,-3.3005006e-05,7.1543676e-05,0.0008520294
14796000,-1.0497564e-06,-6.936259e-05,-0.110028476,-4.121864e-05,3.4564924e-05,0.0008793269
14804000,-3.828856e-06,-6.609928e-05,-0.10993076,-8.258334e-05,1.5056256e-05,0.00092358165
14812000,-6.7005826e-06,-6.3155414e-05,-0.109835334,-9.2197195e-05,2.0475863e-07,0.000945957
14820000,-9.8334485e-06,-6.0355476e-05,-0.10975332,-0.0001445352,-2.4375624e-05,0.0009973438
14828000,-1.3214517e-05,-5.7697787e-05,-0.10967313,-0.00016909925,-1.6016507e-05,0.0010038638
14836000,-1.6452886e-05,-5.4019525e-05,-0.109599605,-0.00014213889,4.5438384e-05,0.0009980517
14844000,-1.9419049e-05,-5.01898e-05,-0.10952759,-0.00013173065,5.50598e-05,0.0010424234
14852000,-2.2401042e-05,-4.6177975e-05,-0.10945705,-0.0001479563,7.739707e-05,0.0010716338
14860000,-2.5271487e-05,-4.2345808e-05,-0.10938812,-0.000119457094,4.9848604e-05,0.0010666018
14868000,-2.8039345e-05,-3.8714516e-05,-0.10944601,-0.00013723783,6.0380524e-05,0.0010100909
14876000,-3.1030548e-05,-3.4882356e-05,-0.10950213,-0.0001853245,9.3671944e-05,0.0010308285
14884000,-3.447524e-05,-3.109216e-05,-0.109556206,-0.00024182796,7.250183e-05,0.001013276
14892000,-3.7850252e-05,-2.7587483e-05,-0.109608434,-0.00020969733,5.3118718e-05,0.0010526902
14900000,-4.112216e-05,-2.4350671e-05,-0.109658696,-0.00020453469,1.0614789e-05,0.0010555894
14908000,-4.421584e-05,-2.1418184e-05,-0.10970708,-0.00020138777,1.5926125e-05,0.001060606
14916000,-4.733991e-05,-1.8413635e-05,-0.109754294,-0.00020934756,2.1937234e-05,0.00096317224
14924000,-5.0489674e-05,-1.5422018e-05,-0.109796226,-0.00021672917,3.4364286e-05,0.0009779562
14932000,-5.3747877e-05,-1.2613133e-05,-0.10983678,-0.0002504049,-1.750001e-06,0.0009376001
14940000,-5.716856e-05,-9.750197e-06,-0.10987637,-0.0002740824,6.410587e-05,0.0008613359
14948000,-6.0658193e-05,-6.628741e-06,-0.10991491,-0.00027596415,7.949392e-05,0.0008593041
14956000,-6.407538e-05,-3.2536886e-06,-0.10995218,-0.00027597317,0.0001438224,0.0008234736
14964000,-6.7378816e-05,4.898114e-07,-0.10998837,-0.0002634094,0.00016083998,0.00081939343
14972000,-7.056176e-05,4.0784876e-06,-0.110076636,-0.00025238778,0.0001370048,0.00080753944
14980000,-7.372617e-05,7.610287e-06,-0.110162295,-0.00026217508,0.00016644511,0.00077855575
14988000,-7.6732984e-05,1.1327437e-05,-0.11024545,-0.00024202018,0.00019696847,0.0007895731
14996000,-7.969996e-05,1.5203955e-05,-0.11032573,-0.00024354084,0.00020021402,0.0008342276
15004000,-8.259243e-05,1.9068484e-05,-0.110403314,-0.00024366475,0.00022808634,0.0008398277
15012000,-8.549186e-05,2.3140363e-05,-0.110478304,-0.0002547477,0.00026509387,0.0008471171
15020000,-8.838621e-05,2.7530947e-05,-0.11055228,-0.00025493396,0.00033900814,0.0008542193
15028000,-9.135958e-05,3.2351538e-05,-0.11062393,-0.00028680908,0.0003578887,0.0008428653
15036000,-9.439979e-05,3.7383226e-05,-0.11069329,-0.00026028513,0.00042530644,0.00084357726
15044000,-9.672067e-05,4.27877e-05,-0.11076505,-0.00022357031,0.00049152714,0.0008137885
15052000,-9.89393e-05,4.8485257e-05,-0.11083483,-0.00023479699,0.0005014573,0.00078600075
15060000,-0.00010094719,5.4026194e-05,-0.11090243,-0.00017747626,0.000489337,0.0008134436
15068000,-0.000102710954,5.9417758e-05,-0.110897414,-0.00018993438,0.00046843613,0.0008424487
15076000,-0.000104489045,6.470622e-05,-0.1108922,-0.00018611836,0.00047560706,0.00085497816
15084000,-0.00010608733,6.998798e-05,-0.11088688,-0.00015718381,0.0004844019,0.00085648964
15092000,-0.000107629414,7.541941e-05,-0.11088129,-0.00017535654,0.000519298,0.00086342305
15100000,-0.00010936847,8.078017e-05,-0.110875845,-0.00020723049,0.00048058643,0.00082671305
15108000,-0.00011133646,8.5915024e-05,-0.11087038,-0.00025373575,0.00048685665,0.0008434708
15116000,-0.00011365767,9.100512e-05,-0.11086475,-0.0002789086,0.0004569611,0.0008438256
15124000,-0.0001160027,9.5688134e-05,-0.11085244,-0.00026943194,0.00043966132,0.0008849601
15132000,-0.00011814003,0.00010056737,-0.11083999,-0.00025170253,0.00048431987,0.0008851744
15140000,-0.00012011065,0.00010542313,-0.11082787,-0.00023558183,0.0004613283,0.00085414416
15148000,-0.00012209003,0.00011021427,-0.110816084,-0.00024709105,0.00047069511,0.0008155448
15156000,-0.00012403658,0.000114993,-0.11080453,-0.00025651386,0.00045308526,0.0008120319
15164000,-0.0001261444,0.000119574084,-0.110793024,-0.00026756836,0.00044348036,0.00081718736
15172000,-0.00012811898,0.00012436371,-0.11077942,-0.0002352696,0.0005180161,0.0008287217
15180000,-0.00012987743,0.00012946755,-0.110765465,-0.00022440706,0.0005112626,0.0008926831
15188000,-0.00013144183,0.0001343761,-0.110751405,-0.0002022083,0.0004956475,0.000897743
15196000,-0.00013293307,0.00013928344,-0.110737674,-0.00020546219,0.00052484125,0.00085755595
15204000,-0.00013434052,0.0001442285,-0.11072412,-0.0001916221,0.00050879136,0.0008730483
15216000,-0.00013572442,0.00014907776,-0.11071053,-0.00019974292,0.00051801576,0.0009060374
15220000,-0.00013708534,0.00015400532,-0.110661596,-0.00018288946,0.0005431078,0.00093558786
15228000,-0.00013813337,0.0001591034,-0.11061381,-0.00013920768,0.00055321195,0.0009015803
15236000,-0.00013901888,0.00016411925,-0.11056733,-0.00015440925,0.00053606456,0.0008785733
15244000,-0.00013990444,0.00016872898,-0.11052195,-0.00012903938,0.0004711363,0.0008781717
15252000,-0.00013985595,0.0001720678,-0.11048295,-0.00012436295,0.0004804257,0.0008913478
15260000,-0.00013983085,0.00017533798,-0.110444635,-0.00014213423,0.00044135528,0.0009012769
15268000,-0.00014007383,0.00017818181,-0.11039717,-0.00018194845,0.00039548564,0.00088172726
15276000,-0.00014028621,0.00018088939,-0.11035063,-0.00013040264,0.00042296763,0.00093618693
15284000,-0.00014018193,0.00018382462,-0.11030482,-0.00012811986,0.0004293936,0.00095469493
15292000,-0.00014017001,0.00018672217,-0.110260144,-0.00014708385,0.00044406307,0.0009161984
15304000,-0.00014046613,0.00018979039,-0.11021641,-0.00019744082,0.00046669133,0.0009600632
15308000,-0.00014096092,0.00019298882,-0.110173486,-0.00020092807,0.0004846306,0.0009524982
15316000,-0.0001416038,0.00019618397,-0.110131584,-0.00023688297,0.0004743354,0.00094231864
15324000,-0.0001424369,0.00019940495,-0.11008187,-0.0002560021,0.0005040327,0.00097469846
15332000,-0.00014328242,0.00020275499,-0.1100332,-0.00024814435,0.0004969738,0.0009846212
15340000,-0.00014415017,0.00020597476,-0.10998535,-0.0002490275,0.0004889221,0.0010166448
15348000,-0.00014501008,0.00020892617,-0.109938584,-0.00026258195,0.0004415065,0.0009832167
15356000,-0.00014609957,0.00021178002,-0.10989294,-0.00028657465,0.00046618286,0.0009949816
15364000,-0.00014749652,0.00021486971,-0.10984837,-0.00034074078,0.00049990404,0.00097344734
15372000,-0.00014916818,0.00021797622,-0.10976666,-0.00035807394,0.0004796857,0.0009643434
15380000,-0.00015121468,0.00022104969,-0.10968687,-0.00041931617,0.0004994381,0.0009770739
15388000,-0.00015327612,0.0002241146,-0.10960913,-0.0003853482,0.00048975926,0.00096856174
15396000,-0.00015523011,0.00022714896,-0.10953323,-0.00037971462,0.00048243286,0.0009853899
15404000,-0.00015692263,0.00023032751,-0.109459236,-0.00034851543,0.0005355733,0.0009667786
15412000,-0.00015874175,0.00023353018,-0.10938694,-0.00040460433,0.0004901802,0.0009963613
15420000,-0.00016088596,0.0002363306,-0.10930136,-0.00040017773,0.00045302228,0.0009915612
15428000,-0.00016282208,0.0002390261,-0.10921794,-0.00037427637,0.00046716028,0.0010084157
15436000,-0.00016451707,0.00024182239,-0.10913616,-0.00034113252,0.00047672875,0.0010725277
15444000,-0.00016605118,0.00024459668,-0.109056115,-0.00033858672,0.00046916475,0.0010762127
15452000,-0.00016763006,0.0002473456,-0.108978026,-0.00034938456,0.00047031,0.0010772375
15460000,-0.00016868777,0.00024834447,-0.108908676,-0.00034964073,0.000456425,0.001054841
15468000,-0.00016971499,0.0002491959,-0.10873599,-0.00035189756,0.00043110672,0.0010885824
15476000,-0.00017082183,0.0002498212,-0.10856743,-0.00037121915,0.00041547953,0.0011387697
15484000,-0.00017217579,0.00025055883,-0.10840327,-0.00039876197,0.00043359224,0.0011331894
15492000,-0.00017371435,0.00025130354,-0.108243145,-0.00043189057,0.00043425654,0.0012016287
15500000,-0.00017552245,0.00025211196,-0.10808681,-0.00044033147,0.0004328618,0.0012222797
15508000,-0.00017726152,0.0002526576,-0.10793463,-0.00043734192,0.0003644363,0.0012186953
15516000,-0.00017924627,0.00025278635,-0.107786156,-0.00048362292,0.00036158095,0.0012625137
15524000,-0.00018153017,0.0002530807,-0.10765687,-0.00050075137,0.0003751215,0.0012652242
15532000,-0.00018356513,0.00025340103,-0.10753094,-0.00042309106,0.00036913803,0.0012586863
15540000,-0.0001851561,0.0002535555,-0.10740836,-0.00042236937,0.00034178657,0.0012255404
15548000,-0.00018707612,0.00025351113,-0.10728903,-0.0004792252,0.00030218883,0.0012311208
15556000,-0.00018917707,0.0002530887,-0.1071728,-0.00046486728,0.00027119482,0.0012115233
15564000,-0.0001912118,0.00025245702,-0.10705958,-0.00047310267,0.00022689134,0.0012141671
15572000,-0.00019333065,0.00025155218,-0.106958024,-0.00045877352,0.00020745036,0.0012198399
15580000,-0.00019529246,0.0002504128,-0.10685875,-0.00044573424,0.00017395822,0.0012476633
15588000,-0.00019727905,0.00024931497,-0.10676181,-0.00047601873,0.00020263535,0.0012618549
15596000,-0.00019945289,0.00024833655,-0.10666723,-0.0004735268,0.0002213247,0.0012511332
15604000,-0.0002016636,0.00024757208,-0.10657522,-0.0004931835,0.00023836589,0.0012335647
15612000,-0.0002038861,0.00024685863,-0.10648523,-0.00046525494,0.00022694602,0.0012991211
15620000,-0.00020608878,0.00024587748,-0.106421486,-0.00048939086,0.00020183236,0.0013696112
15628000,-0.00020824042,0.00024508522,-0.10635846,-0.00044264147,0.0002556941,0.0014821107
15636000,-0.00021002558,0.00024468655,-0.10629602,-0.00040048212,0.00028397486,0.0015600987
15644000,-0.00021146078,0.00024425305,-0.10623487,-0.00036289974,0.0002586017,0.0015220931
15652000,-0.00021288416,0.00024370952,-0.10617526,-0.0004009478,0.00025381995,0.0015035089
15660000,-0.00021467154,0.00024324753,-0.106117144,-0.00043781602,0.00027750322,0.0014731955
15668000,-0.00021547989,0.00024122183,-0.10620406,-0.00042151497,0.00023966399,0.0014567629
15676000,-0.00021625684,0.00023912793,-0.10628804,-0.0004190209,0.00023402687,0.0015103454
15684000,-0.00021685302,0.00023697897,-0.10636904,-0.00039837978,0.00022287738,0.0015043898
15692000,-0.00021755218,0.0002348666,-0.106447436,-0.0004111287,0.0002470159,0.0015087383
15700000,-0.00021815182,0.0002328583,-0.106523365,-0.00037757034,0.00022705492,0.0014640441
15708000,-0.00021850652,0.00023070668,-0.10659717,-0.00034580595,0.0002321815,0.0014392147
15716000,-0.00021883822,0.00022888697,-0.10666852,-0.00038119283,0.00027360313,0.0014733113
15724000,-0.00021949214,0.00022748664,-0.106694736,-0.00040644355,0.0003468438,0.0014743792
15732000,-0.000220423,0.00022657195,-0.10671982,-0.0004441646,0.0003727772,0.0015137171
15740000,-0.0002214336,0.0002256601,-0.10674337,-0.00041388336,0.00034686545,0.0015632709
15748000,-0.00022226755,0.00022450986,-0.10676614,-0.00040831056,0.0003192525,0.001468282
15756000,-0.0002231317,0.00022304167,-0.10678844,-0.00041029422,0.00024882765,0.0014551823
15764000,-0.00022408635,0.00022112009,-0.10680991,-0.000425904,0.00019863296,0.0014213384
15772000,-0.0002251477,0.00021898342,-0.106809564,-0.00044332322,0.00019917027,0.0013553441
15780000,-0.00022651443,0.00021697492,-0.10680935,-0.00047987807,0.00021837189,0.0013449916
15788000,-0.00022795754,0.00021517927,-0.106808856,-0.00045855925,0.00022502035,0.0013406858
15796000,-0.00022914156,0.00021308112,-0.10680805,-0.00041785702,0.0001608238,0.0013522238
15804000,-0.00023000404,0.00021052916,-0.106806986,-0.0003886198,0.00010467947,0.0013176205
15812000,-0.0002307968,0.00020794955,-0.106805965,-0.00037371597,0.00014955319,0.001299945
15820000,-0.00023155008,0.00020554947,-0.10680604,-0.00037741754,0.00012344816,0.0012690315
15828000,-0.00023210076,0.00020289765,-0.10680589,-0.00032315112,9.310228e-05,0.0012954363
15836000,-0.00023234778,0.00020033207,-0.10680545,-0.00030366928,0.0001463661,0.0012637457
15844000,-0.00023253316,0.00019829627,-0.10680504,-0.00029041633,0.00020207353,0.0012212524
15852000,-0.0002325417,0.00019627018,-0.10680422,-0.00027065966,0.00013518169,0.0013096253
15860000,-0.00023269889,0.00019387169,-0.10680268,-0.00031566282,0.00014361838,0.0013185276
15868000,-0.00023305826,0.00019174218,-0.106748104,-0.0003058905,0.00015957934,0.001381846
15876000,-0.0002318237,0.00018910573,-0.10670292,-0.00028277154,0.0001309959,0.0014099807
15884000,-0.00023048601,0.00018641261,-0.10665877,-0.00026183223,0.00011967715,0.0013859178
15892000,-0.00022892724,0.00018360914,-0.10661562,-0.00023289445,0.00012692477,0.0013934914
15900000,-0.00022729255,0.00018075161,-0.10657337,-0.00023363413,7.929662e-05,0.0013840757
15908000,-0.00022551457,0.00017767683,-0.106532246,-0.0001731843,7.306186e-05,0.0013552126
15916000,-0.00022347049,0.00017471368,-0.10649197,-0.0001685049,0.00010173089,0.0013630396
15924000,-0.0002213067,0.00017196317,-0.10645003,-0.0001395519,9.747588e-05,0.0014241779
15932000,-0.0002189218,0.00016916943,-0.10640842,-0.00010485558,9.3252565e-05,0.0014788248
15940000,-0.00021650484,0.00016631374,-0.10636756,-0.000116038274,7.029229e-05,0.0014519541
15948000,-0.0002141349,0.00016327665,-0.10632763,-0.00010295351,5.0005412e-05,0.0014632231
15956000,-0.00021177571,0.00016011635,-0.10628818,-0.00012604336,3.431703e-05,0.0015405653
15964000,-0.00020947216,0.00015700005,-0.10624893,-9.462736e-05,3.7551377e-05,0.0015777627
15972000,-0.00020706466,0.00015368556,-0.1061887,-9.6284435e-05,1.1335694e-05,0.0015785632
15980000,-0.00020462324,0.00015052789,-0.10612972,-9.336431e-05,2.3212067e-05,0.0015988002
15988000,-0.00020231998,0.00014738285,-0.10607185,-8.455652e-05,2.3710449e-05,0.0016040547
15996000,-0.00019978195,0.00014427134,-0.10601547,-6.6979876e-05,2.2870334e-05,0.0015747497
16004000,-0.00019720517,0.0001412011,-0.10596031,-5.6373912e-05,3.0113584e-05,0.0015992036
16012000,-0.0001947393,0.00013816105,-0.105906114,-7.600065e-05,4.1290474e-05,0.0016392125
16020000,-0.00019264057,0.00013516417,-0.10584537,-0.0001620601,2.8421791e-06,0.0016887625
16028000,-0.0001910954,0.00013176673,-0.105785616,-0.00017957264,-6.269852e-05,0.0017260704
16036000,-0.00018953964,0.0001279056,-0.10572705,-0.00015911051,-0.00011723629,0.0017216918
16044000,-0.00018794001,0.00012376979,-0.10566963,-0.00016482978,-0.00012833845,0.0017472263
16052000,-0.000186427,0.0001196441,-0.105613604,-0.00017371224,-0.00013412048,0.0016782306
16060000,-0.0001849189,0.00011558598,-0.105559126,-0.00014868981,-0.00012769533,0.0016590069
16068000,-0.00018335099,0.000111436355,-0.10545347,-0.00016186105,-0.00014829019,0.0016486659
16076000,-0.00018180662,0.00010725823,-0.105350405,-0.00014978898,-0.00015237543,0.0016488204
16084000,-0.00017931059,0.000103279745,-0.10525962,-0.00015644642,-0.000113728456,0.0016576436
16092000,-0.00017671127,9.981515e-05,-0.10517078,-0.00013707206,-5.8796515e-05,0.0017066163
16100000,-0.00017414785,9.673398e-05,-0.10508363,-0.00014229958,-1.1911619e-05,0.0017496892
16108000,-0.00017190853,9.396811e-05,-0.104998544,-0.00019239775,1.8054472e-05,0.0017274694
16116000,-0.00016988217,9.144729e-05,-0.10491571,-0.00019407154,2.2081831e-05,0.0017016876
16124000,-0.00016777783,8.8846675e-05,-0.10485258,-0.00016310439,-8.863027e-06,0.0016387379
16132000,-0.00016567826,8.602642e-05,-0.104791075,-0.00018491874,-1.4058019e-05,0.0016685942
16140000,-0.00016352338,8.330544e-05,-0.10473088,-0.00014157631,-2.6277601e-05,0.0016563209
16148000,-0.00016133329,8.036482e-05,-0.10467185,-0.0001654952,-5.3788797e-05,0.0017045813
16156000,-0.00015938855,7.739329e-05,-0.10461371,-0.00016589568,-5.252171e-05,0.0017530129
16164000,-0.00015751814,7.434642e-05,-0.10455658,-0.00018395057,-6.9727226e-05,0.0017704664
16172000,-0.00015581473,7.128768e-05,-0.10451278,-0.00018293275,-6.225478e-05,0.0017755855
16180000,-0.00015398722,6.815394e-05,-0.10447007,-0.00015267426,-0.00010336287,0.0017257525
16188000,-0.00015205833,6.494793e-05,-0.10442851,-0.00016437902,-7.434729e-05,0.0016982758
16196000,-0.00015034842,6.199699e-05,-0.104387805,-0.0001897598,-5.417334e-05,0.0017013638
16204000,-0.0001490233,5.937951e-05,-0.10434784,-0.00023187717,6.5403997e-06,0.0017028837
16212000,-0.0001479518,5.7210862e-05,-0.10430871,-0.00025348464,2.8034923e-05,0.001694187
16220000,-0.00014708278,5.5116598e-05,-0.1042581,-0.00027270766,3.613876e-05,0.001726484
16228000,-0.00014646706,5.305244e-05,-0.10420855,-0.0003125286,3.2391377e-05,0.0016976559
16236000,-0.0001461491,5.105088e-05,-0.10416009,-0.00032004903,2.2881235e-05,0.0017094801
16244000,-0.00014573694,4.8669204e-05,-0.104112364,-0.00029468464,-5.4235607e-05,0.0017564242
16252000,-0.0001450929,4.606458e-05,-0.10406547,-0.00024127522,-2.2342569e-05,0.0017369135
16260000,-0.00014393142,4.381095e-05,-0.10401972,-0.00017588423,-7.992993e-06,0.0017343299
16268000,-0.00014284249,4.1580275e-05,-0.10390407,-0.00023571783,6.0105667e-06,0.0017472794
16276000,-0.0001419202,3.9431034e-05,-0.103791334,-0.0002136458,-1.977065e-05,0.0017293436
16284000,-0.00014073725,3.7169775e-05,-0.10368144,-0.00016007858,-6.9635207e-06,0.001735114
16292000,-0.00013919178,3.5791534e-05,-0.103584886,-0.00016954353,4.7476837e-07,0.0017553908
16300000,-0.0001378689,3.4614357e-05,-0.10349078,-0.00021635616,2.9970493e-05,0.0017200217
16308000,-0.00013685631,3.371956e-05,-0.10339899,-0.00021645488,7.631444e-05,0.0017417776
16316000,-0.00013587288,3.3009754e-05,-0.10330955,-0.0002232755,6.44353e-05,0.0017094538
16324000,-0.0001347814,3.2228036e-05,-0.10324121,-0.00018955786,4.9516795e-05,0.0017053296
16332000,-0.00013359045,3.141871e-05,-0.10317469,-0.0001787005,6.267376e-05,0.0016807319
16340000,-0.00013234826,3.070043e-05,-0.10310978,-0.00017742979,7.6719305e-05,0.0016662092
16348000,-0.0001310916,3.0011606e-05,-0.103046626,-0.00014768264,5.267282e-05,0.0016257955
16356000,-0.00012960318,2.9295483e-05,-0.102985114,-0.0001249132,6.663073e-05,0.001612783
16364000,-0.0001279314,2.8580132e-05,-0.1029253,-0.00011099658,4.771671e-05,0.0015368124
16372000,-0.00012631137,2.7569447e-05,-0.1028749,-9.0263595e-05,-2.2249064e-06,0.0014828513
16380000,-0.00012436765,2.6550113e-05,-0.10282582,-6.276923e-05,2.4502833e-05,0.0014856278
16388000,-0.00012242116,2.554245e-05,-0.10277766,-6.811388e-05,5.950993e-07,0.0015059232
16396000,-0.0001206785,2.4298542e-05,-0.10273056,-7.483837e-05,-2.3121134e-05,0.0015036472
16404000,-0.00011876728,2.3066032e-05,-0.10268429,-5.8400783e-05,-2.1382322e-05,0.001527018
16412000,-0.0001169427,2.1743312e-05,-0.102638826,-5.8902475e-05,-3.0782565e-05,0.001568907
16420000,-0.00011501275,2.03594e-05,-0.10260535,-3.074577e-05,-4.3971482e-05,0.0015477368
16428000,-0.00011303005,1.8988434e-05,-0.10257264,-4.0699484e-05,-3.388612e-05,0.0015633671
16436000,-0.0001110066,1.7505125e-05,-0.102540284,-8.302249e-06,-8.694208e-05,0.0015882802
16444000,-0.00010884769,1.5781388e-05,-0.10250841,-1.4056201e-05,-9.5895164e-05,0.0016024989
16452000,-0.00010674741,1.3891432e-05,-0.10247692,3.3473793e-06,-0.00013237013,0.001615454
16460000,-0.00010447782,1.1534003e-05,-0.10244616,2.5954096e-05,-0.00021913263,0.0015704959
16468000,-0.00010213355,8.624794e-06,-0.10237147,3.906365e-05,-0.00025264686,0.0016459534
16476000,-9.9803685e-05,5.6212675e-06,-0.102298245,3.4967634e-05,-0.0002567346,0.0016472975
16484000,-9.729368e-05,2.5921122e-06,-0.102226906,8.686764e-05,-0.00027616246,0.0015991767
16492000,-9.44467e-05,-7.6166896e-07,-0.10215749,0.00012344313,-0.0003340235,0.0015824381
16500000,-9.106985e-05,-3.921169e-06,-0.10209965,0.000120094126,-0.00035541423,0.0015874424
16508000,-8.766851e-05,-7.3291153e-06,-0.102043234,0.00014145437,-0.00040374097,0.001537974
16516000,-8.435491e-05,-1.0994283e-05,-0.10198839,0.00012079792,-0.00042170958,0.0015367025
16524000,-8.097187e-05,-1.4808911e-05,-0.10187259,0.00015522193,-0.00043344672,0.0015545044
16532000,-7.735854e-05,-1.855908e-05,-0.10175952,0.00017765346,-0.00041419297,0.0015904725
16540000,-7.384011e-05,-2.2130316e-05,-0.101648994,0.00014752283,-0.00040544345,0.0016445926
16548000,-7.041598e-05,-2.5651987e-05,-0.101541,0.00017706335,-0.0003812221,0.0016684852
16556000,-6.7053596e-05,-2.9129511e-05,-0.101435564,0.00011276084,-0.00041126183,0.0016675531
16564000,-6.396419e-05,-3.2995857e-05,-0.101332635,0.00013883642,-0.0004710197,0.0017093327
16572000,-6.0618186e-05,-3.7005124e-05,-0.10125895,0.0001593278,-0.0004221378,0.0016666692
16580000,-5.764785e-05,-4.0709172e-05,-0.101187326,6.5383094e-05,-0.000445986,0.001645588
16588000,-5.540272e-05,-4.4740173e-05,-0.10111776,4.8204756e-06,-0.00046792955,0.0015668179
16596000,-5.3265612e-05,-4.8739268e-05,-0.101050116,2.621797e-05,-0.00045535693,0.0015858327
16604000,-5.092966e-05,-5.2670188e-05,-0.10098398,7.175371e-05,-0.00044130275,0.0015585226
16612000,-4.8195932e-05,-5.6294266e-05,-0.100919746,0.00011923699,-0.00040204672,0.0015274775
16620000,-4.533418e-05,-5.9926446e-05,-0.10089726,0.000117810545,-0.00042598016,0.0015470897
16628000,-4.2588163e-05,-6.357607e-05,-0.10087491,0.000103860744,-0.00039931908,0.001581095
16636000,-3.9823277e-05,-6.701028e-05,-0.1008525,0.00012551922,-0.00040452118,0.0016340462
16644000,-3.6917696e-05,-7.075375e-05,-0.10082991,0.00014354402,-0.00044959012,0.0016886286
16652000,-3.3878638e-05,-7.453793e-05,-0.10080743,0.00016499497,-0.000425183,0.0016856923
16660000,-3.0689607e-05,-7.815568e-05,-0.10078525,0.0001866124,-0.0004092144,0.0016909376
16668000,-2.7222433e-05,-8.1687824e-05,-0.10079934,0.00026321234,-0.00039553043,0.0017469056
16676000,-2.3363655e-05,-8.484258e-05,-0.10081261,0.00025346474,-0.00032343762,0.0017108105
16684000,-1.9620238e-05,-8.7587e-05,-0.10082515,0.00025645553,-0.00029549305,0.0017508726
16692000,-1.593323e-05,-9.0132606e-05,-0.10083673,0.00026053653,-0.00028351345,0.0017606441
16700000,-1.2069819e-05,-9.2683156e-05,-0.10084762,0.00028727404,-0.00028691528,0.001756701
16708000,-8.490967e-06,-9.431989e-05,-0.10086659,0.00027998994,-0.00032127803,0.0017468377
16716000,-5.0680296e-06,-9.626238e-05,-0.10088466,0.0002837751,-0.00033957008,0.0017748177
16724000,-1.4141559e-06,-9.798663e-05,-0.10089774,0.00031580386,-0.00026265302,0.0017977919
16732000,2.3780701e-06,-9.938815e-05,-0.10091002,0.0003277549,-0.00027912908,0.0017954905
16740000,6.0548577e-06,-0.00010098474,-0.10092172,0.00030081443,-0.00029553936,0.0017976898
16748000,9.6923895e-06,-0.00010261956,-0.10093257,0.00031207374,-0.0002722013,0.0018132076
16756000,1.3380509e-05,-0.00010394831,-0.10094302,0.00032594797,-0.00025229392,0.0017430335
16764000,1.7073344e-05,-0.00010538931,-0.10095311,0.00034079247,-0.00025719075,0.0017383551
16772000,2.1127247e-05,-0.00010663351,-0.10100212,0.0003898039,-0.00021814131,0.0016783212
16780000,2.5400494e-05,-0.00010753424,-0.10104987,0.00040975524,-0.0001827462,0.0016219793
16788000,2.9477309e-05,-0.0001084647,-0.10109615,0.00034590453,-0.00020491722,0.001626865
16796000,3.3093816e-05,-0.000109357614,-0.10114069,0.0003048626,-0.00017318515,0.0016562191
16804000,3.657158e-05,-0.00011009124,-0.10118356,0.00031660375,-0.00017433321,0.0016627295
16812000,4.0073945e-05,-0.00011082046,-0.101224735,0.00030886906,-0.00015045998,0.0016813686
16820000,4.3529166e-05,-0.000111242414,-0.101251714,0.00031497955,-0.00011240268,0.0016733952
16828000,4.693293e-05,-0.00011147907,-0.10127755,0.0003109728,-8.4913525e-05,0.0016756288
16836000,5.053115e-05,-0.00011145258,-0.101302445,0.00034976512,-5.572009e-05,0.0016668474
16844000,5.4214215e-05,-0.000111292,-0.10132632,0.00034442803,-5.400042e-05,0.0016696977
16852000,5.7899833e-05,-0.00011096733,-0.10134928,0.000357836,-9.81903e-06,0.0016465479
16860000,6.156289e-05,-0.00011052216,-0.101371564,0.0003447673,-3.4983135e-05,0.0016028528
16868000,6.5059096e-05,-0.00011034472,-0.10132967,0.0003188465,-5.0569222e-05,0.0016729602
16876000,6.832959e-05,-0.00011008299,-0.101288155,0.0002859077,-2.795516e-05,0.0017095489
16884000,7.1536444e-05,-0.000109741486,-0.10124733,0.0003150045,-1.972229e-05,0.0017110709
16892000,7.465366e-05,-0.00010961868,-0.101207435,0.00026725922,-9.434361e-05,0.0016756922
16904000,7.74598e-05,-0.00011001443,-0.10116843,0.00024465355,-0.00012026002,0.0017081777
16912000,8.015413e-05,-0.00011031469,-0.10112985,0.00024668837,-7.483366e-05,0.0017341732
16920000,8.188008e-05,-0.00010854847,-0.10110177,0.00025659183,-4.960633e-05,0.0016863856
16928000,8.356774e-05,-0.00010695142,-0.10106149,0.00024887692,-8.374987e-05,0.0016006817
16936000,8.536571e-05,-0.00010552483,-0.10102256,0.00028439538,-9.639356e-05,0.0015630684
16944000,8.73787e-05,-0.00010431582,-0.10098462,0.0003006122,-0.00012396378,0.0015390973
16952000,8.945048e-05,-0.000103339975,-0.100947574,0.000289822,-0.00014016067,0.001546251
16960000,9.147415e-05,-0.00010258718,-0.1009111,0.0003023448,-0.0001720088,0.0015780174
16968000,9.3484836e-05,-0.00010202822,-0.10087531,0.0002780585,-0.00018300283,0.0015505997
16976000,9.5433315e-05,-0.00010133176,-0.10091055,0.000296132,-0.00014323762,0.0015372304
16984000,9.757004e-05,-0.000100557656,-0.10094459,0.00030827668,-0.00015264885,0.001545304
16992000,9.988684e-05,-9.9893216e-05,-0.10097725,0.00036481488,-0.00015609745,0.001537384
17000000,0.000102743135,-9.904509e-05,-0.10100875,0.00041658705,-0.00011782685,0.0015477688
17008000,0.000105816805,-9.831321e-05,-0.1010391,0.00043998368,-0.00015011894,0.0015067132
17016000,0.00010903105,-9.777269e-05,-0.101068534,0.000451821,-0.00017778177,0.0015091188
17024000,0.00011250038,-9.745385e-05,-0.101105355,0.00048836594,-0.00018652817,0.0014317898
17032000,0.000116055366,-9.709575e-05,-0.10114121,0.0004807417,-0.00017153508,0.001415756
17040000,0.00011943941,-9.665559e-05,-0.10117603,0.0004546595,-0.00016631882,0.0013537627
17048000,0.00012244505,-9.627933e-05,-0.10121016,0.00038479766,-0.00018111293,0.0013032169
17056000,0.00012531606,-9.607086e-05,-0.101243235,0.00042015314,-0.00018142858,0.0012972782
17064000,0.00012832347,-9.571154e-05,-0.10127514,0.00042787983,-0.00015907908,0.0012945443
17072000,0.0001315173,-9.5147196e-05,-0.10139413,0.0004573928,-0.00011406641,0.0012481428
17080000,0.00013481727,-9.457426e-05,-0.10150963,0.00046885278,-0.00014775452,0.0012641203
17088000,0.0001382474,-9.394847e-05,-0.10162149,0.00046628245,-0.00011361069,0.0012965831
17096000,0.00014155307,-9.306413e-05,-0.10172976,0.00045136447,-5.9895694e-05,0.0012929215
17104000,0.00014459931,-9.195325e-05,-0.1018348,0.0004088287,-6.526031e-05,0.0012860664
17112000,0.00014752526,-9.1168615e-05,-0.101936616,0.00042886136,-0.000110282206,0.0012843177
17120000,0.00015057791,-9.044417e-05,-0.102035105,0.0004274117,-0.0001057654,0.0013475483
17128000,0.00015235839,-8.911898e-05,-0.10216801,0.00046486294,-0.00010839932,0.0013395335
17136000,0.00015424125,-8.773059e-05,-0.10229689,0.00046227823,-8.502474e-05,0.0013390409
17144000,0.00015629815,-8.628611e-05,-0.10242194,0.0004927208,-7.692777e-05,0.0013374055
17152000,0.00015869868,-8.479449e-05,-0.1025432,0.00054998935,-7.4720214e-05,0.0013313497
17160000,0.00016139096,-8.295718e-05,-0.10266106,0.0005628016,9.732983e-06,0.0012820866
17168000,0.0001640895,-8.073457e-05,-0.10277557,0.0005435191,2.186583e-05,0.0012708176
17176000,0.00016652336,-7.8728306e-05,-0.10287111,0.00050160877,-1.572239e-05,0.0012534148
17184000,0.00016888154,-7.702227e-05,-0.10296387,0.000525356,-6.946252e-05,0.0012361353
17192000,0.00017163297,-7.578365e-05,-0.10305384,0.00059185934,-0.00010394661,0.0012344983
17200000,0.00017494836,-7.468069e-05,-0.10314089,0.000658131,-0.00010159087,0.0012713588
17208000,0.0001788919,-7.357062e-05,-0.103225194,0.000739328,-9.349172e-05,0.0012678378
17216000,0.00018314151,-7.235152e-05,-0.103306666,0.0007370292,-7.347104e-05,0.0013170051
17224000,0.00018745248,-7.1126604e-05,-0.10342035,0.00075292407,-7.476835e-05,0.0013245178
17232000,0.00019195539,-6.99205e-05,-0.103530705,0.0007764912,-7.898786e-05,0.0012954117
17240000,0.00019647456,-6.881702e-05,-0.1036379,0.00075503654,-8.7797096e-05,0.0012805961
17248000,0.00020095803,-6.7780595e-05,-0.103741735,0.00076676655,-8.807559e-05,0.0013033978
17256000,0.00020546115,-6.672123e-05,-0.103842594,0.0007689947,-7.2144154e-05,0.0012375404
17264000,0.00021003152,-6.5443346e-05,-0.10394082,0.0007562348,-3.9570994e-05,0.0011882035
17272000,0.00021440769,-6.40957e-05,-0.1039167,0.0007217101,-4.3603777e-05,0.0011887912
17280000,0.0002183918,-6.2932406e-05,-0.10389285,0.000674942,-6.8836096e-05,0.0012400573
17288000,0.00022217914,-6.192649e-05,-0.10386872,0.0006526041,-8.174942e-05,0.0013471375
17296000,0.00022587781,-6.0974657e-05,-0.10384448,0.00066618953,-6.8255766e-05,0.0013873524
17304000,0.00022959724,-5.9920945e-05,-0.10382051,0.0006344163,-5.0399274e-05,0.0013705572
17312000,0.00023301574,-5.8907408e-05,-0.10379702,0.0005966139,-8.851865e-05,0.0013753278
17320000,0.00023619602,-5.826183e-05,-0.10377361,0.0005574479,-0.00011831772,0.0014107967
17328000,0.00023922184,-5.78574e-05,-0.103787325,0.00059479685,-0.00013911631,0.0014588515
17336000,0.00024084412,-5.727296e-05,-0.103806265,0.00062200386,-0.00015871717,0.0014524487
17344000,0.00024239512,-5.6821274e-05,-0.10382464,0.0005856229,-0.00016605706,0.0014129716
17352000,0.00024382563,-5.6372915e-05,-0.10384237,0.00056814076,-0.00015612516,0.0013891484
17360000,0.0002451739,-5.612958e-05,-0.10385954,0.0005716249,-0.00018532497,0.0013612207
17368000,0.00024655403,-5.581284e-05,-0.103876,0.00055852556,-0.00016234949,0.0013660664
17376000,0.00024766437,-5.5854387e-05,-0.10393048,0.00050355605,-0.0002290662,0.0013142221
17384000,0.0002483321,-5.6081215e-05,-0.103983216,0.00044134376,-0.00023490927,0.0013431631
17392000,0.00024876773,-5.6529247e-05,-0.10403389,0.000435036,-0.00025458244,0.001373629
17400000,0.00024932908,-5.705438e-05,-0.104082525,0.00046913675,-0.00024724685,0.0014140347
17408000,0.00025032682,-5.7379275e-05,-0.10412951,0.0005286095,-0.00021733921,0.0013763028
17416000,0.00025169054,-5.7582412e-05,-0.10417504,0.0005440847,-0.00018402416,0.0013710851
17424000,0.0002532583,-5.745899e-05,-0.104278415,0.0005801482,-0.00013989411,0.0013074554
17432000,0.0002550401,-5.7005353e-05,-0.10437846,0.00057250686,-9.277969e-05,0.0013999433
17440000,0.00025658222,-5.645722e-05,-0.10447498,0.00053051906,-0.00011957708,0.0013948124
17448000,0.000258136,-5.6235207e-05,-0.1045686,0.0005635471,-0.00014957415,0.0013643227
17456000,0.00025974747,-5.5934397e-05,-0.10465954,0.0005299875,-8.576823e-05,0.0013594333
17464000,0.00026100024,-5.5230514e-05,-0.10474746,0.00049179967,-6.660995e-05,0.001358464
17472000,0.00026214393,-5.435272e-05,-0.10487665,0.00047511738,-1.7528195e-05,0.0013543613
17480000,0.00026315844,-5.3334305e-05,-0.105001934,0.00044969554,-3.821669e-05,0.0013162894
17488000,0.00026406106,-5.251031e-05,-0.1051237,0.0004467139,-5.259529e-05,0.0013151009
17496000,0.00026490662,-5.202753e-05,-0.10524197,0.00043511757,-0.00012210499,0.0012346761
17504000,0.00026581573,-5.2225216e-05,-0.10535677,0.000435805,-0.00019326975,0.0012851655
17512000,0.0002665636,-5.263588e-05,-0.10546767,0.000405087,-0.00019196517,0.0013183322
17520000,0.00026711248,-5.323084e-05,-0.10557501,0.000365169,-0.0002175206,0.0013183249
17528000,0.00026742133,-5.3803804e-05,-0.10567872,0.0003489926,-0.00018229333,0.00125793
17536000,0.00026767104,-5.4378077e-05,-0.10577952,0.000331726,-0.00021514279,0.0012544409
17544000,0.00026524832,-5.4363743e-05,-0.10588271,0.00029679833,-0.0001288976,0.0011970513
17552000,0.0002626787,-5.3653108e-05,-0.10598327,0.00028389666,-5.8878228e-05,0.0011570529
17560000,0.0002601528,-5.27524e-05,-0.1060808,0.00028708618,-4.2486266e-05,0.0011616662
17568000,0.00025764326,-5.150269e-05,-0.10617524,0.0002722882,2.0881541e-06,0.0011748484
17576000,0.0002551184,-5.022643e-05,-0.1062839,0.00027082668,-5.2945907e-06,0.0011562109
17584000,0.00025263004,-4.897736e-05,-0.10638965,0.00026933046,1.2160692e-06,0.0010779664
17592000,0.0002501587,-4.7776703e-05,-0.106492825,0.00025216988,-9.696081e-06,0.0010009074
17600000,0.000247695,-4.6563615e-05,-0.10659338,0.00026319877,1.6680506e-06,0.0009424787
17608000,0.00024516333,-4.514631e-05,-0.10669102,0.00021901383,7.071484e-05,0.00097391166
17616000,0.00024253686,-4.3085645e-05,-0.106785454,0.00023864752,0.0001478322,0.0009789817
17624000,0.0002402264,-4.0686224e-05,-0.10685977,0.0002655346,0.00016593187,0.0009858583
17632000,0.00023810571,-3.814957e-05,-0.106932044,0.00027085163,0.00019506061,0.0009225211
17640000,0.00023593217,-3.547055e-05,-0.1070024,0.0002544547,0.00020313842,0.0008796424
17648000,0.00023383337,-3.283652e-05,-0.10707088,0.00026592455,0.00019844799,0.00085625215
17656000,0.0002319687,-3.021034e-05,-0.1071373,0.00030074874,0.00020075626,0.00086851744
17664000,0.00023022198,-2.7562653e-05,-0.10720155,0.00028903774,0.00020250746,0.00086019724
17672000,0.00022847064,-2.4974874e-05,-0.10729287,0.00027776955,0.00020218873,0.0008625756
17680000,0.00022675922,-2.2520386e-05,-0.10738134,0.00029370622,0.00017395076,0.0008689824
17688000,0.00022521401,-2.022081e-05,-0.10746695,0.00029983444,0.00017759431,0.00088639685
17696000,0.00022362101,-1.7791557e-05,-0.107549995,0.0002755151,0.0002127133,0.0008675286
17704000,0.00022202275,-1.5035281e-05,-0.10763093,0.00028765274,0.0002348716,0.000784282
17712000,0.00022068805,-1.2514189e-05,-0.10770949,0.0003278161,0.00018909835,0.0008175555
17720000,0.00021979753,-1.0481503e-05,-0.10778516,0.00038661846,0.00011026926,0.00089433626
17728000,0.00021933555,-8.826506e-06,-0.10788373,0.00039663113,9.8918346e-05,0.00085324096
17736000,0.00021885573,-7.4954723e-06,-0.10797933,0.0004141798,5.5608158e-05,0.0008902621
17744000,0.00021887229,-6.2453028e-06,-0.10807196,0.00047186489,6.8653084e-05,0.00084979937
17752000,0.00021752898,-4.5694824e-06,-0.10816528,0.0004515955,3.0128294e-05,0.0008789441
17760000,0.00021593872,-3.224096e-06,-0.108255364,0.0004039331,2.2688908e-05,0.00092372956
17768000,0.00021402686,-1.5740819e-06,-0.108342715,0.000360429,9.8253935e-05,0.00086816965
17776000,0.00021201531,3.8022156e-07,-0.108408235,0.00034490862,0.00010258595,0.00080946577
17784000,0.0002098283,2.1460662e-06,-0.10847202,0.0003159973,6.138325e-05,0.00079722906
17792000,0.00020758319,3.5508965e-06,-0.10853381,0.00032694297,3.0237054e-05,0.0007919002
17800000,0.0002057865,4.923002e-06,-0.10859377,0.00037598872,5.0538893e-05,0.00076072273
17808000,0.00020438399,6.1602004e-06,-0.10865205,0.0004277896,-9.140372e-06,0.0007327016
17816000,0.0002033174,6.8717995e-06,-0.10870857,0.00043630312,-3.896838e-05,0.00074242626
17824000,0.00020236672,7.5159255e-06,-0.10878139,0.00042977094,-5.5031684e-05,0.00069047406
17836000,0.00020148317,7.922563e-06,-0.10885229,0.00046022414,-8.093328e-05,0.0006522866
17840000,0.00020088782,8.048578e-06,-0.10892125,0.00047255392,-0.000114320246,0.0006404136
17848000,0.00020039752,7.989928e-06,-0.1089882,0.00046672346,-0.00011709877,0.0006221245
17856000,0.00019989352,7.837929e-06,-0.10905324,0.0004469564,-0.00013188612,0.0005841052
17864000,0.00019919389,7.601013e-06,-0.10911659,0.00042874107,-0.00015498998,0.00054321624
17872000,0.00019861147,6.995932e-06,-0.10915723,0.00043421716,-0.00018820661,0.00057092245
17880000,0.00019807028,6.410406e-06,-0.109196305,0.00043585824,-0.00015224167,0.0006004014
17888000,0.00019755718,5.979722e-06,-0.109233856,0.00042397305,-0.00016477307,0.00062507053
17896000,0.00019715403,5.1610277e-06,-0.10927012,0.00045075352,-0.00021881898,0.00060792494
17904000,0.00019706295,4.1680046e-06,-0.1093052,0.00047731632,-0.00022227546,0.0006126175
17912000,0.00019700761,2.8947416e-06,-0.10933894,0.00045320517,-0.00026362255,0.0006476049
17920000,0.00019701463,1.5745854e-06,-0.10937137,0.00047776094,-0.00022794618,0.00064948166
17928000,0.00019738017,4.2136546e-07,-0.10937835,0.00050768733,-0.0002471787,0.0006593768
17936000,0.0001976567,-1.1105748e-06,-0.10938491,0.00047252592,-0.00029657097,0.00066347694
17944000,0.0001978917,-2.7267122e-06,-0.10939104,0.00047091785,-0.00025339454,0.0006550144
17952000,0.0001982376,-4.2588963e-06,-0.10939665,0.00048164395,-0.00028749846,0.0006908308
17960000,0.00019774659,-6.17527e-06,-0.10940591,0.00049957784,-0.00025763598,0.00068675895
17968000,0.0001973443,-8.011867e-06,-0.10941465,0.00049483863,-0.0002675649,0.00071815675
17976000,0.0001970051,-9.818369e-06,-0.1093851,0.0005155527,-0.00025124912,0.000717162
17984000,0.00019709978,-1.1638011e-05,-0.109356105,0.00055272254,-0.00025265836,0.0007214868
17992000,0.00019738317,-1.3466541e-05,-0.10932779,0.0005535025,-0.00025107793,0.00071128574
18000000,0.00019747298,-1.5114263e-05,-0.10929996,0.0004957466,-0.00021286467,0.000719571
18008000,0.00019734605,-1.6750242e-05,-0.10927259,0.00046815263,-0.00022274617,0.0007329901
18016000,0.00019707585,-1.812725e-05,-0.10924579,0.0004757384,-0.00017251422,0.00072995026
18024000,0.00019727655,-1.9313964e-05,-0.10921797,0.0005345075,-0.000155585,0.0007290342
18032000,0.0001976765,-2.0371177e-05,-0.10919078,0.0005240417,-0.0001355739,0.0007264491
18040000,0.00019815919,-2.1246786e-05,-0.109164074,0.00054924574,-0.00011873767,0.0007279983
18048000,0.00019894356,-2.1910633e-05,-0.109137766,0.0005693689,-6.785973e-05,0.0007450281
18056000,0.00019992031,-2.2169317e-05,-0.10911199,0.0005734337,-1.2664808e-05,0.0007264231
18064000,0.0002008315,-2.2155886e-05,-0.109086856,0.00055444345,-1.9065488e-05,0.00069138646
18072000,0.00020173981,-2.2512728e-05,-0.108983174,0.0005358879,-7.876972e-05,0.00067122636
18080000,0.00020261065,-2.3135924e-05,-0.10888237,0.00055100187,-7.793047e-05,0.00063893705
18088000,0.00020367991,-2.3691577e-05,-0.108784154,0.000556853,-5.5075496e-05,0.00067002623
18096000,0.00020472058,-2.3973167e-05,-0.10868831,0.0005324136,-4.051895e-05,0.0006777556
18104000,0.00020556542,-2.4198207e-05,-0.10859504,0.00049782754,3.9919473e-06,0.00065264915
18112000,0.00020631631,-2.41571e-05,-0.10850434,0.0004927245,1.0239517e-05,0.00060324976
18120000,0.00020701674,-2.3902128e-05,-0.10841648,0.00047421845,5.0795363e-05,0.0005515386
18132000,0.00020787017,-2.3590412e-05,-0.1083406,0.00051287585,3.7302263e-05,0.00056441454
18136000,0.00020900287,-2.3530267e-05,-0.108266614,0.00051898876,-6.390355e-06,0.00054521876
18144000,0.0002099682,-2.3855357e-05,-0.108194515,0.00046973725,-5.0281455e-05,0.0005695186
18152000,0.0002107044,-2.4358316e-05,-0.10812401,0.00044484175,-5.0726045e-05,0.00058107317
18160000,0.00021141025,-2.4862273e-05,-0.1080555,0.0004632237,-4.387483e-05,0.0005093549
18168000,0.00021075697,-2.447224e-05,-0.10799538,0.00047492413,-2.7083535e-05,0.0004769531
18176000,0.0002103458,-2.4330415e-05,-0.10795557,0.0004929135,-9.436991e-05,0.0004423621
18184000,0.00020990871,-2.4449382e-05,-0.10791677,0.00046174764,-9.8799195e-05,0.0004566859
18192000,0.00020934081,-2.4776913e-05,-0.10787867,0.00044768967,-0.0001271447,0.0004779696
18200000,0.00020873715,-2.5385449e-05,-0.10784162,0.0004216947,-0.00016631115,0.00043499598
18208000,0.00020804076,-2.622313e-05,-0.10780576,0.00043226613,-0.00018674463,0.00037262804
18216000,0.0002076873,-2.7190477e-05,-0.10777112,0.00045274006,-0.00018039558,0.0003700202
18224000,0.00020729985,-2.7899992e-05,-0.10773379,0.000437283,-0.00013206547,0.00036117548
18232000,0.00020691929,-2.8445365e-05,-0.10769771,0.00041247453,-0.00012842695,0.00032155158
18240000,0.00020653967,-2.8877866e-05,-0.107662536,0.00044506392,-0.00010426096,0.00030982902
18248000,0.00020634566,-2.9285668e-05,-0.107628345,0.00043469292,-0.00010906688,0.0003122278
18256000,0.00020635755,-2.9564875e-05,-0.1075948,0.0004801988,-6.9795286e-05,0.00034516142
18264000,0.00020665249,-2.9543355e-05,-0.107561864,0.00047438164,-3.666547e-05,0.0003547507
18272000,0.00020691734,-2.9469193e-05,-0.10747659,0.00047989178,-6.286607e-05,0.00040198243
18280000,0.00020710634,-2.9703846e-05,-0.10739322,0.00042568543,-9.3290946e-05,0.00044442105
18288000,0.00020692764,-3.0243698e-05,-0.10731168,0.00038496775,-0.00014267013,0.00047954524
18296000,0.00020666579,-3.113021e-05,-0.10723201,0.00036897647,-0.00017339396,0.00050598016
18304000,0.00020635966,-3.2000695e-05,-0.10715436,0.00039605043,-0.00013969735,0.0004990306
18312000,0.00020636278,-3.2938766e-05,-0.107078694,0.0003920924,-0.00017866635,0.0005030865
18320000,0.00020641429,-3.397752e-05,-0.107005015,0.00041409576,-0.00018092332,0.00048344652
18328000,0.00020665763,-3.525909e-05,-0.106967546,0.00042280272,-0.0002129646,0.0004540929
18336000,0.0002068726,-3.6835485e-05,-0.10693089,0.00040887884,-0.0002588692,0.0004688065
18344000,0.00020731124,-3.855231e-05,-0.10689512,0.00044324924,-0.00024656625,0.00045229236
18352000,0.00020794265,-4.014816e-05,-0.10686003,0.00044534673,-0.00022940208,0.00052642723
18360000,0.00020857886,-4.1601455e-05,-0.10682548,0.00043358753,-0.00021127163,0.00049472484
18368000,0.00020918447,-4.2973526e-05,-0.1067918,0.00043447455,-0.00020083305,0.000520748
18376000,0.00020795933,-4.3660155e-05,-0.10680953,0.00042831595,-0.00019445726,0.00048794132
18384000,0.00020676653,-4.4404354e-05,-0.106827036,0.0004250931,-0.00020169462,0.0004302972
18392000,0.00020600259,-4.5208668e-05,-0.106844,0.0005178807,-0.00019845017,0.00043432356
18400000,0.00020552526,-4.5881323e-05,-0.106860556,0.00047516535,-0.00016301313,0.00039867364
18408000,0.0002050148,-4.613609e-05,-0.10687662,0.00048620952,-0.000106623615,0.00038603615
18416000,0.00020471917,-4.6138808e-05,-0.106891945,0.00051240996,-9.656567e-05,0.00043193923
18424000,0.00020443818,-4.6006888e-05,-0.10687684,0.0004819123,-7.0121656e-05,0.0004015202
18432000,0.00020401203,-4.5937453e-05,-0.10686216,0.00045787933,-8.8779474e-05,0.00040613947
18440000,0.0002036306,-4.59995e-05,-0.10684773,0.00047246722,-0.00010705232,0.00040924313
18448000,0.0002031914,-4.6125286e-05,-0.10683346,0.0004281801,-0.000116935225,0.0004227284
18456000,0.00020281611,-4.6266312e-05,-0.10681914,0.00046208123,-6.961811e-05,0.00047866104
18464000,0.00020267545,-4.6128327e-05,-0.10680478,0.00048175664,-8.179546e-05,0.00051496516
18472000,0.00020291713,-4.6045472e-05,-0.10679372,0.00052991294,-5.9149483e-05,0.0005670148
18480000,0.00020350963,-4.578187e-05,-0.10678255,0.00057531975,-4.836369e-05,0.00059660035
18488000,0.00020469897,-4.551594e-05,-0.1067715,0.0006234572,-4.063384e-05,0.00056331436
18496000,0.00020622868,-4.542269e-05,-0.10676074,0.0006664136,-9.3445684e-05,0.0005553478
18504000,0.00020812405,-4.5691802e-05,-0.10675008,0.00068503985,-0.00011738591,0.00057710626
18512000,0.0002099374,-4.6078327e-05,-0.106739625,0.00065020536,-0.00011389878,0.00053656637
18520000,0.00021156335,-4.623009e-05,-0.10672937,0.0006192833,-7.979089e-05,0.00056037534
18528000,0.00021321198,-4.636395e-05,-0.106705606,0.00064107444,-0.000102371516,0.0005232203
18536000,0.00021509612,-4.6739064e-05,-0.1066824,0.00065602246,-0.00012035796,0.00053432735
18544000,0.00021704663,-4.6919755e-05,-0.10665961,0.00064291933,-5.9591915e-05,0.0005335291
18552000,0.00021903655,-4.6847443e-05,-0.10663759,0.0006774835,-4.2236286e-05,0.00047511965
18560000,0.0002214871,-4.650072e-05,-0.106616236,0.0007105796,-8.397677e-06,0.00048454778
18568000,0.00022402793,-4.6082376e-05,-0.10659521,0.0007031733,-9.225759e-06,0.000494624
18576000,0.00022660487,-4.56907e-05,-0.10654708,0.0007037814,-1.7348577e-05,0.00052396423
18584000,0.00022759664,-4.4629323e-05,-0.10650342,0.0007227298,-8.643204e-06,0.0005229177
18592000,0.00022862204,-4.3447242e-05,-0.10646093,0.000699473,1.1775548e-05,0.0005059349
18600000,0.00022949163,-4.2135343e-05,-0.10641956,0.0006657795,2.2605767e-05,0.0004967689
18608000,0.00023033358,-4.0788014e-05,-0.10637936,0.00067617133,2.53608e-05,0.00045979492
18616000,0.0002314082,-3.9449256e-05,-0.10634049,0.0007083816,4.5374687e-05,0.00040885658
18624000,0.0002328519,-3.793041e-05,-0.10630776,0.000735853,6.2567975e-05,0.0003989402
18632000,0.00023451266,-3.622448e-05,-0.10627564,0.000749535,7.496206e-05,0.0004455813
18640000,0.00023625491,-3.4582266e-05,-0.10624405,0.0007305284,9.130646e-05,0.0004500752
18648000,0.00023795331,-3.2789845e-05,-0.10621322,0.0007306423,9.161246e-05,0.00045058358
18656000,0.0002398784,-3.1194497e-05,-0.106182925,0.0007712152,4.6676658e-05,0.00048472435
18664000,0.00024201475,-3.0042262e-05,-0.106153056,0.000753637,9.2293285e-06,0.0005156695
18672000,0.00024417043,-2.8996543e-05,-0.10613099,0.0007656495,-1.8773301e-06,0.00049271923
18680000,0.00024622527,-2.8138764e-05,-0.10610946,0.00072395796,-3.1318439e-06,0.00049083936
18688000,0.00024825224,-2.7139187e-05,-0.10608857,0.000727758,1.711819e-05,0.00046574257
18696000,0.00025035703,-2.6031857e-05,-0.106068,0.00072241464,3.1976026e-05,0.00048808978
18704000,0.00025231868,-2.5016725e-05,-0.106047876,0.0006933639,-7.993802e-06,0.0004834899
18712000,0.00025446812,-2.4140463e-05,-0.10602777,0.00074281957,2.6809555e-05,0.00056427496
18720000,0.00025707416,-2.2844411e-05,-0.106007926,0.00078780134,7.511801e-05,0.0005139532
18728000,0.00026004872,-2.1183396e-05,-0.10597312,0.0008311375,0.00013736136,0.0005138709
18736000,0.0002634191,-1.9106026e-05,-0.10593902,0.00086152094,0.00016139154,0.00052443414
18744000,0.00026715238,-1.7131393e-05,-0.1059057,0.00091724365,0.00014686941,0.0005293507
18752000,0.00027130457,-1.5052378e-05,-0.10587288,0.000930028,0.00016852912,0.0005823064
18760000,0.00027563074,-1.3043601e-05,-0.10584036,0.0009887378,0.00013782138,0.0006386802
18768000,0.00028069015,-1.1316676e-05,-0.10580837,0.0010622807,0.000108868386,0.00062601594
18776000,0.00028611932,-9.674158e-06,-0.10567263,0.0010843499,0.000114258815,0.0006292435
18784000,0.00029188243,-8.238384e-06,-0.10554068,0.0011224682,7.122686e-05,0.00057781226
18792000,0.00029565566,-6.787197e-06,-0.10541776,0.0011872858,5.0358394e-05,0.00056336157
18800000,0.00029988575,-5.3804297e-06,-0.10529798,0.0012231127,5.936386e-05,0.0006272851
18808000,0.00030462528,-3.894785e-06,-0.10518092,0.0012638578,7.4708776e-05,0.00067188236
18816000,0.00030964147,-2.3491516e-06,-0.10506698,0.0012898723,8.4653344e-05,0.0006229736
18824000,0.00031491066,-6.090669e-07,-0.104936056,0.001304307,0.00011760999,0.00061334413
18832000,0.00032035803,1.332172e-06,-0.10480847,0.0013162202,0.00013482948,0.00066137884
18840000,0.00032620967,3.2271187e-06,-0.104683705,0.0013710601,0.0001251144,0.0007517475
18848000,0.00033236656,5.0671056e-06,-0.104561925,0.0013771455,0.0001136631,0.0007382094
18856000,0.00033855424,6.8573336e-06,-0.10444353,0.0013655995,0.000121330006,0.0007263607
18864000,0.00034467643,8.631778e-06,-0.10432818,0.0013318906,0.00012342396,0.0007470977
18872000,0.00035063477,1.0470557e-05,-0.10425701,0.0013248533,0.00014357764,0.0007525934
18880000,0.00035657545,1.2287635e-05,-0.104187384,0.0012835838,0.00011631468,0.0007832299
18888000,0.00036225686,1.3905978e-05,-0.10411922,0.0012580333,0.00010239747,0.00081590103
18896000,0.00036770446,1.5353999e-05,-0.104052894,0.0012009777,7.704745e-05,0.00077680784
18904000,0.00037295057,1.6609336e-05,-0.1039882,0.0011904641,4.5197186e-05,0.000803241
18912000,0.00037810218,1.7495651e-05,-0.10392493,0.001162361,5.790698e-06,0.0008300068
18920000,0.000383262,1.7846407e-05,-0.10386298,0.0011858008,-7.66432e-05,0.00085255905
18928000,0.00038877805,1.8017128e-05,-0.103825755,0.0012122435,-4.749698e-05,0.0009057443
18936000,0.00039443534,1.8184375e-05,-0.10378899,0.0012168997,-8.3334446e-05,0.0009381506
18944000,0.0004003897,1.81001e-05,-0.10375286,0.001261782,-7.5387405e-05,0.0009435423
18952000,0.00040669038,1.8185656e-05,-0.103717625,0.0012899577,-6.651619e-05,0.000895744
18960000,0.00041326092,1.8194718e-05,-0.10368363,0.0013253525,-7.654855e-05,0.0008453161
18968000,0.00042014936,1.808643e-05,-0.1036507,0.0013389738,-0.000101823054,0.0007919311
18976000,0.00042705372,1.8142318e-05,-0.10357665,0.001328082,-2.7317992e-05,0.0007507264
18984000,0.00043404475,1.8378867e-05,-0.103504665,0.0013283518,-4.6898465e-05,0.0007345333
18992000,0.00044115022,1.8737357e-05,-0.10343472,0.0013544039,1.194535e-06,0.0007070528
19000000,0.00044482184,1.893441e-05,-0.103372745,0.0014101584,-2.0713494e-05,0.0006561218
19008000,0.0004487317,1.906379e-05,-0.103312366,0.0013840002,-8.924813e-06,0.00068512984
19016000,0.0004525692,1.9284818e-05,-0.10325333,0.0013852959,3.2015384e-06,0.0007151317
19024000,0.00045665368,1.9628138e-05,-0.103209935,0.0014056541,3.1814492e-05,0.00074284966
19032000,0.00046082324,2.005817e-05,-0.10316763,0.0013807437,1.1946061e-05,0.000715097
19040000,0.00046507534,2.009184e-05,-0.10312649,0.0013933771,-4.885179e-05,0.0007025092
19048000,0.0004693333,1.9840843e-05,-0.10308651,0.0013550348,-5.7299472e-05,0.00067261676
19056000,0.0004733461,1.9329678e-05,-0.10304764,0.0013079747,-0.00011445937,0.0006736957
19064000,0.00047728597,1.8605295e-05,-0.10300972,0.0013172438,-9.105413e-05,0.00066351227
19072000,0.00048127768,1.8141967e-05,-0.10291578,0.0012974711,-7.5028125e-05,0.0006099531
19080000,0.00048509386,1.7650227e-05,-0.10282448,0.0012609108,-5.86315e-05,0.0006342092
19088000,0.00048889953,1.7355915e-05,-0.10273532,0.0012507663,-6.70325e-05,0.00066320295
19096000,0.0004927797,1.6682096e-05,-0.102648556,0.0012504793,-0.00011912446,0.0006271604
19104000,0.0004964827,1.5818354e-05,-0.10256441,0.0012193781,-0.00011690786,0.0005892848
19112000,0.00050053716,1.5057466e-05,-0.1024826,0.0012961798,-9.228516e-05,0.0005899325
19120000,0.0005052087,1.4588032e-05,-0.10240295,0.0013443345,-3.64037e-05,0.0005991332
19128000,0.00051036134,1.4498361e-05,-0.10234256,0.0013946132,-7.726809e-06,0.0005654869
19136000,0.00051573064,1.4405016e-05,-0.10228378,0.0013671899,-2.8666953e-05,0.00057687267
19144000,0.00052094273,1.4178802e-05,-0.10222666,0.0013471931,-2.126767e-05,0.0005419002
19152000,0.000526032,1.4056907e-05,-0.10217111,0.0013246912,-2.5474597e-05,0.0005588857
19160000,0.00053139415,1.3657591e-05,-0.10211676,0.0013828091,-6.48098e-05,0.0005843996
19168000,0.00053694757,1.3290429e-05,-0.10206348,0.0013688976,-3.696016e-05,0.0006325927
19176000,0.0005427071,1.2734353e-05,-0.10200488,0.0013820587,-9.194196e-05,0.0006007798
19184000,0.0005483601,1.1923291e-05,-0.10194803,0.0013531712,-0.000112476984,0.0005682533
19192000,0.0005541398,1.09076755e-05,-0.101893045,0.001379526,-0.00011960244,0.000517648
19200000,0.00056013395,9.993202e-06,-0.101839595,0.0013767984,-0.00010080666,0.00053427514
19208000,0.0005608524,9.092938e-06,-0.101792164,0.0013783075,-0.00012013983,0.0006321559
19216000,0.00056168647,7.826327e-06,-0.1017455,0.0013427271,-0.00017864027,0.0006439283
19224000,0.00056240446,6.395352e-06,-0.10171005,0.0013375893,-0.00017141292,0.0006387462
19232000,0.0005632183,4.929795e-06,-0.10167571,0.0013292984,-0.00018233998,0.0006018486
19240000,0.0005641948,3.3956856e-06,-0.10164237,0.001339836,-0.0001728644,0.0005932531
19248000,0.0005655245,2.2021864e-06,-0.10161003,0.0013733373,-9.304566e-05,0.00055300054
19256000,0.0005670726,1.4251394e-06,-0.1015785,0.0013776405,-9.873241e-05,0.000598355
19264000,0.0005690665,5.2563985e-07,-0.1015474,0.001428037,-0.00010354878,0.0006184141
19272000,0.00057123636,-2.4727646e-07,-0.10154372,0.0013888766,-6.218216e-05,0.00063186226
19280000,0.0005732151,-8.6871086e-07,-0.101539694,0.0013587516,-6.351221e-05,0.00066079997
19288000,0.0005750157,-1.5441362e-06,-0.101535626,0.0013212465,-6.9859176e-05,0.0006828404
19296000,0.000576779,-2.0962402e-06,-0.101531,0.0012973816,-3.857497e-05,0.0007746106
19304000,0.00057836756,-2.3918128e-06,-0.10152603,0.0012619705,4.3833347e-06,0.0007509088
19312000,0.0005799686,-2.560295e-06,-0.101521365,0.0012425954,8.374901e-07,0.00070263346
19320000,0.0005815085,-2.39512e-06,-0.10151685,0.0012443287,7.3953546e-05,0.0007181763
19328000,0.00058315357,-1.8376294e-06,-0.1015322,0.001237934,9.837024e-05,0.0007202754
19336000,0.0005850532,-1.4247939e-06,-0.10154684,0.0012580942,4.275714e-05,0.0007530336
19344000,0.0005869836,-1.3844946e-06,-0.10156057,0.0012302265,1.5818561e-05,0.0007918418
19352000,0.0005890787,-1.3862071e-06,-0.1015737,0.0012632948,3.996326e-05,0.0007795732
19360000,0.0005915294,-1.455077e-06,-0.10158643,0.0013150056,-1.6029713e-05,0.00074781093
19368000,0.00059433735,-2.055118e-06,-0.10159903,0.0013130531,-8.3042796e-05,0.00070229784
19376000,0.0005973873,-3.2187024e-06,-0.101574175,0.0013468922,-0.00013501967,0.00069377676
19384000,0.0006005928,-4.4576163e-06,-0.10155008,0.001320186,-0.00012563239,0.0006651709
19392000,0.0006036269,-5.8007336e-06,-0.10152656,0.0012788665,-0.00015770571,0.00068604614
19400000,0.00060647965,-7.3720425e-06,-0.10150326,0.0012632266,-0.00017692815,0.00073815597
19408000,0.0006096242,-9.099188e-06,-0.1014803,0.0012955158,-0.00018847614,0.000740367
19416000,0.00060762605,-1.032505e-05,-0.10146135,0.0013102697,-0.00017254063,0.00078148616
19424000,0.00060567673,-1.1363671e-05,-0.101438046,0.0012625089,-0.0001661242,0.00082172477
19432000,0.000603729,-1.2381211e-05,-0.1014149,0.0012638964,-0.00014967479,0.00087272114
19440000,0.0006018329,-1.34475395e-05,-0.101391904,0.0012352774,-0.00018496145,0.0008814298
19448000,0.0005998619,-1.4682625e-05,-0.1013697,0.001190809,-0.00016068711,0.0008279449
19456000,0.0005978726,-1.5565782e-05,-0.10134818,0.0011972787,-0.0001220779,0.00079916895
19464000,0.00059602276,-1.6352793e-05,-0.10132741,0.0011876391,-0.00014081031,0.0007776368
19472000,0.0005942831,-1.7200253e-05,-0.101218864,0.0011601484,-0.00011389417,0.00078239135
19480000,0.00059233065,-1.787728e-05,-0.10111314,0.0011133864,-9.671344e-05,0.00078840787
19488000,0.0005903062,-1.8280956e-05,-0.101010054,0.0010955943,-4.182119e-05,0.0008475224
19496000,0.0005884697,-1.8419907e-05,-0.1009092,0.0011394974,-5.4387157e-05,0.0008965072
19504000,0.0005872566,-1.877638e-05,-0.1008109,0.0011883614,-7.334358e-05,0.0008721344
19512000,0.00058646244,-1.9125055e-05,-0.10071534,0.0011987655,-4.227472e-05,0.0008734197
19520000,0.0005858918,-1.9249372e-05,-0.10062213,0.0012265329,-2.976607e-05,0.000907226
19528000,0.0005858004,-1.9242661e-05,-0.10053388,0.0012678884,-3.6169831e-06,0.0009573304
19536000,0.0005862025,-1.9093757e-05,-0.10044771,0.0013015075,1.7310315e-06,0.00094141805
19544000,0.00058676436,-1.8893365e-05,-0.100364015,0.0012914224,2.1567577e-05,0.0009118296
19552000,0.0005876691,-1.8537281e-05,-0.1002826,0.0013359771,4.351687e-05,0.00090634375
19560000,0.00058891263,-1.7969547e-05,-0.10020329,0.0013591993,6.31397e-05,0.0008964921
19568000,0.0005903687,-1.7387485e-05,-0.1001259,0.0013470573,5.8566475e-05,0.0009573953
19576000,0.0005917521,-1.6682054e-05,-0.100052804,0.0013081776,7.999465e-05,0.0010044746
19584000,0.00059293315,-1.6065485e-05,-0.09998128,0.0012535473,6.565276e-05,0.0010327315
19592000,0.000593942,-1.5317644e-05,-0.09991141,0.0012585161,8.96282e-05,0.001047407
19600000,0.00059520826,-1.4776011e-05,-0.099843085,0.0012361561,2.994203e-05,0.001077163
19608000,0.0005960774,-1.4460365e-05,-0.099776134,0.0011489985,2.5673387e-05,0.0011070904
19616000,0.00059661997,-1.4288281e-05,-0.099710606,0.0011237663,4.7376025e-06,0.0011478318
19624000,0.0005922933,-1.3631518e-05,-0.09966057,0.0011135229,3.1684465e-06,0.0011955586
19632000,0.00058824755,-1.31684055e-05,-0.099611565,0.0011249435,-4.533449e-05,0.0011599445
19640000,0.0005844451,-1.3115621e-05,-0.099563845,0.0011540394,-7.47635e-05,0.001168726
19648000,0.0005812463,-1.2939499e-05,-0.09951714,0.0011843939,-2.0864443e-05,0.0011858274
19656000,0.0005783985,-1.2523963e-05,-0.09947146,0.001210435,-1.3995473e-05,0.0011874926
19664000,0.0005757847,-1.2186435e-05,-0.099426776,0.001191843,-3.815608e-05,0.0011786316
19672000,0.0005731679,-1.1923093e-05,-0.09936615,0.0011726817,-2.9897275e-05,0.0011824556
19680000,0.0005707544,-1.1518361e-05,-0.09930694,0.0011710041,2.4576293e-06,0.0011867848
19688000,0.0005683085,-1.1030849e-05,-0.09924906,0.0011438335,-1.9426596e-05,0.0012076542
19696000,0.0005659444,-1.0666276e-05,-0.09919239,0.0011460561,-6.121869e-06,0.0012398985
19704000,0.00056400953,-1.0146898e-05,-0.09913687,0.0011944476,1.6597485e-05,0.001232277
19712000,0.0005623879,-9.344262e-06,-0.099082865,0.0011753644,6.1970924e-05,0.0012030044
19720000,0.0005610531,-8.376066e-06,-0.099030145,0.0012194336,5.58358e-05,0.001236683
19728000,0.00056005165,-7.5173207e-06,-0.09896265,0.0012106306,5.3751162e-05,0.001223229
19736000,0.00055903476,-6.519522e-06,-0.09889703,0.0012058433,8.5764026e-05,0.0011917213
19744000,0.00055854867,-5.4145694e-06,-0.098833285,0.0012694431,6.829959e-05,0.0011630424
19752000,0.00055855996,-4.467322e-06,-0.09877124,0.0012832115,6.269758e-05,0.0011447008
19760000,0.00055849063,-3.611961e-06,-0.09871075,0.0012195917,5.598923e-05,0.0011555079
19768000,0.00055828725,-2.7680032e-06,-0.09865167,0.001220158,4.8923303e-05,0.0011766452
19776000,0.00055831973,-1.9187382e-06,-0.09852275,0.0012169259,7.702911e-05,0.0012193032
19784000,0.0005584626,-9.2270307e-07,-0.09839697,0.0012142549,7.8664074e-05,0.0012511855
19792000,0.0005586509,1.2918808e-07,-0.09827399,0.0011992846,0.00010394325,0.0013308201
19800000,0.0005592392,1.3138986e-06,-0.09815392,0.0012666715,8.842225e-05,0.0013257393
19808000,0.0005603943,2.4143758e-06,-0.09803704,0.0012863338,0.000110906854,0.001310787
19816000,0.0005617476,3.7262237e-06,-0.09792331,0.0012906322,0.0001170157,0.0012839288
19824000,0.0005633211,4.6786276e-06,-0.09781052,0.0012958181,3.4027154e-05,0.0012937551
19832000,0.0005606035,5.2680643e-06,-0.097709276,0.0013006388,-3.9590445e-06,0.001357325
19840000,0.00055807846,5.7112015e-06,-0.09761004,0.0012818782,-1.2224185e-06,0.0014255933
19848000,0.00055564655,6.2996824e-06,-0.09751285,0.0012770831,1.8150868e-05,0.0014693751
19856000,0.00055332,6.78435e-06,-0.09741783,0.001270962,-7.926306e-06,0.0015272523
19864000,0.00055130135,7.0202886e-06,-0.09732459,0.0012831587,-4.468306e-05,0.0015761716
19872000,0.0005495443,7.0401907e-06,-0.09719329,0.0012851326,-5.4093383e-05,0.0015922249
19880000,0.0005480003,7.0615615e-06,-0.09706523,0.00128642,-5.081648e-05,0.0016093724
19888000,0.0005465834,7.0189744e-06,-0.09694046,0.0012656085,-6.759794e-05,0.0015907156
19896000,0.0005452591,7.0336328e-06,-0.09681888,0.0012602812,-3.340512e-05,0.0016189985
19904000,0.0005437853,7.1279537e-06,-0.096700184,0.0011891982,-4.596975e-05,0.0016425487
19912000,0.00054223754,7.008507e-06,-0.09658431,0.0011944682,-6.1847604e-05,0.0016688558
19920000,0.00054106297,6.8989507e-06,-0.09647097,0.0012182109,-6.786621e-05,0.0017335119
19928000,0.00054002233,6.722202e-06,-0.09638021,0.0011903066,-6.460835e-05,0.0017616035
19936000,0.0005389084,6.5316685e-06,-0.09629166,0.001152252,-7.2052164e-05,0.0017427297
19944000,0.0005374733,6.360434e-06,-0.09620522,0.0010734347,-5.3795775e-05,0.0017491084
19952000,0.00053586834,6.1991077e-06,-0.09612079,0.0010631019,-7.2284696e-05,0.0017662845
19960000,0.00053452124,5.9079825e-06,-0.09603863,0.0010794885,-8.674699e-05,0.0016902243
19968000,0.00053326756,5.753593e-06,-0.0959591,0.001043641,-4.205463e-05,0.0016135008
19976000,0.00053172227,5.7974235e-06,-0.09593077,0.0009758755,-2.9191631e-05,0.0016294735
19984000,0.00053021754,5.7645334e-06,-0.095902875,0.0010084487,-7.6820084e-05,0.0016377342
19992000,0.00052911934,5.291735e-06,-0.09587529,0.0010225979,-0.000112036076,0.001657842
20000000,0.0005280618,4.6177047e-06,-0.09584781,0.0009940946,-0.00013719997,0.0017352698
20008000,0.00052717084,3.816284e-06,-0.09582036,0.0010021746,-0.000132595,0.0017431218
20016000,0.0005263955,2.9888413e-06,-0.0957934,0.000997234,-0.00014907007,0.0017216154
20024000,0.0005257042,1.9749323e-06,-0.09572749,0.00097654137,-0.00016474364,0.0017012166
20032000,0.00052516756,1.0348118e-06,-0.09566322,0.0010019852,-0.00015192917,0.0016713805
20040000,0.00052047585,2.6186676e-08,-0.09561063,0.0010462116,-0.00013300405,0.001641352
20048000,0.0005161698,-9.1128e-07,-0.09555913,0.0010616833,-0.0001329764,0.0016769272
20056000,0.00051210885,-1.6447847e-06,-0.0955086,0.0010294354,-8.9681154e-05,0.0017017103
20064000,0.00050801184,-2.2496818e-06,-0.095459074,0.0010280798,-9.802995e-05,0.0016989276
20072000,0.00050422497,-2.8680865e-06,-0.09542597,0.0010319294,-9.470739e-05,0.0017211349
20080000,0.00050081324,-3.5642493e-06,-0.09539324,0.0010713828,-0.0001005698,0.0017567797
20088000,0.0004979242,-4.1962408e-06,-0.0953609,0.0011032728,-0.00010452752,0.0017778579
20096000,0.00049513543,-5.0351077e-06,-0.0953292,0.0010574694,-0.00013326008,0.0017507458
20104000,0.0004922009,-5.903878e-06,-0.095298104,0.0010181793,-9.8801276e-05,0.0017708305
20112000,0.0004895155,-6.595481e-06,-0.09526744,0.0010722552,-8.335028e-05,0.0017816114
20120000,0.00048719748,-7.184235e-06,-0.09523732,0.0010328657,-0.0001141026,0.0017743504
20128000,0.00048478125,-8.245928e-06,-0.095212154,0.0010333695,-0.00016218679,0.0018003245
20136000,0.0004827463,-9.6911945e-06,-0.095187254,0.0010701925,-0.00021173895,0.0017862348
20144000,0.00048127936,-1.1279276e-05,-0.09516286,0.0011179954,-0.0001893714,0.0017905916
20152000,0.00048021317,-1.26230225e-05,-0.09513881,0.0011303971,-0.00016569886,0.0017832324
20160000,0.00047946098,-1.38393025e-05,-0.095115304,0.0011463817,-0.00016489021,0.0017382491
20168000,0.00047895696,-1.5233374e-05,-0.095092565,0.0011547671,-0.00019594048,0.0016977983
20176000,0.0004787145,-1.6769227e-05,-0.09512824,0.0011747819,-0.00019845046,0.0016841808
20184000,0.00047892536,-1.8461547e-05,-0.0951627,0.0011958542,-0.00023512973,0.0016615768
20192000,0.0004793952,-2.0359596e-05,-0.09519629,0.0012352833,-0.00025658385,0.0016104333
20200000,0.0004804361,-2.2403223e-05,-0.09522893,0.0012597311,-0.0002525059,0.0015871362
20208000,0.00048173245,-2.448473e-05,-0.09526054,0.0012864486,-0.00028098322,0.0015654677
20216000,0.0004834595,-2.6572752e-05,-0.09529117,0.0013060479,-0.00023803425,0.0015319102
20224000,0.00048571927,-2.8300372e-05,-0.09530335,0.0013845935,-0.00020360216,0.001483685
20232000,0.0004887917,-3.0162862e-05,-0.095315,0.0014454551,-0.0002625209,0.0014964672
20240000,0.0004921598,-3.2265703e-05,-0.09532603,0.0014259778,-0.00025757874,0.0014882924
20248000,0.00049132283,-3.391746e-05,-0.09534567,0.0014139698,-0.00025527395,0.0014237856
20256000,0.0004907718,-3.5772275e-05,-0.09536499,0.0014461739,-0.00029332368,0.0013746079
20264000,0.00049062946,-3.7869093e-05,-0.09538383,0.0014689296,-0.00031657473,0.0013605407
20272000,0.0004910961,-4.0072613e-05,-0.095374875,0.0015187917,-0.00030627978,0.0013491665
20280000,0.00049193855,-4.216683e-05,-0.095366016,0.0015262206,-0.00030132983,0.0013562031
20288000,0.0004930432,-4.4265125e-05,-0.09535712,0.0015227603,-0.00030029085,0.0013481074
20296000,0.00049446046,-4.644588e-05,-0.095348656,0.001549106,-0.00032127203,0.0012847384
20304000,0.0004959863,-4.875325e-05,-0.09534044,0.0015151466,-0.00031934775,0.0013004965
20312000,0.00049760565,-5.1233943e-05,-0.09533217,0.0015132258,-0.0003656761,0.0013091371
20320000,0.00049936946,-5.3846208e-05,-0.09532385,0.0015025234,-0.00036357297,0.0012951139
20328000,0.00050132227,-5.6388497e-05,-0.09530723,0.0015265705,-0.00033382472,0.0012712931
20336000,0.0005035523,-5.88628e-05,-0.09529085,0.0014909571,-0.00034864503,0.0012840165
20344000,0.00050552207,-6.146505e-05,-0.095274515,0.0014554473,-0.00036505566,0.0013258563
20352000,0.0005076571,-6.400942e-05,-0.0952584,0.00145751,-0.000334754,0.0012816346
20360000,0.00050983176,-6.655525e-05,-0.09524288,0.0014374253,-0.00036870613,0.0012767263
20368000,0.0005123308,-6.917856e-05,-0.09522729,0.0015002937,-0.00032001987,0.0013265142
20376000,0.00051535416,-7.1537186e-05,-0.095094725,0.0015001609,-0.0003319829,0.0013290577
20384000,0.0005181519,-7.4079464e-05,-0.094965644,0.0014158854,-0.00033952537,0.0013109916
20392000,0.00052101247,-7.66762e-05,-0.09484006,0.0014674887,-0.0003757708,0.0013289502
20400000,0.0005241441,-7.94529e-05,-0.09471785,0.0014567111,-0.00035642734,0.0012767316
20408000,0.0005274918,-8.212454e-05,-0.09459931,0.0014627307,-0.00035197698,0.0012309178
20416000,0.00053115934,-8.448982e-05,-0.09448417,0.0015069233,-0.00027356527,0.0012144622
20424000,0.0005353939,-8.633268e-05,-0.09434797,0.0015514276,-0.0002541423,0.0012067844
20432000,0.000539918,-8.852306e-05,-0.09421531,0.0015409653,-0.0003191601,0.0012240083
20440000,0.00054450135,-9.075357e-05,-0.094086185,0.0015184815,-0.0002720568,0.001222164
20448000,0.00054917583,-9.278339e-05,-0.09396043,0.0015334554,-0.00028336086,0.0012163274
20456000,0.00054915197,-9.4135525e-05,-0.09384768,0.0015635244,-0.0003306521,0.0011412101
20464000,0.00054938527,-9.550326e-05,-0.09373834,0.0015505665,-0.00031601966,0.001122759
20472000,0.0005497598,-9.6866956e-05,-0.09361051,0.0015365535,-0.0003153416,0.0010798831
20480000,0.00055044104,-9.8417964e-05,-0.093486555,0.0015648274,-0.0003420013,0.0010150413
20488000,0.0005513129,-0.00010006495,-0.09336615,0.0015429804,-0.0003453747,0.0010330598
20496000,0.00055229035,-0.000101730155,-0.093249,0.0015231875,-0.00033326918,0.0010101773
20504000,0.0005533235,-0.000103153194,-0.09313506,0.0015133953,-0.00029166217,0.0010013162
20512000,0.00055436953,-0.000104310035,-0.09302405,0.0014935745,-0.00025018107,0.0010602514
20520000,0.00055576203,-0.000105085215,-0.09291559,0.0015223147,-0.00021410175,0.0010863665
20528000,0.0005573868,-0.00010577485,-0.09276774,0.0015128178,-0.00020555487,0.0011492762
20536000,0.0005593371,-0.00010632808,-0.09262348,0.0015605149,-0.00018736569,0.0011726171
20544000,0.0005618085,-0.000106842046,-0.092482865,0.0015960727,-0.00018091837,0.0011935966
20552000,0.00056487694,-0.00010716734,-0.09234629,0.0016427952,-0.00015413552,0.0011153268
20560000,0.00056839234,-0.00010748915,-0.092213556,0.0016810788,-0.0001598548,0.0011450112
20568000,0.0005722526,-0.000107757005,-0.0920842,0.0016705255,-0.00014529453,0.0011523193
20576000,0.00057634036,-0.00010793025,-0.09192397,0.0017038786,-0.00013912003,0.0011736464
20584000,0.0005808595,-0.000108081156,-0.09176799,0.001709259,-0.00012334016,0.0011758456
20592000,0.00058538775,-0.00010812639,-0.09161593,0.0016898278,-0.00011254199,0.001214272
20600000,0.0005901815,-0.00010815939,-0.09146775,0.0017149246,-0.00012533799,0.0012467633
20608000,0.0005952226,-0.00010828555,-0.0913233,0.0017236494,-0.00012651284,0.0012634108
20616000,0.0006004712,-0.0001085634,-0.09118262,0.0017063079,-0.0001631365,0.0012717759
20624000,0.0006057077,-0.00010951376,-0.0910698,0.0016969357,-0.0002806995,0.0013087497
20632000,0.0006109357,-0.00011107838,-0.09095998,0.0016688335,-0.00031152548,0.001269904
20640000,0.000616341,-0.00011291918,-0.09085309,0.0016882934,-0.0003576038,0.0013010631
20648000,0.0006219847,-0.000114800154,-0.09074863,0.0016812689,-0.00031414925,0.0013518773
20656000,0.00062783266,-0.00011654514,-0.09064669,0.0017170579,-0.000331246,0.001323188
20664000,0.0006279062,-0.000116949705,-0.090555705,0.001725569,-0.00033121355,0.0012825964
20672000,0.00062866445,-0.00011722293,-0.09042901,0.0018243144,-0.00028323047,0.0013191549
20680000,0.0006301692,-0.00011722963,-0.09030542,0.0018522975,-0.00026582577,0.0013268825
20688000,0.0006321131,-0.00011713923,-0.09018515,0.0018741941,-0.00025160826,0.0013237857
20696000,0.0006344225,-0.00011695759,-0.09006804,0.0018963724,-0.00023883938,0.0013308162
20704000,0.00063709286,-0.00011666909,-0.08995373,0.0018887344,-0.00021594383,0.0013924913
20712000,0.00063970784,-0.00011636857,-0.08984221,0.0018531865,-0.00022858768,0.0013918632
20720000,0.00064262893,-0.00011623261,-0.08973345,0.0018948496,-0.00024399952,0.0014105345
20728000,0.0006460005,-0.00011638177,-0.089658305,0.0019216195,-0.00029775818,0.0013683937
20736000,0.0006500092,-0.000116735275,-0.08958519,0.001986512,-0.00026711193,0.001338826
20744000,0.0006543955,-0.000116753356,-0.08951428,0.0019796097,-0.00023315987,0.0013304122
20752000,0.00065902603,-0.00011659201,-0.089444734,0.0019880293,-0.00021232148,0.0014107822
20760000,0.0006638611,-0.000116403804,-0.08937665,0.0019892254,-0.00021379898,0.0014132529
20768000,0.0006687689,-0.00011604435,-0.08931021,0.0019454341,-0.00017770276,0.0014108599
20776000,0.0006736873,-0.00011533231,-0.08928834,0.0019555914,-0.00012252828,0.0014125991
20784000,0.0006787451,-0.000114515875,-0.08926703,0.0019270325,-0.00013253161,0.0013692972
20792000,0.00068384147,-0.000113628186,-0.0892462,0.0019284189,-0.00010269996,0.0013621852
20800000,0.0006891928,-0.000112799455,-0.08922598,0.0019307232,-0.00014310855,0.0013372335
20808000,0.0006948401,-0.00011225351,-0.08920611,0.0019660606,-0.00016619799,0.0013674219
20816000,0.0007010076,-0.000111761794,-0.08918627,0.0020023496,-0.00013589094,0.0013930731
20824000,0.00070739305,-0.00011104673,-0.08921509,0.001975285,-0.00012860422,0.0013288247
20832000,0.0007136811,-0.000110290035,-0.08924318,0.0019585665,-0.00011212194,0.0013333134
20840000,0.0007202639,-0.000109369634,-0.08927038,0.0020067554,-7.345132e-05,0.0012973674
20848000,0.0007276714,-0.00010823131,-0.08929685,0.002097532,-5.7924655e-05,0.0012781234
20856000,0.0007357714,-0.000107150365,-0.08932248,0.0021262,-7.8378995e-05,0.0012867892
20864000,0.0007440672,-0.000106187916,-0.089347005,0.0021171926,-8.603852e-05,0.0012902905
20872000,0.0007454103,-0.0001042895,-0.08942645,0.002128719,-7.3538526e-05,0.0012365227
20880000,0.0007472171,-0.000102307014,-0.08950388,0.0021629818,-5.6481775e-05,0.0011669899
20888000,0.0007494323,-0.000100242534,-0.089579344,0.0021644402,-6.793428e-05,0.0011901146
20896000,0.00075190415,-9.843833e-05,-0.08965231,0.0021555035,-9.341672e-05,0.0012078069
20904000,0.00075446645,-9.667176e-05,-0.08972294,0.0021327718,-5.9169455e-05,0.0012062949
20912000,0.0007570687,-9.4684445e-05,-0.089791715,0.0021133246,-4.540961e-05,0.0011869172
20920000,0.00075996184,-9.2481e-05,-0.08985847,0.0021430836,1.536504e-06,0.0011607729
20928000,0.0007631578,-9.030225e-05,-0.08987817,0.002105607,-3.163451e-05,0.001156245
20936000,0.0007663238,-8.839899e-05,-0.089896984,0.0020982558,-6.5134e-05,0.0011977348
20944000,0.00076964375,-8.685092e-05,-0.089915074,0.002085864,-0.00010981734,0.0011754865
20952000,0.00077331037,-8.562228e-05,-0.08993277,0.0021219386,-0.00013020777,0.0011432986
20960000,0.00077750016,-8.449643e-05,-0.08994988,0.0021574106,-0.00013425338,0.0011697297
20968000,0.0007821076,-8.369292e-05,-0.08996648,0.0021617138,-0.00020561629,0.0011125583
20976000,0.00078674406,-8.326366e-05,-0.08996655,0.0021170732,-0.00020346063,0.0011092769
20984000,0.0007914176,-8.284074e-05,-0.08996642,0.002114343,-0.00021288739,0.0011255362
20992000,0.0007962891,-8.243301e-05,-0.08996617,0.0021240553,-0.0001941526,0.0011209687
21000000,0.00080141186,-8.204887e-05,-0.08996582,0.0021190303,-0.00021551552,0.0011114187
21008000,0.0008066019,-8.1955826e-05,-0.08996569,0.0020813576,-0.00024087103,0.0010310753
21016000,0.00081171846,-8.2058454e-05,-0.08996601,0.002055,-0.0002846556,0.0009909043
21024000,0.00081696594,-8.264304e-05,-0.08999428,0.002072684,-0.00032930952,0.0009594852
21032000,0.0008225239,-8.332774e-05,-0.090021916,0.002073184,-0.00030816114,0.00092050264
21040000,0.00082840276,-8.408581e-05,-0.09004892,0.0021041492,-0.00035268313,0.0009045767
21048000,0.00083471165,-8.530446e-05,-0.090075314,0.0021318083,-0.00039427698,0.0008529729
21056000,0.0008415593,-8.667152e-05,-0.090101294,0.0021976023,-0.0003846785,0.0007986142
21064000,0.00084901473,-8.7859284e-05,-0.09012685,0.0022084096,-0.000355488,0.00077160366
21072000,0.00085666793,-8.8937646e-05,-0.09013415,0.0021972908,-0.00035504383,0.00080963434
21080000,0.0008559242,-8.964688e-05,-0.090146534,0.0021841347,-0.00034959908,0.00080975203
21088000,0.0008554558,-9.017832e-05,-0.09015858,0.0021634232,-0.0002941917,0.00079742767
21096000,0.00085503224,-9.0303154e-05,-0.09017048,0.0021385972,-0.00026598055,0.00075257686
21104000,0.0008548744,-9.036473e-05,-0.090182245,0.0021541496,-0.00024723948,0.0007300722
21112000,0.0008552405,-9.0362606e-05,-0.09019359,0.0021873706,-0.000257379,0.00076042645
21120000,0.000856053,-9.058542e-05,-0.09020439,0.0021962144,-0.00028318312,0.00077544735
21128000,0.00085729366,-9.088442e-05,-0.09022502,0.002227466,-0.0002571023,0.0008138643
21136000,0.0008590082,-9.089914e-05,-0.0902448,0.0022574265,-0.00022477571,0.0008429601
21144000,0.0008612243,-9.080036e-05,-0.09026375,0.0022698713,-0.00020913496,0.0008524963
21152000,0.00086377066,-9.046861e-05,-0.09028184,0.0022677463,-0.00015270151,0.0008917761
21160000,0.0008664277,-8.969132e-05,-0.09029916,0.0022335416,-9.82979e-05,0.00090976205
21168000,0.00086919917,-8.8817935e-05,-0.09031575,0.0022364655,-0.0001248477,0.0009290769
21176000,0.00087231223,-8.7939836e-05,-0.09031123,0.0022573613,-7.743299e-05,0.00091030274
21184000,0.00087576185,-8.682472e-05,-0.09030719,0.0022459275,-5.9231537e-05,0.0008518241
21192000,0.0008793722,-8.562942e-05,-0.09030337,0.0022410736,-5.85001e-05,0.0008364179
21200000,0.0008832297,-8.440398e-05,-0.090299815,0.0022553727,-3.5876805e-05,0.000810184
21208000,0.0008874063,-8.3142855e-05,-0.090296365,0.0022472201,-4.2780117e-05,0.0008021137
21216000,0.0008916855,-8.1870196e-05,-0.09029275,0.0022306365,-3.5405985e-05,0.00085421477
21224000,0.0008961226,-8.066163e-05,-0.09030605,0.0022261837,-3.276946e-05,0.0008136645
21232000,0.00090081635,-7.9525074e-05,-0.09031925,0.0022350654,-5.5404867e-05,0.000784097
21240000,0.00090569805,-7.854872e-05,-0.09033188,0.0022253948,-5.5366323e-05,0.00082199683
21248000,0.0009107904,-7.752167e-05,-0.0903441,0.0022269613,-4.85153e-05,0.00076818594
21256000,0.0009163389,-7.625966e-05,-0.09035651,0.0022811373,2.186387e-05,0.0006834018
21264000,0.00092244096,-7.466024e-05,-0.09036878,0.0022918705,4.3315704e-05,0.0007020313
21272000,0.0009288222,-7.316522e-05,-0.09039101,0.0023070693,-1.2790954e-05,0.00070820923
21280000,0.0009355479,-7.1876115e-05,-0.09041256,0.0023323884,7.6253664e-06,0.0006966143
21288000,0.00093389594,-6.9715294e-05,-0.090437315,0.0023515,-1.2972769e-06,0.0006987358
21296000,0.00093261496,-6.746885e-05,-0.09046137,0.0023346925,3.3390057e-05,0.00067490636
21304000,0.0009314092,-6.501088e-05,-0.09048493,0.00230277,5.5613844e-05,0.0006658942
21312000,0.0009302562,-6.253701e-05,-0.090507574,0.002272707,5.4714146e-05,0.0006956629
21320000,0.0009293817,-6.0107144e-05,-0.090529375,0.0022758006,4.5246798e-05,0.0007053145
21328000,0.00092873076,-5.7689835e-05,-0.09058898,0.002253676,6.988841e-05,0.00077900203
21336000,0.00092835823,-5.5031644e-05,-0.090646505,0.0022592086,0.00012574671,0.00078579783
21344000,0.0009283435,-5.1846928e-05,-0.090702325,0.002282881,0.0001791649,0.0007683753
21352000,0.0009285755,-4.8521728e-05,-0.09075664,0.0022219184,0.0001827918,0.0007653844
21360000,0.00092866615,-4.5311932e-05,-0.09080929,0.0021920078,0.00018117978,0.0007622599
21368000,0.00092895527,-4.2038024e-05,-0.09086062,0.002185197,0.00019399759,0.0007177821
21376000,0.0009293138,-3.8755832e-05,-0.09089829,0.0021601587,0.00018332031,0.00076816743
21384000,0.00092994043,-3.5590256e-05,-0.09093432,0.0021546981,0.00017814286,0.0008068859
21392000,0.0009308584,-3.253099e-05,-0.09096902,0.0021712224,0.00017422452,0.0008642005
21400000,0.00093208434,-2.967046e-05,-0.091002166,0.0021663476,0.00013114719,0.0008889801
21408000,0.0009336063,-2.7062e-05,-0.09103419,0.002174073,0.00013232764,0.00089260435
21416000,0.0009353816,-2.4405059e-05,-0.091065116,0.0021567668,0.00014060446,0.0009272818
21424000,0.00093738857,-2.1740996e-05,-0.09111557,0.0021637585,0.00013786445,0.00093536207
21432000,0.0009396099,-1.9215106e-05,-0.09116477,0.002146807,0.00011849579,0.00088260026
21440000,0.00094178424,-1.6864053e-05,-0.09121264,0.0020960057,9.6036965e-05,0.0008874251
21448000,0.0009440689,-1.4632911e-05,-0.09125881,0.0021012633,0.00010124376,0.0009399894
21456000,0.0009467009,-1.2477524e-05,-0.09130336,0.0021220746,7.304733e-05,0.0009179006
21464000,0.0009498075,-1.0727896e-05,-0.09134678,0.002147449,4.114177e-05,0.00088275806
21472000,0.0009533459,-8.772051e-06,-0.091470055,0.0021669476,0.00010383798,0.000873148
21480000,0.0009572799,-6.580121e-06,-0.09158956,0.0021874874,0.00011355325,0.0009153222
21488000,0.0009618259,-4.327586e-06,-0.0917054,0.0022564316,0.00012048393,0.00091160164
21496000,0.0009579406,-1.9092247e-06,-0.091819696,0.0023033214,0.000117811986,0.00084327516
21504000,0.0009546256,2.4721962e-07,-0.091931194,0.0023004974,7.6096694e-05,0.0008075928
21512000,0.0009516494,2.252099e-06,-0.09203959,0.0023044671,6.7756715e-05,0.00079061097
21520000,0.0009491252,4.297938e-06,-0.09214475,0.002314994,0.000110843306,0.0008287035
21528000,0.0009467596,6.4913143e-06,-0.09221611,0.0022710992,0.000117093754,0.0008464567
21536000,0.0009446674,8.924187e-06,-0.09228536,0.0022879187,0.00016429793,0.00084616226
21544000,0.0009427476,1.17754735e-05,-0.092352316,0.0022222628,0.0002293694,0.00088331185
21552000,0.00094077457,1.4827341e-05,-0.09241725,0.0022024156,0.00021585576,0.0008454947
21560000,0.0009390453,1.767983e-05,-0.09248061,0.0021885901,0.00021078179,0.0008074255
21568000,0.00093762914,2.0601836e-05,-0.09254227,0.0021784364,0.00024452442,0.0007937957
21576000,0.0009363857,2.3779203e-05,-0.09260023,0.0021705942,0.0002457533,0.0007860759
21584000,0.00093538966,2.6848631e-05,-0.09265655,0.0021640335,0.00025032694,0.00077489775
21592000,0.0009347797,2.986384e-05,-0.092711195,0.0021574819,0.00024226995,0.00078287127
21600000,0.0009341883,3.2825723e-05,-0.09276389,0.0021180206,0.00022187775,0.00085666426
21608000,0.0009336886,3.5395933e-05,-0.092814595,0.0020979699,0.00017627396,0.0008585915
21616000,0.0009331416,3.7806516e-05,-0.09286386,0.0020315577,0.00018157925,0.00084308465
21624000,0.0009325483,4.008555e-05,-0.09292967,0.0020134116,0.00015152014,0.00089138455
21632000,0.00093212444,4.2258227e-05,-0.0929933,0.001995049,0.00014268201,0.00089009607
21640000,0.00093201664,4.390381e-05,-0.093055025,0.00201027,5.2349e-05,0.0008861843
21648000,0.0009319941,4.530692e-05,-0.09311485,0.0019661395,7.8066696e-05,0.0008884603
21656000,0.0009322712,4.6741905e-05,-0.09317288,0.0019904668,7.881328e-05,0.0008758143
21664000,0.0009329587,4.833075e-05,-0.093229175,0.0020241172,0.00010239411,0.00089230645
21672000,0.0009344383,4.9965893e-05,-0.0931989,0.0020939012,9.8243494e-05,0.00088500336
21680000,0.00093647285,5.147505e-05,-0.09316927,0.002095655,9.1386915e-05,0.0009037693
21688000,0.0009387401,5.2896732e-05,-0.09314024,0.0020808424,7.4921634e-05,0.0009124757
21696000,0.00094133423,5.4235596e-05,-0.09311165,0.0021144142,7.144062e-05,0.00095422525
21704000,0.00093539676,5.4891538e-05,-0.093088344,0.002096549,5.2303138e-05,0.00094522047
21712000,0.0009298329,5.537425e-05,-0.093065985,0.0021223915,1.4888649e-05,0.000863966
21720000,0.0009247985,5.5567638e-05,-0.09304474,0.0021125409,-6.3602065e-06,0.00077285955
21728000,0.00091982045,5.5831788e-05,-0.09302944,0.0020608765,4.5781533e-05,0.0007179564
21736000,0.0009147732,5.625524e-05,-0.09301457,0.0019857527,2.3122366e-05,0.0007137224
21744000,0.0009094772,5.6405792e-05,-0.0930001,0.0019214317,-3.383589e-05,0.0007021236
21752000,0.00090406794,5.6025918e-05,-0.092985794,0.0018667239,-7.0732785e-05,0.00074410107
21760000,0.00089846447,5.5537625e-05,-0.09297136,0.0017655569,-7.081146e-05,0.0008036782
21768000,0.00089284545,5.5014203e-05,-0.09295677,0.001779144,-7.2764306e-05,0.00082606974
21776000,0.0008874014,5.4680455e-05,-0.09289889,0.0017284792,-1.5730286e-05,0.0008419637
21784000,0.00088212965,5.4750915e-05,-0.092842355,0.0017130311,1.592374e-05,0.0008468648
21792000,0.0008769428,5.4906643e-05,-0.092787266,0.0016903535,3.266986e-05,0.00082989386
21800000,0.0008720087,5.5321747e-05,-0.09273372,0.0016863989,6.684235e-05,0.0008195368
21808000,0.00086754345,5.5694636e-05,-0.09268157,0.001706359,3.2829757e-05,0.00080648606
21816000,0.00086328917,5.591561e-05,-0.0926307,0.0016784065,4.836065e-05,0.00084285316
21824000,0.00085948623,5.6527795e-05,-0.09253546,0.0017193166,0.000103889804,0.0008355225
21832000,0.0008560299,5.733648e-05,-0.0924426,0.0016904396,0.00011463715,0.00085741584
21840000,0.00085276837,5.8169935e-05,-0.09235223,0.001692184,0.00011419899,0.0008393081
21848000,0.00084975467,5.9108443e-05,-0.0922643,0.0016702536,0.00014589656,0.0008257441
21856000,0.0008467045,6.021571e-05,-0.09217871,0.0015985097,0.00015573004,0.00084828254
21864000,0.0008432593,6.141941e-05,-0.092095286,0.0015300914,0.00018212401,0.0008205736
21872000,0.00083999214,6.259145e-05,-0.09207039,0.0015553666,0.00014308651,0.00081513077
21880000,0.0008375926,6.35626e-05,-0.09204572,0.0016527261,0.00013686967,0.0008963741
21888000,0.0008357672,6.445188e-05,-0.092020996,0.0016221163,0.00013813328,0.00090564403
21896000,0.0008340098,6.553135e-05,-0.0919971,0.0016070076,0.00018519541,0.00086966594
21904000,0.00083270064,6.703423e-05,-0.091973476,0.0016471432,0.00022528792,0.00093609554
21912000,0.0008231263,6.809929e-05,-0.09195543,0.0015596792,0.00018405405,0.00091556396
21920000,0.0008134884,6.876259e-05,-0.09193792,0.0015309264,0.00014650918,0.0008876105
21928000,0.00080380886,6.924312e-05,-0.09193403,0.0014531375,0.00012612306,0.00091222534
21936000,0.0007938075,6.966965e-05,-0.09193001,0.0013739518,0.00013566446,0.0009103632
21944000,0.00078401953,7.022732e-05,-0.09192578,0.0013663599,0.00017419511,0.0009370777
21952000,0.0007740204,7.1079136e-05,-0.091921434,0.001261407,0.00018074771,0.00091685826
21960000,0.0007638573,7.167845e-05,-0.09191729,0.0012195832,0.00012053757,0.0008780741
21968000,0.0007538763,7.193237e-05,-0.09191353,0.0012198023,0.0001174693,0.00081608095
21976000,0.0007442825,7.232521e-05,-0.09200021,0.0012190294,0.00013100877,0.00078366447
21984000,0.00073476275,7.2799485e-05,-0.09208452,0.0011360529,0.00016084182,0.0007616516
21992000,0.0007250614,7.342369e-05,-0.09216656,0.0011068564,0.00015144775,0.0007088647
22000000,0.00071533,7.3965246e-05,-0.0922466,0.001034018,0.00013723521,0.00068200525
22008000,0.0007055899,7.427965e-05,-0.09232412,0.001025343,0.00011687736,0.0006990503
22016000,0.00069616816,7.4615426e-05,-0.09239935,0.0010151104,0.00013413171,0.0007171729
22024000,0.0006867956,7.520877e-05,-0.09252601,0.0009574307,0.00018149061,0.0006778162
22032000,0.0006775261,7.6018805e-05,-0.092649475,0.0009639952,0.0001879985,0.0006062033
22040000,0.0006684638,7.696626e-05,-0.09276969,0.00091018435,0.00022820779,0.00060571043
22048000,0.00065912324,7.832958e-05,-0.09288644,0.00083948235,0.00028126387,0.000589933
22056000,0.00064988784,8.00436e-05,-0.09300013,0.0008489798,0.00031209533,0.00053285697
22064000,0.00064086146,8.1806174e-05,-0.09311072,0.0008071453,0.00029370908,0.00055037666
22072000,0.0006320069,8.351532e-05,-0.09326722,0.0008266776,0.00030627294,0.00056869036
22080000,0.0006236076,8.529407e-05,-0.09341936,0.0008300269,0.00031844192,0.0005322709
22088000,0.00061535917,8.714523e-05,-0.09356728,0.00078583305,0.00031088377,0.0005291856
22096000,0.00060698466,8.8987894e-05,-0.093710914,0.0007373002,0.00033218073,0.00054654985
22104000,0.00059847574,9.107766e-05,-0.09385057,0.0006604536,0.0003463764,0.00050680846
22112000,0.00058993814,9.305482e-05,-0.09398643,0.0006728247,0.00033606193,0.00048071044
22120000,0.0005749773,9.462752e-05,-0.09411965,0.00058942864,0.00029661867,0.0005148263
22128000,0.0005596208,9.593209e-05,-0.09420673,0.00048572948,0.00029360005,0.0005381784
22136000,0.00054390525,9.7283075e-05,-0.09429119,0.0004332826,0.0002844466,0.0005577563
22144000,0.0005283258,9.848334e-05,-0.09437287,0.00039555092,0.00026408216,0.0006099956
22152000,0.0005126614,9.9542056e-05,-0.094451755,0.00034073752,0.0002438239,0.00068036676
22160000,0.00049711106,0.00010046902,-0.094527945,0.00031022608,0.00024263797,0.00068738894
22168000,0.000481645,0.00010158358,-0.09460175,0.0002987085,0.00027132244,0.0007275652
22176000,0.0004666588,0.00010270827,-0.09458554,0.00032009342,0.00024845847,0.0006963404
22184000,0.00045197966,0.00010368438,-0.09456996,0.00030177835,0.00024841924,0.0006760137
22192000,0.00043749937,0.00010471311,-0.09455493,0.00025565005,0.00023383238,0.0006361007
22200000,0.0004230652,0.000105379084,-0.094540186,0.00026681036,0.00018153476,0.0006879867
22208000,0.00040885355,0.000105785155,-0.0945252,0.00019601497,0.00013375159,0.0007473637
22216000,0.00039454174,0.00010565012,-0.09451042,0.00017755637,8.9324516e-05,0.00073930447
22224000,0.00038051125,0.00010540797,-0.094482705,0.00018300254,8.2872095e-05,0.00072296336
22232000,0.00036660087,0.000105031766,-0.094455466,0.000118927965,6.82353e-05,0.00078101765
22240000,0.00035266735,0.00010465602,-0.09442856,9.7006094e-05,6.250336e-05,0.00079917937
22248000,0.0003388465,0.00010413758,-0.094402194,7.21519e-05,4.0162362e-05,0.0007898244
22256000,0.00032518938,0.00010344205,-0.0943764,7.982259e-05,1.6994694e-05,0.0008175385
22264000,0.0003117971,0.00010267168,-0.09435102,3.7922757e-05,2.3213153e-05,0.0008060579
22272000,0.0002985395,0.0001019402,-0.09432146,4.9841547e-05,2.9508412e-05,0.00079164916
22280000,0.00028552642,0.000101286736,-0.094292745,1.1986509e-05,2.9123828e-05,0.0007793801
22288000,0.0002726049,0.00010071882,-0.09426462,6.4429587e-06,6.538369e-05,0.00077369716
22296000,0.00025984875,0.00010040114,-0.0942371,-1.8328798e-05,7.4044474e-05,0.0007967741
22304000,0.00024706495,0.00010003747,-0.09421005,-5.576005e-05,6.1377905e-05,0.0008016058
22312000,0.00023437601,9.9685836e-05,-0.09418369,-9.116374e-05,7.015127e-05,0.00076030183
22320000,0.00022190486,9.939773e-05,-0.09415812,-6.286967e-05,7.825347e-05,0.000747048
22328000,0.00020643686,9.8281555e-05,-0.09411452,-8.777743e-05,5.471443e-05,0.00072844554
22336000,0.0001910942,9.7016076e-05,-0.09407198,-0.00011133827,5.0683375e-05,0.0007494301
22344000,0.00017596074,9.5765296e-05,-0.09403013,-0.00012523434,3.0497991e-05,0.00081146654
22352000,0.00016121064,9.461595e-05,-0.09398898,-8.3974795e-05,7.8880956e-05,0.0008150196
22360000,0.00014678233,9.366269e-05,-0.093948774,-0.00013198041,8.6399275e-05,0.0008182531
22368000,0.00013222938,9.302203e-05,-0.093909375,-0.00018250855,0.00013347203,0.0008541548
22376000,0.0001177506,9.25669e-05,-0.09385364,-0.00020214068,0.00012949988,0.00085876294
22384000,0.00010333873,9.1793525e-05,-0.09379922,-0.00024472858,6.19256e-05,0.00087063975
22392000,8.893445e-05,9.0755784e-05,-0.09374599,-0.00025959132,5.4379772e-05,0.00090219633
22400000,7.484256e-05,8.949252e-05,-0.09369368,-0.0002463925,8.791084e-06,0.000945209
22408000,6.1271705e-05,8.796569e-05,-0.09364279,-0.0002017265,-5.5789733e-06,0.00088204263
22416000,4.8341095e-05,8.658022e-05,-0.09359347,-0.00017784916,2.4190591e-05,0.0008615651
22424000,3.554524e-05,8.549884e-05,-0.093520746,-0.00021453455,6.541628e-05,0.00094186224
22432000,2.3039911e-05,8.444099e-05,-0.09344935,-0.00017743013,3.862185e-05,0.0009932402
22440000,1.0806214e-05,8.360307e-05,-0.0933796,-0.0002466747,0.00010858169,0.0009717404
22448000,-1.7784959e-06,8.2969156e-05,-0.09331163,-0.0003084076,8.476595e-05,0.0009858805
22456000,-1.4459656e-05,8.24495e-05,-0.09324541,-0.0003167375,0.00012939176,0.0009400058
22464000,-2.6561996e-05,8.197546e-05,-0.09318133,-0.000245014,9.682802e-05,0.0008818331
22472000,-3.775684e-05,8.124046e-05,-0.093132675,-0.00017130308,7.392415e-05,0.0008145125
22480000,-4.846411e-05,8.049782e-05,-0.09308566,-0.00018107833,9.1434114e-05,0.0007811834
22488000,-5.8957452e-05,7.9987534e-05,-0.09303979,-0.00018509332,0.00012279683,0.0008029777
22496000,-6.9426205e-05,7.972123e-05,-0.09299492,-0.00022897182,0.00014993537,0.00081603474
22504000,-7.971457e-05,7.942258e-05,-0.092951156,-0.00020161051,0.000109969485,0.0007792475
22512000,-8.9658744e-05,7.892815e-05,-0.092908636,-0.00021152817,9.299232e-05,0.00074388157
22520000,-9.946258e-05,7.8454985e-05,-0.09286765,-0.0002367681,0.00012468762,0.00069496676
22528000,-0.00010933061,7.816501e-05,-0.09286692,-0.00028537092,0.00011693331,0.00067535596
22536000,-0.0001198254,7.737937e-05,-0.0928716,-0.00033220946,7.669375e-05,0.00064137543
22544000,-0.00013030569,7.643474e-05,-0.092875995,-0.0003685338,6.157293e-05,0.00067160995
22552000,-0.00014071233,7.537948e-05,-0.09288001,-0.0003612303,6.020694e-05,0.0006626046
22560000,-0.00015092824,7.450957e-05,-0.09288383,-0.00038184802,8.4502484e-05,0.00065701065
22568000,-0.00016115473,7.355275e-05,-0.0928875,-0.00041484064,4.2029136e-05,0.0006369807
22576000,-0.00017114701,7.2385854e-05,-0.09291733,-0.00041115744,3.089943e-05,0.00066225545
22584000,-0.0001812411,7.093091e-05,-0.09294603,-0.00047083237,-3.9456478e-05,0.00066612824
22592000,-0.00019149178,6.9200316e-05,-0.09297372,-0.0004993954,-3.056702e-05,0.00069961924
22600000,-0.00020148506,6.755813e-05,-0.093000084,-0.00047902047,-3.5606e-05,0.000734866
22608000,-0.00021124084,6.5930806e-05,-0.09302534,-0.00048357254,-1.7842196e-05,0.00079174933
22616000,-0.00022090379,6.4420434e-05,-0.09304937,-0.0005337397,-7.728926e-06,0.00078539865
22624000,-0.00023080982,6.2978375e-05,-0.09307004,-0.00056907017,-2.0339958e-05,0.00076210115
22632000,-0.0002406577,6.126327e-05,-0.093090154,-0.000588598,-7.90244e-05,0.0007282964
22640000,-0.00025062982,5.9428752e-05,-0.09310966,-0.0006411088,-3.4678385e-05,0.00075014174
22648000,-0.0002606877,5.762732e-05,-0.09312816,-0.00066616334,-8.282139e-05,0.0007776923
22656000,-0.0002707488,5.5742094e-05,-0.093146235,-0.0006796742,-7.460662e-05,0.00072043826
22664000,-0.0002807068,5.393148e-05,-0.09316387,-0.0007171565,-5.5958288e-05,0.00070899574
22672000,-0.00029078263,5.2368065e-05,-0.09311372,-0.00073872844,-2.4090406e-05,0.0007020574
22680000,-0.00030093192,5.1045747e-05,-0.093064666,-0.00078584114,2.099022e-05,0.00074051233
22688000,-0.00031118188,4.996652e-05,-0.09301689,-0.0008006449,1.1473169e-05,0.00070313964
22696000,-0.00032130003,4.884533e-05,-0.0929704,-0.0007998471,9.656039e-06,0.00071487733
22704000,-0.00033109813,4.7817888e-05,-0.09292512,-0.0007928852,4.88711e-05,0.0006876465
22712000,-0.00034097407,4.706786e-05,-0.09288116,-0.0008423696,5.1361392e-05,0.0006756148
22720000,-0.00035089345,4.6496305e-05,-0.09283823,-0.00085962674,0.00010710289,0.0007080084
22728000,-0.00036097673,4.632448e-05,-0.09278635,-0.0009045033,0.00013312418,0.0007618432
22736000,-0.00037088917,4.6100322e-05,-0.09273566,-0.0008854107,9.611557e-05,0.000752226
22744000,-0.00038018046,4.5707955e-05,-0.09269087,-0.00090975297,0.000102301725,0.00077557174
22752000,-0.00038945198,4.5201683e-05,-0.09264695,-0.0009378159,5.569647e-05,0.00079547556
22760000,-0.0003988258,4.4373726e-05,-0.09260421,-0.0009514458,3.487594e-05,0.00075026555
22768000,-0.00040800785,4.368361e-05,-0.092563,-0.00093808543,6.325843e-05,0.0006903902
22776000,-0.00041674147,4.290968e-05,-0.09253411,-0.0008823155,3.5526995e-05,0.00072115834
22784000,-0.0004248902,4.22488e-05,-0.09250569,-0.00084198086,5.465148e-05,0.00071102096
22792000,-0.000432871,4.1556974e-05,-0.09247816,-0.0008693266,6.435256e-05,0.0006822657
22800000,-0.00044090822,4.099191e-05,-0.09245149,-0.0008739524,4.0958497e-05,0.0006622061
22808000,-0.00044867743,4.001065e-05,-0.09242539,-0.0008612752,-2.5679932e-05,0.000677839
22816000,-0.00045629518,3.8575723e-05,-0.09239966,-0.00086749485,-5.0553695e-05,0.0007125752
22824000,-0.00046392376,3.72365e-05,-0.09235341,-0.00089622766,-2.8065782e-05,0.0007304598
22832000,-0.00047170187,3.586306e-05,-0.09230793,-0.0009426007,-6.446717e-05,0.00081045035
22840000,-0.00047973343,3.438683e-05,-0.09226304,-0.0009762653,-5.569267e-05,0.00085301604
22848000,-0.00048791495,3.2800755e-05,-0.092218906,-0.0010239554,-9.093787e-05,0.0008909925
22856000,-0.00049632,3.0982435e-05,-0.092175655,-0.0010523957,-0.00011159735,0.00089224725
22864000,-0.00050474494,2.92003e-05,-0.09213355,-0.001072003,-9.304595e-05,0.000870669
22872000,-0.00051308307,2.7350548e-05,-0.09212371,-0.0010563121,-0.00012260418,0.0008169974
22880000,-0.00052133354,2.5536761e-05,-0.092114404,-0.0010795764,-8.932448e-05,0.0007517685
22888000,-0.00052964047,2.396795e-05,-0.09210577,-0.001101299,-8.0958285e-05,0.00069537654
22896000,-0.000537878,2.2195198e-05,-0.092097364,-0.0010925658,-0.00014095202,0.0007331815
22904000,-0.0005459922,2.0077821e-05,-0.09208869,-0.001095298,-0.00015063271,0.00074842514
22912000,-0.0005539165,1.8118855e-05,-0.0920803,-0.0010809187,-0.00011672777,0.0006844854
22920000,-0.0005619078,1.6236669e-05,-0.09207242,-0.0011253657,-0.00014707653,0.00065820495
22928000,-0.0005701595,1.4050462e-05,-0.09204268,-0.001184852,-0.00017627672,0.0006223856
22936000,-0.0005786579,1.1719674e-05,-0.09201389,-0.001204074,-0.00017334262,0.0005934305
22944000,-0.00058716483,9.639685e-06,-0.091985956,-0.0012054525,-0.00015149036,0.00057705486
22952000,-0.00059373985,7.707533e-06,-0.09196307,-0.001213176,-0.0001550102,0.0005738127
22960000,-0.0006002162,5.720549e-06,-0.091940746,-0.001195051,-0.000157205,0.0005503458
22968000,-0.0006062773,3.9206534e-06,-0.091919065,-0.0011437702,-0.00013579972,0.00054836896
22976000,-0.00061211956,2.0223276e-06,-0.09186615,-0.0011375229,-0.0001717715,0.00048020796
22984000,-0.00061779487,7.247571e-08,-0.09181491,-0.0011283545,-0.00016276643,0.00046844673
22992000,-0.0006234362,-1.9622084e-06,-0.09176545,-0.0011593824,-0.00017675449,0.00039368388
23000000,-0.00062928745,-4.1415874e-06,-0.09171761,-0.0011758356,-0.00020747389,0.00040190786
23008000,-0.0006351429,-6.2691192e-06,-0.09167081,-0.0011657903,-0.000161139,0.00043242009
23016000,-0.0006407922,-8.049702e-06,-0.09162519,-0.0011600503,-0.00013230342,0.0004152797
23024000,-0.00064632593,-9.6188405e-06,-0.09157392,-0.001154257,-0.0001016396,0.00036746138
23032000,-0.00065186375,-1.0834985e-05,-0.09152404,-0.0011675823,-5.5903354e-05,0.0003821394
23040000,-0.00065758295,-1.1911479e-05,-0.09147564,-0.0012261914,-6.4649954e-05,0.00035915017
23048000,-0.0006635887,-1.2895523e-05,-0.09142866,-0.0012354571,-3.2901356e-05,0.00034159338
23056000,-0.00066976814,-1.379461e-05,-0.09138298,-0.0012880014,-4.89372e-05,0.00035549563
23064000,-0.00067625847,-1.4773694e-05,-0.09133836,-0.0013270845,-6.1261926e-05,0.00037361574
23072000,-0.000682987,-1.5879075e-05,-0.09130316,-0.0013642531,-7.951668e-05,0.00040043858
23080000,-0.00068969635,-1.7166867e-05,-0.09126857,-0.0013321344,-0.00010133784,0.00042770227
23088000,-0.00069632265,-1.8320286e-05,-0.091234945,-0.0013564868,-5.5053606e-05,0.00039910252
23096000,-0.0007030501,-1.9273915e-05,-0.0912023,-0.0013739605,-3.833919e-05,0.0003922083
23104000,-0.0007099083,-1.992692e-05,-0.091170356,-0.0013889138,-6.7436868e-06,0.00043013226
23112000,-0.0007166724,-2.0570433e-05,-0.09113908,-0.0013776956,-2.220191e-05,0.00043305414
23120000,-0.0007235922,-2.1279187e-05,-0.091108866,-0.0014230071,-2.9518704e-05,0.00037414546
23128000,-0.0007306572,-2.2041051e-05,-0.09107253,-0.001429683,-3.354042e-05,0.0003324012
23136000,-0.0007377467,-2.3052997e-05,-0.09103751,-0.0014380952,-9.615216e-05,0.0003003243
23144000,-0.0007450277,-2.460378e-05,-0.09100352,-0.0015017512,-0.00017262914,0.00029963083
23152000,-0.0007527662,-2.6589383e-05,-0.09097041,-0.0015238918,-0.00019325322,0.00030275466
23160000,-0.000757636,-2.7693322e-05,-0.09094135,-0.0015387624,-0.0001173043,0.00029659187
23168000,-0.00076258794,-2.8189004e-05,-0.09091311,-0.0015439269,-6.918343e-05,0.00031348327
23176000,-0.00076773355,-2.8526109e-05,-0.09101152,-0.0015804732,-3.673364e-05,0.00031482909
23184000,-0.00077303615,-2.8738665e-05,-0.09110715,-0.0015879401,-5.8705093e-05,0.0003007883
23192000,-0.00077865,-2.906006e-05,-0.0912002,-0.0016335374,-7.373256e-05,0.00026518948
23200000,-0.00078418467,-2.9678738e-05,-0.091291,-0.0015947713,-0.00013109682,0.00023128782
23208000,-0.0007896692,-3.0865995e-05,-0.09137932,-0.001602441,-0.00019299894,0.00021198965
23216000,-0.00079492806,-3.245076e-05,-0.09146525,-0.0015474578,-0.00025709686,0.000219099
23224000,-0.0008002327,-3.4466444e-05,-0.09155724,-0.0016024355,-0.00027011297,0.00020840697
23232000,-0.0008056898,-3.6291134e-05,-0.09164676,-0.0015924084,-0.0002423109,0.00019187934
23240000,-0.00081107736,-3.831202e-05,-0.091733605,-0.0015871132,-0.0002972222,0.00024099564
23248000,-0.00081666687,-4.0600393e-05,-0.09181781,-0.0016290576,-0.0003058113,0.00023529757
23256000,-0.0008224193,-4.270174e-05,-0.09189987,-0.0016233962,-0.00027683534,0.00018156452
23264000,-0.0008282981,-4.5046552e-05,-0.09197984,-0.001665453,-0.00032795733,0.00018841411
23272000,-0.00083447556,-4.7281555e-05,-0.09211814,-0.0016946557,-0.00028024008,0.00016345277
23280000,-0.00084082194,-4.9339615e-05,-0.09225289,-0.0016904153,-0.00027746297,0.00010468301
23288000,-0.0008470288,-5.1430445e-05,-0.0923842,-0.0016710081,-0.00027963248,8.499235e-05
23296000,-0.0008532255,-5.352403e-05,-0.092512004,-0.0016921388,-0.000273677,5.9456986e-05
23304000,-0.00085967046,-5.5401048e-05,-0.09263642,-0.0017174785,-0.00025302285,5.024937e-05
23312000,-0.0008662731,-5.726171e-05,-0.09275728,-0.0017400578,-0.00025858197,6.670868e-05
23320000,-0.00087308936,-5.9112394e-05,-0.092874944,-0.0017648713,-0.00023808103,2.0617459e-05
23328000,-0.0008800263,-6.0799288e-05,-0.0930049,-0.001767782,-0.00022222783,1.5368547e-05
23336000,-0.000887227,-6.2155275e-05,-0.09313132,-0.0018166101,-0.00017058755,1.981991e-05
23344000,-0.0008947592,-6.3398074e-05,-0.093254276,-0.0018434535,-0.00017747446,-2.3010674e-05
23352000,-0.0009023758,-6.455406e-05,-0.093374364,-0.0018402408,-0.00013429778,-8.056035e-05
23360000,-0.0009099495,-6.52047e-05,-0.09349137,-0.0018257038,-9.3325616e-05,-9.272474e-05
23368000,-0.0009134313,-6.528651e-05,-0.09360336,-0.0018201491,-0.00010107723,-4.629729e-05
23376000,-0.00091717945,-6.5521745e-05,-0.0936954,-0.001880509,-0.00013537091,-3.1294192e-05
23384000,-0.0009214655,-6.5916814e-05,-0.09378505,-0.0019130176,-0.00014321493,-5.0190058e-05
23392000,-0.0009257298,-6.6290835e-05,-0.09387196,-0.0018676159,-0.0001168552,9.101608e-06
23400000,-0.0009298902,-6.641543e-05,-0.09395649,-0.0018811568,-7.4544674e-05,-6.6028784e-05
23408000,-0.0009343429,-6.643906e-05,-0.0940395,-0.0019207599,-0.00012052961,-0.00017939432
23416000,-0.0009393336,-6.691941e-05,-0.09412102,-0.0019766588,-0.00014194922,-0.00025530433
23424000,-0.0009446037,-6.73253e-05,-0.09420149,-0.001993125,-0.0001308591,-0.00023716093
23432000,-0.0009497862,-6.777285e-05,-0.09427971,-0.0019324195,-0.00014672021,-0.00024001609
23440000,-0.0009546398,-6.84223e-05,-0.094355606,-0.0018955119,-0.00017520756,-0.0001971157
23448000,-0.000959229,-6.925249e-05,-0.09442919,-0.0018311348,-0.00019306253,-0.00016706121
23456000,-0.00096370484,-7.021521e-05,-0.094500616,-0.0018946651,-0.00020192284,-0.0001834759
23464000,-0.00096872996,-7.1211114e-05,-0.094570436,-0.0019135905,-0.00019828243,-0.00021858265
23472000,-0.00097385765,-7.216975e-05,-0.09464648,-0.0019207895,-0.00018875257,-0.00021730976
23480000,-0.0009793281,-7.282462e-05,-0.09472052,-0.0019694793,-0.00012781232,-0.00022759517
23488000,-0.000985176,-7.308013e-05,-0.094792716,-0.002005627,-9.14268e-05,-0.00026803018
23496000,-0.0009913129,-7.332269e-05,-0.0948633,-0.0020248387,-0.00013321702,-0.00030009396
23504000,-0.000997779,-7.397646e-05,-0.09493226,-0.0020626863,-0.0001713289,-0.00034653154
23512000,-0.0010042762,-7.478392e-05,-0.09499953,-0.002019031,-0.00017514374,-0.00034964003
23520000,-0.0010105897,-7.569745e-05,-0.09506495,-0.002007942,-0.00019320677,-0.0003418574
23528000,-0.0010169349,-7.670258e-05,-0.09514184,-0.0020065187,-0.00020282312,-0.0003348512
23536000,-0.0010232565,-7.76817e-05,-0.095216796,-0.001985049,-0.00017959,-0.00039006252
23544000,-0.0010294138,-7.861713e-05,-0.0952901,-0.0019656592,-0.00019940025,-0.00041994613
23552000,-0.001035671,-7.975555e-05,-0.09536167,-0.0019735552,-0.00021679315,-0.00044558526
23560000,-0.001042195,-8.0691614e-05,-0.09543151,-0.0020262727,-0.00015500539,-0.00047378486
23568000,-0.001049192,-8.134403e-05,-0.09549947,-0.002066541,-0.0001546095,-0.0004579991
23576000,-0.0010509876,-8.134755e-05,-0.09548578,-0.0020493106,-0.0001992536,-0.0005282648
23584000,-0.0010526514,-8.154727e-05,-0.09547253,-0.0020088453,-0.00016893845,-0.00045442005
23592000,-0.0010541253,-8.158446e-05,-0.09545917,-0.0019745198,-0.00017581819,-0.00040205207
23600000,-0.0010557997,-8.1657505e-05,-0.09544628,-0.0020183355,-0.00017600582,-0.0004537117
23608000,-0.0010578189,-8.17279e-05,-0.095434226,-0.0020350898,-0.00016700638,-0.00048813567
23616000,-0.0010604177,-8.1769555e-05,-0.09542268,-0.0021097297,-0.00016391996,-0.0004917474
23624000,-0.0010632935,-8.202654e-05,-0.095390335,-0.0020858645,-0.00021698125,-0.00048067412
23632000,-0.0010662158,-8.234785e-05,-0.09535905,-0.0020884422,-0.00016768376,-0.000510387
23640000,-0.0010693256,-8.251168e-05,-0.09532886,-0.0020959575,-0.00018639855,-0.00051215885
23648000,-0.0010726713,-8.280486e-05,-0.09529954,-0.0021093618,-0.00018850576,-0.0004843995
23656000,-0.001075934,-8.324985e-05,-0.095270954,-0.002073456,-0.00022123108,-0.00049028354
23664000,-0.0010793123,-8.36906e-05,-0.09524351,-0.0020707687,-0.00019265478,-0.0005336039
23672000,-0.001082574,-8.408157e-05,-0.095190726,-0.0020399024,-0.00018913497,-0.0005266517
23680000,-0.001085763,-8.446733e-05,-0.09513951,-0.002010525,-0.00021745192,-0.00053783547
23688000,-0.0010889727,-8.532399e-05,-0.09509012,-0.002024037,-0.00026964868,-0.00056348456
23696000,-0.0010925579,-8.648292e-05,-0.09504192,-0.002072766,-0.00030130876,-0.0005101339
23704000,-0.0010965768,-8.7825145e-05,-0.09499514,-0.002103305,-0.00030553632,-0.00055403425
23712000,-0.0011008974,-8.89456e-05,-0.09495,-0.0021122221,-0.0002617917,-0.00054408715
23720000,-0.0011054283,-9.0228896e-05,-0.094905935,-0.002145002,-0.00034381408,-0.0005218515
23728000,-0.0011105083,-9.2092596e-05,-0.09487584,-0.002200264,-0.00036423194,-0.00047028298
23736000,-0.0011160317,-9.3785246e-05,-0.09484651,-0.002219256,-0.0003213709,-0.00050592463
23744000,-0.0011216031,-9.528215e-05,-0.09481837,-0.0022152471,-0.0003198246,-0.00052746834
23752000,-0.0011273338,-9.6695345e-05,-0.09479097,-0.0022002144,-0.00029204402,-0.0004954865
23760000,-0.0011329727,-9.8129975e-05,-0.094764255,-0.0021919438,-0.0003087632,-0.00046534912
23768000,-0.0011387551,-9.967108e-05,-0.094738044,-0.0021999595,-0.00032290176,-0.00044430647
23776000,-0.0011448297,-0.000101407844,-0.09480815,-0.002235728,-0.0003304403,-0.00047081037
23784000,-0.0011448774,-0.000102346065,-0.09487332,-0.0022322591,-0.00033075217,-0.00044180782
23792000,-0.0011449427,-0.00010333323,-0.09493618,-0.002202888,-0.0003434121,-0.00036449253
23800000,-0.0011450533,-0.00010460351,-0.094997,-0.0021881736,-0.00038568923,-0.00036624738
23808000,-0.001144906,-0.00010632892,-0.095056064,-0.0020938911,-0.00043571254,-0.00034188878
23816000,-0.001144795,-0.0001082369,-0.09511337,-0.0021457581,-0.00043573778,-0.000338523
23824000,-0.0011449144,-0.00011000178,-0.095162004,-0.0020930802,-0.00039996274,-0.0003827112
23832000,-0.0011446364,-0.00011158808,-0.095209554,-0.0020379846,-0.00039052992,-0.00038608836
23840000,-0.0011444208,-0.000113342605,-0.09525604,-0.002039191,-0.0004225599,-0.00045209003
23848000,-0.0011443187,-0.0001152013,-0.09530167,-0.0020235868,-0.00040815596,-0.00048129106
23856000,-0.0011441939,-0.00011679352,-0.09534623,-0.0019959938,-0.00036013962,-0.0004923955
23864000,-0.001144234,-0.00011815556,-0.09538974,-0.002010004,-0.00035241898,-0.0005160015
23872000,-0.0011444908,-0.000119606004,-0.0955484,-0.0020041508,-0.00036409125,-0.0005910678
23880000,-0.001144586,-0.00012131038,-0.095703006,-0.0019329323,-0.0004044743,-0.0005986727
23888000,-0.0011444215,-0.00012310084,-0.095853575,-0.001895193,-0.0003931514,-0.00063605746
23896000,-0.001144015,-0.00012490602,-0.09600008,-0.001842938,-0.00039811886,-0.00063901313
23904000,-0.0011437924,-0.00012679426,-0.096142925,-0.0019013619,-0.00041719573,-0.00070069043
23912000,-0.001144269,-0.00012899675,-0.09628226,-0.0019543844,-0.00044591763,-0.00073163345
23920000,-0.0011451702,-0.00013125704,-0.09641798,-0.0019698779,-0.000454974,-0.00074840046
23928000,-0.0011462307,-0.0001336475,-0.09655947,-0.0019681726,-0.00045801746,-0.00071787834
23936000,-0.0011475548,-0.0001358938,-0.096697055,-0.0019743694,-0.00041455726,-0.0007374932
23944000,-0.0011487787,-0.00013781163,-0.09683104,-0.0019351754,-0.0003657173,-0.00074819167
23952000,-0.001150336,-0.00013936833,-0.09696148,-0.0019980876,-0.0003359715,-0.00076405425
23960000,-0.0011522433,-0.00014087565,-0.09708872,-0.0019744004,-0.00034219734,-0.00081642787
23968000,-0.0011542597,-0.00014256162,-0.097212866,-0.0019955277,-0.00037725075,-0.00084593723
23976000,-0.0011566303,-0.00014456677,-0.09732581,-0.0020093524,-0.00041201522,-0.0008714097
23984000,-0.0011590532,-0.00014678555,-0.097436234,-0.0019561497,-0.00041951353,-0.0009357316
23992000,-0.001154096,-0.00014784488,-0.09753922,-0.0018853309,-0.00043067677,-0.00092994235
24000000,-0.0011492085,-0.00014890142,-0.09763953,-0.001875981,-0.00040082692,-0.0009408795
24008000,-0.0011443605,-0.00014965817,-0.09773727,-0.0018432206,-0.00036093834,-0.0009486747
24016000,-0.001139563,-0.00015032575,-0.09783238,-0.0018202382,-0.00037051906,-0.0009217766
24024000,-0.0011346592,-0.00015094716,-0.097876064,-0.0017661145,-0.00032583854,-0.0008205327
24032000,-0.0011296582,-0.00015148296,-0.097917914,-0.0017454088,-0.00036605823,-0.00076165353
24040000,-0.0011250181,-0.00015246967,-0.097958386,-0.0017864913,-0.00039524405,-0.0007224835
24048000,-0.0011207536,-0.00015349977,-0.09799764,-0.0017808812,-0.00038241225,-0.00069390825
24056000,-0.0011165579,-0.00015443291,-0.098035544,-0.0017477776,-0.0003695222,-0.0006548519
24064000,-0.0011126115,-0.00015528745,-0.098072335,-0.0018028548,-0.00034923886,-0.0006408256
24072000,-0.0011094434,-0.0001560541,-0.09817446,-0.0018713854,-0.00034543496,-0.00065118406
24080000,-0.0011066775,-0.00015661698,-0.09827364,-0.0018257315,-0.0002903508,-0.0006072143
24088000,-0.0011038218,-0.00015700198,-0.098369926,-0.0018375063,-0.0002864594,-0.0006078771
24096000,-0.0011014991,-0.00015728753,-0.098463535,-0.0018635063,-0.00026655613,-0.00058613153
24104000,-0.001099272,-0.00015739037,-0.09855454,-0.0018427866,-0.0002173248,-0.0005870412
24112000,-0.0010971386,-0.0001570527,-0.09864302,-0.0018202978,-0.00017533508,-0.00058904267
24120000,-0.0010950316,-0.00015676998,-0.098729156,-0.0018069267,-0.00019776387,-0.00060086616
24128000,-0.0010931971,-0.00015639023,-0.09882128,-0.0018336399,-0.00015906151,-0.00057828776
24136000,-0.0010917194,-0.00015593621,-0.09891068,-0.0018347221,-0.00018364599,-0.0005649946
24144000,-0.0010904222,-0.00015562867,-0.09899749,-0.0018442969,-0.00015936607,-0.0005211543
24152000,-0.0010894261,-0.00015502478,-0.099081494,-0.0018482022,-0.000121676334,-0.0004861128
24160000,-0.0010886036,-0.00015411022,-0.09916318,-0.0018527749,-6.2731815e-05,-0.00050171465
24168000,-0.0010880606,-0.00015273923,-0.09924246,-0.0018593404,-2.8487715e-05,-0.00045766684
24176000,-0.0010877899,-0.00015128116,-0.09931545,-0.0018758534,-1.3558938e-05,-0.0004833208
24184000,-0.0010876651,-0.00014967204,-0.09938665,-0.0018431919,2.4255447e-05,-0.0005164865
24192000,-0.0010874949,-0.00014772663,-0.09945644,-0.0018202892,5.784356e-05,-0.00059962575
24200000,-0.0010813103,-0.00014397295,-0.09951996,-0.0017900015,9.346093e-05,-0.00062531314
24208000,-0.0010749362,-0.00014027463,-0.0995818,-0.0017342216,4.8584952e-05,-0.00061182055
24216000,-0.0010686577,-0.00013683412,-0.099642076,-0.0017198803,4.9892136e-05,-0.00065541157
24224000,-0.0010622764,-0.00013331955,-0.09968574,-0.0016649965,8.035715e-05,-0.0006502498
24232000,-0.0010561274,-0.00012931552,-0.09972838,-0.0016983337,0.00017295696,-0.0006587706
24240000,-0.00105028,-0.0001248918,-0.09976989,-0.0016699573,0.00020080617,-0.0006647666
24248000,-0.0010444034,-0.000120300596,-0.09981063,-0.0016420616,0.0002252043,-0.00072290766
24256000,-0.0010386955,-0.00011566088,-0.099850446,-0.0016432821,0.00021569368,-0.0007283688
24264000,-0.0010332507,-0.00011121698,-0.09988944,-0.001632874,0.00019194293,-0.0007466157
24272000,-0.001027975,-0.00010684045,-0.09990926,-0.0016389725,0.0002228684,-0.0007328811
24280000,-0.0010229334,-0.000102274345,-0.09992854,-0.001614765,0.00024315553,-0.0007066711
24288000,-0.0010179544,-9.755714e-05,-0.09994709,-0.0015923129,0.0002607335,-0.0006813214
24296000,-0.0010128778,-9.272551e-05,-0.09996516,-0.0015513223,0.00028043846,-0.00069921796
24304000,-0.0010077425,-8.7943285e-05,-0.099983074,-0.0015093028,0.00027376652,-0.00072754803
24312000,-0.0010026625,-8.326386e-05,-0.10000061,-0.001509899,0.00025864333,-0.0007263129
24320000,-0.0009979513,-7.869908e-05,-0.10001776,-0.0015351399,0.00023882768,-0.0007580859
24328000,-0.000993604,-7.45977e-05,-0.10005744,-0.0015421314,0.00017528691,-0.00073915534
24336000,-0.0009894763,-7.0819915e-05,-0.10009612,-0.0015296361,0.00014511032,-0.0007789141
24344000,-0.0009852682,-6.750543e-05,-0.1001339,-0.001470379,9.388235e-05,-0.0007498056
24352000,-0.0009809225,-6.451056e-05,-0.10017058,-0.0014526856,6.1406565e-05,-0.0007669689
24360000,-0.0009765666,-6.172476e-05,-0.10020637,-0.0014160455,5.3288968e-05,-0.00075349794
24372000,-0.0009722034,-5.9126454e-05,-0.10024118,-0.0013867173,3.518689e-05,-0.0007567018
24376000,-0.0009677712,-5.6428064e-05,-0.10024445,-0.0013468477,7.7840625e-05,-0.0007464919
24384000,-0.00096340565,-5.3578977e-05,-0.10024767,-0.0013474312,7.928549e-05,-0.00072725327
24392000,-0.0009593946,-5.0840095e-05,-0.10025063,-0.0013957022,6.0642597e-05,-0.00069414155
24400000,-0.0009557058,-4.8197508e-05,-0.10025355,-0.0013398605,6.836658e-05,-0.0007295512
24408000,-0.0009464841,-4.517368e-05,-0.10025337,-0.0013495227,3.7614864e-05,-0.00071233115
24416000,-0.00093745,-4.2680076e-05,-0.1002532,-0.0013056713,-2.315017e-05,-0.0007464539
24424000,-0.0009284378,-4.0386913e-05,-0.10025768,-0.001304359,-4.9974465e-06,-0.00072356575
24432000,-0.0009198883,-3.8028702e-05,-0.10026185,-0.0013375422,-2.5281297e-06,-0.0007022536
24440000,-0.00091154885,-3.5610115e-05,-0.10026595,-0.0012871164,1.4143802e-05,-0.0007146945
24448000,-0.000903225,-3.3060387e-05,-0.10026986,-0.0012719806,5.730591e-05,-0.0006708988
24456000,-0.00089491834,-3.0108187e-05,-0.1002736,-0.0012444393,0.00010090015,-0.00068382645
24464000,-0.0008869412,-2.6983093e-05,-0.10027732,-0.0012765549,0.00011916752,-0.0006590954
24472000,-0.0008795175,-2.3771478e-05,-0.10028206,-0.001301425,0.00014055394,-0.0006430947
24480000,-0.00087229087,-2.0344607e-05,-0.10028651,-0.0012753906,0.00016385794,-0.0006078611
24488000,-0.0008650212,-1.7135373e-05,-0.10029069,-0.0012171069,0.00012519359,-0.0005777031
24496000,-0.00085754745,-1.3881057e-05,-0.100294724,-0.0011861166,0.00017031735,-0.0005973303
24504000,-0.00085009943,-1.05112495e-05,-0.10029874,-0.0011452931,0.00015381302,-0.00059165445
24512000,-0.00084257167,-7.611041e-06,-0.10030253,-0.0011061938,7.592398e-05,-0.0005549186
24520000,-0.00083512696,-5.1151437e-06,-0.10030606,-0.001104329,7.148176e-05,-0.0005639891
24528000,-0.00082769315,-2.5421998e-06,-0.10030772,-0.0010502032,8.4238745e-05,-0.0005142898
24536000,-0.0008202331,-1.5167015e-07,-0.10030902,-0.0010490727,4.6964597e-05,-0.000500078
24544000,-0.00081312965,2.0282064e-06,-0.100310326,-0.001069225,4.8294776e-05,-0.0004990043
24552000,-0.0008063879,4.161824e-06,-0.10031153,-0.0010896185,1.8494744e-05,-0.0004894907
24560000,-0.00079982483,5.9888075e-06,-0.100312725,-0.0010405652,1.2008725e-05,-0.00050040666
24568000,-0.000793279,7.826138e-06,-0.10031388,-0.001063864,8.737849e-06,-0.00047240383
24576000,-0.00078712363,9.520047e-06,-0.100281544,-0.0010702793,4.849075e-06,-0.0005015425
24584000,-0.00078130455,1.1176007e-05,-0.10025018,-0.0010803827,-2.408022e-05,-0.00046926504
24592000,-0.00077573385,1.2494034e-05,-0.100219645,-0.0011000411,-4.4282537e-05,-0.0005104973
24600000,-0.00077076926,1.3768173e-05,-0.10019045,-0.001151003,-3.2653075e-05,-0.00053792604
24608000,-0.00076606154,1.5052301e-05,-0.100161895,-0.0011107165,-3.7423673e-05,-0.0004886684
24616000,-0.0007569749,1.5560208e-05,-0.10013188,-0.0010769046,-6.525856e-05,-0.00050559314
24624000,-0.0007479325,1.5817513e-05,-0.10009593,-0.0010474514,-0.000107338536,-0.0004354302
24632000,-0.0007390396,1.5693782e-05,-0.100060575,-0.0010506847,-0.00013495535,-0.00038694174
24640000,-0.00073047256,1.5455105e-05,-0.10002577,-0.0010758374,-0.0001370564,-0.0003377563
24648000,-0.0007225129,1.5226122e-05,-0.09999166,-0.0011162341,-0.00011440352,-0.0003266496
24656000,-0.00071476214,1.5283904e-05,-0.09995835,-0.0010530596,-8.5035645e-05,-0.00027716332
24664000,-0.00070662604,1.5156153e-05,-0.099925585,-0.0009664027,-0.00013710957,-0.0002556186
24672000,-0.0006981806,1.4655856e-05,-0.09985177,-0.0009298191,-0.00018753351,-0.00026337826
24680000,-0.000689822,1.3667444e-05,-0.09978026,-0.0009143625,-0.00021803017,-0.0003252898
24688000,-0.0006815333,1.25834085e-05,-0.09971116,-0.000890236,-0.00023273789,-0.00036691097
24696000,-0.0006735404,1.1329119e-05,-0.09964423,-0.00092678145,-0.0002370294,-0.00034806505
24704000,-0.00066607655,1.0209222e-05,-0.099578686,-0.00095065276,-0.00019931496,-0.00028760667
24712000,-0.0006589888,9.201335e-06,-0.09951467,-0.00097017287,-0.00020750576,-0.00027507736
24720000,-0.0006522986,8.208162e-06,-0.09945245,-0.0009828787,-0.00018677347,-0.00028373473
24728000,-0.0006460797,7.3518313e-06,-0.099415295,-0.0010524973,-0.00017011413,-0.0003186769
24736000,-0.0006405644,6.5808244e-06,-0.099379286,-0.0010713851,-0.00015148552,-0.00031444358
24744000,-0.0006351953,5.92583e-06,-0.099344224,-0.0010503929,-0.00014367446,-0.0003030426
24752000,-0.00063016283,5.287438e-06,-0.09930978,-0.0010937569,-0.00013583805,-0.00022351659
24760000,-0.0006255324,4.766457e-06,-0.09927564,-0.0011030773,-9.892883e-05,-0.00017115832
24768000,-0.0006211773,4.3677232e-06,-0.09924237,-0.0011120486,-0.00012657624,-0.00019618496
24776000,-0.00061712315,3.600117e-06,-0.099275954,-0.0011185247,-0.00015706064,-0.00017414338
24784000,-0.00061345095,2.6587602e-06,-0.09930839,-0.0011469136,-0.00018336976,-0.00017780547
24792000,-0.0006100469,1.4511468e-06,-0.09933993,-0.001152974,-0.00020861134,-0.000179703
24800000,-0.00060696003,1.0886723e-07,-0.09937074,-0.0011548094,-0.00020682854,-0.00021247896
24808000,-0.00060420274,-1.2847195e-06,-0.09940079,-0.0011885747,-0.00022741925,-0.00023298494
24816000,-0.0006017096,-2.8112097e-06,-0.09943018,-0.0011744627,-0.00023179773,-0.00026648393
24824000,-0.00059635006,-4.6231494e-06,-0.099458404,-0.0011790253,-0.00025528393,-0.00035031498
24832000,-0.0005909636,-6.6117113e-06,-0.09948623,-0.0011012634,-0.00026836403,-0.0003667288
24840000,-0.0005854934,-8.777956e-06,-0.09951344,-0.0011195871,-0.00029336353,-0.00037125213
24848000,-0.00058028754,-1.0995345e-05,-0.099539846,-0.0010974478,-0.0002839853,-0.00038312757
24856000,-0.00057518063,-1.310159e-05,-0.09956564,-0.0010842213,-0.0002542433,-0.00039415268
24864000,-0.00057013525,-1.5013959e-05,-0.09959104,-0.0010603007,-0.0002374106,-0.00046590043
24872000,-0.0005653713,-1.6892724e-05,-0.0997233,-0.0010942899,-0.00023443718,-0.00046793165
24880000,-0.0005611732,-1.872414e-05,-0.099851914,-0.0011213857,-0.0002309469,-0.00048575236
24888000,-0.00055717886,-2.0694744e-05,-0.0999773,-0.0011221544,-0.0002629576,-0.0005593843
24896000,-0.00055337825,-2.2888817e-05,-0.10009957,-0.0011106549,-0.00028538945,-0.0005652687
24904000,-0.0005498432,-2.5284224e-05,-0.10021863,-0.0011214527,-0.00030488172,-0.0005840447
24912000,-0.0005464624,-2.7560416e-05,-0.100334436,-0.0011063995,-0.00025143786,-0.00058595213
24920000,-0.0005433296,-2.971777e-05,-0.10044712,-0.0011082788,-0.00026543252,-0.00058436947
24928000,-0.0005402736,-3.181777e-05,-0.100505725,-0.0011061839,-0.0002429436,-0.0006160797
24936000,-0.0005373731,-3.3797274e-05,-0.10056312,-0.0010657086,-0.00023756742,-0.0006502863
24944000,-0.0005344559,-3.5839592e-05,-0.10061906,-0.0010872127,-0.00025369233,-0.00066008535
24952000,-0.00053212163,-3.812687e-05,-0.10067386,-0.0011239903,-0.00028989292,-0.0007038368
24960000,-0.00052984775,-4.060301e-05,-0.10072729,-0.0010559848,-0.0002953072,-0.0006734774
24968000,-0.0005274663,-4.30439e-05,-0.100779146,-0.0010690516,-0.00028635078,-0.0006877058
24976000,-0.0005253593,-4.5329518e-05,-0.10075959,-0.0010669655,-0.0002554597,-0.0006950326
24984000,-0.00052323285,-4.735271e-05,-0.10074066,-0.0010225013,-0.00021036688,-0.0006742757
24992000,-0.00052095985,-4.913176e-05,-0.10072229,-0.0009809126,-0.0001986992,-0.00069569144
25000000,-0.00051874545,-5.065152e-05,-0.10070487,-0.0009805751,-0.00011658139,-0.00074072543
25008000,-0.0005165367,-5.159094e-05,-0.10068824,-0.00093546975,-9.234762e-05,-0.00072828686
25016000,-0.0005140259,-5.243343e-05,-0.10067184,-0.0008775486,-7.352202e-05,-0.00066604745
25024000,-0.00051145896,-5.313431e-05,-0.100688554,-0.00087708567,-5.995724e-05,-0.000621794
25032000,-0.0005059595,-5.3055985e-05,-0.100702,-0.0008763085,-9.451209e-05,-0.000604214
25040000,-0.00050053326,-5.3173775e-05,-0.100714944,-0.0008771868,-0.00010271812,-0.00058505224
25048000,-0.00049548014,-5.3184714e-05,-0.100727595,-0.0008932862,-5.9564485e-05,-0.0006035023
25056000,-0.0004905707,-5.316397e-05,-0.100739986,-0.00086874363,-0.000106608924,-0.0006001567
25064000,-0.00048581886,-5.3454e-05,-0.10075214,-0.00087540166,-0.00011445252,-0.0005947742
25076000,-0.00048119598,-5.380136e-05,-0.10076731,-0.0008550611,-0.00012561108,-0.0006383176
25080000,-0.00047652525,-5.415244e-05,-0.10078233,-0.0008089946,-0.00011406936,-0.0006352863
25088000,-0.00047169803,-5.4670745e-05,-0.10079709,-0.000768221,-0.00015645876,-0.00067962334
25096000,-0.00046678318,-5.545867e-05,-0.10081185,-0.00073748245,-0.00017969427,-0.00069879706
25104000,-0.00046184057,-5.648758e-05,-0.10082622,-0.0007050536,-0.00021556561,-0.00068657467
25112000,-0.00045701856,-5.7701476e-05,-0.10084037,-0.00073636865,-0.0002241717,-0.0007082417
25120000,-0.00045258916,-5.895617e-05,-0.10085421,-0.0007354281,-0.00020643955,-0.00069793523
25128000,-0.0004481871,-5.9988895e-05,-0.10090133,-0.0007162225,-0.00018965857,-0.00072052743
25136000,-0.0004441183,-6.0958213e-05,-0.10094737,-0.0007675314,-0.00017836282,-0.0007330754
25144000,-0.00044046517,-6.164554e-05,-0.100992166,-0.0007678987,-0.00012058085,-0.00071420934
25152000,-0.00043699003,-6.2213e-05,-0.101035565,-0.0007659066,-0.00013440027,-0.0006844061
25160000,-0.00043376404,-6.289855e-05,-0.101077795,-0.0008033535,-0.00014485494,-0.0006936427
25168000,-0.00043089635,-6.3504514e-05,-0.10111884,-0.000800001,-0.00012330955,-0.0006696881
25176000,-0.00042812084,-6.4132124e-05,-0.10118406,-0.0007847741,-0.00013964869,-0.00069434795
25184000,-0.0004255011,-6.470054e-05,-0.101248085,-0.0008071679,-9.691028e-05,-0.00078468415
25192000,-0.00042309897,-6.503922e-05,-0.10131086,-0.0007965876,-9.139754e-05,-0.00081109867
25200000,-0.00042092902,-6.5271335e-05,-0.1013722,-0.00082134677,-7.182259e-05,-0.0008352229
25212000,-0.00041923625,-6.558589e-05,-0.10143199,-0.0008724139,-9.475017e-05,-0.0008399208
25216000,-0.00041797597,-6.612673e-05,-0.101490505,-0.00088922743,-0.00014151882,-0.00088302745
25224000,-0.00041703763,-6.7054185e-05,-0.101542465,-0.0009117194,-0.00017936032,-0.00091460114
25232000,-0.00041650902,-6.8221256e-05,-0.10159334,-0.00095407333,-0.00020215409,-0.0009503857
25240000,-0.00041299537,-6.869774e-05,-0.1016388,-0.0009570789,-0.00024848292,-0.00094167766
25248000,-0.00040979145,-6.9236725e-05,-0.10168298,-0.00097023527,-0.00023623537,-0.0009278764
25256000,-0.00040651325,-6.9785274e-05,-0.101726115,-0.000920797,-0.00022718402,-0.0009430134
25264000,-0.00040339737,-7.020707e-05,-0.10176802,-0.0009441598,-0.00021294894,-0.00088297983
25272000,-0.0004006477,-7.0706534e-05,-0.10185994,-0.00097403314,-0.0002487478,-0.0008248137
25280000,-0.00039849104,-7.172517e-05,-0.10194896,-0.0010346832,-0.00029944282,-0.00079309026
25288000,-0.00039678652,-7.2812254e-05,-0.10203559,-0.0010448396,-0.00029613328,-0.0007963
25296000,-0.0003954931,-7.403348e-05,-0.1021197,-0.0010737464,-0.00031702276,-0.0007697919
25304000,-0.000394331,-7.5298085e-05,-0.102201745,-0.0010654596,-0.00030086964,-0.00083922833
25312000,-0.00039331298,-7.64525e-05,-0.102282025,-0.0010488543,-0.0002820045,-0.0008661751
25320000,-0.0003921831,-7.775131e-05,-0.10236046,-0.0010012727,-0.00034604582,-0.00092566403
25328000,-0.00039110403,-7.938324e-05,-0.10239824,-0.0010143382,-0.00032653153,-0.00090121
25336000,-0.0003901496,-8.056593e-05,-0.10243499,-0.000991423,-0.00025317294,-0.0009042289
25344000,-0.0003891494,-8.1444494e-05,-0.102470696,-0.00097149576,-0.00024917128,-0.0008815249
25352000,-0.00038820066,-8.246469e-05,-0.102505624,-0.0009459332,-0.0002885929,-0.00091673166
25360000,-0.00038709142,-8.369567e-05,-0.10253992,-0.0009049253,-0.00027751282,-0.0009211738
25368000,-0.00038610148,-8.473105e-05,-0.10257341,-0.0009472983,-0.00025137418,-0.00095063116
25376000,-0.00038538905,-8.580702e-05,-0.102629244,-0.00092408055,-0.0002865747,-0.000936566
25384000,-0.000384837,-8.731107e-05,-0.10268366,-0.0009595419,-0.00035865096,-0.0009504335
25392000,-0.00038492202,-8.9196925e-05,-0.10273664,-0.0010392864,-0.0003447032,-0.0009279717
25400000,-0.00038574892,-9.0960755e-05,-0.102788195,-0.0010910573,-0.00035007135,-0.0009237671
25408000,-0.0003868786,-9.28538e-05,-0.10283835,-0.0010904483,-0.00037371155,-0.0009036911
25416000,-0.00038788727,-9.502079e-05,-0.10288718,-0.0010272865,-0.00040585315,-0.00091748656
25424000,-0.0003885792,-9.7346245e-05,-0.10291398,-0.00097498606,-0.0004107278,-0.00089404365
25432000,-0.00038930398,-9.980159e-05,-0.102940105,-0.0009945316,-0.0004277337,-0.00090661325
25440000,-0.0003903085,-0.00010227164,-0.10296586,-0.0010235554,-0.00040901426,-0.0009207073
25448000,-0.00038849603,-0.00010363254,-0.102986604,-0.0010171274,-0.00038987352,-0.0009012335
25456000,-0.00038686162,-0.00010486971,-0.103007056,-0.0010249407,-0.0003758445,-0.00092479173
25464000,-0.000385497,-0.0001060709,-0.103027,-0.0010407807,-0.0003549511,-0.0009191663
25472000,-0.0003841816,-0.00010710607,-0.10292404,-0.0010084076,-0.00033152537,-0.0009050843
25480000,-0.00038306558,-0.00010806492,-0.10282383,-0.001024526,-0.0003286984,-0.0008718787
25488000,-0.00038214505,-0.00010888339,-0.10272648,-0.0010422718,-0.00031028778,-0.00087134464
25496000,-0.0003815581,-0.000109948414,-0.10263177,-0.0010293593,-0.0003556776,-0.0008258517
25504000,-0.0003807546,-0.00011109058,-0.102539614,-0.0009754731,-0.00033111792,-0.00081814016
25512000,-0.0003798477,-0.00011202795,-0.10244998,-0.000969561,-0.00031078,-0.00079490646
25520000,-0.0003792783,-0.00011299236,-0.10236309,-0.0009981618,-0.00032637914,-0.00082273455
25528000,-0.00037880585,-0.000113976785,-0.10230135,-0.0009563289,-0.00030256034,-0.00081399473
25536000,-0.00037806985,-0.000114835704,-0.10224131,-0.00091044774,-0.00028579036,-0.00078688137
25544000,-0.0003772164,-0.00011560432,-0.10218276,-0.0008782418,-0.0002745588,-0.0007580697
25552000,-0.0003762733,-0.00011627853,-0.102125995,-0.0008496393,-0.00025857,-0.000797529
25560000,-0.00037553374,-0.00011690399,-0.10207105,-0.0009155694,-0.00026202435,-0.0007810891
25568000,-0.00037554672,-0.000117423224,-0.10201756,-0.0009708639,-0.00020925084,-0.0007547999
25576000,-0.00037595292,-0.000117537726,-0.10201725,-0.0010068619,-0.00018023692,-0.0007371891
25584000,-0.00037701914,-0.00011763579,-0.10201698,-0.0010702006,-0.00018410102,-0.0007473573
25592000,-0.000378484,-0.00011779921,-0.10201677,-0.0010871871,-0.00019639323,-0.0007204534
25600000,-0.00038009157,-0.00011806993,-0.10201646,-0.0010598538,-0.00020090517,-0.0007108725
25608000,-0.00038151987,-0.000118384574,-0.10201614,-0.0010291607,-0.00020443238,-0.00070709916
25616000,-0.0003831217,-0.000118715034,-0.10201606,-0.0010745502,-0.00019952604,-0.00074896635
25624000,-0.00038533454,-0.00011913195,-0.102042645,-0.0011206904,-0.00020604952,-0.0007695542
25632000,-0.00020907144,-5.489046e-05,-0.10088341,-0.0011592838,-0.00022177116,-0.0007993664
25640000,-0.00021202683,-5.5600623e-05,-0.10090874,-0.0012061672,-0.00026750212,-0.0007773612
25648000,-0.00021524268,-5.650984e-05,-0.10093284,-0.00121994,-0.00027691087,-0.0007164258
25656000,-0.00021884848,-5.7632005e-05,-0.10095586,-0.0012453317,-0.0002948712,-0.00067045866
25664000,-0.00022262557,-5.8741356e-05,-0.10097796,-0.0012413785,-0.00028153506,-0.00068164786
25672000,-0.00022630024,-5.981468e-05,-0.102448404,-0.0011898401,-0.0002752895,-0.0006610567
25680000,-0.0002299286,-6.0947852e-05,-0.10387622,-0.0012034078,-0.00028615323,-0.0006712924
25688000,-0.00023349428,-6.205529e-05,-0.10526262,-0.0011342597,-0.00026399436,-0.00064218027
25696000,-0.00023685874,-6.316584e-05,-0.10660881,-0.0011331174,-0.0002979594,-0.0006772718
25704000,-0.00024032804,-6.464446e-05,-0.10791613,-0.0011252837,-0.0003136945,-0.0006717743
25712000,-0.00024398263,-6.608932e-05,-0.10918571,-0.0011300738,-0.00029564995,-0.00069751835
25720000,-0.0002473876,-6.742263e-05,-0.11041832,-0.0010577351,-0.00028676545,-0.00067892106
25728000,-0.00025052388,-6.879316e-05,-0.11073354,-0.0010370178,-0.00030070991,-0.0006022623
25736000,-0.00030465823,9.654888e-06,-0.11073111,-0.0010402952,-0.0003439794,-0.0005553322
25744000,-0.00035755985,8.555291e-05,-0.11072789,-0.0010868106,-0.00037124526,-0.00044584158
25752000,-0.00036774954,0.0002633942,-0.11064556,-0.0011291048,-0.00037192463,-0.00038812682
25760000,-0.0003781796,0.00043607008,-0.110564545,-0.00116715,-0.00037805305,-0.0002769809
25768000,-0.00038860753,0.00060366676,-0.110484734,-0.00116283,-0.0003858522,-0.00021192314
25776000,-0.00039883223,0.00076642935,-0.110755205,-0.0011489845,-0.00037218138,-0.00019322324
25784000,-0.00041719567,0.0010172878,-0.110768214,-0.0011039462,-0.00042353512,-0.000106651074
25792000,-0.00043490823,0.0012607166,-0.11077994,-0.001085789,-0.00041402216,-7.479381e-05
25800000,-0.00045231378,0.0014970797,-0.11079036,-0.0011066258,-0.00044930552,1.6309034e-05
25808000,-0.00046976874,0.0017263747,-0.11079903,-0.0011860168,-0.00041768004,0.000104816296
25816000,-0.00048734463,0.0019493072,-0.110806644,-0.001221616,-0.00041092472,0.00012312646
25824000,-0.0005218235,0.0022962226,-0.11059131,-0.0012602106,-0.00044794136,0.00022960857
25832000,-0.0005557704,0.0026330478,-0.11038089,-0.001288176,-0.00042128516,0.00028581027
25840000,-0.00058888365,0.0029600626,-0.11017546,-0.0012603253,-0.0004431992,0.0003420949
25848000,-0.00062114786,0.0032776343,-0.109974965,-0.0012645101,-0.00043734975,0.00036125036
25856000,-0.0006992435,0.0036437265,-0.10962914,-0.0012827119,-0.00043878466,0.00040115954
25864000,-0.0007750434,0.0039996556,-0.10929215,-0.001243821,-0.00035655117,0.00046592555
25872000,-0.0008486999,0.0043455902,-0.10859434,-0.0012258987,-0.0003470473,0.0005454179
25880000,-0.00092009234,0.0046815383,-0.107915476,-0.0011968196,-0.00035830555,0.0006095522
25888000,-0.0010010955,0.0049903705,-0.10725093,-0.0011703188,-0.0003419868,0.000621276
25896000,-0.0010797515,0.005290454,-0.106604725,-0.0011773563,-0.0003327453,0.0006633658
25904000,-0.0011562993,0.0055817734,-0.105975986,-0.0011806975,-0.00033685277,0.0007158488
25912000,-0.0012308978,0.005864532,-0.10536416,-0.0011965339,-0.00039062442,0.0007981279
25920000,-0.0013079058,0.0061225276,-0.10477784,-0.0011712002,-0.00038133288,0.00084705284
25928000,-0.0013827494,0.0063729463,-0.10433492,-0.0012024677,-0.00045909072,0.0009055402
25936000,-0.0014559503,0.006615519,-0.103903785,-0.0012507695,-0.00048424248,0.0009245774
25944000,-0.0015275312,0.006851236,-0.10348405,-0.00130516,-0.0004308914,0.0009665737
25952000,-0.0015924807,0.007086017,-0.103094995,-0.0012758251,-0.00045510486,0.0010229921
25960000,-0.0016554919,0.0073138042,-0.10271618,-0.0012778463,-0.00046825327,0.0010237015
25968000,-0.0017168649,0.0075349347,-0.102347046,-0.0012666207,-0.00047745707,0.0011222663
25976000,-0.0017765384,0.0077495426,-0.10154864,-0.0012566036,-0.00045579355,0.0011867475
25984000,-0.0018135333,0.00792875,-0.10084045,-0.0012545292,-0.0004751786,0.0013010185
25992000,-0.0018497807,0.008102421,-0.100151256,-0.0012610856,-0.0004946519,0.001351137
26000000,-0.0018851028,0.008271153,-0.099480614,-0.001246226,-0.00046644168,0.001449153
26008000,-0.0019194577,0.008434854,-0.09882794,-0.0012499642,-0.0005108281,0.0014929114
26016000,-0.0019492514,0.008563492,-0.09826282,-0.0012339072,-0.0005171166,0.0015706448
26024000,-0.0019780742,0.008688346,-0.0976381,-0.0011794987,-0.00053382735,0.0016183975
26032000,-0.002005999,0.008809156,-0.09703009,-0.0011671185,-0.00057964266,0.0017055051
26044000,-0.0020333442,0.008926485,-0.096438095,-0.0011728978,-0.0005377967,0.0017903249
26048000,-0.0020643128,0.009016569,-0.095934644,-0.001173402,-0.00047249653,0.0018645051
26056000,-0.0020947156,0.009104422,-0.09544471,-0.0011995326,-0.00045679917,0.001870921
26064000,-0.0021246313,0.009189679,-0.094968006,-0.0011962607,-0.00046168792,0.0018911335
26072000,-0.0021539417,0.009272618,-0.094583094,-0.0012079555,-0.0004200543,0.0019355232
26080000,-0.002182799,0.009353243,-0.09420827,-0.0012431495,-0.00042880978,0.0019580906
26088000,-0.0022058222,0.009407293,-0.09386085,-0.0012818836,-0.0003953139,0.0019936315
26096000,-0.0022288268,0.009459799,-0.093522295,-0.0013155428,-0.0004164515,0.0020631396
26104000,-0.0022516053,0.009510993,-0.093192324,-0.0013432384,-0.00034984434,0.0020926958
26112000,-0.0022742678,0.009561234,-0.09287104,-0.0013660052,-0.0003086915,0.0021054768
26120000,-0.0022780455,0.009580758,-0.09256026,-0.001400957,-0.00027028666,0.0021191826
26128000,-0.0022822667,0.0096002035,-0.09229019,-0.0014236673,-0.00022399134,0.002100987
26136000,-0.0022868607,0.009619354,-0.0920271,-0.0014608402,-0.0002179847,0.002152831
26144000,-0.0022921183,0.009638098,-0.091770545,-0.0015313026,-0.00019950862,0.002183977
26152000,-0.0022672932,0.009622644,-0.09155674,-0.0015265133,-0.00019952845,0.0022103952
26160000,-0.0022435172,0.009607979,-0.091348454,-0.0015227199,-0.00013214273,0.0021872306
26168000,-0.002220792,0.009594326,-0.091145426,-0.0015161677,-7.558762e-05,0.0022182884
26176000,-0.002198941,0.009581475,-0.09090288,-0.0014954448,-6.039608e-05,0.002238364
26184000,-0.0021685462,0.009529072,-0.090718016,-0.0014907195,3.901545e-06,0.0022754157
26192000,-0.0021392633,0.009478855,-0.090537444,-0.0014671306,7.5418284e-05,0.0023394113
26200000,-0.002111269,0.009430412,-0.09036088,-0.0014818674,7.36982e-05,0.0024217304
26208000,-0.0020843013,0.009383511,-0.0901881,-0.0014198618,9.8066805e-05,0.0025115383
26216000,-0.0020577929,0.009306536,-0.090075046,-0.001429521,0.0001293447,0.0025762268
26224000,-0.0020330325,0.009231928,-0.089976475,-0.0015263935,0.00014742422,0.0025841428
26232000,-0.0020099108,0.009159599,-0.089879826,-0.0015274768,0.00014597505,0.0026225753
26240000,-0.0019879083,0.0090895165,-0.08978523,-0.0015563365,0.00016596759,0.0026501257
26248000,-0.0019675116,0.008997436,-0.0897485,-0.0016344752,0.00016414921,0.0027142595
26256000,-0.0019484861,0.00890797,-0.089711905,-0.0016388787,0.00013390208,0.0027384392
26264000,-0.0019307173,0.0088209575,-0.08967541,-0.0016664299,0.00013350695,0.0027698355
26272000,-0.0019137862,0.008736524,-0.089614704,-0.0015938723,0.00014428873,0.0028091643
26280000,-0.001911229,0.008640154,-0.08958998,-0.0016082514,0.0001419307,0.0029118212
26288000,-0.0019095801,0.008546386,-0.089564696,-0.001659263,9.793822e-05,0.0029579129
26296000,-0.0019088917,0.008455003,-0.08953892,-0.0016710121,8.614923e-05,0.0030258156
26304000,-0.0019091831,0.008366134,-0.08951278,-0.001768552,7.4593634e-05,0.00305572
26312000,-0.0019257112,0.008270729,-0.0895209,-0.0018214671,6.968032e-05,0.0030733566
26320000,-0.0019427583,0.008177873,-0.08952804,-0.0018347007,3.346277e-05,0.0030514752
26328000,-0.001960391,0.008087411,-0.08949101,-0.001914828,2.4055471e-05,0.0031439106
26336000,-0.001978768,0.007999395,-0.089453444,-0.001971842,5.3383656e-07,0.0032494236
26344000,-0.001997785,0.007913654,-0.0894157,-0.0020103336,-6.8204745e-06,0.0032660929
26352000,-0.002040099,0.007835565,-0.089398,-0.0020837255,-3.2552136e-05,0.0032937315
26360000,-0.002082464,0.007759302,-0.08937955,-0.002121289,-6.289396e-05,0.0033508574
26368000,-0.0021246183,0.0076848925,-0.089360386,-0.0021277708,-8.248405e-05,0.0034290215
26376000,-0.0021666598,0.0076123094,-0.0891832,-0.0021900015,-9.136448e-05,0.0034845169
26384000,-0.0022168998,0.0075445315,-0.08903751,-0.002287364,-9.166207e-05,0.0034727487
26392000,-0.002267545,0.00747809,-0.08889504,-0.0023929344,-0.00018115039,0.0035202284
26400000,-0.0023182137,0.007412743,-0.088755324,-0.0024044483,-0.00020751488,0.0035831956
26408000,-0.0023687494,0.0073487326,-0.088618085,-0.0024651818,-0.00025451725,0.0036820336
26416000,-0.002428635,0.0072906637,-0.0885192,-0.0025478625,-0.0002655096,0.0037136893
26424000,-0.0024886932,0.0072336067,-0.08846685,-0.0026536898,-0.00031118904,0.0037859844
26432000,-0.0025488853,0.007177768,-0.08841476,-0.0026776884,-0.000281058,0.003792337
26440000,-0.00260865,0.0071233255,-0.0883632,-0.0026942021,-0.0002922893,0.0038110565
26448000,-0.002670867,0.007069926,-0.088343024,-0.0027730535,-0.0003367829,0.003857272
26456000,-0.0027333067,0.0070172795,-0.08832243,-0.0028699539,-0.00038111594,0.0038589442
26464000,-0.0027962753,0.0069654156,-0.08830108,-0.0029822197,-0.00040203895,0.003909678
26472000,-0.0028592285,0.0069147777,-0.08827351,-0.0029989982,-0.0003326936,0.003917591
26480000,-0.0029161568,0.0068659782,-0.08828664,-0.0030246852,-0.00034548916,0.003959529
26488000,-0.0029730508,0.006817802,-0.088297874,-0.0030487566,-0.0004005172,0.0040341984
26496000,-0.0030304473,0.0067699817,-0.088307306,-0.003196844,-0.0004533795,0.0040785763
26504000,-0.0030885406,0.006722757,-0.088315025,-0.0032668798,-0.00047807884,0.0041283304
26512000,-0.0031259474,0.0066836253,-0.08835834,-0.0032901608,-0.0005254855,0.0041876235
26520000,-0.0031641463,0.0066447277,-0.08839865,-0.0033867357,-0.0005511638,0.004287084
26528000,-0.0032035357,0.0066061527,-0.088418886,-0.0034888454,-0.00057790556,0.004306173
26536000,-0.003244069,0.0065674754,-0.08843742,-0.0035791239,-0.0007013733,0.004302515
26544000,-0.0032635222,0.0065332325,-0.088484004,-0.003691357,-0.0007623193,0.004430851
26552000,-0.0032846734,0.0064989184,-0.088527426,-0.003777395,-0.000783066,0.0044464627
26560000,-0.0033074487,0.006464796,-0.088568285,-0.0038557532,-0.000809662,0.004474315
26568000,-0.0033314459,0.00643085,-0.08860648,-0.003884581,-0.00080837536,0.004549796
26576000,-0.0033416383,0.006401265,-0.08867565,-0.003930576,-0.0008568579,0.0045933533
26584000,-0.0033534367,0.00637131,-0.08874141,-0.003985477,-0.0009448488,0.0046239747
26592000,-0.003366744,0.006340878,-0.08880368,-0.0040140604,-0.0009972955,0.00467237
26600000,-0.0033813703,0.0063100685,-0.08886258,-0.004038998,-0.0010657391,0.0047126347
26608000,-0.0033974482,0.0062788245,-0.08891834,-0.004094346,-0.0011380765,0.004759457
26616000,-0.0033978627,0.006246131,-0.08902562,-0.0041430257,-0.0011685668,0.0048232055
26624000,-0.0034001777,0.0062133996,-0.08913234,-0.004201111,-0.0011923831,0.0049279546
26632000,-0.003404341,0.0061805095,-0.089234054,-0.00427239,-0.0012262834,0.004968465
26640000,-0.0034105552,0.006147294,-0.08933124,-0.0043871338,-0.0012632406,0.0050235176
26648000,-0.0034063293,0.0061057103,-0.08947554,-0.004449059,-0.0012991313,0.005050053
26656000,-0.0034039973,0.0060640443,-0.08961426,-0.0045053535,-0.0013541718,0.00506137
26664000,-0.0034035319,0.006021791,-0.08974743,-0.0045683924,-0.0014739255,0.0051246914
26672000,-0.003404966,0.0059791007,-0.089913756,-0.0046378896,-0.001520955,0.0051651937
26680000,-0.003398428,0.0059266766,-0.09012331,-0.0046291826,-0.0015439339,0.0051402873
26688000,-0.0033932503,0.0058746045,-0.09032555,-0.0046438016,-0.001559446,0.00514526
26696000,-0.0033896188,0.005822708,-0.090520665,-0.0046823784,-0.0016036973,0.005147108
26704000,-0.0033874628,0.0057708123,-0.0907087,-0.0046576504,-0.0016902392,0.005179817
26712000,-0.003390528,0.0057183458,-0.09095286,-0.004612391,-0.0018166978,0.0052053872
26720000,-0.0033942556,0.0056656096,-0.091188625,-0.0045838533,-0.0018744188,0.005178155
26728000,-0.003398698,0.0056130304,-0.09145957,-0.004559622,-0.0019066879,0.0051984894
26736000,-0.003403553,0.0055607148,-0.09172134,-0.0044899797,-0.0019394701,0.0051763663
26744000,-0.0034039977,0.0055041392,-0.09202853,-0.0044728047,-0.002016531,0.0051493966
26752000,-0.0034049796,0.0054476345,-0.09232572,-0.004420707,-0.0020762696,0.005149829
26760000,-0.0034063598,0.0053913887,-0.0926131,-0.004396016,-0.002081509,0.005131486
26768000,-0.0034081028,0.005335748,-0.092890695,-0.0043390943,-0.0020994672,0.0051930537
26776000,-0.0034215448,0.005277774,-0.09316775,-0.004280551,-0.0021439355,0.005227592
26784000,-0.0034346518,0.005220159,-0.09343511,-0.00422091,-0.0021833659,0.005269232
26792000,-0.0034474148,0.0051626903,-0.093693405,-0.004147754,-0.0022436806,0.005248965
26800000,-0.0034597272,0.0051055425,-0.09394303,-0.00409374,-0.002265763,0.005259417
26808000,-0.0034673281,0.005046247,-0.09422062,-0.004049712,-0.0022992305,0.0052976683
26816000,-0.0034744672,0.00498746,-0.09448886,-0.0039733006,-0.0023255525,0.0052892994
26824000,-0.003481136,0.0049290606,-0.09478302,-0.003924327,-0.0023490512,0.0053172912
26832000,-0.003487396,0.004870976,-0.095066994,-0.0038516077,-0.0024094593,0.005376235
26840000,-0.0034879604,0.004806551,-0.09538068,-0.0037771082,-0.0024865284,0.0053722695
26848000,-0.0034881043,0.0047425423,-0.09568377,-0.0037470206,-0.002494257,0.0054504503
26856000,-0.0034881248,0.0046790945,-0.09597632,-0.0037228023,-0.0025464043,0.0054863896
26864000,-0.0034877101,0.004615972,-0.096258745,-0.0036242933,-0.002598664,0.0055694114
26872000,-0.0034865309,0.0045532254,-0.09651753,-0.0035317081,-0.0026607167,0.0056252745
26880000,-0.0034860668,0.0044863634,-0.096808195,-0.0034175075,-0.0026870824,0.0056288894
26888000,-0.0034846552,0.0044202292,-0.09708913,-0.0033473151,-0.0027202552,0.005629964
26896000,-0.0034827024,0.0043545472,-0.097360685,-0.0032950481,-0.0027952665,0.0056209387
26904000,-0.0034802235,0.004289184,-0.097623065,-0.0032402445,-0.00284879,0.005652806
26912000,-0.0034845364,0.0042136167,-0.09790884,-0.0031453765,-0.0029234649,0.0056580384
26920000,-0.0034878214,0.004138668,-0.09818502,-0.0030856177,-0.0029811398,0.0056781447
26928000,-0.0034901558,0.004064415,-0.09844491,-0.0030170875,-0.0030373996,0.0056531704
26936000,-0.0034911486,0.0039910623,-0.09869601,-0.002882978,-0.0030394746,0.005675449
26944000,-0.0035023796,0.003915935,-0.09896676,-0.0028203519,-0.0030982022,0.005705993
26952000,-0.0035123304,0.0038415657,-0.09922841,-0.0027448444,-0.003135502,0.005716825
26960000,-0.0035207495,0.0037682063,-0.099481255,-0.0026439663,-0.0031068558,0.0057022357
26968000,-0.0035276068,0.003695905,-0.09972586,-0.0025452569,-0.003172903,0.0056954036
26976000,-0.0035417532,0.0036280719,-0.09996009,-0.0024625338,-0.0032119432,0.005686183
26984000,-0.0035544878,0.0035610064,-0.100186884,-0.0024263212,-0.0032655778,0.0056107356
26992000,-0.0035658584,0.003494478,-0.10040641,-0.0023673414,-0.0032874283,0.0056024417
27004000,-0.0035758235,0.0034288536,-0.10061857,-0.002277427,-0.003300886,0.005583193
27008000,-0.0035847514,0.0033669479,-0.10084136,-0.002198305,-0.0033350375,0.005504374
27016000,-0.0035920665,0.0033056557,-0.10105705,-0.0020954062,-0.0033490972,0.005468939
27024000,-0.0035976772,0.0032450124,-0.10128495,-0.0019829758,-0.0033820344,0.0054737176
27032000,-0.0036015643,0.0031848291,-0.101505384,-0.0018735933,-0.0034317833,0.00545171
27040000,-0.003604866,0.0031221907,-0.10172798,-0.0017595164,-0.0034652685,0.0053715534
27048000,-0.0036061967,0.0030600128,-0.10194413,-0.0015980174,-0.0034926662,0.0052690683
27056000,-0.0036056214,0.0029984016,-0.102153495,-0.0014919417,-0.003532424,0.005276333
27064000,-0.0036036314,0.0029369923,-0.10235597,-0.0014075432,-0.0036099576,0.005244086
27072000,-0.0036027892,0.0028803402,-0.102612644,-0.0013078314,-0.0036019925,0.00514951
27080000,-0.0036002235,0.0028242567,-0.10286155,-0.0011814396,-0.0036433486,0.005137315
27088000,-0.0035960448,0.0027682672,-0.103102714,-0.0011056504,-0.0037064184,0.0051039187
27096000,-0.0035906313,0.0027125154,-0.10333641,-0.001042767,-0.0037483887,0.005084786
27104000,-0.0035813218,0.0026624412,-0.10358128,-0.00092197343,-0.003783531,0.0050324183
27112000,-0.0035703008,0.002612469,-0.10381873,-0.0007811911,-0.0038388458,0.0050248723
27120000,-0.0035574771,0.0025626917,-0.10404867,-0.0006257023,-0.0038267593,0.005023894
27128000,-0.0035429823,0.0025132385,-0.10424648,-0.00052294316,-0.00385994,0.004961314
27136000,-0.003526929,0.002463933,-0.10443832,-0.00037866144,-0.0038900708,0.0049434956
27144000,-0.0035038453,0.002421155,-0.10463992,-0.00024403553,-0.0039332504,0.0049407375
27152000,-0.0034795161,0.0023781916,-0.10483536,-0.00020251694,-0.0040057492,0.0049127354
27160000,-0.0034544333,0.0023349274,-0.105024934,-0.00011708014,-0.0040573827,0.0048802975
27172000,-0.0034281362,0.0022916251,-0.10520865,-9.178446e-06,-0.0040715905,0.004879265
27176000,-0.003403107,0.002243284,-0.10542898,7.7646735e-05,-0.0041166036,0.0048038093
27188000,-0.0033767757,0.0021952242,-0.10564338,0.0001723383,-0.004097141,0.0047094333
27192000,-0.0033489787,0.002147554,-0.1058519,0.00032717624,-0.0040879776,0.0046277507
27204000,-0.0033195282,0.0021001275,-0.10605468,0.00045787334,-0.0041252906,0.004563172
27208000,-0.003286341,0.0020423422,-0.10625452,0.00057924143,-0.0041456656,0.0044690715
27216000,-0.0032517568,0.0019850112,-0.10644932,0.0006993997,-0.0041569136,0.004341995
27224000,-0.0032156098,0.0019282097,-0.10663661,0.0008430658,-0.00415276,0.004239808
27232000,-0.0031778873,0.0018717351,-0.106818885,0.0009964233,-0.004203005,0.0041904435
27240000,-0.0031313642,0.0018097265,-0.10698955,0.0011329998,-0.0042561926,0.004138302
27252000,-0.0030834381,0.0017477337,-0.107155606,0.0012732586,-0.0043344027,0.0040852744
27256000,-0.003034179,0.0016859097,-0.10731736,0.0014069669,-0.0043510552,0.0039750733
27264000,-0.0029836139,0.0016247072,-0.10747498,0.0015445884,-0.004345784,0.003924202
27272000,-0.0029291264,0.0015540294,-0.10763925,0.001701207,-0.0043860907,0.003869123
27280000,-0.0028733904,0.0014835949,-0.10779931,0.0018424501,-0.0044511193,0.0037877748
27292000,-0.0028163171,0.0014132119,-0.107954994,0.0019908217,-0.004540113,0.003752103
27296000,-0.0027582636,0.0013430092,-0.108106524,0.0020619251,-0.004572708,0.0036843652
27304000,-0.0027053193,0.0012674354,-0.10824901,0.0021785717,-0.0046912767,0.0036587375
27312000,-0.0026512356,0.0011917863,-0.10838744,0.0022856942,-0.0047389045,0.0036525058
27320000,-0.002596095,0.0011166014,-0.10852194,0.0023843003,-0.004772347,0.0035948134
27328000,-0.0025399132,0.0010414337,-0.10866034,0.0025037052,-0.004866918,0.0035685424
27336000,-0.0024967843,0.0009593219,-0.10879943,0.0025707022,-0.0050021997,0.0034943162
27344000,-0.002452577,0.0008770419,-0.108934864,0.0026620089,-0.0050850846,0.0034611647
27352000,-0.0024073075,0.0007946977,-0.1090665,0.0027510044,-0.00517184,0.0034240372
27360000,-0.0023611486,0.0007125887,-0.10919453,0.002809261,-0.005200309,0.0033523056
27368000,-0.0023438276,0.0006237092,-0.10932353,0.0029059805,-0.0052651963,0.0032466804
27376000,-0.002324912,0.00053496886,-0.109470814,0.002978264,-0.0053149085,0.0031583789
27384000,-0.0023046155,0.00044669764,-0.10961418,0.0030105351,-0.005342994,0.0031160123
27392000,-0.002283239,0.00035839697,-0.109753296,0.0030390339,-0.0054827174,0.0031296408
27400000,-0.0022606805,0.00026971876,-0.10988808,0.0030822929,-0.00557203,0.0031383573
27408000,-0.0022489536,0.00017983581,-0.11002469,0.0031574748,-0.0056442637,0.003086869
27416000,-0.0022353886,8.951824e-05,-0.11015761,0.003267668,-0.005801981,0.003039663
27424000,-0.0022201568,-1.4533623e-06,-0.11027512,0.0033325367,-0.005920414,0.0030703442
27432000,-0.0022035725,-9.265322e-05,-0.110388905,0.0033770676,-0.0059930612,0.0030360816
27440000,-0.002184593,-0.00017937174,-0.11050363,0.0034616627,-0.0060606217,0.0029961036
27448000,-0.0021640458,-0.00026633756,-0.110614985,0.0035514273,-0.0061432277,0.0029734606
27456000,-0.0021421248,-0.00035394137,-0.11072327,0.0036199703,-0.006277482,0.002894037
27464000,-0.0021187807,-0.00044211888,-0.11082855,0.003706193,-0.0063562514,0.0028966488
27472000,-0.0020876396,-0.0005336443,-0.11092071,0.003760314,-0.0064271092,0.0028691783
27480000,-0.002055105,-0.0006254822,-0.11101037,0.0038689228,-0.0065077916,0.002820136
27488000,-0.0020211425,-0.00071756524,-0.111097515,0.003975552,-0.006574727,0.0027854126
27496000,-0.0019859371,-0.00081015873,-0.11118223,0.0040623294,-0.006696148,0.0027486414
27504000,-0.0019398865,-0.00091071986,-0.111279294,0.0041453354,-0.0068040397,0.002684552
27512000,-0.0018930237,-0.0010115043,-0.11137386,0.004202437,-0.0068435455,0.0026288005
27520000,-0.0018453114,-0.0011123559,-0.111465886,0.0042789225,-0.006948589,0.0025961823
27528000,-0.0017965656,-0.0012135026,-0.11154935,0.0043622185,-0.0070330086,0.002569169
27536000,-0.001737704,-0.001311226,-0.111644655,0.0044671493,-0.007144488,0.0024767444
27544000,-0.0016777673,-0.0014093614,-0.111737564,0.0045891018,-0.0072345533,0.0024493998
27552000,-0.0016167016,-0.0015079573,-0.11182748,0.004713782,-0.0073291515,0.0024862702
27560000,-0.0015545174,-0.0016068565,-0.111914456,0.0048532006,-0.0074319723,0.0024930236
27568000,-0.0014753366,-0.0017119473,-0.1120078,0.0049737315,-0.007611949,0.0024350688
27576000,-0.0013958298,-0.001817641,-0.11209108,0.0050304276,-0.007704765,0.0023599768
27584000,-0.001316094,-0.0019237502,-0.112172365,0.0051164464,-0.0078082383,0.0023003065
27592000,-0.0012360795,-0.0020304192,-0.11225116,0.0051917597,-0.007944609,0.00232856
27600000,-0.0011448206,-0.0021369017,-0.11234054,0.005330907,-0.008048216,0.002272768
27608000,-0.0010530873,-0.0022439936,-0.1124275,0.0054290267,-0.0081655495,0.0022746671
27616000,-0.0009611992,-0.0023517325,-0.112511486,0.0055258186,-0.008313229,0.0023337333
27624000,-0.0008691552,-0.0024603987,-0.11260109,0.0056117484,-0.008462888,0.002313641
27632000,-0.0007706757,-0.002568744,-0.11270435,0.005716809,-0.008593291,0.0022866044
27640000,-0.0006719367,-0.002677282,-0.112804726,0.005845349,-0.008581434,0.0022532896
27648000,-0.00057274045,-0.0027857723,-0.11290249,0.005983129,-0.0086711245,0.0022003104
27656000,-0.00047318984,-0.0028947769,-0.112997845,0.0060986457,-0.008740658,0.0021344945
27664000,-0.00037333305,-0.0030040212,-0.11309071,0.006217042,-0.008805021,0.0021014465
27672000,-0.00027059758,-0.00310386,-0.11316118,0.0063056517,-0.008906721,0.0020431988
27680000,-0.00016765198,-0.0032045767,-0.113230065,0.006428882,-0.009000804,0.002002962
27688000,-6.4381355e-05,-0.0033058973,-0.11329715,0.006522809,-0.009085384,0.001956187
27696000,3.9044775e-05,-0.003407981,-0.11336286,0.0066513023,-0.009204143,0.0018793977
27704000,0.00013874652,-0.0034981503,-0.113428965,0.0067188917,-0.009269979,0.0017932517
27712000,0.00023814768,-0.0035891153,-0.113493934,0.006729845,-0.009357104,0.0016981602
27720000,0.0003372479,-0.0036809435,-0.11355753,0.006775287,-0.009431358,0.001708076
27728000,0.00043637544,-0.0037737086,-0.113613814,0.0068668965,-0.0095433965,0.0017058122
27736000,0.0005178576,-0.0038609575,-0.1136664,0.0069315108,-0.0096553145,0.0016187647
27744000,0.0005995306,-0.003949328,-0.1137183,0.0069759856,-0.009728491,0.0015270528
27752000,0.0006816761,-0.004038676,-0.11376947,0.007076542,-0.0098359985,0.0015068913
27760000,0.00076430844,-0.004128976,-0.11381939,0.0071462616,-0.009885358,0.0014827912
27768000,0.00083503604,-0.004204706,-0.11386339,0.007201968,-0.0100164395,0.001407797
27776000,0.00090631354,-0.004282038,-0.11392304,0.0072582467,-0.010133153,0.0013216279
27784000,0.0009782179,-0.004360412,-0.11398192,0.007326038,-0.010151107,0.0012768271
27792000,0.0010507305,-0.0044397656,-0.11403981,0.007414289,-0.0102507435,0.0012166996
27800000,0.001110564,-0.004506559,-0.114092246,0.00750583,-0.010284944,0.0011506126
27808000,0.0011714163,-0.004574202,-0.114144266,0.007590735,-0.010266857,0.0010607648
27816000,0.0012331365,-0.0046427767,-0.11419584,0.007613148,-0.010339911,0.0009964587
27824000,0.0012952323,-0.004712596,-0.11422676,0.007641629,-0.0103933755,0.00093605183
27832000,0.0013437893,-0.00477033,-0.114255026,0.0076656267,-0.010397063,0.00083442195
27840000,0.001393157,-0.004829139,-0.1142838,0.0077087926,-0.0104398485,0.0007445564
27848000,0.0014435617,-0.004889107,-0.11431281,0.0077744867,-0.010439414,0.0007048494
27856000,0.0014948478,-0.00495002,-0.114342004,0.0078047505,-0.010477762,0.0006308819
27864000,0.0015360881,-0.005012969,-0.1143682,0.007849104,-0.010577778,0.00051848637
27872000,0.0015783324,-0.005077269,-0.11441502,0.007884436,-0.01062899,0.00043553402
27880000,0.0016217611,-0.0051427637,-0.11446199,0.007958649,-0.010677001,0.000346157
27888000,0.0016662723,-0.0052091875,-0.11450912,0.0080063995,-0.010659799,0.00023934126
27896000,0.001700385,-0.005275817,-0.1145459,0.008084616,-0.010678607,0.00016628354
27904000,0.0017356558,-0.005343452,-0.11458297,0.008088578,-0.010734077,9.8848104e-05
27912000,0.0017719901,-0.0054121893,-0.11462025,0.008154605,-0.010771046,5.205356e-05
27920000,0.0018096406,-0.0054816585,-0.114657864,0.008221864,-0.010770189,-1.4670812e-05
27928000,0.0018482227,-0.0055520427,-0.11466977,0.008220272,-0.010823107,-0.000101974525
27936000,0.0018863628,-0.0056189005,-0.11467859,0.008310641,-0.010856835,-0.00014721432
27944000,0.0019256907,-0.0056869686,-0.11468828,0.008342256,-0.010936565,-0.00016616393
27952000,0.0019658178,-0.005755911,-0.114699095,0.008381816,-0.01091849,-0.0002774996
27960000,0.0020072917,-0.005825661,-0.11471127,0.008444565,-0.010948919,-0.00039269013
27968000,0.0020396477,-0.0058913813,-0.11472167,0.008484095,-0.011046915,-0.0004905752
27976000,0.0020727087,-0.0059582638,-0.11471674,0.0084235715,-0.011037378,-0.0005364765
27984000,0.0021061879,-0.0060259523,-0.114713416,0.0084136715,-0.011083388,-0.00062615226
27992000,0.002140437,-0.006094759,-0.11471164,0.008433419,-0.011157967,-0.0007005004
28000000,0.0021768555,-0.006162525,-0.11470118,0.008468038,-0.011180343,-0.0007424995
28008000,0.0022137375,-0.0062313117,-0.11469217,0.008409452,-0.011243103,-0.0007892724
28016000,0.0022510367,-0.0063011344,-0.114684805,0.008421745,-0.011263171,-0.0008738228
28024000,0.00228894,-0.006371841,-0.1146968,0.008412542,-0.011287425,-0.00089999044
28032000,0.0023212032,-0.006437424,-0.114699036,0.008394823,-0.0112896,-0.00093577954
28040000,0.002354104,-0.0065039047,-0.1147024,0.008404459,-0.01133929,-0.000997741
28048000,0.0023878175,-0.0065715285,-0.114706546,0.008427003,-0.0113624,-0.0009557327
28056000,0.0024222482,-0.006640282,-0.114711344,0.008414209,-0.011444274,-0.0010138617
28064000,0.002443198,-0.0067031146,-0.11470464,0.008376289,-0.011527774,-0.0010743856
28072000,0.0024649561,-0.006767088,-0.11471026,0.00835837,-0.011511665,-0.0011766115
28080000,0.0024873042,-0.00683185,-0.1147172,0.008318231,-0.011530815,-0.0012705539
28088000,0.0025103427,-0.0068976134,-0.114725366,0.008290587,-0.011563145,-0.0013247195
28096000,0.002515601,-0.0069499617,-0.11471781,0.008255764,-0.011573168,-0.0013941017
28104000,0.0025216136,-0.0070036356,-0.114712,0.00818669,-0.011628853,-0.0015161019
28112000,0.002528534,-0.0070586163,-0.114708066,0.008197589,-0.011655514,-0.0016421927
28120000,0.0025365958,-0.007114911,-0.11470573,0.008150931,-0.011701939,-0.0017060053
28128000,0.0025160443,-0.0071532805,-0.11468314,0.0080539975,-0.011729604,-0.0017310468
28136000,0.0024966523,-0.007193198,-0.114662275,0.00800545,-0.011741685,-0.0018243963
28144000,0.0024786678,-0.007234249,-0.11464314,0.007982989,-0.011686094,-0.0018352013
28152000,0.0024621233,-0.007276295,-0.114625365,0.007959772,-0.011693978,-0.0018782258
28160000,0.0024289356,-0.0072980053,-0.114591435,0.0079734735,-0.011683594,-0.0018907862
28168000,0.0023977445,-0.007321681,-0.11455904,0.007950548,-0.011747045,-0.0018815141
28176000,0.0023680062,-0.0073474385,-0.11453979,0.007895393,-0.011809421,-0.0018845578
28184000,0.0023396467,-0.00737519,-0.11452149,0.007812413,-0.011842024,-0.0018694728
28192000,0.002312362,-0.0074045,-0.11450435,0.007738335,-0.011822753,-0.0018980941
28200000,0.0022648373,-0.0074036443,-0.1144612,0.007709947,-0.011789694,-0.0019232908
28208000,0.002219058,-0.0074047274,-0.11441995,0.0076322956,-0.011770461,-0.0019498712
28216000,0.0021746648,-0.007407749,-0.11438061,0.007548891,-0.011759085,-0.0020020031
28224000,0.002131743,-0.0074125417,-0.114342585,0.0075002657,-0.011703921,-0.0020068062
28232000,0.002066061,-0.007378352,-0.11428104,0.007421008,-0.011614862,-0.002009116
28240000,0.0020019948,-0.0073463987,-0.1142212,0.007310587,-0.011575234,-0.0019430083
28248000,0.0019394115,-0.0073167165,-0.11416297,0.0072365687,-0.011504811,-0.0019287312
28256000,0.0018784825,-0.007289031,-0.114106596,0.007131181,-0.011448596,-0.0019015522
28264000,0.0017868954,-0.007225807,-0.11403036,0.0070148315,-0.0113606695,-0.0018123995
28272000,0.0016968229,-0.007165292,-0.11394416,0.0068147196,-0.011303796,-0.0017068585
28280000,0.0016080556,-0.0071070804,-0.11385992,0.0066918777,-0.011178052,-0.0017058394
28288000,0.0015209035,-0.0070509966,-0.11377832,0.0065458547,-0.011069683,-0.0017148808
28296000,0.0013985375,-0.006969742,-0.113682956,0.006453161,-0.010911413,-0.0016793382
28304000,0.0012787312,-0.0068908962,-0.11359012,0.006342718,-0.010828155,-0.0016715323
28312000,0.0011608863,-0.0068149227,-0.1134997,0.006185791,-0.010769928,-0.001663136
28320000,0.0010449707,-0.006741789,-0.113411576,0.0060513564,-0.010699717,-0.0016049363
28328000,0.00090006716,-0.00665628,-0.11332999,0.005843278,-0.010634427,-0.0015626267
28336000,0.0007572329,-0.0065736854,-0.11324999,0.0056631654,-0.0105483895,-0.0014517935
28344000,0.0006166384,-0.006493697,-0.113171354,0.005533999,-0.010460989,-0.0014096498
28352000,0.00047828993,-0.0064162845,-0.11309424,0.005378351,-0.010362225,-0.0013357858
28360000,0.00031511913,-0.0063242563,-0.11300817,0.0051814066,-0.010214417,-0.0013275343
28368000,0.00015452849,-0.006234736,-0.11292389,0.0050690654,-0.010130241,-0.0012286463
28376000,-3.4429456e-06,-0.0061480575,-0.112832084,0.004865322,-0.0100500425,-0.0011039263
28384000,-0.00015929352,-0.006063792,-0.11274184,0.0047048274,-0.009892829,-0.0010544419
28392000,-0.00034213866,-0.0059689484,-0.11263308,0.00451457,-0.009736436,-0.0009891929
28400000,-0.0005222449,-0.0058765463,-0.11252621,0.0043428736,-0.009636421,-0.0008976593
28408000,-0.00069987634,-0.005786863,-0.112421155,0.004154971,-0.009563202,-0.00080987014
28416000,-0.00087497296,-0.0056996252,-0.112317994,0.0039673424,-0.009424927,-0.00078041677
28424000,-0.0010724674,-0.0056070257,-0.11223094,0.0038162495,-0.009356896,-0.00072786614
28432000,-0.0012668378,-0.005517406,-0.11214492,0.0036647941,-0.009318369,-0.00058266276
28440000,-0.0014582694,-0.005430399,-0.11205956,0.003479832,-0.00919265,-0.00047072273
28448000,-0.0016471125,-0.0053455015,-0.111975,0.0032990216,-0.009064196,-0.0003723616
28456000,-0.0018334406,-0.005262975,-0.11189178,0.003106685,-0.00899107,-0.00035557122
28464000,-0.002037641,-0.0051775468,-0.11180377,0.0029070757,-0.0089065805,-0.0002440809
28472000,-0.002239015,-0.0050945664,-0.11168134,0.0027516661,-0.008817094,-0.00013938424
28480000,-0.0024374297,-0.0050140196,-0.111561164,0.002582511,-0.008735921,-0.0001233787
28488000,-0.0026332024,-0.0049353535,-0.11144321,0.0024002716,-0.008543512,-8.7851346e-05
28496000,-0.0028524247,-0.0048564337,-0.11132024,0.002236046,-0.008478382,-3.0457384e-05
28504000,-0.0030687633,-0.0047800215,-0.11119942,0.0019969102,-0.008409364,3.190506e-05
28512000,-0.0032827768,-0.0047061434,-0.11108039,0.0017408343,-0.008362447,0.00010351756
28520000,-0.0034943442,-0.004634501,-0.110963196,0.0015274785,-0.008238591,0.00019235865
28528000,-0.003727436,-0.0045548347,-0.11085184,0.0013486679,-0.008117722,0.00026628227
28536000,-0.003957391,-0.0044774236,-0.110741824,0.001150523,-0.00804107,0.00039395914
28544000,-0.0041846302,-0.0044026007,-0.11063297,0.00090132654,-0.007991281,0.0004917537
28552000,-0.00440946,-0.00433029,-0.110525504,0.0006388363,-0.007947418,0.00057023886
28560000,-0.0046573495,-0.0042489553,-0.110414445,0.0004438805,-0.007943668,0.0006500878
28568000,-0.0049019116,-0.00417056,-0.11030458,0.00025626563,-0.007888936,0.00078903785
28576000,-0.005143273,-0.004094853,-0.11018185,4.2970612e-05,-0.007856327,0.000895072
28584000,-0.005381613,-0.004022021,-0.11006105,-0.00016243057,-0.007832871,0.00093079713
28592000,-0.00562664,-0.0039380128,-0.10994524,-0.00036788764,-0.00774147,0.0010388765
28600000,-0.0058686007,-0.0038565488,-0.1098309,-0.0005851702,-0.0076575615,0.0010815272
28608000,-0.0061073876,-0.0037776963,-0.10971847,-0.000748129,-0.00759586,0.0011059811
28616000,-0.00634295,-0.0037015078,-0.109607995,-0.00090884545,-0.0075373384,0.0010937286
28624000,-0.0065850024,-0.0036176688,-0.10949743,-0.0010888956,-0.0074538896,0.0011400552
28632000,-0.0068240953,-0.0035363117,-0.109388396,-0.0013004622,-0.007343971,0.0011986848
28640000,-0.0070601823,-0.0034572803,-0.10928072,-0.0014818828,-0.0072641177,0.001271101
28648000,-0.0072933096,-0.0033810013,-0.109174356,-0.0016829609,-0.0072233044,0.001348507
28656000,-0.0075379265,-0.00329251,-0.10904837,-0.0018763973,-0.0071347533,0.0014546108
28664000,-0.007779598,-0.0032069457,-0.10892382,-0.0020914262,-0.0071027335,0.001565474
28672000,-0.008018375,-0.0031240275,-0.10880272,-0.0022885737,-0.006996702,0.0016854375
28680000,-0.008253943,-0.0030436835,-0.10868274,-0.0024187223,-0.006941587,0.0018090861
28688000,-0.008503157,-0.0029691553,-0.108548865,-0.0025898686,-0.0069236793,0.0019522095
28696000,-0.008749283,-0.0028972158,-0.108416304,-0.002797876,-0.006839146,0.0020660101
28704000,-0.008992314,-0.0028275668,-0.108285144,-0.0029713735,-0.0067365984,0.0021820753
28712000,-0.009232392,-0.0027602282,-0.108155504,-0.0031943347,-0.0067070145,0.0022477424
28720000,-0.009469844,-0.0026955141,-0.10802759,-0.003402371,-0.0066829156,0.002326866
28728000,-0.0097122565,-0.0026374944,-0.107902184,-0.003577824,-0.0066884086,0.0024190964
28736000,-0.009951386,-0.0025820755,-0.10777804,-0.0037024643,-0.0066672643,0.0025376782
28744000,-0.01018719,-0.002528959,-0.107654914,-0.003835389,-0.006629156,0.0026564149
28752000,-0.010419744,-0.002478247,-0.10753322,-0.0039761662,-0.006616995,0.002672769
28760000,-0.01065008,-0.002430422,-0.107418805,-0.0041533937,-0.0065987236,0.0027977265
28768000,-0.010877526,-0.002385013,-0.10730523,-0.0042876783,-0.006590133,0.0028699224
28776000,-0.011101891,-0.0023415284,-0.10723692,-0.0044378843,-0.006499848,0.0029010081
28784000,-0.011323387,-0.0023001742,-0.10716866,-0.0045720497,-0.00652859,0.0029355818
28792000,-0.011533239,-0.0022609301,-0.10710035,-0.004681165,-0.006562214,0.0030030392
28800000,-0.011740316,-0.0022239343,-0.1070316,-0.004811123,-0.006520371,0.0031258983
28808000,-0.011944521,-0.002188983,-0.10696265,-0.0048904144,-0.0064904396,0.0031413278
28816000,-0.012145641,-0.0021561543,-0.106894016,-0.004943332,-0.0064843134,0.0031809919
28824000,-0.012330964,-0.0021172273,-0.10683113,-0.0050541395,-0.006436111,0.0032346724
28832000,-0.012514035,-0.0020805777,-0.10676776,-0.0051791654,-0.006458335,0.0033553569
28840000,-0.01269474,-0.0020463206,-0.10670395,-0.0052525573,-0.0064327186,0.0034118737
28848000,-0.01287282,-0.00201408,-0.106640145,-0.0053155185,-0.0064081065,0.0034386448
28856000,-0.013037943,-0.0019723065,-0.1065647,-0.0053967605,-0.0064095864,0.0034981403
28864000,-0.013200957,-0.0019326982,-0.10648921,-0.005493878,-0.006350063,0.0035790652
28872000,-0.013361775,-0.0018951836,-0.10643187,-0.00555917,-0.0063275825,0.0036330707
28880000,-0.01352056,-0.0018597555,-0.106374085,-0.005671158,-0.0062845177,0.0037164006
28888000,-0.013665186,-0.0018176525,-0.10630523,-0.0057415357,-0.0062591415,0.0037580538
28896000,-0.013807932,-0.0017779315,-0.1062364,-0.0058122124,-0.006249826,0.0038161217
28904000,-0.013948696,-0.0017402746,-0.10616763,-0.005866318,-0.006210603,0.0038514943
28912000,-0.014087579,-0.0017049367,-0.10609877,-0.005934065,-0.0062338454,0.0039200103
28920000,-0.014206383,-0.0016660894,-0.10603091,-0.0059675034,-0.0062577026,0.0039613857
28928000,-0.014323575,-0.001629725,-0.10596168,-0.006009922,-0.0062648696,0.0040057832
28936000,-0.0144391395,-0.0015956089,-0.105892405,-0.006053272,-0.0062491903,0.004070419
28944000,-0.0145531595,-0.0015637432,-0.105823055,-0.0060983696,-0.0062634656,0.004109187
28952000,-0.014653025,-0.0015321042,-0.105756104,-0.0061152503,-0.006288026,0.0041351444
28960000,-0.014751303,-0.0015029022,-0.10568912,-0.006116186,-0.0063026207,0.0042118067
28968000,-0.0148479305,-0.0014758549,-0.10562177,-0.0060920906,-0.0063120043,0.0043026865
28976000,-0.014942713,-0.0014509863,-0.105585605,-0.0060532913,-0.006317426,0.0043855915
28984000,-0.015035989,-0.0014280991,-0.10554828,-0.006082746,-0.0063037593,0.004454956
28992000,-0.01511227,-0.0014041013,-0.10551569,-0.006071345,-0.0062946915,0.004494387
29000000,-0.01518743,-0.0013820279,-0.105482265,-0.0060880664,-0.0062910803,0.0045426614
29008000,-0.015261695,-0.0013619211,-0.10544798,-0.0061256033,-0.006291952,0.0045427927
29016000,-0.015334765,-0.0013439425,-0.10541321,-0.0060634864,-0.0063313167,0.00454003
29024000,-0.015399345,-0.001316478,-0.105385974,-0.0060433573,-0.006287608,0.0045381524
29032000,-0.015463019,-0.0012904826,-0.105358094,-0.006060416,-0.006189856,0.004523476
29040000,-0.015525943,-0.0012660823,-0.10532963,-0.00609559,-0.0061899805,0.0045355335
29048000,-0.015588036,-0.0012437471,-0.10530032,-0.006094742,-0.006189473,0.004571285
29056000,-0.015643982,-0.001214685,-0.105282664,-0.0060919733,-0.0061872294,0.0046154708
29064000,-0.015699059,-0.0011878421,-0.10526407,-0.0061116167,-0.0062191333,0.0046009803
29072000,-0.015753368,-0.0011631511,-0.10524966,-0.0061031417,-0.0062105902,0.0046567256
29080000,-0.015806727,-0.0011405295,-0.10523376,-0.006058817,-0.0062320377,0.0047022463
29088000,-0.015859777,-0.0011161282,-0.10524289,-0.005995464,-0.0062132813,0.004731253
29096000,-0.015911605,-0.0010937877,-0.105250224,-0.005991969,-0.006253364,0.00474758
29104000,-0.015962793,-0.0010735763,-0.10525599,-0.0060213404,-0.0062407046,0.004776096
29112000,-0.016013173,-0.0010550759,-0.105260015,-0.006004093,-0.00620954,0.004836526
29120000,-0.016065933,-0.001027492,-0.105292305,-0.005963374,-0.0061708568,0.004930173
29128000,-0.01611757,-0.0010018165,-0.10529742,-0.005937935,-0.00616881,0.0049267425
29136000,-0.016168103,-0.0009780587,-0.10530135,-0.0059067854,-0.0061526457,0.004930004
29144000,-0.016217636,-0.0009562716,-0.10530406,-0.005894993,-0.0061532753,0.0049389065
29152000,-0.01627498,-0.00092696195,-0.10533129,-0.005877058,-0.006194061,0.0049520214
29160000,-0.016331114,-0.0009001794,-0.10535674,-0.0058194553,-0.0062027313,0.0049684145
29168000,-0.016386105,-0.0008754272,-0.10538052,-0.0058250846,-0.006209628,0.004945164
29176000,-0.016440073,-0.0008525709,-0.10540789,-0.0057969736,-0.006160827,0.004925014
29184000,-0.016496208,-0.00082044327,-0.10546361,-0.0058395225,-0.0061033936,0.0048960685
29192000,-0.01655166,-0.00079025875,-0.105516955,-0.0058428887,-0.006092747,0.0049003274
29200000,-0.016606053,-0.00076189556,-0.10556814,-0.005801123,-0.0060573686,0.0048978683
29208000,-0.01665946,-0.00073566765,-0.105617195,-0.005804757,-0.0060884706,0.004848363
29216000,-0.016710887,-0.00069390377,-0.10568026,-0.0057785166,-0.0061157336,0.0047682566
29224000,-0.016761394,-0.0006549197,-0.10574292,-0.0057754833,-0.006148684,0.004747306
29232000,-0.01681117,-0.00061811885,-0.105803534,-0.005741692,-0.006111925,0.0046571023
29240000,-0.016859723,-0.00058344775,-0.10586238,-0.0056782463,-0.006113215,0.00460846
29248000,-0.016907431,-0.0005509608,-0.10591912,-0.005690141,-0.006093858,0.0045817727
29256000,-0.016952,-0.0005090115,-0.10599263,-0.0056727226,-0.006030967,0.0045642527
29264000,-0.016995655,-0.00046875182,-0.106063664,-0.0056086653,-0.0059347004,0.0045082937
29272000,-0.017038513,-0.0004301822,-0.10610078,-0.005611358,-0.005888908,0.004528137
29280000,-0.0170809,-0.00039365256,-0.10613634,-0.0056309137,-0.0058598453,0.004462924
29288000,-0.017121429,-0.00035041987,-0.10619894,-0.0056328303,-0.0057977363,0.004395612
29296000,-0.017161343,-0.00030908282,-0.10625985,-0.0055969236,-0.0057285754,0.0042806994
29304000,-0.017200606,-0.00026934076,-0.10631925,-0.0055841324,-0.00565788,0.0042360374
29312000,-0.01723933,-0.0002314358,-0.10637647,-0.0055633876,-0.005616931,0.004244659
29320000,-0.017281083,-0.00018876785,-0.10645442,-0.005502076,-0.0055872267,0.0042317016
29328000,-0.017322022,-0.00014799686,-0.10653302,-0.0054636537,-0.0055475417,0.0041841855
29336000,-0.017362498,-0.000109298904,-0.106609166,-0.005506087,-0.0055257576,0.004170072
29344000,-0.01740271,-7.2538125e-05,-0.10668273,-0.0054899505,-0.005524852,0.00416512
29352000,-0.017432094,-2.9090228e-05,-0.10677031,-0.005494756,-0.0054227565,0.0041258004
29360000,-0.01746167,1.2580525e-05,-0.1068553,-0.005543693,-0.005409898,0.0041018664
29368000,-0.017491164,5.2040952e-05,-0.10693762,-0.0055160895,-0.0054157767,0.0040533296
29376000,-0.017520133,8.930913e-05,-0.107009634,-0.0054547437,-0.0054307827,0.004001941
29384000,-0.01755214,0.00013650917,-0.10710506,-0.005405443,-0.0053410097,0.003968359
29392000,-0.017583786,0.00018210347,-0.10719776,-0.0054259277,-0.0052866107,0.0039011163
29400000,-0.017615262,0.00022605565,-0.10728793,-0.005396456,-0.0052188146,0.0038369023
29408000,-0.0176461,0.00026838714,-0.10737571,-0.0053308154,-0.005158466,0.0037963302
29416000,-0.017678523,0.0003227757,-0.107485086,-0.0052712844,-0.005125596,0.003715511
29424000,-0.01771044,0.0003750922,-0.10759506,-0.005275315,-0.0050855326,0.0037350333
29432000,-0.017742192,0.00042572097,-0.10770148,-0.0052865744,-0.004983085,0.003711045
29440000,-0.017773837,0.0004749112,-0.10780497,-0.0053056236,-0.0049260263,0.003640968
29448000,-0.017807724,0.00052923156,-0.10792306,-0.00530465,-0.0048996867,0.0035660905
29456000,-0.017841233,0.00058144954,-0.10803798,-0.00527413,-0.0048843725,0.0035127583
29464000,-0.017874159,0.00063195097,-0.108149454,-0.0052411403,-0.004788595,0.00351988
29472000,-0.017906597,0.0006811553,-0.108255625,-0.005190161,-0.0046972944,0.0034949179
29480000,-0.01794857,0.000741559,-0.10837448,-0.0051495857,-0.00465053,0.0034287022
29488000,-0.017989907,0.0008000758,-0.108490035,-0.0051397756,-0.0045927907,0.003392337
29496000,-0.018030802,0.0008569023,-0.10860209,-0.005137873,-0.0045004687,0.0034163173
29504000,-0.018071122,0.0009123169,-0.10871033,-0.0051124464,-0.004434492,0.0034339249
29512000,-0.018110918,0.000966076,-0.10881536,-0.0051048356,-0.0043528527,0.0033858248
29520000,-0.01815452,0.0010235478,-0.10893537,-0.0050550494,-0.0042320583,0.0033499205
29528000,-0.018197445,0.0010797706,-0.10905394,-0.005054683,-0.004129275,0.0032837833
29536000,-0.01824004,0.0011345026,-0.10916914,-0.0050799907,-0.0040781186,0.003277712
29544000,-0.018282428,0.0011877809,-0.10928072,-0.0050990647,-0.003994431,0.0032666738
29552000,-0.018323427,0.0012540409,-0.109399796,-0.0051182588,-0.0039930674,0.0032199228
29560000,-0.018364327,0.0013180109,-0.10951561,-0.0051278025,-0.003941658,0.0031719264
29568000,-0.018404823,0.0013804135,-0.10962798,-0.0051195896,-0.0038718083,0.0031556166
29576000,-0.018445024,0.0014410116,-0.109749466,-0.005127901,-0.003837008,0.0031583821
29584000,-0.018481303,0.0015114461,-0.109873876,-0.0051371753,-0.0037596421,0.0031322204
29592000,-0.018517226,0.0015804013,-0.109994784,-0.0051024705,-0.0036599105,0.0030529825
29600000,-0.018552499,0.0016474198,-0.11011252,-0.005068865,-0.0036645958,0.0029940964
29608000,-0.01858757,0.001712193,-0.110227,-0.0050686616,-0.0036567824,0.002927009
29616000,-0.018624075,0.0017841473,-0.11035381,-0.0049910974,-0.0036213053,0.0028754983
29624000,-0.018659968,0.0018541892,-0.11046943,-0.004983987,-0.0035593954,0.0029165586
29632000,-0.01869551,0.0019221823,-0.110581204,-0.004953047,-0.0035668712,0.0029362778
29640000,-0.0187304,0.0019880002,-0.11068934,-0.0048954594,-0.0035004427,0.002921355
29648000,-0.018777436,0.0020629156,-0.110807195,-0.004894025,-0.003435207,0.002881235
29656000,-0.01882385,0.0021359213,-0.11092155,-0.004865519,-0.003376407,0.0028699036
29664000,-0.018869659,0.0022070187,-0.11103243,-0.0048745675,-0.00331086,0.0028367115
29672000,-0.01891507,0.002276704,-0.11117141,-0.0048704916,-0.00315803,0.0028155216
29680000,-0.01897575,0.002361672,-0.11131634,-0.004882951,-0.0030759235,0.0027288636
29688000,-0.019035755,0.0024449062,-0.11145736,-0.004911566,-0.0029855764,0.0026830165
29696000,-0.019095263,0.0025257743,-0.11159442,-0.0049319733,-0.0030012934,0.002618969
29704000,-0.019154128,0.0026045006,-0.11172789,-0.004971018,-0.0029044272,0.0025583373
29712000,-0.019230086,0.0027033235,-0.11186065,-0.0050912583,-0.0028161767,0.0025302405
29720000,-0.019305883,0.0027997813,-0.11198965,-0.005187328,-0.0027885935,0.0024846434
29728000,-0.019381255,0.0028936814,-0.11213134,-0.0052599995,-0.0027577078,0.002447558
29736000,-0.01945615,0.0029852067,-0.11226928,-0.0053026187,-0.0026989013,0.0023465836
29744000,-0.019553222,0.0030884654,-0.1124022,-0.0053482577,-0.002605547,0.0023399207
29752000,-0.019649297,0.0031892133,-0.11253114,-0.00539887,-0.0025921755,0.0023038795
29760000,-0.01974451,0.0032872902,-0.11265649,-0.0054525533,-0.0025595727,0.002256078
29768000,-0.019838816,0.0033830022,-0.112778276,-0.0054940837,-0.002496877,0.0022200434
29776000,-0.019932138,0.0034765848,-0.11290002,-0.005539178,-0.0024322774,0.002195848
29784000,-0.020048246,0.0035807143,-0.11301638,-0.005613408,-0.0023416595,0.0022446357
29792000,-0.020163056,0.0036826495,-0.11312896,-0.005655228,-0.0022744122,0.0022383947
29800000,-0.02027659,0.0037824616,-0.11323787,-0.0057066865,-0.0021749493,0.002264238
29808000,-0.020388924,0.003880461,-0.113343194,-0.005778603,-0.0020539062,0.0022579597
29816000,-0.020508518,0.0039918977,-0.11344047,-0.005881679,-0.0019317344,0.0022094129
29824000,-0.020627238,0.0041012904,-0.11352068,-0.0059803883,-0.0018321872,0.0021825563
29832000,-0.020744879,0.0042086006,-0.11359827,-0.006027471,-0.0017462722,0.0021918246
29840000,-0.020861462,0.004313749,-0.113673046,-0.006113503,-0.001635086,0.0022023576
29848000,-0.021003103,0.0044315117,-0.11374897,-0.0062556146,-0.0014968978,0.002146254
29856000,-0.021143638,0.004546936,-0.113822564,-0.00635837,-0.0014605881,0.0021094398
29864000,-0.021283073,0.004659836,-0.11389384,-0.006463085,-0.0013784063,0.0021038388
29872000,-0.021421336,0.0047704615,-0.11396241,-0.006561563,-0.0013151355,0.0021336828
29880000,-0.021576628,0.0048951823,-0.1140292,-0.006697255,-0.0012349609,0.0021003373
29888000,-0.021730596,0.0050175455,-0.11409381,-0.00676527,-0.0011269439,0.0020688297
29896000,-0.021882953,0.005137666,-0.11415632,-0.006854511,-0.0010509568,0.0020398102
29904000,-0.022033961,0.005255122,-0.11421648,-0.0069685276,-0.0010283692,0.0020682574
29912000,-0.022209378,0.00538378,-0.11427635,-0.0071147718,-0.00096545083,0.0021218315
29920000,-0.022383299,0.0055099106,-0.11433345,-0.0072517516,-0.0008813387,0.00216644
29928000,-0.022555653,0.0056334897,-0.11438817,-0.0073342514,-0.00081681076,0.0021747286
29936000,-0.02272645,0.0057546534,-0.11444068,-0.007501675,-0.0007447143,0.0021610444
29944000,-0.022918373,0.005874861,-0.11450356,-0.007662843,-0.0007114201,0.0021519114
29952000,-0.023108687,0.005992658,-0.11456378,-0.007792159,-0.0006323172,0.0022026612
29960000,-0.023296976,0.006108046,-0.11462152,-0.007898124,-0.0005607016,0.0021786683
29968000,-0.023483438,0.006221273,-0.11467725,-0.008015802,-0.0004871689,0.0021497693
29976000,-0.023707885,0.006323495,-0.11474757,-0.008163606,-0.0004536281,0.0021338372
29984000,-0.023929803,0.0064232713,-0.11481516,-0.008279439,-0.00041674898,0.0021626472
29992000,-0.024149595,0.0065210075,-0.11487998,-0.008444733,-0.00036073208,0.002195529
30000000,-0.024367543,0.006616363,-0.11494216,-0.008615508,-0.00038273408,0.0022077528
30008000,-0.024611097,0.0067085777,-0.11501449,-0.008778104,-0.00038276208,0.0021981678
30016000,-0.02485245,0.0067986413,-0.115084186,-0.008947036,-0.00031778566,0.0021697374
30024000,-0.025091406,0.006886764,-0.11515169,-0.009092987,-0.00029230196,0.0021295345
30032000,-0.025327709,0.006972611,-0.11521682,-0.009155855,-0.00027401058,0.002151338
30040000,-0.025561236,0.0070565226,-0.1152792,-0.009257103,-0.0002287334,0.0021796955
30048000,-0.025809502,0.007131276,-0.115354,-0.009426369,-0.00019946856,0.0021205447
30056000,-0.026055498,0.007203873,-0.11542693,-0.0096024955,-0.00024008156,0.0020440847
30064000,-0.026299508,0.007274352,-0.115497455,-0.009795617,-0.00021615726,0.0020172002
30072000,-0.026541429,0.007343046,-0.11556588,-0.009925904,-0.00018534769,0.0019793557
30080000,-0.026787184,0.0074019455,-0.115641326,-0.010045244,-0.00020683272,0.0018941157
30088000,-0.027030906,0.0074589103,-0.115714625,-0.0102462275,-0.00020986103,0.0018947663
30096000,-0.027273044,0.0075143734,-0.11578542,-0.010460478,-0.0001376318,0.0018864515
30104000,-0.027513536,0.007568766,-0.115853876,-0.010639656,-5.479839e-05,0.0018730743
30112000,-0.02775209,0.0076230415,-0.115934044,-0.010776638,1.635649e-05,0.0018989467
30120000,-0.027988885,0.007676193,-0.116011426,-0.0109457215,8.257129e-05,0.0019055855
30128000,-0.028223963,0.0077278125,-0.116086096,-0.01109586,7.91474e-05,0.0019456344
30136000,-0.028457481,0.007777752,-0.116157934,-0.01126919,7.05887e-05,0.0019839527
30144000,-0.028692042,0.007830585,-0.11624166,-0.011468046,2.6894477e-05,0.0019471283
30152000,-0.028925126,0.007881577,-0.11632319,-0.011599174,6.455829e-05,0.0018750416
30160000,-0.029156685,0.007930903,-0.116402596,-0.011748031,4.8050082e-05,0.0018151758
30168000,-0.029386679,0.007978389,-0.116479754,-0.011914401,4.398943e-05,0.0017833111
30176000,-0.029613605,0.008044621,-0.11656971,-0.012073632,6.795999e-05,0.0016853214
30184000,-0.029839074,0.008108663,-0.11665738,-0.012184875,2.1162901e-05,0.0016571122
30192000,-0.030063305,0.008170302,-0.11674288,-0.012328933,-3.1411415e-05,0.001548446
30200000,-0.030286154,0.008229736,-0.11682652,-0.012467834,-1.8707953e-05,0.0014705685
30208000,-0.030480599,0.008312026,-0.11691934,-0.012644699,-1.63736e-05,0.0013994488
30216000,-0.030674685,0.008391849,-0.11700982,-0.012804398,-2.5840081e-05,0.0013537084
30224000,-0.030868541,0.008469222,-0.1170979,-0.012959253,-2.7385666e-05,0.0013421735
30232000,-0.031061905,0.008544361,-0.11718327,-0.013052256,-1.8433984e-05,0.001384226
30240000,-0.031229982,0.008640963,-0.11726302,-0.013187817,1.1132626e-05,0.001345966
30248000,-0.031398088,0.008734898,-0.11734064,-0.013266138,2.7761733e-05,0.0013287009
30256000,-0.031566203,0.0088267,-0.11741614,-0.01338802,0.000112266905,0.0012940094
30264000,-0.031734433,0.00891612,-0.11748958,-0.01351892,0.00010010117,0.0012914883
30272000,-0.03187844,0.009022803,-0.11755477,-0.013676645,0.00014905047,0.0012662414
30280000,-0.032023206,0.00912694,-0.11761825,-0.01374777,0.0001930774,0.0012400332
30288000,-0.032168478,0.009228731,-0.11768019,-0.013875251,0.00026310442,0.0011721662
30296000,-0.032314315,0.009327938,-0.117740765,-0.013945703,0.0002519142,0.0011240542
30304000,-0.03246075,0.00942458,-0.11779979,-0.0140848365,0.00027043495,0.0010855999
30312000,-0.032579567,0.009543498,-0.11784506,-0.01412988,0.00031983637,0.0010619555
30320000,-0.032699447,0.009659777,-0.11788909,-0.014259112,0.00037037698,0.0010329748
30328000,-0.03282072,0.009773415,-0.11793217,-0.0143668195,0.00041412716,0.000962494
30336000,-0.03294316,0.0098848175,-0.11797419,-0.014465501,0.0005229758,0.00095792237
30344000,-0.033038523,0.010012457,-0.118008986,-0.014571811,0.00059373886,0.0009644559
30352000,-0.033135682,0.010137346,-0.11804265,-0.014649709,0.0006399302,0.00093778316
30360000,-0.033234373,0.010259463,-0.11807534,-0.014714186,0.00067588326,0.00094777
30368000,-0.033334315,0.010378813,-0.11810684,-0.014749449,0.00067712885,0.00095146836
30376000,-0.03342435,0.010514652,-0.11813012,-0.014882285,0.0007204167,0.000930253
30384000,-0.03351643,0.010647686,-0.118152514,-0.014965567,0.0008026779,0.00094665645
30392000,-0.033610467,0.010778289,-0.11817381,-0.015077048,0.0008958999,0.0010017379
30400000,-0.03370618,0.010906278,-0.11819407,-0.015099678,0.0009330657,0.0009841168
30408000,-0.033781715,0.011043759,-0.118207246,-0.015178876,0.0010117337,0.0009444517
30416000,-0.033859648,0.011178345,-0.11821991,-0.015292731,0.0010360244,0.0009597605
30424000,-0.033939976,0.01131034,-0.11823176,-0.015372665,0.0011515636,0.00096337637
30432000,-0.034022313,0.011440183,-0.11824313,-0.015432074,0.0012601531,0.0009559858
30440000,-0.03405946,0.011573179,-0.118251696,-0.015461862,0.001362166,0.000894988
30448000,-0.034099337,0.011703539,-0.11826028,-0.015481749,0.0013639029,0.00084253075
30456000,-0.034142118,0.011831088,-0.11826858,-0.0155790495,0.0014415461,0.00083746406
30464000,-0.03418796,0.011956399,-0.11827645,-0.015636321,0.0015190764,0.0008052035
30472000,-0.034192953,0.012069677,-0.118284345,-0.015663883,0.0015932014,0.00081664714
30480000,-0.03420148,0.012180978,-0.11829148,-0.015705554,0.0016616723,0.0008688503
30488000,-0.03421364,0.012290234,-0.11829768,-0.0157494,0.0017314294,0.0009310256
30496000,-0.03422888,0.012397465,-0.11830282,-0.015710462,0.0017962246,0.00099163
30504000,-0.034195006,0.012490564,-0.11830345,-0.015717546,0.0017958701,0.0010493885
30512000,-0.034165606,0.012581474,-0.11830337,-0.01576138,0.0017866372,0.0010674273
30520000,-0.034140553,0.012670097,-0.11830284,-0.01579002,0.0017664906,0.0010691893
30528000,-0.034119688,0.012756493,-0.11830163,-0.015824884,0.0017742332,0.0011002605
30536000,-0.03405956,0.012828568,-0.11829075,-0.015843851,0.0017497039,0.001087908
30544000,-0.03400456,0.012898845,-0.118279934,-0.015893692,0.0017755697,0.0010511305
30552000,-0.03395443,0.012967616,-0.11826891,-0.015915124,0.0018130759,0.0010727515
30560000,-0.03390851,0.013034791,-0.11825746,-0.015859844,0.0018188943,0.0011152418
30568000,-0.033866648,0.013100465,-0.11824535,-0.015854914,0.0018460295,0.0011779185
30576000,-0.0337784,0.013149298,-0.1182279,-0.01581425,0.0018288438,0.0012155656
30584000,-0.033695184,0.013196453,-0.118210405,-0.015770532,0.0017839522,0.0011686167
30592000,-0.03361692,0.013242029,-0.118192926,-0.015760094,0.0017671122,0.0011894326
30600000,-0.033543583,0.01328628,-0.1181753,-0.0157517,0.0018010292,0.0011737645
30608000,-0.03342388,0.013332004,-0.11815353,-0.01570097,0.0018146973,0.0012210388
30616000,-0.033309866,0.013376367,-0.118131205,-0.015655858,0.0018183009,0.0012788761
30624000,-0.033201337,0.013419476,-0.11810857,-0.015625037,0.0018371755,0.0012980432
30632000,-0.033098184,0.013461188,-0.11808574,-0.0155701125,0.0018293798,0.0013306265
30640000,-0.032948863,0.013502117,-0.11806169,-0.015476094,0.001801995,0.001325485
30648000,-0.032805633,0.013541501,-0.1180377,-0.015432607,0.0017921075,0.0013363139
30656000,-0.032668266,0.013579753,-0.11801341,-0.015339497,0.0018382339,0.0013543905
30664000,-0.032536436,0.013616739,-0.11798917,-0.015291374,0.0018182643,0.001341899
30672000,-0.032366343,0.013657153,-0.11795929,-0.0152524095,0.0017557777,0.001334291
30680000,-0.03220294,0.0136956535,-0.11792953,-0.015234335,0.0016909158,0.0013477617
30688000,-0.032046035,0.013732418,-0.11789949,-0.015163809,0.0016672285,0.0014145332
30696000,-0.031895097,0.0137677435,-0.117868945,-0.015092831,0.0016739705,0.0014945642
30704000,-0.031702276,0.0138077345,-0.11783518,-0.014978209,0.0016333214,0.0015128134
30712000,-0.031516206,0.013846163,-0.117801264,-0.014925361,0.0016463086,0.0015855758
30720000,-0.031336825,0.013883294,-0.11776683,-0.014848452,0.0016509885,0.0016509285
30728000,-0.0311638,0.01391908,-0.11773215,-0.014773461,0.0016413048,0.0016987676
30736000,-0.03095236,0.0139630735,-0.117691144,-0.014659318,0.0016516742,0.0017304512
30744000,-0.030747483,0.0140055185,-0.117650166,-0.014511554,0.0016411444,0.001759328
30752000,-0.030549102,0.014046421,-0.117608994,-0.014394404,0.0016232337,0.0018406617
30760000,-0.030357324,0.014085478,-0.117567495,-0.014305863,0.0015575524,0.00190233
30768000,-0.030127553,0.014132273,-0.11751549,-0.01420635,0.0014939223,0.0019355285
30776000,-0.02990474,0.014177033,-0.11746372,-0.014068811,0.0014288769,0.0019878047
30784000,-0.02968882,0.014219808,-0.11741176,-0.013958715,0.001399536,0.0020859689
30792000,-0.029479539,0.01426082,-0.11735959,-0.0138460295,0.0013472998,0.0021373867
30800000,-0.029227613,0.0143186655,-0.11730258,-0.013743803,0.0013335131,0.0021292365
30808000,-0.02898331,0.014374506,-0.11724587,-0.013618648,0.0012890556,0.002195603
30816000,-0.028746009,0.014428275,-0.11718921,-0.013462966,0.0012685822,0.002225511
30824000,-0.028515449,0.014480302,-0.11713281,-0.013319631,0.001293782,0.0022806516
30832000,-0.028291585,0.01453078,-0.11707644,-0.013199747,0.001280624,0.0023609258
30840000,-0.028024169,0.014603333,-0.11702503,-0.013081349,0.0012999536,0.0024083038
30848000,-0.027764296,0.014673657,-0.11697361,-0.012952078,0.0012528417,0.0024532594
30856000,-0.0275118,0.014741684,-0.11692208,-0.012832549,0.0012379424,0.002530931
30864000,-0.027266474,0.014807833,-0.11687057,-0.01269877,0.001291286,0.0025256986
30872000,-0.026978696,0.0149058895,-0.116818294,-0.012555536,0.0013267695,0.0025790902
30880000,-0.0266986,0.015001567,-0.11676599,-0.012371727,0.0013556558,0.0026234833
30888000,-0.02642586,0.01509489,-0.11671381,-0.012223961,0.0013870237,0.002642158
30896000,-0.026160192,0.015185909,-0.11666176,-0.012012368,0.001390992,0.0026685519
30904000,-0.025859624,0.015305912,-0.11661807,-0.011850507,0.0014876375,0.0027253602
30912000,-0.025566803,0.015423464,-0.11657415,-0.0116834035,0.0015513394,0.002742934
30920000,-0.025281815,0.015538671,-0.116530284,-0.011585022,0.0016355963,0.002770664
30928000,-0.025004396,0.015651645,-0.1164891,-0.011424063,0.001689727,0.0028324143
30936000,-0.024696851,0.015788738,-0.11644849,-0.011268547,0.0017391172,0.0028614355
30948000,-0.024397466,0.015922936,-0.116407394,-0.011159778,0.0018020949,0.0029493577
30956000,-0.024105996,0.016054448,-0.116365865,-0.011044921,0.0018611565,0.002996701
30964000,-0.023821883,0.016183285,-0.11632402,-0.010887863,0.0019344504,0.0030371668
30972000,-0.023526838,0.0163314,-0.116294235,-0.010715495,0.0019835667,0.0030016473
30980000,-0.023239205,0.016476579,-0.116293564,-0.0105782645,0.0020807371,0.0030067558
30988000,-0.022958986,0.016619276,-0.1162916,-0.010429493,0.0021758818,0.0030519972
30996000,-0.0226859,0.016759437,-0.11628851,-0.010291818,0.0022539236,0.0030451862
31004000,-0.022408823,0.016924834,-0.11629969,-0.010137636,0.0023326608,0.0031165485
31012000,-0.022138895,0.01708723,-0.11630905,-0.010024017,0.0024089578,0.0031716574
31020000,-0.02187578,0.017246664,-0.11631675,-0.009852308,0.0024897023,0.0032122182
31028000,-0.021619394,0.017403273,-0.11633664,-0.009723805,0.0025776874,0.0031974826
31036000,-0.021374527,0.017578138,-0.11637865,-0.009591749,0.0026938636,0.003182591
31044000,-0.021136137,0.01775001,-0.116418615,-0.009473715,0.0027870843,0.0031742237
31052000,-0.020904142,0.017919268,-0.11645648,-0.0093762195,0.0029216413,0.0032184827
31060000,-0.020678561,0.018085817,-0.11649227,-0.009299485,0.003026299,0.0032036817
31068000,-0.02046714,0.018271938,-0.11654732,-0.009201314,0.0031669843,0.0031087291
31076000,-0.020261839,0.018455204,-0.11660452,-0.009155759,0.0032773209,0.0030659288
31084000,-0.02006247,0.018635672,-0.11665955,-0.009053929,0.0034163524,0.0030535688
31092000,-0.019868715,0.018813532,-0.11671248,-0.00895851,0.0035316318,0.0030238247
31100000,-0.01968036,0.018988784,-0.116763204,-0.008862182,0.0036525622,0.0030605076
31108000,-0.019506257,0.019178418,-0.116821334,-0.008791452,0.0037843853,0.0030341733
31116000,-0.019337531,0.019365273,-0.11687723,-0.008745414,0.003908629,0.0030390348
31124000,-0.019174239,0.019549605,-0.11693075,-0.008722229,0.0040507433,0.0030639332
31132000,-0.019016242,0.01973159,-0.11698495,-0.0086568585,0.0042016325,0.003026308
31140000,-0.018854763,0.019928096,-0.117045656,-0.008591799,0.004343214,0.002990676
31148000,-0.018698167,0.020122005,-0.11710422,-0.008498588,0.0044674203,0.0029576807
31156000,-0.018546643,0.02031326,-0.11716081,-0.008463787,0.0045844596,0.0029583566
31164000,-0.018399991,0.020501876,-0.11721505,-0.008367894,0.0047012493,0.0029607061
31172000,-0.01824996,0.02071043,-0.11727263,-0.00826932,0.004842864,0.0029236763
31180000,-0.018104564,0.020916333,-0.11731629,-0.008208601,0.0050099473,0.0028774224
31188000,-0.017963875,0.021119772,-0.11735858,-0.008111486,0.0051136157,0.0028470822
31196000,-0.017827349,0.021320354,-0.11739917,-0.008001377,0.0052603893,0.0028419422
31204000,-0.017699545,0.021531926,-0.11743893,-0.0078882435,0.0053789555,0.0027719245
31212000,-0.017575888,0.021740666,-0.11747728,-0.0078476705,0.005506144,0.0027737056
31220000,-0.017456776,0.021947065,-0.11751406,-0.0078309635,0.005699809,0.002753967
31228000,-0.017342126,0.022151576,-0.117546484,-0.007826432,0.005889709,0.002754755
31236000,-0.017238807,0.0223536,-0.11758511,-0.007830949,0.006037869,0.0027385077
31244000,-0.017139634,0.022553658,-0.11762208,-0.007793658,0.0062143593,0.0027566587
31252000,-0.017044332,0.022752034,-0.11765778,-0.007770184,0.0064264536,0.0026739668
31260000,-0.016952844,0.022948783,-0.117692366,-0.007721948,0.006617563,0.0026637095
31268000,-0.016871238,0.023126952,-0.1177396,-0.007706932,0.0067887446,0.002625903
31276000,-0.016793035,0.02330374,-0.117776215,-0.0076707928,0.0069198003,0.0026350669
31284000,-0.016718613,0.023478735,-0.1178115,-0.007717994,0.007017606,0.002579521
31292000,-0.016647965,0.023652097,-0.11784579,-0.0077053797,0.0071579725,0.0025261743
31300000,-0.016580433,0.023814406,-0.11789845,-0.00769758,0.0073001143,0.0025089278
31308000,-0.016516065,0.023975411,-0.117949426,-0.0076376046,0.0073709306,0.0024637678
31316000,-0.016454589,0.024134656,-0.11799908,-0.0075817523,0.0074278633,0.00238949
31324000,-0.016395964,0.024292344,-0.11804767,-0.007542129,0.007518429,0.0023026578
31332000,-0.016325993,0.024439488,-0.11811462,-0.007537428,0.007582216,0.0022091197
31340000,-0.016259477,0.024585295,-0.11818001,-0.0075219944,0.007640531,0.002177249
31348000,-0.016196039,0.024729842,-0.118243426,-0.0074856654,0.0077430657,0.0021397194
31356000,-0.0161356,0.024873473,-0.11830498,-0.0074438713,0.007831714,0.002129014
31364000,-0.016077792,0.025015723,-0.11836471,-0.0073878304,0.007867663,0.0021008172
31372000,-0.016002052,0.02514568,-0.11843361,-0.007361145,0.007978074,0.002043696
31380000,-0.015929721,0.025275152,-0.11849631,-0.0073746415,0.008092126,0.00198192
31388000,-0.015860757,0.025403935,-0.11855723,-0.0073398766,0.008182773,0.0020033543
31396000,-0.015795201,0.025532058,-0.118616134,-0.007395276,0.0082933605,0.0019621677
31404000,-0.015724799,0.025664134,-0.11867544,-0.007311651,0.0083867395,0.0018823129
31412000,-0.015657179,0.025795532,-0.11873314,-0.0072681257,0.008502693,0.0018581015
31420000,-0.015592488,0.025926337,-0.1187896,-0.0072196433,0.00860852,0.0017569903
31428000,-0.015530657,0.026056483,-0.118844286,-0.0072023347,0.008686968,0.0017342991
31436000,-0.015466504,0.026187899,-0.118890226,-0.007155534,0.008767226,0.0017380572
31444000,-0.015405123,0.026318464,-0.11893457,-0.007112568,0.008838368,0.0017650244
31452000,-0.015346507,0.02644813,-0.11897743,-0.007087593,0.008891632,0.0017478752
31460000,-0.015290693,0.02657682,-0.11901887,-0.0070685316,0.008930769,0.001731424
31468000,-0.015239905,0.026703488,-0.1190653,-0.007051703,0.008994025,0.0017187814
31476000,-0.015191862,0.026829725,-0.11908086,-0.0070622703,0.009155927,0.0016963207
31484000,-0.015146356,0.026955865,-0.11909577,-0.0070201103,0.009269513,0.0017119757
31492000,-0.015103237,0.027081471,-0.11910991,-0.0069897966,0.009342648,0.0017122135
31500000,-0.015054467,0.027199792,-0.119124085,-0.006939622,0.009426903,0.0017881936
31508000,-0.015008085,0.027317652,-0.11913715,-0.0069167223,0.009466332,0.0018036483
31516000,-0.0149642015,0.027434794,-0.11914945,-0.006921296,0.00952102,0.0018182382
31524000,-0.014922905,0.027551508,-0.11916107,-0.006926596,0.0095992945,0.0017852187
31532000,-0.01487319,0.027668258,-0.11918552,-0.0068800338,0.009629212,0.0017434093
31540000,-0.014825828,0.027784536,-0.119209096,-0.006877363,0.009734325,0.0017361691
31548000,-0.014781144,0.027900783,-0.11923143,-0.0069043925,0.0098502925,0.0017866379
31556000,-0.014738783,0.028017072,-0.11925256,-0.006821481,0.009985746,0.001787154
31564000,-0.014696498,0.028130174,-0.11926499,-0.006808901,0.010065936,0.001812044
31572000,-0.01465665,0.028243054,-0.11927681,-0.0068086665,0.010159555,0.0017327871
31580000,-0.01461901,0.028355924,-0.119288415,-0.0067810584,0.010250725,0.0016848855
31588000,-0.01458323,0.028468646,-0.11929935,-0.006701117,0.01032644,0.0016940382
31596000,-0.014559309,0.028581226,-0.11931002,-0.0066480655,0.010396448,0.0017336061
31604000,-0.014536934,0.028693464,-0.11931953,-0.0066050086,0.010415023,0.0017789959
31612000,-0.014516353,0.028805152,-0.11932786,-0.0066027,0.010462404,0.0018393996
31620000,-0.014497322,0.028916486,-0.119335115,-0.006548071,0.01052795,0.0018504123
31628000,-0.014479897,0.02902762,-0.119341746,-0.006549155,0.010593022,0.0017988862
31636000,-0.014455312,0.029148497,-0.11934608,-0.006497624,0.010695841,0.0017766965
31644000,-0.014432234,0.029269226,-0.1193497,-0.006461822,0.010789948,0.0018050006
31652000,-0.0144110685,0.029389672,-0.119352475,-0.0065161265,0.010864082,0.0018174401
31660000,-0.014392028,0.029509908,-0.119354546,-0.006512878,0.010959089,0.0018188178
31668000,-0.014384422,0.029629406,-0.11935872,-0.0064841127,0.011012598,0.0017865545
31676000,-0.014378188,0.029748393,-0.11936234,-0.0064682,0.01104724,0.0018037416
31684000,-0.014373234,0.029866865,-0.119365364,-0.006446102,0.011100948,0.0017306001
31692000,-0.01436988,0.029984865,-0.11936799,-0.0065138587,0.011160015,0.0017685469
31700000,-0.014368418,0.030107733,-0.11936413,-0.0064885453,0.011197025,0.0017978022
31708000,-0.014368487,0.030230109,-0.11935961,-0.006521857,0.0112611335,0.0017896835
31716000,-0.014369749,0.030352036,-0.1193549,-0.006506545,0.01133443,0.0017288077
31724000,-0.01437231,0.03047376,-0.11934982,-0.0065157143,0.011426049,0.0017714469
31732000,-0.014359422,0.030601162,-0.11934094,-0.0064787148,0.011515385,0.0018795367
31740000,-0.014347544,0.030728243,-0.11933109,-0.006396194,0.011604442,0.0018974282
31748000,-0.014336638,0.030854912,-0.11932053,-0.0063573695,0.011653446,0.0019460724
31756000,-0.014326878,0.030980842,-0.11930917,-0.0063153547,0.011676067,0.0019885232
31764000,-0.014297706,0.031107437,-0.11929609,-0.0062656756,0.011759484,0.0019851578
31772000,-0.014269717,0.031233817,-0.11928281,-0.0061684223,0.011858768,0.001984675
31780000,-0.01424284,0.031360142,-0.119268745,-0.006116904,0.011972353,0.0020746584
31788000,-0.014217186,0.031486347,-0.119253814,-0.0060487567,0.012056633,0.002097356
31796000,-0.014179659,0.03159984,-0.11925079,-0.0060212975,0.012114993,0.0021555
31804000,-0.01414352,0.031713232,-0.11924702,-0.0059340075,0.012191126,0.0021449586
31812000,-0.014108606,0.03182683,-0.11924255,-0.005877095,0.012288339,0.0021552034
31820000,-0.014074844,0.031940285,-0.11923735,-0.005781144,0.012299011,0.0021745837
31828000,-0.014025908,0.03204681,-0.119248435,-0.005720804,0.012398584,0.0022131726
31836000,-0.013978654,0.032153703,-0.11925842,-0.005673429,0.012474983,0.0021982037
31844000,-0.0139326705,0.03226084,-0.11926766,-0.005594546,0.012545915,0.0021486406
31852000,-0.01388829,0.032368157,-0.11927603,-0.005566763,0.012628544,0.0021568884
31860000,-0.013837958,0.03246994,-0.11930476,-0.005478172,0.012739255,0.0021412289
31868000,-0.01378887,0.03257218,-0.119332165,-0.0054040146,0.012774349,0.0021128112
31876000,-0.013741287,0.032674547,-0.11937562,-0.0053485325,0.01283807,0.0021190033
31884000,-0.013694878,0.03277721,-0.11941719,-0.005258075,0.012904564,0.002097546
31892000,-0.01364951,0.03288038,-0.11945747,-0.005167911,0.012981491,0.0020030627
31900000,-0.013601647,0.03297389,-0.119519636,-0.005020572,0.012992318,0.0019371887
31908000,-0.013554175,0.033067875,-0.11958021,-0.0048588566,0.013056548,0.0018717685
31916000,-0.013507564,0.033162143,-0.11963892,-0.004773467,0.013070115,0.00185264
31924000,-0.013462054,0.03325686,-0.11969569,-0.0047109528,0.013153935,0.001817314
31932000,-0.013415235,0.033333406,-0.11979832,-0.004646904,0.013264451,0.0018294817
31940000,-0.013369565,0.033410843,-0.11989759,-0.004588529,0.01327089,0.0018340445
31948000,-0.01332535,0.033488866,-0.119993925,-0.004582651,0.013284395,0.001786001
31956000,-0.01328232,0.033567555,-0.12008773,-0.0044940817,0.0133194635,0.0017044507
31964000,-0.013237829,0.03363879,-0.12019482,-0.004467427,0.013302605,0.0016399208
31972000,-0.013194873,0.03371067,-0.12029888,-0.004460823,0.013337682,0.0016510489
31980000,-0.013153133,0.033783346,-0.12039989,-0.004393049,0.013326242,0.0016203255
31988000,-0.0131125655,0.033856597,-0.12049805,-0.004353825,0.013354854,0.0016301997
31996000,-0.013080799,0.033912145,-0.120611966,-0.004324674,0.013356636,0.0015810132
32004000,-0.013050141,0.03396874,-0.12072286,-0.0042719347,0.013380765,0.0015625124
32012000,-0.013020282,0.03402648,-0.12083086,-0.0042237686,0.013402923,0.0015115103
32020000,-0.012991272,0.03408536,-0.120936036,-0.0041678934,0.01343409,0.0015211047
32028000,-0.012980144,0.034136258,-0.12106219,-0.0041314084,0.013473299,0.0014351349
32036000,-0.012969452,0.034188583,-0.12118557,-0.004070165,0.013503121,0.0013830368
32044000,-0.012959024,0.034242142,-0.12130585,-0.004013673,0.013544238,0.0013548852
32052000,-0.012949178,0.034297217,-0.12142308,-0.0039945366,0.013606172,0.001312016
32060000,-0.012949844,0.034349658,-0.12153904,-0.0039859232,0.013522875,0.0012839553
32068000,-0.01295076,0.034402758,-0.12165232,-0.0039284173,0.013519634,0.0011982649
32076000,-0.012951781,0.034456804,-0.1217632,-0.0038823301,0.013522369,0.0011389162
32084000,-0.012953147,0.03451218,-0.12187146,-0.0038666062,0.013567254,0.0011036834
32092000,-0.012963871,0.034550704,-0.12197612,-0.003812305,0.013552238,0.0010705091
32100000,-0.012974811,0.034590684,-0.12207839,-0.0037997076,0.013584599,0.0010351524
32108000,-0.012985671,0.034632087,-0.12217809,-0.0037383363,0.013600461,0.0009923943
32116000,-0.01299668,0.034675132,-0.12227593,-0.0037655625,0.013650686,0.00088408845
32124000,-0.013009553,0.034701165,-0.12236413,-0.0037019178,0.013623979,0.00084417604
32132000,-0.013022016,0.034728557,-0.122457415,-0.0036460783,0.013590245,0.0008047783
32140000,-0.0130346455,0.034757122,-0.12254882,-0.003643728,0.013541213,0.0007300106
32148000,-0.013047472,0.034787152,-0.122638345,-0.0036439074,0.013567777,0.00067480566
32156000,-0.013060286,0.034818806,-0.12272577,-0.0035729157,0.013591524,0.00064289034
32164000,-0.013076875,0.034839906,-0.12280902,-0.0035158403,0.013584659,0.0006086775
32172000,-0.01309307,0.034862604,-0.122890085,-0.00345133,0.01357483,0.0006264563
32180000,-0.013108902,0.034886636,-0.12296912,-0.0033805838,0.013517787,0.00058480946
32188000,-0.013124492,0.034911696,-0.12304667,-0.0033442026,0.013461007,0.0005125715
32196000,-0.013129723,0.034924913,-0.12311253,-0.0033025728,0.013471842,0.00043502115
32204000,-0.013135116,0.034939706,-0.123177305,-0.0033012012,0.01342371,0.00037295878
32212000,-0.013140848,0.034956105,-0.12324059,-0.0032806275,0.0134153,0.00038672503
32220000,-0.01314675,0.03497407,-0.12330203,-0.0032504697,0.013413784,0.0004268676
32228000,-0.013135762,0.034969475,-0.1233871,-0.003151267,0.013388154,0.00040184637
32236000,-0.013124875,0.034966893,-0.12347032,-0.0031128319,0.013380965,0.0003629051
32244000,-0.013114457,0.03496629,-0.12355156,-0.0030947344,0.013346056,0.00033294217
32252000,-0.0131045105,0.034967378,-0.12363106,-0.0030378602,0.013305053,0.00028290116
32260000,-0.013071764,0.034951366,-0.12372479,-0.0029671104,0.013245538,0.00019398725
32268000,-0.013039523,0.034937352,-0.1238167,-0.0028637785,0.013193394,0.00013375925
32276000,-0.013007613,0.034925234,-0.12390675,-0.0027754547,0.013149037,8.8197194e-05
32284000,-0.012975892,0.03491516,-0.12399481,-0.0026422762,0.013126456,4.0998355e-05
32292000,-0.012919852,0.03489309,-0.12409505,-0.0025508343,0.013049176,-1.2425517e-07
32300000,-0.012864675,0.034872867,-0.12419315,-0.0024744403,0.012976901,-4.3458742e-05
32308000,-0.0128102815,0.034854665,-0.1242892,-0.0023582939,0.012949336,-9.6888936e-05
32316000,-0.012756597,0.03483881,-0.12438342,-0.0022922368,0.012960989,-0.00018895065
32324000,-0.01266954,0.034816664,-0.12448634,-0.0022403405,0.012925603,-0.0002597222
32332000,-0.012584183,0.034796827,-0.1245919,-0.002185863,0.012911214,-0.0003138439
32340000,-0.0125003075,0.03477933,-0.1246953,-0.0020908285,0.012907404,-0.00034193922
32348000,-0.012417681,0.034764104,-0.12479657,-0.001981484,0.012901304,-0.0004062191
32356000,-0.012312955,0.034735296,-0.12489414,-0.0018578309,0.012850271,-0.00041697535
32364000,-0.012209408,0.03470858,-0.124989495,-0.001674816,0.012781111,-0.0004484898
32372000,-0.01210708,0.034683954,-0.12508285,-0.001554129,0.01272467,-0.00047351167
32380000,-0.012005999,0.034661114,-0.12517421,-0.0014099178,0.012639013,-0.0005093163
32388000,-0.011877367,0.034623288,-0.12525423,-0.0012942074,0.01261635,-0.0005461628
32396000,-0.011750487,0.034588065,-0.12533256,-0.0011429688,0.0126110315,-0.0005323901
32404000,-0.011625397,0.034555454,-0.12540883,-0.0010404892,0.012586585,-0.0005097828
32412000,-0.011501973,0.034525324,-0.12548329,-0.0008876834,0.01256033,-0.0005119362
32420000,-0.011380098,0.034497403,-0.12555607,-0.00074374414,0.012514166,-0.0005072294
32428000,-0.011246296,0.034446597,-0.12560542,-0.0005622694,0.012484679,-0.0005493353
32436000,-0.011114183,0.03439839,-0.12565373,-0.0004574305,0.012422357,-0.0005263882
32444000,-0.010984068,0.034352984,-0.1257011,-0.00035977463,0.012433747,-0.0005532253
32452000,-0.010855885,0.03431055,-0.12574762,-0.00028301514,0.012419488,-0.0005964992
32460000,-0.010719995,0.034241088,-0.12575887,-0.00021124232,0.012358941,-0.0006006614
32468000,-0.0105860885,0.034174383,-0.12577024,-8.81678e-05,0.012250731,-0.00065366935
32476000,-0.010453879,0.0341102,-0.12578182,6.0286533e-05,0.012142986,-0.000681675
32484000,-0.010323007,0.03404838,-0.12579326,0.000216416,0.012014874,-0.0006526765
32492000,-0.0101908315,0.033957545,-0.12578258,0.00029628837,0.011849709,-0.0006640874
32500000,-0.010060312,0.033869408,-0.12577261,0.000441456,0.01172551,-0.0007112007
32508000,-0.009931179,0.03378429,-0.12576318,0.00059540843,0.011672583,-0.00070000906
32516000,-0.009803533,0.033702318,-0.12575375,0.00069566286,0.011587322,-0.0006591071
32524000,-0.00968026,0.03360339,-0.12573515,0.00075002044,0.011526078,-0.00062382175
32532000,-0.009558821,0.033507686,-0.12571694,0.00082532427,0.011391907,-0.0006230701
32540000,-0.009438668,0.03341482,-0.12569907,0.0009808826,0.0112911835,-0.00058688316
32548000,-0.009319624,0.03332478,-0.12568183,0.0010983534,0.0111715365,-0.00064797635
32556000,-0.009213168,0.033224527,-0.12565838,0.0011563372,0.011068328,-0.0006475371
32564000,-0.009108295,0.03312732,-0.12563546,0.0011709165,0.010954213,-0.0006173946
32572000,-0.009005102,0.033033073,-0.12561291,0.0012061656,0.01087203,-0.00058829907
32580000,-0.008903296,0.03294169,-0.12559056,0.0012816741,0.010746023,-0.0005410105
32588000,-0.008816955,0.032840483,-0.12556458,0.0013897442,0.010624681,-0.0005066274
32596000,-0.008731072,0.03274223,-0.12553878,0.0015181985,0.010552241,-0.0004454514
32604000,-0.008645699,0.032647107,-0.12551323,0.0016140994,0.0104580335,-0.00042934803
32612000,-0.008561142,0.0325548,-0.12548804,0.0016947243,0.01036964,-0.00037203674
32620000,-0.008492394,0.032447163,-0.12546921,0.0017834677,0.010258788,-0.0003566212
32628000,-0.008424151,0.032342467,-0.12545079,0.0018270774,0.010124367,-0.0003798728
32636000,-0.008356626,0.03224031,-0.12543312,0.0018808207,0.009967634,-0.0004199636
32644000,-0.008289395,0.03214075,-0.12541594,0.0020025293,0.009850222,-0.00040844356
32652000,-0.008238221,0.03202611,-0.12541148,0.0020342423,0.009739941,-0.00035988414
32660000,-0.008187684,0.031914584,-0.1254068,0.0020344874,0.009651108,-0.00035564613
32668000,-0.008137451,0.03180621,-0.12540235,0.0021217861,0.009573152,-0.0003828652
32676000,-0.008087146,0.03170092,-0.1254301,0.0022059272,0.009477747,-0.00042514576
32684000,-0.008037111,0.03159843,-0.12545739,0.002232588,0.009351425,-0.0004324058
32692000,-0.008008931,0.031473547,-0.12548618,0.0021985376,0.009239446,-0.00044883968
32700000,-0.007981208,0.031351827,-0.12551482,0.0021685339,0.009130929,-0.00056650187
32708000,-0.007953715,0.031233063,-0.1255435,0.002196707,0.00897581,-0.0006215748
32716000,-0.0079262955,0.031117167,-0.12557164,0.0022070426,0.008879687,-0.0006156463
32724000,-0.007923463,0.030985516,-0.12559679,0.0021758422,0.008830208,-0.00062578276
32732000,-0.007920175,0.030857706,-0.12563545,0.002238375,0.008767143,-0.00063565635
32740000,-0.007916258,0.030733118,-0.1256731,0.0022714522,0.0086563025,-0.00063171226
32748000,-0.007911808,0.030611733,-0.12571014,0.0023109813,0.008564863,-0.0007000908
32756000,-0.007931773,0.030471593,-0.12574424,0.0023122511,0.008407633,-0.0007673459
32764000,-0.007951007,0.03033457,-0.12577796,0.0023203176,0.008267363,-0.00082353194
32772000,-0.007969414,0.03020047,-0.12581167,0.0023187746,0.008134383,-0.0009106963
32780000,-0.007987406,0.030069355,-0.12586416,0.0022734026,0.007979184,-0.0008829314
32788000,-0.008001422,0.029911,-0.12591435,0.002302135,0.007784213,-0.00090184674
32796000,-0.008014817,0.029755795,-0.12596376,0.0022928063,0.007622568,-0.0009357245
32804000,-0.008027675,0.029603882,-0.12601195,0.002314414,0.00750114,-0.0009089931
32812000,-0.008040059,0.029455213,-0.12605892,0.0022985742,0.007351215,-0.00089166523
32820000,-0.008055278,0.029278355,-0.12609886,0.0022606552,0.0071330047,-0.0008872852
32828000,-0.00807009,0.02910465,-0.12613791,0.0022721502,0.0069302865,-0.00091109495
32836000,-0.008084576,0.02893427,-0.12617646,0.0022442813,0.006799045,-0.0009388754
32844000,-0.008099003,0.028767474,-0.12621439,0.0022014554,0.006660027,-0.0009868133
32852000,-0.008109864,0.028574618,-0.12625359,0.0022065437,0.0064993347,-0.0009933332
32860000,-0.0081204735,0.028385298,-0.12629206,0.0022157442,0.0062849573,-0.0010177603
32868000,-0.008130635,0.028199384,-0.12632997,0.0022504902,0.006119655,-0.0010452286
32876000,-0.008140634,0.028017245,-0.1263772,0.0022023243,0.00598951,-0.0010967965
32884000,-0.008141674,0.02781501,-0.12642847,0.0022406406,0.0057712775,-0.0011235556
32892000,-0.008142745,0.027616382,-0.12647903,0.0022025132,0.0055980203,-0.0011828864
32900000,-0.008143971,0.027421242,-0.12652893,0.0022220796,0.0053808666,-0.0012260422
32908000,-0.008144978,0.02722938,-0.12657818,0.0022305013,0.0051956144,-0.0012859771
32916000,-0.008132597,0.027027117,-0.12662588,0.0022208455,0.0050273845,-0.001288973
32924000,-0.0081208395,0.026828384,-0.12667267,0.0021658249,0.004843579,-0.0013067225
32932000,-0.008109755,0.02663314,-0.1267188,0.0021141516,0.0046759686,-0.0012904254
32940000,-0.008099359,0.026441421,-0.1267642,0.002100169,0.004513751,-0.0013678526
32948000,-0.008088909,0.026253104,-0.12680918,0.0021708196,0.004368415,-0.0013976353
32956000,-0.008069975,0.026064284,-0.12686302,0.0022017283,0.004255098,-0.0014394335
32964000,-0.008051435,0.025878852,-0.12691623,0.0021849135,0.0040754634,-0.0015087995
32972000,-0.008033346,0.025696568,-0.12696871,0.0022209568,0.003918484,-0.0015153288
32980000,-0.008015417,0.02551752,-0.12702811,0.0022540276,0.0037735812,-0.0015182893
32988000,-0.007984485,0.025342682,-0.12709689,0.0022770837,0.0036476692,-0.0015474611
32996000,-0.00795416,0.025171109,-0.12716453,0.0022824882,0.003523033,-0.0015706113
33004000,-0.007924709,0.025002541,-0.127231,0.0022672366,0.0033431395,-0.0016001762
33012000,-0.007896159,0.024836559,-0.12729637,0.0022340876,0.0031839658,-0.0016372727
33020000,-0.007865251,0.0246782,-0.12737976,0.0022501824,0.0030978832,-0.0016749476
33028000,-0.007834913,0.024522845,-0.12747592,0.0022772318,0.002967479,-0.0016780706
33036000,-0.0078053656,0.024370465,-0.12757038,0.0022557946,0.0028904076,-0.0017688979
33044000,-0.007776595,0.02422128,-0.12766322,0.0022422413,0.0028367839,-0.0017955969
33052000,-0.0077583767,0.024079202,-0.12776873,0.0022446876,0.0027522123,-0.001825796
33060000,-0.007740596,0.0239398,-0.12787196,0.0022548256,0.002621092,-0.0018296092
33068000,-0.007723383,0.023803022,-0.12797314,0.0022195627,0.002542931,-0.0018669481
33076000,-0.0077067604,0.023669163,-0.1280814,0.0022131577,0.0024718065,-0.0019061187
33084000,-0.0077095595,0.023538288,-0.12820639,0.0021612947,0.0023535353,-0.002019792
33092000,-0.0077127633,0.02341017,-0.12832946,0.0021169304,0.0022974315,-0.0020997378
33100000,-0.007716585,0.023284763,-0.12845042,0.0020162938,0.0022200283,-0.0021737579
33108000,-0.0077210856,0.023162017,-0.1285696,0.0019959833,0.0021460948,-0.00226649
33116000,-0.0077258516,0.023044106,-0.12870067,0.0019846696,0.002048114,-0.0022561739
33124000,-0.007730903,0.0229285,-0.1288291,0.0019501565,0.0019621514,-0.002298189
33132000,-0.0077363555,0.022815496,-0.1289551,0.0019144559,0.0019056853,-0.0023396376
33140000,-0.0077420613,0.022705069,-0.1290789,0.0019006444,0.0018553319,-0.0023946597
33148000,-0.0077498234,0.022599492,-0.12922336,0.0018556055,0.0017864173,-0.0024578935
33156000,-0.0077578216,0.02249631,-0.12936544,0.0018543747,0.001732113,-0.0025923862
33164000,-0.007766043,0.02239552,-0.12950566,0.0018102987,0.0016568395,-0.0026983211
33172000,-0.007774784,0.022296984,-0.12964347,0.0017552237,0.0015996956,-0.0027536268
33180000,-0.0077931895,0.022201596,-0.12980896,0.0017501939,0.001519304,-0.0028159393
33188000,-0.0078112553,0.022108443,-0.12997139,0.0017998085,0.0014571674,-0.0028403993
33196000,-0.0078289285,0.022017531,-0.1301304,0.0018042936,0.0014323217,-0.002862838
33204000,-0.0078465175,0.021929096,-0.13028641,0.0018131097,0.0014301157,-0.0029101593
33212000,-0.007864101,0.02184332,-0.13043952,0.0017634614,0.0014373892,-0.0029681458
33220000,-0.007884007,0.021755368,-0.13060491,0.0017535149,0.0014116549,-0.003011872
33228000,-0.007903797,0.021669485,-0.13077612,0.0017457806,0.0013200023,-0.0030749105
33236000,-0.007923465,0.02158564,-0.13094425,0.0017407802,0.0012842007,-0.0031339508
33244000,-0.007943057,0.021504039,-0.13110946,0.0017242233,0.0012535698,-0.0032198315
33252000,-0.007972249,0.02143748,-0.13128133,0.001676153,0.0012308251,-0.0031702775
33260000,-0.008001333,0.021372462,-0.13144964,0.0016604715,0.0011281441,-0.0032255899
33268000,-0.008030132,0.021309085,-0.1316149,0.001635455,0.0011196577,-0.0033013606
33276000,-0.0080588,0.021247536,-0.1317771,0.0016200051,0.0010704903,-0.003309113
33284000,-0.008101838,0.021197915,-0.13194516,0.0016118095,0.0010821932,-0.0033427398
33292000,-0.008144442,0.021150133,-0.13211009,0.0015503459,0.0010860142,-0.003396844
33300000,-0.008186849,0.021103755,-0.13227198,0.0014857122,0.0010147825,-0.0034435815
33308000,-0.008229069,0.021058751,-0.13243091,0.0014686522,0.0010236929,-0.003519099
33316000,-0.00827117,0.021018837,-0.13258496,0.0014333773,0.0010288532,-0.0036030565
33324000,-0.0083131455,0.02098041,-0.13273638,0.0013405405,0.0010078108,-0.0036237193
33332000,-0.008355112,0.020943534,-0.13288487,0.0013129562,0.0010292248,-0.003666995
33340000,-0.008396624,0.020908121,-0.13303076,0.0012850165,0.001023419,-0.00371841
33348000,-0.008431853,0.020875596,-0.13316919,0.0012548575,0.0009867031,-0.0037828756
33356000,-0.008466763,0.020843992,-0.13330524,0.001254034,0.000930336,-0.0038287898
33364000,-0.008501494,0.020813502,-0.13343889,0.0011978991,0.0009184246,-0.0038386178
33372000,-0.008536059,0.0207841,-0.13356961,0.0011703748,0.0008752876,-0.0037926226
33380000,-0.008563384,0.020748772,-0.13372883,0.0011161277,0.00086050725,-0.003886053
33388000,-0.008590848,0.020714909,-0.13388523,0.0010647201,0.00088525534,-0.0039377096
33396000,-0.008618269,0.020682579,-0.1340387,0.0010651399,0.0008964402,-0.00397045
33404000,-0.008645661,0.020651482,-0.13418886,0.001016214,0.00086665293,-0.003939081
33412000,-0.008665528,0.020608606,-0.13434926,0.0010200306,0.00086403283,-0.0039673587
33420000,-0.00868545,0.020566946,-0.13450673,0.0009934228,0.000781309,-0.004052082
33428000,-0.008705508,0.02052619,-0.13467073,0.00096095965,0.00072928314,-0.0041282726
33436000,-0.008725967,0.020486772,-0.13483174,0.000879336,0.0007557053,-0.004207404
33444000,-0.0087348735,0.020440765,-0.13499852,0.0008387349,0.0006709061,-0.0042394698
33452000,-0.008744124,0.020395778,-0.13516201,0.00082543754,0.00066109706,-0.0043060724
33460000,-0.00875375,0.020352188,-0.13532242,0.0008007046,0.0006356935,-0.0043267547
33468000,-0.008763664,0.020309959,-0.13547939,0.00077078305,0.0006474596,-0.00431273
33476000,-0.008774067,0.020269047,-0.13563293,0.0007230046,0.00061330904,-0.004309733
33484000,-0.008765744,0.020213466,-0.13578196,0.00072927185,0.0005449387,-0.0043581403
33492000,-0.008757581,0.02015885,-0.13592818,0.0008295803,0.0004549252,-0.0043947557
33500000,-0.00874908,0.020104947,-0.13607143,0.0009171468,0.0003435936,-0.004392376
33508000,-0.008740646,0.020051887,-0.13621168,0.0009273086,0.00028047498,-0.004410334
33516000,-0.00872986,0.019991815,-0.13635129,0.00090533664,0.0002397061,-0.004452042
33524000,-0.008719637,0.019932995,-0.13648835,0.0009197302,0.00020157074,-0.0044914605
33532000,-0.008709775,0.019875502,-0.13662742,0.0009197279,0.00018641935,-0.004508974
33540000,-0.00870046,0.019819282,-0.13676384,0.0009063619,0.00017009696,-0.004558013
33548000,-0.008679491,0.019765193,-0.13691382,0.0009078091,0.00011361571,-0.004622699
33556000,-0.008658937,0.019712083,-0.13706109,0.00095689076,6.4346736e-05,-0.0046806843
33564000,-0.008638923,0.01965948,-0.13720559,0.0009615544,-6.0354178e-05,-0.0047175116
33572000,-0.008619368,0.01960715,-0.13734734,0.000993588,-0.0001724106,-0.004734707
33580000,-0.008599173,0.019555097,-0.13748862,0.0010207744,-0.00024786964,-0.0047740215
33588000,-0.008579528,0.019503605,-0.13762732,0.0010339568,-0.00030243516,-0.0048178565
33596000,-0.008560418,0.019452963,-0.13776344,0.0010433792,-0.0003315879,-0.0048267813
33604000,-0.008541843,0.019403135,-0.13789666,0.001045331,-0.00036348336,-0.0048353756
33612000,-0.008521015,0.019356724,-0.13803175,0.0011037724,-0.00035570728,-0.0048878537
33620000,-0.008500528,0.019311246,-0.13816409,0.0011054806,-0.000380951,-0.0048630508
33628000,-0.008480915,0.01926638,-0.1382978,0.0010723945,-0.0004429439,-0.004901909
33636000,-0.008461979,0.019221768,-0.13842891,0.0010687107,-0.0005199825,-0.0049124337
33644000,-0.008443567,0.01916744,-0.13855866,0.0010164748,-0.00055571145,-0.0048956214
33652000,-0.008425891,0.019113863,-0.1386861,0.001020904,-0.0006060312,-0.0049919044
33660000,-0.0084089,0.01906079,-0.13881133,0.0009973255,-0.0006801221,-0.004981526
33668000,-0.008392781,0.019008288,-0.1389337,0.000952619,-0.0007322876,-0.004927863
33676000,-0.0083617335,0.018949661,-0.13908091,0.00092016434,-0.0008063339,-0.0048764916
33684000,-0.008331948,0.018891327,-0.13922477,0.00086912053,-0.0009100524,-0.0048753987
33692000,-0.008303458,0.018833533,-0.13936561,0.00081635074,-0.0009471929,-0.004897413
33700000,-0.008276067,0.018776488,-0.1395036,0.0008027731,-0.000990279,-0.004931545
33708000,-0.0082542095,0.018701985,-0.13965291,0.000787072,-0.001072452,-0.005273604
33716000,-0.008233339,0.018628133,-0.13980281,0.00073567085,-0.0011889797,-0.005870792
33724000,-0.008213401,0.018554555,-0.13995554,0.0007415221,-0.0013208148,-0.006746736
33732000,-0.008193972,0.018481404,-0.14011376,0.00077873544,-0.001422964,-0.008028096
33740000,-0.008175007,0.01840888,-0.1402811,0.0007803292,-0.0014863298,-0.009732307
33748000,-0.008147196,0.018323487,-0.14047627,0.0007764981,-0.0015950035,-0.011775648
33756000,-0.008120162,0.018238949,-0.14068574,0.0008013443,-0.0016432845,-0.014085568
33764000,-0.008093807,0.01815544,-0.14091101,0.00080000906,-0.0017004311,-0.016472701
33772000,-0.00806841,0.018072842,-0.14115348,0.0007979969,-0.0017871957,-0.019191401
33780000,-0.008024012,0.01797197,-0.14143273,0.0008813035,-0.0018796737,-0.022318896
33788000,-0.007980516,0.017872177,-0.14173512,0.0008838671,-0.0019625854,-0.025796365
33796000,-0.007938215,0.017773438,-0.14206313,0.00086856313,-0.0020559912,-0.029476747
33804000,-0.007897278,0.017675433,-0.14241754,0.0008414684,-0.0021819966,-0.03316223
33812000,-0.007844226,0.01756787,-0.14280699,0.00083646027,-0.002247769,-0.037151523
33820000,-0.007792425,0.017461304,-0.14322717,0.00087106065,-0.00238525,-0.041589666
33828000,-0.0077418233,0.017355183,-0.14368315,0.00085782656,-0.0025533682,-0.04614689
33836000,-0.007692654,0.017249797,-0.14417313,0.000842358,-0.0026378655,-0.05081321
33844000,-0.0076342872,0.017137762,-0.14471595,0.000839967,-0.0027375643,-0.055509064
33852000,-0.007577427,0.017026793,-0.14529406,0.0008482117,-0.002813438,-0.060519617
33860000,-0.0075219492,0.016917244,-0.14591043,0.00083420967,-0.0028215453,-0.06584581
33868000,-0.007467699,0.016809085,-0.14656688,0.0008896582,-0.0029147326,-0.07130238
33876000,-0.007407376,0.016675424,-0.14729343,0.0009378435,-0.0030430174,-0.07686702
33884000,-0.0073481803,0.016542863,-0.14806052,0.00095933815,-0.0031842177,-0.08235761
33892000,-0.0072905766,0.016411431,-0.14886852,0.0009144695,-0.0032982687,-0.0880445
33900000,-0.0072342837,0.016281584,-0.14971985,0.0009723229,-0.0033305709,-0.09403917
33908000,-0.007166345,0.016119957,-0.15064748,0.0010285372,-0.003452517,-0.10021927
33916000,-0.0070994752,0.01596014,-0.15162052,0.0010936497,-0.0035660274,-0.106368124
33924000,-0.0070336536,0.015802175,-0.15263842,0.0011366864,-0.0036596104,-0.112422034
33932000,-0.0069690724,0.015645958,-0.15370123,0.0011954919,-0.0038004331,-0.11863048
33940000,-0.006872981,0.015464316,-0.15483923,0.0012872423,-0.0039471798,-0.12516016
33948000,-0.0067783906,0.01528461,-0.15602548,0.0013710888,-0.004081324,-0.1317517
33956000,-0.0066851494,0.015106912,-0.15726034,0.0014650626,-0.004217236,-0.13835645
33964000,-0.006593424,0.014931126,-0.15854363,0.0014968939,-0.0043113,-0.14491461
33972000,-0.00647202,0.014726312,-0.15990819,0.0015862803,-0.004393086,-0.15166593
33980000,-0.006352558,0.014524289,-0.16133846,0.001650189,-0.0044945413,-0.15862893
33988000,-0.0062351357,0.014324693,-0.16281949,0.0017186699,-0.0046297745,-0.16558643
33996000,-0.0061196014,0.0141273765,-0.16435121,0.0018120615,-0.00473961,-0.17251743
34004000,-0.006005558,0.013932843,-0.16593309,0.001919274,-0.0047901315,-0.17933285
34012000,-0.005856241,0.013727827,-0.16759022,0.0020547544,-0.0049342895,-0.18635194
34020000,-0.005709103,0.01352554,-0.16929932,0.0021369273,-0.0049781622,-0.19359756
34028000,-0.005564224,0.013326014,-0.17106225,0.0022594028,-0.005065857,-0.20087714
34036000,-0.0054213977,0.01312884,-0.17287801,0.0023303635,-0.0052031614,-0.20803776
34044000,-0.005257961,0.012947854,-0.17476602,0.002424676,-0.0052944394,-0.21513034
34052000,-0.0050970116,0.012768885,-0.17670603,0.0025202709,-0.0053916234,-0.22234246
34060000,-0.004938689,0.012592321,-0.1786998,0.0025741078,-0.005394433,-0.22977115
34068000,-0.0047828564,0.012418607,-0.18074818,0.0026795769,-0.0053775567,-0.23720494
34076000,-0.0046134694,0.012270393,-0.1828747,0.0027469383,-0.0054231756,-0.24454778
34084000,-0.0044467016,0.012124284,-0.1850544,0.002843644,-0.005388793,-0.25178635
34092000,-0.004282384,0.011980421,-0.18728738,0.0029361597,-0.0053831735,-0.2591631
34100000,-0.004120556,0.01183864,-0.18957497,0.0029932545,-0.00537428,-0.26665205
34108000,-0.003940087,0.011722892,-0.19193761,0.0030738243,-0.005366736,-0.2742019
34116000,-0.0037619541,0.011608738,-0.19435553,0.00324441,-0.005347555,-0.2817445
34124000,-0.0035860373,0.0114961155,-0.19682817,0.0033388855,-0.0053661847,-0.2891175
34132000,-0.0034125962,0.0113850515,-0.19937547,0.0034760074,-0.0053108656,-0.2965766
34140000,-0.0032293159,0.011309244,-0.20200889,0.0036292518,-0.005212097,-0.30420518
34148000,-0.0030484903,0.011234968,-0.20469742,0.0037078552,-0.005140758,-0.31183925
34156000,-0.0028702707,0.011162125,-0.20744093,0.003784271,-0.0050361375,-0.319374
34164000,-0.0026946547,0.011090934,-0.21023871,0.0038731606,-0.0049342033,-0.32681575
34172000,-0.002519434,0.011039197,-0.21312888,0.0039487584,-0.004843983,-0.3343633
34180000,-0.0023464656,0.010988533,-0.21607386,0.00406194,-0.004777291,-0.34206623
34188000,-0.002175945,0.010939255,-0.21907438,0.00411963,-0.0046222033,-0.34976703
34196000,-0.0020078844,0.010891796,-0.22213034,0.0041562174,-0.004457402,-0.357411
34204000,-0.0018492609,0.010863345,-0.22527136,0.004200357,-0.004289457,-0.36487517
34212000,-0.0016929281,0.010836116,-0.22846557,0.0042660916,-0.0041711354,-0.3723941
34220000,-0.0015387181,0.010810218,-0.23171459,0.004326235,-0.004025175,-0.38010103
34228000,-0.0013865924,0.010785646,-0.2350264,0.004375699,-0.0039047482,-0.3878171
34236000,-0.0012188342,0.010796891,-0.23842989,0.004413682,-0.0037491932,-0.39548922
34244000,-0.0010537726,0.010809141,-0.24188723,0.0044392645,-0.003560742,-0.4029944
34252000,-0.0008910201,0.010822622,-0.24539836,0.0045194896,-0.0033362387,-0.41066003
34260000,-0.00073046517,0.01083766,-0.24896456,0.004558459,-0.0031070402,-0.41835973
34268000,-0.0005724528,0.010853705,-0.252586,0.0045713093,-0.002979652,-0.42606637
34276000,-0.00039807736,0.010904367,-0.25630617,0.004681036,-0.0027190966,-0.43365437
34284000,-0.00022605795,0.010955914,-0.26007944,0.0047371676,-0.002501482,-0.44111735
34292000,-5.6486097e-05,0.011008281,-0.26390553,0.004794379,-0.0022880633,-0.44865918
34300000,0.00011069519,0.011061431,-0.26778585,0.0048463973,-0.0020859614,-0.45631325
34308000,0.00029170423,0.011146948,-0.27176702,0.004841463,-0.0018034308,-0.46391544
34316000,0.00046967232,0.011233188,-0.27580142,0.004862185,-0.0015443299,-0.47148907
34324000,0.0006449718,0.0113200005,-0.27988863,0.0049190503,-0.0013038396,-0.47896662
34332000,0.00081765896,0.011407477,-0.28403014,0.0049500354,-0.0010371493,-0.48645237
34340000,0.0010006865,0.0115176365,-0.2882663,0.0049424144,-0.00072613236,-0.49410444
34348000,0.001180465,0.01162829,-0.292556,0.004949633,-0.00041832542,-0.5017845
34356000,0.0013574004,0.011739586,-0.29689884,0.0049872356,-0.00015197234,-0.50933635
34364000,0.0015315212,0.011851495,-0.3012941,0.004998026,0.00014225602,-0.5167103
34372000,0.0017320426,0.011993409,-0.30578446,0.004983153,0.00041710772,-0.5241649
34380000,0.0019290788,0.012135482,-0.3103271,0.004997652,0.00073960534,-0.53179705
34388000,0.0021229112,0.01227813,-0.31492293,0.005030766,0.0010737446,-0.53941655
34396000,0.00231375,0.012421364,-0.31957155,0.0050821407,0.0014076298,-0.54694855
34404000,0.002517273,0.012581771,-0.3243088,0.0050885715,0.0016976625,-0.55425656
34412000,0.0027173813,0.01274235,-0.32909626,0.005102073,0.0020345056,-0.56164557
34420000,0.002913843,0.01290304,-0.33393568,0.0050854953,0.0023445298,-0.56923103
34428000,0.0031066898,0.013063997,-0.33884382,0.0050416747,0.0026400352,-0.5767408
34436000,0.0033018372,0.013233173,-0.34384477,0.0050786845,0.0030027693,-0.58419776
34444000,0.003493774,0.013403161,-0.34889573,0.0050702114,0.0033969618,-0.5914822
34452000,0.0036822625,0.013574023,-0.3539964,0.0050432547,0.003764417,-0.59882575
34460000,0.003867374,0.01374558,-0.3591481,0.0050097737,0.0041130655,-0.60633904
34468000,0.0040552034,0.0139293345,-0.36439866,0.0049676746,0.004471579,-0.61384714
34476000,0.0042396914,0.01411344,-0.36971724,0.0049785604,0.004794061,-0.6211833
34484000,0.004420886,0.014298041,-0.3750847,0.0049014185,0.0051489007,-0.62842655
34492000,0.004598413,0.014482666,-0.38050085,0.004859923,0.005430115,-0.63572764
34500000,0.004777758,0.014682068,-0.38600975,0.0047807083,0.0056898575,-0.64319205
34508000,0.004953434,0.014881006,-0.3915683,0.0046877153,0.0059504905,-0.6506047
34516000,0.005125607,0.015079732,-0.3971762,0.0046299607,0.0062260516,-0.65791714
34524000,0.0052943877,0.015278046,-0.40283257,0.004541665,0.0064781155,-0.66504794
34532000,0.0054597934,0.015476425,-0.40853703,0.0044937343,0.006817823,-0.67226017
34540000,0.0056185275,0.015695836,-0.41432756,0.0044365274,0.0071029984,-0.67960167
34548000,0.005773785,0.01591494,-0.4201671,0.004291624,0.007434735,-0.68691367
34556000,0.0059253452,0.01613351,-0.42605573,0.0041795145,0.007717011,-0.69418764
34564000,0.006073563,0.01635191,-0.43199247,0.0040573413,0.008040956,-0.7012091
34572000,0.0062103174,0.016591068,-0.43801802,0.00392674,0.008285957,-0.7083254
34580000,0.006344057,0.016829213,-0.44412166,0.0038747313,0.008549063,-0.7156232
34588000,0.0064752223,0.017066294,-0.45027322,0.003787717,0.008764709,-0.7228678
34596000,0.0066033374,0.017302439,-0.4564727,0.0036624891,0.009050585,-0.7300891
34604000,0.0067249457,0.017565014,-0.46275777,0.0035395545,0.009308744,-0.7371123
34612000,0.006843698,0.017826298,-0.4690886,0.0034273132,0.009564199,-0.74422485
34620000,0.0069592586,0.01808613,-0.47546667,0.003217481,0.009798647,-0.7514378
34628000,0.0070713144,0.018344564,-0.48189253,0.0030437591,0.010106048,-0.7586526
34636000,0.0071711494,0.01861126,-0.48840743,0.0028622274,0.010334168,-0.7657917
34644000,0.0072678574,0.018876035,-0.49496824,0.0026876503,0.010502709,-0.7727476
34652000,0.007361705,0.019139258,-0.5015744,0.0025427823,0.010752803,-0.77975786
34660000,0.0074528186,0.019401144,-0.5082274,0.002395303,0.010957277,-0.7869073
34668000,0.0075163683,0.019658491,-0.5149717,0.0021599012,0.01111064,-0.79408586
34676000,0.007577167,0.019913932,-0.5217629,0.0019636275,0.011270929,-0.8011585
34684000,0.007635171,0.02016757,-0.5285999,0.0017089405,0.011385063,-0.8081198
34692000,0.0076901484,0.020419229,-0.5354822,0.001485071,0.011523388,-0.8150368
34700000,0.007704392,0.02066612,-0.54244167,0.001212456,0.011679214,-0.82215255
34708000,0.0077160946,0.02091123,-0.54944766,0.00094153674,0.011764422,-0.8292295
34716000,0.0077255256,0.0211545,-0.5564996,0.00067396037,0.0119212745,-0.8361617
34724000,0.007732492,0.021396173,-0.56359637,0.00040611194,0.012020473,-0.84289926
34732000,0.007694499,0.021630889,-0.57077485,0.000127779,0.012090513,-0.8497321
34740000,0.0076548127,0.02186345,-0.5779984,-0.00017472003,0.012118698,-0.8566778
34748000,0.00761312,0.022093903,-0.58526695,-0.00053502206,0.012175454,-0.86347336
34756000,0.0075691016,0.022322243,-0.5925789,-0.0008962169,0.012186098,-0.8699708
34764000,0.0074986336,0.022566628,-0.5999719,-0.001244102,0.01218523,-0.87616515
34772000,0.0074263457,0.022808077,-0.6074029,-0.0016523742,0.012236336,-0.8820382
34780000,0.0073520076,0.023046719,-0.6148698,-0.0019933907,0.012142301,-0.88765377
34788000,0.007275855,0.023282101,-0.6223706,-0.002335488,0.012110067,-0.8929584
34796000,0.0071975584,0.023514396,-0.6299028,-0.002744815,0.012017638,-0.8978968
34804000,0.0070905425,0.023765258,-0.63750887,-0.0031383627,0.011914109,-0.90243834
34812000,0.0069817984,0.024012288,-0.6451396,-0.0035255358,0.01182982,-0.9066388
34820000,0.006871233,0.024255868,-0.65279335,-0.0039314893,0.011770487,-0.9106932
34828000,0.0067583905,0.024495678,-0.6604821,-0.0043921405,0.011642231,-0.9144809
34836000,0.0066297282,0.024744224,-0.6682421,-0.0048192027,0.011524999,-0.91791743
34844000,0.0064991256,0.0249887,-0.67601717,-0.0052371793,0.011414206,-0.92098707
34852000,0.006366423,0.025229119,-0.6838047,-0.005709227,0.011235988,-0.92371595
34860000,0.0062312987,0.025464779,-0.69160277,-0.006160034,0.0109778,-0.9262129
34868000,0.0060876263,0.025701866,-0.6994448,-0.0066027143,0.010694563,-0.9283234
34876000,0.005941844,0.025933715,-0.7073038,-0.0070538367,0.0103904195,-0.92998916
34884000,0.005794155,0.026159879,-0.7151636,-0.0074294,0.010018795,-0.93122625
34892000,0.005644571,0.026380202,-0.72302157,-0.007892004,0.009633268,-0.9322432
34900000,0.005489294,0.026599415,-0.7308974,-0.008342019,0.009204476,-0.9331873
34908000,0.0053323414,0.02681199,-0.73876965,-0.008819764,0.008753328,-0.93397534
34916000,0.005172913,0.027017802,-0.746637,-0.00928396,0.008172476,-0.9345619
34924000,0.005011454,0.02721627,-0.7544985,-0.009694408,0.0075863297,-0.9350423
34932000,0.0048421887,0.027412461,-0.7623698,-0.010097441,0.00694546,-0.9355767
34940000,0.0046708914,0.027600696,-0.77023613,-0.010578942,0.006263283,-0.936234
34948000,0.0044974806,0.027780788,-0.7780986,-0.011010117,0.0055407407,-0.9371043
34956000,0.0043218723,0.027952215,-0.7859587,-0.011461879,0.00474331,-0.9380161
34964000,0.0041530537,0.028109167,-0.79382724,-0.011869798,0.003915369,-0.93899184
34972000,0.003982438,0.028257145,-0.8016946,-0.012203626,0.0030724634,-0.9401229
34980000,0.003811459,0.02839601,-0.8095678,-0.012497065,0.0022207792,-0.94157946
34988000,0.0036392212,0.028525745,-0.8174439,-0.012822986,0.0013372551,-0.9430668
34996000,0.0034751669,0.028651603,-0.8253275,-0.013116641,0.0003637043,-0.94444394
35004000,0.0033101386,0.028767502,-0.8332133,-0.013338108,-0.0005682489,-0.94581705
35012000,0.0031442277,0.028873896,-0.841102,-0.013579803,-0.0014860079,-0.9473498
35020000,0.00297761,0.02897047,-0.8489953,-0.013777643,-0.002474548,-0.94902134
35028000,0.0028071003,0.029057806,-0.85690296,-0.013932049,-0.0035106398,-0.95068717
35036000,0.0026364645,0.029134981,-0.8648158,-0.014082478,-0.0044919103,-0.9523661
35044000,0.0024659894,0.029202152,-0.8727334,-0.0141666485,-0.0055076126,-0.9538476
35052000,0.0022973462,0.029259222,-0.88065493,-0.014220388,-0.006568751,-0.9554031
35060000,0.0021297112,0.029305788,-0.88858265,-0.014186443,-0.007618752,-0.95723563
35068000,0.0019584924,0.029343234,-0.89651495,-0.014149756,-0.008623362,-0.959094
35076000,0.0017889512,0.029370617,-0.90447634,-0.014056045,-0.009648885,-0.9608947
35084000,0.0016213766,0.02938782,-0.9124442,-0.013963514,-0.0106886905,-0.9626075
35092000,0.0014558595,0.029394718,-0.9204183,-0.013810078,-0.011757736,-0.9643941
35100000,0.001278875,0.02937958,-0.9284045,-0.013583858,-0.012790247,-0.9663619
35112000,0.0011053886,0.02935455,-0.9363993,-0.013303908,-0.0138268685,-0.96836543
35116000,0.0009374625,0.02932055,-0.9444029,-0.012969114,-0.014798601,-0.9702956
35124000,0.00077362196,0.029277116,-0.95241433,-0.012616177,-0.015814688,-0.9720675
35132000,0.0005968363,0.029203555,-0.9604468,-0.012217145,-0.01684016,-0.9739811
35140000,0.0004248904,0.029121097,-0.9684889,-0.011820817,-0.017759833,-0.9761744
35148000,0.0002578232,0.029030481,-0.9765418,-0.011416312,-0.018647637,-0.9783188
35156000,9.622057e-05,0.028931966,-0.9846048,-0.010856511,-0.019441415,-0.980363
35164000,-7.393226e-05,0.028810598,-0.9927015,-0.010353385,-0.020224972,-0.982245
35172000,-0.00023811588,0.028682575,-1.0008062,-0.009820739,-0.020938242,-0.9841724
35180000,-0.0003960327,0.028548164,-1.0089422,-0.009270082,-0.02161928,-0.9863014
35188000,-0.00054565456,0.028409133,-1.017088,-0.008570683,-0.022201154,-0.9883907
35196000,-0.0006973929,0.028253729,-1.0252647,-0.007886354,-0.022753144,-0.9904369
35204000,-0.00084160815,0.028093725,-1.0334499,-0.007190085,-0.02322593,-0.9923348
35212000,-0.0009782809,0.027929464,-1.0416429,-0.0064639417,-0.023667518,-0.99425113
35220000,-0.001107048,0.027761625,-1.0498452,-0.0056870505,-0.02400677,-0.9963965
35228000,-0.0012345708,0.02758975,-1.0580719,-0.004904321,-0.024246518,-0.9985471
35236000,-0.0013539769,0.02741536,-1.0663086,-0.004161457,-0.024486309,-1.000675
35244000,-0.0014653895,0.027239017,-1.0745548,-0.0033411267,-0.024592547,-1.0025934
35252000,-0.0015679988,0.027061675,-1.0828098,-0.002431807,-0.02460944,-1.004613
35260000,-0.0016757159,0.026877217,-1.0910906,-0.0014919791,-0.024574034,-1.0067828
35268000,-0.0017739913,0.026693035,-1.0993819,-0.0006020881,-0.024445018,-1.0089388
35276000,-0.001863185,0.02650995,-1.1077095,0.00028280594,-0.024183163,-1.0110055
35284000,-0.0019429986,0.02632884,-1.1160463,0.0012307782,-0.023853531,-1.0130043
35292000,-0.002039458,0.026148766,-1.1244042,0.002143395,-0.023416903,-1.0150625
35300000,-0.0021258935,0.025971605,-1.1327722,0.00310665,-0.023005085,-1.0172732
35308000,-0.0022022692,0.025797939,-1.141151,0.0040280703,-0.022441622,-1.0194514
35316000,-0.0022689565,0.025628658,-1.1495402,0.0049481727,-0.021829791,-1.0215476
35324000,-0.0023258459,0.02546411,-1.1579391,0.0058999923,-0.021138642,-1.0234932
35332000,-0.0024066255,0.025310194,-1.1663584,0.0068216934,-0.020304296,-1.0254947
35340000,-0.0024769702,0.025162585,-1.174788,0.0077671544,-0.0194472,-1.0276769
35348000,-0.0025367837,0.025021577,-1.183229,0.008718311,-0.01852355,-1.0298747
35356000,-0.0025861233,0.024887865,-1.191681,0.009677185,-0.017514002,-1.0319637
35364000,-0.0026454297,0.024764506,-1.2001544,0.010622068,-0.016430736,-1.0338517
35372000,-0.002694214,0.024649477,-1.2086368,0.011506565,-0.015301009,-1.0357931
35380000,-0.002733026,0.024543464,-1.2171308,0.012333481,-0.01405886,-1.0379467
35388000,-0.002762278,0.024447111,-1.2256359,0.013157088,-0.012759065,-1.0400363
35396000,-0.002779374,0.024366405,-1.2341585,0.013979889,-0.011393773,-1.0421046
35404000,-0.0027870927,0.024295945,-1.242691,0.014789364,-0.0100386655,-1.0439546
35412000,-0.0027859276,0.02423627,-1.2512326,0.015493046,-0.008562719,-1.0458195
35420000,-0.0027765194,0.024187928,-1.2597845,0.016188134,-0.0070729987,-1.0478383
35428000,-0.0027482784,0.024154399,-1.2683561,0.016908571,-0.005546408,-1.0498456
35436000,-0.0027121226,0.024132712,-1.2769383,0.017556442,-0.0039843465,-1.0518323
35444000,-0.0026685914,0.02412303,-1.2855306,0.018168211,-0.0024059915,-1.0536593
35452000,-0.002618022,0.024125347,-1.2941322,0.018743746,-0.00083187985,-1.0555302
35464000,-0.002562769,0.024166308,-1.3027508,0.019246275,0.00074085774,-1.0576105
35468000,-0.0025033944,0.024218885,-1.311381,0.019741774,0.0023189264,-1.0596668
35476000,-0.0024379808,0.02428287,-1.3200476,0.020207087,0.003831791,-1.0615873
35484000,-0.0023667996,0.024358004,-1.3287239,0.020620551,0.005384533,-1.0635086
35492000,-0.0023067496,0.024479033,-1.337409,0.020961462,0.0069340803,-1.0654631
35500000,-0.0022417526,0.024610616,-1.346104,0.021234259,0.008455603,-1.0672626
35508000,-0.0021724743,0.02475247,-1.3548083,0.021417286,0.009897097,-1.0691277
35516000,-0.0020990428,0.024903862,-1.363523,0.02168558,0.011257218,-1.0710404
35524000,-0.00203765,0.025093233,-1.3722535,0.021860696,0.012681309,-1.072849
35532000,-0.0019724076,0.025291387,-1.3810114,0.022005051,0.013977694,-1.0747639
35540000,-0.0019062983,0.025497252,-1.3897799,0.022114702,0.015240436,-1.076794
35548000,-0.0018368252,0.025711255,-1.3985595,0.022179147,0.016498815,-1.0787958
35556000,-0.0017836322,0.02596274,-1.4073448,0.022190701,0.017689245,-1.080694
35564000,-0.0017270275,0.026220955,-1.4161395,0.022240909,0.01878743,-1.0823375
35572000,-0.0016675318,0.0264853,-1.4249427,0.0221988,0.01981851,-1.0841029
35580000,-0.0016057373,0.026755463,-1.4337568,0.022082943,0.020816699,-1.0861213
35588000,-0.0015421537,0.027031273,-1.4425822,0.021973912,0.02179285,-1.0880045
35596000,-0.0015071043,0.027339581,-1.4514073,0.021840747,0.022726456,-1.0898585
35604000,-0.0014696672,0.027652523,-1.4602425,0.021705538,0.02358647,-1.0915192
35612000,-0.0014327877,0.027968097,-1.4690874,0.02154769,0.024343777,-1.0932652
35620000,-0.0013940996,0.028287178,-1.4779428,0.021336066,0.025079302,-1.0951004
35628000,-0.001377403,0.028635068,-1.4868103,0.02111198,0.025865147,-1.0969507
35636000,-0.0013588361,0.028985918,-1.4956889,0.020891182,0.026533967,-1.0987625
35644000,-0.0013385585,0.02933929,-1.504578,0.020642906,0.027173039,-1.1004202
35652000,-0.0013169207,0.029694865,-1.5134767,0.02039261,0.02775877,-1.1021545
35660000,-0.0013257677,0.030066548,-1.5223843,0.02006349,0.028342227,-1.1040151
35668000,-0.0013331611,0.030439688,-1.5313036,0.01977712,0.028825482,-1.1058922
35676000,-0.001341042,0.030812679,-1.5402341,0.01939845,0.029270647,-1.1076163
35684000,-0.0013479942,0.03118619,-1.549175,0.019057699,0.029645288,-1.109248
35692000,-0.0013897206,0.031562094,-1.5581299,0.018652027,0.030054417,-1.1109799
35700000,-0.0014301955,0.03193851,-1.5670964,0.018242981,0.030401865,-1.112838
35708000,-0.0014696157,0.03231491,-1.5760746,0.017814899,0.030669512,-1.1147116
35716000,-0.0015082746,0.03269087,-1.5850648,0.017404627,0.030871494,-1.1164802
35724000,-0.0015748113,0.033061422,-1.5940614,0.016966173,0.031066833,-1.1180938
35732000,-0.0016403166,0.033431303,-1.6030782,0.016515525,0.031231904,-1.1199641
35740000,-0.0017046756,0.03380003,-1.6121076,0.016102381,0.031300686,-1.1219158
35748000,-0.0017686188,0.034166407,-1.6211495,0.015727494,0.0313982,-1.1237807
35756000,-0.0018474027,0.03452854,-1.6301992,0.015271802,0.03143655,-1.1256154
35764000,-0.0019253809,0.034889054,-1.63926,0.014809432,0.031466976,-1.1272278
35772000,-0.0020024166,0.035247862,-1.6483314,0.01436513,0.031471502,-1.1289066
35780000,-0.0020787392,0.035604652,-1.6574364,0.013925292,0.031419065,-1.1307043
35788000,-0.0021667003,0.035947025,-1.6665512,0.013427721,0.031375337,-1.1324619
35796000,-0.002254241,0.036287576,-1.6756771,0.012924603,0.031330235,-1.134154
35804000,-0.002341293,0.036626246,-1.684813,0.012492652,0.031246165,-1.1356598
35812000,-0.0024278997,0.03696259,-1.6939583,0.011984859,0.031130943,-1.1372601
35820000,-0.0025482401,0.037256572,-1.7031045,0.0115044825,0.030960245,-1.1390047
35828000,-0.0026675938,0.0375484,-1.7122654,0.011056345,0.030721668,-1.1407552
35836000,-0.00278587,0.03783771,-1.7214373,0.010604504,0.030474257,-1.1423608
35844000,-0.0029033732,0.038124457,-1.7306192,0.01013934,0.030227408,-1.1438024
35852000,-0.003020141,0.03840873,-1.7398106,0.00969634,0.029976815,-1.1453716
35860000,-0.0031618974,0.038645685,-1.7489985,0.009237233,0.029660331,-1.1470953
35868000,-0.0033028356,0.03888025,-1.7581983,0.008718553,0.029266587,-1.1487383
35876000,-0.0034432057,0.039112,-1.7674093,0.008230102,0.028881524,-1.1503689
35884000,-0.003582772,0.039341096,-1.7766311,0.007760341,0.028497083,-1.151826
35892000,-0.0037506272,0.03952376,-1.7858566,0.0072743506,0.02806808,-1.1533141
35900000,-0.0039173276,0.039704457,-1.7950935,0.006780803,0.027666636,-1.154994
35908000,-0.0040831543,0.03988288,-1.8043423,0.006297097,0.027226575,-1.1566268
35916000,-0.0042479984,0.040058754,-1.8136024,0.0058608917,0.02673926,-1.1581975
35924000,-0.0044279657,0.04018613,-1.8228627,0.0054226643,0.02615741,-1.1595985
35932000,-0.004606756,0.04031109,-1.8321329,0.0049378336,0.025624111,-1.1610013
35940000,-0.0047848234,0.040433846,-1.8414143,0.004421035,0.025117695,-1.1626265
35948000,-0.0049621984,0.040554363,-1.850708,0.003959471,0.024601579,-1.1642895
35956000,-0.0051697474,0.040630847,-1.8600079,0.0035218443,0.024031816,-1.1658869
35964000,-0.005375657,0.04070526,-1.869319,0.003091994,0.02344493,-1.1672938
35972000,-0.0055801766,0.04077773,-1.8786407,0.002616579,0.02288007,-1.1687399
35980000,-0.005783443,0.04084789,-1.8879827,0.0021921557,0.022264253,-1.1703137
35988000,-0.0060157855,0.04087338,-1.8973303,0.0017316302,0.021629533,-1.171895
35996000,-0.0062466054,0.040897086,-1.9066892,0.0012261962,0.021024238,-1.1733818
36004000,-0.0064761713,0.040919222,-1.9160588,0.0007898824,0.020450888,-1.1747099
36012000,-0.006704069,0.040939678,-1.9254384,0.00036649435,0.019839175,-1.1761004
36020000,-0.00695912,0.040926863,-1.9348233,-8.300424e-05,0.01915358,-1.177631
36028000,-0.007211254,0.04091224,-1.9442234,-0.0005238735,0.018477038,-1.1792501
36036000,-0.007461632,0.040895663,-1.9536357,-0.00095013,0.017808344,-1.1807922
36044000,-0.007710318,0.040876973,-1.963059,-0.0013870364,0.017146774,-1.1821393
36052000,-0.007981445,0.040827453,-1.9724872,-0.0018267307,0.016478496,-1.1835748
36060000,-0.008250718,0.04077606,-1.9819274,-0.002257199,0.015754547,-1.1851835
36068000,-0.008517841,0.04072274,-1.9913797,-0.0026214817,0.015086499,-1.1867179
36076000,-0.0087827835,0.04066752,-2.000844,-0.0029979302,0.0143813975,-1.1881907
36084000,-0.009063725,0.040584054,-2.0103061,-0.0033402184,0.013593691,-1.1895183
36092000,-0.009342548,0.04049856,-2.0197792,-0.0037880116,0.012890798,-1.1909419
36100000,-0.009618162,0.040411465,-2.0292642,-0.0041342964,0.012199535,-1.192448
36108000,-0.009891391,0.040322844,-2.0387616,-0.004473232,0.011553648,-1.1940124
36116000,-0.010162602,0.040232327,-2.048271,-0.0048706983,0.010832866,-1.195419
36124000,-0.010449051,0.0401148,-2.057784,-0.005198981,0.010114994,-1.1966534
36132000,-0.010733081,0.03999587,-2.0673077,-0.0055604884,0.009458346,-1.1980438
36140000,-0.011014654,0.03987559,-2.0768435,-0.0058339317,0.008830882,-1.1995726
36148000,-0.011293442,0.039754085,-2.0863914,-0.0061185425,0.008183662,-1.2010901
36156000,-0.011585659,0.03962268,-2.0959475,-0.0064149904,0.0075249393,-1.2025063
36164000,-0.011875291,0.03948995,-2.1055143,-0.0067382976,0.0069088675,-1.20376
36172000,-0.012161296,0.039356176,-2.1150918,-0.00705453,0.006246724,-1.2051134
36180000,-0.012444793,0.03922092,-2.124681,-0.0073364624,0.0056137796,-1.2066141
36188000,-0.012751684,0.039075177,-2.1342762,-0.007625629,0.0050014537,-1.2080415
36196000,-0.013055483,0.038928088,-2.143883,-0.007885432,0.004343052,-1.2093856
36204000,-0.013356103,0.03877969,-2.1535003,-0.008121211,0.0037706874,-1.2105821
36212000,-0.013653523,0.03863026,-2.163128,-0.008359645,0.0031814356,-1.2118928
36220000,-0.013966081,0.038484585,-2.1727571,-0.008614149,0.002616658,-1.2133338
36228000,-0.014275535,0.03833779,-2.1824,-0.008886054,0.002067512,-1.2147534
36236000,-0.014580695,0.038190603,-2.1920547,-0.009119215,0.0015751832,-1.2161425
36244000,-0.014882643,0.038042378,-2.2017205,-0.00932755,0.0010005117,-1.2173624
36252000,-0.015182655,0.03789852,-2.211385,-0.009460059,0.00045047852,-1.2186201
36260000,-0.015479166,0.03775374,-2.2210612,-0.009661875,-3.7715596e-05,-1.2200722
36268000,-0.0157724,0.03760789,-2.2307498,-0.00983521,-0.00053232297,-1.2214512
36276000,-0.016062124,0.037461177,-2.24045,-0.009954237,-0.0009910916,-1.2227721
36284000,-0.016345693,0.037302874,-2.2501566,-0.010105444,-0.0014953777,-1.2239035
36292000,-0.016625984,0.03714378,-2.2598736,-0.0102196,-0.0019572529,-1.2251564
36300000,-0.016902924,0.03698407,-2.269602,-0.010352598,-0.002423188,-1.2265408
36308000,-0.017175527,0.03682422,-2.2793427,-0.010436843,-0.002864368,-1.2278953
36316000,-0.017452033,0.036668275,-2.289091,-0.010571271,-0.0033564356,-1.2292353
36324000,-0.017725289,0.03651136,-2.2988505,-0.010681007,-0.0038140947,-1.2303696
36332000,-0.017995672,0.036353685,-2.3086197,-0.010858675,-0.004256906,-1.2315538
36340000,-0.01826297,0.036195174,-2.3184006,-0.010907584,-0.0047026034,-1.2329106
36348000,-0.018544255,0.036043376,-2.3281994,-0.010945368,-0.0050976127,-1.2341856
36356000,-0.018821634,0.035891205,-2.3380082,-0.0109831,-0.005447405,-1.235255
36364000,-0.019095143,0.035738394,-2.3478248,-0.01101871,-0.0058620605,-1.2359059
36372000,-0.019364893,0.035584856,-2.3576465,-0.011049049,-0.0062416773,-1.2364126
36380000,-0.019630084,0.035431292,-2.3674722,-0.011076263,-0.0066144327,-1.2366717
36388000,-0.019901535,0.035286143,-2.3772922,-0.011161697,-0.006991883,-1.2366173
36396000,-0.020169357,0.03514029,-2.3871107,-0.011160134,-0.0073343706,-1.2361249
36404000,-0.020433271,0.03499407,-2.396925,-0.0111894915,-0.007621804,-1.2352772
36412000,-0.020693827,0.034847453,-2.4067316,-0.011268375,-0.007933217,-1.2340735
36420000,-0.020969125,0.034705106,-2.4165192,-0.011286466,-0.008153794,-1.2326425
36428000,-0.021240234,0.034562845,-2.4262972,-0.011268053,-0.008422713,-1.2308512
36436000,-0.02150731,0.034420017,-2.4360604,-0.011280677,-0.008731713,-1.2287332
36444000,-0.021770399,0.034276903,-2.445806,-0.011242757,-0.0089639155,-1.2261999
36452000,-0.022044329,0.034130696,-2.455515,-0.011222895,-0.009185741,-1.2236246
36460000,-0.022314027,0.03398436,-2.4652047,-0.0112004755,-0.009462016,-1.2211096
36468000,-0.022579549,0.033837747,-2.4748757,-0.011193201,-0.00971069,-1.218496
36476000,-0.022841392,0.03369128,-2.4845262,-0.011226162,-0.0098870555,-1.215723
36484000,-0.023108078,0.033537697,-2.4941287,-0.011203061,-0.010077972,-1.2127249
36492000,-0.023370624,0.033384316,-2.503709,-0.011148577,-0.01030548,-1.209796
36500000,-0.02362853,0.033231426,-2.5132692,-0.011031395,-0.010439461,-1.2071646
36508000,-0.023881868,0.03307918,-2.52281,-0.010926032,-0.010600375,-1.2045109
36516000,-0.024129346,0.032933958,-2.532303,-0.010826381,-0.010754357,-1.201705
36524000,-0.0243726,0.03278915,-2.5417752,-0.010772386,-0.010924177,-1.1987281
36532000,-0.024612192,0.032644402,-2.5512266,-0.010749869,-0.011128697,-1.1959221
36540000,-0.024848007,0.032499924,-2.5606585,-0.010680024,-0.011258812,-1.19329
36548000,-0.025087748,0.032352198,-2.570047,-0.010607987,-0.011396975,-1.1906712
36556000,-0.025323441,0.03220483,-2.5794168,-0.010550766,-0.011576378,-1.1879375
36564000,-0.025555348,0.032057967,-2.588767,-0.010475041,-0.011687426,-1.1850488
36572000,-0.025783397,0.031911615,-2.598097,-0.010408972,-0.0118325595,-1.1823355
36580000,-0.026012402,0.031762417,-2.607384,-0.010333412,-0.011973031,-1.1798637
36588000,-0.026237274,0.03161407,-2.6166546,-0.010215711,-0.012115656,-1.1774132
36596000,-0.02645811,0.031466205,-2.625908,-0.010108908,-0.012248355,-1.174788
36604000,-0.026674902,0.0313189,-2.6351423,-0.009983332,-0.01235538,-1.1719774
36612000,-0.026882732,0.031181874,-2.6443417,-0.009863675,-0.0123990225,-1.1692885
36620000,-0.027086737,0.031045506,-2.653524,-0.009725732,-0.012520559,-1.1668531
36628000,-0.027287023,0.030909382,-2.6626897,-0.009605946,-0.012632544,-1.1644256
36636000,-0.02748345,0.030773783,-2.6718388,-0.009442051,-0.012707897,-1.1618721
36644000,-0.027675914,0.030638902,-2.6809702,-0.009273814,-0.012733299,-1.1592731
36652000,-0.027851487,0.03051633,-2.6900656,-0.009119847,-0.012731912,-1.1568246
36660000,-0.0280235,0.030394953,-2.6991456,-0.008950652,-0.012765858,-1.1545199
36668000,-0.028192358,0.030274227,-2.70821,-0.008866323,-0.012799213,-1.1521678
36676000,-0.028358206,0.030153926,-2.717286,-0.008718112,-0.012879419,-1.1496599
36684000,-0.028497828,0.03004819,-2.72633,-0.008530161,-0.012901784,-1.1470517
36692000,-0.028634265,0.029943056,-2.7353563,-0.008316146,-0.012890033,-1.144625
36700000,-0.028767623,0.029838452,-2.744367,-0.0081187785,-0.01288539,-1.1425037
36708000,-0.028897822,0.02973482,-2.753363,-0.00788574,-0.012811437,-1.1403295
36716000,-0.028999764,0.029654756,-2.7623322,-0.007626318,-0.012760554,-1.1379929
36724000,-0.029098902,0.029574879,-2.7712846,-0.007389695,-0.012777843,-1.1354498
36732000,-0.029195828,0.029495327,-2.7802198,-0.007228917,-0.012806749,-1.1331352
36740000,-0.029290417,0.029415544,-2.7891397,-0.007021068,-0.012842427,-1.1310047
36748000,-0.029358838,0.029350838,-2.7980335,-0.0067184623,-0.012851438,-1.1288757
36756000,-0.029424578,0.029286254,-2.8069122,-0.006438665,-0.012774716,-1.1266016
36764000,-0.029487967,0.029222045,-2.8157747,-0.0061949664,-0.012685756,-1.1241767
36772000,-0.029549094,0.029158093,-2.8246205,-0.005950259,-0.01265499,-1.121814
36780000,-0.029592909,0.029110419,-2.83343,-0.0057009016,-0.012501744,-1.1197063
36788000,-0.029634768,0.029063093,-2.8422256,-0.0054616206,-0.012427716,-1.1175017
36796000,-0.029675148,0.02901624,-2.8510056,-0.0052546295,-0.012356164,-1.1151651
36804000,-0.029713346,0.02896961,-2.8597693,-0.0049212133,-0.012265091,-1.1127251
36812000,-0.02973527,0.028935203,-2.8684871,-0.00463525,-0.012143081,-1.1103994
36820000,-0.029755194,0.028901149,-2.8771904,-0.004365499,-0.012023813,-1.1081859
36828000,-0.029773293,0.028867288,-2.8858864,-0.0040990473,-0.011916876,-1.1059897
36836000,-0.029789433,0.028833628,-2.8945677,-0.003827056,-0.011823675,-1.1036975
36844000,-0.02978354,0.028811023,-2.9032066,-0.0035165618,-0.011737586,-1.1012771
36852000,-0.029775769,0.028788496,-2.91183,-0.0031989848,-0.011606375,-1.0989833
36864000,-0.029766144,0.028766438,-2.9204395,-0.0029243038,-0.011470717,-1.096942
36872000,-0.029755248,0.028744763,-2.9290357,-0.0026555837,-0.011369172,-1.0947505
36880000,-0.029725444,0.028727813,-2.9376218,-0.0023228861,-0.011226065,-1.0924661
36888000,-0.029693788,0.028711239,-2.9461927,-0.001956279,-0.011080393,-1.0901544
36896000,-0.029660095,0.028694978,-2.9547484,-0.00162861,-0.010973118,-1.0878758
36904000,-0.029624669,0.028678773,-2.9632883,-0.0013001444,-0.010845937,-1.0855818
36912000,-0.029587496,0.02866295,-2.9718142,-0.0010102526,-0.010696376,-1.0836053
36924000,-0.029535495,0.028665323,-2.9802995,-0.00072495866,-0.010529215,-1.0816873
36928000,-0.02948231,0.028667973,-2.9887726,-0.00042139957,-0.010364,-1.0797244
36936000,-0.029427316,0.028670967,-2.9972441,-5.9021353e-05,-0.010168161,-1.0777413
36944000,-0.02937095,0.028674798,-3.0057023,0.0002468231,-0.010009514,-1.0756335
36952000,-0.029307375,0.02868841,-3.0141199,0.00054551073,-0.009906267,-1.0735111
36960000,-0.029242273,0.028701821,-3.0225239,0.00086128747,-0.00976996,-1.071326
36968000,-0.02917565,0.028714906,-3.0309136,0.0011626496,-0.009673141,-1.0691608
36976000,-0.029107472,0.028727802,-3.0392902,0.0014752251,-0.009552115,-1.0671695
36984000,-0.02904059,0.028747294,-3.0476425,0.0018082755,-0.009447331,-1.0650958
36992000,-0.028972074,0.028766554,-3.0559814,0.0020757688,-0.009287682,-1.0630034
37000000,-0.028901946,0.028785806,-3.0643072,0.0023830468,-0.00915926,-1.060989
37008000,-0.028830206,0.028805004,-3.0726202,0.0026611462,-0.009002125,-1.0589207
37016000,-0.028774241,0.028845297,-3.0808868,0.002990055,-0.0088771535,-1.0566969
37024000,-0.02871564,0.028882774,-3.0891416,0.0032507924,-0.008743238,-1.0542849
37032000,-0.028654858,0.02891807,-3.097383,0.0035457355,-0.008622407,-1.051986
37040000,-0.028591458,0.02895139,-3.1056123,0.0038921423,-0.00850857,-1.0499141
37048000,-0.028550677,0.028979503,-3.1137998,0.004117195,-0.008378744,-1.0477986
37056000,-0.028507408,0.02900629,-3.1219752,0.004355452,-0.008295123,-1.0455631
37064000,-0.028461935,0.029031936,-3.1301374,0.0045579094,-0.008198302,-1.0432229
37072000,-0.028414374,0.029056808,-3.1382854,0.004757958,-0.008062321,-1.0409174
37080000,-0.028366378,0.029064132,-3.1463957,0.0050172643,-0.007994158,-1.0387969
37088000,-0.028315954,0.0290711,-3.154494,0.0052651516,-0.00788082,-1.0367101
37096000,-0.02826321,0.0290776,-3.1625798,0.005537246,-0.007850566,-1.0344343
37104000,-0.028207805,0.029083878,-3.1706512,0.0058393194,-0.007716456,-1.0320382
37112000,-0.028150156,0.02906905,-3.178679,0.0060665985,-0.007601627,-1.0297368
37120000,-0.028090747,0.029054696,-3.1866944,0.0062216963,-0.0075029037,-1.0276755
37128000,-0.02802979,0.029040573,-3.1947098,0.0064367983,-0.0074404404,-1.0255644
37136000,-0.027966978,0.029026514,-3.2027116,0.0066210856,-0.007386442,-1.0232403
37144000,-0.027909588,0.0289984,-3.2106748,0.0068451553,-0.0073377816,-1.0207502
37152000,-0.02785054,0.028970849,-3.218623,0.0070596393,-0.007298258,-1.0183916
37160000,-0.027789483,0.02894335,-3.2265577,0.0072849947,-0.007288065,-1.0162883
37168000,-0.027726486,0.028915506,-3.2344797,0.0074883173,-0.007329347,-1.0140928
37176000,-0.027661996,0.02887526,-3.2423797,0.007769902,-0.0073533785,-1.0118104
37184000,-0.027595285,0.028835004,-3.2502651,0.007978306,-0.0073319767,-1.009405
37192000,-0.027526788,0.028795175,-3.2581356,0.008154945,-0.007261225,-1.0070797
37200000,-0.027456542,0.028755687,-3.2659924,0.008361697,-0.0072129914,-1.0049688
37208000,-0.027394643,0.028706323,-3.2738202,0.008541226,-0.0072113117,-1.0028046
37216000,-0.027331032,0.028657507,-3.2816346,0.00875586,-0.00717412,-1.0005591
37224000,-0.0272654,0.028608946,-3.2894342,0.00891954,-0.0071622483,-0.9981235
37232000,-0.027197905,0.028560467,-3.2972198,0.009110342,-0.0071619456,-0.99574184
37240000,-0.02714349,0.028495146,-3.3049903,0.009271113,-0.007202455,-0.9934927
37248000,-0.027086943,0.028430192,-3.312747,0.009445351,-0.0071766065,-0.9912941
37256000,-0.027028516,0.028365552,-3.320489,0.009531291,-0.0071785613,-0.9889543
37264000,-0.0269687,0.028301323,-3.3282154,0.009628644,-0.007144767,-0.98642915
37272000,-0.026915831,0.028219828,-3.3359332,0.009777103,-0.007202603,-0.9840752
37280000,-0.026860796,0.02813853,-3.3436365,0.0099266665,-0.0072188457,-0.9819669
37288000,-0.026804084,0.028057909,-3.3513262,0.010039444,-0.0072548566,-0.9797951
37296000,-0.026745385,0.027977573,-3.3590007,0.010196658,-0.0072667967,-0.9774677
37304000,-0.0266847,0.027897641,-3.3666594,0.010328087,-0.007306366,-0.9749955
37312000,-0.026636075,0.027803423,-3.3743017,0.010469326,-0.007373364,-0.97268426
37320000,-0.02658511,0.027709527,-3.3819292,0.010606663,-0.007431924,-0.9705318
37332000,-0.026531873,0.02761567,-3.3895423,0.010767878,-0.007544609,-0.96838456
37336000,-0.026476348,0.027521506,-3.3971405,0.010893445,-0.007658319,-0.96610856
37344000,-0.026424777,0.027433835,-3.4047203,0.011021549,-0.0076749125,-0.96362734
37352000,-0.026371205,0.027346425,-3.4122832,0.011115001,-0.0077373045,-0.9613238
37360000,-0.02631594,0.027259327,-3.4198318,0.011201482,-0.0077757426,-0.9592907
37368000,-0.026258849,0.02717262,-3.4273663,0.011300856,-0.007759602,-0.95716447
37376000,-0.026185438,0.027099434,-3.434887,0.011408771,-0.007788567,-0.9549799
37384000,-0.02611051,0.027026176,-3.4423916,0.011495,-0.007814658,-0.95248866
37392000,-0.026034279,0.026952947,-3.4498787,0.011546688,-0.007818946,-0.95003736
37400000,-0.025956862,0.026879802,-3.4573495,0.0116305705,-0.007841458,-0.94777423
37408000,-0.025857495,0.026812166,-3.464797,0.011715158,-0.007884121,-0.9454819
37416000,-0.02575739,0.026744332,-3.472228,0.011768514,-0.007910122,-0.9430738
37424000,-0.025656354,0.026676074,-3.4796417,0.011887137,-0.007968841,-0.9405024
37432000,-0.025554147,0.026607623,-3.487041,0.01204774,-0.008070847,-0.93803453
37440000,-0.025427502,0.026542407,-3.494416,0.012193161,-0.008169578,-0.9357168
37448000,-0.02530001,0.026476838,-3.5017748,0.012329813,-0.008139604,-0.93337774
37456000,-0.025171705,0.026411673,-3.509117,0.012471254,-0.008077898,-0.9309639
37464000,-0.025042748,0.026346928,-3.5164413,0.012556878,-0.008030347,-0.92836344
37472000,-0.024891483,0.026282413,-3.5237322,0.012646111,-0.007971792,-0.92589617
37480000,-0.024740273,0.026218353,-3.5310066,0.012739661,-0.007920955,-0.9236346
37488000,-0.024589077,0.026154516,-3.5382655,0.012794663,-0.007909377,-0.9213222
37496000,-0.02443828,0.026091123,-3.5455074,0.012864997,-0.007891905,-0.91885084
37504000,-0.024273358,0.026028376,-3.5527172,0.013008445,-0.007904943,-0.91629523
37512000,-0.024108183,0.025965473,-3.5599093,0.013138385,-0.007916239,-0.9138028
37520000,-0.023943152,0.02590285,-3.567085,0.013227318,-0.007894095,-0.9115533
37528000,-0.023778172,0.025840232,-3.574258,0.013332948,-0.007905998,-0.9093391
37536000,-0.023612808,0.025790919,-3.5813956,0.013363944,-0.007861474,-0.906991
37544000,-0.023447843,0.025741514,-3.5885162,0.013445554,-0.007880013,-0.9044378
37552000,-0.023282927,0.02569214,-3.595619,0.01355212,-0.007832593,-0.9019964
37560000,-0.02311801,0.025642777,-3.6027057,0.0136347795,-0.007821665,-0.8996891
37568000,-0.022953356,0.025593549,-3.609776,0.013709003,-0.0078022373,-0.8973224
37576000,-0.022783453,0.025555028,-3.6168084,0.013798911,-0.0077241533,-0.89483887
37584000,-0.022613922,0.02551685,-3.6238232,0.013828519,-0.007640578,-0.8922316
37592000,-0.02244493,0.025478901,-3.63082,0.01388915,-0.0075841667,-0.88968134
37600000,-0.022276029,0.025441125,-3.6378002,0.013982853,-0.007528706,-0.887358
37608000,-0.022100437,0.025414754,-3.6447365,0.014056334,-0.0075026113,-0.88496435
37616000,-0.021925308,0.025388205,-3.6516566,0.014091901,-0.007436688,-0.8824715
37624000,-0.02175068,0.025361644,-3.6585593,0.014168066,-0.007415636,-0.8797533
37632000,-0.02157611,0.025334803,-3.6654437,0.01429226,-0.007368366,-0.87718534
37640000,-0.0213856,0.025296532,-3.6722765,0.014329541,-0.0073510916,-0.87477577
37648000,-0.021195745,0.025258407,-3.6790936,0.0144557925,-0.007286991,-0.8722883
37656000,-0.02100613,0.02522088,-3.685894,0.014551975,-0.0071838377,-0.86967015
37664000,-0.020816725,0.025183827,-3.6926773,0.014678951,-0.007122377,-0.8669684
37672000,-0.02060337,0.025127064,-3.6994112,0.014741118,-0.007069008,-0.86432123
37680000,-0.020391177,0.025071302,-3.7061293,0.0148062445,-0.006985718,-0.8619109
37688000,-0.020179713,0.025016302,-3.712833,0.014942623,-0.006943374,-0.85955447
37696000,-0.019968942,0.02496197,-3.719521,0.015025707,-0.0069180992,-0.85703707
37704000,-0.019753173,0.024883939,-3.7261722,0.015070278,-0.006876759,-0.85439116
37712000,-0.019538507,0.024807254,-3.7328074,0.015158752,-0.0068575246,-0.8519973
37720000,-0.019324515,0.024731558,-3.7394288,0.015290796,-0.0068219616,-0.8498111
37728000,-0.019111423,0.024656858,-3.7460365,0.015325047,-0.006823887,-0.8475119
37736000,-0.018910106,0.024552388,-3.7526135,0.015391027,-0.006805345,-0.84501976
37744000,-0.018709514,0.024449546,-3.759174,0.015447991,-0.006826044,-0.84225094
37752000,-0.01850962,0.024347892,-3.765717,0.0155300135,-0.006842549,-0.83966917
37760000,-0.018310301,0.02424759,-3.772245,0.015572054,-0.0068337535,-0.8373675
37768000,-0.018126607,0.024126988,-3.7787433,0.015581094,-0.0068471706,-0.83497584
37776000,-0.017943531,0.024008175,-3.7852263,0.015628185,-0.006849295,-0.8324432
37784000,-0.017760972,0.023891138,-3.7916925,0.015652034,-0.006843331,-0.8297466
37792000,-0.017578939,0.023775892,-3.7981417,0.015702099,-0.006848819,-0.82714915
37800000,-0.017398015,0.023643032,-3.804555,0.015732983,-0.0068363803,-0.8247497
37808000,-0.017217511,0.023512699,-3.8109539,0.015772834,-0.0067665717,-0.8223586
37816000,-0.017037531,0.023384543,-3.8173373,0.015813584,-0.0067899586,-0.8198159
37824000,-0.016857905,0.023258118,-3.823704,0.015858477,-0.0068244655,-0.8171241
37832000,-0.016678791,0.023133462,-3.8300533,0.015874714,-0.0068234317,-0.814481
37840000,-0.01648574,0.022996498,-3.8363733,0.015899077,-0.0068559255,-0.81205714
37848000,-0.01629373,0.022861607,-3.842678,0.015890056,-0.0068619824,-0.8096171
37856000,-0.016102543,0.022728646,-3.8489673,0.01595269,-0.006890661,-0.8070879
37864000,-0.015912222,0.022597674,-3.8552396,0.015946247,-0.006865159,-0.8043636
37872000,-0.01572197,0.022461083,-3.861471,0.015907722,-0.0068709655,-0.80178374
37880000,-0.0155329,0.022326542,-3.86769,0.015931927,-0.0068809623,-0.79942304
37888000,-0.015344476,0.022193916,-3.8738945,0.015984135,-0.0069064433,-0.79701555
37896000,-0.015156897,0.022063207,-3.8800828,0.015981993,-0.0069085895,-0.79442644
37904000,-0.014959197,0.021917118,-3.886232,0.01595165,-0.006883799,-0.79174995
37912000,-0.0147628235,0.021773865,-3.892364,0.015944108,-0.006804541,-0.7891613
37920000,-0.014567784,0.021633333,-3.898481,0.015929816,-0.006793058,-0.78675705
37928000,-0.014373966,0.02149493,-3.9045844,0.015911981,-0.006805927,-0.78437537
37936000,-0.014163802,0.021339392,-3.9106517,0.015954938,-0.00684182,-0.7818805
37944000,-0.013954648,0.021186246,-3.9167023,0.01600179,-0.0068571432,-0.77916086
37952000,-0.0137469275,0.02103563,-3.9227362,0.015990647,-0.0068374625,-0.77655363
37960000,-0.013540675,0.020887634,-3.9287543,0.01598797,-0.0068143085,-0.7741101
37968000,-0.013328007,0.020724816,-3.934751,0.015969628,-0.0068217763,-0.7716814
37976000,-0.013117066,0.020564489,-3.9407506,0.015967999,-0.0068532503,-0.7690645
37984000,-0.012907776,0.020406839,-3.946733,0.015919447,-0.006817492,-0.7664135
37992000,-0.012700502,0.020252064,-3.9526978,0.015832936,-0.006807661,-0.7638023
38000000,-0.012479348,0.020069877,-3.9586492,0.015797425,-0.0068146805,-0.76139927
38008000,-0.012260107,0.019890623,-3.9645848,0.015780063,-0.006861488,-0.759011
38016000,-0.012042626,0.01971417,-3.9705043,0.01579106,-0.0068999743,-0.7564687
38024000,-0.011826933,0.019540634,-3.9764056,0.015759472,-0.00688516,-0.7537342
38032000,-0.011599652,0.019350644,-3.982294,0.01576526,-0.0068536643,-0.7511992
38040000,-0.011374408,0.01916418,-3.9881659,0.015747968,-0.0068654544,-0.7488387
38048000,-0.0111509925,0.018980747,-3.994022,0.015748302,-0.0068912427,-0.74646264
38056000,-0.010929336,0.018800179,-3.9998612,0.015733238,-0.00695378,-0.7438927
38064000,-0.010695936,0.018586835,-4.005685,0.015693145,-0.0070522563,-0.7412023
38072000,-0.010464904,0.018376753,-4.0114894,0.015657408,-0.0070966952,-0.73855513
38080000,-0.010236186,0.018170064,-4.0172763,0.015614946,-0.0071563143,-0.7361266
38088000,-0.010009829,0.017966721,-4.0230465,0.015545207,-0.007138678,-0.73366183
38096000,-0.009785768,0.017767156,-4.0287995,0.015520585,-0.007111978,-0.7311375
38104000,-0.009538811,0.017538,-4.0345197,0.015507905,-0.007141542,-0.72845286
38112000,-0.009294386,0.017312827,-4.0402217,0.015505514,-0.007153421,-0.7258885
38120000,-0.009052513,0.017091298,-4.0459065,0.015445866,-0.007222477,-0.7234739
38128000,-0.008813166,0.01687318,-4.0515833,0.015408686,-0.0072481427,-0.72098345
38136000,-0.0085647525,0.016627012,-4.057232,0.015317419,-0.0072725085,-0.718359
38144000,-0.008319325,0.016385077,-4.0628614,0.0152882105,-0.0072879,-0.7156083
38152000,-0.00807675,0.01614743,-4.068472,0.015191672,-0.007297703,-0.7129927
38164000,-0.007837371,0.015913876,-4.0740647,0.015079029,-0.0073141647,-0.71055305
38168000,-0.007605509,0.015642747,-4.079634,0.014962912,-0.007407001,-0.7080237
38176000,-0.0073764543,0.015376215,-4.085185,0.014893814,-0.0074244156,-0.7053538
38184000,-0.00715023,0.015114153,-4.090717,0.014802027,-0.007486076,-0.7026572
38192000,-0.006926787,0.014856652,-4.0962296,0.014726338,-0.007463138,-0.6999568
38200000,-0.0066941637,0.014574339,-4.1017127,0.014691493,-0.0074992683,-0.69720304
38208000,-0.0064642546,0.014296707,-4.1071763,0.014600047,-0.0075832703,-0.6945362
38216000,-0.0062374743,0.014023621,-4.112622,0.014495933,-0.0076054847,-0.69201916
38224000,-0.006013781,0.013755294,-4.11805,0.014386263,-0.007638555,-0.6895443
38232000,-0.005783966,0.013458696,-4.123446,0.014306321,-0.0077054314,-0.6871557
38240000,-0.005557021,0.013167083,-4.128826,0.01425291,-0.0077505633,-0.68481606
38248000,-0.005333,0.012880352,-4.13419,0.014152998,-0.0078030024,-0.68245226
38256000,-0.0051118573,0.012598239,-4.1395373,0.014113308,-0.0078673605,-0.6799706
38264000,-0.004889972,0.012294538,-4.144841,0.014019675,-0.007958018,-0.67745215
38272000,-0.0046709487,0.01199556,-4.150127,0.013941469,-0.008006831,-0.6746952
38280000,-0.0044546747,0.011701715,-4.155393,0.0138767855,-0.008024484,-0.6716422
38288000,-0.0042414484,0.011412938,-4.1606364,0.01374156,-0.008035316,-0.66828567
38296000,-0.00403409,0.011109929,-4.16583,0.013577101,-0.008067271,-0.6645698
38304000,-0.00382998,0.0108121,-4.1709967,0.0134632345,-0.008096753,-0.6605699
38312000,-0.0036287413,0.010519111,-4.1761336,0.013360647,-0.008166375,-0.65624887
38320000,-0.0034304657,0.01023104,-4.1812377,0.013216694,-0.008163695,-0.65150815
38328000,-0.0032372621,0.009912232,-4.1862893,0.013075285,-0.008183073,-0.64640296
38336000,-0.0030469897,0.00959846,-4.191303,0.0129417535,-0.008257461,-0.6408783
38344000,-0.002859619,0.009289836,-4.196274,0.012810157,-0.008322165,-0.63505566
38352000,-0.0026752145,0.008986005,-4.2012005,0.012640299,-0.008413052,-0.62882584
38360000,-0.0024942409,0.008686955,-4.206079,0.012431542,-0.008455147,-0.6222216
38368000,-0.002306938,0.008369329,-4.210873,0.012228693,-0.008506686,-0.61519355
38376000,-0.002123577,0.00805717,-4.215659,0.011955757,-0.008503793,-0.6077733
38384000,-0.0019439528,0.0077503263,-4.2203865,0.011741976,-0.008577897,-0.60004914
38392000,-0.0017680837,0.007448351,-4.2250543,0.011493495,-0.008619988,-0.5919825
38400000,-0.0015767736,0.007116805,-4.2296205,0.01122405,-0.008709066,-0.58351415
38408000,-0.0013894395,0.0067903036,-4.234121,0.010995236,-0.008777937,-0.57468647
38416000,-0.0012063816,0.006469313,-4.2385526,0.010694684,-0.00878684,-0.5655135
38424000,-0.0010277695,0.006153621,-4.2429137,0.010405975,-0.0088847885,-0.55616623
38432000,-0.00084797066,0.0058169044,-4.2471557,0.0101374015,-0.008993586,-0.54647803
38440000,-0.00067246426,0.0054853205,-4.2513227,0.009843836,-0.009109193,-0.5364386
38448000,-0.0005013689,0.005159007,-4.255412,0.009537971,-0.009169762,-0.5259782
38456000,-0.00033457126,0.0048377435,-4.259421,0.009269377,-0.009286829,-0.5152273
38464000,-0.0001673546,0.0044975863,-4.2632947,0.008895816,-0.009390866,-0.50429934
38472000,-5.2641894e-06,0.004162796,-4.2670846,0.008481029,-0.009479465,-0.4930305
38480000,0.00015190738,0.0038329721,-4.2707896,0.008148218,-0.009558546,-0.48142368
38488000,0.0003044565,0.003508481,-4.2744055,0.007771102,-0.0096118795,-0.46949658
38496000,0.00047104436,0.00315882,-4.277859,0.0073986845,-0.009708422,-0.45730454
38512000,0.0006322337,0.0028145886,-4.2812214,0.006986773,-0.009842231,-0.4449255
38524000,0.00078820426,0.002475653,-4.28449,0.0065939445,-0.009935396,-0.4323293
38532000,0.0009387808,0.0021420298,-4.287662,0.006199305,-0.010023341,-0.41929752
38540000,0.0010964633,0.0017807997,-4.29065,0.005814688,-0.010110266,-0.40603337
38548000,0.0012488047,0.001425529,-4.29354,0.0054228734,-0.010180843,-0.39271855
38556000,0.0013956857,0.0010761825,-4.2963305,0.0049830275,-0.0102629345,-0.3793923
38568000,0.0015373328,0.00073200586,-4.299023,0.0045537297,-0.010305312,-0.3663153
38572000,0.0016736368,0.0003935903,-4.3016195,0.0041488223,-0.010388285,-0.353534
38584000,0.0018084123,2.657946e-05,-4.3040385,0.003712844,-0.010423833,-0.34116402
38588000,0.0019375008,-0.0003342506,-4.30638,0.003234711,-0.0105099175,-0.3291976
38596000,0.002060618,-0.0006891524,-4.3086357,0.0027330613,-0.010576915,-0.31775844
38604000,0.0021779388,-0.0010381922,-4.310811,0.0022700161,-0.010645295,-0.30687544
38612000,0.0022850132,-0.0014072227,-4.312811,0.0017416079,-0.010766045,-0.29648316
38620000,0.0023858245,-0.0017706704,-4.3147397,0.0011583678,-0.010915661,-0.28653008
38628000,0.0024810364,-0.0021289792,-4.316601,0.0005985716,-0.010985967,-0.2771302
38640000,0.0025700459,-0.002481653,-4.318399,1.9888888e-05,-0.011111995,-0.26833022
38648000,0.0026501818,-0.0028506506,-4.3200326,-0.0005753393,-0.011232087,-0.25997078
38656000,0.0027242568,-0.0032138047,-4.3216133,-0.001110636,-0.0113382945,-0.2520961
38664000,0.0027925472,-0.0035714174,-4.323144,-0.0016428307,-0.011449742,-0.24462336
38672000,0.0028547375,-0.0039235344,-4.3246274,-0.0022751526,-0.011563721,-0.2375029
38680000,0.0029173594,-0.0043273563,-4.325907,-0.002903855,-0.011654254,-0.23083457
38688000,0.0029713763,-0.0047166245,-4.327163,-0.0035695434,-0.011746261,-0.22463244
38696000,0.0030168986,-0.0050937952,-4.3283963,-0.004260457,-0.011889387,-0.21894188
38704000,0.003055406,-0.005461196,-4.3296065,-0.004930637,-0.01198473,-0.2136126
38712000,0.0030717622,-0.0058490536,-4.3307047,-0.005624545,-0.012131711,-0.20868294
38720000,0.0030808852,-0.006227688,-4.331785,-0.0063125202,-0.012199102,-0.20409602
38728000,0.0030830062,-0.0065976838,-4.332849,-0.007016161,-0.012260276,-0.1999417
38736000,0.0030750628,-0.0069744843,-4.3338075,-0.0077148415,-0.0123410905,-0.1962246
38744000,0.0030606275,-0.0073437956,-4.3347564,-0.008356178,-0.012443629,-0.1929012
38752000,0.003039629,-0.00770615,-4.335697,-0.00908965,-0.012540039,-0.18993647
38760000,0.003011511,-0.008062129,-4.3366323,-0.009827178,-0.012647547,-0.18722446
38768000,0.0029776827,-0.008412603,-4.3375626,-0.010537604,-0.012677337,-0.1850044
38776000,0.0029229748,-0.008778507,-4.338408,-0.0113231465,-0.012783966,-0.183072
38784000,0.0028612374,-0.009138318,-4.339256,-0.012117101,-0.012877805,-0.18150531
38792000,0.002792747,-0.0094923135,-4.340108,-0.01286747,-0.012987788,-0.18018757
38800000,0.0027176156,-0.009840692,-4.3409653,-0.013622522,-0.013047088,-0.17908128
38808000,0.0026206346,-0.010200402,-4.341758,-0.014402607,-0.013060419,-0.1783992
38816000,0.0025175323,-0.010553733,-4.3425617,-0.015105327,-0.013078361,-0.17794384
38824000,0.0024085501,-0.0109011615,-4.3433785,-0.015812974,-0.013145407,-0.17773761
38832000,0.00229341,-0.01124274,-4.34421,-0.016587209,-0.013132562,-0.17780344
38840000,0.0021495246,-0.011607681,-4.344984,-0.017314475,-0.013172854,-0.17797539
38848000,0.002000082,-0.011966137,-4.345777,-0.018047798,-0.013155413,-0.1785109
38856000,0.0018450595,-0.012318284,-4.3465905,-0.018773146,-0.013170821,-0.1792274
38864000,0.0016844809,-0.012664287,-4.3474264,-0.019469684,-0.01315814,-0.18025161
38872000,0.0014935913,-0.013032456,-4.3482184,-0.02014551,-0.013126262,-0.18134977
38880000,0.0012980157,-0.013393838,-4.3490353,-0.020837717,-0.01308734,-0.18251479
38888000,0.0010977185,-0.0137483,-4.349879,-0.021489447,-0.013017689,-0.18400992
38896000,0.000892814,-0.014095945,-4.3507504,-0.022156192,-0.012922685,-0.1856801
38904000,0.00066382927,-0.014447172,-4.351602,-0.022739684,-0.012804615,-0.18756917
38912000,0.00043237186,-0.014792084,-4.352485,-0.023330389,-0.0126644345,-0.18953417
38920000,0.00019692873,-0.015129844,-4.3534,-0.023984589,-0.012550064,-0.19160321
38928000,-4.271898e-05,-0.015460937,-4.3543477,-0.02460051,-0.012459812,-0.19389012
38936000,-0.00030011733,-0.015790356,-4.3552904,-0.025194867,-0.0122942785,-0.19629158
38944000,-0.00056118023,-0.01611259,-4.3562737,-0.025802262,-0.012122468,-0.19889033
38952000,-0.000825696,-0.01642783,-4.3572927,-0.026326405,-0.011960099,-0.20156616
38960000,-0.0010933335,-0.016736215,-4.3583474,-0.0268447,-0.011785777,-0.2042106
38968000,-0.0013814437,-0.017036384,-4.3594193,-0.027313473,-0.01157788,-0.20702456
38976000,-0.0016720986,-0.0173298,-4.360529,-0.027822897,-0.011431577,-0.2099132
38984000,-0.0019644885,-0.017617792,-4.3616757,-0.028319761,-0.011255591,-0.21287008
38992000,-0.002259158,-0.017898895,-4.3628607,-0.028720083,-0.0109674465,-0.2158602
39000000,-0.0025734273,-0.018172221,-4.364074,-0.029143509,-0.010689478,-0.21881871
39008000,-0.002889473,-0.018438604,-4.3653255,-0.029552259,-0.010430415,-0.22185817
39016000,-0.00320728,-0.018698048,-4.3666143,-0.029945254,-0.010149346,-0.22494721
39024000,-0.0035267607,-0.018950442,-4.3679404,-0.030347353,-0.009800672,-0.22797023
39032000,-0.0038477986,-0.019195493,-4.369303,-0.030677352,-0.009467586,-0.23100027
39040000,-0.0041853553,-0.019433526,-4.3706994,-0.031028785,-0.009101323,-0.23396854
39048000,-0.0045233388,-0.019665018,-4.3721313,-0.03134532,-0.008702151,-0.23686309
39056000,-0.0048620636,-0.01988919,-4.373598,-0.031600785,-0.008336507,-0.23974787
39064000,-0.005201173,-0.020106304,-4.375099,-0.03182938,-0.007958083,-0.24259806
39072000,-0.0055486737,-0.02031176,-4.3766255,-0.03204593,-0.00756249,-0.2453193
39080000,-0.0058963518,-0.02051004,-4.3781843,-0.032268915,-0.007148987,-0.24790931
39088000,-0.0062442124,-0.02070117,-4.3797746,-0.032496646,-0.0067101843,-0.25039127
39096000,-0.006592227,-0.020884726,-4.3813944,-0.03266202,-0.006225805,-0.25273046
39104000,-0.0069359685,-0.021058304,-4.383047,-0.032784887,-0.0057773935,-0.25498402
39112000,-0.0072793877,-0.021224761,-4.384728,-0.03291004,-0.0053360984,-0.25715533
39120000,-0.007622339,-0.021385051,-4.3864355,-0.033037215,-0.0048635113,-0.2591439
39128000,-0.007965048,-0.021538153,-4.388168,-0.033163063,-0.004395598,-0.26098332
39136000,-0.008305118,-0.021676669,-4.389931,-0.033279214,-0.00393695,-0.2627256
39144000,-0.008644596,-0.021808267,-4.391717,-0.033307575,-0.0034014268,-0.26429263
39152000,-0.008983249,-0.021932252,-4.393524,-0.033328354,-0.002819335,-0.26574463
39160000,-0.009320824,-0.022048824,-4.395351,-0.03333297,-0.0022989125,-0.2669981
39168000,-0.009658736,-0.022162206,-4.3972125,-0.033281043,-0.0017806465,-0.26817903
39176000,-0.009995055,-0.022268413,-4.3990917,-0.033220645,-0.0012396964,-0.26925465
39184000,-0.010330188,-0.022367418,-4.4009867,-0.033234734,-0.0006876345,-0.27022973
39192000,-0.010664545,-0.022460124,-4.402897,-0.033191297,-0.00015911896,-0.27100968
39200000,-0.010993475,-0.022557871,-4.404834,-0.033127055,0.0003328853,-0.27169877
39208000,-0.011321104,-0.022648884,-4.406782,-0.033092886,0.0008007195,-0.27221298
39216000,-0.011647578,-0.022733456,-4.4087415,-0.033063047,0.0012458175,-0.27262565
39224000,-0.011972554,-0.022811415,-4.41071,-0.03295662,0.0017462462,-0.27292025
39232000,-0.012294053,-0.02289142,-4.4126863,-0.032970313,0.0021874295,-0.27313635
39240000,-0.012614458,-0.022964865,-4.4146843,-0.032875426,0.0026613898,-0.27326304
39248000,-0.012933283,-0.023031864,-4.4166884,-0.03281625,0.0031402102,-0.27330396
39256000,-0.013250894,-0.023092307,-4.418699,-0.032770745,0.0036074927,-0.27332634
39264000,-0.0135614,-0.023143375,-4.4207015,-0.03265655,0.0041018077,-0.27322564
39272000,-0.01387015,-0.023188256,-4.422709,-0.03253257,0.004552602,-0.273078
39280000,-0.014177444,-0.0232271,-4.4247203,-0.03243643,0.0049993754,-0.27267653
39288000,-0.014483412,-0.023259904,-4.4267535,-0.03237652,0.0054763667,-0.2723438
39296000,-0.014787777,-0.023286888,-4.4287887,-0.03222833,0.0058759195,-0.27195346
39304000,-0.015081021,-0.023293719,-4.430816,-0.03212842,0.006356982,-0.27143562
39312000,-0.0153728295,-0.023294868,-4.432844,-0.03199647,0.006825674,-0.27086306
39320000,-0.015663141,-0.023290457,-4.434872,-0.031861972,0.0072817933,-0.27025786
39328000,-0.015952794,-0.023281135,-4.4369006,-0.031708762,0.0077573983,-0.2696252
39336000,-0.016239855,-0.02324546,-4.4389043,-0.031589143,0.008192242,-0.26892292
39344000,-0.016525283,-0.023205204,-4.4409075,-0.03142509,0.008602179,-0.26816463
39352000,-0.0168091,-0.02316056,-4.4429097,-0.031301916,0.009005149,-0.26733825
39360000,-0.01709146,-0.023111012,-4.4449096,-0.031177437,0.009526421,-0.26645038
39368000,-0.017362764,-0.023043714,-4.4468727,-0.030955864,0.01004398,-0.2655106
39376000,-0.017631987,-0.02297193,-4.4488335,-0.030734606,0.010444509,-0.26462197
39384000,-0.01789913,-0.022895962,-4.4507923,-0.030503007,0.010903293,-0.26364526
39392000,-0.018164426,-0.022815302,-4.452749,-0.030338466,0.011391329,-0.262636
39400000,-0.01840889,-0.02271633,-4.4546714,-0.030163426,0.011840201,-0.2616369
39408000,-0.018652,-0.022613551,-4.4565916,-0.029991044,0.012220912,-0.26062217
39416000,-0.018894082,-0.022507198,-4.4585094,-0.029828032,0.012625348,-0.25957125
39424000,-0.019134622,-0.02239697,-4.460424,-0.029611072,0.013058055,-0.2584957
39432000,-0.019333605,-0.022276476,-4.4622974,-0.029392473,0.013508695,-0.25740275
39440000,-0.019531889,-0.022151869,-4.464173,-0.029187568,0.013963299,-0.2562759
39448000,-0.019729452,-0.022023577,-4.466045,-0.028967338,0.014348794,-0.25519753
39456000,-0.019926107,-0.021891847,-4.467914,-0.02872857,0.014734985,-0.25406188
39464000,-0.020089792,-0.021734593,-4.4697385,-0.028396416,0.0151800085,-0.2529022
39472000,-0.020253778,-0.021574458,-4.4715595,-0.028139193,0.015579061,-0.2517201
39480000,-0.020417364,-0.021411115,-4.473378,-0.027907357,0.01602085,-0.25056088
39488000,-0.020580359,-0.021244043,-4.4751935,-0.027609674,0.016497191,-0.24942009
39496000,-0.020705655,-0.021044381,-4.47697,-0.027344089,0.016919702,-0.2483364
39500000,-0.021260044,-0.020562248,-4.482682,-0.026627652,0.017941678,-0.24493913
39508000,-0.021381749,-0.020352384,-4.484436,-0.02633367,0.018349763,-0.24378744
39516000,-0.021503298,-0.020139951,-4.4861865,-0.026069911,0.01873668,-0.24261892
39524000,-0.021611743,-0.019894693,-4.4879055,-0.025803275,0.01913873,-0.2414618
39532000,-0.021720339,-0.019647552,-4.489622,-0.025517682,0.019516174,-0.24035436
39540000,-0.021829903,-0.019398637,-4.4913363,-0.025244884,0.019924184,-0.23917113
39548000,-0.021939166,-0.019147864,-4.4930468,-0.024920376,0.020285122,-0.2378637
39556000,-0.022048011,-0.018895037,-4.494753,-0.024634808,0.020702694,-0.23654501
39564000,-0.022143548,-0.018624675,-4.496441,-0.024363134,0.021092152,-0.23521586
39572000,-0.022239033,-0.018352494,-4.4981246,-0.024069045,0.021476075,-0.23396958
39580000,-0.022334296,-0.018078245,-4.4998045,-0.023791889,0.02193511,-0.23276442
39588000,-0.022429382,-0.017801693,-4.5014963,-0.023478214,0.022368334,-0.2316218
39596000,-0.022513667,-0.01751022,-4.503162,-0.023254715,0.022793224,-0.23044904
39604000,-0.022599475,-0.017217105,-4.504824,-0.023025801,0.023182873,-0.22933644
39612000,-0.022685265,-0.01692245,-4.5064836,-0.022722838,0.023528667,-0.22823128
39620000,-0.022770735,-0.016626375,-4.508139,-0.02243679,0.023871152,-0.22709118
39628000,-0.022838831,-0.01632978,-4.509763,-0.022119673,0.024213597,-0.22594687
39636000,-0.0229069,-0.016031623,-4.5113835,-0.021863373,0.024558038,-0.22480017
39644000,-0.02297513,-0.01573197,-4.513001,-0.021560661,0.024896294,-0.2236831
39652000,-0.022964822,-0.015457051,-4.5143833,-0.021234738,0.025233345,-0.22428735
39660000,-0.02296981,-0.015177286,-4.5158386,-0.020919587,0.025560115,-0.22469264
39668000,-0.0229854,-0.014893914,-4.517367,-0.020631144,0.025875757,-0.22498745
39676000,-0.022982195,-0.0146408705,-4.5188885,-0.020223357,0.026160434,-0.22511691
39684000,-0.022986226,-0.014383727,-4.520449,-0.019877298,0.02643188,-0.2251728
39692000,-0.022995936,-0.014123259,-4.522042,-0.019532211,0.02668624,-0.22514075
39700000,-0.023010321,-0.013860071,-4.523661,-0.019252345,0.026912484,-0.22497568
39708000,-0.02299997,-0.013615893,-4.5252485,-0.018936774,0.027135404,-0.22470255
39716000,-0.022993319,-0.013368492,-4.526856,-0.018592255,0.027401555,-0.22425969
39724000,-0.022989534,-0.01311829,-4.52849,-0.018272366,0.027584488,-0.22380312
39732000,-0.022989098,-0.012866141,-4.530139,-0.017950168,0.027753213,-0.22321583
39740000,-0.022967689,-0.012638078,-4.5317616,-0.017615741,0.027967935,-0.22261067
39748000,-0.022948444,-0.012407392,-4.5333962,-0.017332884,0.028078364,-0.22192815
39756000,-0.022931188,-0.01217467,-4.535042,-0.017053826,0.028215721,-0.2212187
39764000,-0.022915617,-0.011939796,-4.536697,-0.016772876,0.028358387,-0.22041322
39772000,-0.02290669,-0.011722802,-4.5383205,-0.016477428,0.028443182,-0.21953239
39780000,-0.022898592,-0.0115038175,-4.539952,-0.016138382,0.028564392,-0.21864976
39788000,-0.02289116,-0.011282563,-4.5415907,-0.015870063,0.028685171,-0.21771361
39796000,-0.022884525,-0.011059353,-4.5432353,-0.015593457,0.028790018,-0.21670613
39804000,-0.022879584,-0.010834484,-4.5448847,-0.0153625095,0.028885191,-0.21565
39812000,-0.022883825,-0.010624529,-4.5464907,-0.015081273,0.028961265,-0.21450563
39820000,-0.022888845,-0.010412798,-4.5481,-0.014920151,0.029042382,-0.21337712
39828000,-0.022894824,-0.010199292,-4.549712,-0.014705401,0.029126635,-0.2122459
39836000,-0.02290136,-0.009984003,-4.5513268,-0.014481687,0.029195642,-0.21109556
39844000,-0.022906553,-0.009772858,-4.552905,-0.014242615,0.029276825,-0.20991196
39852000,-0.022912052,-0.009560124,-4.5544853,-0.013998056,0.029321387,-0.20873857
39860000,-0.02291803,-0.009346008,-4.556066,-0.013798916,0.02936278,-0.20757501
39868000,-0.022925505,-0.009130433,-4.5576615,-0.01362722,0.02941382,-0.20634405
39876000,-0.022940148,-0.008938315,-4.559227,-0.013466299,0.02933923,-0.20512012
39884000,-0.022955071,-0.008745061,-4.560792,-0.013209333,0.0293573,-0.20389053
39892000,-0.022970172,-0.008550162,-4.5623555,-0.013024082,0.02937954,-0.20264097
39900000,-0.02298577,-0.008353859,-4.5639176,-0.012819106,0.029384762,-0.20150308
39908000,-0.02299262,-0.008172958,-4.565449,-0.012603121,0.02935603,-0.20029439
39916000,-0.022999939,-0.007990679,-4.566979,-0.012394394,0.0293392,-0.19902042
39924000,-0.02300775,-0.0078069684,-4.56851,-0.012216773,0.029305277,-0.19780546
39932000,-0.023016186,-0.007621955,-4.5700393,-0.012013548,0.029292008,-0.1966517
39940000,-0.023007493,-0.00744473,-4.5715327,-0.011791949,0.029232996,-0.1954198
39948000,-0.022999784,-0.0072664167,-4.573024,-0.011649567,0.02917482,-0.19419248
39956000,-0.022993146,-0.007087044,-4.574511,-0.011482541,0.029083917,-0.19291005
39964000,-0.022987615,-0.0069069345,-4.575995,-0.011347025,0.028989596,-0.19163658
39972000,-0.022975944,-0.0067173247,-4.5774775,-0.011220758,0.02894995,-0.19043164
39980000,-0.022965657,-0.006526816,-4.578956,-0.011090172,0.028878642,-0.18924181
39988000,-0.022956643,-0.0063358652,-4.5804305,-0.010958573,0.028764186,-0.18804999
39996000,-0.02294886,-0.006144358,-4.5819,-0.010824397,0.028699884,-0.18682858
40004000,-0.022939019,-0.005947792,-4.5833316,-0.010697828,0.02862905,-0.18562935
40012000,-0.022930674,-0.005750508,-4.5847588,-0.0105605945,0.02856612,-0.18439287
40020000,-0.022923635,-0.005552688,-4.586181,-0.01044116,0.028476093,-0.1832165
40028000,-0.022917643,-0.0053549334,-4.587599,-0.010268769,0.028317397,-0.18201144
40036000,-0.022888672,-0.0051537063,-4.5889735,-0.010096617,0.028213786,-0.18080482
40044000,-0.022861268,-0.004952318,-4.5903435,-0.009966068,0.028150925,-0.17960216
40052000,-0.022835258,-0.0047503226,-4.591709,-0.009800305,0.028084645,-0.17843287
40060000,-0.022810714,-0.004548089,-4.5930705,-0.009685658,0.028010333,-0.17729737
40068000,-0.022787936,-0.0043455865,-4.594427,-0.009607147,0.027930474,-0.17618033
40076000,-0.022755416,-0.004151757,-4.5957456,-0.009524901,0.0278373,-0.17501721
40084000,-0.022725115,-0.0039576082,-4.59706,-0.009444116,0.027700761,-0.17388421
40092000,-0.02269665,-0.0037635732,-4.59837,-0.00933826,0.027544785,-0.17279166
40100000,-0.02267002,-0.003569455,-4.599676,-0.009247262,0.027464127,-0.1717216
40108000,-0.022625692,-0.0033862367,-4.6009507,-0.009155784,0.027361227,-0.17063099
40116000,-0.02258323,-0.0032027839,-4.6022205,-0.009015882,0.027214821,-0.16952135
40124000,-0.02254256,-0.0030190642,-4.6034985,-0.0088955,0.027109124,-0.16845185
40132000,-0.02250382,-0.00283506,-4.6047716,-0.008808831,0.026974505,-0.16738717
40140000,-0.022449072,-0.002649749,-4.6060114,-0.008654968,0.026793756,-0.16632178
40148000,-0.0223965,-0.0024643117,-4.607247,-0.00858049,0.02665814,-0.16523047
40156000,-0.022346169,-0.0022787587,-4.608478,-0.008494768,0.026557244,-0.16423005
40164000,-0.022297854,-0.0020927296,-4.6097054,-0.00836724,0.026481574,-0.16325662
40172000,-0.022239175,-0.0019159147,-4.6109133,-0.008258403,0.026381735,-0.16228741
40180000,-0.02218226,-0.0017388504,-4.6121173,-0.008079634,0.026224997,-0.16132282
40188000,-0.022127021,-0.0015616564,-4.6133175,-0.0079570105,0.026105355,-0.16035618
40196000,-0.022073789,-0.001383982,-4.614514,-0.00785997,0.026017675,-0.15938985
40204000,-0.022004703,-0.0012271644,-4.6156735,-0.007721355,0.025873493,-0.15843336
40212000,-0.021937687,-0.0010699201,-4.6168303,-0.007616447,0.025725106,-0.15753579
40220000,-0.021872869,-0.00091198087,-4.617984,-0.007527738,0.025586028,-0.15662977
40228000,-0.021810178,-0.0007533955,-4.619134,-0.0074112373,0.02549636,-0.15570593
40236000,-0.021742107,-0.00061278435,-4.620232,-0.0073217764,0.0253827,-0.15474188
40244000,-0.021676496,-0.00047147315,-4.6213274,-0.007280397,0.025199983,-0.15386903
40252000,-0.02161345,-0.0003298012,-4.6224203,-0.0072201416,0.025020016,-0.15296888
40260000,-0.021552349,-0.00018751175,-4.6235113,-0.0070854155,0.024882298,-0.15211554
40268000,-0.021475516,-5.490327e-05,-4.624568,-0.007008636,0.024720322,-0.15119852
40276000,-0.021401016,7.8316625e-05,-4.6256227,-0.006906129,0.024544926,-0.15034355
40284000,-0.021328958,0.00021223519,-4.626676,-0.0068584583,0.024403011,-0.14953381
40292000,-0.02125938,0.00034673416,-4.627727,-0.006800821,0.024218565,-0.14871201
40300000,-0.021181796,0.00046918154,-4.6287436,-0.0067204176,0.024090067,-0.14790349
40308000,-0.021106731,0.0005925,-4.6297593,-0.006644366,0.023930708,-0.14706142
40316000,-0.021034112,0.00071652734,-4.630773,-0.006583653,0.02378145,-0.14627457
40324000,-0.02096387,0.0008412105,-4.6317854,-0.0064951214,0.023623867,-0.145473
40332000,-0.020895656,0.00096625765,-4.632797,-0.0063841953,0.023422172,-0.14471112
40340000,-0.020823946,0.0010727177,-4.6337676,-0.0063196993,0.023250096,-0.14396892
40348000,-0.020754842,0.0011799923,-4.6347384,-0.0062994156,0.02307785,-0.14322461
40356000,-0.020688437,0.0012879735,-4.635709,-0.006269362,0.022882508,-0.14246882
40364000,-0.020624354,0.0013962266,-4.6366777,-0.0062355334,0.022617161,-0.14176436
40372000,-0.020561362,0.0014998753,-4.6376286,-0.006199549,0.022434361,-0.14104919
40380000,-0.02050077,0.001604187,-4.6385794,-0.006152851,0.022259535,-0.14036287
40388000,-0.020442458,0.001708951,-4.639529,-0.006113593,0.022056635,-0.13962616
40396000,-0.020386677,0.0018139401,-4.640478,-0.0061113187,0.02183353,-0.13886057
40404000,-0.020326683,0.0019148453,-4.6413956,-0.0060482994,0.021636214,-0.13820502
40412000,-0.020268984,0.0020161977,-4.642314,-0.006019462,0.02145131,-0.13762148
40420000,-0.020213742,0.0021178604,-4.6432323,-0.0060090553,0.02123742,-0.13690712
40428000,-0.02016079,0.0022198213,-4.64415,-0.006010695,0.021019833,-0.13623363
40436000,-0.020116774,0.0023218999,-4.64504,-0.0059942547,0.020807048,-0.13557726
40444000,-0.020074721,0.0024239067,-4.6459303,-0.005916485,0.020546457,-0.1349531
40452000,-0.020034268,0.0025257193,-4.646821,-0.005865099,0.020332469,-0.13434198
40460000,-0.019995762,0.002627867,-4.647712,-0.0058480226,0.020188399,-0.13380486
40468000,-0.019970732,0.0027319596,-4.6485753,-0.0058831233,0.019998139,-0.1332193
40476000,-0.019947786,0.002835928,-4.6494393,-0.005885391,0.01975281,-0.13265933
40484000,-0.019926475,0.0029397141,-4.6503043,-0.0058535147,0.019565599,-0.1321145
40492000,-0.019906852,0.0030436083,-4.6511707,-0.0058725076,0.019353198,-0.13159692
40500000,-0.01989667,0.0031440724,-4.652002,-0.005950073,0.01915435,-0.13107185
40508000,-0.019888755,0.0032444287,-4.652835,-0.0060636555,0.018924747,-0.13050453
40516000,-0.019882891,0.0033446758,-4.6536694,-0.0060929405,0.01872752,-0.12991618
40524000,-0.019878794,0.0034449857,-4.6545043,-0.0061338865,0.01855229,-0.12935987
40532000,-0.019902082,0.0035612374,-4.6553044,-0.0061817756,0.018413693,-0.12883013
40540000,-0.019926462,0.003677579,-4.656107,-0.006203386,0.018277323,-0.12835988
40548000,-0.019951917,0.003793926,-4.6569114,-0.006256298,0.018124089,-0.12780032
40556000,-0.01997839,0.003909909,-4.657717,-0.0062572067,0.017922778,-0.12723413
40564000,-0.020037804,0.0040468173,-4.6584864,-0.0063546305,0.017799558,-0.12665528
40572000,-0.020097362,0.0041836207,-4.6592574,-0.0063658133,0.017698055,-0.12620467
40580000,-0.02015728,0.0043199095,-4.660032,-0.0064628897,0.017520566,-0.12578993
40588000,-0.020217989,0.0044556726,-4.6608095,-0.0065245833,0.01740892,-0.12540855
40596000,-0.020278951,0.0045909714,-4.6615896,-0.0065356144,0.017271888,-0.12491737
40604000,-0.02035493,0.0047505116,-4.6623383,-0.0065980963,0.017181488,-0.124532826
40612000,-0.020431088,0.0049092085,-4.6630907,-0.006622956,0.017055329,-0.124078795
40620000,-0.020506967,0.005067087,-4.663846,-0.006642361,0.016957933,-0.12373507
40628000,-0.020582786,0.005224116,-4.664605,-0.0066574416,0.01683163,-0.12334843
40636000,-0.020689968,0.005402017,-4.6653385,-0.006761043,0.01674924,-0.12285381
40644000,-0.020796498,0.005579035,-4.6660748,-0.006827354,0.016673498,-0.1224279
40652000,-0.020902889,0.0057548755,-4.6668143,-0.006972543,0.016547272,-0.12205911
40660000,-0.021009471,0.0059295096,-4.6675577,-0.0070992922,0.01646999,-0.12172788
40668000,-0.021135347,0.006131669,-4.668289,-0.0072195088,0.016418826,-0.121333994
40676000,-0.02126065,0.006332455,-4.669024,-0.007278019,0.016352763,-0.120957084
40684000,-0.02138504,0.006531782,-4.669762,-0.007346606,0.01630033,-0.120581836
40692000,-0.021509083,0.0067299115,-4.6705036,-0.0074725295,0.016232919,-0.1202528
40700000,-0.021633917,0.0069582183,-4.6712117,-0.0075447997,0.0161401,-0.11993929
40708000,-0.021757869,0.0071846424,-4.6719246,-0.0076791137,0.01610806,-0.11962461
40716000,-0.021881728,0.007409479,-4.672641,-0.0077861305,0.016093938,-0.11922641
40724000,-0.022005148,0.007632561,-4.673365,-0.007901417,0.01603682,-0.11881365
40732000,-0.022123246,0.007890896,-4.6740456,-0.008005758,0.016049294,-0.118409455
40740000,-0.02224071,0.008147217,-4.6747303,-0.008050065,0.01606568,-0.11805544
40748000,-0.02235758,0.00840156,-4.675419,-0.008106686,0.016070014,-0.11768672
40756000,-0.022473983,0.008653843,-4.6761117,-0.008185966,0.01606537,-0.11735866
40764000,-0.022583656,0.008936981,-4.67677,-0.008248966,0.016051015,-0.117033795
40772000,-0.02269286,0.009217368,-4.6774516,-0.008287489,0.016041152,-0.11671823
40780000,-0.022801228,0.009495221,-4.6781373,-0.00835258,0.01602939,-0.11642046
40788000,-0.022909611,0.0097704055,-4.678827,-0.008502118,0.01598547,-0.116069496
40796000,-0.02298878,0.010081423,-4.6794877,-0.008587608,0.015998438,-0.1156536
40804000,-0.023068365,0.010389231,-4.680153,-0.008638411,0.015981011,-0.11535344
40812000,-0.023148006,0.010694057,-4.680823,-0.0086774975,0.016016573,-0.115064435
40820000,-0.023227664,0.010996119,-4.681507,-0.008680024,0.01604703,-0.11485211
40828000,-0.023278698,0.011322297,-4.6821694,-0.0086420365,0.01610308,-0.11455384
40836000,-0.023329997,0.011645384,-4.682836,-0.008653689,0.016135093,-0.11428847
40844000,-0.023381853,0.011965366,-4.683507,-0.008701901,0.016172126,-0.11398404
40852000,-0.02343399,0.0122824125,-4.684182,-0.008734548,0.01618149,-0.11371137
40860000,-0.023486704,0.012596161,-4.6848617,-0.008768643,0.016178247,-0.113503814
40868000,-0.023514846,0.012934043,-4.685516,-0.008774677,0.016193448,-0.113230295
40876000,-0.023543766,0.013268302,-4.686174,-0.008753584,0.016192507,-0.11294487
40884000,-0.023573233,0.013599181,-4.6868367,-0.008743257,0.016229147,-0.11264669
40892000,-0.02360332,0.013926868,-4.6875033,-0.0087298285,0.016265549,-0.11233926
40900000,-0.02362663,0.014278927,-4.6881485,-0.008725262,0.016311072,-0.11206954
40908000,-0.023650339,0.014627353,-4.688798,-0.00864464,0.01631911,-0.111825034
40916000,-0.023674117,0.014972116,-4.689452,-0.008556552,0.016367294,-0.111488655
40924000,-0.023697823,0.015313491,-4.690113,-0.008510791,0.016389562,-0.11112317
40932000,-0.023714596,0.015676761,-4.6907525,-0.008488075,0.016453033,-0.11088398
40940000,-0.023732405,0.016036175,-4.691396,-0.008505985,0.01646244,-0.11058051
40948000,-0.023750795,0.01639158,-4.6920443,-0.008430929,0.016463323,-0.110279836
40956000,-0.023769595,0.01674307,-4.692696,-0.008420462,0.016466497,-0.109974146
40964000,-0.023804732,0.01710606,-4.6933303,-0.008420638,0.016524967,-0.10970435
40972000,-0.023840306,0.017465085,-4.6939697,-0.008417242,0.016506003,-0.10951059
40980000,-0.023876335,0.017819807,-4.694613,-0.0083991485,0.016464101,-0.10920184
40988000,-0.023912212,0.018170558,-4.6952605,-0.008399783,0.016494552,-0.108900934
40996000,-0.023977954,0.018525856,-4.695883,-0.008406684,0.016520219,-0.108606055
41004000,-0.024043439,0.018877247,-4.69651,-0.008395964,0.016517166,-0.108337514
41012000,-0.024108658,0.01922444,-4.697141,-0.008374839,0.016453592,-0.10811174
41020000,-0.024173755,0.019567404,-4.6977935,-0.008376594,0.016440734,-0.10787482
41028000,-0.024264641,0.019916015,-4.698417,-0.0084255375,0.016406387,-0.10759925
41036000,-0.024355125,0.020260194,-4.6990457,-0.008426297,0.016313575,-0.107330404
41044000,-0.024445103,0.020599825,-4.699678,-0.008425169,0.016230777,-0.1070448
41052000,-0.024534458,0.020935114,-4.700314,-0.008425201,0.01617967,-0.106823735
41060000,-0.02465752,0.021269782,-4.700931,-0.008524162,0.016121643,-0.10663779
41068000,-0.024779866,0.021600038,-4.7015615,-0.008566275,0.016001003,-0.10638075
41076000,-0.024901439,0.021925908,-4.702195,-0.008599704,0.01596205,-0.10603463
41084000,-0.025022043,0.02224775,-4.7028327,-0.008624011,0.015868308,-0.10580292
41092000,-0.0251746,0.022562748,-4.7034554,-0.008732571,0.01575326,-0.10557195
41100000,-0.025326189,0.022873076,-4.704082,-0.008804864,0.015588783,-0.1053822
41108000,-0.02547634,0.02317917,-4.704713,-0.008792547,0.015495358,-0.105173424
41116000,-0.025625084,0.023481047,-4.7053475,-0.008858385,0.0153677445,-0.10483337
41124000,-0.025772916,0.02377851,-4.705985,-0.008933925,0.015186414,-0.10452348
41132000,-0.02594607,0.024080899,-4.706622,-0.009048518,0.01507156,-0.10432124
41140000,-0.026117893,0.024378758,-4.7072625,-0.009103534,0.014892719,-0.104084276
41148000,-0.026288316,0.024672167,-4.7079067,-0.009154476,0.014762433,-0.10382947
41156000,-0.026457416,0.024961086,-4.7085533,-0.009260231,0.014593768,-0.103559524
41164000,-0.026633222,0.02525232,-4.7091985,-0.009386635,0.014507533,-0.10326889
41172000,-0.026808122,0.025539476,-4.7098503,-0.009492543,0.014372114,-0.10307396
41180000,-0.026981922,0.025822205,-4.7105045,-0.009565631,0.014203151,-0.10282672
41188000,-0.027154418,0.026100216,-4.7111616,-0.009627536,0.01400541,-0.102548294
41196000,-0.027316691,0.026371585,-4.7118177,-0.009728141,0.013783612,-0.102271765
41204000,-0.027477786,0.026638508,-4.712476,-0.009806205,0.013561623,-0.10202513
41212000,-0.027638048,0.026900625,-4.7131367,-0.0098750675,0.013350936,-0.10180928
41220000,-0.027797442,0.027158216,-4.7138047,-0.009925175,0.013140412,-0.101573005
41228000,-0.02794222,0.02740353,-4.7144737,-0.010013495,0.012918885,-0.101362504
41236000,-0.028086692,0.02764449,-4.715144,-0.010071083,0.012718958,-0.10107757
41244000,-0.02823048,0.027881352,-4.715817,-0.010094173,0.012541433,-0.10087947
41252000,-0.028373359,0.02811387,-4.7164917,-0.010110498,0.012265085,-0.10067047
41260000,-0.028510591,0.028336033,-4.717166,-0.010167613,0.012034184,-0.10042959
41268000,-0.028646465,0.02855447,-4.7178574,-0.010158599,0.011779766,-0.10013804
41276000,-0.028781626,0.02876855,-4.7185493,-0.010173897,0.0115514835,-0.09978018
41284000,-0.028916085,0.028978497,-4.719241,-0.01019258,0.011292683,-0.09945079
41292000,-0.029043153,0.02917622,-4.7199197,-0.0102563985,0.01105112,-0.099247515
41300000,-0.029170023,0.029370127,-4.7206,-0.010282786,0.010833712,-0.09898005
41308000,-0.029296298,0.029559974,-4.7212815,-0.010288266,0.010519725,-0.09869324
41316000,-0.029422188,0.029745327,-4.7219634,-0.010327868,0.010219841,-0.098357834
41324000,-0.029547894,0.029925825,-4.7226124,-0.010327828,0.009959429,-0.09800259
41332000,-0.029673176,0.03010239,-4.7232623,-0.0103866905,0.009712283,-0.097686626
41340000,-0.029797263,0.03027533,-4.723914,-0.010348375,0.009402263,-0.09740733
41348000,-0.02992037,0.030444244,-4.7245674,-0.01031537,0.009181099,-0.09713233
41356000,-0.030040456,0.03060906,-4.7251945,-0.010343582,0.008938767,-0.09676193
41364000,-0.03016044,0.030770214,-4.7258224,-0.010431484,0.008700727,-0.09640047
41372000,-0.030280426,0.030927407,-4.7264524,-0.010472299,0.008406016,-0.09615084
41380000,-0.030400047,0.031080542,-4.7270846,-0.010493465,0.008112675,-0.095910475
41388000,-0.030518793,0.031229688,-4.727719,-0.010415064,0.00782451,-0.095606185
41396000,-0.03063773,0.031383395,-4.728324,-0.010319576,0.0074907336,-0.09524912
41404000,-0.030755412,0.03153259,-4.728931,-0.010265188,0.0071454346,-0.09487775
41412000,-0.030871453,0.03167804,-4.72954,-0.010246887,0.006908416,-0.0946379
41420000,-0.030986719,0.031819813,-4.730151,-0.010218692,0.006657217,-0.09434526
41428000,-0.031094382,0.031970907,-4.730735,-0.010113013,0.006381492,-0.09406535
41436000,-0.031200873,0.032117847,-4.7313204,-0.010031204,0.0061247423,-0.093701676
41444000,-0.031306326,0.032260604,-4.7319083,-0.009994869,0.005821348,-0.093372695
41452000,-0.031411134,0.032398973,-4.732498,-0.009964747,0.0055437423,-0.093078986
41460000,-0.031521652,0.03254389,-4.73305,-0.00987903,0.0052138097,-0.092797376
41468000,-0.031630836,0.032683812,-4.733605,-0.009793787,0.004868119,-0.09250756
41476000,-0.03173878,0.032819115,-4.734163,-0.009713385,0.0045672944,-0.09215257
41484000,-0.031844955,0.032950554,-4.7347226,-0.009689308,0.004280405,-0.091780245
41492000,-0.031961538,0.033095483,-4.735241,-0.00958783,0.0039866995,-0.091458656
41500000,-0.03207638,0.033235792,-4.7357626,-0.009462579,0.0037183654,-0.09119454
41508000,-0.032189514,0.033371687,-4.736288,-0.009376302,0.0034651696,-0.09086242
41516000,-0.032301374,0.033502854,-4.736816,-0.009319403,0.0031323615,-0.090436
41524000,-0.032416027,0.03363451,-4.7372932,-0.009243134,0.0027916422,-0.09005634
41532000,-0.03252939,0.033760846,-4.7377744,-0.009189096,0.002422538,-0.08976263
41540000,-0.032641377,0.033882383,-4.7382603,-0.00911812,0.002160235,-0.089545965
41548000,-0.032751337,0.034000076,-4.7387505,-0.009050384,0.0018928512,-0.08926023
41556000,-0.032862708,0.034121364,-4.739199,-0.009016607,0.0015954922,-0.08887181
41564000,-0.032972936,0.034237817,-4.7396517,-0.0089644445,0.0012923753,-0.08851055
41572000,-0.03308183,0.0343496,-4.740121,-0.008873286,0.00100296,-0.08824068
41580000,-0.03318906,0.034456547,-4.7405944,-0.008744878,0.0006473899,-0.08798949
41588000,-0.03329922,0.034548942,-4.74104,-0.00869987,0.0002915008,-0.08765046
41596000,-0.033408266,0.034636375,-4.74149,-0.008637988,-8.656826e-05,-0.087294
41604000,-0.03351575,0.03471912,-4.741944,-0.008535258,-0.00039889812,-0.08697155
41612000,-0.033622038,0.03479739,-4.7424026,-0.008518527,-0.00072321197,-0.0867782
41620000,-0.03372481,0.034861263,-4.742849,-0.0084441295,-0.0010272376,-0.08656644
41628000,-0.033826258,0.03492097,-4.7433004,-0.008357186,-0.0013332238,-0.08632972
41636000,-0.033926297,0.034976576,-4.7437563,-0.008253121,-0.0016739785,-0.08601886
41644000,-0.034024443,0.035027903,-4.744216,-0.008074816,-0.0019950483,-0.08576885
41652000,-0.034120843,0.03507503,-4.7446804,-0.00799482,-0.0023568606,-0.08560013
41660000,-0.034205724,0.03510803,-4.7451153,-0.007947396,-0.0027338495,-0.085382566
41668000,-0.034289513,0.035136808,-4.7455554,-0.007840811,-0.0030737927,-0.085150406
41676000,-0.03437202,0.035161912,-4.746,-0.0077524604,-0.0033718094,-0.08484518
41684000,-0.03445353,0.035183135,-4.746448,-0.007682679,-0.0037138169,-0.084582604
41692000,-0.03451717,0.03518236,-4.746857,-0.00762004,-0.004053449,-0.08436799
41700000,-0.034580126,0.03517809,-4.7472715,-0.0075205103,-0.004379542,-0.08413091
41708000,-0.034642044,0.035170455,-4.747691,-0.0073734303,-0.0047048265,-0.08384411
41716000,-0.034702566,0.035159454,-4.7481146,-0.0072138445,-0.005047294,-0.08351552
41724000,-0.03474121,0.035133738,-4.7485137,-0.007062149,-0.0054301317,-0.08329836
41732000,-0.03477921,0.035104346,-4.748919,-0.0069333334,-0.0058557405,-0.083178565
41740000,-0.034816295,0.035071217,-4.7493305,-0.006792987,-0.0062236893,-0.08302739
41748000,-0.03485265,0.035035014,-4.7497473,-0.006653825,-0.0065169954,-0.08283366
41756000,-0.03487459,0.03497984,-4.7501435,-0.0065563098,-0.0067692245,-0.08260426
41764000,-0.034895405,0.034923073,-4.750545,-0.006372572,-0.0070526176,-0.08233375
41772000,-0.034915358,0.034863763,-4.75098,-0.006224001,-0.0073744315,-0.082200184
41780000,-0.034934867,0.03480183,-4.75142,-0.006112861,-0.007664777,-0.08205838
41788000,-0.034942996,0.034715388,-4.7518344,-0.0060158544,-0.007956718,-0.081823535
41796000,-0.034950998,0.034626897,-4.752253,-0.005893446,-0.008275791,-0.08152878
41804000,-0.03495872,0.034535956,-4.752676,-0.0057422663,-0.008655063,-0.081319526
41812000,-0.03496589,0.034442253,-4.7531037,-0.005582731,-0.009032499,-0.08110305
41820000,-0.034965,0.03432114,-4.753504,-0.0054208557,-0.009410944,-0.08091638
41828000,-0.034963243,0.034198564,-4.7539096,-0.005274313,-0.009748293,-0.08077257
41836000,-0.034961108,0.03407421,-4.75432,-0.005138952,-0.010075345,-0.080538355
41844000,-0.03495871,0.033948038,-4.754735,-0.0049944017,-0.010393659,-0.08034445
41852000,-0.034960825,0.033790804,-4.7551317,-0.004865765,-0.010708031,-0.080134705
41860000,-0.03496244,0.033632398,-4.7555337,-0.00469418,-0.0110414345,-0.07997473
41868000,-0.034963414,0.0334726,-4.7559543,-0.0045779753,-0.011414836,-0.07981893
41876000,-0.034963924,0.033310853,-4.756379,-0.0044227852,-0.011835167,-0.07960437
41884000,-0.034966573,0.033125427,-4.756802,-0.004287604,-0.012203312,-0.07939924
41892000,-0.034968697,0.03293883,-4.7572293,-0.0041683754,-0.012556801,-0.079242446
41900000,-0.034969706,0.032751575,-4.7576613,-0.0040381234,-0.01293903,-0.07915739
41908000,-0.03497024,0.032563113,-4.758098,-0.003914243,-0.013261306,-0.07902043
41916000,-0.03497008,0.032373786,-4.758539,-0.0037636114,-0.013547669,-0.07879466
41924000,-0.034979697,0.03215918,-4.75899,-0.0036274001,-0.0138149075,-0.07861464
41932000,-0.034988683,0.031944383,-4.7594447,-0.003545919,-0.0141017735,-0.07845425
41940000,-0.03499683,0.031729214,-4.759903,-0.0033852444,-0.014421679,-0.07834147
41948000,-0.035004098,0.031513527,-4.760365,-0.0032731628,-0.014708021,-0.07814011
41956000,-0.035025697,0.031285517,-4.7608314,-0.0031583714,-0.015043291,-0.07798605
41964000,-0.035046052,0.031057168,-4.7613015,-0.00303228,-0.015339083,-0.077881284
41972000,-0.035064787,0.03082905,-4.7617745,-0.0028846834,-0.01564324,-0.07769718
41980000,-0.035082504,0.030600619,-4.762251,-0.0028160994,-0.015910778,-0.07758769
41988000,-0.035125807,0.030358126,-4.762725,-0.002733764,-0.016179584,-0.07749859
41996000,-0.03516786,0.030115651,-4.763202,-0.0026807156,-0.016472021,-0.077341266
42004000,-0.03520858,0.02987295,-4.763682,-0.0025662049,-0.016787665,-0.077120274
42012000,-0.035247695,0.029629955,-4.7641644,-0.0024391226,-0.01708071,-0.0770573
42020000,-0.035311937,0.029366866,-4.7646484,-0.0023927772,-0.017365621,-0.07696412
42028000,-0.035374425,0.029104238,-4.765135,-0.0023224966,-0.017614234,-0.07681172
42036000,-0.035435416,0.028842023,-4.765624,-0.0023024864,-0.017888427,-0.076604426
42044000,-0.035494626,0.028580293,-4.7661157,-0.0022614584,-0.018212827,-0.07643653
42052000,-0.03559708,0.028293725,-4.7665977,-0.0022465056,-0.018515542,-0.076260544
42060000,-0.03569727,0.028007757,-4.7670827,-0.0022085158,-0.01879919,-0.07608864
42068000,-0.03579521,0.027722387,-4.76757,-0.0021940612,-0.019057965,-0.07588013
42076000,-0.03589118,0.027437763,-4.7680597,-0.0021828983,-0.019278236,-0.075596236
42084000,-0.03601937,0.027126672,-4.768537,-0.0021971248,-0.01946899,-0.075362295
42092000,-0.036144894,0.026817154,-4.7690167,-0.002175861,-0.019689344,-0.075219825
42100000,-0.03626782,0.026508892,-4.7694993,-0.002185572,-0.019940697,-0.075059146
42108000,-0.036388043,0.026202053,-4.7699842,-0.002194884,-0.020225855,-0.07484416
42116000,-0.03653821,0.025857624,-4.7704544,-0.0022245452,-0.02047069,-0.0746396
42124000,-0.036685433,0.025514953,-4.7709265,-0.0022050834,-0.020745201,-0.07443585
42132000,-0.036829524,0.02517408,-4.7714014,-0.0021969448,-0.02094704,-0.07421071
42140000,-0.036970746,0.024835078,-4.7718782,-0.002197541,-0.021202344,-0.074037105
42148000,-0.037128467,0.024470158,-4.7723308,-0.0022200185,-0.021414531,-0.07381837
42156000,-0.03728314,0.024107937,-4.772785,-0.0022457307,-0.021569973,-0.07349117
42164000,-0.03743486,0.02374835,-4.7732415,-0.0022312806,-0.02174598,-0.07323422
42172000,-0.03758316,0.023391109,-4.7737207,-0.0021579177,-0.021981765,-0.07305236
42180000,-0.037727654,0.023035923,-4.7742014,-0.0021022018,-0.02225503,-0.07277117
42188000,-0.037895143,0.02265747,-4.7746563,-0.0020665203,-0.022517188,-0.07246664
42196000,-0.038059086,0.02228115,-4.7751126,-0.0020692144,-0.022740496,-0.07220171
42204000,-0.038219634,0.021907233,-4.775571,-0.002051925,-0.022955988,-0.07190912
42212000,-0.038376875,0.021535637,-4.776031,-0.0020632755,-0.023157975,-0.07174304
42220000,-0.03856018,0.021149438,-4.7764764,-0.0021113646,-0.023336625,-0.07148982
42228000,-0.038739823,0.02076597,-4.7769237,-0.00211454,-0.023516715,-0.071252145
42236000,-0.03891572,0.02038528,-4.777373,-0.0021162308,-0.02367295,-0.07101345
42244000,-0.03908818,0.020007225,-4.7778234,-0.0021240802,-0.02386724,-0.070732296
42252000,-0.03929274,0.019611882,-4.7782516,-0.0020913277,-0.024087489,-0.07046477
42264000,-0.039492883,0.01921932,-4.7786818,-0.0021098696,-0.02425651,-0.07018843
42268000,-0.039688975,0.018829424,-4.779114,-0.0021228166,-0.024461634,-0.06990593
42276000,-0.039881032,0.01844233,-4.779547,-0.0021366717,-0.024567511,-0.0696042
42284000,-0.04010193,0.01804215,-4.7799625,-0.0021677876,-0.02476032,-0.06936436
42292000,-0.040318243,0.01764469,-4.7803802,-0.0021871838,-0.024950905,-0.069114104
42300000,-0.04052995,0.017249761,-4.7808003,-0.0021687653,-0.025166588,-0.06888252
42308000,-0.040737055,0.01685751,-4.7812223,-0.0021707779,-0.02530263,-0.06866509
42316000,-0.040966913,0.016449306,-4.7816267,-0.0022208956,-0.025514537,-0.06848566
42324000,-0.041192003,0.016044099,-4.7820344,-0.0022428583,-0.025670499,-0.06833217
42332000,-0.04141212,0.015642209,-4.782445,-0.0022265692,-0.025762683,-0.06816763
42340000,-0.041627493,0.015243826,-4.782858,-0.002222105,-0.025838677,-0.06792903
42348000,-0.04186346,0.014828876,-4.7832584,-0.0022790763,-0.025925042,-0.067646176
42356000,-0.042094607,0.014417519,-4.7836614,-0.0023127093,-0.026030887,-0.06739357
42364000,-0.04232106,0.0140096815,-4.7840657,-0.0023478458,-0.02613267,-0.0670828
42372000,-0.04254286,0.013605412,-4.784495,-0.0023829287,-0.026213232,-0.0668233
42380000,-0.04277786,0.013186233,-4.7849097,-0.0024314444,-0.026261976,-0.066572696
42388000,-0.04300768,0.012771395,-4.785327,-0.0023922573,-0.026312552,-0.06632562
42396000,-0.043232437,0.0123606445,-4.785745,-0.0024292793,-0.02634177,-0.066058256
42404000,-0.04345268,0.011954135,-4.7861648,-0.0024546632,-0.02631652,-0.06575904
42412000,-0.043682057,0.011535525,-4.7865825,-0.002400082,-0.0262946,-0.06558437
42420000,-0.04390594,0.011121276,-4.787007,-0.0023442968,-0.02634182,-0.06534583
42428000,-0.044124465,0.010710948,-4.7874327,-0.0023076343,-0.026401805,-0.065093145
42436000,-0.044338048,0.010304631,-4.7878594,-0.0022995484,-0.026421225,-0.064835675
42444000,-0.044546746,0.009902534,-4.788287,-0.0022614184,-0.026394598,-0.064586
42452000,-0.04476955,0.009489265,-4.7887053,-0.0022482078,-0.026412824,-0.06436572
42460000,-0.044987395,0.009080029,-4.789125,-0.0022437235,-0.026475117,-0.06414174
42468000,-0.045200035,0.008674979,-4.789565,-0.0021751763,-0.026425876,-0.063859135
42476000,-0.045407504,0.008274323,-4.790005,-0.0021461411,-0.026412081,-0.063563235
42484000,-0.045640472,0.007869226,-4.7904267,-0.0021340156,-0.026342565,-0.06331741
42492000,-0.04586786,0.007468696,-4.7908497,-0.002073892,-0.026300553,-0.06307668
42500000,-0.046089478,0.007072537,-4.791273,-0.0019936182,-0.026260233,-0.0628215
42508000,-0.046305474,0.006680623,-4.791697,-0.0019230251,-0.026238369,-0.062548965
42516000,-0.04653019,0.006274951,-4.792102,-0.001873846,-0.02618514,-0.062263973
42524000,-0.046749458,0.005873699,-4.792507,-0.0018608914,-0.02617611,-0.062014844
42532000,-0.046963833,0.005476975,-4.792914,-0.0018310185,-0.026089335,-0.06183024
42540000,-0.047172867,0.005085255,-4.7933216,-0.0017635959,-0.025922215,-0.061585587
42548000,-0.04739004,0.0046732216,-4.79371,-0.001687577,-0.02587842,-0.061329562
42556000,-0.047601547,0.0042658625,-4.7941,-0.0016107439,-0.02584857,-0.061001934
42564000,-0.047807794,0.003863173,-4.79449,-0.0015923142,-0.025786687,-0.0607212
42572000,-0.04800892,0.0034651791,-4.794881,-0.0015440976,-0.025737641,-0.060425073
42580000,-0.048226018,0.0030660878,-4.7952623,-0.0014773426,-0.025646368,-0.060151085
42588000,-0.04843706,0.0026721545,-4.795645,-0.0013518424,-0.025491353,-0.059864666
42596000,-0.0486424,0.002283492,-4.796028,-0.001284726,-0.025370305,-0.059545152
42604000,-0.048842628,0.0018998359,-4.7964115,-0.0011740357,-0.025218476,-0.059331175
42612000,-0.049063265,0.0015042401,-4.796792,-0.0010985034,-0.025055835,-0.059083935
42620000,-0.04927816,0.0011139548,-4.7971797,-0.0010341218,-0.024935888,-0.058823347
42628000,-0.049487382,0.0007289993,-4.797568,-0.000974116,-0.024774056,-0.058576252
42636000,-0.049690958,0.00034927294,-4.797957,-0.00086994166,-0.024607385,-0.058377225
42644000,-0.049910147,-3.2194574e-05,-4.79835,-0.00076060253,-0.024413008,-0.058146644
42652000,-0.050123222,-0.0004081711,-4.798743,-0.00067751383,-0.024228252,-0.05793958
42660000,-0.05033041,-0.0007785831,-4.7991366,-0.00058545405,-0.024022073,-0.057790652
42668000,-0.050532516,-0.0011436774,-4.799537,-0.00052008196,-0.023839561,-0.057541184
42676000,-0.050763298,-0.0015085161,-4.79994,-0.0004427131,-0.02372646,-0.05725338
42684000,-0.050987884,-0.0018685104,-4.800342,-0.0003591448,-0.0235385,-0.056925073
42692000,-0.051206134,-0.0022230963,-4.8007436,-0.00023110039,-0.023329008,-0.056610584
42700000,-0.051418077,-0.002572611,-4.8011446,-0.0001500437,-0.023164332,-0.05635913
42708000,-0.051624335,-0.0029172953,-4.8015447,-7.533257e-05,-0.022991724,-0.05601316
42716000,-0.051856972,-0.0032535328,-4.8019495,-3.0742754e-05,-0.022794234,-0.055730548
42724000,-0.05208324,-0.0035849274,-4.8023534,9.182481e-05,-0.022607949,-0.05542012
42732000,-0.052303154,-0.0039114887,-4.8027563,0.0001474833,-0.022395274,-0.055062298
42740000,-0.05251778,-0.0042331666,-4.8031573,0.00023827345,-0.022157121,-0.05475857
42748000,-0.052750636,-0.004546403,-4.803563,0.00035057933,-0.022005567,-0.05447948
42756000,-0.052976895,-0.004855289,-4.803968,0.00042971573,-0.021803383,-0.05419629
42764000,-0.053196892,-0.005159585,-4.8043714,0.00051138725,-0.021586074,-0.053889923
42772000,-0.05341059,-0.005459143,-4.8047733,0.0006274399,-0.021333043,-0.053580478
42780000,-0.053626806,-0.0057500186,-4.8051815,0.00075161096,-0.021103576,-0.053262837
42788000,-0.05383644,-0.006036363,-4.805588,0.00087499217,-0.020881549,-0.052940086
42796000,-0.054039977,-0.0063183256,-4.8059926,0.00094226864,-0.02063129,-0.052648507
42804000,-0.05423747,-0.006595789,-4.8063955,0.0010804017,-0.020392973,-0.052337777
42812000,-0.054429356,-0.0068496056,-4.8067994,0.0012066719,-0.02008347,-0.05196618
42820000,-0.054615133,-0.007098898,-4.8072014,0.0013307765,-0.019760894,-0.051624186
42828000,-0.05479495,-0.007343624,-4.8076015,0.0014657797,-0.019443113,-0.051311374
42836000,-0.054969005,-0.0075838505,-4.807999,0.0015662378,-0.019146463,-0.050908756
42844000,-0.05516068,-0.0078055724,-4.8083887,0.0017501699,-0.018836148,-0.05052333
42852000,-0.055345878,-0.008023166,-4.8087764,0.0018800352,-0.018509137,-0.050180566
42860000,-0.055524796,-0.00823627,-4.8091626,0.0020462573,-0.01813039,-0.04985999
42868000,-0.0556975,-0.0084449565,-4.8095465,0.0022014584,-0.017784666,-0.049493883
42876000,-0.055889968,-0.008644983,-4.8099136,0.0023315279,-0.017412344,-0.04915339
42884000,-0.05607695,-0.008840825,-4.8102794,0.002485392,-0.017062036,-0.04876065
42892000,-0.056257326,-0.009032587,-4.8106427,0.0026400397,-0.016746357,-0.04837824
42900000,-0.056431226,-0.009220267,-4.811004,0.0028276984,-0.016401695,-0.04800382
42908000,-0.0566223,-0.009407216,-4.8113394,0.0030128905,-0.016073916,-0.047542036
42916000,-0.056806553,-0.009589932,-4.8116727,0.003132473,-0.015711617,-0.047114663
42924000,-0.056984384,-0.009768358,-4.812004,0.0033069148,-0.015370895,-0.046744328
42932000,-0.057155665,-0.009942484,-4.8123345,0.0034283055,-0.014985951,-0.046417933
42940000,-0.057340104,-0.010125189,-4.8126616,0.003551713,-0.014608394,-0.04606217
42948000,-0.0575191,-0.010303622,-4.812987,0.0036906404,-0.014294802,-0.04561936
42956000,-0.057691585,-0.010477952,-4.81331,0.003824779,-0.01396884,-0.04523175
42964000,-0.05785771,-0.01064797,-4.813632,0.0039627217,-0.013658682,-0.044886764
42972000,-0.05801757,-0.010813996,-4.8139772,0.004125064,-0.013332974,-0.04450646
42980000,-0.058215927,-0.010985819,-4.8143163,0.0042487276,-0.012946756,-0.044114813
42988000,-0.058407307,-0.011152759,-4.814653,0.004417177,-0.012547001,-0.043737397
42996000,-0.05859134,-0.011315118,-4.814987,0.0046262983,-0.012241743,-0.04333501
43004000,-0.058768164,-0.0114733325,-4.8153186,0.004828817,-0.0119343735,-0.04293197
43012000,-0.05898453,-0.0116234645,-4.81563,0.004956946,-0.01162435,-0.042566393
43020000,-0.059194837,-0.011769795,-4.815956,0.0050393953,-0.011292666,-0.04218103
43028000,-0.05939804,-0.011911858,-4.8162804,0.005179868,-0.010945069,-0.04182928
43036000,-0.059594087,-0.012049468,-4.816602,0.0052913423,-0.010555575,-0.041490253
43044000,-0.059828565,-0.012179149,-4.8169084,0.005400863,-0.010188186,-0.041089352
43052000,-0.060055576,-0.012304581,-4.817212,0.005461902,-0.009822765,-0.04077259
43060000,-0.060275268,-0.012425663,-4.8175144,0.005579871,-0.00943742,-0.040403247
43068000,-0.060487166,-0.012542554,-4.8178253,0.0057758987,-0.009083345,-0.040108
43076000,-0.060731597,-0.012653545,-4.8181176,0.005895213,-0.008723124,-0.039745532
43084000,-0.060967997,-0.012760478,-4.818408,0.0060189515,-0.008359185,-0.039375186
43092000,-0.06119783,-0.012863364,-4.8186965,0.006128323,-0.007966193,-0.039089233
43100000,-0.06141991,-0.012962132,-4.818984,0.0062541217,-0.007606217,-0.03882097
43108000,-0.061677054,-0.013034042,-4.8192544,0.006346312,-0.0072108456,-0.03851671
43116000,-0.06192622,-0.01310232,-4.8195233,0.006381554,-0.0068540243,-0.03820191
43124000,-0.062168024,-0.013166966,-4.819792,0.0064103114,-0.006432425,-0.03790271
43132000,-0.06240236,-0.013227819,-4.820059,0.006498517,-0.0060632275,-0.037642144
43140000,-0.06266967,-0.01327059,-4.820307,0.0065880204,-0.0056271777,-0.037312057
43148000,-0.06292876,-0.013309735,-4.820554,0.0066467635,-0.0052224575,-0.036960345
43156000,-0.06317989,-0.013345434,-4.8208,0.0067428206,-0.0048321974,-0.036630165
43164000,-0.06342426,-0.013378055,-4.821045,0.006828531,-0.004462655,-0.036349855
43172000,-0.06368333,-0.013398489,-4.82127,0.0068813935,-0.004110193,-0.035989393
43180000,-0.06393438,-0.013415735,-4.821494,0.006957427,-0.0037105724,-0.035649195
43188000,-0.06417764,-0.013429873,-4.8217177,0.007040209,-0.0033216919,-0.03534344
43196000,-0.06441313,-0.013440746,-4.8219404,0.007134122,-0.0029256344,-0.034997854
43204000,-0.06466586,-0.013436717,-4.822137,0.0072509735,-0.0025376477,-0.034705963
43212000,-0.06491051,-0.013429624,-4.822333,0.007340242,-0.0021077853,-0.034325913
43220000,-0.06514706,-0.013419453,-4.822532,0.0074660787,-0.0017208807,-0.03399381
43228000,-0.06537712,-0.013406554,-4.8227315,0.007550722,-0.0013370325,-0.03369207
43236000,-0.06559956,-0.013390641,-4.8229303,0.007652897,-0.0009228092,-0.03341386
43244000,-0.06584145,-0.013357738,-4.8231044,0.007783506,-0.0005512587,-0.03313262
43252000,-0.06607527,-0.013322177,-4.8232784,0.007873867,-0.00014772172,-0.032857202
43260000,-0.06630103,-0.013283892,-4.823453,0.008044055,0.00024544945,-0.032566715
43268000,-0.06651891,-0.013242913,-4.8236284,0.008148028,0.0006417918,-0.03233206
43276000,-0.06675996,-0.013190755,-4.823784,0.00826557,0.001012026,-0.032148127
43284000,-0.066992946,-0.013136408,-4.8239403,0.008345536,0.0013640577,-0.03188814
43292000,-0.06721799,-0.013080068,-4.824098,0.008480364,0.0016782465,-0.031602643
43300000,-0.06743617,-0.013021914,-4.824256,0.008640381,0.0020448267,-0.03132293
43308000,-0.06767449,-0.012962811,-4.8243856,0.008737626,0.0023608103,-0.031089282
43316000,-0.0679046,-0.012901636,-4.824517,0.008861164,0.00272691,-0.030857835
43324000,-0.06812665,-0.012838129,-4.8246646,0.008976051,0.0031071792,-0.030609364
43332000,-0.06834057,-0.012772523,-4.824813,0.009145843,0.0034317735,-0.030339587
43340000,-0.06857671,-0.012691684,-4.8249364,0.009346243,0.0037981726,-0.030116899
43348000,-0.06880399,-0.01260894,-4.8250613,0.0094971685,0.0041232244,-0.029906437
43356000,-0.06902302,-0.012524881,-4.8251877,0.009617706,0.0044149584,-0.029721815
43364000,-0.069233745,-0.012439231,-4.825316,0.009802715,0.0047491547,-0.029501123
43372000,-0.069459505,-0.012343805,-4.825426,0.009958529,0.0050600907,-0.029295744
43380000,-0.06967676,-0.012247034,-4.825538,0.010110093,0.0053685657,-0.029086303
43388000,-0.06988544,-0.012149047,-4.8256516,0.010289539,0.0056748404,-0.028882088
43396000,-0.07008588,-0.012049776,-4.8257675,0.010445897,0.0059411037,-0.028739518
43404000,-0.07029212,-0.01193082,-4.8258514,0.0106465155,0.00619796,-0.02852506
43412000,-0.07048982,-0.011811242,-4.825938,0.010842899,0.006484534,-0.028353589
43420000,-0.07067897,-0.011690714,-4.826027,0.011032136,0.006790923,-0.0280978
43428000,-0.070860036,-0.011569279,-4.8261185,0.011209088,0.0070842756,-0.02795548
43436000,-0.071040034,-0.011433733,-4.8261976,0.01147359,0.0073113246,-0.027711058
43444000,-0.0712128,-0.011298021,-4.826279,0.011675482,0.0075749042,-0.027518554
43452000,-0.07137745,-0.011162189,-4.8263636,0.011859703,0.0077823014,-0.027382813
43460000,-0.071534336,-0.011026268,-4.8264503,0.012034169,0.008028121,-0.027240166
43468000,-0.071693234,-0.010873241,-4.8265476,0.0122440485,0.00832288,-0.02715754
43476000,-0.07184386,-0.010720064,-4.8266473,0.01249443,0.008577868,-0.027015287
43484000,-0.07198619,-0.010566854,-4.8267493,0.012758219,0.008821478,-0.026921943
43492000,-0.072120495,-0.010413375,-4.826854,0.012971773,0.009123748,-0.026787575
43500000,-0.072247066,-0.010259686,-4.826961,0.013192215,0.009336976,-0.026651219
43508000,-0.072379775,-0.010094029,-4.8270593,0.013362482,0.009604012,-0.026535211
43516000,-0.07250491,-0.009928337,-4.82716,0.013565916,0.00985659,-0.026434299
43524000,-0.07262224,-0.009762594,-4.8272686,0.013822493,0.010142143,-0.026377935
43532000,-0.07273175,-0.009596658,-4.82738,0.014062264,0.010389339,-0.02626272
43540000,-0.07282689,-0.009420024,-4.8274794,0.014323544,0.010614763,-0.026162252
43548000,-0.072914444,-0.009243406,-4.827582,0.01459635,0.010901701,-0.026099004
43556000,-0.072994485,-0.009066735,-4.827687,0.014844848,0.0111762695,-0.026014023
43564000,-0.073067464,-0.008890108,-4.8277946,0.015065679,0.011389829,-0.025945952
43572000,-0.07313367,-0.008721186,-4.827904,0.015318874,0.011555202,-0.025876343
43580000,-0.07319392,-0.008552682,-4.8280163,0.015586424,0.011742578,-0.025755165
43588000,-0.073246665,-0.0083844485,-4.8281302,0.015932815,0.011930126,-0.025632927
43596000,-0.07329215,-0.00821677,-4.8282466,0.016159292,0.012059199,-0.025517937
43604000,-0.07333775,-0.008045791,-4.828368,0.01642423,0.012243528,-0.025442928
43612000,-0.07337637,-0.007875126,-4.828492,0.016648222,0.0124402745,-0.025332516
43620000,-0.07340806,-0.0077047097,-4.8286138,0.01696932,0.01260964,-0.025255794
43628000,-0.073432654,-0.007534628,-4.828738,0.01723477,0.012798764,-0.025205607
43636000,-0.07344654,-0.00735034,-4.8288636,0.017502833,0.013001026,-0.025166776
43644000,-0.07345386,-0.0071664862,-4.8289914,0.017753871,0.01317513,-0.025156885
43652000,-0.07345577,-0.0069830683,-4.829122,0.018089162,0.0133686755,-0.025126543
43660000,-0.073450394,-0.006799964,-4.8292546,0.018463856,0.013548769,-0.024999402
43668000,-0.07343841,-0.0066183205,-4.8293886,0.018742148,0.013694697,-0.0249447
43676000,-0.07341989,-0.006437313,-4.8295245,0.019063735,0.013841254,-0.024829492
43684000,-0.073394686,-0.006257046,-4.8296623,0.019411532,0.01397536,-0.024762299
43692000,-0.07336305,-0.0060771094,-4.829802,0.019701818,0.014175034,-0.024660055
43700000,-0.073326476,-0.005895913,-4.8299365,0.020055518,0.014318705,-0.024472365
43708000,-0.07328329,-0.0057150624,-4.8300714,0.020393291,0.014505984,-0.02422448
43716000,-0.0732338,-0.0055347877,-4.830207,0.020703107,0.014601496,-0.023981474
43724000,-0.073179394,-0.005355375,-4.830338,0.02099342,0.014650004,-0.023715125
43732000,-0.07313615,-0.0051549547,-4.830453,0.021306986,0.014768989,-0.023502827
43740000,-0.0730865,-0.004955534,-4.8305693,0.021594653,0.014919875,-0.023298794
43748000,-0.073030815,-0.004757269,-4.830686,0.021894392,0.015003197,-0.023052128
43756000,-0.072968826,-0.004560065,-4.830804,0.022235908,0.015146781,-0.022785382
43764000,-0.072900586,-0.0043637403,-4.830922,0.02256509,0.015274676,-0.022556635
43772000,-0.07286056,-0.004139865,-4.8310537,0.022871109,0.015479461,-0.029190332
43780000,-0.07281384,-0.0039169635,-4.831284,0.023163285,0.015662244,-0.04582714
43788000,-0.072761916,-0.0036947601,-4.8316736,0.023420302,0.015809352,-0.06796017
43796000,-0.07270407,-0.0034737717,-4.832256,0.023649702,0.015957491,-0.09310746
43804000,-0.07267922,-0.0032357508,-4.8330345,0.024015587,0.016125528,-0.11944577
43812000,-0.07264539,-0.0029987888,-4.834027,0.024750547,0.01634224,-0.14561373
43820000,-0.0725986,-0.0027626753,-4.835229,0.026137872,0.01653162,-0.17106879
43828000,-0.072533734,-0.0025275915,-4.836633,0.028210236,0.016699353,-0.19545694
43836000,-0.07247271,-0.0022753442,-4.8382397,0.03115488,0.01690389,-0.21856607
43844000,-0.07237924,-0.0020242573,-4.840029,0.035135835,0.017080626,-0.24042717
43852000,-0.07224536,-0.0017743523,-4.841988,0.04012546,0.017264053,-0.26071736
43860000,-0.072063684,-0.0015254257,-4.8441057,0.046226405,0.017389743,-0.27934062
43868000,-0.071843095,-0.0012658696,-4.846422,0.053467814,0.017482234,-0.29629034
43876000,-0.07155566,-0.0010085818,-4.8488684,0.061775424,0.01750501,-0.311486
43884000,-0.07119303,-0.0007534598,-4.85143,0.07117495,0.017590297,-0.32505932
43892000,-0.07074664,-0.0005005511,-4.8540945,0.08163467,0.017583176,-0.33700278
43900000,-0.07020901,-0.00024857104,-4.856942,0.09313164,0.0176357,-0.34747738
43908000,-0.069571614,1.4204456e-06,-4.859866,0.10559451,0.017703697,-0.3564046
43916000,-0.068826415,0.00024947978,-4.862854,0.11908605,0.017748144,-0.3639
43924000,-0.06796613,0.0004954369,-4.865884,0.13344125,0.017734548,-0.37009478
43932000,-0.06693763,0.0007332622,-4.869068,0.14872994,0.017689932,-0.37506777
43940000,-0.06578071,0.0009686271,-4.872283,0.1648826,0.017652802,-0.37878087
43948000,-0.06448938,0.001201863,-4.8755198,0.18174583,0.017656352,-0.38133833
43956000,-0.063057795,0.0014328542,-4.8787684,0.19935973,0.017608225,-0.3827842
43964000,-0.06139348,0.0016623285,-4.882092,0.21781026,0.017527968,-0.38324323
43972000,-0.059578914,0.0018890058,-4.885389,0.23684518,0.017436402,-0.3827534
43980000,-0.05760935,0.0021133309,-4.8886733,0.25648803,0.017398844,-0.38137332
43988000,-0.05548012,0.0023351973,-4.8919396,0.27670917,0.017297553,-0.37911135
43996000,-0.053047344,0.0025496592,-4.8952055,0.2976378,0.017201398,-0.37615412
44004000,-0.050457276,0.0027690397,-4.898441,0.31907305,0.017137364,-0.3725276
44012000,-0.047696587,0.002985827,-4.9016404,0.34096852,0.01701785,-0.36825496
44020000,-0.044761855,0.003199673,-4.9047947,0.36328074,0.016849907,-0.3633663
44028000,-0.041649576,0.003410503,-4.907904,0.38601696,0.01670912,-0.35796076
44036000,-0.03818011,0.003601529,-4.9109535,0.40929937,0.016625516,-0.3520888
44044000,-0.034529343,0.0037902049,-4.91395,0.4329438,0.016467448,-0.34575266
44052000,-0.030694392,0.0039761155,-4.9168916,0.45694092,0.016292207,-0.33906624
44060000,-0.02667227,0.0041591465,-4.9197745,0.481287,0.016071022,-0.33202752
44068000,-0.022263668,0.0043212804,-4.922545,0.5061025,0.0158343,-0.32457918
44076000,-0.01766567,0.0044807033,-4.925253,0.53115594,0.015646352,-0.31692448
44084000,-0.012875991,0.0046375464,-4.927898,0.55650544,0.01545297,-0.3091057
44092000,-0.007892442,0.004791764,-4.930477,0.5820434,0.015237412,-0.30106455
44100000,-0.0025057162,0.0049022743,-4.932932,0.60802895,0.014945381,-0.29292744
44108000,0.0030762842,0.0050102654,-4.9353204,0.6342609,0.014664957,-0.28461662
44116000,0.008855421,0.0051155365,-4.9376416,0.6606444,0.014361595,-0.27615726
44124000,0.014833471,0.005217801,-4.9399095,0.68723565,0.014037483,-0.26780292
44132000,0.021237573,0.0052669696,-4.942032,0.7142124,0.013617112,-0.2593012
44140000,0.027840944,0.00531297,-4.9440875,0.74133086,0.01317924,-0.25085244
44148000,0.034644973,0.0053557944,-4.946077,0.76854205,0.012750881,-0.24235518
44156000,0.04165062,0.0053952252,-4.9479995,0.7958209,0.012288548,-0.23384458
44164000,0.04911107,0.0053806617,-4.9497743,0.82348686,0.011722505,-0.22539933
44172000,0.056772143,0.0053625605,-4.95149,0.8511957,0.011242453,-0.21699196
44180000,0.064634874,0.005341181,-4.953141,0.8789587,0.010730339,-0.2086782
44188000,0.07270008,0.005315995,-4.954729,0.90677553,0.010169862,-0.20043845
44196000,0.08122279,0.0052434453,-4.956165,0.9348914,0.009511997,-0.19224082
44204000,0.089946374,0.0051659397,-4.957541,0.96302545,0.008775209,-0.18425491
44212000,0.0988715,0.0050834646,-4.958858,0.9911607,0.00810419,-0.17636304
44220000,0.10799868,0.0049958364,-4.960118,1.0192888,0.0074183065,-0.16853571
44228000,0.11758911,0.004862604,-4.9612284,1.047639,0.0065529444,-0.1608089
44236000,0.12737876,0.004722843,-4.9622846,1.0759287,0.0057000844,-0.1532503
44244000,0.13736783,0.0045764763,-4.9632864,1.104172,0.0048338524,-0.14589436
44252000,0.14755656,0.004422764,-4.9642363,1.1323583,0.0038736968,-0.13870078
44260000,0.15820564,0.004215246,-4.9650435,1.1607635,0.0027357063,-0.13158727
44268000,0.16905138,0.003998733,-4.9658237,1.1890985,0.001649825,-0.12467246
44276000,0.18009347,0.0037730576,-4.9665556,1.2172595,0.0005136714,-0.117936194
44284000,0.19133162,0.0035379755,-4.967241,1.2453511,-0.0005863352,-0.11131497
44292000,0.20276582,0.0032933094,-4.9678802,1.2733567,-0.0017464764,-0.10494839
44300000,0.21465209,0.0029891643,-4.9683833,1.3015056,-0.0031183357,-0.09869901
44308000,0.22673033,0.002673153,-4.9688454,1.3294464,-0.004516065,-0.09265794
44316000,0.23899978,0.0023445277,-4.9692674,1.3572292,-0.005996959,-0.08683387
44324000,0.25145993,0.0020034956,-4.9696527,1.3848464,-0.007367955,-0.081276044
44332000,0.2643564,0.0015952953,-4.9699173,1.4125141,-0.009006741,-0.075777195
44340000,0.27743852,0.0011727649,-4.970148,1.4399589,-0.01063679,-0.07048967
44348000,0.2907059,0.0007355441,-4.970346,1.4673463,-0.0122995125,-0.06534663
44356000,0.30415827,0.00028339785,-4.9705124,1.494519,-0.013964604,-0.06041852
44364000,0.31803042,-0.00023957746,-4.9705644,1.5216944,-0.015876032,-0.055678677
44372000,0.33208263,-0.0007799603,-4.970571,1.5487236,-0.017820729,-0.0511098
44380000,0.34631398,-0.0013379583,-4.9705524,1.5754957,-0.019733617,-0.04672117
44388000,0.36072317,-0.0019137054,-4.9705095,1.6020107,-0.021681461,-0.042485904
44396000,0.37553933,-0.0025650982,-4.9703593,1.6284778,-0.023820907,-0.03845037
44404000,0.39052752,-0.0032361976,-4.9701896,1.6546897,-0.025966905,-0.034597583
44412000,0.40568668,-0.003927368,-4.9700007,1.6806693,-0.028162843,-0.03086976
44420000,0.42101544,-0.004638613,-4.969812,1.7063748,-0.030296756,-0.027329186
44428000,0.43674994,-0.0054356493,-4.969532,1.7321029,-0.032709472,-0.023961868
44436000,0.4526487,-0.0062547238,-4.9692383,1.7576014,-0.035076857,-0.020848388
44444000,0.4687108,-0.0070962003,-4.968932,1.7828392,-0.03751257,-0.017927453
44452000,0.48493457,-0.007960287,-4.9686136,1.8077333,-0.03992392,-0.015110788
44460000,0.50154245,-0.008908164,-4.9682164,1.8325839,-0.04259074,-0.012401582
44468000,0.51830584,-0.009880683,-4.967783,1.8571231,-0.04524201,-0.009855348
44476000,0.5352232,-0.010877757,-4.9673424,1.8813488,-0.047876652,-0.0075007686
44484000,0.552293,-0.011899076,-4.9668956,1.905336,-0.050444517,-0.0053070695
44492000,0.56971323,-0.01300097,-4.9663877,1.9292012,-0.05317142,-0.0031958907
44500000,0.58728004,-0.014128125,-4.9658766,1.9527221,-0.05591429,-0.0012828405
44508000,0.6049917,-0.0152806,-4.9653635,1.9759336,-0.05868894,0.00047682118
44516000,0.62284654,-0.016458351,-4.9648495,1.9988179,-0.061395094,0.002087417
44524000,0.64102507,-0.017707815,-4.96428,2.021632,-0.064182974,0.0035920816
44532000,0.65934104,-0.018982211,-4.963712,2.0440593,-0.06692555,0.00492483
44540000,0.6777928,-0.02028133,-4.963147,2.0662012,-0.06962113,0.0061446005
44548000,0.69637877,-0.02160458,-4.962585,2.0880396,-0.07227382,0.00724731
44556000,0.71509737,-0.02295155,-4.9620266,2.109557,-0.07491222,0.008191432
44564000,0.7341126,-0.024351755,-4.961437,2.1308644,-0.077545844,0.009135479
44572000,0.7532544,-0.025774768,-4.9608674,2.1519074,-0.08014969,0.009915367
44580000,0.77252144,-0.027220042,-4.9603033,2.1726387,-0.08263551,0.01060406
44588000,0.79191184,-0.0286864,-4.959745,2.1930416,-0.085057706,0.011198815
44596000,0.8115591,-0.030198669,-4.959158,2.2132037,-0.087492615,0.011619714
44604000,0.8313241,-0.031730734,-4.958579,2.2330694,-0.08982228,0.012053235
44612000,0.8512051,-0.033281498,-4.9580083,2.252618,-0.09206653,0.012382586
44620000,0.87120026,-0.034850266,-4.957449,2.271814,-0.09427756,0.012634861
44628000,0.891413,-0.036445804,-4.9568577,2.290835,-0.09636507,0.012826011
44636000,0.9117351,-0.03805704,-4.9562774,2.3095684,-0.09840835,0.0128493095
44644000,0.93216527,-0.03968313,-4.955708,2.3279648,-0.100341365,0.012859722
44652000,0.9527011,-0.041323,-4.9551497,2.346016,-0.102213755,0.012809905
44660000,0.9734369,-0.04299681,-4.95458,2.3638396,-0.10404086,0.012657691
44668000,0.9942734,-0.044682246,-4.954034,2.3813353,-0.10571014,0.01242697
44676000,1.0152092,-0.046378262,-4.9535003,2.398587,-0.10736205,0.012191362
44684000,1.0362428,-0.04808401,-4.952979,2.4155414,-0.10890717,0.011873906
44692000,1.0574702,-0.049820375,-4.952447,2.4323032,-0.110441156,0.011556948
44700000,1.0787904,-0.05156432,-4.951928,2.4487088,-0.11181915,0.011143224
44708000,1.1002018,-0.053314973,-4.9514227,2.4648201,-0.113153666,0.010670012
44716000,1.1217029,-0.055071056,-4.950931,2.4806693,-0.1143533,0.010164422
44724000,1.1433861,-0.05686075,-4.9504247,2.4962926,-0.11557794,0.009623544
44732000,1.1651541,-0.05865394,-4.9499326,2.5116022,-0.11662406,0.009023082
44740000,1.1870053,-0.060449667,-4.9494557,2.5265906,-0.11763892,0.008411485
44748000,1.2089379,-0.062246755,-4.948993,2.5413368,-0.11852442,0.00781819
44756000,1.2310284,-0.06407165,-4.948523,2.555817,-0.119460076,0.0072189164
44764000,1.2531959,-0.06589629,-4.9480677,2.5700428,-0.12019969,0.0065086796
44772000,1.275439,-0.06771933,-4.9476314,2.583977,-0.120879635,0.0058118054
44780000,1.2977563,-0.06953985,-4.9472103,2.5976393,-0.1214068,0.0050967834
44788000,1.320208,-0.07138209,-4.94678,2.6110952,-0.12192826,0.004359205
44796000,1.3427296,-0.073219866,-4.946365,2.6242266,-0.12234164,0.0036142832
44804000,1.3653194,-0.07505255,-4.945966,2.637048,-0.12272579,0.0028266814
44812000,1.3879758,-0.07687927,-4.945582,2.649655,-0.122992046,0.0020247938
44820000,1.4106979,-0.078699164,-4.9452133,2.6620038,-0.12321015,0.0011691174
44828000,1.4335084,-0.08053461,-4.944847,2.674135,-0.12340162,0.00023741515
44836000,1.4563814,-0.082361676,-4.9444966,2.6860528,-0.1234743,-0.0006006703
44844000,1.4793156,-0.08417952,-4.9441614,2.697692,-0.12346477,-0.0014173156
44852000,1.5023097,-0.08598723,-4.9438415,2.709085,-0.12339041,-0.002232331
44860000,1.5253658,-0.08778819,-4.943524,2.720246,-0.123215005,-0.003063297
44868000,1.5484787,-0.08957747,-4.943214,2.7311308,-0.12299258,-0.00394857
44876000,1.5716472,-0.09135434,-4.94292,2.7417946,-0.12268234,-0.0048320186
44884000,1.5948695,-0.09311773,-4.9426413,2.7522118,-0.12224895,-0.0056928485
44892000,1.6181374,-0.09489071,-4.942369,2.7624285,-0.12179701,-0.006520603
44900000,1.641457,-0.09664874,-4.9421115,2.7724495,-0.12125475,-0.007282936
44908000,1.6648276,-0.09839091,-4.941868,2.7822616,-0.12061326,-0.008034538
44916000,1.6882476,-0.10011661,-4.9416385,2.7917755,-0.11997213,-0.008822408
44924000,1.7117023,-0.10182709,-4.941403,2.8011732,-0.11921764,-0.009618171
44932000,1.7352046,-0.1035196,-4.9411826,2.8103137,-0.11837859,-0.010445879
44940000,1.7587526,-0.10519361,-4.940976,2.819187,-0.11751093,-0.0111700175
44948000,1.7823449,-0.10684869,-4.940783,2.8278887,-0.11657982,-0.011955687
44956000,1.8059784,-0.10849548,-4.940589,2.8364522,-0.115662485,-0.01267617
44964000,1.8296543,-0.11012259,-4.9404087,2.8447711,-0.11467081,-0.01341022
44972000,1.8533717,-0.111729294,-4.940213,2.8529499,-0.11359878,-0.014160396
44980000,1.8771299,-0.113315016,-4.9400315,2.8609295,-0.112482786,-0.014868397
44988000,1.9009006,-0.11488577,-4.9398518,2.8686545,-0.11136726,-0.015542921
44996000,1.9247099,-0.11643455,-4.9396853,2.8762167,-0.11009144,-0.01622936
45004000,1.9485565,-0.11796074,-4.9395323,2.8836172,-0.10880229,-0.016916629
45012000,1.9724399,-0.11946401,-4.939393,2.8908198,-0.10747368,-0.017637406
45020000,1.9963295,-0.12095827,-4.939256,2.8977702,-0.10614918,-0.018272843
45028000,2.0202537,-0.12242907,-4.939132,2.9045966,-0.10475012,-0.018853556
45036000,2.0442119,-0.12387578,-4.93902,2.9112782,-0.10328794,-0.019462336
45044000,2.0682027,-0.1252982,-4.9389205,2.9178116,-0.10180678,-0.020056473
45052000,2.092186,-0.12671146,-4.9388256,2.924097,-0.10039557,-0.02067759
45060000,2.1162004,-0.1281004,-4.9387426,2.9302819,-0.098893486,-0.021301858
45068000,2.1402457,-0.12946464,-4.9386697,2.9362807,-0.09736949,-0.02179251
45076000,2.1643207,-0.13080393,-4.9386077,2.9421787,-0.095793426,-0.022341147
45084000,2.188425,-0.13211803,-4.938557,2.9479408,-0.09417928,-0.022921922
45092000,2.2125018,-0.13342929,-4.938497,2.9534962,-0.09260386,-0.023548331
45100000,2.2366066,-0.1347152,-4.938449,2.9589303,-0.091014996,-0.0240795
45108000,2.260739,-0.13597599,-4.9384117,2.964197,-0.089428306,-0.02458318
45116000,2.284898,-0.13721141,-4.9383845,2.9693806,-0.08777333,-0.025018992
45124000,2.309022,-0.13842432,-4.9383774,2.9742997,-0.08612314,-0.02547827
45132000,2.3331716,-0.13961157,-4.9383802,2.9791415,-0.08441451,-0.025971856
45140000,2.3573463,-0.14077304,-4.938393,2.9839156,-0.08274006,-0.026434578
45148000,2.3815455,-0.14190896,-4.938415,2.98847,-0.081015706,-0.026882406
45156000,2.405694,-0.14303003,-4.938445,2.9928951,-0.07933122,-0.027324213
45164000,2.4298663,-0.14412549,-4.9384847,2.9971957,-0.07759152,-0.027755242
45172000,2.4540622,-0.14519483,-4.9385195,3.0014458,-0.075767905,-0.028168317
45180000,2.4782805,-0.14623828,-4.938563,3.0054984,-0.074020095,-0.028544515
45188000,2.5024593,-0.14725935,-4.9386067,3.0094562,-0.07224833,-0.028913882
45196000,2.5266604,-0.1482548,-4.938659,3.0132902,-0.070454516,-0.029305302
45204000,2.5508828,-0.14922453,-4.9387207,3.0170562,-0.068690866,-0.029659916
45212000,2.5751262,-0.15016915,-4.9387903,3.0206807,-0.0669347,-0.030038824
45220000,2.5993361,-0.15109012,-4.938861,3.0241861,-0.06511887,-0.030404253
45228000,2.6235664,-0.15198576,-4.9389396,3.027576,-0.06331896,-0.030769773
45236000,2.647816,-0.15285593,-4.939027,3.0309033,-0.061486173,-0.031097654
45244000,2.672085,-0.15370105,-4.9391212,3.0341685,-0.059711903,-0.031411864
45252000,2.6963725,-0.15452148,-4.939224,3.03733,-0.05792739,-0.031672325
45260000,2.7205925,-0.15531363,-4.9393287,3.0403254,-0.05608675,-0.032002453
45268000,2.744831,-0.15608092,-4.9394445,3.0432649,-0.05426438,-0.032251164
45276000,2.769088,-0.15682334,-4.9395666,3.0461073,-0.05240936,-0.032498613
45284000,2.7932909,-0.15751775,-4.9396944,3.0488021,-0.05055549,-0.03269471
45292000,2.8175118,-0.15818776,-4.9398284,3.0514326,-0.048683677,-0.032922093
45300000,2.8417501,-0.15883324,-4.9399686,3.0540447,-0.04679351,-0.0331036
45308000,2.8660057,-0.15945438,-4.9401145,3.0565593,-0.044900883,-0.033299953
45316000,2.8902,-0.16003545,-4.940255,3.0588634,-0.04299692,-0.03344109
45324000,2.9144106,-0.16059247,-4.9403944,3.0611227,-0.04110671,-0.033645954
45332000,2.9386375,-0.16112602,-4.9405394,3.0633538,-0.03929749,-0.033806533
45340000,2.9628806,-0.1616363,-4.9406905,3.065499,-0.03739366,-0.03394103
45348000,2.9871392,-0.16212283,-4.940847,3.0676248,-0.035486728,-0.03408655
45356000,3.011305,-0.16256921,-4.9409966,3.069596,-0.033559177,-0.034228247
45364000,3.0354874,-0.16299234,-4.9411526,3.0714808,-0.03163793,-0.034380462
45372000,3.0596852,-0.16339219,-4.9413295,3.0733395,-0.02971101,-0.03445281
45380000,3.0838988,-0.16376916,-4.9415107,3.0752223,-0.027823685,-0.034504324
45388000,3.1080227,-0.1641077,-4.9416785,3.0769372,-0.025908923,-0.034603555
45396000,3.132163,-0.16442367,-4.9418507,3.0786004,-0.02399212,-0.0347052
45404000,3.1563191,-0.16471732,-4.942028,3.0801694,-0.022105716,-0.034799755
45412000,3.1804903,-0.164989,-4.94221,3.0816991,-0.020249901,-0.03484358
45420000,3.2045875,-0.16522156,-4.9423714,3.0831661,-0.018369276,-0.034860373
45428000,3.2287004,-0.16543232,-4.942537,3.0845828,-0.01642948,-0.034893457
45436000,3.2528293,-0.16562144,-4.9427075,3.0859818,-0.014560029,-0.03493544
45444000,3.2769737,-0.16578953,-4.9428825,3.0873945,-0.012721206,-0.03500829
45452000,3.301022,-0.16594125,-4.9430304,3.0886211,-0.01090858,-0.034992907
45460000,3.3250864,-0.1660725,-4.9431825,3.0897577,-0.009134749,-0.03501336
45468000,3.3491662,-0.1661838,-4.9433546,3.0908976,-0.0073948717,-0.035074208
45476000,3.373261,-0.1662754,-4.943531,3.0920043,-0.0056429626,-0.035133388
45484000,3.3972518,-0.16635782,-4.9436827,3.0930192,-0.003929617,-0.03511237
45492000,3.4212592,-0.16642049,-4.9438386,3.09398,-0.00215437,-0.03509917
45500000,3.4452822,-0.16646345,-4.9439993,3.0949013,-0.0003845127,-0.03510167
45508000,3.469321,-0.16648677,-4.9441643,3.0958571,0.0013577436,-0.035072133
45516000,3.4932458,-0.16648562,-4.9443116,3.096649,0.0030434935,-0.03505281
45524000,3.5171874,-0.16646588,-4.9444523,3.0973973,0.004733109,-0.035036404
45532000,3.541145,-0.16642775,-4.9445977,3.098143,0.0063772136,-0.03501457
45540000,3.5651188,-0.16637188,-4.9447474,3.0988216,0.007969782,-0.034944285
45548000,3.5889797,-0.16630848,-4.9448915,3.0994155,0.009570397,-0.034920115
45556000,3.612858,-0.16622768,-4.9450407,3.1000617,0.011099319,-0.03493117
45564000,3.6367536,-0.16613004,-4.9451947,3.100658,0.012648956,-0.034965124
45572000,3.660666,-0.16601568,-4.9453626,3.1013043,0.01415251,-0.034963578
45580000,3.68448,-0.16590391,-4.9455423,3.1017826,0.015729537,-0.034962006
45588000,3.7083113,-0.1657754,-4.9457254,3.102219,0.017197574,-0.034925386
45596000,3.7321599,-0.16563074,-4.9459124,3.1027112,0.018651767,-0.03483354
45604000,3.756026,-0.16547021,-4.9461026,3.103238,0.020085568,-0.03482027
45612000,3.7799091,-0.16529422,-4.946296,3.1036954,0.021484114,-0.034785107
45620000,3.8036978,-0.1651082,-4.9465117,3.1040113,0.022899278,-0.034815516
45628000,3.827504,-0.16490692,-4.94673,3.1043491,0.024286028,-0.034804393
45636000,3.8513274,-0.1646906,-4.946952,3.104697,0.025684474,-0.034775607
45644000,3.8751678,-0.16445969,-4.947176,3.1050234,0.026996044,-0.034786746
45652000,3.898917,-0.16421822,-4.9474206,3.1052775,0.028354883,-0.03479191
45660000,3.922684,-0.1639624,-4.947667,3.1055157,0.02968321,-0.034758743
45668000,3.9464688,-0.1636923,-4.9479403,3.1057658,0.03102238,-0.034761135
45676000,3.9702709,-0.16340852,-4.948215,3.1060238,0.03227843,-0.03469813
45684000,3.9939756,-0.16311882,-4.948501,3.1062033,0.033514194,-0.034675457
45692000,4.017699,-0.16281576,-4.948788,3.1063728,0.034776326,-0.034656942
45700000,4.0414405,-0.16249947,-4.9490757,3.106527,0.036004506,-0.034522325
45708000,4.0652003,-0.16217059,-4.9493637,3.106697,0.037164412,-0.034432214
45716000,4.088853,-0.16184339,-4.94966,3.1067226,0.038309686,-0.03439623
45724000,4.112525,-0.16150372,-4.9499664,3.1068008,0.039482113,-0.03439381
45732000,4.136216,-0.16115145,-4.9502735,3.1069372,0.040653784,-0.034358386
45740000,4.1599264,-0.160787,-4.95058,3.1070886,0.04180865,-0.034246612
45748000,4.183531,-0.16042733,-4.9508796,3.1070411,0.0429419,-0.034155045
45756000,4.2071548,-0.1600555,-4.9511786,3.1070578,0.04405129,-0.034036603
45764000,4.2307987,-0.15967178,-4.9514775,3.1070697,0.045150578,-0.03388955
45772000,4.2544622,-0.15927646,-4.9517627,3.1071556,0.046222467,-0.03380684
45780000,4.278037,-0.15888436,-4.9520535,3.107087,0.047312025,-0.03369408
45788000,4.3016324,-0.1584806,-4.9523444,3.1069927,0.048352115,-0.033578232
45796000,4.3252473,-0.15806553,-4.9526353,3.1069586,0.049384303,-0.033411793
45804000,4.3488817,-0.15763965,-4.952925,3.1068738,0.050334156,-0.033207502
45812000,4.372439,-0.15722185,-4.9532123,3.1067896,0.051288154,-0.033050157
45820000,4.3960104,-0.15679301,-4.953506,3.1067219,0.05224169,-0.032889463
45828000,4.419602,-0.15635364,-4.9537997,3.1066422,0.053180397,-0.032782387
45836000,4.4432135,-0.15590374,-4.954093,3.1066043,0.05415244,-0.032621495
45844000,4.466761,-0.1554668,-4.954392,3.1064723,0.05501758,-0.032457344
45852000,4.490329,-0.15501982,-4.95469,3.1064148,0.05584849,-0.03217617
45860000,4.513918,-0.154563,-4.954986,3.1063342,0.05673609,-0.03198623
45868000,4.537527,-0.1540958,-4.955297,3.1062577,0.057645407,-0.0318216
45876000,4.561156,-0.15361866,-4.9556065,3.1062365,0.05850631,-0.031582814
45884000,4.5847335,-0.15315585,-4.955918,3.1061172,0.05930471,-0.031367637
45892000,4.6083255,-0.15268318,-4.9562287,3.1060367,0.060117055,-0.031157741
45900000,4.6319375,-0.1522009,-4.9565372,3.1059966,0.060907785,-0.030949757
45908000,4.6555696,-0.15170938,-4.9568443,3.1059234,0.06165859,-0.030749938
45916000,4.6791525,-0.15123233,-4.9571586,3.1058762,0.06239595,-0.030589668
45924000,4.702756,-0.15074575,-4.957484,3.1058087,0.06320211,-0.030377382
45932000,4.7263803,-0.15024959,-4.957806,3.105763,0.06396607,-0.030201808
45940000,4.750025,-0.14974426,-4.9581265,3.1057677,0.06472322,-0.02995683
45948000,4.7736263,-0.14926009,-4.9584346,3.1057432,0.065452404,-0.02974586
45956000,4.7972493,-0.14876665,-4.9587407,3.1057498,0.06614666,-0.029529741
45964000,4.8208866,-0.14826392,-4.959045,3.105703,0.06685131,-0.029282462
45972000,4.844544,-0.1477521,-4.9593663,3.105636,0.06757103,-0.029062359
45980000,4.8681607,-0.14725924,-4.959676,3.105556,0.0682767,-0.028779417
45988000,4.8917985,-0.14675744,-4.9599824,3.1055522,0.068883464,-0.028548138
45996000,4.915457,-0.14624698,-4.9602857,3.1055367,0.06952245,-0.028248511
46004000,4.939136,-0.14572771,-4.9605865,3.1055596,0.07017467,-0.027973924
46012000,4.9627795,-0.14524274,-4.960873,3.105524,0.07075386,-0.02774749
46020000,4.9864445,-0.14474875,-4.9611783,3.1055799,0.07135714,-0.027506756
46028000,5.0101237,-0.14424539,-4.9614806,3.1055677,0.071987115,-0.027253233
46036000,5.033823,-0.14373298,-4.9617805,3.1055465,0.07258713,-0.026992302
46044000,5.057498,-0.14326006,-4.9620643,3.1055334,0.07307074,-0.026733622
46052000,5.0811925,-0.14277843,-4.9623446,3.1055076,0.07356042,-0.02641698
46060000,5.1049075,-0.14228782,-4.9626226,3.105549,0.074093215,-0.026201185
46068000,5.128642,-0.14178845,-4.962888,3.1056385,0.07460252,-0.025980223
46076000,5.1523485,-0.14132893,-4.9631515,3.105673,0.07503376,-0.025673363
46084000,5.176075,-0.14086059,-4.9634123,3.1056986,0.07546575,-0.025379643
46092000,5.1998215,-0.14038335,-4.9636703,3.1056979,0.07590944,-0.025102247
46100000,5.2235813,-0.13989687,-4.963927,3.1057613,0.076398574,-0.024846544
46108000,5.2473087,-0.13943648,-4.964188,3.1057622,0.07688151,-0.024672093
46116000,5.271056,-0.13896658,-4.964448,3.1057909,0.07734385,-0.024433687
46124000,5.294823,-0.13848756,-4.964691,3.1058443,0.077769615,-0.024198582
46132000,5.3186097,-0.13799979,-4.9649324,3.105917,0.07819387,-0.02393793
46140000,5.3424163,-0.13750343,-4.965172,3.1060708,0.07858962,-0.023665922
46148000,5.366191,-0.13703413,-4.9654126,3.1061316,0.078887396,-0.023426788
46156000,5.3899856,-0.13655633,-4.965652,3.1061673,0.07925845,-0.023192056
46164000,5.413799,-0.13606983,-4.9658885,3.1062088,0.079646036,-0.022947675
46172000,5.4376254,-0.13557431,-4.966129,3.1063313,0.08004313,-0.022678504
46180000,5.461411,-0.13510267,-4.966371,3.1063294,0.08043215,-0.022459276
46188000,5.4852157,-0.13462211,-4.966611,3.1063597,0.08078714,-0.022225065
46196000,5.5090394,-0.1341328,-4.9668484,3.106409,0.08116303,-0.021994414
46204000,5.532882,-0.13363482,-4.9670835,3.106511,0.08152502,-0.021737812
46212000,5.556682,-0.13316229,-4.967332,3.1065583,0.08186952,-0.021531789
46220000,5.580501,-0.13268085,-4.9676027,3.106588,0.08220458,-0.021263191
46228000,5.6043386,-0.13219051,-4.9678698,3.1066074,0.082577236,-0.02103571
46236000,5.628195,-0.13169132,-4.968133,3.1066308,0.08293797,-0.02080273
46244000,5.6519837,-0.13122575,-4.968424,3.106659,0.08320085,-0.02058201
46252000,5.6757927,-0.13075143,-4.968711,3.106721,0.08348118,-0.020473178
46260000,5.699621,-0.13026813,-4.9689946,3.1068177,0.08383266,-0.020263616
46268000,5.723469,-0.1297757,-4.9693127,3.1069095,0.08417617,-0.02010941
46276000,5.747272,-0.12931933,-4.9696455,3.1069298,0.08440548,-0.019942682
46284000,5.7710943,-0.12885362,-4.9699736,3.1069403,0.08473029,-0.019725228
46292000,5.7949357,-0.12837853,-4.9702964,3.10703,0.08504804,-0.019482335
46300000,5.818796,-0.1278943,-4.9706144,3.1071222,0.08535152,-0.019288888
46308000,5.8425975,-0.12743576,-4.97095,3.1071022,0.08562875,-0.019122895
46316000,5.866418,-0.12696783,-4.971281,3.1071293,0.08590556,-0.018899776
46324000,5.8902574,-0.12649079,-4.9716053,3.1071756,0.08614024,-0.018669179
46332000,5.914116,-0.1260049,-4.9719243,3.107207,0.08641537,-0.018401567
46340000,5.9379253,-0.12553824,-4.97227,3.107174,0.08663958,-0.01822625
46348000,5.9617534,-0.12506261,-4.9726105,3.1071186,0.08688043,-0.017961293
46356000,5.9856,-0.124577865,-4.9729447,3.1071312,0.08715642,-0.017775958
46364000,6.009465,-0.12408443,-4.9732738,3.1071439,0.08734531,-0.017533503
46372000,6.0332913,-0.12361027,-4.973627,3.1070936,0.08757924,-0.01727182
46380000,6.0571313,-0.12312669,-4.9739747,3.1070726,0.08779234,-0.017002158
46388000,6.0809894,-0.12263415,-4.974316,3.1070504,0.088051386,-0.01676033
46396000,6.1048656,-0.12213306,-4.9746513,3.107042,0.08823186,-0.016527086
46404000,6.12876,-0.12162368,-4.9749804,3.1070604,0.088463254,-0.01625481
46412000,6.1526113,-0.12113181,-4.975325,3.1070256,0.088671684,-0.015985973
46420000,6.1764812,-0.12063115,-4.9756713,3.1070106,0.08891872,-0.01570974
46428000,6.2003694,-0.12012174,-4.9760103,3.1070166,0.0891366,-0.015439775
46436000,6.224275,-0.11960413,-4.9763427,3.1069772,0.08934268,-0.015164323
46444000,6.24813,-0.11909754,-4.9766855,3.106968,0.089596316,-0.01487779
46452000,6.271998,-0.11858176,-4.977022,3.1069772,0.08981255,-0.014636894
46460000,6.2958846,-0.11805721,-4.977352,3.106985,0.0901114,-0.01433821
46468000,6.3197894,-0.1175241,-4.977691,3.1070392,0.090324886,-0.014090664
46476000,6.343639,-0.11700818,-4.9780445,3.1070416,0.09058531,-0.013842617
46484000,6.3675065,-0.116483584,-4.9783907,3.1070144,0.090796284,-0.013622016
46492000,6.391393,-0.115950815,-4.97873,3.1070304,0.09099027,-0.01339959
46500000,6.4152975,-0.11540983,-4.9790626,3.1070817,0.09121677,-0.013105143
46508000,6.4391556,-0.114898786,-4.9794035,3.1070318,0.09143674,-0.012875059
46516000,6.4630322,-0.114378996,-4.9797373,3.1070175,0.0916304,-0.012592908
46524000,6.4869223,-0.11385022,-4.980064,3.1069987,0.09181655,-0.012293507
46532000,6.5108304,-0.11331336,-4.9803834,3.1070595,0.09200429,-0.012036151
46540000,6.5346956,-0.11279937,-4.9807124,3.1070197,0.09219096,-0.011741037
46548000,6.558579,-0.11227696,-4.9810343,3.1069894,0.092380166,-0.011429347
46556000,6.5824814,-0.11174585,-4.9813485,3.1070278,0.09260791,-0.011129775
46564000,6.6064014,-0.11120635,-4.9816556,3.1069944,0.09280148,-0.010899927
46572000,6.630273,-0.1106881,-4.981963,3.1069343,0.093004,-0.010655703
46580000,6.6541624,-0.110161126,-4.9822636,3.1069298,0.09320726,-0.01038355
46588000,6.678066,-0.109625176,-4.9825583,3.1069088,0.0933704,-0.010125656
46596000,6.701987,-0.10908102,-4.9828463,3.1069176,0.09356032,-0.0098432675
46604000,6.7258506,-0.10856402,-4.983132,3.1068418,0.09371621,-0.009535242
46612000,6.7497325,-0.10803842,-4.9834113,3.1067963,0.0938871,-0.0092962105
46620000,6.773633,-0.10750444,-4.9836993,3.106765,0.09405059,-0.009017926
46628000,6.797551,-0.106962286,-4.9839807,3.1067674,0.09422696,-0.008664579
46636000,6.821432,-0.10644242,-4.9842577,3.1066859,0.09437141,-0.008305407
46644000,6.8453307,-0.10591408,-4.984528,3.1066213,0.09456727,-0.00805868
46652000,6.869247,-0.10537701,-4.9847918,3.1065474,0.09477086,-0.007823266
46660000,6.8931766,-0.10483077,-4.9850497,3.1065304,0.09499567,-0.007559278
46668000,6.917123,-0.10427598,-4.985288,3.1065137,0.09520084,-0.007260857
46676000,6.941035,-0.10374899,-4.985524,3.1064703,0.09536615,-0.006925416
46684000,6.964965,-0.10321342,-4.9857545,3.106435,0.095544256,-0.0066415654
46692000,6.9889116,-0.10266947,-4.985978,3.1063874,0.095721975,-0.0063211834
46700000,7.012876,-0.10211706,-4.986196,3.106366,0.095927745,-0.0060563697
46708000,7.0368056,-0.101574644,-4.986417,3.1063132,0.09610216,-0.005813005
46716000,7.060753,-0.101023994,-4.9866314,3.1062686,0.09626159,-0.005549777
46724000,7.084717,-0.100465044,-4.986851,3.1062376,0.09648302,-0.0052229874
46732000,7.1086926,-0.099897005,-4.987066,3.1061852,0.09670179,-0.004922476
46740000,7.132649,-0.09934524,-4.987298,3.1060996,0.09691389,-0.004614312
46748000,7.1566215,-0.09878489,-4.987523,3.1060205,0.09711486,-0.004250914
46756000,7.1806097,-0.098216295,-4.987741,3.105908,0.097315885,-0.0038961691
46764000,7.2046137,-0.097639665,-4.987952,3.1057787,0.09750981,-0.0035425809
46772000,7.228593,-0.097075604,-4.9881697,3.1055455,0.09762702,-0.0031961487
46780000,7.2525873,-0.096503906,-4.98838,3.1052825,0.09776888,-0.0028639887
46788000,7.276595,-0.09592453,-4.988583,3.1050103,0.09791629,-0.0025458457
46796000,7.3006167,-0.09533746,-4.98878,3.1046112,0.0980983,-0.002249402
46804000,7.3246174,-0.094765946,-4.988997,3.1040826,0.098307125,-0.0019812018
46812000,7.3486295,-0.094186254,-4.989207,3.1035223,0.09848475,-0.0016737763
46820000,7.372652,-0.09359852,-4.989419,3.1028197,0.098687194,-0.0013966283
46828000,7.3966846,-0.093003,-4.989625,3.1020968,0.098846845,-0.0012533906
46836000,7.420694,-0.092416696,-4.9898334,3.1011212,0.09900659,-0.0010322487
46844000,7.4447103,-0.091822706,-4.9900355,3.1000707,0.09916947,-0.0008483611
46852000,7.4687333,-0.09122086,-4.9902315,3.098896,0.099380106,-0.0006573636
46860000,7.492761,-0.09061158,-4.990422,3.0975726,0.09948737,-0.0004744318
46868000,7.516751,-0.0900199,-4.9906354,3.096031,0.099614866,-0.00036519786
46876000,7.540743,-0.08942048,-4.9908433,3.0943768,0.099787794,-0.00028809666
46884000,7.564736,-0.08881363,-4.9910455,3.0925868,0.0999021,-0.00028838986
46892000,7.5887284,-0.088199355,-4.9912434,3.090581,0.10007236,-0.00029554075
46900000,7.612679,-0.08760763,-4.99146,3.088422,0.10018881,-0.00030871795
46908000,7.6366267,-0.087008014,-4.991671,3.086068,0.100367546,-0.00035288822
46916000,7.660569,-0.08640084,-4.9918776,3.0835283,0.100500286,-0.00041036122
46924000,7.684505,-0.08578627,-4.992081,3.0808597,0.10061164,-0.00046907307
46932000,7.7084327,-0.085164756,-4.99228,3.0779543,0.100712955,-0.0005872934
46940000,7.7323046,-0.084555864,-4.9924912,3.0747766,0.100821026,-0.00072685844
46948000,7.756165,-0.08393951,-4.992699,3.0714686,0.10097906,-0.00094058935
46956000,7.780012,-0.083315775,-4.9929037,3.0679646,0.101105645,-0.0011196226
46964000,7.803844,-0.082685,-4.9931045,3.0642505,0.10123437,-0.0012770577
46972000,7.8275986,-0.08206285,-4.9933248,3.0602129,0.10129572,-0.0014941756
46980000,7.8513346,-0.08143371,-4.9935417,3.0559633,0.10145111,-0.0017513237
46988000,7.8750505,-0.08079743,-4.9937553,3.0515308,0.10159125,-0.0020084905
46996000,7.8987436,-0.080154106,-4.993967,3.0468943,0.10170386,-0.0022559832
47004000,7.922348,-0.07952754,-4.9941993,3.0420048,0.10178649,-0.0025536472
47012000,7.9459243,-0.07889381,-4.994429,3.036839,0.101881474,-0.0028593966
47020000,7.9694734,-0.07825354,-4.994658,3.0314376,0.10191888,-0.0031876687
47028000,7.992993,-0.07760695,-4.9948845,3.0258393,0.101985276,-0.003525802
47036000,8.016408,-0.0769763,-4.9951296,3.019921,0.102061786,-0.0038419852
47044000,8.039789,-0.07633923,-4.9953723,3.0138245,0.10207799,-0.0041819727
47052000,8.063137,-0.07569591,-4.995612,3.0075328,0.10212698,-0.00456529
47060000,8.086448,-0.07504614,-4.9958506,3.0009604,0.10220464,-0.0049190857
47068000,8.109641,-0.074419424,-4.9961205,2.9941354,0.10221096,-0.005182582
47076000,8.132795,-0.07378633,-4.9963865,2.987135,0.10222168,-0.005468374
47084000,8.155909,-0.073147506,-4.9966497,2.9798653,0.10219205,-0.005760647
47092000,8.178978,-0.072503015,-4.9969096,2.972414,0.10216352,-0.00604418
47100000,8.20192,-0.07187684,-4.997183,2.9645705,0.10212895,-0.0063138427
47108000,8.224814,-0.07124495,-4.9974527,2.956565,0.10203849,-0.0066311704
47116000,8.24766,-0.070607506,-4.99772,2.9483283,0.10195517,-0.006925141
47124000,8.270454,-0.069964975,-4.997993,2.939823,0.10185887,-0.0072325687
47132000,8.293098,-0.06933702,-4.9982796,2.9310095,0.101780094,-0.007489729
47140000,8.315688,-0.068703294,-4.998563,2.9220197,0.10174994,-0.0078099766
47148000,8.338225,-0.06806517,-4.9988422,2.9127815,0.101671174,-0.008051534
47156000,8.360704,-0.067421615,-4.999118,2.9033542,0.101649344,-0.008274521
47164000,8.383014,-0.06677483,-4.999398,2.8935797,0.10157783,-0.008519143
47172000,8.405263,-0.06612317,-4.999671,2.8836737,0.1014489,-0.008732455
47180000,8.427449,-0.06546729,-4.999941,2.8735394,0.1012464,-0.008968489
47188000,8.449572,-0.064807534,-5.0002074,2.8631687,0.10109597,-0.009148263
47196000,8.471626,-0.06414345,-5.000471,2.8526082,0.10098207,-0.009389404
47204000,8.493498,-0.06348817,-5.000742,2.841703,0.10082309,-0.0096368715
47212000,8.515301,-0.06282846,-5.00101,2.8306274,0.10076127,-0.009773367
47220000,8.537041,-0.062166467,-5.0012746,2.8193736,0.10061373,-0.009847509
47228000,8.558707,-0.06150066,-5.0015354,2.8079457,0.100469984,-0.009940618
47236000,8.580171,-0.060835797,-5.001806,2.7962255,0.10026492,-0.010027263
47244000,8.60156,-0.06016749,-5.002072,2.784343,0.10008755,-0.010080617
47252000,8.622872,-0.05949574,-5.002334,2.772251,0.09993123,-0.01012911
47260000,8.644107,-0.058820393,-5.002592,2.7598903,0.09978316,-0.0102510145
47268000,8.665137,-0.058143426,-5.0028424,2.747274,0.099660784,-0.010322006
47276000,8.686088,-0.057463065,-5.0030885,2.734494,0.09946695,-0.010310449
47284000,8.706955,-0.05677975,-5.003331,2.7215018,0.099283434,-0.010349312
47292000,8.72775,-0.056096945,-5.0035686,2.7084305,0.099092945,-0.010395941
47300000,8.748311,-0.055411626,-5.0038247,2.6950865,0.09888286,-0.010424512
47308000,8.768787,-0.054723717,-5.004077,2.681585,0.0986968,-0.010434264
47316000,8.789176,-0.0540333,-5.0043244,2.667896,0.09848784,-0.0104127
47324000,8.809477,-0.05334075,-5.004564,2.6540935,0.0982454,-0.01035335
47332000,8.829527,-0.052654836,-5.0048223,2.639962,0.09797826,-0.010260198
47340000,8.849486,-0.05196691,-5.005076,2.6256418,0.09774339,-0.010159888
47348000,8.869355,-0.051277008,-5.0053244,2.6112168,0.09750355,-0.010094683
47356000,8.889131,-0.05058523,-5.005568,2.5966854,0.09726722,-0.009992269
47364000,8.908663,-0.049903356,-5.00583,2.581885,0.09695215,-0.009813294
47372000,8.928101,-0.04922025,-5.0061007,2.5669808,0.09665391,-0.009649487
47380000,8.947444,-0.048535965,-5.0063653,2.5519671,0.09634894,-0.009495196
47388000,8.966691,-0.047850683,-5.0066247,2.5368085,0.09600349,-0.009377264
47396000,8.985661,-0.047174387,-5.0068994,2.5213685,0.09569618,-0.009193328
47404000,9.004534,-0.046497118,-5.0071673,2.50578,0.095345,-0.008912817
47412000,9.023308,-0.04581896,-5.0074277,2.4901202,0.09504605,-0.0085845
47420000,9.041982,-0.045139734,-5.0076914,2.4743283,0.094744526,-0.008234856
47428000,9.060388,-0.044474356,-5.007962,2.458222,0.094419576,-0.007956317
47436000,9.078693,-0.04380841,-5.0082254,2.4420455,0.09405471,-0.00768515
47444000,9.096896,-0.04314225,-5.0084815,2.4258232,0.093645856,-0.0073833284
47452000,9.114997,-0.04247616,-5.00873,2.4095204,0.09324468,-0.0070333728
47460000,9.132993,-0.041810367,-5.0089707,2.393094,0.09281464,-0.006692304
47468000,9.150693,-0.041160733,-5.0092263,2.3763974,0.092432,-0.0062967464
47476000,9.168289,-0.04051097,-5.009474,2.3595815,0.09201755,-0.0059234826
47484000,9.185779,-0.039860982,-5.0097127,2.3427742,0.09167051,-0.0055369684
47492000,9.203162,-0.03921077,-5.0099444,2.3258848,0.09128444,-0.0051820646
47500000,9.220286,-0.03858167,-5.010181,2.308782,0.090807885,-0.0047912993
47508000,9.237304,-0.037953317,-5.0104094,2.291581,0.09030673,-0.004416715
47516000,9.254213,-0.037325602,-5.0106297,2.2744005,0.08984772,-0.0040039313
47524000,9.271014,-0.036698762,-5.010848,2.257132,0.08934098,-0.0035558476
47532000,9.287545,-0.03609109,-5.0110793,2.23969,0.08886667,-0.0030828675
47540000,9.303967,-0.035483986,-5.0113015,2.222173,0.08836819,-0.0026152008
47548000,9.32028,-0.03487762,-5.011515,2.2045853,0.08788057,-0.002187196
47556000,9.336482,-0.034271996,-5.01172,2.1869667,0.08738442,-0.0017249731
47564000,9.352417,-0.033676565,-5.01193,2.1690736,0.0868408,-0.0012641007
47572000,9.368265,-0.033091933,-5.0121484,2.1512413,0.086321704,-0.00079272164
47580000,9.384002,-0.032508817,-5.0123568,2.1334114,0.085709,-0.0003001029
47588000,9.399625,-0.031927563,-5.012556,2.1154952,0.085135445,0.00023354481
47596000,9.414968,-0.03134941,-5.012762,2.0974357,0.08459232,0.0008061442
47604000,9.430198,-0.03077254,-5.0129576,2.079412,0.08406947,0.0013621191
47612000,9.445315,-0.03019712,-5.0131435,2.0612938,0.083524406,0.0018649024
47620000,9.4603195,-0.029623386,-5.0133085,2.0431669,0.08296803,0.002380922
47628000,9.475034,-0.029059812,-5.013481,2.0248723,0.08244741,0.0029345802
47636000,9.4896345,-0.028497841,-5.013644,2.0065565,0.081845626,0.0035159674
47644000,9.504147,-0.027950054,-5.0137944,1.988233,0.08120183,0.004129348
47652000,9.518545,-0.02740445,-5.0139356,1.9699224,0.080612786,0.0047382857
47660000,9.532632,-0.026869712,-5.0140853,1.9514617,0.07997554,0.005317141
47668000,9.546605,-0.026337124,-5.0142474,1.9329538,0.07935113,0.005862147
47676000,9.560465,-0.025806613,-5.0143995,1.9144948,0.07875083,0.0064539104
47684000,9.574211,-0.025277961,-5.014541,1.8960404,0.07817473,0.0070350645
47692000,9.587647,-0.02474539,-5.0146885,1.8774192,0.07756043,0.0075743995
47700000,9.600972,-0.02421516,-5.0148263,1.8587581,0.07692381,0.008147323
47708000,9.6141815,-0.023686977,-5.0149536,1.8401283,0.076394185,0.008800055
47716000,9.627277,-0.02316051,-5.0150704,1.8215598,0.075839154,0.009392334
47724000,9.640259,-0.02263593,-5.0151772,1.8029628,0.07530871,0.010024617
47732000,9.652938,-0.022113865,-5.015274,1.7842536,0.0747427,0.010627406
47740000,9.6655035,-0.021593623,-5.0153613,1.7655106,0.07418522,0.011241735
47748000,9.677956,-0.021075487,-5.0154386,1.7468352,0.0736161,0.011822708
47756000,9.690292,-0.0205592,-5.0155067,1.7281802,0.07307738,0.0124167595
47764000,9.702342,-0.02004214,-5.0155807,1.7094634,0.07253843,0.012989488
47772000,9.714278,-0.019526869,-5.015636,1.6906726,0.07202983,0.013585261
47780000,9.726101,-0.019013006,-5.015682,1.6719552,0.07155859,0.014142055
47788000,9.73781,-0.018500665,-5.01572,1.6532928,0.07103768,0.0146383755
47796000,9.749223,-0.017989552,-5.0157638,1.6345555,0.07050295,0.015175187
47804000,9.760524,-0.017480228,-5.015799,1.6158803,0.06999228,0.015736617
47812000,9.771713,-0.016972363,-5.015825,1.5971692,0.069519386,0.016270801
47820000,9.782789,-0.016466107,-5.015855,1.5785433,0.069007784,0.016819658
47828000,9.793575,-0.015955744,-5.015895,1.5597757,0.068562485,0.017306568
47836000,9.804252,-0.015446759,-5.0159264,1.541156,0.06808473,0.017775081
47844000,9.814816,-0.014939232,-5.015949,1.5225879,0.067611195,0.018269792
47852000,9.82527,-0.014433028,-5.015962,1.504075,0.06719674,0.018737923
47860000,9.835443,-0.013913126,-5.0159802,1.4855044,0.066823706,0.019184886
47868000,9.845506,-0.013394228,-5.016006,1.4669411,0.06639881,0.019581923
47876000,9.855459,-0.0128768,-5.0160236,1.4484473,0.06596653,0.020050263
47884000,9.865302,-0.012360831,-5.0160317,1.4300604,0.06551503,0.020545091
47892000,9.874872,-0.011840904,-5.0160546,1.411547,0.065108985,0.020982755
47900000,9.884334,-0.011322077,-5.016068,1.3931379,0.06473932,0.021521632
47908000,9.893687,-0.010804264,-5.016072,1.374814,0.06436848,0.022015566
47916000,9.902932,-0.010287554,-5.016066,1.3565632,0.06395926,0.022441339
47924000,9.911899,-0.009769891,-5.016086,1.3382293,0.06356179,0.022851327
47932000,9.920759,-0.009253338,-5.016096,1.3200098,0.06318977,0.023338608
47940000,9.929513,-0.0087379925,-5.0160966,1.301852,0.06278111,0.023823233
47948000,9.93816,-0.008224079,-5.0160875,1.283773,0.062371768,0.024260664
47956000,9.946537,-0.0077056475,-5.016099,1.2656468,0.062071193,0.024665285
47964000,9.954808,-0.0071877954,-5.016101,1.2475722,0.0617363,0.025065772
47972000,9.9629755,-0.0066710254,-5.016076,1.229658,0.061363973,0.025470544
47980000,9.971039,-0.0061551784,-5.016043,1.2118293,0.06105184,0.025913812
47988000,9.978997,-0.0056401007,-5.016001,1.1940951,0.060724556,0.026267769
47996000,9.986692,-0.0051361313,-5.015974,1.1763014,0.06036279,0.026679572
48004000,9.994285,-0.0046334676,-5.015938,1.1585771,0.059929024,0.027027646
48012000,10.001775,-0.0041319197,-5.0158935,1.1409874,0.059576966,0.027411405
48020000,10.009163,-0.0036313988,-5.015836,1.1235095,0.05921305,0.027771907
48028000,10.016298,-0.0031430635,-5.015783,1.1060944,0.0588785,0.028084738
48036000,10.023335,-0.0026556223,-5.015722,1.0887265,0.058484793,0.028412182
48044000,10.0302725,-0.0021689807,-5.0156536,1.0714636,0.05816154,0.028723046
48052000,10.037111,-0.0016828992,-5.015578,1.054332,0.05783813,0.029054135
48060000,10.043712,-0.0011987874,-5.015499,1.0371768,0.057434473,0.029310526
48068000,10.050215,-0.0007159685,-5.01542,1.020117,0.05705407,0.029619176
48076000,10.056621,-0.00023403917,-5.015333,1.0031937,0.05672302,0.029924963
48084000,10.06293,0.0002469797,-5.0152397,0.9864106,0.056383915,0.030133124
48092000,10.069013,0.00073984306,-5.0151443,0.9696108,0.056080695,0.030464964
48100000,10.075002,0.0012316159,-5.015042,0.9529858,0.05572433,0.030735886
48108000,10.080895,0.0017222892,-5.014933,0.9364401,0.05543595,0.030993678
48116000,10.086697,0.0022119272,-5.0148177,0.9200718,0.055087764,0.031237518
48124000,10.09228,0.0027170314,-5.0147033,0.9037202,0.054778375,0.031469934
48132000,10.097773,0.00322079,-5.014582,0.88747454,0.054460976,0.0317178
48140000,10.103172,0.0037229396,-5.0144553,0.871235,0.05412781,0.031927958
48148000,10.108481,0.004223632,-5.0143228,0.8552559,0.053819876,0.032172225
48156000,10.113603,0.004753783,-5.014193,0.83936405,0.053580616,0.032328457
48164000,10.118635,0.005282773,-5.0140576,0.82356465,0.053377524,0.032479383
48172000,10.123579,0.0058104875,-5.013889,0.807876,0.053136107,0.03265928
48180000,10.128435,0.006336756,-5.013716,0.7923228,0.05289221,0.032805074
48188000,10.133095,0.0069025853,-5.013534,0.7767749,0.052679405,0.033004515
48196000,10.137669,0.007466369,-5.0133476,0.76139224,0.05241486,0.033121604
48204000,10.142157,0.008027931,-5.013158,0.7461315,0.052158136,0.03325777
48212000,10.146559,0.008587663,-5.012964,0.73100156,0.05196905,0.0333573
48220000,10.150776,0.009174664,-5.0127635,0.71591216,0.051784545,0.033438787
48228000,10.15491,0.009759694,-5.01256,0.70095754,0.05159149,0.033497777
48236000,10.158961,0.010342644,-5.012353,0.6860841,0.051378675,0.03361145
48244000,10.162929,0.010923522,-5.012143,0.6714232,0.051191453,0.033672035
48252000,10.166814,0.011502489,-5.0119305,0.656895,0.051018134,0.0336587
48260000,10.170524,0.012111344,-5.011722,0.6424178,0.050868694,0.033641856
48268000,10.174153,0.012717739,-5.0115337,0.62806404,0.050654285,0.033600084
48276000,10.177704,0.013321636,-5.011343,0.6138408,0.050440267,0.033603303
48284000,10.181174,0.013923042,-5.011149,0.5997996,0.050246116,0.033603035
48292000,10.184486,0.014552141,-5.010959,0.5857903,0.05007974,0.033547956
48300000,10.18772,0.015178541,-5.0107675,0.57190347,0.0498982,0.033471145
48308000,10.190878,0.015802423,-5.0105734,0.558141,0.04970914,0.033434343
48316000,10.193959,0.016423656,-5.0103765,0.54455,0.04955363,0.033384096
48324000,10.196889,0.017073931,-5.010196,0.53103113,0.04943854,0.03324436
48332000,10.199745,0.017721787,-5.010014,0.5176788,0.04933059,0.033125058
48340000,10.202545,0.018356424,-5.009829,0.5044419,0.04921326,0.03301093
48348000,10.205272,0.018988807,-5.009642,0.49140775,0.049067628,0.03291618
48356000,10.207843,0.019649839,-5.009472,0.47840708,0.04898444,0.03283507
48364000,10.210343,0.020308534,-5.0093,0.46556872,0.04885644,0.032657072
48376000,10.212773,0.020964712,-5.009132,0.45284036,0.048768494,0.032525826
48380000,10.215133,0.021618614,-5.008962,0.44024298,0.048661333,0.032369338
48388000,10.217354,0.022299102,-5.0088086,0.4277378,0.048606798,0.032193948
48400000,10.219506,0.022977255,-5.0086527,0.41537884,0.048533335,0.032044243
48408000,10.221591,0.023652649,-5.008495,0.40313604,0.048427187,0.03185533
48416000,10.223625,0.024316054,-5.008334,0.39111575,0.048353568,0.031698946
48424000,10.2255335,0.024986653,-5.008182,0.37915188,0.04825139,0.031516142
48432000,10.227377,0.0256548,-5.0080276,0.3673054,0.048183333,0.031334423
48440000,10.229156,0.02632081,-5.0078716,0.355607,0.048119094,0.031130001
48452000,10.230869,0.026984353,-5.007714,0.3440202,0.047986686,0.030940635
48456000,10.23252,0.02764487,-5.007555,0.33260658,0.047808453,0.030671371
48464000,10.234058,0.028319754,-5.00739,0.321252,0.047699638,0.030404022
48472000,10.235536,0.028992105,-5.0072126,0.310075,0.047638524,0.030172324
48480000,10.236952,0.029661654,-5.0070343,0.2990881,0.047488507,0.029972851
48488000,10.238278,0.03035011,-5.006857,0.2882335,0.04735349,0.029823221
48496000,10.239547,0.031035181,-5.0066795,0.2775278,0.047190484,0.029634118
48504000,10.240756,0.031717055,-5.006501,0.26693735,0.04707342,0.029408706
48512000,10.241908,0.032395847,-5.0063224,0.25641635,0.046937652,0.029189704
48520000,10.243001,0.033071183,-5.006144,0.24605913,0.046779547,0.028911335
48528000,10.244013,0.03378196,-5.0059896,0.23586628,0.04666313,0.028663646
48536000,10.244969,0.03448867,-5.005834,0.22577348,0.046465997,0.02840453
48544000,10.24587,0.0351912,-5.0056787,0.21584107,0.046347212,0.028155286
48552000,10.246729,0.03588339,-5.0055227,0.20599593,0.046207048,0.027931998
48560000,10.247518,0.036601957,-5.005377,0.1962653,0.04608209,0.027716033
48568000,10.248252,0.037316114,-5.005231,0.186702,0.04585773,0.027456297
48576000,10.248933,0.038025446,-5.0051103,0.17724653,0.04564524,0.027187219
48584000,10.249561,0.038730398,-5.004988,0.16796432,0.045502897,0.026920343
48592000,10.250134,0.039454125,-5.004889,0.15880965,0.045355927,0.026640803
48600000,10.250656,0.04017315,-5.004788,0.14979774,0.04517201,0.026380336
48608000,10.251127,0.040886924,-5.0046864,0.14083803,0.044883963,0.02603641
48616000,10.251548,0.041595414,-5.0045834,0.13200067,0.04470247,0.025820704
48624000,10.251931,0.042305168,-5.0045085,0.12330307,0.044542804,0.025566455
48632000,10.252265,0.04300986,-5.0044317,0.114796,0.044280566,0.0252707
48640000,10.252551,0.04370952,-5.004354,0.10637602,0.04407825,0.024921497
48648000,10.2527895,0.044403814,-5.0042753,0.098125495,0.04377735,0.024608767
48656000,10.252998,0.045118593,-5.004223,0.089992866,0.043528643,0.024310743
48664000,10.25316,0.04582752,-5.0041685,0.081972644,0.04324837,0.024056373
48672000,10.253278,0.046530508,-5.0041304,0.074093714,0.042983968,0.023766194
48680000,10.253349,0.04722786,-5.0040903,0.066289976,0.042728722,0.0234446
48688000,10.253385,0.047940962,-5.004083,0.058627844,0.042462338,0.02312908
48696000,10.253387,0.04864347,-5.0040727,0.05112636,0.042199552,0.022879366
48704000,10.2533455,0.04933992,-5.0040593,0.043659803,0.04190745,0.022635764
48712000,10.253261,0.050030276,-5.0040436,0.03636546,0.041625336,0.022446416
48720000,10.253142,0.050719164,-5.004058,0.02925383,0.041265626,0.022173202
48728000,10.252981,0.051401164,-5.0040674,0.022206975,0.040890668,0.021848297
48736000,10.25278,0.052076373,-5.004074,0.015285454,0.04051848,0.021544723
48744000,10.252538,0.05274442,-5.004078,0.008482925,0.040088348,0.02133881
48752000,10.252267,0.053402554,-5.0040984,0.0017291396,0.039673407,0.02105619
48760000,10.251956,0.054053307,-5.0041156,-0.0048103114,0.03920676,0.020866198
48768000,10.2516165,0.054693047,-5.004129,-0.011213173,0.038779665,0.02065853
48776000,10.251239,0.05532555,-5.0041194,-0.017541684,0.03831606,0.020446304
48784000,10.250825,0.05595054,-5.0041075,-0.023737367,0.037832845,0.020279596
48792000,10.250398,0.056579232,-5.004107,-0.029860146,0.03734993,0.020086583
48800000,10.249933,0.05720034,-5.0041037,-0.035852052,0.036891453,0.01987369
48808000,10.2494335,0.057813637,-5.004098,-0.0417903,0.036368385,0.019736191
48816000,10.248898,0.058418784,-5.00409,-0.047606062,0.035832286,0.0195616
48824000,10.248345,0.059030324,-5.004096,-0.05338151,0.035297193,0.019363906
48832000,10.247767,0.05963054,-5.0041003,-0.058975328,0.034754194,0.019149123
48840000,10.247155,0.060222346,-5.004102,-0.06451874,0.034189858,0.01894011
48848000,10.246508,0.060805373,-5.0041018,-0.06992549,0.033575054,0.01874853
48856000,10.245864,0.061389845,-5.004115,-0.07524537,0.03299416,0.018547103
48864000,10.245186,0.061965477,-5.0041256,-0.08041694,0.032409787,0.018396487
48872000,10.244476,0.06253207,-5.0040936,-0.085494556,0.03177238,0.018236335
48880000,10.243734,0.06308941,-5.0040593,-0.0905197,0.031175075,0.01809885
48888000,10.2430105,0.06364366,-5.0040293,-0.09536418,0.030551905,0.017892856
48896000,10.242254,0.06418857,-5.003998,-0.100163326,0.029925572,0.01774002
48904000,10.241476,0.064721525,-5.003965,-0.104845405,0.029219633,0.0176617
48912000,10.240666,0.06524482,-5.00393,-0.10942541,0.028586227,0.017520027
48920000,10.239869,0.06578248,-5.0039005,-0.11391295,0.027954105,0.017432228
48928000,10.239042,0.066310026,-5.0038857,-0.11833256,0.027250681,0.01728673
48936000,10.238185,0.066827424,-5.003868,-0.12266435,0.02657264,0.017243326
48944000,10.237298,0.06733477,-5.0038486,-0.12692726,0.025888644,0.01709411
48952000,10.23643,0.06785831,-5.0038457,-0.13105105,0.025156066,0.016959108
48960000,10.235534,0.06837087,-5.0038404,-0.13508655,0.024423638,0.016814828
48968000,10.234609,0.06887246,-5.003833,-0.13901822,0.023666443,0.01665935
48976000,10.233663,0.06936157,-5.003815,-0.14294025,0.022974947,0.016534053
48984000,10.232737,0.0698602,-5.0038204,-0.14673917,0.022298744,0.016339213
48992000,10.231782,0.070348136,-5.0038233,-0.15043244,0.021585759,0.016224783
49000000,10.230802,0.07082515,-5.003824,-0.15400241,0.020863501,0.016125578
49008000,10.229794,0.07129141,-5.003823,-0.15756035,0.02015718,0.01601481
49016000,10.228807,0.07177027,-5.003835,-0.16094083,0.019410776,0.015896587
49024000,10.227796,0.07223778,-5.003849,-0.16429465,0.018697692,0.015788013
49032000,10.226757,0.072694115,-5.003861,-0.16764791,0.017964771,0.015659686
49040000,10.225694,0.07313917,-5.0038705,-0.17089677,0.017203001,0.015518218
49048000,10.224612,0.07357134,-5.003878,-0.17410952,0.016416844,0.015440663
49056000,10.223554,0.074027225,-5.003896,-0.17719921,0.015592227,0.015352067
49064000,10.222472,0.0744709,-5.0039115,-0.18019189,0.014812351,0.015267764
49072000,10.221365,0.07490234,-5.0039163,-0.18315338,0.014003261,0.015167337
49080000,10.220235,0.07532184,-5.0039186,-0.18601741,0.013219196,0.015049174
49088000,10.219134,0.07576542,-5.0039277,-0.18879001,0.012423417,0.014924952
49096000,10.218009,0.076196216,-5.0039344,-0.19151597,0.011616569,0.014791648
49104000,10.216862,0.07661442,-5.0039396,-0.19412503,0.010799085,0.014643396
49112000,10.215698,0.077019066,-5.003943,-0.19668518,0.010023973,0.0145439375
49120000,10.214562,0.077449225,-5.0039434,-0.19917943,0.009273729,0.01444675
49128000,10.213405,0.07786687,-5.0039525,-0.20154658,0.008536879,0.014392349
49136000,10.212226,0.07827186,-5.0039587,-0.20390627,0.0077479626,0.01430317
49144000,10.211025,0.07866448,-5.003963,-0.20623071,0.007036788,0.014223879
49152000,10.209841,0.079087555,-5.003956,-0.20846449,0.0063229837,0.014109759
49160000,10.208636,0.079497874,-5.003947,-0.21059123,0.0056002336,0.0140545415
49168000,10.207411,0.07989541,-5.003936,-0.212776,0.0048505566,0.013966474
49176000,10.206164,0.08028023,-5.003957,-0.21489522,0.0040903725,0.013817609
49184000,10.204937,0.0806943,-5.0039706,-0.21691851,0.0033629977,0.0137041
49192000,10.20369,0.08109515,-5.0039825,-0.21889232,0.0026252074,0.013600691
49200000,10.202422,0.08148315,-5.003992,-0.2208418,0.0019253566,0.013491978
49208000,10.201137,0.08185814,-5.0039997,-0.22273172,0.0011421938,0.01343784
49216000,10.199866,0.08226986,-5.0039887,-0.22451007,0.00045629215,0.013410978
49224000,10.198577,0.08266872,-5.0039597,-0.22627634,-0.00013268134,0.013355641
49232000,10.19727,0.083054796,-5.003929,-0.22799444,-0.0008518012,0.013266803
49240000,10.195945,0.08342747,-5.003898,-0.22965232,-0.0016101738,0.013213028
49248000,10.194634,0.0838321,-5.0038466,-0.23118235,-0.0022541338,0.013200324
49256000,10.19331,0.08422268,-5.0037947,-0.23274378,-0.002943965,0.013161483
49264000,10.191969,0.08460001,-5.003742,-0.23422037,-0.003591687,0.013133541
49272000,10.190612,0.08496445,-5.003734,-0.2355992,-0.0042448314,0.013052451
49280000,10.189278,0.08536581,-5.0037007,-0.23698303,-0.004881031,0.013045815
49288000,10.187928,0.08575362,-5.003666,-0.2383437,-0.0055143298,0.012995199
49296000,10.186562,0.08612801,-5.0036297,-0.2396154,-0.00617946,0.012920641
49304000,10.18518,0.08648904,-5.0035925,-0.24086298,-0.0068040434,0.012932385
49312000,10.183782,0.08683708,-5.0035534,-0.24208261,-0.007466949,0.012930497
49320000,10.18243,0.08722817,-5.0034924,-0.2431655,-0.008093322,0.012885435
49328000,10.1810665,0.08760521,-5.0034323,-0.24419369,-0.008668883,0.012870979
49336000,10.179688,0.08796901,-5.0033712,-0.24524683,-0.009258064,0.012900598
49344000,10.178296,0.08831953,-5.0033092,-0.24625729,-0.009877302,0.012815432
49352000,10.176942,0.08871018,-5.0032263,-0.24718733,-0.010480465,0.012777265
49360000,10.175573,0.0890869,-5.003143,-0.24812648,-0.011063117,0.012727815
49368000,10.17419,0.08944973,-5.00306,-0.24898766,-0.011678604,0.012610787
49376000,10.1727915,0.089799084,-5.002984,-0.24981734,-0.012225359,0.012541735
49384000,10.171451,0.09017507,-5.0028853,-0.25052047,-0.012793177,0.012541537
49392000,10.170098,0.09053664,-5.002788,-0.2512155,-0.013409965,0.012452897
49400000,10.168732,0.09088434,-5.0026913,-0.25191328,-0.013942818,0.0123578785
49408000,10.167352,0.09121881,-5.002595,-0.2526078,-0.014511123,0.012274644
49416000,10.166026,0.09158366,-5.002485,-0.25314865,-0.01507102,0.012231994
49424000,10.164687,0.09193445,-5.0023646,-0.25361705,-0.015652098,0.012209126
49432000,10.163335,0.09227114,-5.002246,-0.2541417,-0.016238706,0.012116117
49440000,10.161969,0.092593946,-5.0021286,-0.254699,-0.016838323,0.01203741
49448000,10.160676,0.09294156,-5.0020137,-0.25504896,-0.017405972,0.011920257
49456000,10.159369,0.0932749,-5.0019,-0.25543356,-0.017983109,0.01181661
49464000,10.158052,0.09359392,-5.0017886,-0.25574777,-0.018575892,0.01175065
49472000,10.156723,0.093898706,-5.0016923,-0.25602147,-0.01919556,0.011640783
49480000,10.155448,0.09423314,-5.0015874,-0.25623637,-0.019777844,0.011495241
49488000,10.1541605,0.09455302,-5.001485,-0.25642812,-0.020354778,0.011320955
49496000,10.15286,0.09485885,-5.0013833,-0.25661093,-0.020870375,0.011270551
49504000,10.1515465,0.09515104,-5.001283,-0.25680166,-0.021406172,0.01117416
49512000,10.150293,0.09546238,-5.0011744,-0.25691193,-0.021981478,0.011040518
49520000,10.149029,0.09575918,-5.001068,-0.25697705,-0.022549152,0.010925992
49528000,10.147751,0.09604208,-5.0009584,-0.25707597,-0.023063505,0.010879658
49536000,10.146464,0.096310705,-5.0008507,-0.25708723,-0.023690656,0.010773644
49544000,10.145226,0.09659806,-5.0007286,-0.25706318,-0.024314063,0.010682426
49552000,10.143974,0.096870646,-5.0006084,-0.25703356,-0.024914516,0.010529913
49560000,10.142712,0.09712879,-5.000491,-0.25696442,-0.025493467,0.010404048
49568000,10.141438,0.09737279,-5.0003757,-0.25683808,-0.026087482,0.010230441
49576000,10.140152,0.09760246,-5.000274,-0.25673413,-0.026716216,0.010105391
49584000,10.138917,0.09784577,-5.0001535,-0.25656644,-0.027306912,0.009985257
49592000,10.1376705,0.09807503,-5.0000353,-0.2564131,-0.027818982,0.009817481
49600000,10.136413,0.09829049,-4.9999194,-0.2562824,-0.028402276,0.009698009
49608000,10.135145,0.09849187,-4.999806,-0.25610563,-0.029009389,0.009538409
49616000,10.133932,0.098702386,-4.9996777,-0.25584605,-0.029561607,0.009452368
49624000,10.132708,0.09889909,-4.999559,-0.25560418,-0.030115308,0.009327869
49632000,10.131473,0.09908175,-4.999443,-0.25524193,-0.030740099,0.009152767
49640000,10.130228,0.09925042,-4.99933,-0.25494128,-0.031354934,0.008963102
49648000,10.129031,0.09943189,-4.9991975,-0.25454172,-0.031952303,0.008818162
49656000,10.127824,0.09959917,-4.999068,-0.2541343,-0.03256293,0.008735261
49664000,10.126608,0.099752165,-4.998941,-0.25373337,-0.033209853,0.008606266
49672000,10.125382,0.09989128,-4.998823,-0.25335893,-0.03379864,0.008531689
49680000,10.124195,0.100044094,-4.9986873,-0.25292152,-0.034377627,0.008413235
49688000,10.122997,0.10018284,-4.9985547,-0.25246006,-0.03499199,0.00830009
49696000,10.12179,0.10030749,-4.998424,-0.25200316,-0.03562125,0.008165591
49704000,10.120573,0.100418106,-4.998297,-0.25150567,-0.03625534,0.008027586
49712000,10.119407,0.1005449,-4.9981413,-0.25095636,-0.036890708,0.0078880135
49720000,10.118231,0.1006575,-4.997989,-0.25047994,-0.037467852,0.007726653
49728000,10.117045,0.100756355,-4.997865,-0.2499558,-0.038069505,0.0075621298
49736000,10.1158495,0.10084131,-4.997744,-0.24942721,-0.03868993,0.0074610477
49744000,10.1147175,0.100942634,-4.9976,-0.24875414,-0.039311334,0.0073281536
49752000,10.113576,0.101029776,-4.997459,-0.24817185,-0.03989549,0.007168002
49760000,10.112425,0.1011034,-4.997321,-0.24760759,-0.04043748,0.007051013
49768000,10.111264,0.10116356,-4.997186,-0.24705459,-0.04103565,0.007008758
49776000,10.110174,0.10126731,-4.997016,-0.24647021,-0.04156891,0.006869922
49784000,10.109074,0.10135716,-4.99685,-0.24577945,-0.042085584,0.0067729233
49792000,10.107964,0.10143303,-4.9966874,-0.2451409,-0.042645693,0.0066612824
49800000,10.106844,0.10149494,-4.996528,-0.24454619,-0.043240197,0.0065311156
49808000,10.105786,0.101587616,-4.9963574,-0.2438102,-0.04383449,0.0064111655
49816000,10.10472,0.10166568,-4.9961905,-0.24310935,-0.044413634,0.0062809787
49824000,10.103644,0.10172928,-4.9960365,-0.24230981,-0.045000102,0.006139876
49832000,10.10256,0.10177859,-4.995886,-0.24153048,-0.045570448,0.005982538
49840000,10.101467,0.10181415,-4.995739,-0.24081112,-0.046108644,0.0059101963
49848000,10.100445,0.101885796,-4.9955974,-0.24002488,-0.04657993,0.0057941684
49856000,10.099413,0.101943776,-4.995459,-0.2392067,-0.047011092,0.005659563
49864000,10.098373,0.101988226,-4.995324,-0.23838064,-0.047506604,0.005466793
49872000,10.097324,0.10201859,-4.995211,-0.23755808,-0.048112486,0.0052832235
49880000,10.096362,0.10208171,-4.995103,-0.2366456,-0.048663724,0.0050939824
49888000,10.095393,0.10213036,-4.9949975,-0.23572963,-0.049205445,0.0049048937
49896000,10.094415,0.102164745,-4.994895,-0.23482159,-0.049708053,0.0046772994
49904000,10.093427,0.10218515,-4.994796,-0.23396836,-0.05025457,0.0045052585
49912000,10.09252,0.10223371,-4.994703,-0.233015,-0.050748743,0.004257396
49920000,10.091602,0.102268,-4.9946127,-0.23212312,-0.051231578,0.00407347
49928000,10.090676,0.10228813,-4.9945297,-0.23118272,-0.051756788,0.0039007533
49936000,10.089741,0.10229412,-4.9944496,-0.23025309,-0.052296896,0.003709945
49944000,10.088887,0.10231494,-4.994372,-0.22922441,-0.052793715,0.0035256892
49956000,10.088026,0.1023221,-4.9942966,-0.22822389,-0.053222995,0.0033325087
49964000,10.087155,0.10231571,-4.9942236,-0.22719397,-0.053715046,0.0031924238
49972000,10.086275,0.1022958,-4.994153,-0.22620012,-0.054174375,0.0030385528
49980000,10.08548,0.10229552,-4.9940896,-0.2251514,-0.0545976,0.0028982386
49988000,10.084674,0.10228209,-4.9940286,-0.22412175,-0.05497033,0.0027545658
49996000,10.0838585,0.10225555,-4.9939694,-0.22307871,-0.055429894,0.0025712599
50004000,10.083034,0.1022155,-4.993912,-0.22202265,-0.055948127,0.0024168408
50012000,10.082294,0.10218719,-4.993862,-0.22092766,-0.05640694,0.0022958266
50020000,10.081546,0.1021455,-4.9938135,-0.21985608,-0.05685458,0.0021125788
50028000,10.080787,0.10209116,-4.9937577,-0.21876523,-0.057282522,0.0020138079
50036000,10.080019,0.10202402,-4.993703,-0.21766992,-0.057709057,0.0019019196
50044000,10.079243,0.10194436,-4.9936604,-0.21657807,-0.05816605,0.0017445919
50052000,10.078457,0.101851925,-4.99362,-0.2155272,-0.0586539,0.0015999934
50060000,10.0776615,0.10174688,-4.993581,-0.21445398,-0.059152614,0.0015025474
50068000,10.076859,0.10162956,-4.993543,-0.21339895,-0.059602372,0.0014063873
50076000,10.076048,0.10150026,-4.9935074,-0.21233451,-0.060048435,0.001243045
50084000,10.075229,0.101359025,-4.993473,-0.21136098,-0.060543936,0.0011418873
50092000,10.074402,0.10120588,-4.9934397,-0.21036206,-0.061006248,0.0010378401
50100000,10.073567,0.10104147,-4.9934077,-0.2094025,-0.06147626,0.0009655744
50108000,10.072725,0.10086568,-4.9933767,-0.20845927,-0.061921377,0.0009193066
50116000,10.071877,0.10067851,-4.9933524,-0.2074223,-0.0624189,0.0008083026
50124000,10.071021,0.1004801,-4.9933295,-0.20641033,-0.06288577,0.00064859673
50132000,10.070158,0.10027076,-4.9933195,-0.20549709,-0.06335295,0.00046911903
50140000,10.069288,0.100050434,-4.9933105,-0.20461282,-0.063839324,0.00031497196
50148000,10.068412,0.09981925,-4.993307,-0.20368302,-0.06430888,0.0002218847
50156000,10.067529,0.09957759,-4.9933043,-0.20278503,-0.064760864,0.000102848775
50164000,10.06664,0.099325396,-4.9933023,-0.20184149,-0.065261595,-5.520042e-05
50172000,10.065745,0.099063106,-4.9933014,-0.20096514,-0.06570921,-0.0001335053
50180000,10.064844,0.098790646,-4.993302,-0.20012482,-0.06618629,-0.00021511689
50188000,10.063936,0.09850802,-4.9933023,-0.1993067,-0.06664587,-0.00027100748
50196000,10.063023,0.09821549,-4.9933033,-0.19845398,-0.06712765,-0.0003155405
50204000,10.062103,0.09791267,-4.9933047,-0.19761874,-0.0676594,-0.00040247026
50212000,10.061177,0.09759998,-4.9933114,-0.19676487,-0.06812185,-0.00044385748
50220000,10.060246,0.09727756,-4.993319,-0.19593081,-0.06858252,-0.00058191735
50228000,10.05931,0.096946016,-4.993327,-0.19512136,-0.06899916,-0.00070750254
50236000,10.05837,0.09660583,-4.9933357,-0.19432564,-0.0693945,-0.00076880667
50244000,10.057423,0.09625662,-4.993347,-0.19351092,-0.06987836,-0.0008139462
50252000,10.056472,0.09589811,-4.9933586,-0.19267939,-0.070336014,-0.0008603076
50260000,10.055515,0.09553044,-4.993385,-0.19195774,-0.070855446,-0.0057247872
50268000,10.054554,0.09515301,-4.9934793,-0.19113596,-0.0714499,-0.017509155
50276000,10.053589,0.09476569,-4.9936657,-0.19026752,-0.072049506,-0.03337868
50284000,10.052619,0.09436822,-4.99399,-0.18939412,-0.07271862,-0.051739
50292000,10.051646,0.093961015,-4.994467,-0.18857421,-0.07323402,-0.07142176
50300000,10.050669,0.09354608,-4.9951024,-0.1877532,-0.07340882,-0.0912547
50308000,10.049689,0.0931275,-4.9959083,-0.1869564,-0.07304264,-0.1105117
50316000,10.048705,0.09270998,-4.9968653,-0.18613875,-0.07195278,-0.12913954
50324000,10.047718,0.09230022,-4.997968,-0.18531458,-0.06992613,-0.14694229
50332000,10.046728,0.09190585,-4.999211,-0.18449588,-0.06696796,-0.16374557
50340000,10.045735,0.091535024,-5.000594,-0.18366921,-0.062913135,-0.17940472
50348000,10.044739,0.09119663,-5.0020976,-0.1828337,-0.05774656,-0.19384424
50356000,10.04374,0.09090001,-5.003711,-0.18200041,-0.051388476,-0.20700073
50364000,10.04274,0.09065455,-5.0054235,-0.18116736,-0.043888763,-0.218808
50372000,10.041737,0.09046988,-5.0072246,-0.18030308,-0.03512775,-0.22919993
50380000,10.040732,0.09035602,-5.0091004,-0.17948082,-0.025289474,-0.23824714
50388000,10.039726,0.090321146,-5.0110426,-0.17864633,-0.014351857,-0.24597843
50396000,10.038717,0.090374075,-5.0130405,-0.17790112,-0.0023265562,-0.2522902
50404000,10.037707,0.09052331,-5.0150843,-0.17711967,0.010719888,-0.25738657
50412000,10.036695,0.09077687,-5.017183,-0.17632207,0.02473619,-0.2613189
50420000,10.035681,0.091142565,-5.019307,-0.1755017,0.039734192,-0.26414025
50428000,10.034665,0.09162795,-5.0214615,-0.17467529,0.055607464,-0.2658293
50436000,10.0336485,0.09224027,-5.0236244,-0.17387465,0.07241796,-0.266577
50444000,10.032631,0.09298671,-5.025808,-0.17308095,0.090063475,-0.26634642
50452000,10.031607,0.09387473,-5.027984,-0.17228593,0.10847596,-0.2652338
50460000,10.0305805,0.094909444,-5.0301466,-0.17153175,0.1276661,-0.26323178
50468000,10.029554,0.09609685,-5.0322876,-0.17073806,0.14755416,-0.260396
50476000,10.028527,0.09744204,-5.034415,-0.16993219,0.1680488,-0.256827
50484000,10.0275,0.09895038,-5.0365086,-0.16911879,0.18926981,-0.25255993
50492000,10.026473,0.10062716,-5.0385637,-0.16828977,0.21106887,-0.24763554
50500000,10.025445,0.102476716,-5.040576,-0.16744688,0.23338495,-0.24216448
50508000,10.024418,0.104502775,-5.042563,-0.16674578,0.2561503,-0.23617885
50516000,10.023362,0.10670818,-5.044496,-0.16606577,0.27950367,-0.22971255
50524000,10.022306,0.10909827,-5.0463743,-0.16527802,0.3032458,-0.22289634
50532000,10.021252,0.11167628,-5.048189,-0.16448529,0.32744622,-0.21563119
50544000,10.020197,0.114445716,-5.0499616,-0.16376935,0.35203844,-0.20806395
50548000,10.019143,0.117409684,-5.05167,-0.16300277,0.37702304,-0.2002357
50556000,10.01809,0.120571226,-5.053313,-0.16226576,0.40240282,-0.19218884
50564000,10.017037,0.12393332,-5.0548882,-0.161531,0.42809716,-0.18392387
50572000,10.0159855,0.12749848,-5.056409,-0.16075988,0.4541288,-0.1755626
50580000,10.014935,0.13126929,-5.0578656,-0.16001987,0.48046786,-0.16706698
50588000,10.0138855,0.13524817,-5.0592513,-0.1593045,0.50708336,-0.1584695
50596000,10.012836,0.13943717,-5.0605655,-0.15856156,0.533968,-0.1497811
50604000,10.011788,0.14383854,-5.061827,-0.1577974,0.5611121,-0.14115809
50612000,10.010743,0.14845411,-5.0630174,-0.15699689,0.58847016,-0.13247551
50620000,10.009699,0.15328567,-5.064135,-0.15620975,0.6160468,-0.12379433
50628000,10.008656,0.15833466,-5.0651817,-0.15549155,0.64376205,-0.11509846
50636000,10.007614,0.16360249,-5.066157,-0.15469822,0.6716755,-0.106539376
50644000,10.006576,0.16909066,-5.067074,-0.15384653,0.69979095,-0.09812151
50652000,10.005539,0.17480077,-5.0679207,-0.15304175,0.7280643,-0.08968097
50660000,10.004504,0.1807339,-5.068698,-0.1522454,0.7564269,-0.08137154
50668000,10.003472,0.18689097,-5.0694065,-0.1514519,0.784944,-0.07320913
50676000,10.002442,0.193273,-5.0700655,-0.15067446,0.81353074,-0.06522962
50684000,10.001415,0.19988044,-5.070658,-0.14988264,0.8421514,-0.057392154
50692000,10.00039,0.20671374,-5.071186,-0.14907405,0.8708724,-0.049707666
50700000,9.999368,0.21377388,-5.0716505,-0.14824983,0.89966637,-0.042108405
50708000,9.998348,0.22106119,-5.072061,-0.14746909,0.9284971,-0.03470524
50716000,9.997332,0.2285762,-5.07241,-0.14668673,0.9573678,-0.02744136
50724000,9.996318,0.23631868,-5.072699,-0.14588632,0.9861502,-0.02034662
50732000,9.995307,0.24428825,-5.0729337,-0.14510515,1.0149052,-0.013446676
50740000,9.994298,0.25248486,-5.0731297,-0.14431284,1.043632,-0.006740921
50748000,9.993294,0.26090807,-5.07327,-0.14349127,1.0723041,-0.00019185046
50756000,9.992291,0.26955795,-5.0733557,-0.14269993,1.1010021,0.0061058328
50764000,9.991293,0.27843437,-5.0733886,-0.14190792,1.1296109,0.012219098
50772000,9.990298,0.2875366,-5.073389,-0.14108695,1.1581277,0.018108185
50780000,9.989306,0.29686403,-5.0733533,-0.14025201,1.1865526,0.023815732
50788000,9.988318,0.30641577,-5.0732694,-0.1394387,1.2148358,0.029269025
50796000,9.987334,0.316191,-5.073139,-0.13855787,1.2430246,0.034579407
50804000,9.986355,0.32618892,-5.072983,-0.13769896,1.2710987,0.039597988
50812000,9.985379,0.33640856,-5.0727835,-0.13689214,1.299033,0.04450362
50820000,9.984407,0.34684893,-5.0725417,-0.13609394,1.3268133,0.049275506
50828000,9.9834385,0.3575089,-5.0722713,-0.13532144,1.3544891,0.05379576
50836000,9.982474,0.36838776,-5.0719805,-0.13447434,1.3820024,0.058121447
50844000,9.981514,0.37948385,-5.071652,-0.1336396,1.4093088,0.06227645
50852000,9.980558,0.3907958,-5.0712867,-0.1328232,1.4364433,0.06620729
50860000,9.979607,0.4023226,-5.0708866,-0.1319937,1.4634552,0.06998634
50868000,9.978659,0.41406253,-5.0704713,-0.13113667,1.4901743,0.07360614
50876000,9.977716,0.42601404,-5.0700154,-0.13032049,1.5167602,0.07696226
50884000,9.976777,0.4381757,-5.06953,-0.12948662,1.5431023,0.08018669
50892000,9.975843,0.4505456,-5.0690155,-0.12863731,1.5692234,0.08320369
50900000,9.974914,0.46312234,-5.068474,-0.12778229,1.5951573,0.086035505
50908000,9.973989,0.47590426,-5.067922,-0.12698445,1.6208473,0.08866979
50916000,9.973068,0.48888928,-5.0673456,-0.12614745,1.6462821,0.09118308
50924000,9.972153,0.5020757,-5.0667458,-0.12530737,1.6714978,0.09358059
50932000,9.971241,0.51546174,-5.0661225,-0.12448308,1.6964892,0.095768146
50940000,9.970335,0.5290456,-5.06549,-0.12367931,1.7212209,0.09777238
50948000,9.969434,0.542825,-5.064838,-0.12284617,1.7456475,0.09964722
50956000,9.968536,0.55679774,-5.064168,-0.122088455,1.769805,0.10136122
50964000,9.967644,0.57096195,-5.063481,-0.12125126,1.7937446,0.10298308
50972000,9.966756,0.5853156,-5.062786,-0.12044829,1.8173847,0.104441315
50980000,9.965873,0.5998565,-5.0620866,-0.11959106,1.8407688,0.10572015
50988000,9.964995,0.61458254,-5.061373,-0.11876372,1.8638645,0.10684564
50996000,9.964123,0.62949175,-5.060647,-0.11793209,1.886727,0.107948676
51004000,9.963256,0.64458185,-5.0599136,-0.117077455,1.9092735,0.108880974
51012000,9.962393,0.65985084,-5.059169,-0.116293706,1.931591,0.109766945
51020000,9.961535,0.67529684,-5.058414,-0.11550627,1.9536624,0.11048505
51028000,9.960683,0.69091743,-5.0576587,-0.114710614,1.9753784,0.1111398
51036000,9.959835,0.7067101,-5.0568986,-0.11396116,1.996798,0.11170211
51044000,9.958991,0.72267264,-5.056131,-0.11315915,2.0179505,0.112140186
51052000,9.958153,0.738803,-5.055357,-0.112403624,2.0388565,0.112442754
51060000,9.957319,0.7550989,-5.054577,-0.11163924,2.0594294,0.11270229
51068000,9.9564905,0.7715583,-5.0537977,-0.11090841,2.0797956,0.11284927
51076000,9.955667,0.7881789,-5.0530314,-0.11013774,2.0998173,0.11292243
51084000,9.954847,0.8049583,-5.0522614,-0.109390706,2.119542,0.11290587
51092000,9.954033,0.8218941,-5.0514874,-0.10861234,2.1389575,0.11284228
51100000,9.953224,0.838984,-5.0507145,-0.10782093,2.1581383,0.11270371
51108000,9.952419,0.85622615,-5.049939,-0.10708784,2.1770477,0.11247146
51116000,9.95162,0.8736186,-5.0491624,-0.10636856,2.1957016,0.11220994
51124000,9.950826,0.8911587,-5.0483847,-0.10558259,2.214014,0.111847974
51132000,9.950036,0.9088441,-5.0476117,-0.10478591,2.232037,0.11143552
51140000,9.949252,0.9266726,-5.0468388,-0.1040405,2.2497823,0.110954285
51148000,9.948472,0.944642,-5.0460668,-0.10330843,2.267279,0.11042004
51156000,9.947698,0.9627505,-5.0452957,-0.102555536,2.2845347,0.1098353
51164000,9.946928,0.98099595,-5.044526,-0.10179292,2.301515,0.10923862
51172000,9.946164,0.9993761,-5.0437655,-0.10103606,2.3181922,0.1085945
51180000,9.945405,1.0178887,-5.0430455,-0.10036145,2.3346107,0.10789416
51188000,9.944651,1.0365314,-5.0423274,-0.09966352,2.3507369,0.107134864
51196000,9.943901,1.0553025,-5.041611,-0.09892091,2.3666313,0.106332526
51204000,9.943157,1.0741999,-5.0409026,-0.09818287,2.3822696,0.10549476
51212000,9.942417,1.0932215,-5.0401964,-0.097419284,2.3976665,0.10467204
51220000,9.941684,1.1123655,-5.0394926,-0.096683435,2.412778,0.10380426
51228000,9.940953,1.1316293,-5.038782,-0.0960299,2.427598,0.10291235
51236000,9.940228,1.1510109,-5.0380807,-0.09531848,2.442176,0.10193605
51244000,9.939509,1.1705085,-5.0373836,-0.094558015,2.4565134,0.10100771
51252000,9.938794,1.19012,-5.03669,-0.09386162,2.4705718,0.100051045
51260000,9.938085,1.2098432,-5.036001,-0.09315069,2.4844317,0.09906055
51268000,9.93738,1.2296766,-5.035322,-0.09245729,2.498055,0.09806977
51276000,9.93668,1.249618,-5.0346966,-0.09174577,2.5114274,0.09705424
51284000,9.935986,1.2696658,-5.0340743,-0.091054946,2.5245664,0.09603378
51292000,9.935296,1.2898182,-5.0334563,-0.090358324,2.5374584,0.09503515
51300000,9.934612,1.3100727,-5.0328445,-0.089610375,2.5500534,0.09403825
51308000,9.933933,1.3304274,-5.0322366,-0.088896826,2.562471,0.092970535
51316000,9.933258,1.3508812,-5.0316334,-0.08823316,2.5746982,0.091921456
51324000,9.932589,1.3714323,-5.031034,-0.08755047,2.586727,0.09091319
51332000,9.931924,1.392079,-5.0304427,-0.08687821,2.598538,0.08987021
51340000,9.931264,1.4128197,-5.029856,-0.086182356,2.6101549,0.08882215
51348000,9.930609,1.4336531,-5.0292735,-0.08549651,2.6216118,0.08781508
51356000,9.929959,1.4545776,-5.0286956,-0.084824845,2.6328268,0.086805515
51364000,9.929314,1.4755907,-5.028115,-0.08418097,2.6436992,0.0858281
51372000,9.928673,1.4966906,-5.0275383,-0.08351613,2.6544447,0.08482123
51380000,9.928037,1.5178758,-5.0269575,-0.08287143,2.6649313,0.0838398
51388000,9.927404,1.5391448,-5.026382,-0.08223273,2.6752899,0.08282316
51396000,9.926778,1.5604963,-5.0258083,-0.081568435,2.6854765,0.081785366
51404000,9.926155,1.5819287,-5.0252404,-0.080878,2.6954327,0.08080977
51412000,9.925538,1.6034404,-5.024678,-0.08018057,2.705245,0.07974563
51420000,9.924926,1.62503,-5.0241213,-0.07952383,2.7148259,0.0787795
51428000,9.924319,1.6466961,-5.023576,-0.07883038,2.724245,0.07781156
51436000,9.923717,1.668437,-5.0230355,-0.07816457,2.7335024,0.076875396
51444000,9.92312,1.6902516,-5.0225,-0.07754423,2.742562,0.075886786
51452000,9.922526,1.7121384,-5.0219703,-0.07692795,2.751471,0.074946366
51460000,9.921938,1.7340958,-5.0214453,-0.076281205,2.7601545,0.073995814
51468000,9.921354,1.7561224,-5.0209336,-0.075683154,2.7686887,0.073027536
51476000,9.920774,1.7782171,-5.020407,-0.07515169,2.7770693,0.072054565
51484000,9.920199,1.8003784,-5.019886,-0.07453655,2.7852876,0.0711108
51492000,9.919628,1.822605,-5.0193715,-0.073893644,2.7933033,0.070130005
51500000,9.919062,1.8448955,-5.0188704,-0.07326705,2.8011966,0.069219366
51508000,9.918501,1.8672489,-5.018375,-0.07265572,2.8089998,0.06833892
51516000,9.917943,1.8896643,-5.0178847,-0.07209678,2.8166246,0.067386016
51524000,9.91739,1.9121405,-5.0174003,-0.07153707,2.8241189,0.0664967
51532000,9.9168415,1.9346763,-5.0169344,-0.07094227,2.831452,0.06557043
51540000,9.916297,1.9572699,-5.0164733,-0.07034811,2.838555,0.064762
51548000,9.915757,1.9799204,-5.016017,-0.06979152,2.845614,0.06388519
51556000,9.915221,2.002627,-5.015566,-0.06921735,2.8525074,0.06302824
51564000,9.91469,2.0253882,-5.0151305,-0.06864507,2.859243,0.062241465
51572000,9.914164,2.048203,-5.014699,-0.06806738,2.8658392,0.06147037
51580000,9.91364,2.0710704,-5.014259,-0.0674933,2.872331,0.0606727
51588000,9.913122,2.0939898,-5.013823,-0.06686588,2.8786988,0.05987859
51596000,9.912608,2.1169593,-5.0134034,-0.06621169,2.8849092,0.05910104
51604000,9.9121,2.1399782,-5.0129886,-0.06565718,2.8909824,0.05831037
51612000,9.911595,2.1630456,-5.012578,-0.06512885,2.896979,0.057500005
51620000,9.911095,2.1861606,-5.0121713,-0.064585276,2.9028523,0.056827042
51628000,9.910598,2.209322,-5.0117874,-0.064000346,2.9085963,0.056013357
51636000,9.910106,2.2325294,-5.011408,-0.06344594,2.9142952,0.05518678
51644000,9.909618,2.2557821,-5.011032,-0.06291417,2.9198866,0.054383125
51652000,9.909134,2.2790794,-5.010661,-0.06241929,2.9253666,0.053634394
51660000,9.908654,2.3024197,-5.0102987,-0.06184433,2.9306395,0.052869458
51668000,9.908178,2.325802,-5.00994,-0.0613247,2.9358096,0.052114487
51676000,9.907707,2.3492255,-5.0095863,-0.06077912,2.940871,0.0514151
51684000,9.907239,2.372689,-5.0092363,-0.060250778,2.9458394,0.050707202
51692000,9.906775,2.3961923,-5.0088897,-0.059735786,2.9507458,0.049983032
51700000,9.906316,2.4197342,-5.008548,-0.05924666,2.9555051,0.049255013
51708000,9.90586,2.4433143,-5.0082097,-0.058705635,2.9602141,0.04854373
51716000,9.905408,2.4669318,-5.007875,-0.05819484,2.9648335,0.047924306
51724000,9.90496,2.4905856,-5.007544,-0.057676442,2.9692624,0.047225695
51732000,9.904515,2.5142746,-5.0072293,-0.057179905,2.9736793,0.046558082
51740000,9.904075,2.537999,-5.006918,-0.05671874,2.9780173,0.04597463
51748000,9.903638,2.5617573,-5.0066094,-0.056197934,2.98223,0.045309126
51756000,9.903206,2.5855496,-5.006304,-0.05562687,2.986405,0.044739556
51764000,9.902778,2.6093748,-5.0060015,-0.0551111,2.990525,0.04418676
51772000,9.902353,2.6332328,-5.005702,-0.05454875,2.994493,0.043614667
51780000,9.901933,2.6571221,-5.0054016,-0.05396176,2.9983468,0.043006863
51788000,9.901518,2.6810422,-5.005105,-0.053415474,3.0022287,0.042416908
51796000,9.901106,2.7049935,-5.0048165,-0.052863196,3.006063,0.041886378
51804000,9.900699,2.7289743,-5.0045304,-0.05237535,3.0096798,0.041406803
51812000,9.900295,2.7529843,-5.0042467,-0.05185893,3.0132756,0.04087789
51820000,9.899896,2.7770226,-5.003966,-0.051339675,3.0168047,0.040319376
51828000,9.899501,2.8010883,-5.003708,-0.050838836,3.0202157,0.039769936
51836000,9.899109,2.8251815,-5.0034523,-0.05039113,3.0235958,0.03922864
51844000,9.898721,2.8493013,-5.003199,-0.04994125,3.026919,0.038743537
51852000,9.898336,2.8734474,-5.002948,-0.04949273,3.0301745,0.038248375
51860000,9.897956,2.8976195,-5.0027103,-0.04899454,3.0334122,0.03768294
51868000,9.897578,2.9218166,-5.0024753,-0.04850749,3.0364873,0.037189532
51876000,9.897204,2.9460387,-5.002226,-0.04801661,3.0395546,0.036724802
51884000,9.896834,2.9702854,-5.0019784,-0.047568243,3.042569,0.036278766
51892000,9.896468,2.9945552,-5.001746,-0.047099095,3.0454438,0.035813626
51900000,9.896106,3.018848,-5.0015163,-0.046606224,3.0483067,0.035363875
51908000,9.895747,3.043163,-5.001288,-0.046127934,3.0510693,0.034897797
51916000,9.895391,3.0675004,-5.0010614,-0.045692448,3.0537884,0.03445991
51924000,9.8950405,3.0918589,-5.000848,-0.045179978,3.0564787,0.033976126
51932000,9.894692,3.116239,-5.0006256,-0.044700563,3.0591123,0.033486255
51940000,9.894348,3.14064,-5.000406,-0.044247434,3.0616846,0.033003308
51948000,9.894007,3.1650612,-5.000188,-0.04383418,3.0641844,0.032563414
51956000,9.89367,3.1895025,-4.9999714,-0.043346927,3.0666828,0.03221726
51964000,9.893335,3.213963,-4.9997635,-0.042942476,3.0690982,0.031739134
51972000,9.893004,3.2384427,-4.999558,-0.042538892,3.071416,0.03122511
51980000,9.892677,3.2629414,-4.999338,-0.04206313,3.0737162,0.030833451
51988000,9.892353,3.2874577,-4.9991207,-0.041598488,3.0759313,0.030447247
51996000,9.892033,3.3119917,-4.9989133,-0.041155893,3.0781436,0.03005933
52004000,9.891715,3.336543,-4.9987082,-0.040696643,3.080296,0.029632429
52012000,9.891401,3.3611116,-4.998505,-0.040264875,3.0824203,0.02919597
52020000,9.891091,3.3856964,-4.9983044,-0.039871383,3.0844455,0.028802857
52028000,9.890785,3.4102964,-4.9981413,-0.039394833,3.0864801,0.028423415
52036000,9.890482,3.4349127,-4.9979787,-0.03898367,3.0884535,0.028039873
52044000,9.8901825,3.4595442,-4.9978175,-0.038572464,3.0903633,0.027632978
52052000,9.889887,3.484191,-4.9976573,-0.038170304,3.0922506,0.027262468
52060000,9.889593,3.5088525,-4.9975085,-0.037727173,3.0941331,0.02697103
52068000,9.889304,3.5335286,-4.99736,-0.03729143,3.0959105,0.026597187
52076000,9.889018,3.5582194,-4.9972005,-0.03683431,3.0977106,0.026266314
52084000,9.888735,3.5829244,-4.997041,-0.036404833,3.0994427,0.025999304
52092000,9.888455,3.6076427,-4.9968886,-0.03597327,3.1011016,0.025696611
52100000,9.888179,3.632374,-4.996737,-0.035603058,3.1027927,0.025365543
52108000,9.887906,3.657119,-4.9965863,-0.035139736,3.1044252,0.02495437
52116000,9.887636,3.6818767,-4.9964375,-0.034698755,3.106012,0.02458921
52124000,9.88737,3.7066467,-4.9962883,-0.034248866,3.1075208,0.024288226
52132000,9.887107,3.7314286,-4.9961367,-0.033805937,3.108958,0.023909854
52140000,9.8868475,3.756222,-4.9959865,-0.03335138,3.1103828,0.023618657
52148000,9.886591,3.7810266,-4.9958367,-0.03293663,3.1117992,0.023295658
52156000,9.886338,3.8058422,-4.995692,-0.032509852,3.1131637,0.023013558
52164000,9.886089,3.8306684,-4.995548,-0.03212625,3.114506,0.022734383
52172000,9.885842,3.8555055,-4.9954047,-0.03170287,3.1158135,0.022483928
52180000,9.885598,3.8803535,-4.995244,-0.031356126,3.1171315,0.02216547
52188000,9.885358,3.9052114,-4.9950924,-0.030922538,3.1184385,0.021937199
52196000,9.88512,3.93008,-4.9949417,-0.03054166,3.119729,0.021685727
52204000,9.884886,3.9549587,-4.994792,-0.030131055,3.1209686,0.02141062
52212000,9.884654,3.979847,-4.9946437,-0.02970109,3.1221552,0.021124588
52220000,9.884426,4.004744,-4.994497,-0.029239867,3.123289,0.020804957
52228000,9.884203,4.0296497,-4.994377,-0.028782796,3.1244016,0.020481188
52236000,9.883983,4.0545635,-4.9942584,-0.028355777,3.1254873,0.020160494
52244000,9.883766,4.0794864,-4.9941406,-0.027992394,3.1265612,0.019891389
52252000,9.883552,4.104417,-4.994024,-0.027639745,3.1275642,0.019576859
52260000,9.88334,4.129356,-4.993907,-0.02730645,3.1285908,0.019323666
52268000,9.883132,4.154303,-4.9937906,-0.026925001,3.129599,0.019091154
52276000,9.882926,4.1792583,-4.9936686,-0.026490632,3.130598,0.018763756
52284000,9.882723,4.2042217,-4.993548,-0.026049146,3.1315594,0.018483952
52292000,9.8825245,4.2291923,-4.9934297,-0.02558907,3.132511,0.018194057
52300000,9.882329,4.25417,-4.993313,-0.025228426,3.1333842,0.017956112
52308000,9.882136,4.2791553,-4.9931965,-0.024827663,3.1342714,0.0177731
52316000,9.881947,4.304147,-4.993081,-0.024386443,3.1351311,0.017498966
52324000,9.881761,4.329145,-4.99297,-0.02397535,3.135922,0.017244907
52332000,9.8815775,4.3541493,-4.9928613,-0.023610255,3.1367352,0.017000198
52340000,9.881346,4.379161,-4.992753,-0.02317569,3.1375036,0.016767172
52348000,9.881118,4.4041777,-4.992645,-0.022806274,3.1382504,0.016576929
52356000,9.880894,4.429201,-4.9925356,-0.022428831,3.138997,0.016341224
52364000,9.880674,4.45423,-4.9924273,-0.02205784,3.1396916,0.016072549
52372000,9.880459,4.4792647,-4.99232,-0.021657158,3.1404262,0.015803715
52380000,9.880247,4.504306,-4.992193,-0.021282215,3.1411417,0.015591867
52388000,9.880038,4.5293527,-4.9920654,-0.020942856,3.1417713,0.0154150445
52396000,9.879834,4.5544047,-4.991938,-0.020533634,3.1424582,0.015284783
52404000,9.879634,4.5794616,-4.991812,-0.02015206,3.1430962,0.015042683
52412000,9.879385,4.6045246,-4.991688,-0.019822752,3.143715,0.014824436
52420000,9.879142,4.6295924,-4.991572,-0.019410659,3.1443365,0.014560384
52428000,9.878904,4.654664,-4.9914703,-0.019018231,3.1449292,0.014291563
52436000,9.878673,4.6797404,-4.9913697,-0.018610962,3.1455321,0.014165814
52444000,9.878446,4.704821,-4.99127,-0.018231334,3.1460803,0.014008912
52452000,9.878223,4.729906,-4.9911757,-0.017871115,3.1465933,0.013796485
52460000,9.878006,4.754995,-4.991082,-0.017541436,3.1470847,0.013561352
52468000,9.877792,4.7800875,-4.99099,-0.01714201,3.1475406,0.013347859
52476000,9.877534,4.8051834,-4.990934,-0.016854228,3.1480403,0.013126382
52484000,9.87728,4.830283,-4.9908776,-0.016513783,3.1485481,0.012906512
52492000,9.877032,4.855387,-4.99082,-0.016161466,3.149051,0.012641367
52500000,9.87679,4.880495,-4.990763,-0.015779475,3.1494992,0.012435862
52508000,9.876553,4.9056063,-4.990706,-0.015406681,3.1499398,0.012252807
52516000,9.876322,4.930721,-4.990649,-0.015054153,3.1503494,0.012023475
52524000,9.876096,4.955839,-4.9905896,-0.0147392815,3.1507845,0.011809161
52532000,9.8758745,4.980961,-4.9905205,-0.014395906,3.151205,0.011633183
52540000,9.875658,5.0060863,-4.990452,-0.014038072,3.1515825,0.0114258
52548000,9.875395,5.0312166,-4.990383,-0.013689846,3.1519308,0.011189706
52556000,9.875137,5.0563498,-4.9903135,-0.013379822,3.1523173,0.0109961005
52564000,9.874886,5.0814857,-4.9902453,-0.013064506,3.1526456,0.010802204
52572000,9.87464,5.106624,-4.9901776,-0.012745898,3.1529636,0.01058371
52580000,9.874399,5.1317677,-4.9900594,-0.012442322,3.1532383,0.010428771
52588000,9.874163,5.156914,-4.989938,-0.012125558,3.1535645,0.010253822
52596000,9.873933,5.1820626,-4.9898186,-0.011774447,3.153859,0.010043039
52604000,9.873709,5.2072134,-4.9897013,-0.011328267,3.1540911,0.009905691
52612000,9.87349,5.2323656,-4.9895864,-0.010965323,3.154349,0.009724372
52620000,9.873226,5.257522,-4.989474,-0.010666365,3.1546376,0.0095841205
52628000,9.872969,5.2826796,-4.9893923,-0.010402445,3.1549082,0.009424274
52636000,9.872718,5.3078384,-4.989312,-0.010034144,3.1552227,0.009252873
52644000,9.872474,5.3329997,-4.9892325,-0.009650058,3.155491,0.009153873
52652000,9.872237,5.3581634,-4.989157,-0.009274303,3.1558142,0.009030691
52660000,9.872006,5.3833284,-4.9890823,-0.008924036,3.1560495,0.0088327965
52668000,9.871782,5.408496,-4.9890094,-0.008534386,3.1562712,0.008675509
52676000,9.871565,5.433665,-4.9889293,-0.008129411,3.1565015,0.008546965
52684000,9.871354,5.458835,-4.9888573,-0.0077334484,3.1567025,0.008421876
52692000,9.871097,5.4840107,-4.988785,-0.007348904,3.1568918,0.008336298
52700000,9.870848,5.5091867,-4.9887133,-0.0069832522,3.1570716,0.008196375
52708000,9.8706045,5.5343647,-4.9886427,-0.0066713,3.1572402,0.008053827
52716000,9.870369,5.559543,-4.988577,-0.006304472,3.157406,0.007885167
52724000,9.87014,5.5847225,-4.988512,-0.005929665,3.157556,0.007743859
52732000,9.869918,5.6099052,-4.9884133,-0.00556892,3.157656,0.007589409
52740000,9.869702,5.635089,-4.988317,-0.0051760855,3.157789,0.007477814
52748000,9.8694935,5.660273,-4.988222,-0.0047958004,3.1578689,0.0073764645
52756000,9.869239,5.685461,-4.988138,-0.0044625537,3.1579905,0.0072412826
52764000,9.868992,5.7106495,-4.988056,-0.0041321022,3.1581426,0.007099645
52772000,9.8687525,5.735839,-4.987975,-0.0037719812,3.1582687,0.006963481
52780000,9.868522,5.7610273,-4.9879184,-0.0033818472,3.158393,0.0068305316
52788000,9.868299,5.7862153,-4.9878745,-0.0029925636,3.1584167,0.006668464
52796000,9.868084,5.8114038,-4.9878316,-0.0025535007,3.1584876,0.006531466
52804000,9.867877,5.836592,-4.9877896,-0.0021926602,3.158547,0.0062779733
52812000,9.867678,5.861781,-4.9877486,-0.001814615,3.1586387,0.006083538
52820000,9.867486,5.886969,-4.9877243,-0.0014196193,3.1587248,0.0058882525
52828000,9.867246,5.9121633,-4.987694,-0.0010241446,3.1587777,0.0056704558
52836000,9.867014,5.937357,-4.987664,-0.00062778796,3.1587718,0.00549989
52844000,9.866791,5.9625506,-4.987635,-0.0002378143,3.1587937,0.005295307
52852000,9.866576,5.987743,-4.9876227,0.00011684616,3.158841,0.0051330845
52860000,9.86637,6.012935,-4.9876103,0.0005033572,3.1589065,0.004963181
52868000,9.866171,6.038128,-4.987598,0.0008803622,3.1589105,0.0048572603
52876000,9.865981,6.0633197,-4.987595,0.0012410291,3.1588798,0.0047080293
52884000,9.865798,6.0885105,-4.987598,0.0016581002,3.1588962,0.004535855
52892000,9.865623,6.1137013,-4.987601,0.0020961496,3.1588871,0.0043815854
52900000,9.8654,6.1388974,-4.9876027,0.0025077204,3.158908,0.0042631445
52908000,9.865185,6.164093,-4.987604,0.0029187242,3.158901,0.0041153478
52916000,9.86498,6.1892877,-4.987619,0.0033156336,3.1589084,0.003960795
52924000,9.864783,6.214482,-4.987633,0.0037538062,3.1589077,0.0038474975
52932000,9.864594,6.239677,-4.987634,0.0042076735,3.1588774,0.0037523517
52940000,9.864415,6.264871,-4.987635,0.004679883,3.158858,0.0035884597
52948000,9.864245,6.2900643,-4.987647,0.0050869044,3.1588707,0.0034685258
52956000,9.864082,6.315258,-4.987659,0.0055057216,3.1589112,0.0033567355
52964000,9.863929,6.340451,-4.9876704,0.005950118,3.1588829,0.0032558325
52972000,9.863724,6.3656497,-4.98768,0.0063976482,3.1588788,0.0031423373
52980000,9.863531,6.390845,-4.9877286,0.0068658944,3.1588693,0.0030778337
52988000,9.863347,6.4160395,-4.9877763,0.0073163677,3.1588066,0.0029343418
52996000,9.863173,6.4412336,-4.987823,0.007785153,3.1587248,0.0027881581
53004000,9.863008,6.4664264,-4.9878683,0.008241164,3.1586561,0.002674531
53012000,9.862851,6.4916186,-4.9879127,0.008714481,3.158637,0.0026347185
53020000,9.862705,6.5168095,-4.987968,0.009255875,3.1585996,0.0025640635
53028000,9.862569,6.541999,-4.9880266,0.009823373,3.1585305,0.00250319
53036000,9.862381,6.567195,-4.988082,0.010332762,3.1585026,0.002373183
53044000,9.862204,6.59239,-4.9881363,0.010881032,3.1583967,0.002277773
53052000,9.862037,6.6175833,-4.9882035,0.011358483,3.1583378,0.0021632235
53060000,9.86188,6.642775,-4.9882684,0.011882709,3.158243,0.0020860902
53068000,9.861734,6.667966,-4.988332,0.012349847,3.158154,0.0020332308
53076000,9.861597,6.6931567,-4.9883857,0.012854751,3.1580997,0.002010743
53084000,9.86147,6.7183456,-4.988451,0.013415897,3.1580253,0.0019713726
53092000,9.861354,6.7435336,-4.9885144,0.013968421,3.1579204,0.0019394157
53100000,9.861247,6.76872,-4.9885755,0.014545186,3.157811,0.0018582047
53108000,9.861087,6.793914,-4.988634,0.015088226,3.1577024,0.0017944102
53116000,9.860938,6.8191047,-4.988703,0.015624547,3.1575809,0.0017831638
53124000,9.8608,6.8442945,-4.9887695,0.016160337,3.1574926,0.0017821182
53132000,9.860673,6.8694835,-4.988827,0.016751578,3.1573448,0.0017561677
53140000,9.860557,6.894671,-4.988883,0.017262556,3.157188,0.0017195934
53148000,9.860451,6.9198565,-4.988945,0.017856164,3.1571007,0.0017335619
53156000,9.860355,6.9450407,-4.9890046,0.018473618,3.1569571,0.0016671026
53164000,9.8602705,6.9702234,-4.989063,0.019075187,3.156811,0.0016545039
53172000,9.860197,6.9954047,-4.9891186,0.019688755,3.1567354,0.0016767773
53180000,9.860067,7.020594,-4.989168,0.02029395,3.1565924,0.0017258204
53188000,9.85995,7.0457816,-4.989216,0.0208711,3.1564624,0.0017211882
53196000,9.859844,7.0709677,-4.989262,0.021469701,3.1563427,0.0016919434
53204000,9.85975,7.096153,-4.9893064,0.02206898,3.1562388,0.001739081
53212000,9.859667,7.1213355,-4.9893517,0.022652922,3.15609,0.0017547396
53220000,9.859594,7.146517,-4.989396,0.023273773,3.1559365,0.0016906324
53228000,9.859534,7.1716957,-4.989442,0.023957254,3.15575,0.0017249897
53236000,9.859485,7.196873,-4.9894853,0.024595143,3.155525,0.0017487581
53244000,9.859447,7.222047,-4.9895344,0.025232058,3.1552913,0.0017309383
53252000,9.859351,7.2472286,-4.98958,0.025893044,3.154943,0.0017362958
53260000,9.859268,7.2724066,-4.989624,0.026542222,3.1546183,0.0017307652
53268000,9.859198,7.297581,-4.989666,0.027158348,3.1542203,0.001744658
53276000,9.859139,7.32275,-4.989722,0.027812742,3.1537113,0.0016882615
53284000,9.859094,7.3479137,-4.9897795,0.028541658,3.153143,0.0016806001
53292000,9.85906,7.3730717,-4.9898357,0.029258842,3.152446,0.0016945052
53300000,9.859039,7.3982234,-4.989889,0.029960344,3.1516743,0.0017037501
53308000,9.85903,7.423368,-4.989941,0.03065201,3.1507955,0.0016371123
53316000,9.85896,7.448516,-4.9899917,0.03135046,3.1498113,0.001552171
53324000,9.858905,7.4736543,-4.9900413,0.03198003,3.1486468,0.001386317
53332000,9.858861,7.498782,-4.990091,0.032624315,3.1473653,0.0012081364
53340000,9.85883,7.5238986,-4.9901404,0.033321224,3.1459787,0.0010029238
53348000,9.858813,7.549002,-4.9901934,0.033999603,3.1444118,0.00077747606
53356000,9.858808,7.5740924,-4.9902463,0.03473444,3.142681,0.0005493683
53364000,9.858815,7.5991673,-4.9902997,0.03543103,3.1407886,0.00026922784
53372000,9.858835,7.6242256,-4.990353,0.036164943,3.1386788,1.97445e-05
53380000,9.858868,7.649266,-4.9904103,0.03686049,3.1363707,-0.00028714223
53388000,9.858842,7.674299,-4.990467,0.03749595,3.1339061,-0.00056192116
53396000,9.8588295,7.6993103,-4.9905243,0.038134933,3.131189,-0.0009120565
53404000,9.85883,7.724299,-4.9905825,0.038834795,3.1282918,-0.0012713247
53412000,9.858845,7.749262,-4.990652,0.039519623,3.1252353,-0.0016847358
53420000,9.858871,7.774198,-4.990723,0.040173043,3.1218686,-0.0020845723
53428000,9.8589115,7.7991056,-4.990802,0.04084242,3.1183157,-0.0024897638
53436000,9.858963,7.823983,-4.990882,0.041560333,3.1144922,-0.0029691467
53444000,9.859028,7.848828,-4.990969,0.04224701,3.11042,-0.0034463576
53452000,9.859105,7.8736386,-4.9910583,0.042921923,3.1062121,-0.00392028
53460000,9.859135,7.898433,-4.991148,0.04356211,3.1017427,-0.004407932
53468000,9.859178,7.92319,-4.9912395,0.044187915,3.0970507,-0.0049159485
53476000,9.859235,7.947902,-4.9913797,0.04479967,3.0921714,-0.005500384
53484000,9.859304,7.9725733,-4.991522,0.045478314,3.086975,-0.0060762307
53492000,9.859387,7.9972014,-4.9916654,0.04605855,3.0814836,-0.006617981
53500000,9.859481,8.021784,-4.991811,0.046723865,3.0758004,-0.007206486
53508000,9.859588,8.046319,-4.991959,0.04739205,3.0698683,-0.0077541834
53516000,9.859706,8.070806,-4.992109,0.04804075,3.0636642,-0.0082630385
53524000,9.859836,8.095241,-4.9922605,0.048640776,3.0572577,-0.008850104
53532000,9.85995,8.119654,-4.992399,0.049239345,3.0505378,-0.009381264
53540000,9.860075,8.14401,-4.9925404,0.049839094,3.0435426,-0.00992942
53548000,9.860212,8.168309,-4.9926796,0.050472397,3.0363584,-0.010463801
53556000,9.860361,8.192549,-4.9928217,0.051087085,3.0289066,-0.011031303
53564000,9.860521,8.216726,-4.992966,0.051724423,3.0211995,-0.011566426
53572000,9.860692,8.240841,-4.993113,0.052300382,3.0132263,-0.012047082
53580000,9.860875,8.264888,-4.993274,0.052913144,3.0050251,-0.012611276
53588000,9.861068,8.288868,-4.993438,0.053498097,2.9966097,-0.013106951
53596000,9.861286,8.312819,-4.993601,0.054117154,2.9879403,-0.013653354
53604000,9.861514,8.336697,-4.9937663,0.05473404,2.9790223,-0.014255184
53612000,9.861752,8.360501,-4.993937,0.055315968,2.9698367,-0.014755798
53620000,9.8619995,8.38423,-4.9941096,0.055916123,2.9604247,-0.015257408
53628000,9.862257,8.407883,-4.994269,0.05648646,2.9507601,-0.015770735
53636000,9.862523,8.431456,-4.9944315,0.057071913,2.9408507,-0.016214231
53644000,9.862799,8.454947,-4.9945936,0.05763336,2.9306993,-0.016676143
53652000,9.863084,8.478355,-4.9947586,0.058213044,2.920346,-0.01709978
53660000,9.863378,8.501678,-4.994925,0.0587184,2.9097385,-0.017468367
53668000,9.863744,8.524968,-4.9950905,0.059280004,2.8989394,-0.017778425
53676000,9.864119,8.548165,-4.9952793,0.059811104,2.8878715,-0.018076112
53684000,9.8645,8.571271,-4.995469,0.06038365,2.876607,-0.018400656
53696000,9.864889,8.594283,-4.9956603,0.060912516,2.865087,-0.01873405
53704000,9.865285,8.6172,-4.995853,0.061486315,2.853336,-0.019028101
53712000,9.865688,8.64002,-4.996044,0.062043767,2.8413432,-0.01931858
53720000,9.866098,8.662742,-4.996237,0.06260731,2.8291361,-0.019580185
53728000,9.866515,8.685363,-4.99643,0.06311687,2.8166592,-0.01981471
53736000,9.86694,8.707881,-4.9966264,0.0636816,2.8040457,-0.020046774
53744000,9.867484,8.730363,-4.9968195,0.064265974,2.791281,-0.020287212
53752000,9.868032,8.752738,-4.997018,0.06486592,2.7783227,-0.020496376
53760000,9.868587,8.775006,-4.9972167,0.06542484,2.7651503,-0.020715503
53768000,9.8691435,8.797165,-4.9974165,0.0660314,2.7517614,-0.020900168
53776000,9.869706,8.819211,-4.997621,0.066629894,2.7381434,-0.021022892
53784000,9.870275,8.841142,-4.9978523,0.067185335,2.724327,-0.021164095
53792000,9.870847,8.862959,-4.9980826,0.06772808,2.7103314,-0.021208305
53800000,9.871423,8.88466,-4.9983115,0.06828008,2.696093,-0.021258539
53808000,9.872004,8.906244,-4.998539,0.068835214,2.6817038,-0.021304991
53816000,9.872753,8.927788,-4.9987607,0.0694548,2.667188,-0.021343013
53824000,9.873504,8.949211,-4.998981,0.07004979,2.6525333,-0.021410689
53832000,9.874254,8.970511,-4.999202,0.070658736,2.6376917,-0.02137905
53840000,9.875007,8.991689,-4.9994206,0.071295895,2.622623,-0.021363547
53848000,9.87576,9.01274,-4.999645,0.07190708,2.6074054,-0.021318551
53856000,9.876514,9.033666,-4.999868,0.07246241,2.592006,-0.021236043
53864000,9.87727,9.054463,-5.000088,0.07305467,2.5764487,-0.021206792
53872000,9.878026,9.075133,-5.0003066,0.073564254,2.5606787,-0.021144481
53880000,9.878998,9.095754,-5.000536,0.07419777,2.5448747,-0.021039523
53888000,9.879966,9.116242,-5.000762,0.07484718,2.5288718,-0.020866744
53896000,9.88093,9.136597,-5.000985,0.07543909,2.5126724,-0.020687295
53904000,9.881891,9.156817,-5.001205,0.075992025,2.4964058,-0.020515818
53912000,9.88285,9.176902,-5.001426,0.07656125,2.4800189,-0.020335106
53920000,9.883804,9.19685,-5.001644,0.07716172,2.4634593,-0.0201575
53928000,9.884756,9.2166605,-5.0018587,0.077620916,2.4467666,-0.019890532
53936000,9.885705,9.236331,-5.0020843,0.07811618,2.4299562,-0.019650409
53944000,9.886652,9.255862,-5.00231,0.078570664,2.4130042,-0.019412126
53952000,9.887853,9.275342,-5.0025253,0.0791515,2.396021,-0.019184139
53960000,9.889045,9.294679,-5.0027375,0.07971749,2.3788998,-0.018920531
53968000,9.89023,9.313873,-5.002946,0.080343276,2.3616674,-0.018670507
53976000,9.891408,9.332922,-5.0031548,0.080943875,2.3443005,-0.018303629
53984000,9.892579,9.351824,-5.003382,0.08149149,2.326825,-0.018034928
53992000,9.893743,9.37058,-5.0036044,0.082003854,2.3092403,-0.017651116
54000000,9.894899,9.38919,-5.003822,0.08248468,2.2915263,-0.017348016
54008000,9.8960495,9.407651,-5.004047,0.08297478,2.2737284,-0.016964957
54016000,9.897193,9.425964,-5.0042663,0.08344021,2.2557287,-0.016561009
54024000,9.898629,9.444219,-5.0044737,0.08402794,2.237788,-0.016185569
54032000,9.900053,9.46232,-5.004696,0.08458517,2.2197387,-0.015763445
54040000,9.901464,9.4802685,-5.0049233,0.08514515,2.201554,-0.015368311
54048000,9.902864,9.498066,-5.0051446,0.085718185,2.1834095,-0.014992916
54056000,9.904252,9.515712,-5.00536,0.08623703,2.1651447,-0.014565827
54064000,9.905627,9.533205,-5.00557,0.086638086,2.146747,-0.014172052
54072000,9.906991,9.550546,-5.0057735,0.08703859,2.1282697,-0.0137611525
54080000,9.908342,9.567733,-5.005966,0.08743435,2.109708,-0.013272155
54088000,9.909682,9.584766,-5.0061526,0.087909535,2.091093,-0.012775635
54096000,9.911349,9.601733,-5.006327,0.08851281,2.0724785,-0.012398747
54104000,9.912999,9.618545,-5.0064964,0.08904002,2.0537922,-0.011957636
54112000,9.914632,9.635198,-5.0066705,0.08955553,2.0350385,-0.0115293395
54120000,9.916247,9.651693,-5.006839,0.09005788,2.0162404,-0.011120097
54128000,9.917847,9.668032,-5.007002,0.090563074,1.997375,-0.010634283
54136000,9.919428,9.684218,-5.007129,0.09100232,1.9784743,-0.0101822
54144000,9.920994,9.700244,-5.007265,0.091438726,1.9594908,-0.009691716
54152000,9.9225445,9.716112,-5.0073957,0.09175984,1.940465,-0.00918567
54160000,9.924451,9.731905,-5.0075145,0.09231398,1.9215025,-0.008608604
54168000,9.926335,9.747539,-5.0076265,0.092836715,1.902471,-0.008022838
54176000,9.928198,9.763009,-5.007754,0.093346834,1.883354,-0.0075205886
54184000,9.930039,9.778317,-5.007884,0.09377883,1.8641877,-0.006982806
54192000,9.931859,9.793467,-5.008008,0.094216675,1.8450941,-0.0065137814
54200000,9.933658,9.8084545,-5.0081263,0.09461347,1.8259083,-0.005975855
54208000,9.935436,9.823279,-5.0082593,0.094938755,1.8066533,-0.0054442985
54216000,9.937194,9.837944,-5.008385,0.095272794,1.7873791,-0.0049872184
54224000,9.938931,9.8524475,-5.008506,0.095582716,1.7680862,-0.004545816
54232000,9.941053,9.866865,-5.0086365,0.09597316,1.7488037,-0.004029213
54240000,9.943148,9.881117,-5.008784,0.096345596,1.7295079,-0.0034756195
54248000,9.945214,9.895208,-5.008924,0.09673031,1.7102747,-0.003011727
54256000,9.947254,9.909137,-5.009057,0.09708939,1.6909378,-0.0025358628
54264000,9.949267,9.922905,-5.009183,0.09745922,1.6716096,-0.0020877905
54272000,9.951256,9.936509,-5.009312,0.09776533,1.6522571,-0.0015732427
54280000,9.95322,9.949945,-5.0094743,0.098012626,1.6329194,-0.00103306
54288000,9.95516,9.963221,-5.009628,0.098220535,1.6135693,-0.00054639304
54296000,9.957075,9.976335,-5.0097737,0.09846114,1.5942096,-3.6992653e-05
54304000,9.959399,9.989359,-5.0099134,0.098854624,1.5749905,0.00049412576
54312000,9.96169,10.002221,-5.010045,0.09918895,1.5557055,0.0010314564
54320000,9.963948,10.014922,-5.010168,0.09949394,1.5364828,0.0016094738
54328000,9.966175,10.027462,-5.0102835,0.09975461,1.5172292,0.002127609
54336000,9.968371,10.03984,-5.0103984,0.099915646,1.4979717,0.0026766486
54344000,9.970536,10.052056,-5.0105076,0.100068755,1.4787496,0.003278453
54352000,9.972671,10.064113,-5.010608,0.100111395,1.4595104,0.003747281
54360000,9.974775,10.076009,-5.010702,0.10018752,1.4402895,0.004164745
54368000,9.97685,10.087744,-5.010789,0.10023228,1.421074,0.0046258923
54376000,9.979353,10.099382,-5.0108757,0.10041817,1.401926,0.0050785793
54384000,9.981817,10.110867,-5.010922,0.100585505,1.3828043,0.005573929
54392000,9.984243,10.1221895,-5.010962,0.10074274,1.363726,0.00608803
54400000,9.986632,10.133352,-5.010996,0.10082681,1.3446738,0.0065957024
54408000,9.988987,10.144355,-5.0110364,0.10087941,1.3256822,0.007065443
54416000,9.991305,10.155198,-5.01107,0.10089144,1.3066943,0.0075806547
54424000,9.9935875,10.165882,-5.011097,0.10080831,1.2877384,0.008071489
54432000,9.995834,10.176414,-5.0110855,0.100759394,1.2688032,0.008546374
54440000,9.998528,10.186842,-5.01108,0.10087637,1.2499632,0.009008192
54448000,10.001177,10.197112,-5.0110683,0.100918375,1.2311633,0.0095629385
54456000,10.003784,10.207224,-5.0110507,0.1009411,1.212376,0.010061394
54464000,10.006349,10.217178,-5.011028,0.10095309,1.1936545,0.010518907
54472000,10.008872,10.226975,-5.011006,0.10091782,1.1749771,0.010974265
54480000,10.011355,10.236618,-5.01097,0.1008224,1.1563344,0.0114261275
54488000,10.013798,10.246104,-5.010929,0.100685716,1.137699,0.011825671
54496000,10.016201,10.255435,-5.010884,0.10041779,1.1191069,0.012235786
54504000,10.018566,10.264608,-5.010847,0.10010328,1.1005759,0.012600994
54512000,10.021391,10.273678,-5.0108013,0.09998877,1.082151,0.013013831
54520000,10.024168,10.282593,-5.0107503,0.099827796,1.0638398,0.013431452
54528000,10.026897,10.291355,-5.0106945,0.09970063,1.0455731,0.013835691
54536000,10.029578,10.299966,-5.010621,0.099409506,1.0273385,0.01424028
54544000,10.032213,10.308424,-5.0105433,0.099075094,1.0091605,0.014608582
54552000,10.0348015,10.316731,-5.0104613,0.09871983,0.9911256,0.0150407795
54560000,10.037346,10.324887,-5.010375,0.09832689,0.97311527,0.015472763
54568000,10.039846,10.332889,-5.0103087,0.09795235,0.9551331,0.015846966
54576000,10.042304,10.340741,-5.010238,0.097491756,0.9372512,0.01618362
54584000,10.045238,10.348488,-5.0101614,0.09719427,0.9194541,0.016524289
54592000,10.048118,10.356085,-5.01008,0.09690102,0.901698,0.01682628
54600000,10.050945,10.363534,-5.0099945,0.096551426,0.883987,0.017162245
54608000,10.053722,10.3708315,-5.0099287,0.09618225,0.8664134,0.017479748
54616000,10.056449,10.377983,-5.0098586,0.0956865,0.84886736,0.01775746
54624000,10.059126,10.384987,-5.0097837,0.09514167,0.8314074,0.018014474
54632000,10.061752,10.391845,-5.0097156,0.09453143,0.81404984,0.01821934
54640000,10.064331,10.398555,-5.00966,0.09386516,0.79672784,0.018450014
54648000,10.066861,10.405122,-5.009599,0.093208015,0.7794863,0.018697223
54656000,10.069879,10.411583,-5.0095305,0.09272885,0.7623871,0.018933188
54664000,10.072838,10.417901,-5.009458,0.0922267,0.7453761,0.019161899
54672000,10.075741,10.424075,-5.009399,0.091682896,0.728485,0.01939261
54680000,10.078589,10.430105,-5.009358,0.0910937,0.7116528,0.019601993
54688000,10.081382,10.435995,-5.009312,0.09046436,0.6948631,0.019833062
54696000,10.08412,10.441745,-5.0092607,0.08971775,0.6781691,0.020078544
54704000,10.086804,10.447353,-5.0092196,0.08891772,0.6615222,0.020301558
54712000,10.089437,10.452824,-5.009174,0.08812215,0.645005,0.020470075
54720000,10.092559,10.458189,-5.0091205,0.0874936,0.62860674,0.020608565
54728000,10.095618,10.463418,-5.009063,0.0868084,0.612304,0.020784596
54736000,10.098617,10.468508,-5.009024,0.08602772,0.5960586,0.020977234
54744000,10.101553,10.473462,-5.0089803,0.08523519,0.57993275,0.021104688
54752000,10.104429,10.478283,-5.0089326,0.084409,0.56391335,0.021223862
54760000,10.107245,10.48297,-5.0088797,0.08350514,0.5480092,0.02139281
54768000,10.110004,10.487524,-5.0088325,0.08258475,0.5321924,0.021523803
54776000,10.112704,10.491947,-5.008781,0.081506714,0.51645285,0.021642076
54784000,10.115346,10.496244,-5.008689,0.08042343,0.50077474,0.021759853
54792000,10.1184845,10.50044,-5.008591,0.079632185,0.4852863,0.021835426
54800000,10.121556,10.504504,-5.008505,0.07873256,0.469873,0.021962885
54808000,10.124562,10.50844,-5.008415,0.077775344,0.45460674,0.022062637
54816000,10.127503,10.51225,-5.0083222,0.07672201,0.43942434,0.022165181
54824000,10.130379,10.515933,-5.0082264,0.07559356,0.42428598,0.02230059
54832000,10.133191,10.519488,-5.0081415,0.0744071,0.40923452,0.022482798
54840000,10.1359415,10.522919,-5.0080533,0.07325613,0.39435554,0.022624627
54848000,10.13863,10.526225,-5.0079613,0.07199933,0.3795542,0.022726884
54856000,10.141257,10.529409,-5.0078654,0.07068088,0.36486766,0.022845848
54864000,10.144384,10.532496,-5.007765,0.06959404,0.35033444,0.022894122
54872000,10.147442,10.5354595,-5.0076838,0.06844865,0.3359308,0.022981597
54880000,10.150426,10.538309,-5.0075517,0.06726338,0.32164723,0.02307472
54888000,10.153342,10.54104,-5.007417,0.06598638,0.3074281,0.023195675
54896000,10.156189,10.5436535,-5.0072803,0.06467335,0.29333892,0.023293292
54904000,10.15897,10.546147,-5.0071583,0.06328791,0.279372,0.023346309
54912000,10.161684,10.548526,-5.007034,0.061824493,0.26549456,0.023375014
54920000,10.164332,10.550788,-5.006907,0.060347274,0.25173578,0.023451088
54928000,10.166917,10.5529375,-5.0067782,0.058822043,0.23812824,0.023499817
54936000,10.170001,10.554992,-5.0066657,0.057471905,0.22464818,0.023577267
54944000,10.173011,10.556934,-5.006551,0.056133755,0.21129762,0.023596823
54952000,10.175946,10.558766,-5.006434,0.054668278,0.19801807,0.02355652
54960000,10.178809,10.560489,-5.0063148,0.053139716,0.18484144,0.023543008
54968000,10.181601,10.562099,-5.0062017,0.051557567,0.17181584,0.023509845
54976000,10.18432,10.563603,-5.006087,0.04993493,0.15890473,0.023537805
54984000,10.186973,10.564995,-5.006008,0.04828778,0.1460842,0.023530373
54992000,10.189555,10.56628,-5.0059257,0.046512745,0.13341811,0.023558931
55000000,10.19263,10.567478,-5.005852,0.04502141,0.12086483,0.023582103
55008000,10.195626,10.568571,-5.0057755,0.0434477,0.10841474,0.023616007
55016000,10.1985445,10.569562,-5.005695,0.041834727,0.096126765,0.023633864
55024000,10.201386,10.570451,-5.005612,0.0401891,0.08398142,0.023559252
55032000,10.204154,10.571235,-5.005557,0.038490225,0.07189366,0.023555346
55040000,10.206847,10.571919,-5.0054955,0.0367931,0.060162958,0.024877774
55048000,10.209469,10.572512,-5.0053887,0.035333276,0.049770094,0.034306172
55056000,10.212022,10.573022,-5.0051746,0.034089725,0.04047187,0.05042676
55064000,10.214509,10.573455,-5.0048227,0.032990642,0.031909883,0.07120965
55072000,10.217489,10.573834,-5.004287,0.032210976,0.023973653,0.09523974
55080000,10.220395,10.574148,-5.0035543,0.031437073,0.016490817,0.1214858
55088000,10.223229,10.574399,-5.0026026,0.03069336,0.0092880605,0.14916411
55096000,10.225994,10.574589,-5.001437,0.029995216,0.0023494544,0.17771204
55104000,10.228691,10.574719,-5.000038,0.02929599,-0.0044016237,0.20663859
55112000,10.23132,10.574793,-4.9984035,0.0285286,-0.011031642,0.23546778
55120000,10.233883,10.574811,-4.9965367,0.027702674,-0.017511364,0.2637878
55128000,10.236381,10.574775,-4.9944425,0.026875015,-0.023908319,0.29133672
55136000,10.238817,10.57468,-4.9921594,0.026092593,-0.030246152,0.31798074
55144000,10.241739,10.574545,-4.9896626,0.025511103,-0.036471605,0.3434836
55152000,10.244589,10.574358,-4.9869623,0.024849707,-0.04253011,0.3679596
55160000,10.247367,10.57412,-4.9840655,0.024269544,-0.0485461,0.39151984
55168000,10.250076,10.573829,-4.98099,0.023672275,-0.054426882,0.41408306
55176000,10.252717,10.573488,-4.977734,0.02307002,-0.06014944,0.435522
55184000,10.25529,10.573102,-4.9742856,0.02246338,-0.0657348,0.45599258
55192000,10.257798,10.572668,-4.9706745,0.02179821,-0.07120404,0.4753271
55200000,10.2602415,10.572188,-4.966905,0.021178903,-0.07656202,0.4935912
55208000,10.262624,10.571664,-4.96299,0.020594973,-0.08173264,0.51095617
55216000,10.265473,10.571108,-4.958936,0.02028238,-0.08666005,0.52740884
55224000,10.268253,10.57051,-4.954752,0.019920086,-0.091459915,0.54292893
55232000,10.270963,10.569873,-4.950428,0.01954889,-0.09602284,0.55766696
55240000,10.273605,10.569197,-4.945987,0.019193755,-0.10047309,0.57158005
55248000,10.276181,10.568482,-4.9414353,0.018861879,-0.104756795,0.58472556
55256000,10.278692,10.567732,-4.93678,0.01857502,-0.10882692,0.59707993
55264000,10.281141,10.566948,-4.9320135,0.018293178,-0.1127924,0.60873675
55272000,10.283529,10.56613,-4.9271545,0.018016532,-0.116504595,0.619714
55280000,10.286331,10.565294,-4.922209,0.017985106,-0.12003335,0.630039
55288000,10.289065,10.564427,-4.9171815,0.01799406,-0.123460926,0.63972694
55296000,10.291733,10.563533,-4.912065,0.018007321,-0.12670669,0.6488076
55304000,10.294335,10.562609,-4.9068766,0.018002994,-0.12981349,0.65738946
55312000,10.296875,10.561658,-4.9016204,0.018040925,-0.13273804,0.6654634
55320000,10.299353,10.560681,-4.896301,0.018081203,-0.13553873,0.67295396
55328000,10.301771,10.559681,-4.890909,0.018136801,-0.13816386,0.6799739
55336000,10.3041315,10.558658,-4.885462,0.018218908,-0.14062169,0.686574
55344000,10.306435,10.557612,-4.879963,0.01829698,-0.1429793,0.6927826
55352000,10.309043,10.556564,-4.8744154,0.01854952,-0.14521569,0.69860166
55360000,10.311588,10.555497,-4.8688054,0.018851092,-0.14729282,0.7040535
55368000,10.3140745,10.554411,-4.8631525,0.019129032,-0.1492707,0.7091477
55376000,10.316503,10.553307,-4.8574605,0.019351,-0.15110105,0.7139056
55384000,10.318874,10.552179,-4.851794,0.019628571,-0.1528279,0.71832734
55392000,10.321192,10.551037,-4.846091,0.01992427,-0.15441445,0.7224318
55400000,10.323454,10.54988,-4.8403354,0.020226669,-0.15589811,0.7261878
55408000,10.325664,10.548709,-4.8345494,0.020547768,-0.15733683,0.7297885
55416000,10.327823,10.5475235,-4.8287344,0.02083168,-0.15862145,0.7331393
55424000,10.330174,10.546346,-4.822892,0.021265993,-0.15988788,0.7362576
55432000,10.332472,10.5451565,-4.8169985,0.021663131,-0.16105038,0.7391889
55440000,10.334716,10.543954,-4.8110814,0.02205019,-0.16213341,0.74191946
55448000,10.336908,10.542741,-4.805143,0.022461815,-0.16308646,0.744438
55456000,10.33905,10.541517,-4.799185,0.02283066,-0.16395281,0.7467913
55464000,10.341143,10.540286,-4.7931833,0.023231413,-0.16477878,0.7489548
55472000,10.343187,10.539044,-4.7871656,0.02361834,-0.16551298,0.7509901
55480000,10.345185,10.537794,-4.781132,0.024050144,-0.16626698,0.7528553
55488000,10.347138,10.536535,-4.7750845,0.024428306,-0.1668785,0.75460714
55496000,10.349203,10.535288,-4.7689924,0.024871476,-0.16749224,0.7562362
55504000,10.351221,10.534033,-4.762889,0.025347834,-0.16802491,0.75773346
55512000,10.353194,10.532771,-4.756775,0.025807278,-0.1685339,0.75914794
55520000,10.3551235,10.531501,-4.750651,0.026245309,-0.16899645,0.76041776
55528000,10.357008,10.530227,-4.7444882,0.02671951,-0.16931027,0.7616102
55536000,10.3588505,10.528946,-4.738337,0.027138345,-0.16965166,0.76266575
55544000,10.360652,10.527659,-4.7321787,0.02754113,-0.16991408,0.7636519
55552000,10.362413,10.526369,-4.7260137,0.027874924,-0.17010702,0.76451766
55560000,10.364225,10.525091,-4.719818,0.028306538,-0.1703034,0.7653059
55568000,10.365996,10.523808,-4.7136188,0.028664479,-0.17049177,0.7660105
55576000,10.367728,10.522521,-4.707415,0.029066956,-0.17056058,0.76667285
55584000,10.369421,10.521231,-4.701211,0.029496694,-0.17063448,0.76721865
55592000,10.371077,10.5199375,-4.694977,0.02992135,-0.1707566,0.767749
55600000,10.372695,10.51864,-4.6887407,0.030306954,-0.17084756,0.7682082
55608000,10.374277,10.517339,-4.682503,0.030683178,-0.17087783,0.76860756
55616000,10.375825,10.516035,-4.6762652,0.031050734,-0.17090333,0.7689516
55624000,10.377337,10.5147295,-4.6699967,0.03146654,-0.17090122,0.76928025
55632000,10.378869,10.513435,-4.663729,0.031891897,-0.1708252,0.7695748
55640000,10.380367,10.512139,-4.657462,0.032309294,-0.17083658,0.7698107
55648000,10.381833,10.510839,-4.6511955,0.032683406,-0.17080408,0.7699754
55656000,10.383266,10.509538,-4.644931,0.03306379,-0.17073905,0.770135
55664000,10.384669,10.508234,-4.638644,0.03343363,-0.1706849,0.77023286
55672000,10.386041,10.506928,-4.63236,0.03372484,-0.17057487,0.7702486
55680000,10.387382,10.505621,-4.6260786,0.03405402,-0.17037868,0.77030224
55688000,10.388695,10.5043125,-4.6197996,0.03438882,-0.17023228,0.7703701
55696000,10.389978,10.503003,-4.613498,0.034702025,-0.17007989,0.77037287
55704000,10.391258,10.501705,-4.6072006,0.0350138,-0.16987756,0.770315
55712000,10.39251,10.500406,-4.6009073,0.03532046,-0.16967432,0.77021444
55720000,10.393737,10.499106,-4.594618,0.035616364,-0.1694705,0.7701125
55728000,10.394935,10.497806,-4.5883064,0.035867967,-0.16922487,0.77004313
55736000,10.396108,10.496505,-4.5820093,0.036166955,-0.16903931,0.76991737
55744000,10.397256,10.495203,-4.575716,0.036457047,-0.16877729,0.76973486
55752000,10.39838,10.4939,-4.569428,0.03668929,-0.1685403,0.76959556
55760000,10.399479,10.492598,-4.563125,0.036916412,-0.16827913,0.7693776
55768000,10.400555,10.491295,-4.5568285,0.03713986,-0.16803972,0.76912606
55776000,10.401614,10.490004,-4.5505376,0.037391506,-0.16782567,0.76881105
55784000,10.402652,10.488712,-4.5442524,0.037680358,-0.16761592,0.76853836
55792000,10.403667,10.48742,-4.5379567,0.037940454,-0.16730611,0.7682823
55800000,10.404662,10.486128,-4.531667,0.038193975,-0.16699272,0.767976
55808000,10.405637,10.484836,-4.5253835,0.038415045,-0.16671515,0.7676473
55816000,10.40659,10.483544,-4.519106,0.03855611,-0.16642559,0.76737505
55824000,10.407523,10.482252,-4.5128155,0.03878734,-0.16611473,0.7670372
55832000,10.408437,10.480961,-4.506548,0.03900515,-0.1658364,0.76675075
55840000,10.409329,10.479682,-4.5002856,0.039230254,-0.16555914,0.7664217
55848000,10.410203,10.478403,-4.4940295,0.039399013,-0.1652326,0.7660529
55856000,10.411057,10.477124,-4.4877563,0.039591134,-0.16492838,0.76571083
55864000,10.411896,10.475845,-4.481489,0.039768532,-0.16461216,0.76533735
55872000,10.412716,10.474567,-4.475229,0.03991735,-0.16428372,0.76494956
55880000,10.413521,10.47329,-4.468996,0.04009683,-0.16398074,0.76455253
55888000,10.414309,10.4720125,-4.4627476,0.04025236,-0.16367812,0.7641233
55896000,10.41508,10.470736,-4.456505,0.04039756,-0.16336286,0.76377505
55904000,10.415836,10.46946,-4.4502687,0.04053683,-0.16307415,0.7633003
55912000,10.416569,10.468196,-4.44404,0.0407177,-0.162747,0.7629132
55920000,10.417287,10.466933,-4.4378166,0.04082525,-0.16244096,0.7625171
55928000,10.41799,10.46567,-4.4315763,0.040927965,-0.16211887,0.76219606
55936000,10.418679,10.464407,-4.4253535,0.041035052,-0.16181664,0.7618617
55944000,10.419355,10.463145,-4.419136,0.04110947,-0.16150245,0.76150614
55952000,10.420017,10.4618845,-4.412925,0.041241385,-0.16119495,0.76115036
55960000,10.420667,10.460623,-4.406698,0.041411567,-0.16083996,0.76077175
55968000,10.421303,10.459363,-4.4004784,0.041575626,-0.16053592,0.7603888
55976000,10.421928,10.458103,-4.3942647,0.041744415,-0.16018261,0.7599871
55984000,10.422531,10.456858,-4.3880653,0.04188599,-0.15984462,0.75962573
55992000,10.423121,10.455611,-4.3818483,0.042001784,-0.15953065,0.75918955
56000000,10.423701,10.454366,-4.375638,0.042068347,-0.15917738,0.7587631
56008000,10.424271,10.453121,-4.3694344,0.042159073,-0.15887141,0.75838804
56016000,10.424829,10.451878,-4.3632374,0.042240296,-0.1586016,0.7579821
56024000,10.425375,10.450633,-4.357018,0.042311713,-0.15826385,0.7575683
56032000,10.425913,10.449389,-4.350806,0.042451326,-0.15792868,0.7571872
56040000,10.42644,10.448147,-4.3446007,0.042516317,-0.15758425,0.75682914
56048000,10.426958,10.446905,-4.338402,0.0426057,-0.15726802,0.75647277
56056000,10.427451,10.445676,-4.332182,0.0427168,-0.1569572,0.7561448
56064000,10.427936,10.4444475,-4.3259687,0.042809088,-0.1566568,0.7557845
56072000,10.428412,10.443219,-4.3197627,0.04288968,-0.15634742,0.7553691
56080000,10.428882,10.441992,-4.3135643,0.042982172,-0.15603597,0.75500727
56088000,10.429341,10.440764,-4.3073487,0.04306208,-0.15575218,0.75462085
56096000,10.429793,10.439538,-4.3011403,0.043148927,-0.1554291,0.7542025
56104000,10.430238,10.438313,-4.29494,0.043176927,-0.15505888,0.75385016
56112000,10.4306755,10.437088,-4.288747,0.04325043,-0.154734,0.75349396
56120000,10.431088,10.435876,-4.282526,0.043364484,-0.15438806,0.75313
56128000,10.431495,10.434665,-4.2763133,0.043429438,-0.1541012,0.75278366
56136000,10.431895,10.4334545,-4.2701106,0.043482803,-0.15378056,0.7523854
56144000,10.43229,10.432245,-4.263915,0.043553166,-0.15346982,0.75206566
56152000,10.432677,10.431035,-4.257698,0.043609142,-0.15316926,0.75167817
56160000,10.433059,10.429826,-4.251489,0.043662526,-0.15289697,0.7513187
56168000,10.4334345,10.4286175,-4.245288,0.043728083,-0.15261629,0.7509867
56176000,10.433805,10.42741,-4.2390947,0.043752525,-0.15232518,0.75063145
56184000,10.434171,10.426207,-4.232941,0.043791745,-0.15197289,0.7502194
56192000,10.434514,10.4250145,-4.226767,0.043831788,-0.15168598,0.74984854
56200000,10.434852,10.423824,-4.2205997,0.043842476,-0.15135233,0.749533
56208000,10.4351845,10.422634,-4.2144394,0.043859236,-0.15102206,0.7491624
56216000,10.435513,10.421446,-4.208286,0.043908533,-0.15071437,0.7488852
56224000,10.435837,10.420258,-4.20212,0.04397212,-0.15039068,0.74859756
56232000,10.436156,10.41907,-4.195967,0.043983348,-0.15001209,0.74824107
56240000,10.436472,10.417885,-4.1898217,0.044029757,-0.14969352,0.7478415
56248000,10.436784,10.4167,-4.1836834,0.04408992,-0.14939289,0.74744874
56256000,10.437092,10.415516,-4.1775374,0.04412501,-0.14907499,0.74707764
56264000,10.437379,10.414347,-4.1713996,0.044186138,-0.148796,0.7467049
56272000,10.438192,10.411403,-4.156316,0.044297326,-0.1480837,0.74574965
56280000,10.438476,10.410242,-4.15024,0.044278406,-0.14781474,0.74539125
56288000,10.438754,10.4090805,-4.1441545,0.04424627,-0.14749993,0.74504036
56296000,10.439031,10.407921,-4.1380754,0.044244796,-0.14709578,0.74467826
56304000,10.439302,10.406763,-4.1320024,0.044297393,-0.14674726,0.7443232
56312000,10.439573,10.405606,-4.125935,0.044316217,-0.14646453,0.7439477
56320000,10.43984,10.404449,-4.1198635,0.044310655,-0.14614467,0.7435828
56328000,10.4401045,10.403294,-4.1137977,0.044380095,-0.14585723,0.74326533
56336000,10.44035,10.402153,-4.10774,0.044422835,-0.14557709,0.7428568
56344000,10.440594,10.401013,-4.101689,0.044479247,-0.14524096,0.7425084
56352000,10.440835,10.399873,-4.095625,0.044496268,-0.1449064,0.74222225
56360000,10.441074,10.398733,-4.0895667,0.044509944,-0.14461733,0.7419707
56368000,10.441312,10.397595,-4.083514,0.04452213,-0.14432439,0.74159265
56376000,10.441547,10.396458,-4.0774674,0.044562887,-0.14404637,0.7412416
56384000,10.441782,10.395322,-4.0714293,0.04460002,-0.14380516,0.74092984
56392000,10.442015,10.394186,-4.065397,0.044586807,-0.14355086,0.7406102
56400000,10.442226,10.393065,-4.0593696,0.044561107,-0.14326315,0.7402669
56408000,10.442436,10.391945,-4.053348,0.044547506,-0.14299546,0.73994905
56416000,10.442645,10.390824,-4.047319,0.04456513,-0.1426743,0.73963916
56424000,10.443088,10.3897505,-4.0412836,0.044646762,-0.14235005,0.7393461
56432000,10.443461,10.388666,-4.0352597,0.044667814,-0.14207114,0.7390887
56440000,10.443785,10.387571,-4.0292354,0.04477336,-0.14177574,0.73878264
56448000,10.444072,10.386471,-4.02322,0.044911057,-0.14150432,0.7385046
56456000,10.444333,10.3853655,-4.0172124,0.044978146,-0.14125313,0.73830956
56464000,10.444554,10.384274,-4.011212,0.044919807,-0.14093724,0.73801386
56472000,10.444761,10.38318,-4.005217,0.044893865,-0.14067562,0.73770565
56480000,10.444958,10.382083,-3.999228,0.044951294,-0.14041245,0.73740584
56488000,10.445146,10.380986,-3.9932451,0.044974692,-0.14014496,0.7371042
56496000,10.445328,10.379888,-3.9872675,0.044961788,-0.13984102,0.73681825
56504000,10.445505,10.37879,-3.9812946,0.044949166,-0.13951644,0.7365788
56512000,10.445679,10.377691,-3.975318,0.04496331,-0.13920963,0.73635805
56520000,10.44585,10.376596,-3.969367,0.044998404,-0.13894667,0.7361327
56528000,10.446005,10.375517,-3.96342,0.045008056,-0.13869655,0.73591286
56536000,10.446157,10.374435,-3.9574676,0.045023546,-0.13844988,0.7356785
56544000,10.44631,10.373355,-3.9515195,0.045077637,-0.13819529,0.73547846
56552000,10.446464,10.372274,-3.9455743,0.045061402,-0.13786346,0.73527634
56560000,10.446616,10.371195,-3.939633,0.04503546,-0.13754712,0.73505473
56568000,10.446769,10.370117,-3.9336991,0.04501054,-0.13727249,0.7348385
56576000,10.446921,10.36904,-3.927763,0.045008216,-0.1370225,0.7345942
56584000,10.447075,10.367962,-3.9218302,0.044952698,-0.1367374,0.7343376
56592000,10.447228,10.366886,-3.9159012,0.04496873,-0.13641869,0.7340878
56600000,10.447366,10.365826,-3.9099755,0.044977445,-0.13609456,0.7338946
56608000,10.447504,10.364766,-3.904049,0.04494946,-0.13578527,0.73370826
56616000,10.447643,10.363708,-3.8981256,0.045002062,-0.13546532,0.7334691
56624000,10.447784,10.362652,-3.8922124,0.045010652,-0.13512167,0.7332435
56632000,10.4479265,10.361596,-3.8863018,0.044960365,-0.13483395,0.73301274
56640000,10.44807,10.36054,-3.8803887,0.04493765,-0.13455205,0.7327674
56648000,10.448214,10.359487,-3.8744788,0.044918172,-0.13425198,0.73250246
56656000,10.448358,10.358433,-3.8685725,0.04494138,-0.13397475,0.73226446
56664000,10.4485035,10.357381,-3.8626688,0.04495062,-0.13367511,0.7321234
56672000,10.448635,10.356347,-3.856784,0.04489756,-0.13339208,0.73193794
56680000,10.448769,10.355314,-3.8509014,0.044855803,-0.13314995,0.73179424
56688000,10.448902,10.354282,-3.8450205,0.044816952,-0.1328481,0.7316783
56696000,10.449037,10.3532505,-3.8391414,0.04475676,-0.13259494,0.73154503
56704000,10.449172,10.352217,-3.8332474,0.044696137,-0.13236465,0.7313779
56712000,10.449308,10.351183,-3.8273559,0.0447022,-0.13204944,0.7312354
56720000,10.449447,10.35015,-3.8214664,0.04469288,-0.13172707,0.7310784
56728000,10.449586,10.349119,-3.8155797,0.0446663,-0.13148485,0.7309247
56736000,10.449726,10.348084,-3.809677,0.044686187,-0.13123061,0.7307951
56744000,10.449851,10.347067,-3.8037767,0.04463406,-0.13099131,0.730706
56752000,10.449977,10.346049,-3.797879,0.044586957,-0.1307308,0.7305548
56760000,10.450105,10.345033,-3.791984,0.0446224,-0.13046567,0.73037845
56768000,10.450235,10.344023,-3.7861214,0.044634707,-0.13021307,0.73022777
56776000,10.450367,10.343014,-3.7802603,0.044655703,-0.12997462,0.73008186
56784000,10.450501,10.342005,-3.774401,0.044654332,-0.12971662,0.7299246
56792000,10.450637,10.340996,-3.7685432,0.04464219,-0.12947462,0.7297856
56800000,10.450774,10.339988,-3.7626858,0.04469423,-0.12921034,0.7295943
56808000,10.450899,10.338996,-3.7568305,0.04468783,-0.1289335,0.7294106
56816000,10.451025,10.338004,-3.7509773,0.04475667,-0.1286711,0.72923607
56824000,10.451154,10.337013,-3.7451255,0.04477985,-0.1284149,0.7291181
56832000,10.451284,10.336022,-3.739275,0.044822168,-0.12814347,0.7290194
56840000,10.451418,10.3350315,-3.7334235,0.04478605,-0.12785584,0.7289298
56848000,10.451552,10.334042,-3.7275734,0.044787146,-0.12756647,0.7287591
56856000,10.451688,10.333053,-3.7217252,0.044752076,-0.12731983,0.7285806
56864000,10.451826,10.332064,-3.7158785,0.0447637,-0.12701051,0.72850275
56872000,10.451966,10.331084,-3.7100668,0.04476081,-0.12671345,0.7283172
56880000,10.452092,10.330121,-3.7042565,0.044747062,-0.12642355,0.72816104
56888000,10.45222,10.329159,-3.698447,0.044744175,-0.12614761,0.7280554
56896000,10.45235,10.328197,-3.6926374,0.044719134,-0.12592828,0.72799265
56904000,10.452482,10.327232,-3.6868248,0.04468228,-0.12568171,0.72787285
56912000,10.452615,10.32627,-3.6810129,0.044671394,-0.12538472,0.72771466
56920000,10.45275,10.325308,-3.6752017,0.04468506,-0.12507758,0.7276347
56928000,10.452888,10.324346,-3.669391,0.044728532,-0.124797784,0.72753614
56936000,10.453027,10.323384,-3.6635766,0.044673562,-0.12451392,0.72741205
56944000,10.453168,10.322423,-3.657763,0.04468422,-0.12420952,0.727312
56952000,10.453294,10.321479,-3.6519504,0.044701073,-0.12390984,0.72722983
56960000,10.453422,10.320536,-3.6461382,0.044767123,-0.12366926,0.72710735
56968000,10.453553,10.319599,-3.6403542,0.04477178,-0.123408794,0.7270212
56976000,10.453687,10.318663,-3.63457,0.044777542,-0.1231514,0.72695345
56984000,10.453822,10.317726,-3.6287856,0.044802677,-0.12284273,0.72680193
56992000,10.45396,10.316791,-3.6230013,0.044778604,-0.12257446,0.7267453
57000000,10.4541,10.315856,-3.6172223,0.04476152,-0.12231255,0.72661746
57008000,10.454242,10.314922,-3.6114435,0.044762753,-0.12206009,0.72652
57016000,10.454385,10.313989,-3.6056645,0.044749744,-0.12182358,0.7264171
57024000,10.4545145,10.313072,-3.599886,0.04470577,-0.12159227,0.7262733
57032000,11.1517935,25.185926,-3.5941002,0.032635283,4.805098,0.7282677
57040000,11.151819,25.2256,-3.5882976,0.032612335,4.805414,0.7281718
57048000,11.151844,25.266495,-3.5824945,0.032593407,4.805697,0.7280918
57056000,11.151869,25.308582,-3.5766912,0.032572243,4.8059936,0.72802395
57064000,11.151654,25.348574,-3.5708895,0.032812048,4.806339,0.7277305
57072000,11.151451,25.389782,-3.5651488,0.033075143,4.8067117,0.72737145
57080000,11.151258,25.43217,-3.55941,0.033335254,4.8070574,0.7270122
57088000,11.151075,25.475706,-3.553673,0.03357578,4.8073845,0.72662014
57096000,11.150902,25.520357,-3.5479383,0.033744745,4.807727,0.7262366
57104000,11.150642,25.562893,-3.542197,0.03409308,4.8078604,0.725895
57112000,11.150396,25.60657,-3.536458,0.03438703,4.808018,0.72555137
57120000,11.150164,25.651352,-3.5307217,0.034735303,4.80818,0.7251694
57128000,11.149944,25.697208,-3.5249877,0.035072643,4.808304,0.72486436
57136000,11.149617,25.741228,-3.5192468,0.035585716,4.808313,0.72452253
57144000,11.149308,25.786343,-3.5135086,0.03603695,4.808347,0.7242227
57152000,11.149017,25.83252,-3.5077724,0.036457367,4.80839,0.7239927
57160000,11.148743,25.879728,-3.5020378,0.03682318,4.808414,0.72381794
57168000,11.148417,25.925165,-3.4962804,0.037365414,4.808404,0.7236959
57176000,11.148113,25.971655,-3.4905238,0.037899666,4.808392,0.72360796
57184000,11.147828,26.019167,-3.484768,0.03838962,4.80834,0.7235164
57192000,11.147566,26.066408,-3.4790125,0.038940378,4.8083143,0.72347987
57200000,11.147292,26.110708,-3.473219,0.039602973,4.808218,0.7235556
57208000,11.147043,26.154829,-3.467425,0.040180482,4.8081474,0.72366196
57216000,11.146817,26.198778,-3.4616306,0.040733505,4.8080897,0.7238243
57224000,11.146613,26.24256,-3.4558637,0.041251577,4.8080306,0.7239287
57232000,11.14635,26.283531,-3.4500716,0.041853033,4.807866,0.72408116
57240000,11.146111,26.324419,-3.4442778,0.04237478,4.807685,0.7242248
57248000,11.145894,26.365227,-3.4384818,0.042931627,4.8075085,0.7243926
57256000,11.1457,26.405954,-3.4326844,0.04346846,4.8073664,0.7244996
57264000,11.145451,26.443945,-3.4268668,0.044137605,4.8071947,0.72473377
57272000,11.145226,26.481937,-3.4210463,0.0447291,4.806949,0.7249496
57280000,11.145025,26.519932,-3.4152236,0.045305427,4.806752,0.7251043
57288000,11.144848,26.557928,-3.4093993,0.045840897,4.8066382,0.72518975
57296000,11.144649,26.593252,-3.4035473,0.046389416,4.8063164,0.72535044
57304000,11.144473,26.628653,-3.3976934,0.046916477,4.80606,0.72549105
57312000,11.14432,26.664131,-3.3918376,0.047446743,4.805895,0.7255996
57320000,11.144189,26.69968,-3.3859904,0.047993995,4.8057,0.7256824
57328000,11.144033,26.732687,-3.3801174,0.048557274,4.8053484,0.72587305
57336000,11.1439,26.765837,-3.374242,0.04906847,4.8049965,0.7259917
57344000,11.143788,26.799126,-3.3683646,0.04952129,4.8046412,0.72610086
57352000,11.143697,26.832548,-3.3624852,0.05003725,4.8042965,0.7261903
57360000,11.143626,26.866102,-3.356604,0.050519314,4.8040333,0.726314
57368000,11.143555,26.89706,-3.3507144,0.05092454,4.803604,0.7264239
57376000,11.143502,26.928217,-3.344823,0.051417705,4.8032594,0.7265624
57384000,11.143468,26.959572,-3.3389297,0.051797386,4.8029485,0.7266255
57392000,11.143451,26.991116,-3.3330352,0.0521661,4.80261,0.72658765
57400000,11.143427,27.020113,-3.3271563,0.052562863,4.8021927,0.72645164
57408000,11.143419,27.04937,-3.321277,0.052955795,4.8017893,0.7264416
57416000,11.14343,27.078875,-3.3153968,0.053348605,4.801478,0.72639644
57424000,11.143455,27.108624,-3.309526,0.0537105,4.801185,0.72632533
57432000,11.143482,27.135872,-3.303657,0.05407942,4.8007917,0.7262226
57440000,11.143525,27.163427,-3.2977884,0.054395285,4.8003974,0.7260747
57448000,11.143582,27.19128,-3.29192,0.054734595,4.799982,0.7259494
57456000,11.143654,27.219427,-3.2860522,0.055081025,4.7996416,0.7257813
57464000,11.143741,27.245152,-3.2801845,0.055420417,4.7992063,0.72560835
57472000,11.143842,27.271229,-3.2743354,0.05573952,4.798831,0.7254681
57480000,11.143955,27.29765,-3.2684865,0.056071106,4.7984395,0.7253648
57488000,11.144081,27.324402,-3.2626379,0.05638949,4.7980776,0.7251874
57496000,11.144212,27.348799,-3.2567966,0.056720596,4.7976933,0.7249908
57504000,11.144355,27.373587,-3.250956,0.057054717,4.7973104,0.7248097
57512000,11.144509,27.398754,-3.2451162,0.0573398,4.79693,0.72463703
57520000,11.144674,27.424292,-3.239292,0.057655025,4.796558,0.72444
57528000,11.14482,27.447538,-3.2334673,0.057964034,4.7961802,0.72423095
57536000,11.144978,27.47121,-3.2276435,0.05828811,4.7957835,0.7240823
57544000,11.145145,27.495295,-3.2218204,0.058552846,4.79537,0.7238818
57552000,11.145325,27.51978,-3.2159982,0.058824677,4.7950354,0.72370553
57560000,11.145477,27.542013,-3.2101867,0.0591169,4.7946377,0.7235072
57568000,11.145641,27.564701,-3.2043762,0.05938216,4.7943053,0.7233287
57576000,11.145817,27.587831,-3.1985667,0.059704773,4.7939577,0.723122
57584000,11.146003,27.61139,-3.1927583,0.06000313,4.7935953,0.7229474
57592000,11.146175,27.632755,-3.1869655,0.06030025,4.793201,0.7226931
57600000,11.1463585,27.654602,-3.1811743,0.060558178,4.792855,0.72240674
57608000,11.146551,27.676916,-3.175385,0.060828608,4.7925267,0.7221469
57616000,11.146754,27.69968,-3.1695971,0.06108984,4.79217,0.7219776
57624000,11.146967,27.722885,-3.1638103,0.061367292,4.791925,0.7217663
57632000,11.147166,27.743845,-3.1580534,0.06160279,4.791587,0.72147405
57640000,11.147374,27.765295,-3.152298,0.061809666,4.7912807,0.72126913
57648000,11.147592,27.787224,-3.1465435,0.062062338,4.790894,0.72107005
57656000,11.147818,27.809616,-3.14079,0.06226635,4.790499,0.7208694
57664000,11.148021,27.82981,-3.1350718,0.062397793,4.790093,0.7206038
57672000,11.148232,27.850517,-3.1293547,0.062499356,4.7897425,0.7203776
57680000,11.148452,27.871723,-3.1236384,0.062619194,4.7894244,0.72015834
57688000,11.14868,27.893417,-3.117923,0.062822394,4.789076,0.71992993
57696000,11.148868,27.91294,-3.1122499,0.06295546,4.7886267,0.71960825
57704000,11.149063,27.932993,-3.1065779,0.063098095,4.7882137,0.7193489
57712000,11.149267,27.953566,-3.1009061,0.06318969,4.7878165,0.7191722
57720000,11.149479,27.97464,-3.0952346,0.06328733,4.7873764,0.71893585
57728000,11.149655,27.99358,-3.0895894,0.063389294,4.786924,0.7186883
57736000,11.14984,28.01307,-3.0839443,0.06347849,4.786511,0.7184525
57744000,11.150033,28.033092,-3.0782993,0.06360388,4.7861133,0.71824414
57752000,11.150234,28.053635,-3.0726545,0.063716136,4.785721,0.7180741
57760000,11.150407,28.072048,-3.0670187,0.063746154,4.7853017,0.71785676
57768000,11.150588,28.091028,-3.0613825,0.06382919,4.7849264,0.7177124
57776000,11.150777,28.110558,-3.0557463,0.06386942,4.784588,0.717544
57784000,11.150971,28.130621,-3.0501096,0.06389453,4.784137,0.7174135
57792000,11.151119,28.148554,-3.04448,0.06394492,4.7836194,0.7173245
57800000,11.151274,28.167067,-3.03885,0.06394258,4.783168,0.7172312
57808000,11.151436,28.18614,-3.0332186,0.06396213,4.7826996,0.7171785
57816000,11.151606,28.205761,-3.0275862,0.06393035,4.7822604,0.71717525
57824000,11.151761,28.223269,-3.0219636,0.06394372,4.781708,0.717147
57832000,11.151924,28.241365,-3.0163393,0.06396845,4.781161,0.7171865
57840000,11.152094,28.260036,-3.0107129,0.063995615,4.7806907,0.7171655
57848000,11.15227,28.279266,-3.0050852,0.06402485,4.7802253,0.71712005
57856000,11.152437,28.296381,-2.9994528,0.06401715,4.7796535,0.71712446
57864000,11.152611,28.314098,-2.9938185,0.06397006,4.7790995,0.71714205
57872000,11.152791,28.3324,-2.9881825,0.063987546,4.7785707,0.7171884
57880000,11.152977,28.351267,-2.9825444,0.064050354,4.7780166,0.7172077
57888000,11.15317,28.370687,-2.9769046,0.06405387,4.777503,0.7172096
57896000,11.153345,28.387924,-2.9712515,0.06403781,4.7768497,0.7172261
57904000,11.153527,28.405758,-2.9655964,0.06400638,4.7762213,0.71728885
57912000,11.153714,28.424171,-2.9599397,0.064018376,4.775574,0.71730757
57920000,11.153908,28.44315,-2.9542937,0.06402363,4.774963,0.71737427
57928000,11.154088,28.459967,-2.9486437,0.063918136,4.774219,0.71738976
57936000,11.154273,28.477392,-2.9429917,0.063867964,4.7735243,0.7173973
57944000,11.154464,28.495407,-2.937338,0.063843586,4.7728868,0.7174561
57952000,11.154659,28.513998,-2.9316819,0.06379206,4.772204,0.7175451
57960000,11.154844,28.530443,-2.9260254,0.06380093,4.77137,0.7176244
57968000,11.155035,28.547504,-2.9203782,0.06380577,4.7705936,0.71772444
57976000,11.1552305,28.565168,-2.9147289,0.063794255,4.769875,0.71771264
57984000,11.155432,28.583412,-2.909078,0.06376578,4.769145,0.71770936
57992000,11.155608,28.599533,-2.9034264,0.06370487,4.768204,0.71773183
58000000,11.15579,28.61628,-2.8977726,0.063631654,4.767353,0.71777254
58008000,11.155977,28.633633,-2.8921168,0.063627906,4.7665243,0.71787214
58016000,11.156169,28.651577,-2.8864584,0.06356953,4.7656827,0.7179563
58024000,11.156348,28.66741,-2.880809,0.0634911,4.7646694,0.7179529
58032000,11.156531,28.683874,-2.875158,0.06342166,4.763745,0.71793413
58040000,11.15672,28.700954,-2.8695052,0.06331892,4.762775,0.7179544
58048000,11.156914,28.718628,-2.8638506,0.06325748,4.7618394,0.71799576
58056000,11.157093,28.734213,-2.8581831,0.063147396,4.7608123,0.7180474
58064000,11.157277,28.750435,-2.8525138,0.06303673,4.7597923,0.71811134
58072000,11.157465,28.767279,-2.846843,0.06300334,4.7588086,0.71811676
58080000,11.157659,28.784723,-2.8411705,0.06294475,4.7579,0.71815807
58088000,11.15784,28.800076,-2.835486,0.06286034,4.7568116,0.718184
58096000,11.158025,28.816072,-2.8298001,0.06281828,4.755763,0.71818465
58104000,11.158215,28.832693,-2.8241131,0.06273943,4.754672,0.71822584
58112000,11.15841,28.849922,-2.818425,0.06271338,4.7536798,0.71828264
58120000,11.158589,28.865067,-2.812738,0.06263595,4.7524705,0.7182394
58128000,11.158773,28.880857,-2.8070502,0.06257656,4.7513576,0.71827537
58136000,11.158961,28.897278,-2.8013616,0.062476467,4.7502904,0.71824205
58144000,11.159154,28.91431,-2.795672,0.062397942,4.749271,0.718238
58152000,11.15935,28.931938,-2.7900188,0.062294014,4.7482553,0.70603454
58160000,11.159517,28.947433,-2.7845159,0.062163573,4.747173,0.67712235
58168000,11.159688,28.963568,-2.779297,0.062068507,4.746133,0.6406598
58176000,11.159863,28.98032,-2.7743816,0.061973765,4.74515,0.6013707
58184000,11.160042,28.997677,-2.7697842,0.061867878,4.744067,0.561023
58192000,11.160207,29.012903,-2.7655182,0.06166468,4.742534,0.51971084
58200000,11.160374,29.02877,-2.7615874,0.061353117,4.740662,0.47686386
58208000,11.160543,29.045254,-2.758006,0.060901646,4.7381935,0.43208304
58216000,11.160713,29.062332,-2.7547905,0.06034464,4.734995,0.38516274
58224000,11.160868,29.077274,-2.7520874,0.059584484,4.7307844,0.33631608
58232000,11.16102,29.09284,-2.7497764,0.05862823,4.7257705,0.28625405
58240000,11.161169,29.109001,-2.747866,0.05741932,4.7199244,0.23536502
58248000,11.161312,29.125736,-2.746361,0.0560767,4.7131767,0.1840261
58256000,11.161426,29.14031,-2.7455332,0.054484464,4.705308,0.13202462
58264000,11.1615305,29.155483,-2.7451138,0.052704286,4.6964865,0.079702236
58272000,11.161625,29.171227,-2.7451067,0.05074873,4.686652,0.026943693
58280000,11.161708,29.187517,-2.7455137,0.048508834,4.6757812,-0.025857074
58288000,11.16176,29.201607,-2.746776,0.04607439,4.663816,-0.078898884
58296000,11.161798,29.216267,-2.7484448,0.04341617,4.65091,-0.13156505
58304000,11.161818,29.23147,-2.7505176,0.040563077,4.6370482,-0.1839096
58312000,11.1618185,29.247194,-2.7529917,0.03755934,4.6223183,-0.23578288
58320000,11.161764,29.260666,-2.7564209,0.03434345,4.6063976,-0.2878354
58328000,11.161689,29.274681,-2.760239,0.030949932,4.589675,-0.3395989
58336000,11.161591,29.289217,-2.764444,0.027284568,4.5721455,-0.39105424
58344000,11.161467,29.304247,-2.7690353,0.023483247,4.5537677,-0.4423593
58352000,11.161267,29.316967,-2.7745886,0.019476017,4.5343046,-0.4939759
58360000,11.161041,29.33021,-2.7805183,0.015264519,4.5140786,-0.5454058
58368000,11.160786,29.343948,-2.7868245,0.010864262,4.493116,-0.59668696
58376000,11.1605,29.358158,-2.7935066,0.006311282,4.4715056,-0.64783484
58384000,11.160135,29.370008,-2.8011112,0.0016111702,4.448769,-0.6994186
58392000,11.159738,29.38236,-2.8090854,-0.003243502,4.4254017,-0.7509742
58400000,11.1593075,29.395185,-2.8174293,-0.008217866,4.4013934,-0.8024429
58408000,11.158844,29.408464,-2.8261435,-0.013317714,4.3767858,-0.8537675
58416000,11.158344,29.422174,-2.835228,-0.018558387,4.351655,-0.9049525
58424000,11.157758,29.433403,-2.8452137,-0.023945188,4.3254843,-0.95660293
58432000,11.157134,29.445095,-2.8555632,-0.02948656,4.298785,-1.0081284
58440000,11.156472,29.457224,-2.8662763,-0.035097845,4.2715125,-1.0595502
58448000,11.155772,29.46977,-2.8773537,-0.040848635,4.243863,-1.1109217
58456000,11.15496,29.479807,-2.8892791,-0.04678048,4.215212,-1.1627777
58464000,11.154108,29.490294,-2.9015644,-0.052768208,4.1861258,-1.2145908
58472000,11.153216,29.501207,-2.91421,-0.058873862,4.1566567,-1.2663273
58480000,11.152282,29.512527,-2.927217,-0.06506802,4.1268377,-1.3179375
58488000,11.151243,29.521305,-2.94106,-0.07138734,4.0960245,-1.3698889
58496000,11.150163,29.530521,-2.9552586,-0.07780983,4.0648117,-1.4219886
58504000,11.149038,29.540155,-2.9698153,-0.08431388,4.0332613,-1.4740715
58512000,11.147871,29.550186,-2.9847298,-0.090864465,4.0014396,-1.5258317
58520000,11.146574,29.55764,-3.0004623,-0.09751638,3.9689038,-1.5772651
58528000,11.145234,29.565529,-3.0165362,-0.104237586,3.9362848,-1.6275978
58536000,11.143849,29.57383,-3.032944,-0.111026384,3.9036288,-1.6766968
58544000,11.14242,29.582525,-3.049677,-0.11778828,3.8708594,-1.7245659
58552000,11.140865,29.588621,-3.0672095,-0.12470635,3.83735,-1.771568
58560000,11.139283,29.59515,-3.0850425,-0.13162677,3.803546,-1.8174291
58568000,11.137654,29.602087,-3.1031692,-0.13862556,3.769369,-1.8623809
58576000,11.13598,29.609411,-3.1215844,-0.14570542,3.734793,-1.9065156
58584000,11.134175,29.61411,-3.1407511,-0.15302765,3.69892,-1.9503268
58592000,11.132323,29.619226,-3.1601906,-0.16051571,3.6622865,-1.993616
58600000,11.130421,29.624733,-3.1799004,-0.16818619,3.624772,-2.0365107
58608000,11.128467,29.630602,-3.1998796,-0.176099,3.5862455,-2.0791092
58616000,11.126369,29.63381,-3.2205584,-0.18440238,3.5460074,-2.121464
58624000,11.124218,29.637405,-3.2414904,-0.19274364,3.5050128,-2.1620517
58632000,11.122031,29.641363,-3.2626576,-0.20114206,3.4635763,-2.1997175
58640000,11.119788,29.645662,-3.2840352,-0.20959197,3.421957,-2.2336147
58648000,11.117393,29.647287,-3.3059797,-0.2181104,3.379766,-2.2635806
58656000,11.114941,29.64929,-3.3280642,-0.22658741,3.337815,-2.2891443
58664000,11.112434,29.651657,-3.3502543,-0.23493518,3.2961612,-2.3101296
58672000,11.109873,29.65437,-3.3725157,-0.24323456,3.2548745,-2.3266754
58680000,11.107256,29.657412,-3.3948145,-0.2514846,3.214012,-2.3388839
58688000,11.104482,29.657734,-3.4174263,-0.2597649,3.172959,-2.347081
58696000,11.101654,29.658434,-3.4400065,-0.2679663,3.1325054,-2.3513453
58704000,11.098801,29.659502,-3.4625258,-0.27588454,3.0926497,-2.3518507
58712000,11.095897,29.660917,-3.4849567,-0.28369486,3.0533159,-2.3489015
58720000,11.092845,29.659626,-3.5075047,-0.29152083,3.0137515,-2.3429365
58728000,11.089745,29.658733,-3.5299125,-0.29929936,2.974752,-2.3340464
58736000,11.086595,29.658222,-3.5521595,-0.30697396,2.9362507,-2.3225768
58744000,11.083397,29.65808,-3.5742276,-0.31452614,2.89811,-2.3087447
58752000,11.080049,29.655231,-3.5962007,-0.32220602,2.859556,-2.2928674
58760000,11.076653,29.652798,-3.6179616,-0.32981792,2.821435,-2.2750714
58768000,11.073243,29.650759,-3.639498,-0.3371733,2.7835898,-2.2555902
58776000,11.069788,29.6491,-3.6607978,-0.34452498,2.7460089,-2.2346547
58784000,11.066177,29.644754,-3.681797,-0.3520569,2.7078388,-2.2123497
58792000,11.062521,29.640831,-3.702542,-0.35952523,2.6698947,-2.1888459
58800000,11.058819,29.63731,-3.7230256,-0.3669849,2.6321235,-2.1643424
58808000,11.055072,29.634174,-3.7432408,-0.37440252,2.5944817,-2.1389148
58816000,11.051175,29.628359,-3.7629886,-0.38199592,2.5561721,-2.1124377
58824000,11.047233,29.622969,-3.7824595,-0.38962176,2.5178633,-2.085297
58832000,11.043244,29.617985,-3.8016505,-0.3972394,2.4796972,-2.0575557
58840000,11.039208,29.613388,-3.8205576,-0.40482968,2.4415586,-2.0293553
58848000,11.035023,29.606136,-3.8388941,-0.41271123,2.4027605,-2.0004938
58856000,11.030788,29.599312,-3.856947,-0.42066532,2.3639522,-1.9713063
58864000,11.026506,29.592894,-3.874714,-0.42857385,2.3251305,-1.9417851
58872000,11.022176,29.586863,-3.8921938,-0.436445,2.286262,-1.9120973
58880000,11.017689,29.57819,-3.9090595,-0.44452196,2.2465706,-1.881939
58888000,11.013152,29.56994,-3.925642,-0.45267734,2.2068453,-1.8517538
58896000,11.008567,29.562096,-3.9419417,-0.46083912,2.167093,-1.8215004
58904000,11.003931,29.554634,-3.9579597,-0.46901786,2.1271744,-1.7912853
58912000,10.999124,29.54454,-3.9733324,-0.4774097,2.0865126,-1.7608147
58920000,10.9942665,29.534868,-3.9884324,-0.4858791,2.0458083,-1.7304252
58928000,10.989357,29.525597,-4.003259,-0.49438128,2.0049655,-1.7002063
58936000,10.984396,29.516703,-4.017814,-0.50287676,1.9640241,-1.6701611
58944000,10.9793825,29.508171,-4.0320997,-0.5114478,1.9229344,-1.6403545
58952000,10.974238,29.499989,-4.045739,-0.5202106,1.8817754,-1.6104865
58960000,10.969039,29.492126,-4.0591197,-0.5290773,1.8405373,-1.5808173
58968000,10.963784,29.48457,-4.072258,-0.537908,1.799134,-1.5514534
58976000,10.958475,29.477297,-4.085141,-0.5467772,1.7576811,-1.5224165
58984000,10.953041,29.470299,-4.097401,-0.5558196,1.7160652,-1.4934652
58992000,10.94755,29.46355,-4.1094184,-0.564941,1.6742916,-1.4648424
59000000,10.942001,29.457037,-4.1211953,-0.5740987,1.6324238,-1.4365561
59008000,10.936395,29.450745,-4.1327353,-0.5832321,1.5905176,-1.4086463
59016000,10.930644,29.44464,-4.1436777,-0.5926986,1.5484483,-1.3808258
59024000,10.924834,29.438725,-4.154395,-0.6021804,1.5063436,-1.3534336
59032000,10.918963,29.432983,-4.164891,-0.611602,1.464075,-1.3264993
59040000,10.913033,29.427402,-4.1751685,-0.62111676,1.4217025,-1.3000175
59048000,10.906951,29.421936,-4.1848826,-0.6307762,1.3791455,-1.273701
59056000,10.900808,29.416603,-4.1943913,-0.6404151,1.336565,-1.247859
59064000,10.894604,29.41139,-4.203698,-0.65011513,1.2939296,-1.2223942
59072000,10.888337,29.406286,-4.212806,-0.65981334,1.2512289,-1.1974497
59080000,10.881904,29.40124,-4.2213836,-0.66974777,1.2084496,-1.1727049
59088000,10.875407,29.396278,-4.229775,-0.6796933,1.165611,-1.1484655
59096000,10.868848,29.39139,-4.237984,-0.6895824,1.1227208,-1.1247058
59104000,10.862226,29.386562,-4.2460146,-0.699466,1.0798419,-1.1014625
59112000,10.855433,29.381746,-4.25355,-0.70954686,1.0368273,-1.0785147
59120000,10.848577,29.37697,-4.2609196,-0.71965045,0.99381846,-1.0560664
59128000,10.841657,29.372227,-4.2681274,-0.72969407,0.95088804,-1.0341116
59136000,10.834672,29.367506,-4.275177,-0.7397403,0.90797013,-1.0126865
59144000,10.827528,29.362764,-4.281768,-0.7499209,0.8650698,-0.99148107
59152000,10.820319,29.358028,-4.2882123,-0.7601179,0.82225806,-0.97077394
59160000,10.8130455,29.35329,-4.2945147,-0.7702833,0.7794581,-0.9506649
59168000,10.805707,29.34854,-4.3006787,-0.7804134,0.73675805,-0.9310096
59180000,10.798212,29.343744,-4.306414,-0.7906824,0.69409823,-0.91160893
59188000,10.790652,29.338923,-4.3120227,-0.8009156,0.6515406,-0.89273214
59196000,10.783028,29.334064,-4.3175077,-0.8110595,0.60916173,-0.8743228
59204000,10.775339,29.329168,-4.322873,-0.82113606,0.56694454,-0.85641783
59212000,10.767587,29.324224,-4.328121,-0.8312269,0.5247882,-0.83901507
59220000,10.759689,29.319218,-4.3329926,-0.84136486,0.48281112,-0.8218985
59228000,10.751727,29.31415,-4.337758,-0.8513898,0.4409745,-0.80522805
59236000,10.743703,29.309017,-4.342421,-0.86140525,0.39924946,-0.7890093
59244000,10.735615,29.303812,-4.3469853,-0.87140304,0.35780442,-0.7733408
59252000,10.727381,29.298513,-4.3512206,-0.8814362,0.31659323,-0.75798494
59260000,10.719085,29.293133,-4.3553677,-0.89143896,0.27551398,-0.74306566
59268000,10.710727,29.287666,-4.3594294,-0.9013275,0.2345985,-0.7286521
59276000,10.702306,29.28211,-4.3634095,-0.9111493,0.193915,-0.7146918
59284000,10.693752,29.276442,-4.367103,-0.92107326,0.15340143,-0.7010728
59292000,10.685138,29.270676,-4.3707247,-0.9308538,0.11318398,-0.68790513
59300000,10.676463,29.264807,-4.3742776,-0.94055086,0.07318313,-0.6752375
59308000,10.667728,29.258833,-4.377764,-0.950106,0.033388637,-0.6629875
59316000,10.658863,29.252754,-4.3810177,-0.9596933,-0.0060363933,-0.6510332
59324000,10.64994,29.246565,-4.3842134,-0.96920496,-0.045199085,-0.63948655
59332000,10.640958,29.24026,-4.3873544,-0.9785955,-0.084100634,-0.6283244
59340000,10.631919,29.233835,-4.3904424,-0.9878858,-0.12270298,-0.61756235
59348000,10.622823,29.22729,-4.39348,-0.99715155,-0.16104348,-0.60719687
59356000,10.613599,29.220648,-4.3963184,-1.0064086,-0.19903702,-0.59714097
59364000,10.60432,29.21388,-4.399115,-1.0155565,-0.23668583,-0.58744806
59372000,10.594985,29.206985,-4.401871,-1.0245861,-0.2740483,-0.5781804
59380000,10.585537,29.199974,-4.404439,-1.0335929,-0.31103864,-0.5691855
59388000,10.5760355,29.192831,-4.406974,-1.042502,-0.34770098,-0.5605076
59396000,10.566482,29.185553,-4.409478,-1.0513002,-0.3839886,-0.55217344
59404000,10.556876,29.178143,-4.4119544,-1.059952,-0.41994908,-0.54421115
59412000,10.5471525,29.170614,-4.414267,-1.0686065,-0.45552304,-0.5364495
59420000,10.537378,29.16295,-4.416558,-1.0771036,-0.49073625,-0.52907884
59428000,10.5275545,29.155148,-4.4188285,-1.0854669,-0.5255975,-0.5220216
59436000,10.517684,29.147207,-4.421081,-1.0936863,-0.56009966,-0.5152895
59444000,10.507705,29.13914,-4.423187,-1.1018808,-0.594219,-0.5087573
59452000,10.49768,29.130932,-4.4252806,-1.1100138,-0.6279632,-0.5024816
59460000,10.487609,29.122581,-4.427363,-1.1179498,-0.66128474,-0.49648285
59468000,10.477493,29.114092,-4.4294357,-1.1257963,-0.6942933,-0.49075365
59476000,10.467333,29.10546,-4.4315004,-1.1334605,-0.7269035,-0.48529252
59484000,10.45708,29.096758,-4.4334497,-1.1411113,-0.7590621,-0.480041
59492000,10.446785,29.087914,-4.435396,-1.1486486,-0.7907638,-0.4750061
59500000,10.436448,29.078926,-4.4373403,-1.1560086,-0.8220985,-0.4701942
59508000,10.426071,29.069798,-4.4392834,-1.1631968,-0.85305923,-0.46566686
59516000,10.415608,29.060617,-4.441138,-1.1704191,-0.88356763,-0.4613152
59524000,10.405107,29.051294,-4.44301,-1.1774646,-0.91365045,-0.45717818
59532000,10.3945675,29.04183,-4.444886,-1.184361,-0.943338,-0.4532727
59540000,10.383992,29.032223,-4.446767,-1.1911384,-0.9726823,-0.44950834
59548000,10.37333,29.02258,-4.4485703,-1.1978813,-1.0014552,-0.44590905
59556000,10.362634,29.012794,-4.4503813,-1.2044287,-1.029892,-0.44252673
59564000,10.351903,29.002869,-4.452202,-1.2108549,-1.0579038,-0.43928972
59572000,10.34114,28.992805,-4.454032,-1.2171425,-1.085504,-0.43621913
59580000,10.330314,28.982712,-4.4558063,-1.2233428,-1.1126032,-0.43324688
59588000,10.319457,28.972479,-4.457593,-1.229475,-1.1393764,-0.43043894
59596000,10.308569,28.962109,-4.459392,-1.2354586,-1.1657155,-0.42774048
59604000,10.297652,28.951601,-4.461204,-1.241268,-1.191711,-0.42522386
59612000,10.286697,28.941067,-4.4629602,-1.2469679,-1.2172135,-0.42284623
59620000,10.275715,28.930397,-4.4647317,-1.2525578,-1.2423388,-0.42057514
59628000,10.264706,28.91959,-4.4665246,-1.2579855,-1.2669924,-0.4183661
59636000,10.25367,28.908651,-4.4683332,-1.2632575,-1.2913152,-0.41635242
59644000,10.242603,28.89771,-4.4701033,-1.2684349,-1.3151401,-0.41437754
59652000,10.231512,28.886637,-4.4718914,-1.2735478,-1.338623,-0.41253462
59660000,10.220397,28.875431,-4.4736977,-1.278455,-1.36174,-0.4107197
59668000,10.20926,28.864096,-4.4755216,-1.2832687,-1.3844726,-0.40902877
59676000,10.198104,28.852777,-4.477305,-1.2879307,-1.4066203,-0.4073837
59684000,10.186927,28.84133,-4.479108,-1.2924361,-1.4284652,-0.40580797
59692000,10.175731,28.829754,-4.4809303,-1.2968296,-1.449974,-0.40434232
59700000,10.1645155,28.818054,-4.4827724,-1.3011326,-1.4711363,-0.4028924
59708000,10.153292,28.806393,-4.484578,-1.3053156,-1.4917575,-0.4015145
59716000,10.14205,28.79461,-4.486405,-1.3094015,-1.5120766,-0.40016723
59724000,10.130792,28.7827,-4.488251,-1.3133489,-1.532056,-0.3988129
59732000,10.119516,28.77067,-4.4901166,-1.3172028,-1.5516803,-0.39752343
59740000,10.108227,28.758518,-4.492002,-1.3209633,-1.571037,-0.39628068
59748000,10.096939,28.746471,-4.493859,-1.3245797,-1.5898733,-0.39507255
59756000,10.085637,28.734303,-4.495736,-1.328074,-1.6084011,-0.3939557
59764000,10.074322,28.722015,-4.497633,-1.331511,-1.6265167,-0.39278558
59772000,10.062994,28.709612,-4.4995503,-1.3348006,-1.6443447,-0.39175507
59780000,10.051692,28.697338,-4.5014257,-1.3379582,-1.6616472,-0.39072964
59788000,10.04038,28.684948,-4.503322,-1.3409945,-1.678653,-0.3897251
59796000,10.029056,28.672441,-4.5052395,-1.3439339,-1.6953675,-0.38872743
59804000,10.017722,28.659822,-4.5071764,-1.3467761,-1.7117876,-0.38775787
59812000,10.006414,28.647339,-4.5090756,-1.3494546,-1.7276821,-0.38679838
59820000,9.995098,28.634743,-4.510996,-1.3520677,-1.7433276,-0.3858279
59828000,9.983828,28.622028,-4.5129375,-1.3544582,-1.7586676,-0.3848549
59836000,9.97255,28.609205,-4.514899,-1.3568168,-1.7737811,-0.3839027
59844000,9.961314,28.596533,-4.5168495,-1.3589501,-1.7884322,-0.38299823
59852000,9.950071,28.58375,-4.5188193,-1.3610158,-1.8028033,-0.38199952
59860000,9.938823,28.570856,-4.5208087,-1.3629909,-1.8169584,-0.3810761
59868000,9.927568,28.557858,-4.5228167,-1.3649434,-1.8308458,-0.38012645
59876000,9.916342,28.545017,-4.524801,-1.3668168,-1.8441501,-0.37913325
59884000,9.905109,28.53207,-4.5268035,-1.3686167,-1.8573455,-0.37816966
59892000,9.89392,28.519014,-4.5288253,-1.3702523,-1.8702688,-0.37715852
59900000,9.882726,28.505854,-4.5308647,-1.3717736,-1.8830011,-0.37619078
59908000,9.871584,28.49288,-4.532897,-1.3731524,-1.8952461,-0.37528253
59916000,9.860438,28.479801,-4.5349464,-1.3744345,-1.9072741,-0.37428135
59924000,9.84929,28.46662,-4.537022,-1.3756992,-1.9191346,-0.3732913
59932000,9.83814,28.453335,-4.539113,-1.3768953,-1.9307605,-0.3723188
59940000,9.827037,28.440268,-4.5412,-1.3780305,-1.9419146,-0.37130028
59948000,9.815932,28.4271,-4.543302,-1.3790692,-1.9529611,-0.3702961
59956000,9.804826,28.413826,-4.545419,-1.380036,-1.9638081,-0.36927027
59964000,9.793759,28.400452,-4.5475516,-1.3808862,-1.9744555,-0.368243
59972000,9.782748,28.387295,-4.549697,-1.3815966,-1.9846433,-0.36722472
59980000,9.771736,28.374035,-4.551856,-1.38233,-1.9946339,-0.366195
59992000,9.760723,28.360676,-4.5540276,-1.3830312,-2.004448,-0.36511466
60000000,9.749708,28.347218,-4.5562115,-1.383675,-2.014176,-0.3639897
60008000,9.738694,28.333662,-4.558406,-1.3842499,-2.023747,-0.3628213
60016000,9.727752,28.32037,-4.560604,-1.3846688,-2.032772,-0.3617365
60024000,9.716809,28.306978,-4.562813,-1.385036,-2.0417097,-0.36057943
60032000,9.705868,28.29349,-4.5650315,-1.3853877,-2.0504885,-0.35941878
60040000,9.694961,28.279903,-4.5672617,-1.3857012,-2.0591652,-0.3582231
60048000,9.684145,28.266584,-4.5695024,-1.3858596,-2.0672874,-0.35703808
60056000,9.673328,28.253166,-4.571751,-1.3859901,-2.075347,-0.3557499
60064000,9.662512,28.239655,-4.574008,-1.3861847,-2.083263,-0.354509
60072000,9.651694,28.226046,-4.5762725,-1.3863089,-2.0910423,-0.35324404
60080000,9.640949,28.21268,-4.578533,-1.3862801,-2.0984719,-0.35199264
60088000,9.630204,28.199217,-4.5808005,-1.3861914,-2.1058078,-0.350648
60096000,9.619459,28.185658,-4.583074,-1.3861269,-2.113021,-0.34929028
60104000,9.608713,28.172005,-4.5853534,-1.3860562,-2.1201413,-0.34792003
60112000,9.598073,28.1586,-4.58763,-1.3858159,-2.1268184,-0.34655935
60120000,9.587433,28.145098,-4.589911,-1.3855534,-2.1333818,-0.3451586
60128000,9.576792,28.131502,-4.592197,-1.385288,-2.1398702,-0.3437367
60136000,9.566151,28.117815,-4.5944867,-1.3849891,-2.146335,-0.342276
60144000,9.555596,28.104362,-4.596752,-1.3846788,-2.1524029,-0.34077388
60152000,9.545041,28.090815,-4.599021,-1.3842968,-2.158398,-0.33920828
60160000,9.534486,28.077173,-4.6012926,-1.3838782,-2.1643486,-0.33766627
60168000,9.523929,28.063438,-4.6035666,-1.3834999,-2.1701856,-0.33606273
60176000,9.513467,28.049944,-4.605825,-1.3829442,-2.1756883,-0.3345763
60184000,9.503004,28.036354,-4.6080866,-1.3823959,-2.1811073,-0.3330118
60192000,9.49254,28.022673,-4.610349,-1.3818905,-2.1865015,-0.33137405
60200000,9.482076,28.0089,-4.6126127,-1.3813729,-2.191849,-0.32970753
60208000,9.471663,27.995367,-4.6148486,-1.3808324,-2.1968207,-0.3280638
60216000,9.461249,27.981739,-4.6170855,-1.3802538,-2.2018173,-0.32644773
60224000,9.450834,27.96802,-4.6193233,-1.379704,-2.206773,-0.32483226
60232000,9.440418,27.954208,-4.621574,-1.37911,-2.2117188,-0.32313532
60240000,9.430046,27.940641,-4.6238084,-1.3784637,-2.216226,-0.32144633
60248000,9.419697,27.926981,-4.626044,-1.3778013,-2.2207236,-0.31973585
60256000,9.409346,27.913227,-4.628278,-1.3771039,-2.225272,-0.31797373
60264000,9.398993,27.899384,-4.63051,-1.3764896,-2.2297661,-0.31614915
60272000,9.388638,27.885448,-4.632739,-1.3758874,-2.234239,-0.3143727
60280000,9.378314,27.871748,-4.6349936,-1.375297,-2.2383585,-0.31257218
60288000,9.367988,27.857954,-4.6372447,-1.374679,-2.242503,-0.3108326
60296000,9.357659,27.84407,-4.6394916,-1.3740329,-2.2466207,-0.30897593
60304000,9.347329,27.830095,-4.641733,-1.3733726,-2.2506979,-0.30708098
60312000,9.337021,27.816338,-4.643956,-1.3727481,-2.2545254,-0.3052589
60320000,9.326732,27.802488,-4.646175,-1.3721799,-2.2583175,-0.30337206
60328000,9.316439,27.788548,-4.648396,-1.3715372,-2.2620854,-0.30144975
60336000,9.306144,27.774515,-4.6506104,-1.3709121,-2.2658713,-0.2995349
60344000,9.29587,27.760714,-4.652812,-1.3702497,-2.2693434,-0.2977121
60352000,9.285593,27.746819,-4.6550074,-1.3696046,-2.272807,-0.29577467
60360000,9.275312,27.732832,-4.6571956,-1.368947,-2.276261,-0.29384893
60368000,9.26503,27.718756,-4.6593766,-1.3683321,-2.2797573,-0.29190212
60376000,9.254794,27.704906,-4.661556,-1.367707,-2.282913,-0.29002103
60384000,9.244554,27.690964,-4.6637278,-1.3671478,-2.2861822,-0.28812265
60392000,9.234329,27.67693,-4.665893,-1.3665544,-2.2894428,-0.2862297
60400000,9.224101,27.662804,-4.668051,-1.3659846,-2.2926514,-0.28434372
60408000,9.213934,27.648909,-4.6701837,-1.365361,-2.2955873,-0.2824607
60416000,9.203761,27.63492,-4.672309,-1.3646983,-2.2985346,-0.28049487
60424000,9.193584,27.62084,-4.6744256,-1.3640827,-2.3015273,-0.2785088
60432000,9.183402,27.60667,-4.676533,-1.3634964,-2.3044918,-0.27653325
60440000,9.173279,27.59272,-4.678626,-1.3628559,-2.3072875,-0.27460217
60448000,9.163149,27.578678,-4.68071,-1.3622285,-2.3100872,-0.27265745
60456000,9.153032,27.564545,-4.682786,-1.3615417,-2.3128424,-0.27066785
60464000,9.14291,27.55032,-4.6848526,-1.3609313,-2.315655,-0.26868594
60472000,9.132852,27.536325,-4.6869073,-1.3602365,-2.3181636,-0.26674172
60480000,9.122786,27.522238,-4.6889524,-1.3595846,-2.3207428,-0.26477748
60488000,9.112714,27.508057,-4.690988,-1.3589839,-2.3233633,-0.26284915
60496000,9.102635,27.493786,-4.693014,-1.3583362,-2.3260348,-0.26087186
60504000,9.092607,27.479729,-4.695025,-1.3576491,-2.328399,-0.2589032
60512000,9.08257,27.46558,-4.6970263,-1.3570435,-2.3308578,-0.25698853
60520000,9.072527,27.451336,-4.699018,-1.3564537,-2.3333814,-0.2550696
60528000,9.062494,27.437002,-4.70101,-1.3558356,-2.3359065,-0.25311217
60536000,9.052454,27.422579,-4.7029915,-1.3552489,-2.338456,-0.25119457
60544000,9.04244,27.408361,-4.704948,-1.3546929,-2.3407474,-0.24926344
60552000,9.032419,27.39405,-4.706894,-1.354064,-2.3431091,-0.24732637
60560000,9.02239,27.379648,-4.7088294,-1.3534535,-2.3454587,-0.24545611
60568000,9.012355,27.365156,-4.710754,-1.3528655,-2.3478708,-0.24353346
60576000,9.0023155,27.350863,-4.712639,-1.3523154,-2.3500462,-0.24153614
60584000,8.9922695,27.336475,-4.7145133,-1.3518032,-2.352268,-0.23958373
60592000,8.982216,27.321997,-4.716377,-1.351302,-2.354485,-0.23767515
60600000,8.972172,27.307428,-4.7182307,-1.3507811,-2.3567789,-0.23576501
60608000,8.962111,27.293064,-4.7200327,-1.3503631,-2.3589232,-0.23386288
60616000,8.952044,27.278606,-4.7218246,-1.3498857,-2.3610616,-0.23192061
60624000,8.941968,27.264057,-4.7236066,-1.3494128,-2.3631666,-0.2299491
60632000,8.931886,27.24942,-4.725377,-1.3489658,-2.3653326,-0.22802901
60640000,8.921776,27.234955,-4.727124,-1.3485597,-2.3673666,-0.22610606
60648000,8.911659,27.2204,-4.7288613,-1.3481528,-2.3694787,-0.22419786
60660000,8.901535,27.205753,-4.730588,-1.3477985,-2.3715851,-0.22237453
60664000,8.891404,27.191017,-4.7323046,-1.3474572,-2.3737347,-0.22049366
60672000,8.881269,27.176432,-4.7340016,-1.3470864,-2.3757298,-0.21866019
60680000,8.871128,27.161755,-4.735698,-1.3467753,-2.3777678,-0.21685939
60688000,8.86098,27.146988,-4.737385,-1.3465027,-2.379838,-0.21500361
60696000,8.850824,27.132132,-4.73906,-1.3462148,-2.3820004,-0.21318913
60704000,8.840658,27.117397,-4.740701,-1.345893,-2.3839593,-0.21137929
60712000,8.830484,27.102573,-4.742332,-1.345594,-2.3859553,-0.209573
60720000,8.820305,27.08766,-4.7439523,-1.3453813,-2.3879871,-0.20773871
60728000,8.810118,27.072659,-4.745562,-1.3451788,-2.390118,-0.20596316
60736000,8.799958,27.057764,-4.747149,-1.3449222,-2.3921309,-0.20419915
60744000,8.789791,27.04278,-4.7487264,-1.3447093,-2.394195,-0.20249276
60752000,8.779617,27.027708,-4.7502937,-1.3444467,-2.396247,-0.2007906
60760000,8.769437,27.012548,-4.7518506,-1.3442423,-2.3983426,-0.19905716
60768000,8.759262,26.997503,-4.7533836,-1.3440139,-2.4003537,-0.19731334
60776000,8.749081,26.982368,-4.7549067,-1.3438195,-2.4023876,-0.19560808
60784000,8.738892,26.967146,-4.7564197,-1.3436682,-2.4044976,-0.19392103
60792000,8.728696,26.951838,-4.7579217,-1.3434521,-2.4065955,-0.19219297
60800000,8.7184925,26.936445,-4.7594137,-1.3432959,-2.4087331,-0.19053593
60808000,8.708297,26.921154,-4.760866,-1.3430387,-2.410729,-0.18889028
60816000,8.698094,26.905775,-4.762309,-1.3427967,-2.4128008,-0.18724261
60824000,8.687886,26.890312,-4.7637424,-1.3426026,-2.4148786,-0.18563679
60832000,8.6776705,26.874767,-4.765177,-1.3424093,-2.416998,-0.18408579
60840000,8.667444,26.859324,-4.7665553,-1.3422219,-2.4189444,-0.18249327
60848000,8.657212,26.843796,-4.7679243,-1.3420388,-2.4210496,-0.1808439
60856000,8.646973,26.828184,-4.7692842,-1.3419195,-2.4232194,-0.17921373
60864000,8.636726,26.812489,-4.7706347,-1.3418072,-2.4253788,-0.17760478
60872000,8.626459,26.796894,-4.771936,-1.3417238,-2.4273722,-0.17596216
60880000,8.6162,26.781216,-4.7732687,-1.3415602,-2.4293983,-0.17435324
60888000,8.605935,26.765455,-4.7745924,-1.3413681,-2.4314437,-0.17284136
60896000,8.595665,26.749613,-4.775907,-1.3412479,-2.4335575,-0.17130046
60904000,8.585393,26.733856,-4.7771797,-1.3411243,-2.4355977,-0.16986103
60912000,8.575115,26.718016,-4.7784443,-1.3409995,-2.4376593,-0.16841848
60920000,8.564832,26.702093,-4.7797008,-1.3408692,-2.439765,-0.1669671
60928000,8.554542,26.68609,-4.780949,-1.3407378,-2.4418888,-0.1654943
60936000,8.544256,26.67016,-4.782154,-1.3406124,-2.4439,-0.1641199
60944000,8.533965,26.654148,-4.7833514,-1.3405112,-2.4459279,-0.1627166
60952000,8.523682,26.638056,-4.784543,-1.340331,-2.4480157,-0.1613169
60960000,8.513393,26.621885,-4.7857265,-1.3402007,-2.450131,-0.15988122
60968000,8.503095,26.605787,-4.786873,-1.3401052,-2.4521585,-0.15843509
60976000,8.49279,26.58961,-4.788012,-1.3400134,-2.454214,-0.15700905
60984000,8.48248,26.57335,-4.789144,-1.3399303,-2.4563544,-0.15561005
60992000,8.472164,26.557014,-4.790269,-1.3398825,-2.4585068,-0.15427074
61000000,8.46183,26.540756,-4.7913613,-1.339811,-2.460514,-0.15288474
61008000,8.45149,26.524418,-4.792447,-1.3397313,-2.4625688,-0.1515293
61016000,8.441159,26.508001,-4.793527,-1.3396647,-2.4646728,-0.15021302
61024000,8.430822,26.491508,-4.794601,-1.3395183,-2.4667854,-0.14890926
61032000,8.420451,26.475092,-4.79565,-1.3393705,-2.468844,-0.14758392
61040000,8.410076,26.4586,-4.796693,-1.3392665,-2.4709673,-0.14629525
61048000,8.399696,26.44203,-4.79773,-1.3391745,-2.473065,-0.14516097
61056000,8.389313,26.425385,-4.798762,-1.3390614,-2.4751995,-0.14394456
61064000,8.378925,26.408665,-4.7997875,-1.3389937,-2.4772744,-0.14276843
61072000,8.368509,26.392023,-4.800783,-1.3389827,-2.4793005,-0.14160298
61080000,8.35809,26.375309,-4.801796,-1.33895,-2.4813871,-0.14047562
61088000,8.34768,26.358519,-4.802804,-1.3389187,-2.4834375,-0.13935032
61096000,8.337266,26.341656,-4.8038063,-1.338844,-2.485573,-0.13824524
61104000,8.326831,26.32487,-4.80478,-1.3387805,-2.4875336,-0.13710356
61112000,8.316392,26.30801,-4.805748,-1.3387432,-2.489486,-0.13599396
61120000,8.30595,26.291079,-4.8067107,-1.3386811,-2.491475,-0.13487823
61128000,8.295506,26.274076,-4.807676,-1.3386449,-2.4935534,-0.13382821
61140000,8.28503,26.257164,-4.808624,-1.3385906,-2.4954755,-0.1327898
61144000,8.274553,26.240181,-4.8095675,-1.3385624,-2.497438,-0.13180673
61152000,8.264072,26.223125,-4.810506,-1.3385441,-2.4994693,-0.13079995
61160000,8.253603,26.206001,-4.811441,-1.3384627,-2.5014293,-0.12980542
61168000,8.243125,26.188978,-4.812355,-1.3384117,-2.5032716,-0.12884364
61176000,8.232644,26.171885,-4.813286,-1.3383051,-2.5051625,-0.12789428
61184000,8.222161,26.15472,-4.8142123,-1.3383094,-2.50701,-0.12693942
61192000,8.211676,26.137487,-4.815133,-1.3383149,-2.5090148,-0.12595618
61200000,8.201165,26.120365,-4.816031,-1.3383155,-2.5108006,-0.12500952
61208000,8.190652,26.103174,-4.8169246,-1.3382978,-2.512678,-0.12406773
61216000,8.180137,26.085913,-4.8178134,-1.3382491,-2.5146258,-0.12313372
61224000,8.1696205,26.068583,-4.818698,-1.3382412,-2.5165203,-0.12225343
61232000,8.159077,26.051369,-4.8195624,-1.3382205,-2.5182433,-0.12134235
61240000,8.148532,26.034084,-4.820423,-1.3381691,-2.5200124,-0.12048078
61248000,8.137986,26.016735,-4.8212795,-1.3381321,-2.5217495,-0.1195898
61256000,8.1274395,25.999315,-4.8221326,-1.3381737,-2.523533,-0.11874043
61264000,8.11684,25.982006,-4.8229733,-1.3382325,-2.5251985,-0.11789971
61272000,8.106241,25.964628,-4.82381,-1.3382609,-2.5268657,-0.11707209
61280000,8.095641,25.947184,-4.824644,-1.3382983,-2.5285664,-0.11627605
61288000,8.08504,25.929674,-4.825474,-1.3383114,-2.5302963,-0.11548019
61296000,8.074389,25.912252,-4.8262935,-1.3383975,-2.5319252,-0.114732824
61304000,8.063739,25.894764,-4.82711,-1.3384485,-2.5336,-0.113963634
61312000,8.053089,25.877209,-4.827923,-1.3384124,-2.535278,-0.11319573
61320000,8.04244,25.85959,-4.8287325,-1.3384634,-2.5369925,-0.11242734
61328000,8.031792,25.841906,-4.829539,-1.3385665,-2.5386593,-0.11168833
61336000,8.021089,25.824316,-4.83033,-1.3386167,-2.5402107,-0.11090612
61344000,8.010386,25.80666,-4.8311176,-1.3386673,-2.5417986,-0.11017418
61352000,7.9996853,25.78894,-4.831902,-1.3387475,-2.5434127,-0.109445125
61360000,7.988985,25.77116,-4.8326836,-1.338817,-2.5450366,-0.10864668
61368000,7.978247,25.753485,-4.8334403,-1.3388714,-2.546561,-0.10791571
61376000,7.96751,25.735744,-4.8341947,-1.3389691,-2.5481057,-0.107235186
61384000,7.9567757,25.717941,-4.834946,-1.3390371,-2.549661,-0.10647232
61392000,7.9460425,25.700077,-4.835695,-1.3390758,-2.5512283,-0.10575224
61400000,7.935291,25.68232,-4.8364224,-1.3391626,-2.552703,-0.10506791
61408000,7.924541,25.664497,-4.8371477,-1.3392389,-2.5541434,-0.104379766
61416000,7.913793,25.646614,-4.8378706,-1.3392727,-2.5556664,-0.10372113
61424000,7.903047,25.62867,-4.838591,-1.3392391,-2.5572157,-0.10301595
61432000,7.892292,25.61084,-4.8393054,-1.3392801,-2.5585437,-0.10239493
61440000,7.8815484,25.592949,-4.8400183,-1.3392974,-2.5599043,-0.10179643
61448000,7.8708076,25.574997,-4.840729,-1.3392744,-2.5613062,-0.10112915
61456000,7.860069,25.556986,-4.841438,-1.3392901,-2.562725,-0.10046083
61464000,7.8493237,25.53908,-4.842117,-1.3392828,-2.5640287,-0.099831134
61472000,7.8385806,25.521116,-4.8427944,-1.3392572,-2.5653028,-0.09919861
61480000,7.82784,25.503092,-4.8434706,-1.3392366,-2.5665934,-0.09860653
61488000,7.8171015,25.485008,-4.8441453,-1.3392434,-2.5678828,-0.09802639
61496000,7.8063393,25.467018,-4.8447647,-1.3392559,-2.5691018,-0.09740567
61504000,7.79558,25.448969,-4.8453836,-1.3392965,-2.5703852,-0.096814014
61512000,7.784832,25.43086,-4.846003,-1.3392248,-2.5717034,-0.09618264
61520000,7.7740874,25.412693,-4.8466215,-1.3391606,-2.5730162,-0.0955622
61528000,7.7633395,25.394611,-4.847195,-1.3391111,-2.5741835,-0.09497058
61536000,7.7525945,25.376472,-4.847769,-1.3391036,-2.5754116,-0.094380274
61544000,7.741852,25.358274,-4.8483434,-1.3390667,-2.5766003,-0.093797535
61552000,7.731112,25.340021,-4.848918,-1.3390063,-2.577873,-0.09323554
61560000,7.7203717,25.321848,-4.84945,-1.3389384,-2.5790563,-0.09265502
61568000,7.709635,25.303617,-4.849983,-1.33885,-2.5802376,-0.09206836
61576000,7.6989093,25.285332,-4.850528,-1.3387499,-2.5814312,-0.09149983
61584000,7.688187,25.26699,-4.851073,-1.338689,-2.582675,-0.090962954
61592000,7.677467,25.248592,-4.851619,-1.3386496,-2.5839572,-0.090414986
61600000,7.6667333,25.230267,-4.852119,-1.3385438,-2.5851257,-0.08986922
61608000,7.656003,25.211884,-4.8526206,-1.3384694,-2.5863075,-0.08933696
61616000,7.6452756,25.193447,-4.853124,-1.3383611,-2.5875127,-0.08884302
61624000,7.6345506,25.174957,-4.853629,-1.3383081,-2.5887039,-0.08839012
61632000,7.6238227,25.15653,-4.8540983,-1.3382666,-2.589852,-0.087906756
61640000,7.6130967,25.138048,-4.8545704,-1.3381535,-2.590974,-0.08745243
61648000,7.602383,25.119514,-4.855045,-1.3379649,-2.592131,-0.086956464
61656000,7.591673,25.100927,-4.855522,-1.3378404,-2.5933123,-0.08659265
61664000,7.5809674,25.082401,-4.8559613,-1.3377256,-2.5944462,-0.086091585
61672000,7.570265,25.063822,-4.8564034,-1.337579,-2.5955896,-0.0856607
61680000,7.5595655,25.045193,-4.8568707,-1.3374113,-2.5967095,-0.08518717
61688000,7.548869,25.026512,-4.8573403,-1.337246,-2.5979004,-0.08474166
61696000,7.538178,25.007893,-4.857777,-1.3371172,-2.5989993,-0.08428587
61704000,7.527489,24.989223,-4.858217,-1.3369979,-2.6000984,-0.083887815
61712000,7.5168033,24.9705,-4.8586597,-1.3368425,-2.6012354,-0.08351303
61720000,7.506129,24.95173,-4.8591056,-1.3366221,-2.6023445,-0.08311089
61728000,7.495464,24.932997,-4.8595314,-1.3364079,-2.603451,-0.0827108
61736000,7.484802,24.914215,-4.8599596,-1.3362337,-2.60457,-0.082265735
61744000,7.4741426,24.895382,-4.8603907,-1.3360405,-2.6057112,-0.08188799
61752000,7.463486,24.8765,-4.8608246,-1.3357937,-2.6068876,-0.08157068
61760000,7.452821,24.857677,-4.8612323,-1.3356162,-2.6079302,-0.08127809
61768000,7.442158,24.838804,-4.8616443,-1.3354559,-2.6090426,-0.08094033
61776000,7.4314985,24.819883,-4.862089,-1.3352674,-2.610194,-0.08060749
61784000,7.4208417,24.800915,-4.862537,-1.3350464,-2.6113331,-0.08032034
61792000,7.4101677,24.782001,-4.8629622,-1.3348356,-2.6124306,-0.08004239
61800000,7.3994975,24.763039,-4.8633914,-1.3345834,-2.6134422,-0.079768464
61808000,7.3888307,24.74403,-4.863824,-1.3344426,-2.6145542,-0.07948468
61816000,7.378167,24.724976,-4.864259,-1.3342812,-2.6156442,-0.07911876
61824000,7.3674827,24.705975,-4.8646765,-1.334077,-2.6166577,-0.07883347
61832000,7.3568015,24.686928,-4.86511,-1.3339026,-2.6176934,-0.078576565
61840000,7.346124,24.667835,-4.8655467,-1.3336598,-2.6187484,-0.078318484
61848000,7.335451,24.648699,-4.865986,-1.3334111,-2.6198223,-0.078038804
61856000,7.3247895,24.629515,-4.8664284,-1.3332322,-2.6209166,-0.077748515
61864000,7.314115,24.610374,-4.866846,-1.3330727,-2.6219523,-0.07745199
61872000,7.303445,24.59119,-4.867267,-1.3328899,-2.6230412,-0.077166416
61880000,7.292778,24.57196,-4.8676987,-1.3326951,-2.6241426,-0.07687967
61888000,7.282115,24.552687,-4.8681335,-1.3324835,-2.6251845,-0.076662175
61896000,7.271444,24.533438,-4.8685455,-1.3323205,-2.6262252,-0.0763682
61904000,7.2607765,24.514147,-4.868961,-1.3320541,-2.6272502,-0.07610834
61912000,7.2501135,24.494814,-4.8693795,-1.331829,-2.6282704,-0.07586771
61920000,7.2394543,24.475437,-4.869801,-1.3316634,-2.629293,-0.07559228
61928000,7.2287993,24.456097,-4.8702216,-1.3314242,-2.630304,-0.07535007
61936000,7.218148,24.436714,-4.870646,-1.3311914,-2.631326,-0.07510611
61944000,7.207501,24.41729,-4.871073,-1.3310183,-2.6323752,-0.07490486
61952000,7.196857,24.397825,-4.8715024,-1.3308195,-2.6333857,-0.07465543
61960000,7.1862044,24.378418,-4.8719373,-1.330586,-2.63431,-0.07447101
61968000,7.1755557,24.35897,-4.872375,-1.3303173,-2.6352873,-0.0742619
61976000,7.1649113,24.339481,-4.872815,-1.3300894,-2.6362467,-0.074054286
61984000,7.1542706,24.319952,-4.873258,-1.3298637,-2.6372943,-0.073868304
61992000,7.143611,24.30048,-4.8737025,-1.3296642,-2.638241,-0.07365639
62000000,7.132961,24.280968,-4.8741503,-1.3294293,-2.639219,-0.0734634
62008000,7.1223154,24.261414,-4.8746,-1.3291734,-2.6401763,-0.073252685
62016000,7.111674,24.241821,-4.875052,-1.3290107,-2.6411443,-0.073030055
62024000,7.100996,24.222267,-4.875497,-1.3288436,-2.6419966,-0.072852135
62032000,7.090323,24.202675,-4.875944,-1.3286498,-2.6428595,-0.072692916
62040000,7.079654,24.183044,-4.8763943,-1.328489,-2.6437664,-0.07252056
62048000,7.0689893,24.163376,-4.8768463,-1.3282764,-2.6446822,-0.07228957
62056000,7.058283,24.143724,-4.8772836,-1.3281485,-2.6455631,-0.07201214
62064000,7.0475807,24.124037,-4.8777227,-1.3280201,-2.6464307,-0.07176934
62072000,7.0368896,24.104313,-4.8781643,-1.3277577,-2.647273,-0.07153779
62080000,7.0262036,24.084553,-4.8786297,-1.3275687,-2.6481338,-0.07128114
62088000,7.0154686,24.064806,-4.8790793,-1.3274038,-2.6489725,-0.07107041
62096000,7.0047393,24.045021,-4.879531,-1.3272845,-2.6499114,-0.0708033
62104000,6.9940147,24.025202,-4.8799834,-1.3272026,-2.6507893,-0.07051325
62112000,6.983296,24.005348,-4.880437,-1.3270423,-2.6517115,-0.07026396
62120000,6.972582,23.985458,-4.880892,-1.3269082,-2.652636,-0.07000162
62128000,6.961809,23.965586,-4.881329,-1.3268665,-2.6534824,-0.06975394
62136000,6.951048,23.945679,-4.881768,-1.3267651,-2.6543922,-0.069502845
62144000,6.9402924,23.925737,-4.8822093,-1.3266621,-2.6552663,-0.06924545
62152000,6.929543,23.905762,-4.882651,-1.3265308,-2.6561615,-0.06892508
62160000,6.9187384,23.885807,-4.8830748,-1.3264656,-2.656995,-0.06864478
62168000,6.907941,23.86582,-4.8835,-1.3264115,-2.657867,-0.06836939
62176000,6.897149,23.845798,-4.883927,-1.3263245,-2.6587362,-0.06807921
62184000,6.886364,23.825747,-4.884355,-1.3262634,-2.659596,-0.06783905
62192000,6.8755174,23.80569,-4.8847637,-1.326257,-2.6604626,-0.06758547
62200000,6.864678,23.785603,-4.885174,-1.3262115,-2.661302,-0.06732899
62208000,6.8538504,23.765484,-4.8855867,-1.3261976,-2.6621594,-0.067086756
62216000,6.8430295,23.745335,-4.8860006,-1.3261367,-2.663055,-0.066819906
62224000,6.832156,23.725174,-4.8864,-1.326136,-2.6638625,-0.06655758
62232000,6.8212895,23.704983,-4.8868017,-1.3261982,-2.6647139,-0.066291854
62240000,6.81043,23.684763,-4.8872046,-1.326245,-2.6655908,-0.06603738
62248000,6.799577,23.664513,-4.8876095,-1.3262635,-2.6664424,-0.06582831
62256000,6.788654,23.644255,-4.8879833,-1.3262987,-2.6673257,-0.06555634
62264000,6.777738,23.623968,-4.8883595,-1.3263592,-2.668191,-0.06527619
62272000,6.7668304,23.603655,-4.888737,-1.3263712,-2.6690843,-0.064948425
62280000,6.7559357,23.583311,-4.889168,-1.326367,-2.6699538,-0.06470008
62288000,6.7449446,23.562944,-4.889571,-1.32647,-2.670726,-0.06442257
62296000,6.733963,23.542551,-4.8899755,-1.3265092,-2.671556,-0.06415471
62304000,6.72299,23.522131,-4.8903813,-1.3266147,-2.6723976,-0.063911766
62312000,6.712026,23.501684,-4.8907876,-1.3266593,-2.6732318,-0.063676976
62320000,6.7009645,23.481213,-4.8911605,-1.3267692,-2.674067,-0.06342271
62328000,6.689913,23.460716,-4.891535,-1.3269417,-2.674915,-0.06316446
62336000,6.67887,23.440195,-4.8919106,-1.3271171,-2.675778,-0.06288164
62344000,6.667837,23.41965,-4.8922877,-1.3272752,-2.6765954,-0.06262076
62352000,6.656724,23.399084,-4.8926315,-1.327467,-2.677396,-0.062323857
62360000,6.645622,23.378496,-4.8929777,-1.3276547,-2.6782742,-0.062082916
62368000,6.6345305,23.357883,-4.893326,-1.3277563,-2.6791573,-0.061822332
62376000,6.6234493,23.337248,-4.893685,-1.3278799,-2.6800134,-0.061569817
62384000,6.6123786,23.316587,-4.894046,-1.3280106,-2.6809702,-0.061332684
62392000,6.6012325,23.295887,-4.8943815,-1.3282162,-2.6818924,-0.061116792
62400000,6.5900974,23.275164,-4.89472,-1.3284225,-2.6827688,-0.060890507
62408000,6.578973,23.25442,-4.89506,-1.328575,-2.683615,-0.06062331
62416000,6.5678635,23.233654,-4.895403,-1.3287281,-2.6844482,-0.06039874
62424000,6.5566807,23.212849,-4.895704,-1.3289506,-2.6853042,-0.060161892
62432000,6.5455093,23.192022,-4.896007,-1.3291094,-2.6862135,-0.059890196
62440000,6.53435,23.171175,-4.896313,-1.329287,-2.68703,-0.059624005
62448000,6.5232015,23.150309,-4.8966217,-1.3294934,-2.687836,-0.05933645
62456000,6.511984,23.12942,-4.8969073,-1.3297751,-2.6887033,-0.059100732
62464000,6.500778,23.108511,-4.8971963,-1.3299787,-2.6895564,-0.058823563
62472000,6.4895844,23.087584,-4.897488,-1.3301853,-2.690415,-0.058602367
62480000,6.478402,23.066635,-4.8977823,-1.3303225,-2.691293,-0.058328174
62488000,6.4671655,23.045673,-4.8980627,-1.3305323,-2.692089,-0.058114763
62496000,6.455941,23.024694,-4.898346,-1.3307064,-2.6929245,-0.057860017
62504000,6.44473,23.003695,-4.898632,-1.3308139,-2.693783,-0.05760399
62512000,6.433531,22.982677,-4.898921,-1.3309369,-2.6946402,-0.057358194
62520000,6.422274,22.961641,-4.8991885,-1.3310744,-2.6954582,-0.057098728
62528000,6.4110303,22.940588,-4.899459,-1.331261,-2.6963046,-0.056875873
62536000,6.3997993,22.919516,-4.899733,-1.3314475,-2.6971433,-0.056716107
62544000,6.38858,22.898428,-4.90001,-1.3316568,-2.6979253,-0.056541502
62552000,6.377308,22.877314,-4.9002614,-1.3318503,-2.6987062,-0.05631611
62560000,6.3660517,22.856184,-4.900517,-1.3319839,-2.6994603,-0.056185514
62568000,6.3548083,22.835041,-4.900777,-1.3321825,-2.7002416,-0.055977847
62576000,6.3435774,22.813879,-4.9010634,-1.3323662,-2.7010067,-0.055846386
62584000,6.332289,22.792685,-4.9013243,-1.3325663,-2.7017903,-0.055746842
62592000,6.321015,22.771477,-4.9015894,-1.3327461,-2.702592,-0.055596355
62600000,6.3097534,22.750252,-4.9018574,-1.3328664,-2.7033188,-0.055414885
62608000,6.2985053,22.729013,-4.9021287,-1.3330041,-2.7040873,-0.055217493
62616000,6.2871995,22.707731,-4.902358,-1.3332423,-2.7048924,-0.055046573
62624000,6.2759066,22.686436,-4.9025917,-1.3334156,-2.7056582,-0.05484987
62632000,6.2646303,22.665127,-4.9028425,-1.3335929,-2.706398,-0.054610103
62640000,6.2533674,22.643806,-4.9030957,-1.333751,-2.7072167,-0.05441038
62648000,6.2421174,22.62247,-4.9033527,-1.3338647,-2.7079926,-0.054277588
62656000,6.2308173,22.601097,-4.903559,-1.334018,-2.708754,-0.054104887
62664000,6.219531,22.579714,-4.9037695,-1.3341045,-2.7094717,-0.053919043
62672000,6.2082586,22.558317,-4.903984,-1.3342013,-2.7101996,-0.053796608
62680000,6.197,22.53691,-4.9042096,-1.334264,-2.7108867,-0.053670544
62688000,6.1856675,22.515488,-4.9043965,-1.3344133,-2.711585,-0.053444907
62696000,6.174352,22.494057,-4.9045887,-1.3345404,-2.7123287,-0.053242065
62704000,6.1630516,22.472614,-4.904785,-1.3346198,-2.7130313,-0.052988093
62712000,6.1517653,22.45116,-4.9049854,-1.3346652,-2.7137535,-0.052802578
62720000,6.1404157,22.4297,-4.905155,-1.3347888,-2.714488,-0.05265568
62728000,6.129081,22.408234,-4.90533,-1.3348526,-2.715146,-0.05248994
62736000,6.1177616,22.386753,-4.90551,-1.3349719,-2.7157588,-0.052300263
62744000,6.1064568,22.365265,-4.905695,-1.335033,-2.7164192,-0.052184816
62752000,6.095095,22.34374,-4.9058485,-1.3351725,-2.7170885,-0.052037723
62760000,6.083749,22.322206,-4.9060073,-1.3353314,-2.7177022,-0.051845852
62768000,6.072419,22.300665,-4.906172,-1.3354132,-2.7183275,-0.05168804
62776000,6.0611053,22.279114,-4.906342,-1.3354545,-2.718969,-0.051581353
62784000,6.049737,22.25753,-4.9064736,-1.3355296,-2.7196033,-0.05153067
62792000,6.038385,22.235937,-4.906612,-1.3355478,-2.7202349,-0.051407814
62800000,6.027049,22.214336,-4.906756,-1.3355542,-2.720858,-0.051248707
62808000,6.015729,22.192728,-4.9069057,-1.3355613,-2.721498,-0.051122196
62816000,6.004361,22.171095,-4.9070315,-1.3356445,-2.7221346,-0.051110733
62824000,5.993009,22.149456,-4.9071646,-1.3357046,-2.722743,-0.051061943
62832000,5.9816732,22.12781,-4.9073043,-1.3357106,-2.7233248,-0.05095977
62840000,5.9703546,22.106155,-4.90745,-1.3357146,-2.7239392,-0.05085262
62848000,5.958998,22.08448,-4.907579,-1.3357761,-2.7245398,-0.050804142
62856000,5.9476576,22.0628,-4.9077144,-1.3357806,-2.7251277,-0.050738487
62864000,5.9363327,22.041113,-4.907856,-1.3357886,-2.725698,-0.050636668
62872000,5.9250236,22.019419,-4.908004,-1.3357894,-2.7262776,-0.050610837
62880000,5.9030313,21.975954,-4.908536,-1.3353896,-2.727295,-0.05059574
62888000,5.8917017,21.954233,-4.9086695,-1.3354696,-2.7278314,-0.050546452
62896000,5.880388,21.932505,-4.9088097,-1.3355286,-2.7283692,-0.050521318
62904000,5.8690886,21.91077,-4.9089565,-1.3354958,-2.7289088,-0.05046797
62912000,5.8578076,21.889032,-4.9091105,-1.3354342,-2.729451,-0.050475392
62920000,5.846473,21.867256,-4.9092493,-1.3353592,-2.7300065,-0.05039893
62928000,5.8351555,21.845474,-4.909396,-1.3353455,-2.7304983,-0.050335485
62936000,5.8238535,21.823689,-4.909549,-1.3353318,-2.731,-0.050358415
62944000,5.812567,21.801897,-4.909709,-1.3352513,-2.731471,-0.050323807
62952000,5.801226,21.780058,-4.9098625,-1.3352042,-2.732021,-0.050268203
62960000,5.7899017,21.758215,-4.910022,-1.3351334,-2.7325368,-0.050215814
62968000,5.778594,21.736368,-4.9101872,-1.3350993,-2.733025,-0.05021722
62980000,5.7673035,21.714518,-4.9103594,-1.3349984,-2.7335157,-0.050233107
62988000,5.7559495,21.692617,-4.910506,-1.3349584,-2.7340565,-0.050224215
62996000,5.744613,21.670717,-4.9106584,-1.3349035,-2.734566,-0.05018076
63004000,5.733293,21.648811,-4.910818,-1.3348274,-2.7350852,-0.05026192
63012000,5.7219896,21.626905,-4.910984,-1.3347847,-2.7355506,-0.05021436
63020000,5.710636,21.604961,-4.9111247,-1.3347445,-2.736038,-0.050185505
63028000,5.6992993,21.583015,-4.9112716,-1.3347117,-2.7365386,-0.05015027
63036000,5.687793,21.560774,-4.9113426,-1.3347625,-2.7369483,-0.050152846
63044000,5.6762576,21.538565,-4.911414,-1.3348094,-2.7374778,-0.050086547
63052000,5.664779,21.51641,-4.9115095,-1.3347709,-2.7379932,-0.050003503
63060000,5.6533484,21.494303,-4.9116244,-1.3347491,-2.738443,-0.05000061
63068000,5.6419573,21.472225,-4.9117556,-1.3347126,-2.7388716,-0.049973365
63076000,5.6305027,21.450125,-4.911895,-1.3347027,-2.7393308,-0.04993822
63084000,5.6190815,21.428043,-4.9120464,-1.334696,-2.739809,-0.049922377
63092000,5.60769,21.405977,-4.912209,-1.334635,-2.7403374,-0.050009973
63100000,5.596325,21.383923,-4.9123816,-1.3346355,-2.7407515,-0.05000496
63108000,5.584901,21.361834,-4.912538,-1.3346572,-2.7412305,-0.049992576
63116000,5.5735016,21.339752,-4.912704,-1.3346534,-2.741629,-0.050006002
63124000,5.5621247,21.317677,-4.9128814,-1.3346407,-2.742009,-0.05001311
63132000,5.550675,21.29547,-4.9130297,-1.3346615,-2.7424645,-0.049991418
63140000,5.539196,21.273241,-4.913176,-1.3346331,-2.742903,-0.049995318
63148000,5.5277567,21.251045,-4.9133368,-1.3346626,-2.7433774,-0.050047476
63156000,5.5163517,21.228874,-4.9135103,-1.3346325,-2.7437992,-0.050063573
63164000,5.5049767,21.206722,-4.9136944,-1.3345795,-2.74422,-0.050102472
63172000,5.493558,21.184523,-4.913886,-1.3345455,-2.7447069,-0.05014752
63180000,5.482166,21.162336,-4.9140863,-1.3345011,-2.7451708,-0.05012188
63188000,5.4707975,21.140162,-4.9142942,-1.3344746,-2.7456157,-0.05020088
63196000,5.459452,21.117996,-4.91451,-1.3343798,-2.7460268,-0.05021698
63204000,5.448037,21.095778,-4.914731,-1.3343513,-2.7464395,-0.0502104
63212000,5.4366436,21.073568,-4.914958,-1.3343651,-2.746838,-0.050234117
63220000,5.4252706,21.051363,-4.9151936,-1.3342843,-2.7472687,-0.0502576
63228000,5.4139175,21.029165,-4.9154344,-1.3341863,-2.7476943,-0.05023371
63236000,5.4025,21.006914,-4.915675,-1.3341932,-2.748166,-0.050148718
63244000,5.391102,20.984667,-4.91592,-1.334202,-2.7486465,-0.05007284
63252000,5.3797235,20.962425,-4.916169,-1.3341553,-2.7490802,-0.050038025
63260000,5.368364,20.940187,-4.9164224,-1.3340735,-2.7494767,-0.05001962
63268000,5.3569508,20.917889,-4.916667,-1.3340323,-2.7498913,-0.05003788
63276000,5.345557,20.895597,-4.9169164,-1.3339133,-2.7502775,-0.05001746
63284000,5.3341827,20.873308,-4.9171696,-1.3337685,-2.7506928,-0.049998485
63292000,5.3228273,20.851025,-4.917427,-1.3336965,-2.7510853,-0.04996935
63300000,5.3114896,20.828745,-4.917688,-1.333603,-2.7514718,-0.04997242
63308000,5.3000917,20.8064,-4.9179215,-1.3334976,-2.751836,-0.0499427
63316000,5.2887125,20.784061,-4.918159,-1.3334317,-2.752207,-0.04984459
63324000,5.277352,20.761726,-4.918401,-1.3333334,-2.7526238,-0.049762305
63332000,5.26601,20.739397,-4.9186463,-1.3331968,-2.7529733,-0.04968264
63340000,5.2546296,20.717031,-4.9188647,-1.3331296,-2.7533739,-0.049609844
63348000,5.2432675,20.694672,-4.919088,-1.3330355,-2.75373,-0.04953223
63356000,5.231924,20.672316,-4.919315,-1.3329363,-2.7540567,-0.049447298
63364000,5.220598,20.649965,-4.919546,-1.3328383,-2.7543533,-0.04937374
63372000,5.2092423,20.627571,-4.919753,-1.3328514,-2.75468,-0.04924333
63380000,5.197904,20.605183,-4.9199643,-1.3327733,-2.7549527,-0.04911489
63388000,5.186584,20.5828,-4.92018,-1.3326715,-2.7553055,-0.049021304
63396000,5.1752815,20.560425,-4.9203997,-1.3325602,-2.755621,-0.048871513
63404000,5.1639504,20.538002,-4.9206033,-1.3324871,-2.755942,-0.048714176
63412000,5.152637,20.515585,-4.9208117,-1.3324145,-2.7562554,-0.048649445
63420000,5.141341,20.493176,-4.921024,-1.3322352,-2.756546,-0.04857503
63428000,5.130063,20.470772,-4.921241,-1.3320782,-2.756777,-0.048510525
63436000,5.118756,20.448332,-4.9214478,-1.331967,-2.7570717,-0.04847925
63444000,5.107466,20.4259,-4.921659,-1.3318391,-2.7573657,-0.048397902
63452000,5.096194,20.403471,-4.9218745,-1.3317121,-2.7576473,-0.048327338
63460000,5.084939,20.381052,-4.922095,-1.3314878,-2.7579348,-0.048234466
63468000,5.0736485,20.35856,-4.9222984,-1.3313593,-2.758219,-0.04812219
63476000,5.0623755,20.336079,-4.9225063,-1.3312441,-2.7584984,-0.04802633
63484000,5.0511203,20.313602,-4.9227185,-1.3310587,-2.7587519,-0.04802373
63492000,5.039882,20.291136,-4.9229355,-1.3308659,-2.7590115,-0.047941357
63500000,5.0285945,20.26861,-4.9231424,-1.3307608,-2.7593434,-0.047846038
63508000,5.0173244,20.246092,-4.923353,-1.3306365,-2.759646,-0.047772896
63516000,5.0060716,20.223581,-4.9235682,-1.330453,-2.7599092,-0.04771493
63524000,4.9948363,20.20108,-4.9237876,-1.3302795,-2.7601566,-0.04765302
63532000,4.9835567,20.178532,-4.9239917,-1.3301215,-2.760425,-0.04755191
63540000,4.9722953,20.155993,-4.9241996,-1.3299272,-2.760661,-0.047494877
63548000,4.9610515,20.133463,-4.9244123,-1.3297527,-2.760869,-0.047409765
63556000,4.949825,20.110943,-4.9246287,-1.3295689,-2.7610917,-0.047284845
63564000,4.938616,20.08843,-4.924849,-1.3294008,-2.7612832,-0.047186427
63572000,4.92738,20.065882,-4.925059,-1.3292342,-2.7615495,-0.047063764
63580000,4.916162,20.04334,-4.925272,-1.3289944,-2.7617638,-0.0468855
63588000,4.904961,20.020811,-4.925489,-1.328806,-2.7620156,-0.046783116
63596000,4.8937774,19.99829,-4.9257092,-1.3286088,-2.7622461,-0.046669997
63604000,4.882578,19.975727,-4.925923,-1.3284245,-2.7625027,-0.0465707
63612000,4.8713956,19.953175,-4.92614,-1.3282089,-2.7626872,-0.04646186
63620000,4.8602304,19.930632,-4.926372,-1.3279418,-2.7629085,-0.04632039
63628000,4.849082,19.908096,-4.9266076,-1.3276861,-2.763082,-0.04628435
63636000,4.837916,19.88555,-4.92683,-1.3274527,-2.7632241,-0.04618097
63644000,4.826766,19.863012,-4.9270554,-1.3272159,-2.7633355,-0.04607466
63652000,4.815633,19.840485,-4.9272842,-1.3269871,-2.7634776,-0.045984883
63660000,4.804516,19.817966,-4.927517,-1.3267126,-2.763599,-0.04594078
63668000,4.7933774,19.795406,-4.9277644,-1.3264123,-2.7637548,-0.045873713
63676000,4.782256,19.772858,-4.928015,-1.3261479,-2.7639246,-0.045784637
63684000,4.7711506,19.75032,-4.928269,-1.3258832,-2.7640293,-0.045720477
63692000,4.7600613,19.72779,-4.9285245,-1.3256216,-2.7641444,-0.045558434
63700000,4.7489486,19.705233,-4.928751,-1.3253552,-2.7642422,-0.045495152
63708000,4.7378516,19.682684,-4.928981,-1.3250997,-2.7643166,-0.04539302
63716000,4.726771,19.660147,-4.9292135,-1.3248206,-2.7644284,-0.04527031
63724000,4.715706,19.637619,-4.9294496,-1.3245614,-2.7645009,-0.04513466
63732000,4.7046027,19.615053,-4.9296484,-1.3243418,-2.7646158,-0.044984173
63740000,4.6935153,19.592497,-4.9298515,-1.3240529,-2.7647073,-0.044839192
63748000,4.6824446,19.569952,-4.930058,-1.3237526,-2.7647474,-0.04469175
63756000,4.6713896,19.547417,-4.930268,-1.3234744,-2.7648072,-0.044555586
63764000,4.6603045,19.524843,-4.930451,-1.3232248,-2.7649024,-0.04443459
63772000,4.649235,19.502281,-4.93064,-1.3230209,-2.764952,-0.044311494
63780000,4.638181,19.47973,-4.930834,-1.3227885,-2.7650442,-0.044161316
63788000,4.6271424,19.45719,-4.9310308,-1.3225486,-2.7651067,-0.04403341
63796000,4.6160765,19.434597,-4.9312005,-1.3222947,-2.7652516,-0.043897167
63804000,4.6050262,19.412016,-4.931375,-1.3220422,-2.765365,-0.043832235
63812000,4.593991,19.389444,-4.931555,-1.3217794,-2.7654047,-0.04377316
63820000,4.582971,19.366886,-4.9317436,-1.3215128,-2.765488,-0.04364707
63828000,4.571966,19.344337,-4.9319363,-1.321255,-2.765613,-0.04355263
63836000,4.560932,19.32172,-4.9320946,-1.3210272,-2.7657318,-0.043443713
63844000,4.549914,19.299112,-4.932258,-1.3207651,-2.7658155,-0.04333522
63852000,4.5389104,19.276518,-4.932426,-1.3206204,-2.7659335,-0.043240994
63860000,4.527921,19.253933,-4.932598,-1.3203979,-2.766054,-0.04314466
63868000,4.516901,19.231295,-4.932741,-1.3201785,-2.7661738,-0.04301743
63876000,4.505897,19.208668,-4.9328895,-1.3198696,-2.7662325,-0.04289667
63884000,4.4949074,19.186052,-4.933043,-1.3195672,-2.7662985,-0.04281948
63892000,4.483933,19.16345,-4.933201,-1.3192934,-2.7663317,-0.042732332
63900000,4.4729314,19.140787,-4.933324,-1.319074,-2.7663977,-0.042663917
63908000,4.461945,19.118137,-4.933452,-1.3188232,-2.7664483,-0.042596646
63916000,4.4509735,19.0955,-4.933586,-1.3185575,-2.7665198,-0.042456854
63924000,4.4400167,19.072876,-4.933725,-1.3182621,-2.766567,-0.04234358
63932000,4.4290295,19.050186,-4.9338193,-1.3180299,-2.7666528,-0.04223019
63940000,4.4180565,19.02751,-4.93392,-1.3178022,-2.7667458,-0.042119212
63948000,4.4070983,19.004847,-4.9340267,-1.3175205,-2.7667992,-0.042013615
63956000,4.396154,18.982197,-4.9341393,-1.3172921,-2.7668762,-0.04188132
63964000,4.3852243,18.959558,-4.9342566,-1.3170235,-2.7668817,-0.0417629
63972000,4.374272,18.93685,-4.934324,-1.3168067,-2.7669623,-0.041649897
63980000,4.363334,18.914152,-4.9343977,-1.3166178,-2.7670374,-0.041546743
63988000,4.3524094,18.891468,-4.9344783,-1.3164384,-2.7671096,-0.041496888
63996000,4.341456,18.868727,-4.934504,-1.3162048,-2.7672188,-0.041425843
64004000,4.330517,18.846,-4.934538,-1.3159696,-2.7673109,-0.041328095
64012000,4.319592,18.823288,-4.934579,-1.3157458,-2.767438,-0.041236285
64020000,4.3086805,18.800589,-4.9346275,-1.315417,-2.767499,-0.04112527
64028000,4.2977242,18.77786,-4.9346204,-1.3151752,-2.7676241,-0.04102855
64036000,4.2867823,18.75515,-4.934622,-1.3150156,-2.7676768,-0.040926035
64044000,4.275854,18.73245,-4.934631,-1.3148705,-2.7677717,-0.040798355
64052000,4.26494,18.709766,-4.934648,-1.3146257,-2.7678087,-0.04074653
64060000,4.2539744,18.687057,-4.9346137,-1.3144289,-2.7678332,-0.040724874
64068000,4.2430234,18.664364,-4.93459,-1.3143563,-2.7678688,-0.04063458
64076000,4.2320857,18.641685,-4.934575,-1.3142759,-2.7678714,-0.040623013
64084000,4.2211614,18.619019,-4.9345694,-1.314142,-2.7679613,-0.040533118
64092000,4.2102504,18.596365,-4.9345727,-1.3139284,-2.7679873,-0.04051185
64100000,4.1992846,18.573708,-4.9345093,-1.3138283,-2.7680035,-0.040424533
64108000,4.188333,18.551062,-4.9344563,-1.3136729,-2.768035,-0.040407278
64116000,4.177396,18.528429,-4.934413,-1.3135165,-2.767996,-0.04038504
64124000,4.1664724,18.50581,-4.9343796,-1.3133174,-2.7680259,-0.040426504
64132000,4.155486,18.483175,-4.9342813,-1.3132125,-2.7679586,-0.040463425
64140000,4.144514,18.460552,-4.9341946,-1.313115,-2.7679293,-0.040457368
64148000,4.1335564,18.437943,-4.9341183,-1.3129698,-2.7679336,-0.0404701
64156000,4.122613,18.415346,-4.934053,-1.3128681,-2.767928,-0.040447425
64164000,4.111598,18.39272,-4.933926,-1.3127614,-2.76788,-0.040406514
64172000,4.100598,18.370108,-4.933828,-1.3126937,-2.7677898,-0.04034827
64180000,4.0896125,18.34751,-4.93374,-1.3126317,-2.7677324,-0.04036709
64188000,4.078642,18.324924,-4.933664,-1.3125521,-2.7676115,-0.040448725
64196000,4.0676093,18.302313,-4.933531,-1.3125719,-2.7675076,-0.040415518
64204000,4.056592,18.279715,-4.93341,-1.3125364,-2.7674315,-0.04039251
64212000,4.045589,18.257128,-4.9333005,-1.3124796,-2.767355,-0.04038735
64220000,4.0346003,18.234556,-4.933207,-1.3124697,-2.7672412,-0.04050486
64228000,4.023545,18.21196,-4.933053,-1.312475,-2.7671576,-0.040568497
64236000,4.012504,18.189377,-4.9329123,-1.3124827,-2.7670794,-0.04063342
64244000,4.001478,18.166807,-4.9327846,-1.3125095,-2.7669775,-0.040762194
64252000,3.9904668,18.144249,-4.9326696,-1.3125031,-2.7668977,-0.04084351
64260000,3.9793835,18.121635,-4.9324884,-1.3125435,-2.7668326,-0.040876605
64268000,3.9683154,18.099037,-4.9323215,-1.3125834,-2.7667925,-0.041002974
64276000,3.9572625,18.07645,-4.932169,-1.3125905,-2.7667208,-0.041164614
64284000,3.9462245,18.053879,-4.9320297,-1.3126163,-2.7666576,-0.041327715
64292000,3.935121,18.031258,-4.931845,-1.3127043,-2.7665918,-0.041461453
64300000,3.9240317,18.008652,-4.931676,-1.3127786,-2.7664883,-0.041655313
64308000,3.9129577,17.98606,-4.9315214,-1.3128062,-2.766337,-0.041824657
64316000,3.901899,17.96348,-4.9313803,-1.312815,-2.7661846,-0.041926686
64324000,3.890781,17.940836,-4.9312253,-1.3129082,-2.7661312,-0.042078838
64332000,3.8796782,17.918205,-4.931084,-1.3129957,-2.766074,-0.04220074
64340000,3.868591,17.895588,-4.930957,-1.3130677,-2.7660062,-0.042401083
64348000,3.8575187,17.872986,-4.9308434,-1.3131605,-2.7659125,-0.04261149
64356000,3.8464606,17.850397,-4.930743,-1.3132238,-2.7658231,-0.04277209
64364000,3.8353395,17.827738,-4.930618,-1.3132986,-2.7657943,-0.042979896
64372000,3.8242328,17.805096,-4.930513,-1.3133581,-2.765733,-0.043195643
64380000,3.8131413,17.782467,-4.9304214,-1.313456,-2.765673,-0.043441884
64388000,3.802065,17.759853,-4.9303436,-1.3135722,-2.7655466,-0.043709114
64396000,3.7909305,17.737179,-4.9302444,-1.3136545,-2.7654903,-0.043947246
64404000,3.7798119,17.71452,-4.9301586,-1.3137993,-2.7654848,-0.04416143
64412000,3.7687082,17.691875,-4.9300857,-1.3138957,-2.7654593,-0.044340707
64420000,3.7576196,17.669247,-4.930041,-1.3139598,-2.7653987,-0.044600334
64428000,3.7464755,17.646568,-4.929986,-1.3140845,-2.7653277,-0.044832997
64436000,3.7353466,17.623905,-4.9299436,-1.314222,-2.7652829,-0.044972587
64444000,3.7242322,17.601257,-4.9299135,-1.3143175,-2.765243,-0.0451414
64452000,3.7131329,17.578623,-4.9298954,-1.3143632,-2.7651465,-0.045411434
64460000,3.7019832,17.555937,-4.92987,-1.3144838,-2.7650678,-0.045653425
64468000,3.6908495,17.533268,-4.929858,-1.3145541,-2.7650018,-0.04582458
64476000,3.6797316,17.510614,-4.9298577,-1.3145926,-2.7649057,-0.046066877
64484000,3.6686292,17.487974,-4.929869,-1.314678,-2.7648208,-0.0463016
64492000,3.6574621,17.465296,-4.929868,-1.3147879,-2.76475,-0.046536706
64500000,3.6463115,17.442635,-4.929879,-1.3148739,-2.764686,-0.046783183
64508000,3.6351755,17.419987,-4.9299016,-1.3149562,-2.764634,-0.04692
64516000,3.6240551,17.397354,-4.929935,-1.3150494,-2.7645812,-0.047100514
64524000,3.6128736,17.374676,-4.92996,-1.3151658,-2.7645473,-0.047279246
64532000,3.6017087,17.352013,-4.9299955,-1.3152642,-2.7645023,-0.047490485
64540000,3.5905597,17.329365,-4.9300423,-1.3153515,-2.764424,-0.047694627
64548000,3.579427,17.306732,-4.9301,-1.3154111,-2.7643878,-0.04784883
64556000,3.5682282,17.284054,-4.93013,-1.3155679,-2.7643802,-0.04797684
64564000,3.5570457,17.26139,-4.9301705,-1.3157234,-2.764309,-0.048104983
64572000,3.5458794,17.23874,-4.9302216,-1.315846,-2.7642958,-0.04825003
64580000,3.5347278,17.216108,-4.9302835,-1.3159162,-2.7641873,-0.04837473
64588000,3.5235124,17.193432,-4.930303,-1.3160447,-2.7640576,-0.048491057
64596000,3.5123136,17.17077,-4.930334,-1.3162397,-2.76401,-0.048637908
64604000,3.501131,17.148123,-4.930376,-1.3163376,-2.763952,-0.048748337
64612000,3.4899652,17.125492,-4.9304285,-1.3164004,-2.7638767,-0.048882402
64620000,3.478815,17.102877,-4.930491,-1.3165426,-2.7637665,-0.04899171
64628000,3.4676232,17.080206,-4.930522,-1.3166442,-2.7636735,-0.049094543
64636000,3.4564478,17.057552,-4.9305634,-1.3167537,-2.7636132,-0.049151927
64644000,3.4452884,17.034914,-4.930616,-1.3168783,-2.7634726,-0.049266495
64652000,3.4341438,17.01229,-4.9306784,-1.3169485,-2.7634058,-0.049363945
64660000,3.4229543,16.98961,-4.9307117,-1.3170617,-2.7633576,-0.04939207
64668000,3.411781,16.966948,-4.930756,-1.3171306,-2.763317,-0.049531404
64676000,3.4006245,16.944298,-4.9308105,-1.317165,-2.7632487,-0.04961213
64684000,3.389484,16.921665,-4.9308753,-1.3172674,-2.763124,-0.049662936
64692000,3.378298,16.898985,-4.930911,-1.3173729,-2.7630684,-0.049718656
64700000,3.3671284,16.876322,-4.9309573,-1.3174798,-2.762959,-0.049770445
64708000,3.3559747,16.853674,-4.931013,-1.3175602,-2.7628863,-0.049839415
64716000,3.3448367,16.831041,-4.9310794,-1.3176036,-2.762794,-0.049914215
64724000,3.3336606,16.808355,-4.931127,-1.3176591,-2.762779,-0.049937174
64732000,3.3225012,16.785683,-4.931184,-1.3177176,-2.7627447,-0.049943242
64740000,3.3113577,16.763027,-4.9312506,-1.3177525,-2.7627068,-0.05001962
64748000,3.3002305,16.740389,-4.931327,-1.3177732,-2.7626443,-0.050096605
64756000,3.289058,16.71768,-4.931381,-1.3178263,-2.762632,-0.05020796
64764000,3.2779024,16.694988,-4.931446,-1.3178463,-2.762613,-0.05026663
64772000,3.266763,16.672312,-4.93152,-1.3178364,-2.7625995,-0.050301142
64780000,3.2556398,16.649652,-4.931604,-1.3178569,-2.7624912,-0.05034845
64788000,3.2444677,16.626923,-4.931668,-1.3179381,-2.7624187,-0.05037783
64796000,3.2333121,16.604212,-4.9317417,-1.3179592,-2.7624161,-0.050442826
64804000,3.2221735,16.581516,-4.9318247,-1.3179445,-2.7623472,-0.05046752
64812000,3.2110507,16.558838,-4.931917,-1.3179989,-2.762278,-0.05051168
64820000,3.1998775,16.536097,-4.931992,-1.3180099,-2.7622323,-0.050528884
64828000,3.1887214,16.513372,-4.9320765,-1.3180271,-2.7622218,-0.050601587
64836000,3.177582,16.490665,-4.93217,-1.3180062,-2.762177,-0.05064803
64844000,3.1664588,16.467974,-4.932273,-1.3179983,-2.7621686,-0.050698243
64852000,3.1553044,16.445229,-4.932356,-1.3180554,-2.7622037,-0.050695945
64860000,3.1441646,16.4225,-4.9324484,-1.3180364,-2.7622032,-0.050710022
64868000,3.1330416,16.399788,-4.93255,-1.317984,-2.7622058,-0.050753757
64876000,3.121935,16.377094,-4.9326596,-1.317996,-2.7621672,-0.050758157
64884000,3.110844,16.354416,-4.9327784,-1.3179322,-2.7620873,-0.050796714
64892000,3.0997078,16.331657,-4.932877,-1.3179481,-2.7620273,-0.050799478
64900000,3.0885885,16.308918,-4.9329844,-1.3179332,-2.7619715,-0.050853245
64908000,3.0774848,16.286198,-4.9331,-1.3179069,-2.7618916,-0.050877146
64916000,3.0663974,16.263493,-4.9332247,-1.3178623,-2.7618387,-0.050908767
64924000,3.0552661,16.240694,-4.9333425,-1.3178645,-2.7618668,-0.050911132
64932000,3.0441494,16.217915,-4.9334683,-1.3178685,-2.7619271,-0.050953995
64940000,3.0330489,16.195152,-4.9336033,-1.3178173,-2.761884,-0.05098091
64948000,3.0219646,16.17241,-4.933746,-1.3177567,-2.7618902,-0.051001318
64956000,3.010852,16.149586,-4.9338684,-1.3176919,-2.7620194,-0.050991863
64964000,2.999756,16.126783,-4.933999,-1.317648,-2.761978,-0.051004298
64972000,2.9886763,16.103998,-4.9341373,-1.3176043,-2.7619743,-0.05094027
64980000,2.977612,16.08123,-4.934283,-1.3175337,-2.7619777,-0.05090624
64988000,2.9665203,16.058384,-4.9344068,-1.3174366,-2.7620606,-0.0508714
64996000,2.955445,16.035557,-4.934539,-1.3173597,-2.7620676,-0.050818425
65004000,2.9443839,16.01275,-4.9346786,-1.3172768,-2.7620332,-0.050792504
65012000,2.9333386,15.989962,-4.934826,-1.3171765,-2.7619817,-0.050752427
65020000,2.922242,15.967094,-4.934963,-1.3171374,-2.76208,-0.050695464
65028000,2.9111614,15.944246,-4.9351077,-1.3171076,-2.7621386,-0.050673768
65036000,2.9000967,15.921418,-4.9352603,-1.3170556,-2.7621934,-0.050680675
65044000,2.8890476,15.898608,-4.9354196,-1.3169914,-2.7622664,-0.050666198
65052000,2.8779333,15.87571,-4.935565,-1.3169549,-2.7623374,-0.050614294
65060000,2.8668356,15.852831,-4.9357176,-1.3169093,-2.7623687,-0.050597854
65068000,2.8557527,15.829972,-4.935878,-1.3168393,-2.7624545,-0.050547056
65076000,2.8446863,15.807133,-4.936045,-1.3167013,-2.7624972,-0.05054704
65084000,2.8335576,15.784226,-4.9361963,-1.3166403,-2.7625866,-0.050489213
65092000,2.8224459,15.76134,-4.936355,-1.3166385,-2.7626998,-0.050411787
65100000,2.8113506,15.738473,-4.9365196,-1.3165966,-2.7627368,-0.050293524
65108000,2.8002715,15.715626,-4.9366903,-1.3165784,-2.762766,-0.050177667
65116000,2.7891424,15.692714,-4.9368563,-1.3165255,-2.76282,-0.05012081
65124000,2.7780302,15.669823,-4.9370356,-1.3165257,-2.76284,-0.05009546
65132000,2.7669344,15.646953,-4.937221,-1.3164794,-2.7627923,-0.050033107
65140000,2.7558534,15.624103,-4.9374127,-1.316465,-2.7628164,-0.04996759
65148000,2.7447886,15.601272,-4.9376106,-1.3163421,-2.7628646,-0.049943727
65156000,2.733672,15.578373,-4.937807,-1.3162807,-2.762906,-0.04989288
65164000,2.7225718,15.555495,-4.9380097,-1.316262,-2.762921,-0.04989008
65172000,2.7114885,15.532638,-4.938237,-1.3161916,-2.762907,-0.049790747
65180000,2.7004213,15.509799,-4.93847,-1.3160999,-2.7629244,-0.049750865
65188000,2.689313,15.486887,-4.938703,-1.3161197,-2.7629,-0.049701847
65196000,2.6782207,15.463997,-4.9389405,-1.3160523,-2.7629285,-0.049585212
65204000,2.6671453,15.441126,-4.9391823,-1.3160096,-2.7629333,-0.049528163
65212000,2.656084,15.418276,-4.939429,-1.3159553,-2.7628734,-0.049433157
65220000,2.6450028,15.395371,-4.939677,-1.3159412,-2.762876,-0.04939129
65228000,2.6339376,15.372488,-4.9399285,-1.3158996,-2.7628114,-0.049310673
65236000,2.6228883,15.349625,-4.940185,-1.3157779,-2.7627707,-0.049261484
65244000,2.6118553,15.326782,-4.9404454,-1.3156482,-2.7627456,-0.049189985
65252000,2.6007957,15.303891,-4.940707,-1.3155769,-2.7628329,-0.049057953
65260000,2.5897522,15.281019,-4.940973,-1.315544,-2.7628653,-0.048992794
65268000,2.578724,15.258167,-4.941242,-1.3155115,-2.7628732,-0.04890247
65276000,2.5677106,15.235336,-4.9415154,-1.3154079,-2.7628112,-0.048779182
65284000,2.5566723,15.212441,-4.9417815,-1.3153293,-2.762822,-0.04867247
65292000,2.5456498,15.189568,-4.942051,-1.315248,-2.7628374,-0.04857664
65300000,2.5346427,15.166715,-4.9423237,-1.3151224,-2.762788,-0.04836252
65308000,2.523651,15.143882,-4.942599,-1.3150252,-2.7627769,-0.04824518
65316000,2.5126426,15.120972,-4.942859,-1.3149787,-2.7628374,-0.048115775
65324000,2.5016491,15.098083,-4.943123,-1.3149145,-2.762795,-0.047944676
65332000,2.4906707,15.075215,-4.9433894,-1.3147941,-2.762741,-0.047850605
65340000,2.4797068,15.052368,-4.9436593,-1.3146869,-2.7626333,-0.047640912
65348000,2.468717,15.029462,-4.943918,-1.3145819,-2.7625692,-0.047514174
65356000,2.4577425,15.006576,-4.944181,-1.3144411,-2.7625158,-0.047335695
65364000,2.446783,14.983712,-4.944446,-1.3143036,-2.7624369,-0.04716596
65372000,2.4358382,14.960869,-4.9447136,-1.3141845,-2.7623715,-0.04697039
65380000,2.424879,14.937958,-4.94497,-1.3141389,-2.7622938,-0.04683878
65388000,2.413934,14.91507,-4.9452295,-1.3140428,-2.762226,-0.04663085
65396000,2.4030035,14.892202,-4.945492,-1.3139306,-2.76217,-0.04648831
65404000,2.3920865,14.869356,-4.9457564,-1.313805,-2.7621195,-0.04633624
65412000,2.3811836,14.84653,-4.9460244,-1.313657,-2.7620313,-0.04619382
65420000,2.3702688,14.823636,-4.9462833,-1.313511,-2.7620025,-0.046064142
65428000,2.3593683,14.800763,-4.9465446,-1.3133504,-2.7619898,-0.045869783
65436000,2.3484817,14.777911,-4.946809,-1.3131733,-2.7619684,-0.045706585
65444000,2.3376086,14.755079,-4.9470754,-1.3130335,-2.7619298,-0.045549
65452000,2.3267162,14.732173,-4.9473386,-1.3129369,-2.7619295,-0.0453407
65460000,2.315837,14.709289,-4.9476037,-1.3128401,-2.761893,-0.0450728
65468000,2.3049707,14.686425,-4.9478784,-1.31268,-2.7618349,-0.0448408
65476000,2.2941182,14.663583,-4.9481544,-1.3125228,-2.7617757,-0.044623416
65484000,2.2832458,14.640681,-4.948426,-1.3123546,-2.7617278,-0.044385266
65492000,2.2723854,14.617802,-4.948699,-1.3121821,-2.7616909,-0.044154003
65500000,2.2615385,14.594943,-4.9489737,-1.3119882,-2.761569,-0.043942597
65508000,2.2507048,14.572107,-4.9492497,-1.3118433,-2.7614214,-0.043746147
65516000,2.2398539,14.549206,-4.949527,-1.311713,-2.7614162,-0.043547183
65524000,2.2290158,14.526327,-4.9498057,-1.3115597,-2.7613723,-0.043367874
65532000,2.2181911,14.503469,-4.9500856,-1.3113601,-2.7612896,-0.043192327
65540000,2.207379,14.480634,-4.9503675,-1.3112361,-2.761175,-0.042981707
65548000,2.1965408,14.457725,-4.950642,-1.3110639,-2.761165,-0.042787947
65556000,2.185716,14.434837,-4.9509177,-1.310868,-2.761082,-0.042536646
65564000,2.1749022,14.411972,-4.9511952,-1.3106669,-2.7610233,-0.04237257
65572000,2.1641016,14.389129,-4.951517,-1.3104942,-2.7609382,-0.042175874
65580000,2.1532705,14.366216,-4.95183,-1.3104079,-2.760879,-0.041987672
65588000,2.1424518,14.343325,-4.9521427,-1.3103142,-2.760807,-0.04181828
65596000,2.1316454,14.3204565,-4.952456,-1.3102256,-2.7607234,-0.041630983
65604000,2.1208513,14.297608,-4.9527698,-1.3100532,-2.7607207,-0.041458678
65612000,2.1100197,14.2747,-4.9530706,-1.3100029,-2.7606876,-0.041229058
65620000,2.0992,14.251813,-4.953384,-1.3099606,-2.7606106,-0.040996816
65628000,2.0883908,14.228949,-4.9536977,-1.3098363,-2.760535,-0.04075159
65636000,2.077594,14.206105,-4.954011,-1.3097696,-2.7604542,-0.04054014
65644000,2.0667493,14.183201,-4.9543176,-1.3096687,-2.7603884,-0.04027864
65652000,2.0559177,14.160319,-4.954624,-1.3095435,-2.7602928,-0.040043678
65660000,2.045099,14.13746,-4.95493,-1.3094423,-2.7601988,-0.039796025
65668000,2.0342925,14.114621,-4.955239,-1.3093458,-2.7600749,-0.039563302
65676000,2.0234983,14.0918045,-4.9555473,-1.3092585,-2.7599926,-0.039283372
65684000,2.0126371,14.068907,-4.9558535,-1.3092115,-2.7598746,-0.039050143
65692000,2.0017889,14.046031,-4.956159,-1.3091832,-2.7597694,-0.03878406
65700000,1.9909517,14.023177,-4.9564643,-1.3091333,-2.7596784,-0.038499694
65708000,1.980127,14.000346,-4.9567685,-1.3090665,-2.7595236,-0.038250633
65716000,1.9692397,13.97745,-4.957072,-1.3090707,-2.7593606,-0.0379773
65724000,1.9583657,13.954578,-4.957374,-1.309084,-2.7592251,-0.037690584
65732000,1.9475044,13.931728,-4.9576755,-1.3090929,-2.759159,-0.037425887
65740000,1.9366556,13.9089,-4.957976,-1.3090799,-2.759025,-0.03711767
65748000,1.9257416,13.886005,-4.958278,-1.309184,-2.7589576,-0.036850136
65756000,1.9148405,13.863134,-4.95858,-1.3092376,-2.7588365,-0.036586657
65764000,1.9039524,13.840285,-4.9588804,-1.3092908,-2.758674,-0.03636813
65772000,1.8930753,13.817458,-4.9591894,-1.3093183,-2.7585516,-0.036086496
65780000,1.8821299,13.7945795,-4.959505,-1.3093848,-2.758417,-0.03586691
65788000,1.8711982,13.771724,-4.95982,-1.3094445,-2.758293,-0.035664856
65796000,1.86028,13.748891,-4.9601326,-1.3094885,-2.7581642,-0.03541309
65804000,1.8493748,13.72608,-4.960444,-1.3095956,-2.7579467,-0.03514047
65812000,1.8384221,13.703235,-4.960758,-1.309687,-2.7578034,-0.034954224
65820000,1.8274829,13.680411,-4.961071,-1.3097576,-2.7576892,-0.034719262
65828000,1.816557,13.65761,-4.9613814,-1.3098564,-2.7575326,-0.03448396
65836000,1.8056437,13.63483,-4.961691,-1.3099679,-2.7573342,-0.034212958
65844000,1.794673,13.61201,-4.9620023,-1.3101258,-2.7571268,-0.033934373
65852000,1.7837157,13.589211,-4.9623117,-1.31021,-2.7570267,-0.03364364
65860000,1.772772,13.566435,-4.962619,-1.3102872,-2.7568583,-0.033350773
65868000,1.7618413,13.543679,-4.962924,-1.3104125,-2.756647,-0.033123337
65876000,1.7508646,13.520855,-4.9632306,-1.3105795,-2.756567,-0.032867156
65884000,1.7399013,13.498052,-4.963535,-1.3107111,-2.756349,-0.032608174
65892000,1.7289511,13.475271,-4.963837,-1.3108401,-2.7561352,-0.032274567
65900000,1.7180134,13.452513,-4.9641366,-1.3109725,-2.7559485,-0.031944927
65908000,1.7070258,13.429717,-4.964427,-1.3111198,-2.7557878,-0.03167806
65916000,1.6960515,13.406943,-4.9647155,-1.3112619,-2.7555804,-0.031399686
65924000,1.68509,13.3841915,-4.965002,-1.3115231,-2.7553434,-0.03107971
65932000,1.6741406,13.361461,-4.965286,-1.311669,-2.7551239,-0.030778417
65940000,1.6632037,13.338752,-4.9655676,-1.3117942,-2.7548804,-0.030501775
65948000,1.5641043,-26.14474,-4.965847,-1.3119748,-2.7546697,-0.03019833
65956000,1.5535184,-26.166716,-4.9661236,-1.3121306,-2.754447,-0.029884402
65964000,1.5429338,-26.188694,-4.9663982,-1.3123364,-2.7541876,-0.02961039
65972000,1.5323505,-26.210672,-4.966671,-1.312431,-2.7539954,-0.029331444
65980000,1.5215995,-26.235937,-4.966937,-1.312628,-2.7538404,-0.029022528
65988000,1.5108538,-26.261108,-4.967201,-1.3128803,-2.7535574,-0.028739585
65996000,1.5001132,-26.286186,-4.9674635,-1.3130671,-2.7533343,-0.028513797
66004000,1.489378,-26.311172,-4.967724,-1.3132674,-2.7531238,-0.028205479
66012000,1.4785802,-26.338762,-4.9679747,-1.3135237,-2.7529116,-0.027912648
66020000,1.4677888,-26.366186,-4.9682407,-1.3137299,-2.7526548,-0.02767138
66028000,1.4570038,-26.393454,-4.9685054,-1.3139431,-2.7524087,-0.027388759
66036000,1.446225,-26.420567,-4.968767,-1.31416,-2.7521074,-0.027163684
66044000,1.435348,-26.45022,-4.969016,-1.3143849,-2.751851,-0.026849573
66052000,1.4244801,-26.479649,-4.9692626,-1.3145989,-2.7515736,-0.026526665
66060000,1.4136205,-26.50886,-4.969507,-1.3148049,-2.7513218,-0.02626729
66068000,1.4027685,-26.53786,-4.9698215,-1.3152285,-2.7515528,-0.03831007
66076000,1.3918419,-26.569607,-4.9702935,-1.3159087,-2.752573,-0.065613315
66084000,1.3809209,-26.60108,-4.971005,-1.3166654,-2.7538347,-0.09743057
66092000,1.3700052,-26.632288,-4.971971,-1.3173549,-2.7550163,-0.12903084
66100000,1.3590952,-26.663237,-4.9731827,-1.3179952,-2.7558787,-0.15902679
66108000,1.3481442,-26.696724,-4.974615,-1.3185315,-2.7561364,-0.18767923
66116000,1.3372012,-26.72988,-4.976276,-1.3188663,-2.755484,-0.21641527
66124000,1.3262689,-26.762701,-4.9781785,-1.3189293,-2.7535875,-0.24728057
66132000,1.3153484,-26.795187,-4.9803424,-1.3186563,-2.750045,-0.2817611
66140000,1.3043926,-26.830036,-4.982838,-1.3180596,-2.7446146,-0.3185209
66148000,1.293455,-26.86446,-4.985629,-1.3170277,-2.737108,-0.35559696
66156000,1.282539,-26.89845,-4.9887104,-1.3154767,-2.7273169,-0.39131427
66164000,1.2716484,-26.932003,-4.9920673,-1.3135113,-2.7153685,-0.42485365
66172000,1.2607542,-26.967731,-4.995799,-1.3111234,-2.701328,-0.45556957
66180000,1.2498922,-27.002932,-4.999759,-1.3082978,-2.6852274,-0.48305047
66188000,1.2390668,-27.037598,-5.0039225,-1.3050299,-2.6671925,-0.5072733
66196000,1.22828,-27.071728,-5.0082617,-1.3013796,-2.6473653,-0.5280053
66204000,1.2175343,-27.105316,-5.0127497,-1.2973444,-2.6258326,-0.5453657
66212000,1.2068479,-27.140985,-5.017567,-1.292984,-2.6028419,-0.55949074
66220000,1.1962069,-27.176035,-5.0224767,-1.2883067,-2.578455,-0.57031214
66228000,1.1856133,-27.210466,-5.0274515,-1.2833937,-2.552812,-0.578036
66236000,1.1750686,-27.244286,-5.032469,-1.2782632,-2.5261772,-0.58292896
66244000,1.1645935,-27.280079,-5.0377116,-1.2728944,-2.4983883,-0.5851263
66252000,1.1541697,-27.315187,-5.0429482,-1.2672946,-2.4696207,-0.5847593
66260000,1.1437994,-27.349619,-5.0481615,-1.2614694,-2.439941,-0.58227414
66268000,1.1334835,-27.383379,-5.053345,-1.255486,-2.4094777,-0.577748
66276000,1.1232374,-27.419031,-5.05864,-1.2493297,-2.3781002,-0.5714463
66284000,1.1130476,-27.453947,-5.063862,-1.2429477,-2.345988,-0.5634891
66292000,1.1029155,-27.488134,-5.0689993,-1.2364388,-2.3131588,-0.5540535
66300000,1.0928422,-27.521603,-5.07404,-1.2297258,-2.2796876,-0.54320276
66308000,1.0828364,-27.556883,-5.07908,-1.2228603,-2.245368,-0.5313241
66316000,1.0728917,-27.591385,-5.0840044,-1.2158219,-2.2104526,-0.51831824
66328000,1.0630091,-27.625114,-5.088811,-1.2086713,-2.17491,-0.5044264
66332000,1.0531846,-27.658083,-5.0934863,-1.2014284,-2.1388245,-0.48975173
66340000,1.0434353,-27.692862,-5.098054,-1.1940361,-2.101875,-0.4743805
66348000,1.0337504,-27.72682,-5.1024795,-1.1864513,-2.0644019,-0.45832407
66356000,1.0241312,-27.759966,-5.1067595,-1.178755,-2.0263703,-0.44180864
66364000,1.0145787,-27.792309,-5.1108913,-1.1708993,-1.9877924,-0.4248968
66372000,1.0050784,-27.82638,-5.114822,-1.1628896,-1.9483687,-0.4075095
66380000,0.9956476,-27.85959,-5.1185994,-1.1547447,-1.908456,-0.38984042
66388000,0.9862873,-27.891953,-5.1222224,-1.146411,-1.8680184,-0.3720067
66396000,0.9769988,-27.92348,-5.1256895,-1.1379497,-1.8271358,-0.3540074
66404000,0.96776277,-27.95669,-5.128907,-1.1293528,-1.7854072,-0.3357822
66412000,0.9586009,-27.989006,-5.131969,-1.1206858,-1.743192,-0.31754464
66420000,0.9495138,-28.020443,-5.134876,-1.1119117,-1.7005764,-0.29923284
66428000,0.9405023,-28.05101,-5.137627,-1.1030246,-1.6575079,-0.28096023
66436000,0.9315633,-28.083187,-5.140105,-1.0939566,-1.6136278,-0.2626877
66444000,0.92270225,-28.114443,-5.1424313,-1.0847797,-1.5693747,-0.24449126
66452000,0.9139198,-28.144789,-5.1446066,-1.0755097,-1.5246891,-0.22641772
66460000,0.90521705,-28.174236,-5.1466327,-1.0660636,-1.4796064,-0.20848277
66468000,0.8965949,-28.2028,-5.1485276,-1.0565392,-1.4341924,-0.19063967
66476000,0.88806885,-28.232956,-5.1501546,-1.0468131,-1.3881788,-0.17296904
66484000,0.87962526,-28.262175,-5.1516385,-1.037003,-1.3418301,-0.15546496
66492000,0.8712647,-28.29047,-5.15298,-1.0271456,-1.2951256,-0.13817678
66500000,0.86298764,-28.317856,-5.154181,-1.0171484,-1.2481455,-0.12106531
66508000,0.8548101,-28.346777,-5.155109,-1.0070468,-1.2005931,-0.10409154
66516000,0.8467179,-28.374739,-5.1559033,-0.9968377,-1.1528391,-0.087479524
66524000,0.8387113,-28.401758,-5.1565723,-0.9865944,-1.1048757,-0.07115525
66532000,0.83079094,-28.427847,-5.157112,-0.9762917,-1.0566078,-0.05505023
66540000,0.8229504,-28.45543,-5.1573963,-0.96582544,-1.0078819,-0.039161477
66548000,0.81519824,-28.482035,-5.1575575,-0.9553275,-0.958988,-0.02362248
66556000,0.8075349,-28.507677,-5.157599,-0.9446624,-0.9099584,-0.008448919
66564000,0.7999612,-28.532377,-5.1575227,-0.93397087,-0.8608329,0.0064656725
66572000,0.79249007,-28.558546,-5.1572304,-0.9232193,-0.8112321,0.021025248
66580000,0.7851088,-28.583723,-5.1568274,-0.9124699,-0.76160383,0.035208546
66588000,0.77781767,-28.60793,-5.156317,-0.9016649,-0.71187896,0.049088273
66596000,0.77061695,-28.631176,-5.155701,-0.89081615,-0.66210467,0.062637664
66604000,0.76352704,-28.655907,-5.1548634,-0.8798707,-0.6119706,0.075815246
66612000,0.7565283,-28.679634,-5.153929,-0.8688742,-0.5618787,0.088562965
66620000,0.7496209,-28.70238,-5.152907,-0.85788554,-0.5117895,0.100935556
66628000,0.7428048,-28.724157,-5.1517935,-0.8468556,-0.46166533,0.11288713
66636000,0.73606527,-28.747393,-5.1504855,-0.83576757,-0.41128543,0.12463882
66644000,0.72941846,-28.769619,-5.1490927,-0.82464063,-0.36100668,0.13601622
66652000,0.72286475,-28.790855,-5.1476192,-0.81347436,-0.31086215,0.14692593
66660000,0.7164037,-28.811121,-5.1460676,-0.8023866,-0.26082835,0.15742886
66668000,0.71003467,-28.832832,-5.1443734,-0.79130024,-0.2105093,0.16760734
66676000,0.70375776,-28.85353,-5.142608,-0.7802306,-0.1603913,0.1773966
66684000,0.6975733,-28.873236,-5.1407747,-0.7691376,-0.11040669,0.18680444
66692000,0.6914811,-28.891966,-5.138876,-0.7580257,-0.060593825,0.19575244
66700000,0.6854729,-28.912134,-5.136848,-0.746938,-0.010685978,0.20439728
66708000,0.67955685,-28.931288,-5.1347623,-0.73585683,0.03903592,0.21262011
66716000,0.6737326,-28.94945,-5.132621,-0.7248733,0.08847473,0.2204721
66724000,0.66799927,-28.966639,-5.1304264,-0.7139089,0.1377435,0.22794549
66732000,0.662357,-28.982872,-5.1281824,-0.7029635,0.18670565,0.23500279
66740000,0.6567997,-29.00059,-5.125833,-0.6920925,0.23564409,0.24166512
66748000,0.65133226,-29.017313,-5.1234407,-0.68122566,0.28425395,0.24804768
66756000,0.64595455,-29.033068,-5.121008,-0.6704036,0.33255976,0.25399706
66764000,0.640666,-29.047869,-5.1185374,-0.65963745,0.38060823,0.25955805
66772000,0.6354383,-29.064152,-5.115991,-0.64900744,0.4285998,0.26466018
66780000,0.6302984,-29.079449,-5.113414,-0.6384585,0.47626936,0.26954672
66788000,0.6252456,-29.093775,-5.1108084,-0.62797034,0.5235721,0.27399322
66796000,0.6202795,-29.107155,-5.108177,-0.6174787,0.57045156,0.27807257
66804000,0.61537075,-29.12203,-5.105495,-0.6070834,0.61717516,0.28184792
66812000,0.61054784,-29.135923,-5.1027937,-0.5968109,0.66354114,0.2852114
66820000,0.6058098,-29.148855,-5.100084,-0.58655494,0.7094544,0.28833023
66828000,0.60115623,-29.160847,-5.097359,-0.57644117,0.7549028,0.29106453
66836000,0.5965518,-29.174345,-5.0945907,-0.56645465,0.8002048,0.2935092
66844000,0.5920303,-29.186869,-5.0918126,-0.55649036,0.84502655,0.29559106
66852000,0.58759123,-29.198442,-5.089027,-0.54657024,0.8894539,0.2973645
66860000,0.5832342,-29.209084,-5.086237,-0.53672814,0.9334079,0.29880482
66868000,0.5789171,-29.221258,-5.083426,-0.5270197,0.97709125,0.2999247
66876000,0.5746805,-29.232468,-5.0806155,-0.51742804,1.0202217,0.3008137
66884000,0.5705236,-29.242737,-5.0778065,-0.5079179,1.0628839,0.30140343
66892000,0.5664457,-29.252089,-5.075002,-0.49845067,1.1050489,0.30167004
66900000,0.56241333,-29.262987,-5.0721846,-0.48915243,1.1469078,0.30179074
66908000,0.5584588,-29.272934,-5.069375,-0.4798745,1.1883167,0.30158505
66916000,0.55458134,-29.281952,-5.066576,-0.47069252,1.2291701,0.30108526
66924000,0.55078006,-29.290064,-5.063789,-0.4616337,1.269449,0.30037224
66932000,0.5470232,-29.299738,-5.0610013,-0.45275396,1.3093764,0.2993928
66940000,0.5433402,-29.308474,-5.05823,-0.44396734,1.3488238,0.29819563
66948000,0.5397303,-29.316294,-5.0554757,-0.4352688,1.3876936,0.2967389
66956000,0.5361927,-29.323221,-5.0527415,-0.42665824,1.4260291,0.29505444
66964000,0.5327016,-29.33173,-5.0500264,-0.41819885,1.4639237,0.29316851
66972000,0.52928096,-29.339315,-5.047345,-0.4098365,1.5012728,0.2911208
66980000,0.5259296,-29.346,-5.0446873,-0.40158674,1.5380781,0.28894964
66988000,0.5226465,-29.351809,-5.0420537,-0.3934855,1.574286,0.28652865
66996000,0.51943076,-29.35676,-5.039446,-0.3854311,1.6099554,0.28394198
67004000,0.5162685,-29.36337,-5.036861,-0.37757334,1.6451225,0.2812619
67012000,0.5131713,-29.369093,-5.034303,-0.36981001,1.6797888,0.2784242
67020000,0.51013863,-29.373953,-5.0317883,-0.36207536,1.7138461,0.27537632
67028000,0.5071697,-29.377968,-5.0293036,-0.35448742,1.7474182,0.2722164
67036000,0.5042522,-29.383677,-5.026871,-0.34706733,1.7804655,0.26886153
67044000,0.501396,-29.388512,-5.0244703,-0.33969113,1.8128909,0.2653842
67052000,0.49860093,-29.392496,-5.022103,-0.3323994,1.8447678,0.26179773
67060000,0.49586576,-29.39565,-5.0197687,-0.32524663,1.876144,0.2580976
67068000,0.49317083,-29.400536,-5.017518,-0.318235,1.9069678,0.25423935
67076000,0.49053374,-29.404558,-5.015302,-0.31130856,1.9372407,0.25030166
67084000,0.4879538,-29.407743,-5.0131207,-0.30445653,1.9669689,0.24635892
67092000,0.48542982,-29.410114,-5.010974,-0.29782704,1.9961905,0.24234971
67100000,0.48293784,-29.414242,-5.008885,-0.2913084,2.0247812,0.23825064
67108000,0.48049968,-29.417524,-5.0068316,-0.284877,2.0527737,0.23407531
67116000,0.47811455,-29.419985,-5.0048146,-0.2785344,2.0803127,0.22981876
67124000,0.47578204,-29.421642,-5.0028343,-0.27224892,2.1073756,0.22551717
67132000,0.47348312,-29.42509,-5.000917,-0.26611504,2.1338084,0.22120693
67140000,0.47123483,-29.427708,-4.9990363,-0.26010853,2.1597447,0.21689488
67148000,0.4690365,-29.429514,-4.997192,-0.25416392,2.1851516,0.2126144
67156000,0.46688747,-29.43053,-4.9953837,-0.24829867,2.210094,0.20830613
67164000,0.46475616,-29.433365,-4.993659,-0.24257687,2.2343988,0.20387967
67172000,0.46267253,-29.43538,-4.991988,-0.23698412,2.2581725,0.19944842
67180000,0.4606354,-29.4366,-4.990353,-0.23152831,2.2814648,0.19500086
67188000,0.45864415,-29.437042,-4.9887547,-0.22611123,2.3043118,0.19055222
67196000,0.4566709,-29.439337,-4.9872403,-0.22081183,2.3265114,0.18612777
67204000,0.4547425,-29.440825,-4.985761,-0.21557768,2.3482585,0.18172395
67212000,0.4528581,-29.441528,-4.9843173,-0.21045274,2.369614,0.17731789
67220000,0.45101663,-29.441471,-4.982908,-0.20548558,2.3904848,0.17298721
67228000,0.44919366,-29.443275,-4.981572,-0.20053908,2.410728,0.1686774
67236000,0.44741297,-29.444286,-4.9802704,-0.19566159,2.4306178,0.16436723
67244000,0.44567385,-29.444527,-4.979002,-0.1908632,2.4500659,0.16007213
67252000,0.44397563,-29.444016,-4.9777675,-0.18615915,2.4690993,0.15584967
67260000,0.4423176,-29.442774,-4.9765654,-0.18153782,2.487744,0.15171373
67268000,0.44066906,-29.44348,-4.975468,-0.17704149,2.505697,0.14758506
67276000,0.43905932,-29.443424,-4.974402,-0.1726539,2.5233104,0.14343055
67284000,0.4374879,-29.442625,-4.9733667,-0.16828738,2.540513,0.13941106
67292000,0.43595427,-29.441105,-4.972361,-0.16404691,2.557334,0.13545904
67300000,0.43441764,-29.441563,-4.97144,-0.15993187,2.5735147,0.13147862
67308000,0.43291768,-29.441263,-4.9705467,-0.15586206,2.5894012,0.12761651
67316000,0.43145406,-29.440231,-4.9696817,-0.1518272,2.6049304,0.123862214
67324000,0.43002614,-29.438484,-4.968848,-0.1478955,2.6200864,0.12015001
67332000,0.42859367,-29.438728,-4.9680986,-0.14411451,2.6346633,0.116497226
67340000,0.42719567,-29.438225,-4.9673743,-0.14040823,2.64888,0.112885915
67348000,0.4258318,-29.436995,-4.966675,-0.13668594,2.662793,0.10942214
67356000,0.42450184,-29.435059,-4.9659996,-0.13305324,2.6763885,0.10599955
67364000,0.42315313,-29.435123,-4.965408,-0.12953605,2.68942,0.102628395
67372000,0.42183763,-29.434448,-4.964846,-0.1260622,2.7021842,0.09931844
67380000,0.42055476,-29.433052,-4.9643064,-0.12266995,2.7145958,0.096054114
67388000,0.4193039,-29.430958,-4.963788,-0.11932882,2.7267354,0.09288343
67396000,0.4180282,-29.430904,-4.96335,-0.11616183,2.7383554,0.08978752
67404000,0.41678342,-29.430115,-4.9629307,-0.11303912,2.7497325,0.08674246
67412000,0.4155694,-29.42861,-4.9625306,-0.109914035,2.7608356,0.08378332
67420000,0.41438586,-29.426413,-4.962152,-0.10683901,2.7716913,0.08096611
67428000,0.41317713,-29.426277,-4.961834,-0.10400402,2.7819374,0.07815776
67436000,0.4119974,-29.425411,-4.961533,-0.101172276,2.7919679,0.07532886
67444000,0.4108466,-29.423838,-4.961249,-0.09834531,2.8017807,0.0726124
67452000,0.40972453,-29.421574,-4.960981,-0.09556167,2.811427,0.0699841
67460000,0.40857318,-29.421385,-4.9607773,-0.092940144,2.820534,0.067378804
67468000,0.40744963,-29.420471,-4.960568,-0.09036633,2.8293936,0.064859554
67476000,0.40635335,-29.418852,-4.960373,-0.08781112,2.8380947,0.062495615
67484000,0.40528396,-29.416548,-4.9601917,-0.08531543,2.8465624,0.06018437
67492000,0.4041849,-29.416338,-4.960085,-0.08292819,2.8545153,0.057906345
67500000,0.40311217,-29.41541,-4.959991,-0.080630094,2.8622603,0.05565565
67508000,0.40206483,-29.413778,-4.959908,-0.07838162,2.8698587,0.053523656
67516000,0.40104273,-29.411467,-4.9598365,-0.07614135,2.8773773,0.05147507
67524000,0.4000455,-29.408491,-4.9597797,-0.07396212,2.8846872,0.04950836
67532000,0.3990173,-29.407682,-4.9597845,-0.07191136,2.8914013,0.047501568
67540000,0.39801332,-29.406174,-4.9597983,-0.06986087,2.898013,0.04558581
67548000,0.39703333,-29.403982,-4.9598207,-0.067844145,2.9044845,0.043822937
67560000,0.39607742,-29.401129,-4.9598503,-0.06579226,2.910795,0.042147834
67568000,0.39508966,-29.40045,-4.959935,-0.06399389,2.916615,0.040456958
67572000,0.3941247,-29.399067,-4.9600105,-0.06215408,2.9223087,0.038834862
67580000,0.39318246,-29.397003,-4.960092,-0.060358137,2.9279485,0.037290245
67588000,0.39226267,-29.394278,-4.96018,-0.058576215,2.9334462,0.035854083
67596000,0.39131764,-29.39374,-4.9603257,-0.05695992,2.9383874,0.034389347
67604000,0.39039373,-29.392502,-4.960477,-0.055407025,2.943261,0.03295194
67612000,0.38949084,-29.390581,-4.960632,-0.0537977,2.9480362,0.031632684
67620000,0.38860935,-29.387997,-4.9607887,-0.05215833,2.9527674,0.030390317
67628000,0.38771653,-29.387611,-4.960992,-0.050667956,2.9569771,0.029115858
67636000,0.38684443,-29.386522,-4.9611974,-0.04912904,2.9611194,0.027954608
67644000,0.38599288,-29.384752,-4.961405,-0.047620993,2.9651444,0.026859868
67652000,0.3851617,-29.382317,-4.961614,-0.046138924,2.9691813,0.025800975
67660000,0.38431028,-29.382084,-4.9618745,-0.044770878,2.9726489,0.024748595
67668000,0.38347843,-29.381147,-4.9621434,-0.04343024,2.9761019,0.02374403
67676000,0.38266566,-29.379528,-4.9624124,-0.04214878,2.9795084,0.022831777
67684000,0.38187194,-29.377243,-4.962681,-0.040797938,2.9828866,0.021949768
67692000,0.38104504,-29.377163,-4.962996,-0.039624546,2.9857934,0.021054205
67700000,0.38023677,-29.37638,-4.9633102,-0.038414594,2.988664,0.020198071
67708000,0.37944722,-29.374912,-4.963623,-0.03718821,2.991506,0.019426502
67716000,0.3786765,-29.372778,-4.963934,-0.03595631,2.994381,0.018751008
67728000,0.3778645,-29.372852,-4.964275,-0.03489009,2.9967322,0.01807599
67736000,0.3770708,-29.372221,-4.964613,-0.033810727,2.9990597,0.017462565
67744000,0.37629533,-29.370905,-4.9649477,-0.03273502,3.00136,0.016844073
67752000,0.37553793,-29.36892,-4.96528,-0.03164321,3.003685,0.016279005
67760000,0.3747393,-29.369152,-4.965646,-0.030620744,3.0055225,0.015708774
67768000,0.37395906,-29.368675,-4.966008,-0.029612157,3.0073912,0.015216806
67776000,0.37319705,-29.367512,-4.9663544,-0.028635463,3.0092103,0.014809291
67784000,0.37245288,-29.36568,-4.966697,-0.027655648,3.0110888,0.014337789
67792000,0.37172642,-29.363197,-4.9670353,-0.026723625,3.013008,0.013966441
67800000,0.37095496,-29.362986,-4.967407,-0.025841918,3.014482,0.013556132
67808000,0.3702017,-29.362083,-4.9677744,-0.02491258,3.0159018,0.013226672
67816000,0.36946633,-29.360508,-4.9681363,-0.024054654,3.0173528,0.012864931
67824000,0.36874825,-29.358276,-4.9685,-0.02322909,3.0188658,0.012630206
67832000,0.36798856,-29.358322,-4.968912,-0.022385228,3.0198605,0.012338106
67840000,0.36724684,-29.357674,-4.969318,-0.021576714,3.0209157,0.012073686
67848000,0.36652285,-29.356346,-4.969717,-0.020762742,3.0219703,0.011813056
67856000,0.3658163,-29.354359,-4.97011,-0.01998601,3.0230782,0.01161073
67864000,0.3650641,-29.35175,-4.970523,-0.01932217,3.0242136,0.011470613
67872000,0.36432922,-29.348516,-4.970951,-0.018604292,3.0253732,0.011334108
67880000,0.363516,-29.347858,-4.971421,-0.018035948,3.0262845,0.011168942
67888000,0.36265513,-29.345825,-4.971908,-0.017530337,3.0272763,0.011161104
67896000,0.36183122,-29.342594,-4.9723763,-0.01696531,3.0283234,0.011078957
67904000,0.3610401,-29.338324,-4.9728274,-0.016355911,3.0294435,0.011032917
67912000,0.3602783,-29.333138,-4.9732623,-0.015722847,3.0306919,0.011083505
67920000,0.35954317,-29.327135,-4.9736915,-0.015079139,3.0320325,0.011124664
67928000,0.35875142,-29.320415,-4.974143,-0.014622077,3.0334067,0.011186243
67936000,0.35798302,-29.31302,-4.974581,-0.014072007,3.034795,0.011272036
67944000,0.35723662,-29.305004,-4.9750056,-0.013550418,3.0362875,0.011354014
67952000,0.356511,-29.296408,-4.9754176,-0.013001023,3.0378616,0.011416779
67960000,0.3557192,-29.287302,-4.975852,-0.012562829,3.039406,0.011568926
67972000,0.35494718,-29.277685,-4.976303,-0.012113718,3.0410223,0.011729979
67980000,0.3541945,-29.267582,-4.976741,-0.011626242,3.042649,0.011850006
67988000,0.35346013,-29.257013,-4.9771657,-0.011214942,3.0443108,0.012054244
67996000,0.35267356,-29.246044,-4.977605,-0.010790745,3.0459898,0.012243827
68004000,0.35190538,-29.23465,-4.9780307,-0.010428907,3.0477026,0.012396103
68012000,0.35115486,-29.222841,-4.9784436,-0.010028292,3.0494754,0.012632881
68020000,0.35042155,-29.210636,-4.978844,-0.00965828,3.051272,0.012867696
68028000,0.3496449,-29.198092,-4.979253,-0.009323941,3.053027,0.013159313
68036000,0.34888572,-29.185173,-4.9796476,-0.008947663,3.0548096,0.01343322
68044000,0.34814408,-29.171894,-4.98003,-0.008550984,3.0566247,0.013724174
68052000,0.34741953,-29.158264,-4.9803996,-0.008167755,3.0584664,0.0140277315
68060000,0.34664074,-29.144339,-4.9807773,-0.007852696,3.0602849,0.014337844
68068000,0.34587947,-29.130081,-4.9811425,-0.0075186854,3.062147,0.014646458
68076000,0.34513557,-29.1155,-4.981491,-0.0071773636,3.064058,0.0149286045
68084000,0.3444087,-29.100605,-4.9818277,-0.0068650534,3.0659664,0.015222656
68092000,0.3436342,-29.085443,-4.982179,-0.0065765046,3.0678627,0.015545971
68100000,0.34287712,-29.069984,-4.9825177,-0.0062948614,3.0697696,0.015893612
68108000,0.3421373,-29.054232,-4.982844,-0.0059860414,3.0716953,0.016196582
68116000,0.3414146,-29.038197,-4.983157,-0.0056745852,3.0736504,0.01651254
68124000,0.34064296,-29.021942,-4.9834805,-0.0054400265,3.0755374,0.016845178
68132000,0.33988872,-29.005417,-4.983791,-0.0051938714,3.0774581,0.017243534
68140000,0.33915153,-28.988628,-4.9840884,-0.004972479,3.079394,0.017600847
68148000,0.33843148,-28.971582,-4.9843736,-0.004631875,3.081361,0.017960628
68156000,0.33766118,-28.954346,-4.984666,-0.004353222,3.0833044,0.018251138
68164000,0.33690894,-28.936863,-4.984946,-0.0040798048,3.085244,0.018523788
68172000,0.33617446,-28.919142,-4.9851875,-0.003814955,3.087206,0.018790066
68180000,0.3354571,-28.901188,-4.985419,-0.0035963468,3.089197,0.019069681
68188000,0.33475685,-28.883005,-4.985639,-0.0032837007,3.0912142,0.019317765
68196000,0.33400685,-28.86466,-4.9858665,-0.0030779648,3.0931726,0.019572245
68204000,0.33327457,-28.846098,-4.986083,-0.0028191705,3.0951393,0.019859767
68212000,0.33256003,-28.827326,-4.986289,-0.0025402966,3.0971117,0.020186253
68220000,0.3318632,-28.808346,-4.9864845,-0.0022226279,3.099059,0.020380992
68228000,0.33111066,-28.789211,-4.986684,-0.0020214599,3.1009386,0.020627588
68236000,0.330376,-28.769878,-4.986873,-0.0017938653,3.1028926,0.02090103
68244000,0.32965946,-28.750355,-4.9870524,-0.0015151794,3.1048224,0.021143738
68252000,0.32896072,-28.730644,-4.9872212,-0.0012670741,3.1067894,0.021443538
68260000,0.32821128,-28.710804,-4.987398,-0.0010515361,3.1087105,0.021656152
68268000,0.32748023,-28.690784,-4.9875655,-0.00080675865,3.1106298,0.02189599
68276000,0.32676756,-28.67059,-4.987718,-0.000543296,3.112626,0.022100763
68284000,0.32607293,-28.650223,-4.987862,-0.0002983336,3.1145926,0.022338958
68292000,0.32532814,-28.629736,-4.9880176,-0.00014831842,3.1164575,0.022496147
68300000,0.32460183,-28.609085,-4.9881644,0.00011610333,3.1183734,0.022605969
68308000,0.32389396,-28.588276,-4.9883027,0.00031937019,3.1202953,0.02280419
68316000,0.32320416,-28.56731,-4.988432,0.00059041096,3.1222007,0.022898626
68324000,0.3224809,-28.546236,-4.9885516,0.0008028349,3.1240497,0.022980133
68332000,0.32177615,-28.525013,-4.988663,0.0010487478,3.1259227,0.023109572
68340000,0.32108968,-28.503647,-4.988767,0.001260709,3.1277845,0.023209155
68348000,0.32042113,-28.482138,-4.9888635,0.0014900998,3.1295948,0.023405258
68356000,0.31970668,-28.460535,-4.9889536,0.0016695984,3.131434,0.023541618
68364000,0.3190106,-28.438795,-4.9890356,0.001857078,3.1332636,0.02365374
68372000,0.3183326,-28.416925,-4.9891105,0.0020721662,3.1350684,0.023776907
68380000,0.31767294,-28.394924,-4.989178,0.0023636627,3.1369047,0.023873683
68388000,0.31697413,-28.372837,-4.989249,0.0026369342,3.138708,0.023935959
68396000,0.31629434,-28.350628,-4.989313,0.0028742352,3.1405144,0.024043223
68404000,0.31563318,-28.328297,-4.9893703,0.0031594797,3.1423204,0.02419469
68412000,0.31499058,-28.305847,-4.98942,0.0034547173,3.1440756,0.024329003
68420000,0.31430137,-28.283323,-4.9894743,0.0035808212,3.1457653,0.02440544
68428000,0.31363034,-28.260687,-4.989517,0.0037448946,3.147483,0.024486046
68436000,0.3129777,-28.237942,-4.9895544,0.0039968058,3.1492066,0.024510197
68444000,0.31234333,-28.215088,-4.9895854,0.0042122738,3.1509163,0.02460823
68452000,0.31172678,-28.19213,-4.98961,0.004435715,3.152682,0.024648031
68460000,0.31108153,-28.16911,-4.989642,0.004662092,3.154356,0.024687838
68472000,0.3104545,-28.14599,-4.9896684,0.004849129,3.1560245,0.024715208
68476000,0.30984545,-28.12277,-4.989651,0.0051055592,3.1576874,0.024744613
68484000,0.3092544,-28.099457,-4.9896293,0.005365486,3.1593168,0.024786178
68492000,0.3086307,-28.07611,-4.989626,0.0056209275,3.1609426,0.02483811
68500000,0.30802557,-28.052671,-4.9896173,0.005893187,3.1625624,0.024806667
68508000,0.3074385,-28.02914,-4.9896045,0.0061513465,3.1641576,0.024827883
68516000,0.30686963,-28.005524,-4.989587,0.0064605437,3.165681,0.024812285
68524000,0.30626458,-27.9819,-4.989598,0.006663499,3.1671631,0.024797617
68532000,0.30567753,-27.95819,-4.9896035,0.0068893656,3.1686292,0.02474379
68540000,0.3051086,-27.934399,-4.9896045,0.007178622,3.1700919,0.024706135
68548000,0.3045576,-27.910526,-4.989601,0.007420684,3.1715717,0.02470623
68556000,0.3039672,-27.88664,-4.989616,0.007635942,3.1729703,0.024648208
68564000,0.3033949,-27.862679,-4.9896264,0.007863977,3.1742942,0.024589216
68572000,0.30283803,-27.83864,-4.9896345,0.0081023425,3.1756275,0.024596164
68580000,0.30229864,-27.81453,-4.989638,0.008288873,3.176967,0.02454819
68588000,0.3017295,-27.790411,-4.989655,0.008478401,3.1782794,0.024463799
68596000,0.30117813,-27.766222,-4.9896674,0.008680998,3.1796095,0.024339132
68604000,0.30064422,-27.741962,-4.989676,0.008881692,3.1809263,0.024181407
68612000,0.3001277,-27.717636,-4.9896803,0.009140054,3.1822267,0.024092037
68620000,0.29957122,-27.693308,-4.989694,0.009316433,3.1835034,0.023982475
68628000,0.29903245,-27.668913,-4.9897013,0.00950433,3.1846771,0.023911472
68636000,0.29851094,-27.644455,-4.989704,0.00969266,3.1858323,0.023831168
68644000,0.2980047,-27.619936,-4.9897027,0.009968433,3.1870348,0.023774603
68652000,0.2974667,-27.595427,-4.9897246,0.010148991,3.1882482,0.023647573
68660000,0.2969462,-27.570856,-4.9897428,0.010341808,3.189359,0.02354382
68668000,0.29644313,-27.546227,-4.989756,0.010592762,3.190451,0.023438742
68676000,0.29595757,-27.521538,-4.9897604,0.010844266,3.1915247,0.023322204
68684000,0.29544392,-27.496878,-4.989782,0.011084715,3.1925092,0.023232
68692000,0.29494798,-27.47216,-4.989799,0.011311804,3.1935132,0.023105355
68700000,0.29446933,-27.447388,-4.9898124,0.011572087,3.1945398,0.02298552
68708000,0.29400784,-27.422562,-4.9898214,0.011809133,3.195545,0.022906978
68716000,0.2935615,-27.397682,-4.989826,0.012127638,3.196512,0.022826081
68724000,0.29308206,-27.372839,-4.9898376,0.012315566,3.1973684,0.022706661
68732000,0.29261962,-27.347944,-4.989845,0.012549344,3.1981983,0.022586826
68740000,0.29217428,-27.323002,-4.9898486,0.012832663,3.1990368,0.022447148
68748000,0.29174572,-27.29801,-4.9898486,0.013047073,3.1999855,0.022368072
68756000,0.29128104,-27.273031,-4.989857,0.013251432,3.2008204,0.022215847
68764000,0.2908336,-27.248005,-4.9898624,0.0135215465,3.2016416,0.022090297
68772000,0.29040316,-27.222933,-4.9898653,0.013755798,3.2024379,0.022003587
68780000,0.2899892,-27.197817,-4.9898643,0.013969214,3.2032685,0.021904824
68788000,0.28951994,-27.172703,-4.9898715,0.014072951,3.203999,0.021834346
68796000,0.2890674,-27.147547,-4.989875,0.014244187,3.2047598,0.021675542
68804000,0.28863144,-27.122349,-4.9898753,0.014394099,3.2055085,0.021521619
68812000,0.2882117,-27.09711,-4.989872,0.014544756,3.2062664,0.02140338
68824000,0.28776345,-27.071878,-4.989876,0.014734497,3.206969,0.021307532
68832000,0.2873323,-27.046604,-4.9898825,0.014946394,3.2076893,0.021182677
68840000,0.28691772,-27.021294,-4.989886,0.015148535,3.2083924,0.021078067
68848000,0.28651962,-26.995943,-4.9898853,0.015390881,3.2090652,0.02092847
68860000,0.28608727,-26.970602,-4.9898863,0.015563744,3.2096903,0.020823987
68864000,0.2856714,-26.945223,-4.989884,0.015713679,3.2103007,0.020741776
68872000,0.28527164,-26.91981,-4.9898777,0.015874794,3.2109652,0.020610206
68880000,0.2848877,-26.89436,-4.9898844,0.016035361,3.2116199,0.0204535
68888000,0.2845194,-26.868874,-4.989887,0.016247375,3.2122438,0.020296773
68896000,0.28411335,-26.843416,-4.9898925,0.016435778,3.212807,0.020202897
68904000,0.2837235,-26.817923,-4.9898934,0.016605899,3.2133667,0.020121044
68912000,0.2833496,-26.792397,-4.9898906,0.016790181,3.2139444,0.020057175
68920000,0.28293818,-26.766893,-4.989882,0.016926654,3.2144694,0.019882953
68928000,0.28254187,-26.741358,-4.9898643,0.017063893,3.2150078,0.019749101
68936000,0.28216156,-26.71579,-4.989844,0.017222706,3.2155538,0.01961911
68944000,0.2817969,-26.690193,-4.9898205,0.01736843,3.2161148,0.019470729
68952000,0.28141713,-26.664629,-4.9897857,0.017507665,3.2166429,0.019346045
68960000,0.2810533,-26.639034,-4.9897485,0.017733518,3.2171404,0.019229969
68968000,0.28070527,-26.61341,-4.9897084,0.017905159,3.2175703,0.019152017
68976000,0.28027594,-26.588665,-4.989673,0.01801894,3.2179534,0.018970823
68984000,0.2798502,-26.563725,-4.9896264,0.018104127,3.2182846,0.018834852
68992000,0.2794579,-26.53858,-4.989574,0.018225932,3.2186127,0.018700114
69000000,0.2790956,-26.513271,-4.9895177,0.018387465,3.2190266,0.018588072
69008000,0.2787596,-26.487831,-4.9894576,0.018540086,3.2194,0.018461248
69016000,0.278402,-26.462353,-4.989395,0.018659966,3.2196906,0.018337892
69024000,0.2780665,-26.436785,-4.989334,0.01879356,3.220055,0.018202629
69032000,0.27775154,-26.411142,-4.9892707,0.01897474,3.2203832,0.018145682
69040000,0.27745563,-26.385435,-4.9892044,0.019148974,3.2207499,0.017995302
69048000,0.27712432,-26.359734,-4.9891357,0.01920476,3.2210894,0.017827949
69056000,0.2768103,-26.333982,-4.9890656,0.019334365,3.2214162,0.017731525
69064000,0.27651247,-26.30819,-4.9889936,0.019476006,3.2217786,0.01759657
69072000,0.27623057,-26.28236,-4.9889073,0.019621473,3.2221606,0.017491592
69080000,0.275912,-26.256552,-4.9888268,0.019743916,3.2224214,0.017421655
69088000,0.27560905,-26.230713,-4.9887447,0.019830164,3.222679,0.017341608
69096000,0.2753212,-26.204844,-4.988662,0.019949995,3.2229805,0.017269759
69104000,0.2750482,-26.17895,-4.9885774,0.020079983,3.2232997,0.017121606
69112000,0.2747899,-26.15303,-4.9884925,0.020290641,3.2236283,0.016986813
69120000,0.27448416,-26.127148,-4.9884186,0.020388905,3.223849,0.016863089
69128000,0.27419323,-26.10124,-4.9883432,0.02047146,3.2240999,0.016750056
69136000,0.27391607,-26.075312,-4.9882665,0.020581128,3.2243528,0.016619407
69144000,0.2736531,-26.049362,-4.988189,0.020710306,3.2246532,0.016452763
69152000,0.2733469,-26.023438,-4.988123,0.020772459,3.2249408,0.016339883
69160000,0.27305523,-25.997492,-4.9880557,0.020846067,3.225223,0.016237482
69168000,0.27277777,-25.971527,-4.987987,0.020932157,3.225476,0.016085658
69180000,0.2725144,-25.945543,-4.9879217,0.021053443,3.2257442,0.015904514
69188000,0.27220735,-25.919586,-4.987884,0.021165978,3.2259386,0.01569493
69196000,0.2719152,-25.89361,-4.9878454,0.021277342,3.2261024,0.015530012
69204000,0.27163765,-25.867619,-4.9878054,0.021387996,3.2263205,0.015330706
69212000,0.27137372,-25.841608,-4.987765,0.021470048,3.2265122,0.015100101
69220000,0.27106985,-25.815609,-4.987737,0.021548454,3.2266884,0.014888473
69228000,0.27078077,-25.789595,-4.987699,0.021670539,3.2268875,0.014742536
69236000,0.2705062,-25.763563,-4.98766,0.021758866,3.2271292,0.014607383
69244000,0.2702456,-25.737516,-4.9876204,0.021819381,3.2273839,0.01439622
69252000,0.2699467,-25.711489,-4.9875827,0.02185053,3.2275412,0.01423896
69260000,0.26966217,-25.685446,-4.987544,0.02192784,3.2277195,0.014019175
69268000,0.26939163,-25.659388,-4.987505,0.0219629,3.2278779,0.013861655
69276000,0.26913443,-25.633314,-4.9874883,0.022059564,3.227984,0.013709162
69284000,0.26885468,-25.607267,-4.987477,0.022145377,3.2281015,0.013541534
69292000,0.26858884,-25.581207,-4.987464,0.02218365,3.228249,0.013402237
69300000,0.26833665,-25.55513,-4.987449,0.022277342,3.2284343,0.013289921
69308000,0.26809797,-25.52904,-4.987433,0.022335729,3.2286515,0.013147161
69316000,0.26783964,-25.502989,-4.9874206,0.02243826,3.2287776,0.012986598
69324000,0.26759523,-25.476923,-4.9874067,0.022550562,3.2288692,0.012833837
69332000,0.26727387,-25.451593,-4.987421,0.022518223,3.228877,0.01262669
69340000,0.26698783,-25.42606,-4.987429,0.022555554,3.2289624,0.012472065
69348000,0.26669204,-25.400429,-4.987437,0.022534864,3.2290087,0.012267123
69356000,0.26642314,-25.374672,-4.9874406,0.022558315,3.2291117,0.012027004
69364000,0.2661781,-25.348812,-4.987441,0.022631904,3.2291176,0.011876464
69372000,0.26595414,-25.322874,-4.9874682,0.022701656,3.2291994,0.01168898
69380000,0.26571348,-25.29694,-4.9874983,0.022720704,3.2292128,0.011513654
69388000,0.2654907,-25.270948,-4.987525,0.022734737,3.229179,0.01139427
69396000,0.26528445,-25.244915,-4.987548,0.022783564,3.2291777,0.011228195
69404000,0.26509365,-25.218843,-4.987569,0.022860732,3.2292266,0.011051437
69412000,0.26487997,-25.19282,-4.9875917,0.022940312,3.2292018,0.010857298
69420000,0.2646813,-25.166769,-4.9876127,0.023035564,3.2292051,0.010740806
69428000,0.2644967,-25.140694,-4.987632,0.02310659,3.2291777,0.0106019
69436000,0.2643253,-25.114597,-4.987649,0.023150366,3.2291906,0.010475792
69444000,0.26413798,-25.088566,-4.9876695,0.023193251,3.229075,0.010390057
69452000,0.2639639,-25.062515,-4.9876876,0.023313062,3.2289839,0.010257523
69460000,0.26380262,-25.03645,-4.987704,0.023407754,3.2289636,0.010093652
69468000,0.2636538,-25.010368,-4.9877186,0.02351636,3.2289429,0.009955319
69476000,0.2634931,-24.98434,-4.9877343,0.023569854,3.2288342,0.009839196
69484000,0.26334432,-24.9583,-4.987748,0.023660136,3.2287836,0.009729529
69492000,0.26320764,-24.932245,-4.9877605,0.023791784,3.2286932,0.009626633
69500000,0.26308274,-24.906178,-4.9877706,0.023864726,3.2286332,0.009511086
69508000,0.26296893,-24.880098,-4.9877787,0.023916215,3.2285676,0.009407117
69516000,0.26285195,-24.854061,-4.9877915,0.023969011,3.2284694,0.009348025
69524000,0.2627462,-24.828012,-4.9877973,0.024105912,3.2283263,0.009281511
69532000,0.2626516,-24.801952,-4.987801,0.02420934,3.2282336,0.009110894
69540000,0.2625679,-24.77588,-4.987804,0.024325682,3.2282004,0.009003915
69548000,0.2624801,-24.749855,-4.987825,0.0243826,3.2281213,0.00891342
69556000,0.26240325,-24.723818,-4.9878435,0.024562646,3.228049,0.008849138
69564000,0.2623372,-24.697767,-4.9878597,0.024682984,3.2279096,0.0087869605
69572000,0.26228133,-24.67171,-4.9878983,0.024774,3.2278345,0.008693536
69580000,0.26220652,-24.645687,-4.9879513,0.024886811,3.2277029,0.0085782055
69588000,0.26214236,-24.619654,-4.9880013,0.025008699,3.2275956,0.008473709
69596000,0.2620887,-24.593609,-4.988049,0.02513578,3.2274868,0.0083188545
69604000,0.26204515,-24.567554,-4.9880943,0.025249854,3.2273476,0.008177714
69612000,0.26197615,-24.541513,-4.988147,0.025376104,3.227201,0.008108044
69620000,0.26191786,-24.515461,-4.9881964,0.025514107,3.227057,0.008025286
69628000,0.26187,-24.4894,-4.9882383,0.025580766,3.2269976,0.008003892
69636000,0.2618318,-24.46333,-4.9882774,0.025639793,3.2270014,0.007941002
69644000,0.26177868,-24.437279,-4.9883094,0.025757875,3.22689,0.007911975
69652000,0.26173574,-24.411219,-4.9883385,0.025818799,3.2267823,0.007869039
69660000,0.2617025,-24.385149,-4.988365,0.02589447,3.2266724,0.007858148
69668000,0.2616788,-24.35907,-4.9883895,0.025977222,3.2265944,0.0078037735
69676000,0.2616287,-24.333021,-4.988412,0.026009725,3.2264423,0.0077645774
69684000,0.26158834,-24.306965,-4.988432,0.026067879,3.2263207,0.007764264
69692000,0.2615578,-24.280897,-4.9884496,0.026146332,3.2262573,0.0077158557
69700000,0.26153696,-24.254822,-4.988465,0.026251256,3.226113,0.007633101
69708000,0.26148972,-24.228775,-4.988462,0.026318297,3.2259889,0.007597787
69716000,0.26145232,-24.202719,-4.9884577,0.026392022,3.2258403,0.0075713606
69724000,0.26142478,-24.176655,-4.9884663,0.026487073,3.225674,0.0075848335
69732000,0.26140663,-24.150583,-4.988472,0.026519729,3.2255216,0.0076236906
69740000,0.26138628,-24.12455,-4.9884567,0.026542367,3.2253275,0.0076228054
69748000,0.26137504,-24.09851,-4.9884396,0.026613243,3.225183,0.0076111476
69756000,0.26137304,-24.07246,-4.9884214,0.026707169,3.2250717,0.0075142644
69764000,0.2613803,-24.046402,-4.9884024,0.02677864,3.22492,0.007465419
69772000,0.26139632,-24.020336,-4.988414,0.026891846,3.2248313,0.0074508805
69780000,0.26141047,-23.994312,-4.9884186,0.026977673,3.22466,0.0074270144
69788000,0.2614336,-23.968283,-4.9884214,0.02710315,3.224491,0.00738828
69796000,0.26146525,-23.942242,-4.9884224,0.0271746,3.2243714,0.0073306714
69804000,0.2615051,-23.916195,-4.988422,0.0272397,3.224199,0.0072932793
69812000,0.26153272,-23.890192,-4.9884233,0.027319353,3.2240145,0.0073104673
69820000,0.26156864,-23.864182,-4.988423,0.02739306,3.223857,0.007277781
69828000,0.26161277,-23.838161,-4.988409,0.027449256,3.2236643,0.0072537116
69836000,0.26166484,-23.812132,-4.988394,0.027486157,3.223474,0.0071953665
69844000,0.26171184,-23.786137,-4.9883776,0.02747481,3.2232704,0.007135832
69852000,0.2617664,-23.760132,-4.98836,0.027535103,3.2231133,0.007052786
69860000,0.26182863,-23.73412,-4.9883413,0.027582578,3.22292,0.006914727
69868000,0.26189837,-23.7081,-4.9883223,0.027652333,3.2227194,0.006806937
69876000,0.26195374,-23.682106,-4.98831,0.027685793,3.2225018,0.0067582433
69884000,0.26201656,-23.656107,-4.9882956,0.027694495,3.2222848,0.0067763147
69892000,0.26208648,-23.630098,-4.9882803,0.027706373,3.2221205,0.006699232
69900000,0.26216355,-23.604082,-4.9882636,0.027743543,3.2219682,0.0066173323
69908000,0.26223284,-23.578112,-4.988262,0.027721446,3.2218184,0.0065267426
69916000,0.26230916,-23.552132,-4.9882593,0.027762352,3.2215934,0.0064782477
69924000,0.2623925,-23.526144,-4.988251,0.027783718,3.2213533,0.0064223963
69932000,0.26248285,-23.500149,-4.988242,0.027856441,3.2211504,0.006371787
69940000,0.26257664,-23.4742,-4.9882555,0.027895125,3.2209597,0.0062941555
69948000,0.26267704,-23.44824,-4.9882674,0.027912399,3.2207475,0.0062332074
69956000,0.26278406,-23.422274,-4.988278,0.027987538,3.2205327,0.0061176773
69964000,0.2628978,-23.3963,-4.9882865,0.02807295,3.2202446,0.0060422984
69972000,0.26301304,-23.370377,-4.9883027,0.028133605,3.220012,0.005919784
69980000,0.26313475,-23.344446,-4.9883175,0.028197626,3.2197495,0.005854136
69988000,0.26326257,-23.318508,-4.98833,0.028232751,3.219559,0.0058263238
69996000,0.2633964,-23.292562,-4.988341,0.028292708,3.2193131,0.005778389
70004000,0.26355615,-23.266657,-4.988347,0.028374096,3.2190666,0.0057344334
70012000,0.26372153,-23.240744,-4.9883523,0.028439874,3.218795,0.0055992478
70020000,0.2638921,-23.214823,-4.9883566,0.028504735,3.218535,0.005488235
70028000,0.26406816,-23.188892,-4.988378,0.0285999,3.2182913,0.005361514
70036000,0.26424924,-23.162956,-4.988398,0.028638508,3.2180555,0.005319719
70044000,0.26444468,-23.13706,-4.9884133,0.02871221,3.2177184,0.0051880144
70052000,0.26464474,-23.111156,-4.988428,0.028770104,3.2174468,0.0050724875
70060000,0.26484963,-23.085245,-4.9884415,0.028856175,3.2171583,0.00497101
70068000,0.26505896,-23.059324,-4.9884534,0.028893972,3.2169635,0.00489274
70076000,0.2652999,-23.03345,-4.988497,0.029010728,3.2166812,0.004833041
70084000,0.26554492,-23.007565,-4.988538,0.029124506,3.216407,0.0047456487
70092000,0.26579428,-22.981672,-4.988577,0.029266536,3.2161145,0.004595444
70100000,0.26604792,-22.955772,-4.988614,0.029431358,3.2158442,0.0045214714
70108000,0.26630512,-22.929924,-4.9886646,0.029477475,3.2155285,0.004417178
70116000,0.266566,-22.904068,-4.988713,0.029562442,3.2152696,0.0043123397
70124000,0.26683074,-22.878204,-4.9887633,0.029706068,3.2150004,0.0042429566
70132000,0.2670995,-22.852331,-4.9888115,0.029850813,3.214751,0.004214446
70140000,0.26737335,-22.826511,-4.9888816,0.029956577,3.214409,0.0041499175
70148000,0.26765078,-22.800684,-4.988949,0.03005707,3.214175,0.004136548
70156000,0.2679314,-22.774849,-4.989013,0.030087737,3.2138927,0.004028937
70164000,0.26821485,-22.749004,-4.989075,0.030116973,3.2135718,0.003968046
70172000,0.2684855,-22.72323,-4.9891677,0.030238071,3.2132325,0.0038290503
70180000,0.26875982,-22.697447,-4.9892573,0.030341288,3.2129111,0.0037967376
70188000,0.26903808,-22.671654,-4.9893436,0.030420711,3.212608,0.0037515892
70196000,0.2693196,-22.645855,-4.9894266,0.030500779,3.2122812,0.0037164222
70204000,0.2695871,-22.62013,-4.989537,0.03059377,3.2119036,0.0036546527
70212000,0.26985827,-22.594397,-4.9896426,0.030650206,3.2115595,0.003608912
70220000,0.27013275,-22.568653,-4.989745,0.030717442,3.2112029,0.0035396738
70228000,0.2704107,-22.542902,-4.989833,0.030764246,3.2108924,0.003517497
70236000,0.2706682,-22.517233,-4.989943,0.030803937,3.2105162,0.0035085655
70244000,0.27092925,-22.491552,-4.9900494,0.03082383,3.2100832,0.003500476
70252000,0.2711938,-22.465864,-4.990152,0.030825242,3.2097208,0.0034662213
70260000,0.27146137,-22.440166,-4.990251,0.030816782,3.2093937,0.0034089277
70268000,0.27170587,-22.414566,-4.990364,0.030808378,3.2089636,0.0033723966
70276000,0.27195406,-22.388956,-4.9904757,0.030854348,3.2085235,0.0033698527
70284000,0.27220598,-22.363337,-4.990583,0.030891564,3.2080803,0.0033712646
70292000,0.2724611,-22.337708,-4.990687,0.030854791,3.207694,0.0033284614
70300000,0.2727193,-22.312067,-4.9907866,0.030862425,3.2073007,0.0033627334
70308000,0.27295694,-22.286509,-4.990898,0.030797962,3.2069108,0.0033471093
70316000,0.2731976,-22.260939,-4.9910054,0.030744907,3.2064552,0.0034084793
70324000,0.27344167,-22.23536,-4.991107,0.030741332,3.206048,0.0033690091
70332000,0.27368903,-22.20977,-4.9912043,0.030698664,3.2056277,0.0034117477
70340000,0.27390006,-22.18423,-4.991309,0.030626535,3.2052152,0.0034575493
70348000,0.27411455,-22.15868,-4.99141,0.030534934,3.2047265,0.0035127378
70356000,0.2743323,-22.13312,-4.991506,0.030480342,3.2043056,0.003590744
70364000,0.27455363,-22.107548,-4.9915986,0.030469693,3.2039027,0.0035928804
70372000,0.2747285,-22.082027,-4.9916644,0.030368181,3.2034903,0.0036177805
70380000,0.27490726,-22.056496,-4.991728,0.030276211,3.2030828,0.0036072955
70388000,0.2750903,-22.030952,-4.991788,0.030282173,3.2027,0.003669047
70396000,0.27527776,-22.005398,-4.9918447,0.03022168,3.2023351,0.0037003243
70404000,0.27541354,-21.979914,-4.991898,0.030095361,3.2018764,0.003732014
70412000,0.2755538,-21.95442,-4.991949,0.029979965,3.2014525,0.0037409996
70420000,0.27569848,-21.928913,-4.991997,0.029869266,3.2010481,0.0038033542
70428000,0.27584755,-21.903397,-4.992013,0.029739462,3.20063,0.0038878927
70436000,0.2759618,-21.87796,-4.992016,0.029545851,3.2001748,0.003951075
70444000,0.27608067,-21.852512,-4.992017,0.029412042,3.1997163,0.004005454
70452000,0.27620384,-21.827053,-4.9920163,0.029227987,3.1992993,0.0040491433
70460000,0.27633107,-21.801584,-4.992014,0.029072592,3.1988988,0.0041633
70468000,0.27643445,-21.776173,-4.991991,0.028902704,3.1984491,0.0042825285
70476000,0.27654225,-21.75075,-4.991958,0.028727444,3.1980174,0.0043421504
70484000,0.27665433,-21.725315,-4.9919243,0.028559968,3.1975555,0.0043909615
70492000,0.2767706,-21.69987,-4.99189,0.028407494,3.197074,0.0043646893
70500000,0.27688032,-21.674488,-4.991838,0.02818947,3.1966386,0.004348259
70508000,0.27699408,-21.649096,-4.9917865,0.028059393,3.1962318,0.004360574
70516000,0.27711207,-21.623692,-4.9917345,0.027914539,3.1958077,0.004330748
70524000,0.27723387,-21.598274,-4.991685,0.027732965,3.1954272,0.00431543
70532000,0.27734345,-21.5729,-4.9916277,0.027576052,3.1950052,0.0042866347
70540000,0.27745694,-21.547514,-4.991571,0.027376505,3.1945813,0.0043034954
70548000,0.27757415,-21.522116,-4.991514,0.027242633,3.1941364,0.004308823
70556000,0.27769524,-21.496706,-4.9914575,0.02708615,3.1936905,0.0043138084
70564000,0.27781975,-21.471287,-4.9914007,0.026868386,3.1932778,0.0042434586
70572000,0.27793065,-21.445908,-4.9913483,0.026668178,3.1928916,0.0041945404
70580000,0.27804518,-21.420517,-4.9912963,0.02648111,3.192492,0.0042013247
70588000,0.2781628,-21.395115,-4.991244,0.02623439,3.192126,0.004203232
70596000,0.2782835,-21.369701,-4.9911914,0.02604709,3.191729,0.0041779727
70604000,0.27839303,-21.344326,-4.9911404,0.025810616,3.1913483,0.0041093277
70612000,0.2785056,-21.318941,-4.99109,0.02558885,3.190922,0.0040693115
70620000,0.27862152,-21.293545,-4.9910393,0.02544583,3.1905382,0.004012067
70628000,0.27874094,-21.268137,-4.9909854,0.02529501,3.1901796,0.00397033
70636000,0.2788372,-21.242764,-4.990924,0.02513514,3.1897697,0.0039136843
70644000,0.27893707,-21.217379,-4.9908633,0.02490788,3.1893857,0.0038304438
70652000,0.2790403,-21.191984,-4.9908037,0.024758238,3.189043,0.003785614
70660000,0.27914727,-21.166578,-4.990744,0.024604412,3.1887016,0.0038072178
70668000,0.27925017,-21.141214,-4.990674,0.024426674,3.1883428,0.0037164656
70676000,0.27935672,-21.11584,-4.9905963,0.024291497,3.1879425,0.003670236
70684000,0.27946666,-21.090456,-4.99052,0.024090774,3.1876278,0.0036152385
70692000,0.27957958,-21.065062,-4.9904447,0.02391472,3.187294,0.0035583547
70700000,0.27968982,-21.039717,-4.99036,0.023754423,3.1869562,0.0034518135
70708000,0.27980322,-21.01436,-4.990277,0.02357898,3.1866128,0.0033621837
70716000,0.27991974,-20.988993,-4.9901958,0.023422128,3.1862588,0.0033185864
70724000,0.28003913,-20.963615,-4.9901085,0.02324479,3.1859143,0.0031822366
70732000,0.28014985,-20.93829,-4.9900074,0.023105329,3.185619,0.003108857
70740000,0.2802638,-20.91295,-4.9899087,0.022958038,3.185267,0.0030094637
70748000,0.2803809,-20.887602,-4.989812,0.022837188,3.1849227,0.0029093854
70756000,0.28050107,-20.862244,-4.9897175,0.02266175,3.1845918,0.0028322865
70764000,0.2806238,-20.836933,-4.9896126,0.022532163,3.1842928,0.0027784128
70772000,0.2807497,-20.81161,-4.9894733,0.022424223,3.1839697,0.0027013493
70780000,0.28087878,-20.786276,-4.989337,0.022347597,3.1835866,0.0026436432
70788000,0.28101072,-20.760933,-4.989204,0.022209926,3.1832387,0.0025798404
70796000,0.28115222,-20.73563,-4.989063,0.022143371,3.182837,0.0025038908
70804000,0.28129628,-20.710318,-4.9889245,0.022001753,3.1824348,0.0024463418
70812000,0.28144258,-20.684994,-4.9887896,0.021850467,3.182082,0.0023895074
70820000,0.2815909,-20.65966,-4.9886575,0.021692777,3.1818166,0.0023224594
70828000,0.2817413,-20.634315,-4.988527,0.021557348,3.1814904,0.0022283553
70836000,0.28190506,-20.60901,-4.9883885,0.021483062,3.1811612,0.0021479886
70844000,0.28207082,-20.583694,-4.9882536,0.02134019,3.1808743,0.0020157637
70852000,0.2822384,-20.558369,-4.9881225,0.021248545,3.180588,0.00192611
70860000,0.28240794,-20.533031,-4.9879947,0.021119313,3.18022,0.0017842687
70868000,0.28258505,-20.507738,-4.9878535,0.02098666,3.179852,0.0015902988
70876000,0.2827636,-20.482433,-4.987722,0.020845868,3.1795752,0.0014441285
70884000,0.28294343,-20.457119,-4.9875937,0.020722425,3.1792881,0.0013230054
70892000,0.28312492,-20.431793,-4.9874687,0.020660395,3.1789408,0.0011670509
70900000,0.28331795,-20.406515,-4.9873343,0.020566853,3.1786065,0.0010134847
70908000,0.28351218,-20.381226,-4.9872036,0.020465776,3.1782634,0.0008430932
70916000,0.28370777,-20.355927,-4.987077,0.020389294,3.177999,0.0006903025
70924000,0.28390455,-20.330614,-4.9869523,0.020285225,3.1777573,0.00054959476
70932000,0.28409344,-20.305367,-4.986828,0.02023456,3.177418,0.00035613246
70940000,0.28428385,-20.280107,-4.986707,0.020156264,3.1770673,0.00020123505
70948000,0.28447595,-20.254839,-4.9865904,0.020132491,3.1767633,3.152062e-05
70956000,0.28466958,-20.229559,-4.986478,0.020059396,3.1764295,-0.00016978015
70964000,0.28483957,-20.204332,-4.9863567,0.020028338,3.1760664,-0.00025383133
70972000,0.2850115,-20.179096,-4.9862485,0.01992571,3.1757898,-0.00040937527
70980000,0.28518516,-20.153847,-4.986144,0.019853992,3.1755233,-0.0005995263
70988000,0.28536052,-20.128588,-4.986044,0.019744573,3.1752195,-0.00082218874
70996000,0.28551447,-20.103363,-4.985939,0.01961781,3.174927,-0.0009789879
71004000,0.28567034,-20.078129,-4.985838,0.019500785,3.1745548,-0.0011491773
71012000,0.285828,-20.052885,-4.98574,0.019388929,3.1742887,-0.0012979393
71020000,0.28598756,-20.027628,-4.985646,0.019329976,3.1740136,-0.0013538898
71028000,0.28610444,-20.002409,-4.985556,0.01916864,3.173703,-0.0015492402
71036000,0.28622335,-19.977179,-4.98547,0.018976325,3.1733713,-0.001710414
71044000,0.28634435,-19.951937,-4.9853864,0.01884257,3.173035,-0.0018132945
71052000,0.2864675,-19.926687,-4.9853063,0.018646814,3.1727068,-0.0019089011
71060000,0.2865533,-19.901491,-4.9852276,0.018482082,3.1723182,-0.0021089632
71068000,0.2866421,-19.876286,-4.9851522,0.018369593,3.1720066,-0.002252307
71076000,0.28673375,-19.851068,-4.9850583,0.018204574,3.171727,-0.0023852626
71084000,0.28682795,-19.825842,-4.9849677,0.018037383,3.1714485,-0.0025227692
71092000,0.2869242,-19.800604,-4.9848804,0.017827716,3.171183,-0.0026984687
71100000,0.28698543,-19.775408,-4.9848046,0.017614707,3.1709006,-0.002847886
71108000,0.28704956,-19.7502,-4.9847317,0.017493472,3.1705794,-0.0030081007
71116000,0.28711674,-19.724985,-4.984662,0.017296841,3.1702585,-0.0032368235
71124000,0.2871866,-19.699759,-4.9846005,0.017141307,3.169927,-0.0034043519
71132000,0.28723305,-19.67457,-4.9845486,0.016986521,3.1695974,-0.003509499
71140000,0.28728285,-19.649372,-4.984499,0.016854502,3.1693068,-0.0036408205
71148000,0.28733575,-19.624163,-4.9844522,0.016660875,3.1690052,-0.003753016
71156000,0.2873912,-19.598944,-4.9844074,0.016455935,3.1686945,-0.003916641
71164000,0.28742602,-19.573767,-4.984378,0.01626531,3.168397,-0.0041300263
71172000,0.28746387,-19.548578,-4.9843345,0.01606298,3.168112,-0.0042925617
71180000,0.28750458,-19.523378,-4.9842935,0.015882302,3.16782,-0.004423381
71188000,0.28754833,-19.49817,-4.984255,0.015750617,3.1675293,-0.004611143
71196000,0.28757527,-19.472998,-4.9842296,0.015532738,3.1672463,-0.0047436147
71204000,0.28760505,-19.447815,-4.9842067,0.015332983,3.1669393,-0.004877208
71212000,0.2876377,-19.422623,-4.9841857,0.015155052,3.1666617,-0.0050267274
71220000,0.28767303,-19.39742,-4.984167,0.014924536,3.1664224,-0.005143673
71228000,0.28769568,-19.372244,-4.984161,0.014723351,3.1662097,-0.005262645
71236000,0.28772116,-19.34706,-4.9841557,0.014552269,3.1658978,-0.0053400197
71244000,0.28774932,-19.321863,-4.984153,0.014324659,3.1656585,-0.005534855
71252000,0.28778017,-19.296658,-4.984152,0.014174112,3.1654122,-0.005634141
71260000,0.28780964,-19.271482,-4.9841723,0.013959495,3.165139,-0.0057822973
71268000,0.28784165,-19.246298,-4.9841943,0.013802437,3.1648724,-0.005912361
71276000,0.28787652,-19.221102,-4.9842076,0.013651249,3.1645887,-0.006035156
71284000,0.28791383,-19.195898,-4.984222,0.0134487385,3.1643178,-0.006173627
71292000,0.2879552,-19.170742,-4.9842567,0.013260247,3.164011,-0.006313552
71300000,0.28799886,-19.145576,-4.984293,0.013090569,3.1637864,-0.0064725396
71308000,0.28804466,-19.120401,-4.98433,0.012964515,3.1635053,-0.006622361
71316000,0.28809294,-19.095217,-4.984369,0.01280416,3.163296,-0.0067454297
71324000,0.2881372,-19.070099,-4.984411,0.012587637,3.1630554,-0.0068727154
71332000,0.28818318,-19.044971,-4.984454,0.0123697575,3.162783,-0.006980857
71340000,0.28823113,-19.019833,-4.984498,0.012206189,3.1625135,-0.007072077
71348000,0.28828093,-18.994684,-4.9845424,0.012014456,3.1622274,-0.0071937707
71356000,0.28833252,-18.969526,-4.9845886,0.011817862,3.1619456,-0.007322509
71364000,0.2883702,-18.94443,-4.984631,0.011630357,3.161603,-0.007371618
71372000,0.28840947,-18.919323,-4.9846816,0.011395006,3.1612945,-0.0074683474
71380000,0.2884505,-18.894205,-4.9847326,0.011216727,3.1610153,-0.007536648
71388000,0.28849342,-18.86908,-4.984784,0.011031592,3.1607704,-0.0075782957
71396000,0.2885225,-18.844006,-4.9848313,0.010852916,3.1604667,-0.007623853
71404000,0.28855354,-18.81892,-4.984879,0.010643308,3.1602066,-0.007649452
71412000,0.28858656,-18.793825,-4.984927,0.010476171,3.1599052,-0.0077176243
71420000,0.28862146,-18.768719,-4.984976,0.01027458,3.1596537,-0.0077545694
71428000,0.28865758,-18.74367,-4.9850235,0.010072654,3.1593175,-0.007747754
71436000,0.2886955,-18.71861,-4.985072,0.00993224,3.1589537,-0.0078028943
71444000,0.28873518,-18.69354,-4.9851213,0.009750024,3.1586127,-0.007842701
71452000,0.28877658,-18.66846,-4.9851704,0.009591796,3.1582808,-0.007910013
71460000,0.28882527,-18.643417,-4.9852185,0.009460245,3.1579666,-0.0079789255
71468000,0.28887564,-18.618364,-4.985267,0.009314212,3.1576588,-0.008005903
71476000,0.2889278,-18.5933,-4.985293,0.009190294,3.1573484,-0.008061737
71484000,0.28898147,-18.568224,-4.9853196,0.009012025,3.1570795,-0.008051103
71492000,0.28904647,-18.543188,-4.9853477,0.0088544525,3.1567392,-0.008056782
71500000,0.28911275,-18.51814,-4.985377,0.008752586,3.156473,-0.0080224695
71508000,0.2891805,-18.493082,-4.9854064,0.008619518,3.1561885,-0.008050542
71516000,0.28924927,-18.468016,-4.9854364,0.008511467,3.155884,-0.008002587
71524000,0.289329,-18.442959,-4.9854727,0.008362683,3.1555917,-0.007975596
71532000,0.28940955,-18.417894,-4.9855094,0.00827512,3.1553557,-0.007980258
71540000,0.28949153,-18.392818,-4.9855466,0.008195381,3.1551304,-0.007978948
71548000,0.28957424,-18.367733,-4.985584,0.008025678,3.1548629,-0.0079475
71556000,0.2896638,-18.342667,-4.9856205,0.007936386,3.154616,-0.007915058
71564000,0.28975406,-18.31759,-4.9856567,0.0077840644,3.1543248,-0.007832728
71572000,0.28984493,-18.292507,-4.985709,0.0077140755,3.1541128,-0.0077435374
71580000,0.28993714,-18.267414,-4.985761,0.007680916,3.1538088,-0.0077624074
71588000,0.2900337,-18.242338,-4.9858065,0.007500183,3.153488,-0.007737188
71600000,0.2901306,-18.217253,-4.985852,0.007401366,3.1532502,-0.0076738964
71608000,0.29022816,-18.19216,-4.985896,0.007310331,3.1530397,-0.0076349233
71616000,0.29032627,-18.167057,-4.985941,0.00721295,3.1527724,-0.007644042
71624000,0.29042476,-18.141947,-4.9859853,0.0070668506,3.1525352,-0.0075970227
71632000,0.29051632,-18.116867,-4.9860306,0.007003407,3.1523395,-0.007568887
71640000,0.29060882,-18.091776,-4.986076,0.006937301,3.1521633,-0.0075696395
71648000,0.29070184,-18.066677,-4.986121,0.006778531,3.1519794,-0.0075921863
71656000,0.290795,-18.041569,-4.986167,0.0067004547,3.1517866,-0.007561217
71664000,0.29089132,-18.016481,-4.986221,0.006596385,3.1515698,-0.0075444374
71672000,0.29098812,-17.991385,-4.9862747,0.0064906217,3.1513822,-0.0074799736
71680000,0.29108524,-17.966278,-4.9863195,0.0063983817,3.1511624,-0.007454707
71688000,0.29118282,-17.941166,-4.986364,0.0062810266,3.15093,-0.0073779016
71696000,0.2912883,-17.916094,-4.9864144,0.0062051266,3.150651,-0.007363584
71704000,0.29139403,-17.891012,-4.9864655,0.006117216,3.150396,-0.0073804148
71712000,0.29150015,-17.865925,-4.9865155,0.0060639824,3.1502016,-0.0073146084
71720000,0.29160666,-17.840826,-4.9865656,0.0059692184,3.1500192,-0.007293073
71728000,0.29172474,-17.815777,-4.9866242,0.0058969143,3.149753,-0.007241386
71736000,0.2918427,-17.790718,-4.9866824,0.0057964916,3.1495454,-0.0071978867
71744000,0.2919606,-17.765652,-4.98674,0.0057343617,3.1493802,-0.0071681533
71752000,0.29206258,-17.740875,-4.9868,0.005643642,3.1491003,-0.007186563
71760000,0.2921533,-17.716085,-4.9868617,0.0055359737,3.1487553,-0.007140774
71768000,0.2922474,-17.691225,-4.986922,0.005402052,3.1484315,-0.007144848
71776000,0.29234427,-17.666311,-4.9869585,0.005354659,3.14817,-0.007114691
71784000,0.29244354,-17.641354,-4.9869943,0.0052894657,3.1479049,-0.007030207
71792000,0.29252526,-17.616417,-4.9870343,0.0051386645,3.1475828,-0.007039767
71800000,0.2926085,-17.591452,-4.987074,0.005048199,3.14729,-0.0070006144
71808000,0.292693,-17.56646,-4.987113,0.0049065966,3.147034,-0.006973543
71816000,0.2927782,-17.541445,-4.987152,0.0047393255,3.1467986,-0.006984058
71824000,0.29285374,-17.516453,-4.987208,0.0045979754,3.1465309,-0.0069626165
71832000,0.29293007,-17.491444,-4.987263,0.0045149033,3.14629,-0.006947649
71840000,0.2930075,-17.466421,-4.9873176,0.0044322493,3.1460989,-0.0069679106
71848000,0.29308558,-17.441383,-4.987372,0.004327941,3.145865,-0.0069118273
71856000,0.29316953,-17.41635,-4.9874372,0.0042155455,3.1455834,-0.0068536345
71868000,0.2932534,-17.391304,-4.9875016,0.0040940833,3.145308,-0.0068313982
71872000,0.29333726,-17.366251,-4.9875684,0.0039538606,3.1451874,-0.0068234354
71880000,0.29342088,-17.341185,-4.9876347,0.0037722187,3.145032,-0.006905705
71888000,0.2935039,-17.316118,-4.987709,0.0036599976,3.1448376,-0.006958455
71896000,0.2935866,-17.291042,-4.987783,0.0034730656,3.1446328,-0.006909576
71904000,0.2936692,-17.265957,-4.987855,0.0033950892,3.144476,-0.0068958136
71912000,0.29375198,-17.240866,-4.9879265,0.0033220402,3.144285,-0.0069111176
71920000,0.2938152,-17.21578,-4.98802,0.0032097925,3.1441286,-0.006932332
71928000,0.29387867,-17.190685,-4.9881163,0.0030814672,3.14394,-0.006902513
71936000,0.29394206,-17.165586,-4.9882107,0.0029687048,3.1437569,-0.0068253614
71944000,0.29400557,-17.14048,-4.988303,0.0028247372,3.1435573,-0.0068374733
71952000,0.29406565,-17.115372,-4.9884233,0.002660834,3.1433406,-0.0068669287
71960000,0.2941256,-17.090258,-4.9885416,0.002504142,3.1431718,-0.006887433
71968000,0.2941852,-17.065138,-4.9886575,0.0023007565,3.1430159,-0.006819169
71976000,0.29424435,-17.040012,-4.988776,0.0021595224,3.1428654,-0.006715809
71984000,0.2943085,-17.014896,-4.988925,0.0019864412,3.1427095,-0.006680513
71992000,0.29437235,-16.989773,-4.989071,0.0018589977,3.1425235,-0.006593872
72000000,0.2944359,-16.964645,-4.9892135,0.0017197195,3.1423464,-0.006608595
72008000,0.29449892,-16.93951,-4.989353,0.0015810836,3.1421988,-0.0065842243
72016000,0.29456154,-16.914371,-4.98949,0.0014299174,3.1420429,-0.006554197
72024000,0.29462466,-16.88924,-4.9896607,0.0012413138,3.1419017,-0.006514874
72032000,0.2946872,-16.864101,-4.9898276,0.0011116802,3.1417341,-0.0064330925
72040000,0.2947494,-16.838959,-4.98999,0.0009716752,3.1415818,-0.006416513
72048000,0.29481113,-16.81381,-4.99015,0.0008342526,3.1414819,-0.006387402
72056000,0.29487056,-16.78867,-4.990333,0.00069354736,3.1413674,-0.006395533
72064000,0.2949295,-16.763523,-4.990513,0.0005831694,3.1412396,-0.006359979
72072000,0.29498774,-16.73837,-4.9907227,0.0004399297,3.141097,-0.006359779
72080000,0.29504535,-16.713215,-4.9909286,0.00029812058,3.1409602,-0.0063042385
72088000,0.295115,-16.688066,-4.991154,0.00018505724,3.1408312,-0.0062158406
72096000,0.29518387,-16.662914,-4.991374,3.281027e-05,3.140714,-0.0061328425
72104000,0.29525176,-16.637754,-4.9915886,-0.00011197443,3.1406353,-0.0060188565
72112000,0.29531884,-16.61259,-4.9917974,-0.00024596287,3.1405296,-0.0059805783
72120000,0.2954009,-16.587435,-4.992027,-0.00039562676,3.1404479,-0.0058960035
72128000,0.2954815,-16.562273,-4.9922733,-0.0005748553,3.1403718,-0.0057755318
72136000,0.2955606,-16.537107,-4.992514,-0.0007380376,3.1402428,-0.005704772
72144000,0.29563826,-16.511938,-4.992749,-0.0008192746,3.1401234,-0.0056120474
72152000,0.29575473,-16.486786,-4.9930005,-0.0009180835,3.1399662,-0.005557801
72160000,0.29586953,-16.46163,-4.993246,-0.0009704551,3.1398478,-0.0055142418
72168000,0.29598287,-16.43647,-4.9934855,-0.0010591637,3.1397395,-0.0054361452
72176000,0.29609472,-16.411304,-4.9937277,-0.0010991438,3.139627,-0.005338285
72184000,0.29624793,-16.386154,-4.9939766,-0.0011659984,3.139437,-0.0052286373
72192000,0.29639855,-16.361,-4.9942183,-0.0012526028,3.1393507,-0.0050770384
72200000,0.2965469,-16.335842,-4.9944534,-0.0013001054,3.1391833,-0.004869814
72208000,0.2966932,-16.31068,-4.994682,-0.0013155297,3.1390808,-0.0047075395
72216000,0.296885,-16.285511,-4.9948945,-0.0012950748,3.13897,-0.0046256795
72224000,0.2970741,-16.26034,-4.9951024,-0.0013254696,3.1387947,-0.0044879275
72232000,0.29726028,-16.235167,-4.995304,-0.0013285317,3.1386452,-0.004286599
72240000,0.2974438,-16.209988,-4.9954996,-0.0013476443,3.1384814,-0.004092042
72248000,0.29766923,-16.184805,-4.995678,-0.0013753015,3.1383364,-0.003934667
72256000,0.29789102,-16.15962,-4.995851,-0.0013853747,3.1381903,-0.0038012906
72264000,0.29810923,-16.134432,-4.996019,-0.00141239,3.1380959,-0.0035918495
72272000,0.2983238,-16.10924,-4.9962034,-0.0014592872,3.1380317,-0.0033992801
72280000,0.29853496,-16.084044,-4.9963818,-0.001480874,3.1378894,-0.0032197174
72288000,0.29878545,-16.05885,-4.996555,-0.001482656,3.1377263,-0.0030145482
72296000,0.2990317,-16.033653,-4.996722,-0.0015565385,3.1376212,-0.0027478358
72304000,0.2992734,-16.008453,-4.9968834,-0.0016472327,3.137516,-0.0025226814
72312000,0.29951072,-15.98325,-4.9970393,-0.0016801957,3.1374037,-0.0023706423
72320000,0.29978436,-15.9580555,-4.997194,-0.0016617846,3.1372843,-0.0022296773
72328000,0.3000535,-15.932858,-4.997356,-0.0016618669,3.1372163,-0.0020250215
72336000,0.30031827,-15.907659,-4.997512,-0.0016675427,3.1371057,-0.0018047509
72344000,0.30057856,-15.882456,-4.9976625,-0.0016922766,3.1370268,-0.0016172514
72352000,0.3008822,-15.857262,-4.997812,-0.0016865083,3.1369307,-0.0013745689
72360000,0.30118057,-15.832065,-4.9979553,-0.0017149341,3.1367786,-0.0012021498
72368000,0.30147368,-15.806866,-4.998094,-0.0017296534,3.1366541,-0.0010334464
72376000,0.3017618,-15.781664,-4.9982295,-0.0017013105,3.136539,-0.0008175072
72384000,0.30207378,-15.756477,-4.998374,-0.0016500215,3.136439,-0.0005859943
72392000,0.3023805,-15.731287,-4.9985127,-0.0016578304,3.1363418,-0.0004275928
72400000,0.30268195,-15.706096,-4.9986463,-0.0016550315,3.1361935,-0.0002728634
72408000,0.30297822,-15.680902,-4.9987755,-0.00168088,3.1360054,-0.0001325383
72416000,0.30329752,-15.655732,-4.998911,-0.0016894438,3.1358325,8.4222454e-05
72424000,0.30361086,-15.630561,-4.9990497,-0.0016955448,3.1356215,0.00024641567
72432000,0.3039188,-15.605387,-4.9991837,-0.0016743167,3.1354854,0.00036365434
72440000,0.3042216,-15.580211,-4.9993124,-0.0016814373,3.1353316,0.00051758415
72448000,0.30456632,-15.555052,-4.9994464,-0.0016308716,3.1351774,0.00065923744
72456000,0.30490527,-15.52989,-4.999575,-0.001593202,3.1350136,0.00082477916
72464000,0.30523866,-15.504725,-4.9996986,-0.0015495043,3.1348839,0.0009825507
72472000,0.3055662,-15.479559,-4.9998307,-0.0015708567,3.1347344,0.0011122532
72480000,0.30592868,-15.45441,-4.99997,-0.0014989154,3.1345801,0.0012885727
72488000,0.3062851,-15.429258,-5.000104,-0.001459651,3.134403,0.0014660577
72496000,0.30663493,-15.404105,-5.000232,-0.0014652158,3.1342487,0.0015722067
72504000,0.30697852,-15.378949,-5.0003557,-0.0014565869,3.1340666,0.001775414
72512000,0.30735224,-15.353827,-5.000482,-0.0014328995,3.133886,0.0019598296
72520000,0.30771953,-15.328703,-5.000603,-0.001350511,3.1337335,0.0021268406
72528000,0.30808055,-15.3035755,-5.0007234,-0.0013560272,3.1335557,0.0022639874
72536000,0.308435,-15.278446,-5.0008383,-0.0013581959,3.133384,0.0024370516
72544000,0.3087832,-15.253314,-5.0009475,-0.0013388045,3.133206,0.0026217327
72552000,0.30915138,-15.228219,-5.0010605,-0.0013426834,3.1330419,0.0027932732
72560000,0.30951256,-15.203121,-5.0011683,-0.0013909456,3.1328006,0.0029445984
72568000,0.30986655,-15.17802,-5.0012712,-0.0014162781,3.1326783,0.0030332298
72576000,0.310214,-15.152916,-5.001378,-0.0014175589,3.1324768,0.0031784978
72584000,0.31059507,-15.127826,-5.001492,-0.0013990997,3.13227,0.0032672079
72592000,0.31096923,-15.102734,-5.001601,-0.001385058,3.1320677,0.0034253947
72600000,0.31133667,-15.077639,-5.001705,-0.0013644283,3.131883,0.0035947368
72608000,0.31169745,-15.052541,-5.0018044,-0.0013664439,3.1316094,0.0037164867
72616000,0.312072,-15.027463,-5.0019126,-0.0014251173,3.1313932,0.0038997936
72624000,0.31243923,-15.002383,-5.002008,-0.0014932232,3.1311471,0.0040616733
72632000,0.31279868,-14.977301,-5.0020986,-0.0015330269,3.1309385,0.004176222
72640000,0.3131514,-14.952215,-5.0021844,-0.0015524513,3.1307695,0.004329478
72648000,0.31351623,-14.927146,-5.00227,-0.0015944755,3.1305,0.004516349
72656000,0.313874,-14.902075,-5.0023513,-0.0016087858,3.1302476,0.004658372
72664000,0.31422508,-14.877001,-5.0024276,-0.001610031,3.1300275,0.0047599776
72672000,0.31456947,-14.851925,-5.0024867,-0.0016602644,3.1298454,0.0048588985
72680000,0.3149227,-14.826851,-5.002555,-0.0017475823,3.1296237,0.0048933104
72688000,0.31526855,-14.801776,-5.0026193,-0.0018355569,3.1294127,0.0050045196
72696000,0.31560722,-14.776698,-5.0026793,-0.0019203703,3.1292038,0.005116513
72704000,0.3159384,-14.751618,-5.002736,-0.0019918738,3.1290247,0.005179073
72712000,0.31626832,-14.726526,-5.002814,-0.0020627428,3.1288095,0.0052680243
72720000,0.31659132,-14.701433,-5.0028872,-0.002174596,3.1286714,0.005326585
72728000,0.3169072,-14.676338,-5.002963,-0.002306459,3.1284409,0.0054667247
72736000,0.31721622,-14.651241,-5.0030346,-0.002387207,3.128197,0.0055523687
72744000,0.31752968,-14.626108,-5.003121,-0.0025325632,3.1280708,0.0056387144
72752000,0.3178358,-14.600973,-5.0032024,-0.0027169609,3.1279256,0.0057622707
72760000,0.31813473,-14.575837,-5.003279,-0.0028419453,3.1277316,0.0058602174
72768000,0.31842682,-14.550701,-5.003352,-0.0029996494,3.1276245,0.005900805
72776000,0.31875527,-14.525537,-5.003413,-0.0031167874,3.1275222,0.0059599075
72784000,0.31907615,-14.500372,-5.0034704,-0.0032713006,3.1273656,0.006019003
72792000,0.31938925,-14.475207,-5.0035243,-0.0034389694,3.1272664,0.0060497136
72800000,0.31969485,-14.450043,-5.003575,-0.003579963,3.127136,0.006124327
72808000,0.31999308,-14.424878,-5.003622,-0.0037431172,3.126941,0.0062249326
72816000,0.32033345,-14.399705,-5.00368,-0.0038244652,3.1267934,0.006285993
72824000,0.32066637,-14.374531,-5.0037384,-0.003885218,3.126693,0.006378347
72832000,0.32099143,-14.349358,-5.003793,-0.0040337457,3.1265488,0.006519878
72844000,0.32130846,-14.324184,-5.0038433,-0.0042047463,3.1264446,0.0065725134
72848000,0.3216464,-14.298997,-5.0039077,-0.0043498883,3.1263113,0.006639145
72856000,0.32197592,-14.273811,-5.0039687,-0.0045253444,3.126132,0.0066975374
72864000,0.32229713,-14.248626,-5.0040255,-0.004674192,3.1260188,0.006784219
72872000,0.32261032,-14.223441,-5.004069,-0.004831814,3.125832,0.0069117323
72880000,0.3229244,-14.198256,-5.004128,-0.0049642483,3.12567,0.0069690635
72888000,0.32323042,-14.173071,-5.004183,-0.0051636216,3.1255937,0.0070399228
72896000,0.3235285,-14.147886,-5.0042343,-0.0053112265,3.1254723,0.007066614
72904000,0.3238187,-14.122703,-5.0042825,-0.0054991194,3.1253757,0.0071025854
72912000,0.32411364,-14.097538,-5.0043507,-0.0056327987,3.125241,0.0070885145
72920000,0.32440087,-14.072372,-5.0044155,-0.0058255647,3.1250803,0.0070668086
72928000,0.32468006,-14.047209,-5.0044785,-0.0060575423,3.124958,0.0070973793
72936000,0.3249513,-14.022045,-5.0045376,-0.0062574088,3.124899,0.0071729887
72944000,0.32523298,-13.996914,-5.0046206,-0.0064601703,3.1247964,0.0071794814
72952000,0.32550675,-13.971782,-5.004699,-0.0066745235,3.1246676,0.007211189
72960000,0.3257726,-13.9466505,-5.004774,-0.006875667,3.124509,0.007281745
72968000,0.32603052,-13.921518,-5.0048437,-0.0071456893,3.1243596,0.0073563224
72976000,0.32629648,-13.896434,-5.004906,-0.007388075,3.124184,0.0075006904
72984000,0.32655364,-13.871347,-5.004964,-0.007613162,3.1240005,0.0075580208
72992000,0.32680306,-13.846261,-5.0050178,-0.007827421,3.1238186,0.007603097
73000000,0.32704479,-13.821174,-5.005068,-0.008042948,3.1235867,0.0076893503
73008000,0.32729682,-13.796118,-5.0051427,-0.00827589,3.1233327,0.0077356147
73016000,0.32754108,-13.771061,-5.005213,-0.008476211,3.1230924,0.00777064
73024000,0.3277774,-13.746003,-5.0052805,-0.008749807,3.122889,0.0078079957
73032000,0.32800582,-13.720945,-5.0053444,-0.008998403,3.1226542,0.007883033
73040000,0.32823253,-13.695933,-5.0054255,-0.009239256,3.1224356,0.007860708
73048000,0.32845148,-13.670919,-5.0055027,-0.009483043,3.1222208,0.007876368
73056000,0.32866243,-13.645904,-5.0055757,-0.009669482,3.1220272,0.007897209
73064000,0.32886627,-13.620887,-5.0056443,-0.009884301,3.121886,0.007973176
73072000,0.32906276,-13.595868,-5.005687,-0.010138261,3.121645,0.008057211
73080000,0.32924855,-13.570885,-5.0057435,-0.010376931,3.121423,0.008132127
73088000,0.32942727,-13.545899,-5.005796,-0.010633927,3.1211555,0.008226513
73096000,0.3295989,-13.520912,-5.0058446,-0.010899117,3.1209013,0.008176792
73104000,0.32976383,-13.495925,-5.0058904,-0.011086841,3.120658,0.008193905
73112000,0.32991531,-13.470952,-5.0059643,-0.011375786,3.1203575,0.008239768
73120000,0.3300599,-13.445978,-5.006034,-0.011681827,3.120043,0.00830262
73128000,0.33019674,-13.421003,-5.0061045,-0.011973017,3.1197484,0.008349262
73136000,0.33032694,-13.396028,-5.0061707,-0.012250618,3.1195061,0.008343789
73144000,0.33047235,-13.371067,-5.0062604,-0.012498198,3.1192403,0.008357279
73152000,0.33061102,-13.346106,-5.0063453,-0.012779921,3.1189651,0.00839173
73160000,0.33074272,-13.321142,-5.006426,-0.013052429,3.1187134,0.008451786
73168000,0.33086762,-13.296178,-5.006501,-0.013352837,3.1184695,0.008516131
73176000,0.33099863,-13.271227,-5.0065722,-0.013635817,3.1182065,0.00857798
73184000,0.3311227,-13.246274,-5.006639,-0.013933332,3.1179996,0.008634798
73192000,0.3312389,-13.22132,-5.006701,-0.014223489,3.1177268,0.008732199
73200000,0.33134866,-13.196364,-5.0067587,-0.014446157,3.1174784,0.008817672
73208000,0.3314661,-13.171432,-5.006839,-0.014756919,3.1172042,0.008854873
73216000,0.3315766,-13.146497,-5.0069146,-0.015043688,3.1169565,0.008859694
73224000,0.33168015,-13.121561,-5.006999,-0.015336693,3.1167414,0.008887271
73232000,0.33177716,-13.096622,-5.0070786,-0.015608951,3.1165183,0.008956814
73240000,0.3318882,-13.07169,-5.0071816,-0.015884569,3.1162696,0.008991321
73248000,0.3319923,-13.046754,-5.0072794,-0.016176503,3.1160858,0.009081725
73256000,0.33208945,-13.021817,-5.0073714,-0.016462041,3.1159132,0.009151752
73264000,0.332179,-12.996879,-5.0074587,-0.016747842,3.1156888,0.009231864
73272000,0.33227715,-12.971903,-5.007562,-0.017040497,3.1154816,0.009306034
73280000,0.3323685,-12.946927,-5.00766,-0.01728042,3.1152823,0.0093702115
73288000,0.33245334,-12.92195,-5.0077524,-0.017543875,3.1151142,0.009440244
73296000,0.33253157,-12.896973,-5.007839,-0.017829586,3.1149676,0.009506518
73304000,0.33262557,-12.871975,-5.007943,-0.01812832,3.1148093,0.009558215
73312000,0.33271247,-12.846976,-5.008041,-0.018401625,3.1146078,0.0096748695
73320000,0.33279264,-12.821979,-5.008133,-0.01864997,3.1144137,0.0097913435
73328000,0.33286625,-12.796981,-5.008206,-0.01891224,3.11427,0.009950386
73336000,0.3329323,-12.771983,-5.0082736,-0.019209573,3.11406,0.010031086
73344000,0.3330151,-12.746956,-5.0083528,-0.019453112,3.113873,0.010080387
73352000,0.33309096,-12.7219305,-5.0084276,-0.019768655,3.1136758,0.010120249
73360000,0.33315957,-12.696906,-5.0084968,-0.020095674,3.113497,0.010201809
73368000,0.33322114,-12.671882,-5.008561,-0.020382047,3.1133897,0.010341231
73376000,0.33330616,-12.646824,-5.008664,-0.020632274,3.1131809,0.010397636
73384000,0.33338407,-12.621768,-5.008761,-0.020923829,3.1129932,0.010492003
73392000,0.33345455,-12.596714,-5.008852,-0.021208078,3.1128352,0.010539993
73400000,0.33351806,-12.571661,-5.008938,-0.021481153,3.1127124,0.010632379
73408000,0.33360562,-12.546569,-5.0090446,-0.021675888,3.1126404,0.010677832
73416000,0.33368593,-12.521478,-5.009146,-0.021950966,3.112549,0.010726803
73424000,0.33375913,-12.496389,-5.009233,-0.022172125,3.1124225,0.010796418
73432000,0.33382526,-12.471303,-5.0093145,-0.022438906,3.1122973,0.010855488
73440000,0.33391392,-12.446178,-5.0094075,-0.022725433,3.112201,0.010940736
73448000,0.33399504,-12.421058,-5.0094953,-0.022942903,3.1121042,0.010989768
73456000,0.3340689,-12.39594,-5.0095773,-0.023189418,3.11204,0.01113668
73464000,0.33413514,-12.370824,-5.0096526,-0.023513764,3.1119823,0.011265524
73472000,0.3342016,-12.345653,-5.0097356,-0.023775132,3.1119382,0.011388349
73480000,0.33426082,-12.320484,-5.009813,-0.024001036,3.111917,0.01146065
73488000,0.3343131,-12.29532,-5.0098844,-0.024252284,3.1119056,0.011503169
73496000,0.33435836,-12.270158,-5.0099516,-0.024499033,3.1118584,0.011512755
73504000,0.33440486,-12.244925,-5.010025,-0.02472964,3.111823,0.011535932
73512000,0.3344444,-12.219696,-5.0100927,-0.024998501,3.1117992,0.011641212
73520000,0.33447698,-12.194472,-5.010155,-0.025262713,3.1117976,0.011740919
73528000,0.3345026,-12.169253,-5.01022,-0.025553219,3.1117852,0.011840708
73536000,0.33452126,-12.144038,-5.010279,-0.025802827,3.1117988,0.011928146
73544000,0.3345289,-12.118759,-5.0103436,-0.02610401,3.111869,0.012074188
73552000,0.33452967,-12.093485,-5.010402,-0.026408628,3.1119251,0.012095544
73560000,0.33452398,-12.068216,-5.010456,-0.026655355,3.1119294,0.012154337
73568000,0.33450708,-12.042908,-5.0105224,-0.026928702,3.1119373,0.0122721195
73576000,0.334484,-12.017605,-5.010588,-0.02718851,3.1119843,0.012328752
73584000,0.334455,-11.992308,-5.0106487,-0.027443752,3.1120014,0.012384686
73592000,0.33441997,-11.967017,-5.0107045,-0.02773523,3.1120396,0.012455576
73600000,0.33437893,-11.941731,-5.0107546,-0.028021427,3.112094,0.012569518
73608000,0.33431545,-11.916394,-5.010803,-0.028328571,3.1121778,0.01261937
73616000,0.33424526,-11.891063,-5.0108476,-0.028646627,3.112236,0.012682944
73624000,0.3341694,-11.865737,-5.010884,-0.028969355,3.1123161,0.012798589
73632000,0.33408764,-11.840418,-5.0109158,-0.02933408,3.1123588,0.01288367
73640000,0.33398575,-11.81505,-5.0109515,-0.029625114,3.1124742,0.012916805
73648000,0.33387873,-11.789689,-5.0109835,-0.029964626,3.11252,0.012946307
73656000,0.33376637,-11.764336,-5.0110106,-0.030287446,3.1125524,0.013010093
73664000,0.3336488,-11.738988,-5.0110335,-0.030609429,3.1126392,0.013104821
73672000,0.33350787,-11.713615,-5.011111,-0.031028168,3.1127174,0.013140142
73680000,0.33336174,-11.688249,-5.0111823,-0.03137753,3.112764,0.013144458
73688000,0.33320943,-11.6628895,-5.011249,-0.03178458,3.1128004,0.01318644
73696000,0.33305204,-11.637538,-5.01131,-0.032154527,3.1128283,0.013214443
73704000,0.33288315,-11.612174,-5.011382,-0.032582503,3.1128714,0.013298984
73712000,0.33270922,-11.586818,-5.011449,-0.032952674,3.1129649,0.013289927
73720000,0.3325304,-11.561468,-5.011511,-0.033351097,3.1129787,0.013286775
73728000,0.3323466,-11.536125,-5.0115695,-0.03374526,3.11302,0.013295407
73736000,0.33216563,-11.510779,-5.011641,-0.03407923,3.113087,0.01328962
73744000,0.33198,-11.48544,-5.0117073,-0.034444638,3.1130729,0.013229909
73752000,0.33178866,-11.460108,-5.011769,-0.03478671,3.1130464,0.013255205
73760000,0.3315927,-11.434783,-5.011825,-0.03512245,3.113052,0.013351451
73768000,0.33140007,-11.40946,-5.0118804,-0.035518523,3.113062,0.013442982
73776000,0.3312022,-11.384145,-5.0119104,-0.03592603,3.1130505,0.013501683
73784000,0.33099926,-11.358835,-5.011936,-0.036320332,3.1130786,0.01361737
73792000,0.33079123,-11.333532,-5.011957,-0.036708925,3.113105,0.013656867
73800000,0.33058253,-11.308223,-5.0119896,-0.03703065,3.113128,0.013676973
73808000,0.3303694,-11.282921,-5.0120177,-0.037360854,3.1130314,0.013728102
73816000,0.3301516,-11.257626,-5.0120416,-0.03770658,3.1129446,0.0137655
73824000,0.32992825,-11.232337,-5.0120673,-0.038048904,3.1128817,0.013815843
73832000,0.32972714,-11.2070465,-5.0121017,-0.038388006,3.1128051,0.01390602
73840000,0.3295209,-11.181763,-5.012131,-0.038744114,3.1127362,0.013996722
73848000,0.32930946,-11.156486,-5.012156,-0.039136615,3.1126444,0.014042896
73856000,0.32909274,-11.131215,-5.012177,-0.03948436,3.112552,0.014104461
73864000,0.32887134,-11.105951,-5.0121927,-0.0397849,3.1124673,0.01425888
73872000,0.328654,-11.080675,-5.01223,-0.0401014,3.1124115,0.014364661
73880000,0.328432,-11.055405,-5.0122623,-0.040381968,3.1123946,0.014382634
73888000,0.32820556,-11.030142,-5.01229,-0.040688325,3.1123548,0.014428258
73896000,0.3279734,-11.004884,-5.0123134,-0.041031282,3.11227,0.014509376
73904000,0.32775205,-10.979629,-5.012326,-0.04141045,3.1122282,0.014494327
73912000,0.32752568,-10.954379,-5.012335,-0.041707724,3.1120932,0.01447469
73920000,0.32729456,-10.929137,-5.01234,-0.042021252,3.1120117,0.014496422
73928000,0.32705855,-10.903901,-5.012342,-0.042368144,3.111866,0.014468967
73936000,0.32681277,-10.878676,-5.0123343,-0.042622786,3.1117013,0.014469655
73944000,0.32656276,-10.853458,-5.012323,-0.04293616,3.1115456,0.014515682
73952000,0.32630834,-10.828247,-5.012308,-0.043233372,3.1114004,0.014597828
73960000,0.3260495,-10.803042,-5.0122895,-0.043541368,3.1112778,0.014671889
73968000,0.3257869,-10.777855,-5.0122595,-0.04385951,3.1111002,0.014726106
73976000,0.32551977,-10.752673,-5.0122275,-0.044195484,3.1109176,0.014766832
73984000,0.3252482,-10.727498,-5.012193,-0.044519335,3.110753,0.014800931
73992000,0.32497236,-10.70233,-5.0121555,-0.04483784,3.110537,0.014813173
74000000,0.32469782,-10.677164,-5.012112,-0.04512582,3.1102772,0.014823318
74008000,0.32441905,-10.652004,-5.012067,-0.045460016,3.1100693,0.014825899
74016000,0.32413593,-10.626851,-5.0120187,-0.045747697,3.1098557,0.014870457
74024000,0.32384893,-10.601705,-5.0119557,-0.046034794,3.1096587,0.014894504
74032000,0.32358512,-10.576575,-5.011885,-0.04633115,3.1094618,0.014898727
74040000,0.32331657,-10.551453,-5.011813,-0.04665545,3.1092038,0.014844414
74048000,0.3230431,-10.526335,-5.0117393,-0.047001056,3.109002,0.0148218665
74056000,0.322765,-10.501223,-5.0116644,-0.04728457,3.108809,0.014821096
74064000,0.3225177,-10.476139,-5.011584,-0.047560677,3.1085625,0.014808588
74072000,0.32226542,-10.451061,-5.0114985,-0.0478203,3.1083002,0.01481142
74080000,0.32200822,-10.425988,-5.0114126,-0.04807794,3.1080565,0.014788942
74088000,0.32174635,-10.40092,-5.011325,-0.048328917,3.1078317,0.014809301
74096000,0.3215038,-10.375871,-5.011225,-0.04853341,3.107584,0.014793694
74104000,0.3212554,-10.350826,-5.011125,-0.048776474,3.1073043,0.014746801
74112000,0.32100174,-10.325786,-5.0110245,-0.049095597,3.1070495,0.014660488
74120000,0.32074288,-10.300751,-5.0109234,-0.04933212,3.106756,0.014622726
74128000,0.32047936,-10.275721,-5.010814,-0.049570374,3.1064622,0.014588561
74136000,0.3202385,-10.250701,-5.010685,-0.049821828,3.106155,0.014554108
74144000,0.31999224,-10.225685,-5.0105557,-0.050080694,3.105871,0.014567604
74152000,0.3197408,-10.200675,-5.010426,-0.05032053,3.1055527,0.0145355435
74160000,0.3194842,-10.17567,-5.010297,-0.050560795,3.1052907,0.014492632
74168000,0.31925613,-10.150692,-5.0101447,-0.0507334,3.1049936,0.014480303
74176000,0.31902224,-10.125718,-5.00998,-0.050878774,3.104668,0.01446134
74184000,0.3187831,-10.100749,-5.009817,-0.051125888,3.1043575,0.014398442
74192000,0.31853843,-10.075784,-5.0096555,-0.05136258,3.1040711,0.014305887
74200000,0.31831276,-10.050854,-5.0094657,-0.051569607,3.1037192,0.014227336
74208000,0.31808156,-10.025928,-5.009278,-0.051782195,3.1033926,0.014193167
74216000,0.3178448,-10.001005,-5.009092,-0.05197839,3.1030967,0.014176252
74224000,0.31760305,-9.976086,-5.0089192,-0.052131414,3.10277,0.014099541
74232000,0.3173769,-9.951185,-5.008723,-0.052323367,3.102442,0.014023411
74240000,0.3171453,-9.926288,-5.008528,-0.0525072,3.1021233,0.013934849
74248000,0.3169075,-9.901394,-5.0083365,-0.05266317,3.1017785,0.013834996
74256000,0.31666464,-9.876503,-5.008147,-0.05284223,3.1014438,0.01375454
74264000,0.31644136,-9.851642,-5.0079365,-0.052986383,3.1010897,0.01359408
74272000,0.31621277,-9.826784,-5.007716,-0.05312237,3.1007397,0.013497751
74280000,0.31597885,-9.8019285,-5.0074987,-0.053313054,3.1003864,0.013371292
74288000,0.31573945,-9.777076,-5.0072846,-0.053492818,3.10005,0.013248211
74296000,0.31550846,-9.752234,-5.007046,-0.053702567,3.0996544,0.0131424675
74304000,0.31527182,-9.727396,-5.0068116,-0.053889737,3.0993183,0.013134921
74312000,0.31502846,-9.702559,-5.0065794,-0.054131918,3.0989628,0.013062455
74320000,0.31477964,-9.677726,-5.0063515,-0.054317046,3.0986485,0.0128905075
74328000,0.31455016,-9.652924,-5.006116,-0.054530125,3.0982654,0.012727959
74336000,0.31431496,-9.628124,-5.0058846,-0.05468653,3.0979588,0.01253937
74344000,0.31407428,-9.603326,-5.0056577,-0.054836635,3.0976138,0.012379158
74352000,0.31382832,-9.57853,-5.005435,-0.055000246,3.0972772,0.012132938
74360000,0.313595,-9.553743,-5.005199,-0.055155247,3.0969627,0.01195502
74372000,0.3133561,-9.528958,-5.0049677,-0.05531348,3.0966468,0.01180349
74376000,0.31311142,-9.504175,-5.0047336,-0.055518057,3.0963042,0.011650325
74384000,0.3128604,-9.479394,-5.0045037,-0.05568318,3.0959356,0.011401667
74392000,0.31260404,-9.454616,-5.004279,-0.05583127,3.095581,0.011268215
74400000,0.3123689,-9.429833,-5.0040474,-0.0560116,3.0952458,0.011134577
74408000,0.31212798,-9.405053,-5.0038195,-0.0561737,3.0948946,0.010994158
74416000,0.3118814,-9.380276,-5.0035963,-0.056329295,3.0945563,0.0107951695
74424000,0.31162935,-9.3555,-5.003374,-0.05647312,3.09427,0.01061777
74432000,0.3113919,-9.330714,-5.0031447,-0.056645747,3.0940053,0.010443714
74440000,0.3111485,-9.30593,-5.00292,-0.056813948,3.093729,0.010227493
74448000,0.3108995,-9.281148,-5.002701,-0.056941118,3.093409,0.0099743325
74456000,0.31064415,-9.256369,-5.002486,-0.057092737,3.0930958,0.009711852
74464000,0.31039113,-9.231583,-5.0022745,-0.057274535,3.092806,0.009525801
74472000,0.31013227,-9.206799,-5.0020914,-0.057444632,3.0925262,0.009342188
74480000,0.30986783,-9.182017,-5.0019116,-0.057632715,3.0921888,0.009130728
74488000,0.3095978,-9.157239,-5.001736,-0.057792276,3.0919414,0.008878601
74496000,0.3093192,-9.132448,-5.001582,-0.057962477,3.0916672,0.008656364
74504000,0.3090353,-9.10766,-5.001431,-0.05813936,3.0913796,0.008461794
74512000,0.30874598,-9.082874,-5.001283,-0.058370676,3.0910995,0.008259456
74520000,0.30845112,-9.058092,-5.0011387,-0.058591444,3.0907888,0.00802786
74528000,0.3081505,-9.033296,-5.0009995,-0.05878842,3.0905173,0.0077597997
74536000,0.30784482,-9.008502,-5.0008636,-0.05898351,3.0902617,0.0075500077
74544000,0.3075339,-8.983711,-5.0007305,-0.05921862,3.0900502,0.0072969794
74552000,0.3072177,-8.958922,-5.000601,-0.059435453,3.0898118,0.0071237264
74560000,0.3069118,-8.934117,-5.0004807,-0.059610948,3.0895472,0.0068815653
74568000,0.30660084,-8.909314,-5.0003633,-0.059773404,3.0893273,0.0066739214
74576000,0.30628496,-8.884515,-5.00023,-0.05997861,3.0891192,0.0065234443
74584000,0.30596367,-8.859718,-5.0000987,-0.060246944,3.0889294,0.006304077
74592000,0.3056672,-8.834912,-4.9999685,-0.060426235,3.0887933,0.0060881414
74600000,0.3053654,-8.810108,-4.999841,-0.060602374,3.0886085,0.0058814003
74608000,0.30505806,-8.785308,-4.999717,-0.06082386,3.0883663,0.005659216
74616000,0.3047449,-8.76051,-4.9995966,-0.061057676,3.088159,0.005467617
74624000,0.30445516,-8.735721,-4.9994884,-0.061249655,3.0879617,0.005227641
74632000,0.3041592,-8.710933,-4.9993825,-0.06151616,3.0877702,0.005005176
74640000,0.30385694,-8.686148,-4.9992805,-0.061730705,3.087532,0.0047793454
74648000,0.3035488,-8.6613655,-4.999181,-0.061947085,3.087318,0.0045805504
74656000,0.30323464,-8.636586,-4.9990845,-0.062209394,3.087116,0.004400924
74664000,0.30292714,-8.611808,-4.9989877,-0.06242852,3.0869114,0.004204685
74672000,0.302614,-8.587031,-4.998861,-0.062592946,3.0867393,0.0039939783
74680000,0.3022952,-8.562258,-4.998738,-0.062805206,3.0865006,0.003780204
74688000,0.30197054,-8.537487,-4.9986186,-0.063041896,3.0863278,0.0035625831
74696000,0.3016143,-8.512721,-4.9985185,-0.06329975,3.0861442,0.0033989327
74704000,0.30125245,-8.487958,-4.9984207,-0.06360651,3.0859697,0.0032508795
74712000,0.30088508,-8.463198,-4.9983263,-0.06388088,3.0857317,0.0030891781
74720000,0.3005127,-8.438439,-4.9982343,-0.06408675,3.0855095,0.0029442746
74728000,0.30012488,-8.413681,-4.9981565,-0.064396836,3.0852864,0.0027280059
74736000,0.29973102,-8.388924,-4.9980817,-0.06466069,3.0851057,0.0024838548
74744000,0.29933247,-8.36417,-4.9980097,-0.06488974,3.0849428,0.0023177424
74752000,0.29892942,-8.339417,-4.9979405,-0.06511563,3.0847697,0.0021373287
74760000,0.29851434,-8.314672,-4.99788,-0.06535491,3.0845926,0.0019676536
74768000,0.29809475,-8.289928,-4.9978213,-0.065632775,3.084373,0.0018395829
74776000,0.29767048,-8.265188,-4.9977264,-0.065962724,3.0841098,0.0017253159
74784000,0.29724118,-8.24045,-4.997635,-0.06628875,3.0839944,0.0015829649
74792000,0.2968138,-8.215718,-4.997564,-0.06654781,3.0837727,0.0013901893
74800000,0.29638168,-8.1909895,-4.997496,-0.066866644,3.0835278,0.0012594638
74808000,0.2959438,-8.166264,-4.9974303,-0.067136936,3.083362,0.0011774699
74816000,0.29550162,-8.141539,-4.997367,-0.06740926,3.0831866,0.00102211
74824000,0.2950576,-8.116795,-4.9973474,-0.0676961,3.083037,0.00087030046
74832000,0.29460916,-8.092053,-4.997329,-0.06796824,3.0828495,0.00069139455
74840000,0.294156,-8.067315,-4.997313,-0.06831392,3.0826836,0.00056007656
74848000,0.2936981,-8.04258,-4.9972973,-0.06860122,3.0824864,0.00047892172
74856000,0.2862823,-47.421146,-4.9972963,-0.06886218,3.0823362,0.00031955534
74864000,0.28583097,-47.397182,-4.9972963,-0.06911234,3.082154,0.00021436137
74872000,0.2853751,-47.3732,-4.997318,-0.06937554,3.0819595,2.6030117e-05
74880000,0.28491482,-47.349197,-4.9973397,-0.069632456,3.081815,-0.00013819337
74888000,0.28452381,-47.32847,-4.997372,-0.06995431,3.0816483,-0.00027631896
74896000,0.28412583,-47.30763,-4.9974046,-0.07027455,3.0814245,-0.0004718264
74904000,0.283721,-47.286674,-4.9974375,-0.0705944,3.0812368,-0.00066118716
74912000,0.28330952,-47.265617,-4.9974713,-0.07090775,3.0810258,-0.000793608
74920000,0.28289163,-47.244457,-4.9975057,-0.07119739,3.0809205,-0.0009234592
74928000,0.28251645,-47.22618,-4.997539,-0.071459085,3.0807698,-0.0010695126
74936000,0.28213432,-47.207718,-4.9975734,-0.07165306,3.0805836,-0.0012252042
74944000,0.2817456,-47.18908,-4.997608,-0.07186433,3.0804124,-0.0013253182
74952000,0.28135037,-47.170265,-4.997643,-0.07206896,3.0802655,-0.001396695
74960000,0.28103966,-47.15401,-4.99767,-0.07222333,3.080083,-0.0014854172
74968000,0.28072083,-47.137512,-4.997698,-0.072330646,3.079914,-0.0015182152
74976000,0.28039438,-47.120777,-4.9977226,-0.07244016,3.0797446,-0.0015568639
74984000,0.28006056,-47.103813,-4.997747,-0.07250874,3.0795143,-0.0015686953
74992000,0.27963954,-47.089252,-4.9977674,-0.0725167,3.0793066,-0.0016400192
75000000,0.27921483,-47.074398,-4.997788,-0.072471455,3.0791535,-0.0016193824
75008000,0.2787871,-47.059265,-4.997808,-0.07236592,3.0789971,-0.00161876
75016000,0.2783566,-47.043854,-4.997828,-0.072252356,3.0788076,-0.0016101323
75024000,0.27785465,-47.030773,-4.9978642,-0.07207883,3.0786495,-0.0015786106
75032000,0.27735266,-47.01736,-4.9978995,-0.07191009,3.0784678,-0.0015459174
75040000,0.2768509,-47.003624,-4.9979343,-0.07169461,3.078297,-0.0015659179
75048000,0.2763496,-46.98957,-4.997968,-0.07143819,3.0781698,-0.00153003
75056000,0.27577242,-46.97782,-4.998015,-0.07107318,3.0780044,-0.0015991678
75064000,0.2751989,-46.965702,-4.998061,-0.07077254,3.0778623,-0.0016020475
75072000,0.27462873,-46.95322,-4.9981112,-0.070455834,3.0776932,-0.00163189
75080000,0.2740624,-46.940384,-4.9981604,-0.070045695,3.0775118,-0.0016352026
75088000,0.27348512,-46.929832,-4.998222,-0.06963115,3.0772834,-0.0016177936
75096000,0.27291238,-46.91887,-4.998283,-0.06923719,3.0771716,-0.0016505065
75104000,0.27234417,-46.907513,-4.9983425,-0.0687951,3.0770817,-0.0016806338
75112000,0.27178088,-46.895767,-4.998401,-0.06832265,3.0769553,-0.0016869231
75120000,0.27124158,-46.886288,-4.9984684,-0.067785636,3.0768058,-0.0017216274
75128000,0.27070758,-46.876366,-4.998538,-0.067182705,3.0766726,-0.0017144971
75136000,0.27017903,-46.866013,-4.998606,-0.066587836,3.0765843,-0.001673099
75144000,0.26965606,-46.855247,-4.9986725,-0.06595796,3.0764794,-0.0017255486
75152000,0.26918858,-46.84672,-4.998751,-0.06528206,3.076255,-0.0016994914
75160000,0.268726,-46.837723,-4.998828,-0.064605646,3.0761144,-0.0017002039
75168000,0.2682682,-46.828274,-4.998903,-0.063912995,3.075969,-0.0017074078
75176000,0.26781535,-46.818382,-4.998976,-0.06326015,3.0758066,-0.0016955215
75184000,0.26736718,-46.80806,-4.9990478,-0.06256822,3.0756364,-0.0016679732
75192000,0.26697508,-46.80005,-4.999135,-0.061809633,3.0754733,-0.0016197802
75200000,0.26658756,-46.79155,-4.9992204,-0.061009835,3.0753448,-0.0015399229
75208000,0.2662046,-46.78258,-4.999303,-0.060250245,3.0752017,-0.001483528
75216000,0.26582637,-46.77316,-4.999383,-0.059406385,3.0750542,-0.0014827496
75224000,0.26550466,-46.765976,-4.999485,-0.058568396,3.0748968,-0.0014353783
75232000,0.2651869,-46.758286,-4.999584,-0.057680182,3.0747728,-0.0014418424
75240000,0.26487315,-46.7501,-4.999681,-0.05687112,3.0746107,-0.001377023
75248000,0.26456293,-46.741436,-4.9997745,-0.05606973,3.074474,-0.0012980737
75256000,0.2643189,-46.73496,-4.9998784,-0.055246416,3.0743086,-0.001261001
75264000,0.2640774,-46.72795,-4.999979,-0.054360203,3.0741694,-0.0011327263
75272000,0.26383904,-46.720432,-5.0001,-0.053444315,3.073994,-0.0009751051
75280000,0.26360378,-46.712418,-5.000217,-0.05254213,3.0738308,-0.00090537075
75288000,0.26341438,-46.706562,-5.0003405,-0.05170314,3.0735917,-0.0008097935
75296000,0.2632266,-46.700165,-5.00046,-0.050860867,3.0733478,-0.00078553305
75304000,0.26304087,-46.693233,-5.000577,-0.049968608,3.0730789,-0.0007179651
75312000,0.2628575,-46.68579,-5.00069,-0.049101412,3.0728364,-0.000620113
75320000,0.26271746,-46.6805,-5.00081,-0.048190862,3.072598,-0.00053638703
75328000,0.2625791,-46.674644,-5.000929,-0.047308978,3.072395,-0.0004809029
75336000,0.2624424,-46.668243,-5.0010443,-0.04643788,3.07217,-0.0003813264
75344000,0.26230758,-46.661312,-5.001156,-0.04552991,3.0719156,-0.00029934512
75352000,0.2622317,-46.65653,-5.001258,-0.044642106,3.0716903,-0.0001715697
75360000,0.26215658,-46.651165,-5.001357,-0.04375448,3.0713878,-4.9402144e-05
75368000,0.26208213,-46.64524,-5.001452,-0.042874254,3.0710864,0.00012001652
75376000,0.26200846,-46.63878,-5.001559,-0.04204064,3.0707834,0.00019607604
75384000,0.26197803,-46.63445,-5.001655,-0.041140314,3.070522,0.0002491411
75392000,0.26194817,-46.62953,-5.0017486,-0.040240653,3.0702758,0.00034873813
75400000,0.26191857,-46.624043,-5.001838,-0.039433368,3.069992,0.00038333234
75408000,0.2618892,-46.617996,-5.0019255,-0.038563497,3.069756,0.0004361074
75416000,0.26189557,-46.61407,-5.0020056,-0.037637886,3.0693963,0.0005759679
75424000,0.26190236,-46.609547,-5.0020785,-0.036740273,3.0691068,0.00069443655
75432000,0.26190928,-46.604435,-5.0021486,-0.035899047,3.0688722,0.0007465125
75440000,0.2619164,-46.59876,-5.0022154,-0.035040826,3.0686126,0.0008445203
75448000,0.26192394,-46.59253,-5.0022798,-0.034203272,3.0683212,0.0009104766
75456000,0.26196632,-46.588474,-5.002332,-0.033340685,3.06797,0.0009845693
75464000,0.26200873,-46.583824,-5.002382,-0.032479737,3.0676029,0.0011029353
75472000,0.26205134,-46.578594,-5.0024204,-0.031639647,3.0673075,0.0012166022
75480000,0.2620938,-46.5728,-5.002457,-0.030860025,3.0670073,0.0012945469
75488000,0.26214,-46.569168,-5.002484,-0.03004936,3.0666277,0.0013896443
75496000,0.2621865,-46.564926,-5.0025086,-0.029237283,3.066304,0.0014854958
75504000,0.26223344,-46.560093,-5.0025315,-0.028423768,3.0659518,0.0016107167
75512000,0.26228067,-46.554684,-5.002552,-0.027685614,3.0656216,0.0017240854
75520000,0.2623434,-46.551422,-5.002569,-0.026864517,3.0652282,0.0018818782
75528000,0.2624069,-46.54754,-5.002587,-0.026078407,3.0648713,0.002060659
75536000,0.26247066,-46.543053,-5.002602,-0.025367137,3.0645158,0.0021701062
75544000,0.26253483,-46.537983,-5.0026155,-0.02462393,3.0641303,0.0022814425
75552000,0.26260448,-46.535038,-5.002624,-0.02385623,3.0637033,0.0024210815
75560000,0.26267505,-46.53146,-5.00263,-0.023097709,3.0633135,0.002487416
75568000,0.2627468,-46.527275,-5.0026355,-0.022319563,3.0629613,0.0025431472
75576000,0.26281938,-46.522495,-5.0026503,-0.021619413,3.0625763,0.0026731575
75584000,0.26290986,-46.51983,-5.0026426,-0.020873362,3.0621006,0.0027782978
75592000,0.26300138,-46.51653,-5.0026336,-0.020116547,3.0615902,0.0028899214
75600000,0.2630941,-46.512608,-5.0026226,-0.019361401,3.06111,0.0030118723
75608000,0.26318783,-46.50809,-5.00261,-0.018674552,3.0606494,0.0030911092
75616000,0.2632876,-46.505657,-5.00257,-0.017979456,3.0601363,0.0031749548
75624000,0.26338848,-46.502583,-5.002547,-0.017268695,3.059546,0.003314766
75632000,0.2634904,-46.498886,-5.0025225,-0.016607339,3.0590444,0.0034211425
75640000,0.2635932,-46.494583,-5.002497,-0.015967226,3.0586236,0.0034667382
75648000,0.2637075,-46.492348,-5.002452,-0.015187649,3.058044,0.0035572387
75656000,0.26382348,-46.489468,-5.0024066,-0.014522948,3.0575192,0.003594248
75664000,0.26394048,-46.48596,-5.002361,-0.013899995,3.0570016,0.0036435637
75672000,0.26405865,-46.481842,-5.002315,-0.013234543,3.0565004,0.0036657206
75680000,0.26419708,-46.47978,-5.0022583,-0.01254323,3.0559516,0.0036924444
75688000,0.26433674,-46.477066,-5.0022016,-0.011898902,3.055363,0.0036463067
75696000,0.26447743,-46.473717,-5.002146,-0.011252044,3.054784,0.0036466226
75704000,0.26461893,-46.469757,-5.00209,-0.010684981,3.0542376,0.0036223505
75712000,0.2647607,-46.465202,-5.0020347,-0.0101406835,3.053722,0.0036508057
75720000,0.26493454,-46.46275,-5.001972,-0.009499531,3.053073,0.0036510723
75728000,0.26510894,-46.45966,-5.0019116,-0.00889413,3.0524557,0.0036903908
75736000,0.26528358,-46.455948,-5.0018516,-0.008337593,3.0519037,0.0036458275
75744000,0.26545823,-46.451633,-5.0017924,-0.0077861133,3.0513067,0.0036359422
75752000,0.265663,-46.449413,-5.001732,-0.007256496,3.0506048,0.0036538974
75760000,0.2658672,-46.44655,-5.0016713,-0.006679357,3.0499053,0.0036450946
75768000,0.26607135,-46.443058,-5.0016117,-0.006107592,3.049247,0.0036345385
75776000,0.2662748,-46.438957,-5.0015492,-0.005650802,3.0486627,0.0036056591
75784000,0.2665021,-46.436943,-5.0014877,-0.0051962957,3.0479102,0.0036268653
75792000,0.2667281,-46.43428,-5.0014267,-0.0046850257,3.0471365,0.0036168545
75800000,0.26695296,-46.43099,-5.001366,-0.0042371326,3.0464408,0.00363628
75808000,0.26717648,-46.427082,-5.0013056,-0.0037618047,3.045764,0.0036661131
75816000,0.26742887,-46.42525,-5.001243,-0.0032434417,3.044945,0.0036596344
75824000,0.26767984,-46.422768,-5.0011854,-0.0027741594,3.0441825,0.003598802
75832000,0.2679292,-46.419647,-5.001128,-0.0022981386,3.0434844,0.0035172787
75840000,0.26817685,-46.415913,-5.001072,-0.0018772861,3.0427592,0.0034818621
75848000,0.26842278,-46.411575,-5.0010166,-0.0014376553,3.0421069,0.0034255593
75856000,0.2686968,-46.409363,-5.000971,-0.00097454357,3.0413013,0.0033807803
75864000,0.26896876,-46.406506,-5.0009255,-0.00055218476,3.0405564,0.003343415
75872000,0.2692386,-46.403023,-5.0008397,-0.00012049067,3.0398302,0.0033228714
75880000,0.269544,-46.4016,-5.0007596,0.00030825133,3.0389972,0.003282806
75892000,0.2698466,-46.39951,-5.0006804,0.0007201325,3.0382516,0.0032621634
75900000,0.2701462,-46.396774,-5.000603,0.0010983958,3.0374775,0.0031718535
75908000,0.2704426,-46.39341,-5.0005274,0.0014378671,3.0366518,0.0031571311
75916000,0.27076888,-46.392113,-5.000466,0.0018251652,3.0357175,0.0031150165
75924000,0.2710917,-46.390144,-5.000406,0.0021863664,3.0348322,0.0030380832
75932000,0.27141064,-46.38753,-5.00035,0.0025055422,3.0339942,0.0029413165
75940000,0.2717259,-46.384293,-5.000295,0.0028419683,3.0331972,0.0028848222
75948000,0.2720618,-46.383106,-5.000254,0.0031991976,3.032297,0.00282068
75956000,0.27239382,-46.381252,-5.0002136,0.0034840084,3.0314374,0.0027882783
75964000,0.27272195,-46.37875,-5.000174,0.0038488267,3.0305734,0.0027379142
75972000,0.27304667,-46.375618,-5.000135,0.0041550673,3.029695,0.0026596936
75980000,0.2733675,-46.37187,-5.0000973,0.0044371714,3.0288951,0.0026134686
75988000,0.27370644,-46.370228,-5.000074,0.0047515365,3.0279987,0.0025502627
75996000,0.27404156,-46.367935,-5.0000505,0.0050855605,3.0271797,0.0024945878
76004000,0.27437285,-46.365,-5.0000277,0.0053465157,3.0263133,0.0024634334
76012000,0.2747002,-46.361454,-5.000005,0.0056258515,3.025422,0.0024311529
76020000,0.27504796,-46.36,-4.9999943,0.0058961418,3.0244112,0.0023659156
76028000,0.27539128,-46.35789,-4.999979,0.00613035,3.0234427,0.0023440358
76036000,0.27573037,-46.355145,-4.9999638,0.006405883,3.0225353,0.0022702664
76044000,0.27606568,-46.351772,-4.999949,0.0067115673,3.0216699,0.0021544204
76052000,0.27640745,-46.350487,-4.9999437,0.0069281617,3.0207124,0.0020544457
76060000,0.2767448,-46.348537,-4.999939,0.007151616,3.0197616,0.0019067886
76068000,0.27707753,-46.345943,-4.999934,0.007335875,3.0188396,0.0018073162
76076000,0.2774059,-46.342724,-4.9999337,0.007550297,3.017992,0.0017064813
76084000,0.27773464,-46.341583,-4.999946,0.00779304,3.0169744,0.0016665712
76092000,0.27805907,-46.33978,-4.9999585,0.007948112,3.0159867,0.0016108148
76100000,0.2783792,-46.33733,-4.99997,0.008131426,3.015092,0.0016433352
76108000,0.27869496,-46.334248,-4.9999804,0.008262134,3.0142612,0.001613124
76116000,0.27900794,-46.33324,-4.9999976,0.008359771,3.0131912,0.0016012498
76128000,0.27931628,-46.331562,-5.0000143,0.008473644,3.0121684,0.0015708718
76132000,0.27962,-46.32924,-5.000019,0.008597119,3.0112054,0.0015499978
76140000,0.27991894,-46.326283,-5.000024,0.0086679105,3.0102854,0.0015323868
76148000,0.28019673,-46.325394,-5.0000396,0.008739514,3.00921,0.0014884258
76156000,0.2804701,-46.323837,-5.000055,0.00879102,3.0082242,0.0014193448
76164000,0.28073928,-46.321632,-5.00007,0.008889244,3.0072253,0.0013913369
76172000,0.28100416,-46.31879,-5.000084,0.008907353,3.0062897,0.0014151334
76180000,0.28126556,-46.318012,-5.000084,0.0089191655,3.00526,0.0013676732
76188000,0.28152233,-46.316566,-5.0000834,0.008915305,3.0043366,0.0012943012
76196000,0.28177446,-46.31446,-5.0000834,0.008913259,3.003385,0.0012655586
76204000,0.28202182,-46.31172,-5.000083,0.008866367,3.0024374,0.0012965931
76212000,0.28227237,-46.311043,-5.0000954,0.008929814,3.0014033,0.0013371056
76220000,0.28251857,-46.30969,-5.0001073,0.008919605,3.0003483,0.001328682
76228000,0.28276023,-46.30768,-5.0001154,0.008911639,2.999367,0.0012579879
76236000,0.28299743,-46.30503,-5.000123,0.008921383,2.9984732,0.0012431009
76244000,0.28323022,-46.301765,-5.00013,0.008903804,2.9976172,0.0011946117
76252000,0.28347257,-46.300587,-5.0001554,0.008901324,2.9966238,0.001222174
76260000,0.28371027,-46.29875,-5.00018,0.0088422485,2.995675,0.001191556
76268000,0.28394336,-46.296272,-5.0002036,0.008831227,2.994805,0.0011288977
76276000,0.28417164,-46.29317,-5.0002236,0.008802809,2.9939303,0.0011332461
76284000,0.28439796,-46.29214,-5.0002627,0.008779202,2.9929464,0.001117222
76292000,0.28462034,-46.29045,-5.000301,0.008843184,2.9919677,0.0011593978
76300000,0.28483912,-46.288113,-5.000337,0.008840048,2.9910538,0.0011716726
76308000,0.28505352,-46.28515,-5.000372,0.0087535465,2.990215,0.0012268131
76316000,0.2852653,-46.28426,-5.000423,0.00874687,2.9892163,0.001182245
76324000,0.28547347,-46.282707,-5.000473,0.008743022,2.9882822,0.0011553628
76332000,0.28567785,-46.280502,-5.0005274,0.008670291,2.9873686,0.001157353
76340000,0.28587836,-46.277668,-5.0005803,0.008643651,2.986451,0.0011891864
76348000,0.28607544,-46.2769,-5.000649,0.008676351,2.9854865,0.001167705
76356000,0.2862695,-46.275463,-5.0007157,0.008637773,2.984545,0.0011542563
76364000,0.28645998,-46.273373,-5.0007806,0.008535668,2.9836512,0.001158349
76372000,0.28664678,-46.27065,-5.0008435,0.008450223,2.9828541,0.0011941742
76380000,0.28681046,-46.269997,-5.000921,0.008410136,2.9818926,0.0012174144
76388000,0.2869718,-46.268665,-5.000996,0.00838071,2.9809353,0.0011331782
76396000,0.28713083,-46.266685,-5.00107,0.008373412,2.980034,0.0010847251
76404000,0.2872879,-46.264065,-5.0011415,0.008389902,2.979205,0.0010633456
76412000,0.2874374,-46.26351,-5.001216,0.008372773,2.978256,0.0011095763
76420000,0.28758448,-46.262283,-5.0012875,0.008316932,2.9774172,0.0011251271
76428000,0.28772965,-46.2604,-5.0013785,0.008305439,2.976562,0.0010871813
76436000,0.2878729,-46.257874,-5.0014668,0.0082340725,2.9757872,0.0010939966
76444000,0.2879897,-46.257412,-5.0015545,0.0082022995,2.9748418,0.0011258285
76452000,0.28810558,-46.256275,-5.0016394,0.008219961,2.9739842,0.0011690772
76460000,0.28822058,-46.25448,-5.0017214,0.008205231,2.9731417,0.0011849296
76468000,0.28833476,-46.252037,-5.001801,0.008175732,2.9723887,0.0012168966
76476000,0.28843483,-46.251675,-5.0018983,0.008129473,2.9714673,0.0012731222
76484000,0.28853443,-46.25063,-5.001992,0.00814252,2.9706504,0.0013396485
76492000,0.288633,-46.248924,-5.0020833,0.008087723,2.969814,0.0013792043
76500000,0.28873065,-46.246574,-5.0021706,0.008024919,2.9690254,0.001455496
76508000,0.28882742,-46.243603,-5.002255,0.007956914,2.9682968,0.0015005845
76516000,0.288895,-46.242744,-5.002341,0.0078917155,2.9674501,0.0015803559
76524000,0.28896257,-46.241222,-5.002423,0.007843461,2.9666116,0.0016570983
76532000,0.28903002,-46.23905,-5.0024986,0.0077655213,2.9658403,0.0017471578
76540000,0.28909707,-46.236248,-5.002571,0.007699602,2.965108,0.0018210628
76548000,0.2891415,-46.235558,-5.0026426,0.007644149,2.9642508,0.0018356724
76556000,0.28918552,-46.234196,-5.0027113,0.00762302,2.9634314,0.0018784406
76564000,0.2892298,-46.232185,-5.002777,0.0075012725,2.9626505,0.0019379089
76572000,0.28927383,-46.229538,-5.00284,0.007386711,2.961933,0.0020272918
76580000,0.28929663,-46.229,-5.002899,0.0072469097,2.9610183,0.0021272283
76588000,0.28931955,-46.227783,-5.0029554,0.007152875,2.960209,0.002211637
76596000,0.28934294,-46.225914,-5.003009,0.007057938,2.9594061,0.0022985134
76604000,0.2893664,-46.223408,-5.00306,0.0069204764,2.9586284,0.00240942
76612000,0.28936756,-46.223,-5.0031133,0.0068053803,2.957682,0.0024537
76620000,0.28936931,-46.221916,-5.0031643,0.0066931616,2.9568052,0.0025132347
76628000,0.2893706,-46.220173,-5.003212,0.00656992,2.9560397,0.00264973
76636000,0.28937232,-46.217793,-5.003257,0.0064660925,2.9552827,0.0027337219
76644000,0.28934246,-46.217506,-5.0032997,0.0062702307,2.9543464,0.0027887844
76652000,0.2893135,-46.21654,-5.0033402,0.0061723916,2.9534569,0.002863817
76660000,0.28928548,-46.214916,-5.003379,0.0060444283,2.952688,0.0029091851
76668000,0.28925845,-46.212646,-5.003415,0.0059402515,2.9519098,0.002958159
76676000,0.28920728,-46.21247,-5.0034375,0.005821936,2.9509575,0.003004453
76684000,0.28915733,-46.211613,-5.003458,0.005668534,2.950106,0.0031319193
76692000,0.28910854,-46.21009,-5.0034757,0.0055533545,2.9492707,0.0032597657
76700000,0.28905988,-46.207928,-5.0034914,0.0054349178,2.9484968,0.0033548593
76708000,0.2889815,-46.20784,-5.003496,0.0052503822,2.947521,0.003510997
76716000,0.2889044,-46.207073,-5.0034986,0.0050749197,2.946573,0.0036240162
76724000,0.28882888,-46.20564,-5.0034995,0.0049555767,2.9457438,0.0036876455
76732000,0.28875482,-46.20356,-5.003505,0.00477546,2.9450486,0.003729977
76740000,0.28864884,-46.203564,-5.003506,0.0045472127,2.9441288,0.0038152859
76748000,0.2885443,-46.202885,-5.0035057,0.0043522525,2.9431813,0.0038645265
76756000,0.28844127,-46.201538,-5.0035043,0.004107242,2.942395,0.00380058
76764000,0.28833923,-46.199543,-5.0035024,0.0038803983,2.9416947,0.0038092702
76772000,0.28823745,-46.19692,-5.0034995,0.0037695335,2.9409869,0.0038292294
76780000,0.28814232,-46.19351,-5.003503,0.003640208,2.9405982,0.0039514503
76788000,0.28804833,-46.189507,-5.0035043,0.0034226154,2.9402611,0.0040575415
76796000,0.28795537,-46.184925,-5.003504,0.0032660605,2.9399529,0.004189497
76804000,0.28786364,-46.17978,-5.003502,0.003096568,2.939708,0.0042005926
76812000,0.28778017,-46.173916,-5.003495,0.00296343,2.9397507,0.004215556
76820000,0.28769782,-46.16752,-5.003487,0.0028257843,2.9399223,0.0042678625
76828000,0.28761622,-46.160603,-5.0034757,0.0026491345,2.9400659,0.0043486734
76836000,0.28753388,-46.153187,-5.003463,0.0024958085,2.9402618,0.0043804566
76844000,0.2874496,-46.145115,-5.0034513,0.0023141464,2.9406989,0.0044669323
76852000,0.2873659,-46.13657,-5.0034385,0.0021440752,2.9411938,0.0045232093
76860000,0.2872827,-46.12756,-5.003424,0.0019819343,2.9417253,0.0046142037
76868000,0.28720006,-46.118103,-5.003409,0.0017849253,2.9423056,0.004627632
76876000,0.28711092,-46.10804,-5.003383,0.00157159,2.9431498,0.0045983912
76884000,0.28702208,-46.09755,-5.0033574,0.0013836939,2.9439743,0.004642599
76892000,0.28693363,-46.086647,-5.0033307,0.0012239672,2.9449089,0.004635595
76900000,0.28684562,-46.075344,-5.0033035,0.0010524757,2.9457939,0.0046261023
76908000,0.28674835,-46.063484,-5.003271,0.0009061095,2.9469094,0.004664117
76916000,0.2866516,-46.051247,-5.003238,0.0007195074,2.9481037,0.004660971
76924000,0.2865551,-46.03864,-5.003205,0.0005452195,2.949286,0.004710319
76932000,0.28645912,-46.02567,-5.003175,0.00040122663,2.950544,0.0047192154
76940000,0.2863552,-46.01218,-5.00315,0.0002323613,2.9520404,0.0047067874
76948000,0.28625172,-45.998352,-5.0031247,5.522219e-05,2.9534903,0.0046797083
76956000,0.28614846,-45.98419,-5.003099,-0.00012579493,2.9549572,0.00469768
76964000,0.2860453,-45.96971,-5.0030727,-0.0003258597,2.956439,0.0047136163
76972000,0.28592953,-45.95475,-5.0030527,-0.00049619563,2.9581003,0.00475235
76980000,0.28581187,-45.939484,-5.0030427,-0.0007239428,2.9597976,0.0047782026
76992000,0.28569445,-45.923923,-5.0030317,-0.00090356276,2.9614882,0.004771262
77000000,0.28557736,-45.908077,-5.00302,-0.0010737397,2.9630973,0.004818145
77008000,0.28544822,-45.891777,-5.0030165,-0.0012504857,2.964955,0.004857807
77016000,0.28531942,-45.87521,-5.0030117,-0.0014317044,2.9668093,0.0048815203
77028000,0.28519112,-45.858376,-5.0030055,-0.0016043935,2.968644,0.004857615
77036000,0.28506318,-45.84129,-5.0030036,-0.0017851043,2.970457,0.0048374226
77044000,0.28493533,-45.82395,-5.0030003,-0.002025651,2.9722528,0.004863162
77052000,0.28479397,-45.806194,-5.003001,-0.0022487468,2.9742744,0.0048577464
77060000,0.28465086,-45.7882,-5.0030007,-0.0024124028,2.9762273,0.004862804
77068000,0.2845082,-45.76998,-5.0029993,-0.0025912938,2.9782512,0.004877324
77076000,0.2843661,-45.75154,-5.0029964,-0.0027442328,2.9802349,0.00485327
77084000,0.2842108,-45.732716,-5.0030065,-0.0029477414,2.9823713,0.0049048713
77092000,0.28405574,-45.713684,-5.003015,-0.0031869728,2.984445,0.0048874393
77100000,0.28390068,-45.69445,-5.0030227,-0.0034104837,2.986504,0.0048754797
77108000,0.28374583,-45.67502,-5.003029,-0.0036222264,2.9885302,0.0048369966
77116000,0.28358567,-45.655228,-5.0030465,-0.0038041414,2.9906886,0.004769374
77124000,0.28342342,-45.63525,-5.0030637,-0.0040125283,2.9928024,0.0047220513
77132000,0.28326157,-45.615097,-5.003079,-0.0041966257,2.9949298,0.0047138194
77140000,0.28310004,-45.594772,-5.0031075,-0.004390911,2.9970434,0.0046531884
77148000,0.28292537,-45.574116,-5.0031466,-0.0045434935,2.9992456,0.0046196366
77156000,0.28275165,-45.553303,-5.003184,-0.0046781297,3.0014338,0.0045414907
77164000,0.28257862,-45.53233,-5.0032196,-0.004842796,3.0035481,0.0045472444
77172000,0.28240624,-45.511204,-5.003253,-0.0050254096,3.0056314,0.0045184083
77180000,0.28222334,-45.489765,-5.0032997,-0.005212158,3.0078502,0.0044562602
77188000,0.28204086,-45.468185,-5.003344,-0.0054243314,3.0100267,0.004376845
77196000,0.2818567,-45.44647,-5.0033865,-0.0055639036,3.0121713,0.004298675
77204000,0.28167328,-45.42462,-5.003427,-0.005733953,3.014272,0.0042977585
77212000,0.2814865,-45.402485,-5.003474,-0.0058802227,3.0165026,0.004216284
77220000,0.28130051,-45.380226,-5.0035195,-0.006058533,3.0186522,0.004211139
77228000,0.2811151,-45.35785,-5.003563,-0.006206219,3.0207388,0.0041826107
77236000,0.2809305,-45.335354,-5.003608,-0.006356503,3.0227683,0.0041396026
77244000,0.2807465,-45.312748,-5.003651,-0.0065376726,3.0247576,0.0041511464
77252000,0.28057384,-45.289875,-5.0037055,-0.0067366986,3.0269186,0.004138786
77260000,0.28040138,-45.266895,-5.003758,-0.006893307,3.0289745,0.004067876
77268000,0.28022704,-45.243816,-5.003808,-0.00701801,3.0309458,0.004069357
77276000,0.28006145,-45.220474,-5.003864,-0.007160534,3.0330753,0.0040650126
77284000,0.27989593,-45.19704,-5.0039377,-0.007328049,3.0351288,0.004051561
77292000,0.27973056,-45.173515,-5.0040097,-0.007469875,3.037197,0.0039916504
77300000,0.27956566,-45.149902,-5.004079,-0.0075825937,3.0391388,0.0039890977
77308000,0.27940094,-45.12621,-5.004145,-0.0077182204,3.0410151,0.003986384
77316000,0.2792517,-45.102253,-5.0042152,-0.007770619,3.0430171,0.003946502
77324000,0.2791029,-45.078224,-5.0042825,-0.0078539355,3.0450082,0.003983854
77332000,0.2789545,-45.05412,-5.0043473,-0.007910529,3.0468626,0.003952562
77340000,0.27880472,-45.029945,-5.0044103,-0.007930783,3.0487182,0.0039083497
77348000,0.27867052,-45.00554,-5.004479,-0.007999868,3.0506713,0.0038863516
77356000,0.27853644,-44.98107,-5.0045443,-0.008077724,3.0525808,0.003874652
77364000,0.2784026,-44.956535,-5.0046077,-0.0081208525,3.0544453,0.0038393692
77372000,0.278269,-44.931942,-5.0046687,-0.008201989,3.0562117,0.0038202535
77380000,0.27814296,-44.907116,-5.004725,-0.008264797,3.0580642,0.0037918142
77388000,0.278017,-44.88224,-5.004766,-0.00831688,3.0598428,0.0038274627
77396000,0.27789152,-44.85731,-5.004805,-0.008310308,3.0616004,0.003805467
77404000,0.27776465,-44.832333,-5.004842,-0.008345279,3.063321,0.0038516282
77412000,0.27764145,-44.807144,-5.0048795,-0.0083715925,3.0650709,0.003870161
77420000,0.27751857,-44.78191,-5.004915,-0.00839311,3.0667922,0.0038751126
77428000,0.27739617,-44.756634,-5.0049496,-0.008403146,3.0684626,0.0039089527
77436000,0.27727404,-44.73132,-5.00498,-0.008449903,3.0700524,0.003987896
77444000,0.2771562,-44.705803,-5.005012,-0.008425872,3.0717137,0.003991425
77452000,0.27703872,-44.68025,-5.005042,-0.00846475,3.07334,0.004034455
77460000,0.27692148,-44.65466,-5.00507,-0.00849739,3.0749037,0.0040794373
77468000,0.27680436,-44.629044,-5.0050964,-0.008550682,3.0763857,0.004125128
77476000,0.2766857,-44.603397,-5.0051203,-0.008613862,3.0777736,0.004212925
77484000,0.27658543,-44.57756,-5.005112,-0.008624105,3.0793207,0.004288424
77492000,0.27648515,-44.5517,-5.0051026,-0.008641439,3.0807722,0.004348866
77500000,0.2763848,-44.525818,-5.005092,-0.008674979,3.082187,0.00442927
77508000,0.27629268,-44.499763,-5.0050755,-0.00867711,3.083673,0.0044357474
77516000,0.27620035,-44.473694,-5.005058,-0.008708192,3.0850863,0.0044624615
77524000,0.2761079,-44.4476,-5.0050397,-0.008709989,3.0863829,0.0045125615
77532000,0.2760153,-44.421497,-5.0050206,-0.008731204,3.0876956,0.0045286473
77540000,0.27593216,-44.39525,-5.0050135,-0.008728353,3.0891018,0.0045056264
77548000,0.27584767,-44.368984,-5.0050054,-0.008715381,3.0904028,0.0045269113
77556000,0.27576315,-44.34271,-5.0049963,-0.0086953575,3.091639,0.0045275944
77564000,0.27567872,-44.316425,-5.0049863,-0.008665844,3.0927815,0.0045261607
77572000,0.27559423,-44.29013,-5.0049753,-0.008645716,3.0938563,0.0045295563
77580000,0.2754992,-44.263695,-5.0049677,-0.00864708,3.0949376,0.004531381
77588000,0.27540404,-44.237255,-5.0049767,-0.008650296,3.0960174,0.00456048
77596000,0.27530912,-44.21081,-5.004984,-0.008638809,3.0971115,0.004564877
77604000,0.2752145,-44.18436,-5.0049896,-0.008599092,3.0981295,0.0045758444
77612000,0.27509144,-44.157784,-5.004986,-0.0086620515,3.099195,0.0046410556
77620000,0.27496806,-44.131203,-5.0049806,-0.0086601535,3.100118,0.0046388623
77628000,0.27484545,-44.10462,-5.004974,-0.008663158,3.1010582,0.004629307
77636000,0.27472332,-44.078045,-5.004973,-0.008693755,3.1019092,0.0046257945
77644000,0.27456465,-44.051334,-5.0049777,-0.008765294,3.1028006,0.0046188175
77652000,0.2744068,-44.024624,-5.004981,-0.008849284,3.103638,0.0046028187
77660000,0.27424964,-43.99792,-5.004983,-0.00891973,3.104452,0.004614643
77668000,0.27409342,-43.971222,-5.004984,-0.008979013,3.1051931,0.004629735
77676000,0.273905,-43.94441,-5.0049906,-0.009073137,3.1060424,0.0046434416
77684000,0.27371746,-43.9176,-5.0050144,-0.009145128,3.1067724,0.004624082
77692000,0.2735314,-43.8908,-5.0050364,-0.009198741,3.10745,0.004616948
77700000,0.2733465,-43.86401,-5.005057,-0.009313957,3.108134,0.0046047317
77708000,0.2731233,-43.837124,-5.0050874,-0.009404246,3.108822,0.0045628385
77716000,0.272902,-43.810246,-5.0051165,-0.009491055,3.1094706,0.0045350026
77724000,0.27268252,-43.78338,-5.0051436,-0.009596541,3.1100228,0.00447925
77732000,0.27246457,-43.756523,-5.0051694,-0.009715121,3.1105795,0.0044593704
77740000,0.27219495,-43.729595,-5.0051985,-0.009859652,3.1111875,0.0044597327
77748000,0.27192777,-43.70268,-5.0052257,-0.010008689,3.11164,0.0044609527
77756000,0.27166277,-43.675777,-5.005251,-0.010164339,3.11206,0.00445265
77764000,0.2713994,-43.648888,-5.005275,-0.010415573,3.112472,0.0044250125
77772000,0.27110085,-43.621925,-5.0053144,-0.010650715,3.1129277,0.0043968786
77780000,0.27080476,-43.59498,-5.005352,-0.010802346,3.1132839,0.0043573943
77788000,0.2705113,-43.568047,-5.005375,-0.010939622,3.1135726,0.004386977
77796000,0.2702205,-43.541134,-5.005396,-0.01106617,3.113934,0.0043967394
77804000,0.26990566,-43.51414,-5.005427,-0.011219567,3.114238,0.0044091237
77812000,0.2695936,-43.487167,-5.005456,-0.011398712,3.1145196,0.004447935
77820000,0.2692842,-43.46021,-5.005483,-0.011573522,3.114792,0.0044103707
77828000,0.26897764,-43.433273,-5.005509,-0.0117266495,3.115044,0.0043978235
77836000,0.26867357,-43.406357,-5.005536,-0.011891445,3.1152518,0.0044418434
77844000,0.26835096,-43.379364,-5.00556,-0.012015331,3.1154416,0.0044485894
77852000,0.2680313,-43.352394,-5.005582,-0.012163538,3.1156025,0.004467557
77860000,0.26771432,-43.325447,-5.0056024,-0.012346265,3.1157384,0.0044868584
77868000,0.26739988,-43.29852,-5.005621,-0.01247595,3.1158063,0.0044782865
77876000,0.2670763,-43.27151,-5.005628,-0.012641516,3.1159108,0.004582196
77884000,0.26675525,-43.244526,-5.005651,-0.012833469,3.1160166,0.0046151713
77892000,0.2664368,-43.217564,-5.0056725,-0.012954316,3.1161284,0.004677227
77900000,0.26612172,-43.19062,-5.0056915,-0.013113022,3.116166,0.00471194
77908000,0.2657899,-43.163593,-5.0057073,-0.013269739,3.1162548,0.004767574
77916000,0.26546073,-43.136593,-5.005721,-0.013446148,3.1162627,0.004774028
77924000,0.26513425,-43.10961,-5.005733,-0.0136161875,3.116276,0.0047986307
77932000,0.26481032,-43.082657,-5.005744,-0.013789422,3.1161845,0.004806292
77940000,0.26447815,-43.055645,-5.0057483,-0.0139601845,3.1162548,0.0048340554
77948000,0.2641485,-43.02866,-5.005752,-0.014128975,3.1162753,0.0047975183
77956000,0.26382163,-43.001698,-5.0057545,-0.014266146,3.1162703,0.0047947527
77964000,0.26349857,-42.97476,-5.0057554,-0.014359743,3.1162193,0.004820409
77972000,0.26318127,-42.947746,-5.0057545,-0.014490832,3.1161807,0.00493168
77980000,0.26286674,-42.920765,-5.005752,-0.01460595,3.116062,0.0049550743
77988000,0.26255473,-42.893806,-5.0057173,-0.014746695,3.1159403,0.004999099
77996000,0.2622449,-42.86688,-5.0056815,-0.014936904,3.1158023,0.0050552376
78004000,0.26193765,-42.839878,-5.0056415,-0.015032404,3.1156666,0.0051102005
78012000,0.26163307,-42.81291,-5.0056005,-0.015142958,3.1155696,0.005177109
78020000,0.26133096,-42.785965,-5.005559,-0.015234473,3.115424,0.0052161915
78028000,0.26103154,-42.75905,-5.005517,-0.015285802,3.1152153,0.005251372
78036000,0.26072687,-42.732075,-5.0054893,-0.0153762335,3.11506,0.005241022
78044000,0.26042473,-42.705128,-5.0054617,-0.015470269,3.1148643,0.0052642087
78052000,0.26012543,-42.67821,-5.005433,-0.015488706,3.1146874,0.00526776
78060000,0.25982907,-42.65132,-5.005404,-0.015544001,3.1144829,0.00527946
78068000,0.2595406,-42.62437,-5.0053735,-0.015604949,3.11427,0.005334925
78076000,0.25925457,-42.597454,-5.0053425,-0.015656827,3.1140175,0.0053240587
78084000,0.25897107,-42.570564,-5.0053535,-0.015735425,3.113771,0.005336541
78092000,0.25868988,-42.5437,-5.005363,-0.015774582,3.113545,0.005309636
78100000,0.25841126,-42.516865,-5.0053716,-0.015829429,3.113309,0.005252359
78108000,0.25813305,-42.48997,-5.0053716,-0.015865287,3.1130588,0.005199558
78116000,0.25785714,-42.463108,-5.0053716,-0.01590411,3.112785,0.0051416745
78124000,0.25758407,-42.43627,-5.00537,-0.015905045,3.1124794,0.0051425733
78132000,0.25731352,-42.409466,-5.0053678,-0.015940066,3.1121655,0.005124478
78140000,0.25704432,-42.382607,-5.0053663,-0.016019817,3.1119204,0.005057011
78148000,0.2567773,-42.355774,-5.005365,-0.016067617,3.1115954,0.0049616504
78156000,0.25651258,-42.32897,-5.005363,-0.016104361,3.1112828,0.004856204
78164000,0.25625002,-42.302197,-5.0053606,-0.016155202,3.1109548,0.004863089
78172000,0.25597152,-42.27537,-5.005362,-0.016140413,3.1107175,0.0048211273
78180000,0.25569707,-42.248577,-5.0053625,-0.016186122,3.1104026,0.004775091
78188000,0.25542527,-42.221813,-5.0053678,-0.016172545,3.1100636,0.0047228364
78196000,0.2551564,-42.195072,-5.0053716,-0.016160222,3.109789,0.0047608805
78204000,0.25486943,-42.16829,-5.005377,-0.016175004,3.10948,0.0047935806
78212000,0.2545855,-42.14153,-5.005381,-0.016192453,3.1091466,0.004791545
78220000,0.2543042,-42.114803,-5.005384,-0.016279843,3.1087575,0.0048204446
78228000,0.25402564,-42.088104,-5.005386,-0.016286021,3.1083944,0.0048132637
78236000,0.25371563,-42.061348,-5.0054016,-0.016314737,3.1080897,0.00475858
78244000,0.25341046,-42.03462,-5.005417,-0.016346905,3.107718,0.0047078333
78252000,0.25310856,-42.00792,-5.0054307,-0.016385915,3.1073916,0.0047361674
78260000,0.25281003,-41.98125,-5.005443,-0.016371267,3.10703,0.0047961976
78268000,0.25247565,-41.954506,-5.0054607,-0.016444992,3.1066954,0.0048295953
78276000,0.2521451,-41.92779,-5.005477,-0.0164599,3.1063547,0.004831023
78284000,0.2518186,-41.901104,-5.00548,-0.01646914,3.1060019,0.0047818753
78292000,0.25149617,-41.87445,-5.0054817,-0.01646363,3.1056285,0.0048261583
78300000,0.25113875,-41.847736,-5.005493,-0.016518906,3.1053007,0.0048471317
78308000,0.2507856,-41.821056,-5.005503,-0.016576456,3.1049123,0.0048444727
78316000,0.25043812,-41.794403,-5.005512,-0.016583432,3.1045249,0.0048430497
78324000,0.25009504,-41.76778,-5.00552,-0.016612483,3.1041584,0.004844864
78328000,0.24953808,-41.70398,-5.0054703,-0.016606063,3.1022685,0.005049173
78336000,0.24918373,-41.677338,-5.0054746,-0.016641945,3.102028,0.005041527
78344000,0.24883357,-41.650726,-5.005478,-0.016692892,3.1016898,0.0050458815
78352000,0.24848768,-41.624146,-5.00548,-0.016688604,3.1012747,0.0050632595
78360000,0.24814591,-41.59759,-5.0054812,-0.016764838,3.100835,0.005045921
78368000,0.24777612,-41.57097,-5.0054708,-0.016876254,3.100526,0.005086532
78376000,0.24741054,-41.544376,-5.00546,-0.016941326,3.1001863,0.0050844965
78384000,0.24705055,-41.517815,-5.0054483,-0.017008858,3.099838,0.005061546
78392000,0.24669473,-41.491283,-5.005437,-0.017065145,3.0994456,0.0049900035
78400000,0.24631247,-41.464695,-5.0054064,-0.017125785,3.0990832,0.0049817306
78408000,0.24593481,-41.438137,-5.005376,-0.017198373,3.0987654,0.0049637393
78416000,0.24556178,-41.411606,-5.0053453,-0.017240249,3.098399,0.0049636634
78424000,0.24519305,-41.385105,-5.0053153,-0.017326882,3.0980291,0.0049140654
78432000,0.2447963,-41.358536,-5.00526,-0.017408954,3.0977223,0.0049131876
78440000,0.24440439,-41.331993,-5.0052056,-0.017446017,3.0973897,0.0048623397
78448000,0.24401756,-41.30548,-5.0051527,-0.017497947,3.096943,0.0047433795
78456000,0.24363676,-41.278996,-5.005101,-0.017553546,3.096573,0.0046053464
78464000,0.2432231,-41.252445,-5.0050244,-0.01762194,3.0962636,0.004657821
78472000,0.2428146,-41.22592,-5.004947,-0.017700985,3.095931,0.004995176
78480000,0.24232167,-41.201096,-5.0048985,-0.017868707,3.095852,0.005599268
78488000,0.24182163,-41.17572,-5.00481,-0.018013045,3.095762,0.0066404473
78496000,0.24134529,-41.150024,-5.0047126,-0.018106945,3.095627,0.007931798
78504000,0.24088821,-41.12411,-5.0046034,-0.018227786,3.0954146,0.009656159
78512000,0.24044831,-41.098045,-5.00448,-0.018377433,3.0950987,0.011766167
78520000,0.23999242,-41.071774,-5.004335,-0.018448032,3.0947976,0.014281617
78528000,0.23954904,-41.045433,-5.004169,-0.018536713,3.0944948,0.017241504
78536000,0.23911636,-41.019047,-5.003979,-0.018653437,3.0941157,0.020472204
78544000,0.23869315,-40.992638,-5.0037637,-0.018684123,3.093664,0.024078496
78552000,0.23827323,-40.96612,-5.0034895,-0.018711254,3.0932233,0.028141394
78560000,0.23786119,-40.93961,-5.003184,-0.018765287,3.0927343,0.032595366
78568000,0.23745635,-40.9131,-5.0028415,-0.018769663,3.0921347,0.03748702
78576000,0.23705858,-40.88661,-5.002461,-0.018746205,3.0914373,0.0425819
78584000,0.23665646,-40.860054,-5.0020146,-0.018735116,3.0907068,0.048092805
78592000,0.2362609,-40.833523,-5.0015244,-0.018694967,3.0898983,0.054047573
78600000,0.23587133,-40.80702,-5.0009875,-0.018698415,3.0889971,0.060306914
78608000,0.23548746,-40.78054,-5.0004015,-0.018710256,3.0879772,0.06691503
78616000,0.23509444,-40.754017,-4.999728,-0.018712493,3.0868752,0.073684976
78624000,0.23470713,-40.727524,-4.999014,-0.018681655,3.0856376,0.08078311
78632000,0.23432526,-40.70107,-4.9982433,-0.018665133,3.0842943,0.08826116
78640000,0.23394898,-40.674656,-4.997414,-0.018580435,3.0829022,0.096072696
78648000,0.2335639,-40.648186,-4.996467,-0.018512484,3.081421,0.10427099
78656000,0.2331844,-40.621758,-4.9954576,-0.018486958,3.0797596,0.1125251
78664000,0.23281018,-40.59537,-4.994385,-0.018451663,3.078029,0.12108505
78672000,0.23244132,-40.56903,-4.9932566,-0.01837851,3.076217,0.13002004
78680000,0.2320719,-40.542667,-4.992007,-0.018225554,3.0742202,0.1393291
78688000,0.23170818,-40.51635,-4.9906855,-0.018160917,3.072087,0.1489512
78696000,0.23134962,-40.49008,-4.9892907,-0.018141339,3.06979,0.15861605
78704000,0.23099615,-40.46386,-4.9878216,-0.018035742,3.067352,0.16855529
78712000,0.23062856,-40.43765,-4.986209,-0.01798382,3.0647907,0.1789735
78720000,0.23026861,-40.411484,-4.9845085,-0.017925357,3.0620737,0.18972543
78728000,0.2299141,-40.38537,-4.9827256,-0.017817495,3.0592449,0.20083345
78736000,0.22956528,-40.359306,-4.980859,-0.017669711,3.056224,0.21204974
78744000,0.22922203,-40.333294,-4.978907,-0.017536763,3.0530412,0.22347182
78752000,0.22885957,-40.30728,-4.976795,-0.01739247,3.049725,0.23533197
78760000,0.22850312,-40.281326,-4.974594,-0.017260589,3.0462737,0.24753325
78768000,0.22815235,-40.25542,-4.972285,-0.017167164,3.0426826,0.26011863
78776000,0.2278073,-40.229576,-4.9698815,-0.01702743,3.0389018,0.27268773
78784000,0.22746852,-40.203743,-4.9673,-0.016913561,3.0349998,0.28554234
78792000,0.22713882,-40.177967,-4.9646225,-0.016807776,3.0309737,0.29874668
78800000,0.22681452,-40.15225,-4.9618464,-0.016642338,3.0268803,0.31231627
78808000,0.22649592,-40.126587,-4.958968,-0.016456708,3.0225894,0.3261901
78816000,0.22618662,-40.100956,-4.9558945,-0.016275821,3.0182164,0.34014586
78824000,0.22588272,-40.075386,-4.9527135,-0.016119538,3.013658,0.35428545
78832000,0.22558394,-40.049877,-4.9494276,-0.015969502,3.008979,0.36881492
78840000,0.22529043,-40.02443,-4.946033,-0.015758933,3.0042498,0.3836789
78848000,0.22502598,-39.999023,-4.9424376,-0.015543185,2.999417,0.39885688
78856000,0.22476637,-39.973686,-4.9387317,-0.015334562,2.9944246,0.4138814
78864000,0.22451787,-39.948406,-4.9349165,-0.015063885,2.9893315,0.42907235
78872000,0.22427437,-39.92319,-4.9309845,-0.014808315,2.9840872,0.44445688
78880000,0.22406022,-39.89804,-4.926833,-0.0145363705,2.9786804,0.45981234
78888000,0.22385049,-39.87296,-4.9225726,-0.014278602,2.9731364,0.47485095
78896000,0.223645,-39.847942,-4.9182067,-0.014014565,2.9673977,0.48924705
78904000,0.22344378,-39.82299,-4.9137397,-0.013756215,2.9615653,0.50331897
78912000,0.22329241,-39.798115,-4.90905,-0.013441319,2.955581,0.51728994
78920000,0.22314443,-39.773304,-4.9042673,-0.013162373,2.9494007,0.53099585
78928000,0.22300854,-39.74856,-4.8993907,-0.012830131,2.9430194,0.54434985
78936000,0.22287631,-39.723892,-4.8944235,-0.012462946,2.9364245,0.5570442
78944000,0.22280416,-39.699314,-4.889242,-0.012064678,2.929637,0.5692959
78952000,0.22273448,-39.67481,-4.8839808,-0.01172817,2.922602,0.58102864
78960000,0.22266726,-39.650375,-4.878643,-0.011359547,2.9154165,0.5923782
78968000,0.22260256,-39.62602,-4.873233,-0.01103066,2.9080076,0.6032009
78976000,0.22258873,-39.601784,-4.8676357,-0.0106650535,2.900311,0.6133478
78984000,0.22257642,-39.57762,-4.8619776,-0.010291357,2.8923988,0.6230106
78992000,0.22256584,-39.55354,-4.8562603,-0.009933635,2.8843224,0.6322786
79000000,0.22256793,-39.529537,-4.8504877,-0.009525148,2.8760023,0.6410648
79008000,0.22257212,-39.505615,-4.8446627,-0.009082011,2.8674853,0.6493824
79016000,0.22259654,-39.48182,-4.838688,-0.008637705,2.8586373,0.65706456
79024000,0.22262268,-39.458107,-4.8326845,-0.008245775,2.8496072,0.6643058
79032000,0.22265027,-39.434483,-4.826641,-0.007856761,2.8404021,0.67126095
79040000,0.22267917,-39.410942,-4.8205605,-0.00751527,2.8310153,0.6778167
79048000,0.22270682,-39.38754,-4.814353,-0.0071118255,2.8214374,0.6839486
79056000,0.22273631,-39.364227,-4.808116,-0.006700464,2.8115976,0.68963444
79064000,0.22276764,-39.341003,-4.801853,-0.0063142288,2.8015566,0.6949045
79072000,0.22281392,-39.31787,-4.795554,-0.0059196455,2.7913013,0.69981927
79080000,0.22287445,-39.294888,-4.789156,-0.0055350335,2.7808053,0.7044252
79088000,0.22293608,-39.272,-4.7827415,-0.0051810606,2.770106,0.7086663
79096000,0.22299898,-39.249207,-4.776313,-0.0047914465,2.7592022,0.712418
79104000,0.22306308,-39.226505,-4.7698736,-0.0044454806,2.7481496,0.7157407
79112000,0.22316632,-39.203964,-4.763359,-0.0040312293,2.7368622,0.7188364
79120000,0.22327024,-39.18152,-4.7568407,-0.0036332929,2.7254708,0.72153705
79128000,0.22337492,-39.159176,-4.750321,-0.0032560031,2.7138216,0.7237972
79136000,0.22348003,-39.13693,-4.743803,-0.0028948286,2.7020476,0.7254679
79144000,0.22363922,-39.114857,-4.737237,-0.0024097902,2.6900291,0.7267931
79152000,0.22379854,-39.092888,-4.73068,-0.0019892778,2.6778007,0.7278028
79160000,0.22395778,-39.071022,-4.724134,-0.0015792962,2.6654239,0.7284451
79168000,0.2241171,-39.04926,-4.7175665,-0.0011447268,2.6529582,0.72873247
79176000,0.22433178,-39.027683,-4.7109866,-0.0006810978,2.6402311,0.72857624
79184000,0.22454554,-39.00621,-4.7044272,-0.0003047169,2.6274042,0.7281692
79192000,0.22475787,-38.984848,-4.6978903,8.722712e-05,2.6143897,0.7274707
79200000,0.22496918,-38.96359,-4.6913776,0.0005043045,2.6012645,0.72651577
79208000,0.22524162,-38.942524,-4.68486,0.00095664914,2.587893,0.7253612
79216000,0.2255122,-38.921566,-4.6783714,0.0013928005,2.5743372,0.72385526
79224000,0.22578092,-38.90072,-4.6719046,0.0018156894,2.5606637,0.72213644
79232000,0.22604792,-38.879982,-4.6654696,0.0022541962,2.546922,0.7201767
79240000,0.22635026,-38.859436,-4.6590486,0.0027212296,2.532997,0.7179794
79248000,0.22665039,-38.839005,-4.652662,0.0031430686,2.518902,0.71557575
79256000,0.22694816,-38.818684,-4.6463118,0.0035313906,2.5046554,0.7129493
79264000,0.22724345,-38.798473,-4.639999,0.0039010989,2.490256,0.71011275
79272000,0.22753637,-38.77838,-4.6337347,0.0042686886,2.475788,0.707025
79280000,0.2278827,-38.758484,-4.6275024,0.0046956353,2.4611278,0.7036873
79288000,0.2282258,-38.738697,-4.6213126,0.0050657475,2.4463148,0.7001022
79296000,0.22856602,-38.719032,-4.615166,0.0054988526,2.431398,0.6963734
79304000,0.22890347,-38.69948,-4.609065,0.0058723968,2.4165123,0.6923677
79312000,0.22925717,-38.680134,-4.6030126,0.0062210658,2.4013903,0.6881278
79320000,0.22960712,-38.660908,-4.597023,0.0065053813,2.3861904,0.6836907
79328000,0.22995353,-38.6418,-4.591082,0.0068457737,2.3709087,0.6790436
79336000,0.2302967,-38.622807,-4.5851917,0.0071604815,2.35552,0.6742591
79344000,0.23065165,-38.60403,-4.5793576,0.0074561904,2.340062,0.6694437
79352000,0.23102313,-38.585373,-4.573573,0.0077593587,2.3246033,0.66473556
79364000,0.23139064,-38.56683,-4.5678377,0.008029,2.3091404,0.66018605
79372000,0.2317539,-38.548405,-4.5621834,0.008226918,2.293646,0.65573204
79380000,0.23212764,-38.5302,-4.556593,0.008509457,2.2781534,0.6514287
79388000,0.2324972,-38.512115,-4.551046,0.008737664,2.2627256,0.64736366
79396000,0.23286264,-38.49414,-4.545539,0.0090011,2.247232,0.64350826
79404000,0.2332242,-38.476288,-4.5400715,0.0092627555,2.2317882,0.63975734
79412000,0.23359664,-38.45867,-4.53466,0.00945916,2.2163699,0.63630676
79420000,0.23396476,-38.44117,-4.5292826,0.0096914265,2.2009907,0.63311267
79428000,0.23434994,-38.42378,-4.5239367,0.009873682,2.185656,0.63015324
79436000,0.23473056,-38.406498,-4.518621,0.010110719,2.1704133,0.627358
79444000,0.23513705,-38.38947,-4.5133567,0.010311651,2.1551197,0.6246012
79452000,0.2355384,-38.37255,-4.50812,0.010529186,2.139923,0.62213165
79460000,0.23593491,-38.355743,-4.502909,0.010732389,2.124774,0.61990005
79468000,0.23632666,-38.339043,-4.497722,0.0109356,2.1097457,0.61783576
79476000,0.23675577,-38.322582,-4.4925523,0.011142219,2.0947099,0.6158366
79484000,0.23717913,-38.306225,-4.4874043,0.0112760225,2.079726,0.6139474
79492000,0.23761883,-38.289974,-4.482278,0.011503453,2.0648324,0.61227715
79500000,0.23805325,-38.273827,-4.47717,0.011757929,2.050009,0.6107982
79508000,0.23851152,-38.257896,-4.4720926,0.011933242,2.0352924,0.60945874
79516000,0.23896335,-38.242065,-4.4670315,0.012081591,2.0206766,0.6081454
79524000,0.23940888,-38.22634,-4.461975,0.012228524,2.0060122,0.6069913
79532000,0.23984846,-38.210716,-4.4569335,0.012414359,1.9914572,0.6059187
79540000,0.24028203,-38.195194,-4.4519057,0.012537534,1.9770015,0.6048672
79548000,0.2407498,-38.17986,-4.4469094,0.012682,1.9626096,0.60392994
79556000,0.2412108,-38.164623,-4.4419255,0.012792722,1.9482704,0.6030338
79564000,0.24168704,-38.149487,-4.436954,0.012882349,1.9339987,0.6022133
79572000,0.24215624,-38.13445,-4.431976,0.013021502,1.9198465,0.60142124
79580000,0.24265575,-38.11959,-4.4270244,0.013145556,1.9057192,0.6007155
79588000,0.24314785,-38.10483,-4.4220824,0.013279553,1.8917001,0.6000922
79596000,0.2436325,-38.090164,-4.4171495,0.0133446725,1.877802,0.5995728
79604000,0.24410968,-38.0756,-4.4122252,0.01341101,1.8639338,0.59904987
79612000,0.24461254,-38.061203,-4.4073133,0.013534759,1.8501303,0.59859675
79620000,0.24510768,-38.046906,-4.402409,0.013600662,1.8363926,0.59819543
79628000,0.24559538,-38.0327,-4.3975086,0.013720463,1.8227726,0.5978966
79636000,0.24609731,-38.01859,-4.392615,0.013728591,1.8092659,0.5976065
79644000,0.24663624,-38.004642,-4.387723,0.013790936,1.7957731,0.5972637
79652000,0.24716644,-37.99079,-4.382837,0.013815552,1.7823385,0.59699947
79660000,0.24768773,-37.977028,-4.377956,0.013848725,1.7690648,0.5968546
79668000,0.24820048,-37.963356,-4.37308,0.013883697,1.7558477,0.59674495
79676000,0.24874693,-37.949856,-4.3682027,0.013919952,1.7426908,0.59666854
79684000,0.24928404,-37.936447,-4.3633294,0.013914341,1.7296484,0.5966108
79692000,0.24981233,-37.923122,-4.358459,0.01400249,1.7167122,0.59687835
79700000,0.25033203,-37.909885,-4.353588,0.01403595,1.7039534,0.5975368
79708000,0.2509112,-37.896812,-4.348702,0.014118009,1.6912816,0.5985134
79716000,0.25148085,-37.88382,-4.3438106,0.0141857285,1.678711,0.599684
79724000,0.252041,-37.87091,-4.3389072,0.014207788,1.6662246,0.60091573
79732000,0.2525916,-37.85809,-4.3339963,0.014221044,1.6538634,0.60233
79740000,0.25317174,-37.845413,-4.3290663,0.014275754,1.6415839,0.6038598
79748000,0.25374204,-37.83282,-4.3241277,0.0143010765,1.6294018,0.60545325
79756000,0.25430253,-37.82031,-4.319179,0.014315086,1.6173756,0.6070697
79764000,0.25485346,-37.807873,-4.314221,0.014297474,1.605408,0.6085694
79772000,0.2554475,-37.795586,-4.3092513,0.0142889,1.5934206,0.61014605
79780000,0.25603098,-37.783375,-4.3042717,0.01427257,1.5815575,0.61176443
79788000,0.25660434,-37.771244,-4.299282,0.014294228,1.5697985,0.613405
79796000,0.2571677,-37.759186,-4.294282,0.014256062,1.5581341,0.6150336
79804000,0.25772086,-37.74721,-4.289273,0.014196369,1.5465232,0.61645937
79812000,0.25830063,-37.735386,-4.2842307,0.014188013,1.5349263,0.6179469
79820000,0.25886992,-37.723637,-4.27918,0.014150281,1.523425,0.61937165
79828000,0.259429,-37.71196,-4.274136,0.014094767,1.5119838,0.62089854
79836000,0.25997773,-37.700363,-4.2690835,0.0140065355,1.5006799,0.6223198
79844000,0.26054236,-37.688908,-4.263997,0.013974216,1.4893291,0.6235855
79852000,0.2610967,-37.677525,-4.2589035,0.0138924355,1.4781314,0.62493604
79860000,0.26164067,-37.666214,-4.2538023,0.01379733,1.4669867,0.626257
79868000,0.26217458,-37.654976,-4.248693,0.013718879,1.4559745,0.6275458
79876000,0.2627114,-37.643852,-4.243549,0.013611824,1.4450079,0.6288151
79884000,0.26323807,-37.6328,-4.2383986,0.013503095,1.4341094,0.6299265
79892000,0.2637545,-37.62182,-4.233242,0.013350207,1.4232945,0.63116163
79900000,0.26426074,-37.61091,-4.228079,0.013184577,1.4125332,0.63234645
79908000,0.2647553,-37.600113,-4.222885,0.013001057,1.4018166,0.63356054
79920000,0.26525745,-37.589386,-4.217685,0.012859726,1.3912139,0.63469386
79928000,0.26574972,-37.578728,-4.2124815,0.012709175,1.3806889,0.63584316
79936000,0.26623213,-37.56814,-4.207272,0.012521224,1.3702493,0.6369885
79944000,0.26668358,-37.557674,-4.2020373,0.012293242,1.3598617,0.6381197
79952000,0.26712546,-37.54728,-4.196797,0.012051567,1.3495322,0.639278
79960000,0.2675578,-37.53695,-4.191551,0.011807622,1.339295,0.6404343
79968000,0.2679808,-37.526688,-4.186299,0.011585669,1.3291317,0.6416592
79976000,0.2683721,-37.516544,-4.181018,0.011309489,1.3190374,0.64283955
79984000,0.26875436,-37.506466,-4.1757317,0.0109913405,1.3090348,0.64383453
79992000,0.26914415,-37.49645,-4.170441,0.010730571,1.2990187,0.6448582
80000000,0.26952508,-37.4865,-4.1651464,0.010453292,1.2891111,0.64591795
80008000,0.26988804,-37.476643,-4.1598344,0.010137778,1.2792716,0.6470002
80016000,0.27024195,-37.46685,-4.1545177,0.009769636,1.269536,0.6479985
80024000,0.27058676,-37.457123,-4.149197,0.009416471,1.2598091,0.6488701
80032000,0.2709226,-37.447456,-4.143876,0.009058774,1.2501664,0.6497781
80040000,0.271241,-37.43789,-4.13853,0.008673889,1.2406133,0.6506372
80048000,0.27155074,-37.42838,-4.13318,0.008325993,1.2310926,0.65162086
80056000,0.27186766,-37.41893,-4.1278267,0.007984624,1.2216597,0.65257186
80064000,0.27217618,-37.409542,-4.1224704,0.007667575,1.2122741,0.6533442
80072000,0.27250454,-37.40056,-4.117088,0.007276615,1.202937,0.65416473
80080000,0.27281612,-37.39155,-4.111709,0.0068896273,1.1937085,0.6549153
80088000,0.27311298,-37.382534,-4.1063323,0.0065338076,1.1845539,0.6557278
80096000,0.27339667,-37.373524,-4.1009564,0.0061664283,1.1754798,0.65644014
80104000,0.27367213,-37.36453,-4.095568,0.00576381,1.1664622,0.65698165
80112000,0.2739361,-37.35556,-4.090182,0.0053485306,1.1575418,0.6575916
80120000,0.27418894,-37.346626,-4.0847955,0.004837518,1.148712,0.65819806
80128000,0.27444598,-37.337734,-4.079409,0.0043904185,1.1399572,0.6588816
80136000,0.27467585,-37.328884,-4.0740113,0.0039541405,1.1312447,0.6595413
80144000,0.27489647,-37.32008,-4.068613,0.003516396,1.1225938,0.66006064
80152000,0.27510825,-37.31133,-4.063215,0.003108834,1.1140236,0.6606395
80160000,0.27531153,-37.302628,-4.057815,0.0026746173,1.105523,0.6612202
80168000,0.27551198,-37.29397,-4.052412,0.0022481242,1.0970823,0.66185665
80176000,0.275704,-37.285366,-4.0470076,0.0017997408,1.0887359,0.6623681
80184000,0.27588776,-37.276814,-4.0416026,0.0013283718,1.0804213,0.6628187
80192000,0.27607685,-37.268322,-4.036197,0.0008251592,1.0721171,0.6632975
80200000,0.2762571,-37.25988,-4.0307913,0.0002891005,1.063933,0.66380346
80208000,0.27642164,-37.251484,-4.025388,-0.0001848527,1.0558609,0.6643275
80216000,0.27657792,-37.243137,-4.019984,-0.00071821146,1.047871,0.6646988
80224000,0.276726,-37.23485,-4.0145955,-0.0012193123,1.0398861,0.6650133
80232000,0.27686584,-37.226616,-4.0092063,-0.0017654189,1.0319738,0.66541237
80240000,0.2769922,-37.2184,-4.003812,-0.002217433,1.0241256,0.6657862
80248000,0.277111,-37.210236,-3.9984164,-0.0027372437,1.0163739,0.66624975
80256000,0.27722195,-37.20213,-3.993019,-0.0032574616,1.0086781,0.6667356
80264000,0.27733824,-37.194077,-3.9876208,-0.0037644817,1.0010483,0.6670493
80272000,0.27744064,-37.186035,-3.9822488,-0.004290281,0.9934804,0.667438
80280000,0.27753535,-37.178047,-3.9768748,-0.004789803,0.98596114,0.6677489
80292000,0.2776228,-37.170116,-3.9715,-0.0052910764,0.9785382,0.6681546
80300000,0.2777026,-37.16224,-3.9661222,-0.0058439537,0.97118264,0.66856927
80308000,0.27777556,-37.154346,-3.96074,-0.0063921176,0.9639077,0.66880304
80316000,0.27784112,-37.146503,-3.955357,-0.006904744,0.9567065,0.6690853
80324000,0.27789932,-37.138718,-3.9499726,-0.0074246298,0.94953895,0.6694415
80332000,0.27795023,-37.13099,-3.9446025,-0.007963275,0.9424149,0.6698722
80340000,0.2780204,-37.123257,-3.9392276,-0.008503202,0.93543524,0.67042273
80348000,0.27808288,-37.115578,-3.9338493,-0.00901461,0.928552,0.67100954
80356000,0.27813753,-37.107952,-3.9284668,-0.009555476,0.9216624,0.67153686
80364000,0.2781845,-37.100384,-3.9230814,-0.010096057,0.9148115,0.67191124
80372000,0.2782357,-37.092804,-3.9177003,-0.0105442405,0.90797824,0.672311
80380000,0.27827954,-37.08528,-3.9123325,-0.011060457,0.9012855,0.6727872
80388000,0.27831578,-37.077812,-3.9069614,-0.01156967,0.8945641,0.67325073
80396000,0.27834457,-37.070396,-3.9015865,-0.012079332,0.8879394,0.67375785
80404000,0.27838132,-37.06297,-3.8962216,-0.012591931,0.8813462,0.67414856
80412000,0.27842164,-37.05559,-3.890854,-0.013059245,0.87484694,0.674503
80420000,0.27845454,-37.04827,-3.8854828,-0.013532363,0.8684113,0.6749327
80428000,0.2784798,-37.041004,-3.8801079,-0.014033331,0.8619971,0.67541534
80436000,0.27850062,-37.033737,-3.874751,-0.014532299,0.85567915,0.675866
80444000,0.27851394,-37.026527,-3.8693905,-0.014992861,0.8493853,0.6761798
80452000,0.27852035,-37.01937,-3.8640265,-0.015418809,0.8431008,0.6764955
80460000,0.27851987,-37.012264,-3.858659,-0.015863668,0.8368299,0.67691857
80468000,0.27851245,-37.00521,-3.8532875,-0.016329601,0.83064127,0.6773289
80476000,0.27851024,-36.99815,-3.8479366,-0.016735733,0.8244823,0.67778856
80484000,0.2785014,-36.991142,-3.8425813,-0.017144883,0.81835586,0.6780981
80492000,0.27848583,-36.984188,-3.8372223,-0.017594652,0.8122605,0.6784065
80500000,0.27846342,-36.977287,-3.831859,-0.018045321,0.8062532,0.678833
80508000,0.27845657,-36.970383,-3.8265193,-0.018474584,0.8003111,0.67919016
80516000,0.27844304,-36.96353,-3.8211744,-0.01884203,0.79436475,0.67954665
80524000,0.2784228,-36.95673,-3.815825,-0.019262416,0.7884759,0.6798748
80532000,0.27839565,-36.949986,-3.8104837,-0.019721884,0.7825756,0.68018824
80540000,0.27837205,-36.943233,-3.8051584,-0.020148477,0.77678436,0.68049735
80548000,0.27835172,-36.936535,-3.799828,-0.020491257,0.7710114,0.68088704
80556000,0.2783249,-36.929886,-3.7944918,-0.020862894,0.7651956,0.68133193
80564000,0.27829143,-36.92329,-3.78915,-0.021282159,0.7594802,0.6816599
80572000,0.2782861,-36.91668,-3.7838175,-0.021612063,0.7538286,0.681936
80580000,0.27827382,-36.910114,-3.7784803,-0.021991752,0.7482151,0.6822273
80588000,0.27825454,-36.903606,-3.7731378,-0.022302251,0.74267834,0.6826327
80596000,0.27822882,-36.897144,-3.7677894,-0.022645058,0.7371097,0.683021
80604000,0.2782279,-36.890667,-3.762455,-0.022985943,0.7316238,0.6833154
80612000,0.27821952,-36.884235,-3.7571154,-0.023353834,0.7261488,0.6836236
80620000,0.27821365,-36.87786,-3.7517707,-0.023643304,0.7206802,0.68398595
80628000,0.27820092,-36.871536,-3.7464252,-0.02391324,0.71526957,0.6843668
80636000,0.27821994,-36.865166,-3.7410817,-0.024196463,0.7098976,0.6847906
80644000,0.2782314,-36.858852,-3.7357328,-0.024489861,0.7045814,0.6850552
80652000,0.27823558,-36.852585,-3.730379,-0.024755137,0.69927615,0.6853354
80660000,0.27823293,-36.846375,-3.72502,-0.02497126,0.69394904,0.68571734
80668000,0.27824986,-36.840103,-3.7196586,-0.025244774,0.68876064,0.68608725
80676000,0.27825925,-36.833885,-3.7142916,-0.025541851,0.68358874,0.686502
80684000,0.2782611,-36.827717,-3.7089188,-0.025829526,0.67841256,0.6868385
80692000,0.2782646,-36.821606,-3.7035413,-0.026085623,0.6732195,0.68713427
80700000,0.27826643,-36.815434,-3.6981647,-0.02632134,0.66808593,0.68742853
80708000,0.27826136,-36.809315,-3.692783,-0.026538692,0.6630176,0.6878137
80716000,0.27824968,-36.80325,-3.6873956,-0.026738195,0.6579548,0.68820363
80724000,0.2782314,-36.797237,-3.6820033,-0.026961885,0.6528709,0.688444
80732000,0.27820647,-36.79128,-3.6766205,-0.027229046,0.6477859,0.68874377
80740000,0.2781916,-36.785244,-3.6712441,-0.027462479,0.642862,0.68907714
80748000,0.2781697,-36.779266,-3.6658623,-0.027743686,0.63792694,0.6894322
80756000,0.27814946,-36.77334,-3.660475,-0.027992256,0.6329839,0.68978596
80764000,0.27812263,-36.767464,-3.6550825,-0.028184136,0.628085,0.69001406
80772000,0.2780933,-36.761547,-3.6496952,-0.028384896,0.6232382,0.6902973
80780000,0.27805755,-36.755684,-3.6443071,-0.028618207,0.61843115,0.69054335
80788000,0.2780154,-36.749874,-3.6389143,-0.02882633,0.61355174,0.69088435
80796000,0.27796704,-36.744118,-3.6335156,-0.029032959,0.6087149,0.6912119
80804000,0.27790663,-36.738327,-3.6281235,-0.029269028,0.603987,0.69143796
80812000,0.27784014,-36.73259,-3.6227267,-0.029492218,0.59924346,0.69172484
80820000,0.27776775,-36.72691,-3.6173244,-0.029740337,0.59449226,0.6920219
80828000,0.2776976,-36.72128,-3.6119173,-0.029975269,0.5898212,0.69232315
80836000,0.27759746,-36.715622,-3.6065147,-0.03023323,0.58510494,0.69264287
80844000,0.27749178,-36.710022,-3.6011071,-0.030471584,0.58044356,0.69288427
80852000,0.27738097,-36.70447,-3.5956945,-0.0306879,0.5758227,0.6931423
80860000,0.27726513,-36.698975,-3.590277,-0.030902047,0.5712072,0.6934842
80868000,0.2771257,-36.693466,-3.5848536,-0.03115686,0.56661266,0.69383514
80876000,0.27698177,-36.688015,-3.579436,-0.031327955,0.56200147,0.6941873
80884000,0.27683368,-36.682613,-3.5740132,-0.031514876,0.557404,0.69441617
80892000,0.27668133,-36.677265,-3.5685854,-0.031710546,0.55274934,0.69474375
80900000,0.27650285,-36.671898,-3.5631564,-0.031953603,0.5482267,0.69511384
80908000,0.27632058,-36.666588,-3.5577216,-0.032130197,0.54366505,0.6954962
80916000,0.27613458,-36.661327,-3.552281,-0.03237642,0.5391365,0.6959004
80924000,0.27594465,-36.65612,-3.5468347,-0.032598034,0.5345885,0.69615877
80932000,0.27573738,-36.65087,-3.541403,-0.03279716,0.53010833,0.6963954
80940000,0.27552664,-36.64568,-3.5359662,-0.03303922,0.52564305,0.6966373
80948000,0.2753123,-36.640537,-3.530524,-0.033285912,0.52112573,0.69693977
80956000,0.27509454,-36.635452,-3.5250766,-0.03349205,0.51659787,0.6973
80964000,0.27487105,-36.63031,-3.519629,-0.033652302,0.5121869,0.6974876
80972000,0.27465224,-36.62522,-3.5141776,-0.03381626,0.5077953,0.6976518
80980000,0.27443004,-36.620186,-3.508741,-0.03408183,0.503373,0.6978764
80988000,0.2742044,-36.615208,-3.5032988,-0.03424397,0.4989704,0.6981565
80996000,0.2739755,-36.610275,-3.497851,-0.034509744,0.4945293,0.6984954
81004000,0.27372968,-36.605297,-3.492402,-0.034738433,0.4902389,0.69866383
81012000,0.27348083,-36.600372,-3.486949,-0.034942232,0.48591515,0.69878805
81020000,0.27322915,-36.595497,-3.4814916,-0.035152275,0.48159495,0.69897574
81028000,0.2729746,-36.590675,-3.4760294,-0.035327464,0.4772617,0.6992125
81036000,0.27270636,-36.58581,-3.470575,-0.035511877,0.4729684,0.6995042
81044000,0.27243575,-36.581,-3.465116,-0.035663996,0.46876472,0.6996245
81052000,0.2721632,-36.576244,-3.4596527,-0.03578697,0.46444893,0.6997902
81060000,0.27188864,-36.57154,-3.4541852,-0.03596689,0.4601479,0.69994617
81068000,0.27158454,-36.566814,-3.4487126,-0.03618572,0.4559708,0.7002626
81076000,0.27127838,-36.562138,-3.4432347,-0.036439978,0.45178586,0.7005229
81084000,0.27097026,-36.557518,-3.4377527,-0.03660235,0.44754323,0.70065635
81092000,0.2706604,-36.552948,-3.432267,-0.03681111,0.44329077,0.7007692
81100000,0.27030817,-36.548347,-3.4267738,-0.03707044,0.43914294,0.7010159
81108000,0.26996168,-36.5438,-3.4212763,-0.037297532,0.43499133,0.7012384
81116000,0.269614,-36.539307,-3.4157748,-0.037503485,0.43080825,0.70147836
81124000,0.2692649,-36.534866,-3.410269,-0.03776098,0.4266525,0.70168257
81132000,0.2689145,-36.530476,-3.4047813,-0.03797227,0.4224686,0.7018079
81140000,0.2685251,-36.526062,-3.3992887,-0.038169146,0.41840112,0.7020052
81148000,0.2681356,-36.5217,-3.3937917,-0.03834295,0.4142598,0.7022117
81156000,0.26774576,-36.51739,-3.38829,-0.038542207,0.41013977,0.7024802
81164000,0.26734328,-36.51308,-3.3827906,-0.0387931,0.4060084,0.70263445
81172000,0.26694018,-36.508823,-3.3772879,-0.039054167,0.40187877,0.70273495
81180000,0.26654333,-36.50462,-3.3717813,-0.039278366,0.3977624,0.702919
81188000,0.26614586,-36.500465,-3.3662705,-0.039531037,0.3936495,0.70315844
81196000,0.2657256,-36.496304,-3.3607662,-0.03975381,0.38965824,0.703431
81204000,0.26530558,-36.492195,-3.3552573,-0.039925057,0.38558713,0.7036234
81212000,0.2648855,-36.48814,-3.3497446,-0.040156413,0.38156965,0.703739
81220000,0.2644653,-36.484135,-3.3442278,-0.040347256,0.37756783,0.7039207
81228000,0.264021,-36.48012,-3.3387399,-0.04056173,0.37358832,0.70415425
81236000,0.26357734,-36.476162,-3.333247,-0.0407238,0.36962488,0.7043835
81244000,0.26313418,-36.472248,-3.327749,-0.040914357,0.3656286,0.70450836
81252000,0.26269808,-36.468388,-3.3222475,-0.041121453,0.36157352,0.7046051
81260000,0.2622624,-36.464577,-3.3167417,-0.04126012,0.35762617,0.70478666
81268000,0.26182246,-36.460754,-3.3112402,-0.04142186,0.35367715,0.705009
81276000,0.26138312,-36.45698,-3.3057342,-0.0415423,0.34966186,0.70518315
81284000,0.26094487,-36.45326,-3.3002236,-0.041610606,0.34573832,0.7052962
81292000,0.26050755,-36.44959,-3.2947094,-0.041720647,0.34181204,0.7054166
81300000,0.2600589,-36.445892,-3.2891998,-0.041859817,0.33792603,0.7055632
81304000,0.25944373,-36.440926,-3.280863,-0.042043827,0.33186388,0.7057923
81312000,0.2590028,-36.437347,-3.2753448,-0.042133592,0.3279372,0.70590967
81320000,0.25856304,-36.43382,-3.2698228,-0.042213198,0.32405612,0.7060139
81328000,0.25809544,-36.430286,-3.2643187,-0.042346433,0.3201751,0.706009
81336000,0.25762907,-36.426807,-3.2588115,-0.04247306,0.31628856,0.7059368
81344000,0.25716388,-36.42337,-3.2533026,-0.042605814,0.31244072,0.7057203
81352000,0.2566999,-36.419987,-3.2477918,-0.042710345,0.3085761,0.70561314
81364000,0.25622344,-36.41659,-3.242289,-0.04283298,0.30479822,0.7055806
81372000,0.25574848,-36.413242,-3.2367835,-0.04291113,0.3009775,0.7054711
81380000,0.25527537,-36.409943,-3.2312758,-0.042986732,0.2971088,0.70537674
81388000,0.25481057,-36.406693,-3.2257655,-0.04297413,0.29320693,0.7053824
81396000,0.25433546,-36.403442,-3.2202606,-0.043002494,0.28945398,0.7054256
81404000,0.25386253,-36.40024,-3.2147527,-0.043060083,0.28566292,0.70540166
81412000,0.25339153,-36.397087,-3.2092416,-0.04308165,0.2818764,0.70542735
81420000,0.25292274,-36.393982,-3.2037272,-0.043084744,0.27811682,0.70551974
81428000,0.252446,-36.390873,-3.198223,-0.043109488,0.27439213,0.70566267
81436000,0.2519715,-36.387817,-3.1927145,-0.04313223,0.2707107,0.70583147
81444000,0.25149924,-36.384804,-3.187202,-0.043140005,0.26694885,0.70585126
81452000,0.25102916,-36.38184,-3.1816864,-0.043145835,0.26325583,0.7058868
81460000,0.25056604,-36.37892,-3.1761992,-0.043108076,0.25966907,0.70592606
81468000,0.250106,-36.376034,-3.170705,-0.04309795,0.25606385,0.7060953
81476000,0.24964891,-36.37318,-3.165204,-0.043055117,0.25246155,0.7062835
81484000,0.24919462,-36.370365,-3.1596966,-0.043024655,0.24887976,0.7064473
81492000,0.24874975,-36.367542,-3.154207,-0.042970344,0.24530189,0.7066258
81500000,0.24830747,-36.36476,-3.1487112,-0.04287826,0.24170758,0.70679784
81508000,0.24786769,-36.362022,-3.1432095,-0.042815365,0.23817714,0.70699143
81516000,0.24743009,-36.35932,-3.1377015,-0.04279155,0.2346369,0.7072434
81524000,0.24700347,-36.356632,-3.132221,-0.042709935,0.23105003,0.7073984
81532000,0.24657905,-36.35399,-3.1267345,-0.042619564,0.22743495,0.7075348
81540000,0.24615704,-36.351387,-3.1212425,-0.04248429,0.22390163,0.7076511
81548000,0.24573746,-36.34883,-3.1157455,-0.042361576,0.22038154,0.7077734
81556000,0.24534819,-36.34628,-3.1102538,-0.04220383,0.2168634,0.7079045
81564000,0.24496113,-36.34377,-3.1047575,-0.04197767,0.21335338,0.70795184
81572000,0.24457628,-36.341305,-3.0992563,-0.041839615,0.20987082,0.70810616
81580000,0.24419308,-36.338882,-3.0937498,-0.041712,0.2064056,0.70825446
81588000,0.2438439,-36.33647,-3.088251,-0.041512772,0.2028954,0.7084049
81596000,0.24350144,-36.334106,-3.0827472,-0.04135614,0.19944973,0.7085766
81604000,0.24316068,-36.331783,-3.0772386,-0.04103417,0.19600818,0.70866877
81612000,0.24282229,-36.329502,-3.0717254,-0.040786583,0.1926096,0.70874274
81620000,0.24251,-36.327232,-3.0662215,-0.040576603,0.18923338,0.70887035
81628000,0.24219891,-36.325,-3.0607176,-0.040333226,0.18592809,0.70907867
81636000,0.241889,-36.322815,-3.0552082,-0.04011105,0.1825945,0.70926356
81644000,0.24158037,-36.320663,-3.049694,-0.0398677,0.17925566,0.70933014
81652000,0.241273,-36.318558,-3.0441754,-0.03964439,0.17594193,0.7094792
81660000,0.24100244,-36.316444,-3.038645,-0.039365925,0.17269036,0.7096349
81668000,0.24073821,-36.314373,-3.0331104,-0.039041612,0.16952208,0.70978093
81676000,0.24047509,-36.31234,-3.0275788,-0.038746547,0.16629733,0.7099698
81684000,0.24021283,-36.31035,-3.0220428,-0.03850319,0.16307831,0.7100399
81692000,0.2399982,-36.30836,-3.0164943,-0.03817508,0.15981954,0.7101054
81700000,0.23978399,-36.306416,-3.010942,-0.037834786,0.15662742,0.7102121
81708000,0.23957027,-36.30451,-3.0053852,-0.037473265,0.15343378,0.7104185
81716000,0.23935735,-36.30264,-2.9998243,-0.037123956,0.15030332,0.7105848
81724000,0.23917808,-36.30077,-2.9942498,-0.036741592,0.14718996,0.7106169
81732000,0.23900425,-36.298935,-2.9886725,-0.03634023,0.14408602,0.71070576
81740000,0.23883063,-36.297142,-2.983092,-0.035982538,0.14101352,0.71077746
81748000,0.23865736,-36.295387,-2.9775083,-0.035564516,0.13799004,0.71091497
81756000,0.23853202,-36.29364,-2.9719126,-0.03514738,0.13497391,0.71106493
81764000,0.23840652,-36.29193,-2.9663143,-0.034705535,0.13198635,0.7110982
81772000,0.23828083,-36.29026,-2.9607131,-0.03426951,0.1289918,0.7112375
81780000,0.23815523,-36.288624,-2.9551086,-0.03384464,0.12604335,0.71141773
81788000,0.23805736,-36.287003,-2.9494867,-0.033461,0.1230837,0.7116123
81796000,0.23795898,-36.28542,-2.9438615,-0.032987747,0.12015465,0.71181417
81804000,0.23786518,-36.28387,-2.938234,-0.032569285,0.117248714,0.7118762
81812000,0.237771,-36.28236,-2.932604,-0.032119285,0.11435259,0.71203655
81820000,0.23769091,-36.280853,-2.9269593,-0.031686325,0.11149407,0.71217406
81828000,0.2376102,-36.27938,-2.9213252,-0.031269357,0.10863849,0.7123474
81836000,0.23752914,-36.277946,-2.9156885,-0.030818531,0.10585358,0.71246254
81844000,0.23744793,-36.276543,-2.9100502,-0.030372059,0.103049874,0.7124848
81852000,0.23740914,-36.275158,-2.9043977,-0.029914314,0.10027031,0.7125743
81860000,0.23736961,-36.273808,-2.8987434,-0.02945356,0.097523086,0.7126609
81868000,0.23732929,-36.27249,-2.8930871,-0.028974596,0.09475898,0.71281046
81876000,0.23729312,-36.27121,-2.887429,-0.028496651,0.09200125,0.712925
81884000,0.23729412,-36.26993,-2.8817654,-0.02803401,0.08932881,0.7129256
81892000,0.23729374,-36.268684,-2.8761005,-0.02757589,0.08670408,0.7129956
81900000,0.23729216,-36.26747,-2.870434,-0.027079172,0.08404647,0.71307224
81908000,0.23728968,-36.26629,-2.8647666,-0.026582457,0.08144832,0.7131104
81916000,0.23728673,-36.26514,-2.859098,-0.026018925,0.07885333,0.7131293
81924000,0.23732232,-36.263992,-2.8534443,-0.025542412,0.0762721,0.7130565
81932000,0.23735605,-36.26288,-2.8477893,-0.025099205,0.07373308,0.71314025
81940000,0.23738806,-36.261795,-2.8421326,-0.024630217,0.07119244,0.7132691
81948000,0.23742314,-36.260742,-2.8364737,-0.024146639,0.06867706,0.71338826
81956000,0.23749845,-36.259686,-2.8308249,-0.023672359,0.0662432,0.713476
81964000,0.23757148,-36.25866,-2.8251748,-0.023198662,0.063761346,0.71344256
81972000,0.23764248,-36.257664,-2.8195298,-0.022712482,0.061317045,0.71352696
81980000,0.2377118,-36.2567,-2.8138828,-0.022208551,0.05892585,0.71357894
81988000,0.23779964,-36.255722,-2.8082438,-0.021732178,0.056533385,0.713661
81996000,0.23788536,-36.254772,-2.8026028,-0.021265006,0.054182146,0.7136838
82004000,0.2379691,-36.253857,-2.7969606,-0.020765038,0.051861662,0.713573
82012000,0.23805514,-36.252964,-2.7913177,-0.020292947,0.04956037,0.7135235
82020000,0.2381587,-36.25208,-2.7856863,-0.019787876,0.047252443,0.713518
82028000,0.23826014,-36.251217,-2.7800593,-0.019351149,0.045043524,0.7135361
82036000,0.23835912,-36.250385,-2.7744305,-0.018930363,0.04288013,0.71352196
82044000,0.23845589,-36.24958,-2.7688003,-0.018511506,0.040641062,0.71342635
82052000,0.23855136,-36.248775,-2.7631824,-0.01807254,0.038409054,0.7134096
82060000,0.23864469,-36.247997,-2.7575626,-0.01770102,0.036232047,0.7133634
82068000,0.23873565,-36.24725,-2.751941,-0.017315315,0.034113977,0.7134216
82076000,0.23882474,-36.246525,-2.7463312,-0.0168788,0.031981442,0.71348155
82084000,0.23889463,-36.245785,-2.7407176,-0.016526243,0.02987058,0.7133559
82092000,0.23896277,-36.245068,-2.735103,-0.016127327,0.027808176,0.71327853
82100000,0.23903006,-36.24438,-2.7294865,-0.015676701,0.025747905,0.7132435
82108000,0.23909615,-36.243717,-2.7238681,-0.015320545,0.023737933,0.7131807
82116000,0.23913881,-36.24304,-2.7182539,-0.01500005,0.021800457,0.7131504
82124000,0.23918006,-36.242382,-2.7126377,-0.014729167,0.019872934,0.7130793
82132000,0.23921989,-36.241753,-2.70702,-0.014447072,0.017933767,0.71305364
82140000,0.2392583,-36.24115,-2.7014003,-0.014182896,0.016007617,0.71304893
82148000,0.23927619,-36.240524,-2.695798,-0.013914098,0.014152793,0.71313465
82156000,0.23929647,-36.239925,-2.6901925,-0.013646928,0.012325606,0.71313936
82164000,0.23931587,-36.23935,-2.6845853,-0.013379482,0.010530271,0.71304995
82172000,0.2393344,-36.2388,-2.6789763,-0.013113121,0.008739818,0.7129946
82180000,0.23935205,-36.238274,-2.673365,-0.012867341,0.0069981045,0.71301275
82188000,0.23935205,-36.2377,-2.667767,-0.012630874,0.0052950927,0.71308404
82196000,0.2393515,-36.237152,-2.662166,-0.01239206,0.0036013252,0.7130918
82204000,0.2393503,-36.236626,-2.6565628,-0.012169045,0.0018729178,0.71305984
82212000,0.23934841,-36.236122,-2.650957,-0.011945471,0.0002552554,0.71304286
82220000,0.23932306,-36.235577,-2.6453693,-0.011756871,-0.0013087958,0.71305543
82228000,0.23930049,-36.235054,-2.6397855,-0.011563128,-0.0028428007,0.7131551
82236000,0.23927765,-36.23455,-2.634198,-0.011343883,-0.0043899883,0.7131918
82244000,0.23925474,-36.234074,-2.6286077,-0.011127195,-0.0059153363,0.71312
82252000,0.23920688,-36.233555,-2.6230352,-0.010962549,-0.0073753884,0.71311474
82260000,0.23915909,-36.23306,-2.6174593,-0.010813969,-0.008848856,0.7131183
82268000,0.23911113,-36.232586,-2.6118798,-0.010671152,-0.0103188865,0.7132446
82276000,0.23906328,-36.232136,-2.6063025,-0.010496502,-0.011749418,0.7132275
82284000,0.23898363,-36.23165,-2.6007369,-0.010343424,-0.013139663,0.713127
82292000,0.23890735,-36.231194,-2.595168,-0.010244044,-0.014542833,0.7131034
82300000,0.2388315,-36.230755,-2.589596,-0.010108339,-0.015868371,0.7130983
82308000,0.23875618,-36.23034,-2.5840201,-0.009982825,-0.017132547,0.7131644
82316000,0.23865296,-36.22989,-2.5784519,-0.009847356,-0.018361583,0.71315616
82324000,0.23855098,-36.22946,-2.5728884,-0.0097068455,-0.01952697,0.71316284
82332000,0.23845,-36.229057,-2.5673208,-0.009631714,-0.02073809,0.71324426
82340000,0.23834965,-36.228672,-2.5617492,-0.009531786,-0.021950075,0.7132963
82348000,0.23823014,-36.228252,-2.5561783,-0.009438006,-0.023080628,0.71345174
82356000,0.23811164,-36.227856,-2.5506032,-0.009386938,-0.024239104,0.713531
82364000,0.237997,-36.22748,-2.5450242,-0.009258114,-0.025380753,0.71349984
82372000,0.2378836,-36.227127,-2.5394535,-0.009175091,-0.026535388,0.71353626
82380000,0.23774341,-36.22675,-2.5338862,-0.009162042,-0.027620012,0.71359736
82388000,0.23760444,-36.226395,-2.5283144,-0.0091447625,-0.028669752,0.713687
82396000,0.23746656,-36.22606,-2.522739,-0.009097431,-0.029733744,0.71366215
82404000,0.23732994,-36.225742,-2.5171607,-0.009066661,-0.030795718,0.7135291
82412000,0.23715787,-36.225418,-2.5115833,-0.009029685,-0.03183598,0.713512
82420000,0.23698746,-36.225113,-2.5060027,-0.009052885,-0.03291202,0.7135139
82428000,0.23681849,-36.224827,-2.500421,-0.009071882,-0.033892162,0.71355444
82436000,0.23665369,-36.22456,-2.4948356,-0.009024119,-0.03488037,0.71358925
82444000,0.2364907,-36.224316,-2.4892473,-0.009004851,-0.035895523,0.7134413
82452000,0.23631293,-36.22404,-2.4836633,-0.008993843,-0.03683821,0.713446
82460000,0.23613693,-36.22379,-2.478076,-0.0090101035,-0.03779858,0.7134686
82468000,0.2359625,-36.223557,-2.4724848,-0.009037411,-0.038783673,0.71356404
82476000,0.23578966,-36.223343,-2.4669087,-0.009023841,-0.039711613,0.71365833
82484000,0.23560633,-36.22311,-2.4613361,-0.008981304,-0.040629223,0.7136395
82492000,0.23542494,-36.222897,-2.45576,-0.009005223,-0.041518487,0.7136112
82500000,0.23524514,-36.2227,-2.4501805,-0.009026368,-0.042421907,0.71361935
82508000,0.23506948,-36.222523,-2.444597,-0.009002258,-0.04328434,0.71376413
82516000,0.23489018,-36.222324,-2.4390392,-0.008996311,-0.044118762,0.71379906
82524000,0.23471262,-36.222145,-2.4334912,-0.009011394,-0.044972673,0.71375364
82532000,0.23453696,-36.221985,-2.427939,-0.008963196,-0.04581081,0.7137659
82540000,0.23436314,-36.221844,-2.4223826,-0.0089759,-0.04663471,0.713744
82548000,0.23417541,-36.22167,-2.4168413,-0.009042169,-0.047415588,0.7137912
82556000,0.23398958,-36.221516,-2.411295,-0.008975081,-0.048178848,0.7138668
82564000,0.23380636,-36.22138,-2.405744,-0.008890641,-0.04895752,0.7138402
82572000,0.23362736,-36.22126,-2.400206,-0.008905043,-0.049750376,0.71384335
82580000,0.23342875,-36.22111,-2.3946874,-0.008906728,-0.050478816,0.71391946
82588000,0.23323233,-36.220985,-2.389163,-0.008928245,-0.05112425,0.7139785
82596000,0.23303817,-36.220875,-2.3836334,-0.0089029195,-0.05181773,0.7139842
82604000,0.23284647,-36.22078,-2.378099,-0.00887826,-0.052540794,0.71397203
82612000,0.23263863,-36.220654,-2.3725955,-0.0089161,-0.053143267,0.71401685
82620000,0.23243314,-36.220547,-2.367086,-0.008931296,-0.053757943,0.71406764
82628000,0.2322301,-36.220455,-2.3615746,-0.0089147715,-0.05434512,0.7141852
82636000,0.23202966,-36.22038,-2.356057,-0.008867306,-0.054988965,0.7142606
82644000,0.23181176,-36.220272,-2.3505688,-0.008883636,-0.05562379,0.7141831
82652000,0.23159634,-36.22018,-2.345075,-0.008918218,-0.056229338,0.7141686
82660000,0.23138364,-36.220108,-2.339575,-0.008901084,-0.056865253,0.7141872
82668000,0.2311737,-36.22005,-2.3340695,-0.0088965,-0.057453748,0.7142749
82676000,0.23095608,-36.219955,-2.3286047,-0.008864525,-0.05798539,0.7143663
82684000,0.23074135,-36.219875,-2.3231332,-0.008875332,-0.058519363,0.7143508
82692000,0.23052935,-36.21981,-2.3176556,-0.0088328635,-0.059072617,0.7143299
82700000,0.23032045,-36.219765,-2.3121717,-0.008783638,-0.05964408,0.71435946
82708000,0.2301144,-36.219734,-2.3066812,-0.008768677,-0.060210515,0.7144601
82716000,0.22990364,-36.21967,-2.301216,-0.008744741,-0.06069538,0.71449965
82724000,0.22969595,-36.21962,-2.295757,-0.008693376,-0.061181437,0.7144117
82732000,0.229491,-36.21959,-2.2902918,-0.008695489,-0.061698735,0.7144313
82740000,0.22928871,-36.21957,-2.2848198,-0.00866871,-0.06220183,0.7144608
82748000,0.22909822,-36.219536,-2.2793722,-0.008676185,-0.06257595,0.7145799
82756000,0.22890985,-36.219513,-2.2739172,-0.008665301,-0.06300326,0.71463925
82764000,0.22872403,-36.219505,-2.268455,-0.008607807,-0.06338566,0.7145863
82772000,0.2285407,-36.219513,-2.2630074,-0.00856398,-0.06381626,0.71455276
82780000,0.22836314,-36.219498,-2.2575805,-0.00851172,-0.06420341,0.7146216
82788000,0.22818951,-36.2195,-2.2521453,-0.00842689,-0.06455615,0.71478033
82796000,0.22801854,-36.219517,-2.2467012,-0.008344319,-0.06492364,0.7149247
82804000,0.22785024,-36.219547,-2.2412496,-0.00822023,-0.06531783,0.714923
82812000,0.2276691,-36.219563,-2.2358189,-0.00815533,-0.06568034,0.71494895
82820000,0.2274906,-36.21959,-2.23038,-0.008087042,-0.06605703,0.71505374
82828000,0.22731481,-36.21963,-2.2249515,-0.008018866,-0.066455565,0.7151469
82836000,0.22714181,-36.21969,-2.2195146,-0.00791058,-0.06680787,0.7152786
82844000,0.22697337,-36.219696,-2.214096,-0.007846366,-0.06708424,0.7153317
82852000,0.22680905,-36.219723,-2.2086694,-0.0076927403,-0.06739549,0.7153697
82860000,0.22664763,-36.21976,-2.2032344,-0.0076288297,-0.06769243,0.7155008
82868000,0.22648871,-36.21981,-2.1977906,-0.0074892193,-0.06798878,0.7156758
82876000,0.22633916,-36.219826,-2.1923752,-0.0073590325,-0.0682564,0.71578664
82884000,0.22619197,-36.219852,-2.186951,-0.007294761,-0.06846883,0.71579045
82892000,0.22604698,-36.219894,-2.181519,-0.007219339,-0.068734296,0.71580505
82900000,0.22590412,-36.219948,-2.1760788,-0.0071469056,-0.06894644,0.7159013
82908000,0.2257795,-36.21996,-2.170646,-0.0069784685,-0.06911168,0.716094
82916000,0.22565722,-36.219982,-2.165204,-0.0068592937,-0.06933434,0.71618164
82924000,0.22553837,-36.22002,-2.159754,-0.0067200046,-0.06955006,0.71624345
82932000,0.2254219,-36.22007,-2.1542962,-0.0065548616,-0.06975409,0.71636295
82940000,0.22531033,-36.22008,-2.1488385,-0.0064281262,-0.06990442,0.7165242
82948000,0.22520073,-36.220104,-2.143372,-0.006331734,-0.0701249,0.7167106
82956000,0.22509296,-36.220142,-2.1378975,-0.0062142042,-0.070259154,0.71683437
82964000,0.22498748,-36.220192,-2.1324153,-0.0060210964,-0.070480585,0.7169024
82972000,0.2248845,-36.220253,-2.126926,-0.005823968,-0.070694365,0.7170438
82980000,0.22477902,-36.22028,-2.121452,-0.005703274,-0.07086291,0.7172157
82988000,0.22467549,-36.220318,-2.1159701,-0.0055925394,-0.070993006,0.71739584
82996000,0.22457531,-36.220367,-2.11048,-0.0054173223,-0.07116099,0.7175194
83004000,0.22447746,-36.220432,-2.1049829,-0.0052621257,-0.07134223,0.7175025
83012000,0.2243642,-36.220478,-2.099503,-0.0051136236,-0.07140897,0.7176043
83020000,0.22425327,-36.22053,-2.0940154,-0.005028451,-0.07152554,0.7177458
83028000,0.22414473,-36.2206,-2.0885212,-0.0048377677,-0.07162165,0.7179476
83036000,0.22403932,-36.22068,-2.0830188,-0.004614954,-0.071763985,0.71810764
83044000,0.22389899,-36.220737,-2.0775297,-0.0044897227,-0.071876235,0.7181083
83052000,0.22376178,-36.22081,-2.0720334,-0.00437761,-0.07204841,0.71822023
83060000,0.22362746,-36.22089,-2.0665295,-0.0042678025,-0.072139464,0.7183728
83068000,0.22349757,-36.220985,-2.0610173,-0.0040731207,-0.07219245,0.71863467
83076000,0.2233443,-36.221043,-2.0555172,-0.0039293044,-0.07232038,0.71872705
83084000,0.22319439,-36.22111,-2.0500102,-0.0038713869,-0.07246285,0.71874756
83092000,0.22304757,-36.221195,-2.044496,-0.0037787245,-0.07256126,0.7188433
83100000,0.222904,-36.22129,-2.0389748,-0.003656731,-0.072639406,0.7189523
83108000,0.22274384,-36.22138,-2.0334609,-0.0035454144,-0.0727162,0.7191201
83116000,0.22258729,-36.22148,-2.0279393,-0.0034477122,-0.07276874,0.7192177
83124000,0.22243421,-36.221592,-2.0224113,-0.0033328203,-0.07285201,0.71922415
83132000,0.22228567,-36.221718,-2.0168767,-0.0032345746,-0.07294805,0.7193632
83140000,0.22211844,-36.22184,-2.011354,-0.003163277,-0.07298089,0.71940756
83148000,0.22195506,-36.221977,-2.0058239,-0.0030477298,-0.07303562,0.71956015
83156000,0.22179547,-36.222126,-2.000287,-0.0029327555,-0.07314851,0.71961445
83164000,0.2216396,-36.222282,-1.9947441,-0.0028146761,-0.07325137,0.7195982
83172000,0.2214667,-36.22243,-1.989213,-0.0027471012,-0.07339923,0.71969354
83180000,0.22129768,-36.222595,-1.9836748,-0.0026452334,-0.073499225,0.7197971
83188000,0.22113249,-36.222767,-1.9781299,-0.0025294009,-0.07359437,0.7199272
83196000,0.22097136,-36.22295,-1.972578,-0.0023823974,-0.0736637,0.7199988
83204000,0.22079094,-36.223137,-1.967036,-0.002285491,-0.07376355,0.72003704
83212000,0.22061463,-36.223335,-1.9614878,-0.00219342,-0.07389838,0.7200563
83220000,0.22044264,-36.22354,-1.9559336,-0.002046299,-0.07399497,0.72009456
83228000,0.22027493,-36.22376,-1.9503806,-0.0019191683,-0.0741144,0.72019523
83236000,0.22011115,-36.223984,-1.9448211,-0.0018489095,-0.0742222,0.720272
83244000,0.21992496,-36.22421,-1.9392655,-0.0017598125,-0.074281506,0.72024965
83252000,0.21974312,-36.224445,-1.9337041,-0.0016581651,-0.07437412,0.7203368
83260000,0.21956564,-36.22469,-1.9281363,-0.0015488409,-0.074469306,0.72040427
83268000,0.21939251,-36.224945,-1.9225624,-0.0014165149,-0.07457163,0.7205117
83276000,0.21918449,-36.225163,-1.9169931,-0.0013195275,-0.07465005,0.72059166
83284000,0.21898147,-36.225388,-1.9114182,-0.0012286163,-0.07474953,0.72055864
83292000,0.21878318,-36.225624,-1.9058378,-0.0011320885,-0.074862316,0.7206168
83300000,0.21858956,-36.22587,-1.9002516,-0.0010614275,-0.07493896,0.7207268
83308000,0.2183529,-36.22609,-1.8946619,-0.0010022316,-0.074975,0.7208904
83316000,0.21812175,-36.226326,-1.8890659,-0.0008981905,-0.07502425,0.7209822
83324000,0.21789576,-36.226566,-1.8834665,-0.00091033574,-0.075127296,0.7209471
83332000,0.21767443,-36.226818,-1.8778627,-0.00088278065,-0.07522631,0.7209194
83340000,0.21741611,-36.227055,-1.8722557,-0.00082806894,-0.0752463,0.7209907
83348000,0.21716437,-36.2273,-1.8666434,-0.000775624,-0.07530651,0.721047
83356000,0.21691824,-36.22755,-1.8610265,-0.00072835933,-0.075411305,0.72099805
83364000,0.21667753,-36.22781,-1.8554058,-0.00071083184,-0.075515926,0.72092915
83372000,0.2164062,-36.22804,-1.8497889,-0.0006660459,-0.07557265,0.7209803
83380000,0.21614084,-36.22828,-1.8441671,-0.00062561437,-0.07551402,0.7210254
83388000,0.21588166,-36.228523,-1.8385407,-0.000524336,-0.075568795,0.72109014
83396000,0.21562873,-36.22878,-1.8329095,-0.00040772444,-0.07565871,0.7211491
83404000,0.215353,-36.228985,-1.8272833,-0.00033612712,-0.07558788,0.7210379
83412000,0.21508417,-36.229202,-1.8216534,-0.00027709923,-0.075608194,0.7209958
83420000,0.21482156,-36.229427,-1.8160197,-0.00021474806,-0.07556374,0.72098213
83428000,0.2145648,-36.229664,-1.8104019,-0.00018042879,-0.075579055,0.7209985
83436000,0.2143137,-36.229904,-1.8047798,-0.0001578214,-0.07563082,0.7209871
83444000,0.21403252,-36.23011,-1.7991809,-0.00011041703,-0.07564602,0.7209125
83452000,0.21375744,-36.230328,-1.7935777,-0.00011053224,-0.075648256,0.7208711
83460000,0.21348852,-36.230553,-1.78797,-4.2751104e-05,-0.075605296,0.72079194
83468000,0.21319324,-36.230743,-1.7823826,-9.223066e-05,-0.07553564,0.72077113
83476000,0.21290413,-36.230946,-1.7768241,-6.749479e-05,-0.07550378,0.72076476
83484000,0.21262194,-36.231155,-1.7712604,-4.6916386e-05,-0.07545334,0.72060364
83492000,0.21234608,-36.231373,-1.7656918,-1.3351542e-05,-0.07540425,0.72051346
83500000,0.21207622,-36.2316,-1.7601181,1.560431e-05,-0.07537417,0.7204734
83508000,0.21178971,-36.231785,-1.7545706,4.6732806e-05,-0.07528333,0.72043896
83516000,0.2115095,-36.231976,-1.7490171,7.142857e-05,-0.07521972,0.7203907
83524000,0.21123557,-36.232178,-1.7434583,0.00012271568,-0.0751177,0.7202652
83532000,0.21096809,-36.232388,-1.7378945,0.00021124097,-0.075060844,0.72019655
83540000,0.21068306,-36.232563,-1.732364,0.00020192652,-0.07497563,0.7201456
83548000,0.21040417,-36.232742,-1.7268273,0.00020187217,-0.074865736,0.7201372
83556000,0.21013209,-36.232933,-1.7212844,0.00027935073,-0.074785605,0.72008365
83564000,0.20986648,-36.23313,-1.7157359,0.00033160584,-0.074687935,0.7199755
83572000,0.20959754,-36.233284,-1.7102249,0.00038823043,-0.07454181,0.71987385
83580000,0.20933504,-36.233448,-1.7047074,0.0004700207,-0.074438974,0.71984196
83588000,0.20907894,-36.233616,-1.6991833,0.00058588013,-0.07431729,0.7198185
83596000,0.20882928,-36.233795,-1.693653,0.00068245095,-0.07415758,0.7197971
83604000,0.20856123,-36.23395,-1.6881589,0.0007665106,-0.073963195,0.71965265
83612000,0.20829956,-36.234116,-1.6826582,0.0008156381,-0.07384151,0.71965116
83620000,0.2080441,-36.234287,-1.6771501,0.0008749839,-0.07369978,0.7197213
83628000,0.20779563,-36.23447,-1.6716524,0.0010149652,-0.0736281,0.71980006
83636000,0.20751096,-36.23462,-1.6661807,0.001111289,-0.073498376,0.7197898
83644000,0.20723334,-36.234776,-1.6607018,0.0011828397,-0.07338796,0.7196755
83652000,0.20696285,-36.23494,-1.6552157,0.0013099621,-0.07327542,0.7196091
83660000,0.20669942,-36.235115,-1.6497227,0.0014266782,-0.0731713,0.7196019
83668000,0.20639597,-36.23526,-1.6442475,0.0014865304,-0.07301615,0.71964186
83676000,0.2061001,-36.235413,-1.6388111,0.0015932631,-0.07279599,0.71961075
83684000,0.20581168,-36.235573,-1.6333667,0.0016584239,-0.07264538,0.7194547
83692000,0.20553082,-36.23574,-1.6279148,0.0017085363,-0.07247907,0.7194011
83700000,0.20522639,-36.235886,-1.6224786,0.0017694368,-0.07226993,0.71938264
83708000,0.20492968,-36.23604,-1.6170336,0.0018701032,-0.07211456,0.719448
83716000,0.20464072,-36.2362,-1.6115799,0.0020024143,-0.072014906,0.7194584
83724000,0.20435944,-36.23637,-1.6061178,0.0021164073,-0.071862385,0.719426
83732000,0.20405614,-36.236534,-1.6006763,0.0022532686,-0.07168191,0.7194245
83740000,0.20376089,-36.236706,-1.595226,0.0023522356,-0.07147212,0.71944666
83748000,0.20347334,-36.236885,-1.5897669,0.0024633992,-0.071355104,0.7195655
83756000,0.2031933,-36.237076,-1.5842991,0.0025578474,-0.07123309,0.7196127
83764000,0.20292138,-36.23727,-1.5788231,0.002684824,-0.071092576,0.7196374
83772000,0.11686415,-75.70312,-1.5733678,0.002773131,-0.07097083,0.7197163
83780000,0.116608374,-75.703316,-1.5679038,0.0029069628,-0.07088666,0.7197801
83788000,0.11635922,-75.703514,-1.562431,0.0029962852,-0.07077968,0.719928
83796000,0.11611692,-75.70373,-1.5569493,0.0031612515,-0.070643,0.72000027
83804000,0.11598715,-75.70748,-1.5514851,0.003270208,-0.07057296,0.719989
83812000,0.11586047,-75.71115,-1.5460126,0.0033855948,-0.07049576,0.72005767
83820000,0.11573667,-75.71472,-1.5405316,0.003466251,-0.070410155,0.72013664
83828000,0.115615696,-75.7182,-1.5350417,0.0035629342,-0.070354454,0.72038037
83836000,0.11553388,-75.72445,-1.5295649,0.0036741185,-0.070321605,0.7205834
83844000,0.11545388,-75.73054,-1.5240788,0.0037932708,-0.07029305,0.72068113
83852000,0.1153753,-75.73646,-1.5185845,0.0038571116,-0.070275806,0.7208242
83860000,0.115298405,-75.742226,-1.5130811,0.0039956276,-0.0702457,0.7210492
83868000,0.11534436,-75.750496,-1.5076022,0.0040834066,-0.07013111,0.7213714
83876000,0.11538821,-75.758545,-1.5021291,0.00418677,-0.06991654,0.7216698
83884000,0.11542969,-75.76637,-1.4966456,0.0042360807,-0.06970241,0.7218696
83892000,0.11546928,-75.77399,-1.4911529,0.0043791863,-0.069415085,0.7220573
83900000,0.115508854,-75.784164,-1.4856765,0.004452287,-0.069072224,0.722364
83908000,0.11554635,-75.79407,-1.4801891,0.0045316373,-0.068678014,0.7227366
83916000,0.115581945,-75.80369,-1.474691,0.004617767,-0.06815363,0.7230295
83924000,0.11561575,-75.81304,-1.4691894,0.0047026137,-0.06756659,0.72315305
83932000,0.11571775,-75.82486,-1.4636976,0.0046956073,-0.06685174,0.72334343
83940000,0.11581515,-75.83634,-1.458196,0.00472014,-0.066024594,0.7235455
83948000,0.115908496,-75.8475,-1.4526849,0.004783072,-0.06507154,0.72379
83956000,0.11599831,-75.858345,-1.4471647,0.004922675,-0.06398834,0.7238751
83964000,0.11616805,-75.87154,-1.4416499,0.0049260235,-0.062771946,0.72386676
83972000,0.11633164,-75.88435,-1.4361273,0.0049921144,-0.061342124,0.7239009
83980000,0.11648932,-75.896805,-1.430597,0.0050549833,-0.059774596,0.72397816
83988000,0.116641164,-75.90889,-1.4250585,0.0050794994,-0.058019638,0.72409797
83996000,0.116864674,-75.92329,-1.4195073,0.005064617,-0.05606791,0.72413224
84004000,0.11707959,-75.93727,-1.4139498,0.0050222916,-0.05392068,0.7239634
84012000,0.11728643,-75.950836,-1.4083873,0.0050641373,-0.051556602,0.7237967
84020000,0.11748585,-75.964,-1.4028201,0.005089417,-0.04895597,0.72353315
84028000,0.117677845,-75.97677,-1.3972543,0.005107497,-0.04613798,0.72332007
84036000,0.11791722,-75.991875,-1.3916746,0.005005353,-0.04309464,0.7230303
84044000,0.11814742,-76.00652,-1.3860921,0.004965205,-0.039814305,0.72257215
84052000,0.11836895,-76.02073,-1.3805071,0.0049550096,-0.036351793,0.7221939
84060000,0.11858195,-76.0345,-1.3749198,0.0049035666,-0.032540165,0.72178435
84068000,0.11883304,-76.050514,-1.3693236,0.004843621,-0.028548671,0.7213513
84076000,0.11907445,-76.06603,-1.3637261,0.0048101065,-0.024254138,0.72086376
84084000,0.11930632,-76.08107,-1.358128,0.004742533,-0.019667083,0.72027314
84092000,0.119529374,-76.095634,-1.3525296,0.004784586,-0.014771184,0.7196803
84100000,0.11979159,-76.11236,-1.346923,0.004745015,-0.009566134,0.7189866
84108000,0.120043956,-76.128555,-1.3413172,0.004740863,-0.0041461578,0.718321
84116000,0.12028722,-76.14423,-1.3357128,0.004744962,0.0015947314,0.71754533
84124000,0.1205215,-76.15942,-1.3301111,0.004738557,0.007640438,0.7165883
84132000,0.120797195,-76.17672,-1.3245062,0.0046642306,0.0139594255,0.71573436
84140000,0.12106248,-76.19346,-1.3189048,0.004635657,0.02065104,0.71475035
84148000,0.12131773,-76.209656,-1.3133072,0.004572791,0.027675064,0.71380776
84156000,0.12156331,-76.22531,-1.3077135,0.0045425864,0.03509754,0.7128534
84164000,0.12183625,-76.243095,-1.3021286,0.0044831317,0.04276761,0.711719
84172000,0.12209899,-76.26029,-1.2965491,0.004465548,0.05075828,0.71059805
84180000,0.12235241,-76.27691,-1.2909751,0.0044666776,0.05907144,0.7094819
84188000,0.12259572,-76.29295,-1.2854066,0.0044132704,0.067733586,0.7083318
84196000,0.122904636,-76.31109,-1.2798464,0.004434524,0.07680993,0.70721585
84204000,0.12320314,-76.328606,-1.2742922,0.004471996,0.086202964,0.7059882
84212000,0.12349149,-76.34551,-1.2687445,0.0044236206,0.09593174,0.7048129
84220000,0.1237694,-76.361824,-1.263203,0.0043499754,0.10604774,0.7036202
84228000,0.124111876,-76.380165,-1.2576972,0.004320387,0.11653429,0.7024296
84240000,0.12444288,-76.39785,-1.2521973,0.004307405,0.12736097,0.701194
84248000,0.1247625,-76.41491,-1.246704,0.004262176,0.13851003,0.6998378
84256000,0.1250691,-76.43134,-1.2412174,0.0042623095,0.15005754,0.6986088
84264000,0.12537079,-76.44977,-1.235762,0.004202228,0.16199565,0.6973293
84272000,0.12566175,-76.467514,-1.2303126,0.0041337945,0.1742689,0.6961531
84280000,0.12594233,-76.484604,-1.2248746,0.004102873,0.18696986,0.6950923
84288000,0.12624761,-76.4994,-1.2138911,0.004221172,0.21341881,0.6932726
84296000,0.12651037,-76.5151,-1.2084676,0.0042556175,0.22706567,0.6923721
84304000,0.12678875,-76.53278,-1.2030661,0.004235212,0.24111685,0.69146335
84312000,0.12705751,-76.54978,-1.1976677,0.0042162635,0.25546867,0.69055915
84320000,0.12731686,-76.56611,-1.1922721,0.0041974704,0.27019346,0.68977445
84328000,0.12756272,-76.58177,-1.1868844,0.0041713305,0.28522348,0.6890578
84336000,0.12781727,-76.59938,-1.18152,0.004084719,0.300653,0.6883735
84344000,0.12806214,-76.61628,-1.1761569,0.0040294533,0.31638283,0.6876747
84352000,0.12829766,-76.632484,-1.1707944,0.003951471,0.33238387,0.6871324
84360000,0.12852417,-76.648,-1.1654316,0.0038923419,0.34869862,0.6867384
84368000,0.1287435,-76.66542,-1.1600987,0.0037337614,0.36530337,0.68642807
84376000,0.12895323,-76.68211,-1.1547738,0.0035759672,0.38220945,0.6861417
84384000,0.12915407,-76.69809,-1.1494462,0.0035134065,0.39941782,0.6858999
84392000,0.12934653,-76.71336,-1.1441153,0.0034138055,0.41685033,0.6858031
84400000,0.12950769,-76.7305,-1.138803,0.003308994,0.43457237,0.68579066
84408000,0.12966083,-76.74689,-1.1334858,0.0031597125,0.45254412,0.6857855
84416000,0.12980594,-76.76254,-1.1281638,0.0029937667,0.47077265,0.6857363
84424000,0.12994333,-76.77749,-1.1228373,0.002861297,0.48921582,0.6857707
84432000,0.13006768,-76.79429,-1.117539,0.0026277502,0.5079316,0.68594635
84440000,0.1302004,-76.8152,-1.1123,0.0023698374,0.52696896,0.6861889
84448000,0.13031942,-76.83411,-1.1070364,0.0021753763,0.5461401,0.68655485
84456000,0.13042536,-76.85417,-1.1017649,0.0018614094,0.56558156,0.68688446
84464000,0.13051943,-76.87263,-1.0964754,0.0015820677,0.5851425,0.6872824
84472000,0.13060315,-76.88968,-1.0911771,0.0013339017,0.6049018,0.68777025
84480000,0.1306774,-76.90548,-1.0858636,0.0011063763,0.6248135,0.68828344
84488000,0.13073863,-76.92284,-1.080553,0.00085561536,0.6450318,0.68886566
84496000,0.13079089,-76.93908,-1.0752292,0.00053836254,0.66538876,0.6893411
84504000,0.13083485,-76.954285,-1.0698932,0.0003002643,0.68580246,0.6898681
84512000,0.1308711,-76.968544,-1.0645455,5.082434e-05,0.7063448,0.6904717
84520000,0.13088803,-76.984474,-1.059213,-0.00024503458,0.72717875,0.69114745
84528000,0.13089737,-76.99948,-1.0538677,-0.0005383324,0.74812543,0.69196016
84536000,0.13089964,-77.013596,-1.0485097,-0.00079120847,0.76916724,0.6926842
84544000,0.13089514,-77.02688,-1.0431405,-0.0010522061,0.7902808,0.6933416
84552000,0.13088414,-77.039345,-1.03776,-0.0012897347,0.81154805,0.69410986
84560000,0.13084415,-77.0536,-1.0324016,-0.0016260382,0.83301127,0.69491047
84568000,0.13079756,-77.06701,-1.0270387,-0.0019585188,0.85454214,0.69574666
84576000,0.130745,-77.07962,-1.0216633,-0.0022120853,0.87621045,0.6965839
84584000,0.1306868,-77.09145,-1.0162755,-0.0024727897,0.8979559,0.69742966
84592000,0.13061507,-77.105064,-1.0109138,-0.0027334937,0.9197974,0.698251
84600000,0.13053796,-77.11787,-1.0055391,-0.0029921713,0.94176054,0.69917625
84608000,0.1304557,-77.12987,-1.0001506,-0.0032633527,0.9638132,0.700142
84616000,0.13036859,-77.141106,-0.9947483,-0.0034834885,0.9859043,0.7011303
84624000,0.13024944,-77.154106,-0.9893574,-0.0037803366,1.0081947,0.7020747
84632000,0.13012566,-77.16629,-0.9839526,-0.0041027376,1.030543,0.7030695
84640000,0.12999743,-77.1777,-0.97853357,-0.0043576453,1.052876,0.7041219
84648000,0.12986544,-77.18832,-0.9731001,-0.004578646,1.075245,0.7051809
84656000,0.1296922,-77.2007,-0.9676735,-0.0048873723,1.0977632,0.70615697
84664000,0.12951556,-77.212265,-0.96223277,-0.005168303,1.1203072,0.70718867
84672000,0.1293359,-77.223045,-0.95677775,-0.0054617114,1.1428928,0.7082427
84680000,0.12915297,-77.23304,-0.9513084,-0.0057548294,1.1654338,0.70935094
84688000,0.12892117,-77.24479,-0.94584435,-0.0060383948,1.1880558,0.7105159
84696000,0.1286873,-77.25573,-0.9403655,-0.0063692518,1.2107192,0.71154356
84704000,0.12845126,-77.26587,-0.9348728,-0.0066877846,1.2333863,0.71254736
84712000,0.12821326,-77.27522,-0.9293663,-0.0069762697,1.2560496,0.7135602
84720000,0.12793054,-77.28633,-0.9238625,-0.007273442,1.2787844,0.71465653
84728000,0.12764664,-77.296616,-0.9183437,-0.0076131737,1.3014535,0.71582097
84736000,0.12736158,-77.30611,-0.9128104,-0.007879284,1.3241674,0.71685857
84744000,0.12707593,-77.31481,-0.9072636,-0.008135257,1.3468747,0.71783376
84752000,0.12675087,-77.32527,-0.90172774,-0.008483682,1.3696011,0.71889436
84760000,0.12642515,-77.33491,-0.8961776,-0.00877938,1.392288,0.71995676
84768000,0.12609912,-77.34374,-0.89063746,-0.009077549,1.4149312,0.72107273
84776000,0.12577292,-77.3518,-0.8850829,-0.009323854,1.4375302,0.7219642
84784000,0.12540479,-77.3616,-0.8795394,-0.009628067,1.4601343,0.72294396
84792000,0.12503687,-77.37059,-0.87398106,-0.009907163,1.4826667,0.72397476
84800000,0.12466931,-77.37877,-0.8684082,-0.010230953,1.5051268,0.7250001
84808000,0.124302015,-77.38617,-0.8628208,-0.010494767,1.5275757,0.7260196
84816000,0.123935126,-77.3928,-0.8572199,-0.010798021,1.5499125,0.72688687
84824000,0.12351751,-77.40123,-0.85163015,-0.011144171,1.5722276,0.727805
84832000,0.12310075,-77.40885,-0.8460267,-0.011460714,1.5944575,0.7287094
84840000,0.12268465,-77.41568,-0.8404098,-0.0118279755,1.6166512,0.72963387
84848000,0.122269064,-77.42175,-0.8347793,-0.012169804,1.6386538,0.7305778
84856000,0.12179961,-77.429596,-0.82915795,-0.01257229,1.6606723,0.7313697
84864000,0.12133104,-77.43664,-0.82352394,-0.01299464,1.6825923,0.73222893
84872000,0.120863445,-77.442894,-0.81787974,-0.013374574,1.7043762,0.7330724
84880000,0.12039693,-77.44838,-0.81222266,-0.013738141,1.7260926,0.7339373
84888000,0.11986959,-77.45564,-0.8065716,-0.014136333,1.7476566,0.734744
84896000,0.11934396,-77.462105,-0.8009081,-0.014574674,1.769149,0.73549163
84904000,0.118820004,-77.46778,-0.79523253,-0.014946023,1.790602,0.73622674
84912000,0.11829813,-77.47268,-0.78954506,-0.0152938105,1.8119191,0.7369718
84920000,0.117709935,-77.47937,-0.78387016,-0.015762595,1.8331187,0.7376813
84928000,0.1171237,-77.48526,-0.77818286,-0.016272452,1.8541805,0.7384779
84936000,0.1165396,-77.49036,-0.77248377,-0.016689349,1.8751298,0.7390813
84944000,0.11595811,-77.49468,-0.76677424,-0.017064102,1.8959512,0.7396238
84952000,0.11529069,-77.5008,-0.7610721,-0.017541634,1.9165627,0.7401789
84960000,0.11462669,-77.50611,-0.7553592,-0.01799736,1.9370656,0.74082357
84968000,0.11396602,-77.510635,-0.749635,-0.018472873,1.9574788,0.7414666
84976000,0.11330887,-77.5144,-0.7439004,-0.018866083,1.9777454,0.7419705
84984000,0.112556994,-77.51996,-0.73815984,-0.019420277,1.9979161,0.74245125
84992000,0.111809514,-77.52472,-0.7324099,-0.019890174,2.017873,0.74290144
85000000,0.11106662,-77.52869,-0.726651,-0.020374732,2.0377185,0.7433428
85008000,0.110328175,-77.5319,-0.72088295,-0.020828461,2.0574458,0.7438722
85016000,0.10951075,-77.53692,-0.7151074,-0.021321215,2.076972,0.7442943
85024000,0.10869873,-77.54114,-0.7093238,-0.021842478,2.0963619,0.7446356
85032000,0.10789186,-77.54458,-0.70353246,-0.022339314,2.1156108,0.7449778
85040000,0.10709061,-77.54726,-0.6977337,-0.022737361,2.134635,0.74530935
85048000,0.10623263,-77.55176,-0.69193196,-0.023283955,2.1534555,0.74564606
85056000,0.10538026,-77.55546,-0.68612295,-0.023814714,2.1721342,0.7459231
85064000,0.104533225,-77.55838,-0.6803073,-0.02435351,2.1907187,0.7461845
85072000,0.10369169,-77.56055,-0.6744853,-0.02483473,2.2091036,0.74639565
85080000,0.10285593,-77.56197,-0.6686572,-0.025267106,2.227287,0.74664366
85088000,0.10195555,-77.56528,-0.6628317,-0.025760371,2.245224,0.746878
85096000,0.10106169,-77.5678,-0.65700024,-0.026215427,2.2630324,0.7470674
85104000,0.10017437,-77.56957,-0.65116334,-0.026690992,2.2807186,0.7471551
85112000,0.0992936,-77.5706,-0.64532167,-0.027061613,2.2982335,0.747243
85120000,0.09835135,-77.57352,-0.63948417,-0.02756681,2.3155396,0.7473803
85128000,0.09741607,-77.575645,-0.6336412,-0.02800204,2.3326511,0.7475411
85136000,0.09648834,-77.57703,-0.62779343,-0.028403388,2.349596,0.7475381
85144000,0.09556792,-77.577675,-0.62194186,-0.028781855,2.3663244,0.7475511
85152000,0.094572626,-77.58021,-0.61609983,-0.029289,2.3828406,0.74752855
85160000,0.09358544,-77.58196,-0.61025375,-0.029703459,2.3992035,0.7475576
85168000,0.09260656,-77.58297,-0.60440373,-0.030071547,2.4153636,0.74752074
85176000,0.09163628,-77.583244,-0.59855014,-0.03040613,2.4313798,0.7474546
85184000,0.09060816,-77.58541,-0.59271675,-0.030767214,2.447054,0.7472659
85192000,0.08958938,-77.586815,-0.58688045,-0.031122461,2.4625592,0.7470924
85200000,0.08857992,-77.58746,-0.58104175,-0.031440817,2.4779458,0.7468762
85208000,0.08757993,-77.58738,-0.57520044,-0.031715352,2.4931815,0.74671423
85216000,0.08652347,-77.5892,-0.56938094,-0.03205333,2.5081348,0.7463363
85224000,0.08547696,-77.590256,-0.56356245,-0.03239029,2.522913,0.74605614
85232000,0.08444083,-77.59057,-0.5577418,-0.03261206,2.5374866,0.7457692
85240000,0.08341502,-77.59014,-0.55191916,-0.032894358,2.5519075,0.74552834
85248000,0.08233266,-77.591644,-0.5461084,-0.03315456,2.5660136,0.74522185
85256000,0.08126175,-77.59237,-0.540296,-0.033389665,2.580037,0.7448647
85264000,0.08020238,-77.59236,-0.53448254,-0.033554677,2.5938256,0.7444967
85272000,0.07915471,-77.59162,-0.52868134,-0.0337282,2.6074266,0.74418604
85280000,0.07805244,-77.592804,-0.5228872,-0.033873312,2.6207516,0.7439086
85288000,0.07696314,-77.59323,-0.51709056,-0.034020577,2.6338556,0.7436531
85296000,0.07588628,-77.59291,-0.5112924,-0.03415992,2.6468806,0.74324095
85304000,0.07482216,-77.59187,-0.50549364,-0.0342686,2.6596844,0.74282
85312000,0.07369646,-77.59277,-0.4997154,-0.034428105,2.672155,0.74247444
85320000,0.07258449,-77.59292,-0.49393892,-0.034496002,2.6845,0.7421795
85328000,0.07148665,-77.59232,-0.4881603,-0.03453416,2.6966445,0.7419188
85336000,0.070403,-77.59101,-0.4823799,-0.034523435,2.7086897,0.7415198
85344000,0.069333695,-77.589,-0.47659892,-0.034469984,2.7205927,0.741078
85352000,0.06819629,-77.58899,-0.47083372,-0.034491867,2.732167,0.7407191
85360000,0.06707407,-77.58824,-0.46506727,-0.034492288,2.7435675,0.7403314
85368000,0.06596737,-77.58678,-0.45929968,-0.0344182,2.7547052,0.7399416
85376000,0.06487646,-77.58461,-0.4535312,-0.034304593,2.7657547,0.73951966
85384000,0.06370427,-77.58447,-0.4477681,-0.03434771,2.7764268,0.73895305
85392000,0.062548764,-77.58359,-0.44200504,-0.034255896,2.7869544,0.73849267
85400000,0.061410487,-77.582,-0.43624157,-0.034132507,2.7973063,0.7381609
85408000,0.060289342,-77.579704,-0.43047702,-0.033986647,2.8074617,0.73773885
85416000,0.05908508,-77.57944,-0.42472136,-0.033948105,2.817297,0.7372299
85424000,0.0578991,-77.57844,-0.41897476,-0.03379882,2.8269436,0.73671645
85432000,0.056731828,-77.57673,-0.4132281,-0.033613168,2.8364367,0.736292
85440000,0.05558339,-77.57432,-0.40748096,-0.03334295,2.845762,0.7359151
85448000,0.054359317,-77.573944,-0.40173352,-0.03320474,2.85475,0.73549753
85456000,0.053154822,-77.57284,-0.39598662,-0.033021808,2.8636186,0.73494816
85464000,0.05197006,-77.57102,-0.3902408,-0.032806043,2.8724005,0.7344232
85472000,0.050804757,-77.56851,-0.38449538,-0.032582358,2.8810077,0.7339791
85480000,0.049557734,-77.56805,-0.378761,-0.03241394,2.8892343,0.7335436
85488000,0.04833134,-77.56686,-0.37302673,-0.03221873,2.8972719,0.73312306
85496000,0.04712558,-77.56496,-0.36729288,-0.031975523,2.9051795,0.7326035
85504000,0.045940332,-77.56237,-0.36156,-0.03170125,2.9130502,0.7321277
85512000,0.044685245,-77.561844,-0.35584015,-0.031461686,2.9204729,0.7316324
85520000,0.043451924,-77.56059,-0.3501212,-0.031195581,2.927771,0.73112017
85528000,0.042240113,-77.55863,-0.34440297,-0.030899705,2.9349089,0.73068166
85536000,0.041050024,-77.55598,-0.3386855,-0.03052173,2.9419315,0.730135
85544000,0.03980758,-77.555405,-0.3329916,-0.030211724,2.9485426,0.72958255
85552000,0.03858768,-77.55411,-0.32729858,-0.029854465,2.955059,0.7290692
85560000,0.03739009,-77.5521,-0.32160622,-0.029507607,2.961469,0.7286131
85568000,0.036214724,-77.54941,-0.3159141,-0.029085683,2.9677818,0.72820854
85576000,0.03499305,-77.54881,-0.3102402,-0.02869778,2.9736543,0.7276979
85584000,0.03379482,-77.547485,-0.30456722,-0.028234504,2.979398,0.7271743
85592000,0.032619916,-77.545456,-0.29889458,-0.027794743,2.9851017,0.72676176
85600000,0.031468134,-77.54275,-0.29322213,-0.027285123,2.9906576,0.72635007
85608000,0.030339379,-77.53937,-0.28754967,-0.026777118,2.9961057,0.72592896
85616000,0.02916044,-77.53813,-0.2818948,-0.026209302,3.001168,0.72531676
85624000,0.028005805,-77.536194,-0.27625465,-0.025702585,3.0061762,0.72478694
85632000,0.026875135,-77.53357,-0.27061468,-0.025115665,3.011106,0.72435975
85640000,0.02576865,-77.53028,-0.2649746,-0.024483703,3.0158784,0.72395974
85648000,0.024613934,-77.52914,-0.2593394,-0.023852067,3.0201874,0.72361785
85656000,0.023484843,-77.52728,-0.25370395,-0.023175398,3.0244675,0.72316825
85664000,0.022380786,-77.52475,-0.24806894,-0.022547921,3.02867,0.7227495
85672000,0.021301884,-77.52155,-0.24245577,-0.021784818,3.0327585,0.7223418
85680000,0.020209916,-77.51761,-0.2368382,-0.021114822,3.036983,0.72198325
85688000,0.0191431,-77.51303,-0.23121946,-0.020376049,3.041172,0.72170246
85696000,0.018101411,-77.50785,-0.22559978,-0.019621497,3.045269,0.7213379
85704000,0.017084768,-77.50207,-0.21997978,-0.018856106,3.0493042,0.720938
85712000,0.016061716,-77.49561,-0.21435322,-0.01809973,3.0533946,0.7205799
85720000,0.01506379,-77.4886,-0.20873035,-0.0172647,3.0574112,0.72024894
85728000,0.014091101,-77.48104,-0.20310642,-0.016424423,3.0613728,0.720003
85736000,0.013143326,-77.472946,-0.19748141,-0.015564788,3.065236,0.71969736
85744000,0.0121801505,-77.46424,-0.19186653,-0.014730554,3.0691285,0.7193044
85752000,0.0112420805,-77.45503,-0.18625088,-0.013848373,3.0728757,0.719048
85760000,0.010329198,-77.44534,-0.18063365,-0.012913527,3.076576,0.71882933
85768000,0.009441356,-77.43517,-0.17501472,-0.011983785,3.0802596,0.71866745
85776000,0.008526283,-77.42446,-0.16939257,-0.0111372825,3.0839689,0.718347
85784000,0.0076362574,-77.4133,-0.16377012,-0.01021547,3.0875587,0.7180143
85792000,0.006771175,-77.4017,-0.1581466,-0.00929596,3.0910883,0.71778786
85800000,0.0059306365,-77.38968,-0.15252198,-0.008394541,3.0945396,0.71756554
85808000,0.005064852,-77.37718,-0.14689626,-0.007506859,3.0980058,0.7174194
85816000,0.004223912,-77.36427,-0.14126901,-0.006565384,3.1013646,0.71718556
85824000,0.0034079594,-77.35098,-0.13564609,-0.0055814777,3.1046088,0.7168911
85832000,0.0026167205,-77.33731,-0.13002223,-0.0046209637,3.107786,0.7166599
85840000,0.0017942627,-77.323204,-0.12438917,-0.0036844467,3.1109753,0.71645105
85848000,0.0009967092,-77.30875,-0.11875473,-0.002733651,3.1140447,0.7162627
85856000,0.0002239257,-77.29393,-0.11311945,-0.0017446248,3.1170294,0.71599555
85864000,-0.00052399444,-77.27878,-0.1074837,-0.0007023314,3.1199238,0.7157148
85872000,-0.0012471769,-77.2633,-0.10184765,0.00033604517,3.1226075,0.7154269
85880000,-0.0020042337,-77.247444,-0.09619002,0.0013001927,3.1253834,0.71527463
85888000,-0.0027365817,-77.23128,-0.09053145,0.00231585,3.1280289,0.71513623
85896000,-0.003443923,-77.214806,-0.08487241,0.0033742099,3.1305494,0.7148843
85904000,-0.004126722,-77.198044,-0.07921381,0.0043698056,3.1329608,0.71454984
85912000,-0.004829332,-77.18093,-0.07353236,0.005349814,3.1353452,0.71426964
85920000,-0.0055073574,-77.16354,-0.067851886,0.006370377,3.137573,0.713993
85928000,-0.00635111,-77.14556,-0.062730804,-0.088021226,3.3030033,0.43447044
85936000,-0.008329411,-77.125374,-0.060959905,-0.1855522,3.4670398,0.15502355
85944000,-0.010073228,-77.10399,-0.060880587,-0.0713836,3.613042,-0.13219967
85952000,-0.011353271,-77.08179,-0.06193514,-0.07296526,3.6138096,-0.12845579
85960000,-0.012630288,-77.05936,-0.06293465,-0.07452391,3.6144736,-0.11809024
85968000,-0.013902374,-77.036705,-0.0638289,-0.07563904,3.6151502,-0.10087002
85976000,-0.015380125,-77.01357,-0.06482275,-0.076611675,3.61614,-0.079083204
85984000,-0.016844945,-76.990234,-0.065620646,-0.07720657,3.6170955,-0.053804576
85992000,-0.018294485,-76.96669,-0.06619762,-0.07749689,3.6179163,-0.025781352
86000000,-0.019727303,-76.942955,-0.06653561,-0.077634886,3.6185317,0.0041066683
86008000,-0.021273747,-76.91867,-0.06699772,-0.077827886,3.6192932,0.035045743
86016000,-0.022803158,-76.894035,-0.067490384,-0.079528816,3.666552,-0.010153103
86024000,-0.02435907,-76.868996,-0.06812239,-0.08849995,3.6759138,0.00013694353
86032000,-0.02572662,-76.843544,-0.06913483,-0.035886515,3.730472,-0.10602361
86040000,-0.026998075,-76.817375,-0.07075493,-0.03709974,3.7301602,-0.077216744
86048000,-0.028253876,-76.79106,-0.07212567,-0.03662454,3.7311878,-0.050635003
86056000,-0.029462717,-76.76458,-0.07330795,-0.030652361,3.7370772,-0.03536329
86064000,-0.030502139,-76.73782,-0.07453172,0.0016577478,3.766811,-0.0673441
86072000,-0.031428616,-76.71032,-0.07628073,0.017036472,3.784648,-0.07285017
86080000,-0.032272015,-76.68255,-0.078064516,0.01988978,3.8030403,-0.07893531
86088000,-0.033070445,-76.654526,-0.07984692,0.021820147,3.8212078,-0.08417625
86096000,-0.033832632,-76.62624,-0.08163783,0.02377412,3.838861,-0.088136174
86104000,-0.034537837,-76.59763,-0.08336252,0.0309204,3.8526587,-0.08609998
86112000,-0.035181146,-76.568794,-0.08507545,0.03314051,3.8704164,-0.0901297
86120000,-0.035795894,-76.53971,-0.08679402,0.033776097,3.8874156,-0.092708796
86128000,-0.036386505,-76.5104,-0.0885092,0.03470499,3.9042854,-0.09528471
86136000,-0.036941398,-76.48086,-0.09021877,0.03788435,3.920729,-0.09731072
86144000,-0.037429594,-76.45095,-0.091924295,0.043281674,3.9348333,-0.095917426
86152000,-0.037850875,-76.420845,-0.0935944,0.04800512,3.9501424,-0.09743948
86160000,-0.03823485,-76.390526,-0.09526403,0.05011407,3.9662054,-0.09967641
86168000,-0.038569767,-76.36,-0.09692313,0.056268588,3.9798388,-0.098522075
86176000,-0.03877376,-76.32914,-0.09856622,0.06102015,3.9947548,-0.100339964
86184000,-0.038935274,-76.29809,-0.10021061,0.06495489,4.0103354,-0.10239567
86192000,-0.03903901,-76.26684,-0.10184334,0.07174684,4.023268,-0.100964695
86200000,-0.03907263,-76.23542,-0.10344356,0.076974586,4.0374703,-0.102756016
86208000,-0.03903709,-76.20368,-0.10504748,0.08313823,4.0500383,-0.10116734
86216000,-0.03893028,-76.171776,-0.10661808,0.0890468,4.063912,-0.1029144
86224000,-0.03876993,-76.1397,-0.108206525,0.09475964,4.0783696,-0.10473367
86232000,-0.038535886,-76.10747,-0.10976365,0.10332503,4.088316,-0.10079071
86240000,-0.038242918,-76.07495,-0.11130592,0.1083217,4.1032076,-0.104040645
86248000,-0.03788016,-76.04229,-0.11281724,0.11706298,4.1124516,-0.099459656
86256000,-0.037448313,-76.00948,-0.11431074,0.122562215,4.12657,-0.102107786
86264000,-0.036944404,-75.97655,-0.11576767,0.131568,4.134909,-0.09678626
86272000,-0.03634743,-75.943344,-0.117188185,0.13824077,4.145851,-0.09535304
86280000,-0.035666224,-75.91003,-0.1185687,0.14608786,4.158046,-0.09591335
86288000,-0.034912035,-75.876564,-0.11993486,0.1546973,4.1676607,-0.091811344
86296000,-0.034074645,-75.842995,-0.12125234,0.16301312,4.1795616,-0.09161879
86304000,-0.03314287,-75.80918,-0.12251091,0.1716617,4.1874156,-0.08517218
86312000,-0.03212845,-75.77526,-0.12373127,0.18127781,4.1982384,-0.08185333
86320000,-0.031027148,-75.74123,-0.12489258,0.19027413,4.2074637,-0.07696726
86328000,-0.029840171,-75.707085,-0.12600535,0.20039782,4.219998,-0.07468041
86336000,-0.028549438,-75.67272,-0.12705699,0.21069102,4.2282004,-0.06655109
86344000,-0.027168615,-75.63826,-0.12804116,0.22070217,4.2379565,-0.060100693
86352000,-0.025674073,-75.6037,-0.1289588,0.23114002,4.2478585,-0.05313229
86360000,-0.024084369,-75.56903,-0.12980478,0.2420722,4.2580023,-0.045405656
86368000,-0.022372534,-75.53419,-0.13054463,0.25161156,4.2638836,-0.033894736
86376000,-0.020571187,-75.49925,-0.13119614,0.2635498,4.279726,-0.028630428
86384000,-0.018675871,-75.46421,-0.13176425,0.2717482,4.2840667,-0.014331036
86392000,-0.016714992,-75.42909,-0.13220486,0.27832246,4.291119,0.0029098946
86400000,-0.014674627,-75.393875,-0.13252182,0.28973052,4.3112206,0.0075293737
86408000,-0.012519187,-75.358505,-0.13270569,0.29403853,4.31095,0.026501635
86416000,-0.010336632,-75.32312,-0.13274044,0.29152048,4.311671,0.03972974
86424000,-0.008166044,-75.28775,-0.13265742,0.2821707,4.305011,0.055996303
86432000,-0.006091213,-75.25237,-0.13247973,0.26940563,4.3046546,0.065899566
86440000,-0.0040282947,-75.21698,-0.1320955,0.26648304,4.294983,0.09003385
86448000,-0.0019175862,-75.18154,-0.13155733,0.2781808,4.317767,0.09690776
86456000,0.0002657133,-75.14602,-0.13089879,0.28381592,4.3080516,0.12357468
86464000,0.0024946418,-75.11054,-0.13004467,0.2876243,4.3096824,0.13872124
86472000,0.0047279224,-75.07502,-0.12900405,0.2863504,4.308092,0.15508965
86480000,0.0069598802,-75.039505,-0.12779596,0.28587544,4.3080926,0.17798202
86488000,0.009271438,-75.00403,-0.1263695,0.2920122,4.2986565,0.20554891
86496000,0.011634125,-74.96852,-0.124784574,0.295449,4.303017,0.22246498
86504000,0.013982777,-74.93306,-0.122920364,0.29709554,4.2978554,0.24628067
86512000,0.016349718,-74.89763,-0.12085751,0.29885015,4.2910786,0.27168715
86520000,0.018741034,-74.862274,-0.11857706,0.30310008,4.2767363,0.30182526
86528000,0.021159507,-74.82699,-0.11606869,0.30252102,4.2786307,0.32405484
86536000,0.023488741,-74.79177,-0.11323334,0.30429113,4.27217,0.35371986
86544000,0.025838535,-74.75659,-0.1101542,0.3061261,4.265611,0.38516003
86552000,0.028212875,-74.72147,-0.10681705,0.30980694,4.2580643,0.4185146
86560000,0.030615455,-74.686424,-0.10320382,0.31119034,4.240144,0.4556641
86568000,0.033208065,-74.6505,-0.10122119,0.44467035,4.7921553,-0.537137
86576000,0.03188345,-74.60565,-0.11759147,-0.77369004,5.9458346,-3.1150768
86584000,0.025614193,-74.5574,-0.14205821,-0.76334876,5.8960977,-3.0618975
86592000,0.019412547,-74.509476,-0.16607748,-0.75829875,5.8627024,-3.0025322
86600000,0.013182829,-74.46196,-0.18942685,-0.75598776,5.8400106,-2.939249
86608000,0.0069748093,-74.41458,-0.21226926,-0.7547411,5.8240423,-2.8740308
86616000,0.000783956,-74.3673,-0.23459415,-0.75353044,5.8123183,-2.8078933
86624000,-0.0053875144,-74.32011,-0.25639468,-0.7517564,5.8035965,-2.7410724
86632000,-0.011533821,-74.27296,-0.27768362,-0.74899423,5.796974,-2.673756
86640000,-0.017646054,-74.225845,-0.29843915,-0.7450391,5.7917213,-2.6058676
86648000,-0.023714796,-74.17877,-0.3186543,-0.7397797,5.787393,-2.5371046
86656000,-0.029729692,-74.13172,-0.3383218,-0.73321533,5.783532,-2.467333
86664000,-0.035681244,-74.084694,-0.3574329,-0.72552055,5.7797728,-2.3964171
86672000,-0.041561473,-74.0377,-0.37602764,-0.71695495,5.7756763,-2.3240798
86680000,-0.047365442,-73.99073,-0.3940431,-0.70792454,5.771058,-2.2503743
86692000,-0.0530909,-73.943794,-0.4114681,-0.6987509,5.7656565,-2.1753564
86696000,-0.05873842,-73.896904,-0.4282922,-0.6898319,5.7592607,-2.0990496
86704000,-0.065768875,-73.84878,-0.4459945,-0.6829097,5.7529325,-2.0224059
86712000,-0.07271129,-73.80073,-0.46304768,-0.6769862,5.745288,-1.9450173
86720000,-0.07956537,-73.75273,-0.47953546,-0.6718299,5.7368226,-1.8670355
86728000,-0.086486295,-73.70522,-0.4949425,-0.66932046,5.725978,-1.7882491
86736000,-0.093360566,-73.65783,-0.5096912,-0.6682093,5.714631,-1.7098895
86744000,-0.100200236,-73.61054,-0.52378684,-0.66855675,5.703225,-1.6322231
86752000,-0.10701663,-73.56338,-0.53723687,-0.6700938,5.6919336,-1.5554965
86760000,-0.11381956,-73.51631,-0.55005,-0.6726831,5.681071,-1.4798385
86768000,-0.12071801,-73.46961,-0.5618806,-0.67611545,5.6704865,-1.4049499
86776000,-0.12761511,-73.423004,-0.5730986,-0.6799125,5.6608458,-1.3314605
86784000,-0.13451296,-73.37649,-0.58371496,-0.683645,5.6521482,-1.2591336
86792000,-0.14141065,-73.330055,-0.59373975,-0.6870184,5.6444836,-1.1879921
86800000,-0.14840767,-73.28396,-0.6027728,-0.68978447,5.6375546,-1.117217
86808000,-0.15539384,-73.23792,-0.61123395,-0.6915397,5.6316123,-1.0471455
86816000,-0.16236116,-73.19194,-0.6191278,-0.692057,5.626559,-0.9774335
86824000,-0.16929987,-73.14601,-0.62646645,-0.6911885,5.6222515,-0.9078503
86832000,-0.1763543,-73.10037,-0.6328245,-0.6890658,5.618014,-0.83755773
86840000,-0.1833575,-73.05478,-0.63861877,-0.68557936,5.6140156,-0.7666828
86848000,-0.19030006,-73.00922,-0.6438439,-0.6808697,5.609976,-0.69505066
86856000,-0.19717357,-72.9637,-0.6484936,-0.67511356,5.6056013,-0.62258136
86864000,-0.2041554,-72.91845,-0.6521563,-0.66878814,5.60049,-0.54865015
86872000,-0.2110547,-72.873245,-0.6552398,-0.66199243,5.5945435,-0.47370666
86880000,-0.21786791,-72.828094,-0.6577298,-0.6545707,5.5871468,-0.39826238
86888000,-0.22458947,-72.78301,-0.6596243,-0.64631456,5.5774364,-0.32282
