timestamp,x_true,y_true,z_true,vx_true,vy_true,vz_true
6596000,1.2913587e-18,-9.073049e-19,0.013002187,0.0,0.0,0.0
6616000,1.2913587e-18,-9.073049e-19,0.013002187,0.0,0.0,0.0
6636000,1.2913587e-18,-9.073049e-19,0.013002187,0.0,0.0,0.0
6656000,1.2913587e-18,-9.073049e-19,0.013002187,0.0,0.0,0.0
6676000,1.2913587e-18,-9.073049e-19,0.013002187,0.0,0.0,0.0
6696000,1.3574478e-18,-6.6271234e-19,0.013001186,3.3044581e-18,1.2229629e-17,-5.0088052e-05
6716000,1.3574478e-18,-6.6271234e-19,0.013001186,0.0,0.0,0.0
6736000,1.3574478e-18,-6.6271234e-19,0.013001186,0.0,0.0,0.0
6756000,1.3574478e-18,-6.6271234e-19,0.013001186,0.0,0.0,0.0
6776000,1.3574478e-18,-6.6271234e-19,0.013001186,0.0,0.0,0.0
6796000,1.3574478e-18,-6.6271234e-19,0.013001186,0.0,0.0,0.0
6816000,1.3574478e-18,-6.6271234e-19,0.013001186,0.0,0.0,0.0
6836000,1.3574478e-18,-6.6271234e-19,0.013001186,0.0,0.0,0.0
6856000,1.3574478e-18,-6.6271234e-19,0.013001186,0.0,0.0,0.0
6876000,1.3574478e-18,-6.6271234e-19,0.013001186,0.0,0.0,0.0
6896000,1.3574478e-18,-6.6271234e-19,0.013001186,0.0,0.0,0.0
6916000,1.3574478e-18,-6.6271234e-19,0.013001186,0.0,0.0,0.0
6936000,1.3574478e-18,-6.6271234e-19,0.013001186,0.0,0.0,0.0
6956000,1.3574478e-18,-6.6271234e-19,0.013001186,0.0,0.0,0.0
6976000,1.3574478e-18,-6.6271234e-19,0.013001186,0.0,0.0,0.0
6996000,1.3574478e-18,-6.6271234e-19,0.013001186,0.0,0.0,0.0
7016000,1.3574478e-18,-6.6271234e-19,0.013001186,0.0,0.0,0.0
7036000,1.3574478e-18,-6.6271234e-19,0.013001186,0.0,0.0,0.0
7056000,1.3574478e-18,-6.6271234e-19,0.013001186,0.0,0.0,0.0
7076000,1.3574478e-18,-6.6271234e-19,0.013001186,0.0,0.0,0.0
7096000,1.3574478e-18,-6.6271234e-19,0.013001186,0.0,0.0,0.0
7116000,1.3574478e-18,-6.6271234e-19,0.013001186,0.0,0.0,0.0
7136000,1.3574478e-18,-6.6271234e-19,0.013001186,0.0,0.0,0.0
7156000,1.3574478e-18,-6.6271234e-19,0.013001186,0.0,0.0,0.0
7176000,1.3574478e-18,-6.6271234e-19,0.013001186,0.0,0.0,0.0
7196000,1.3574478e-18,-6.6271234e-19,0.013001186,0.0,0.0,0.0
7216000,1.3574478e-18,-6.6271234e-19,0.013001186,0.0,0.0,0.0
7236000,1.3574478e-18,-6.6271234e-19,0.013001186,0.0,0.0,0.0
7256000,1.3574478e-18,-6.6271234e-19,0.013001186,0.0,0.0,0.0
7276000,1.3574478e-18,-6.6271234e-19,0.013001186,0.0,0.0,0.0
7296000,1.3574478e-18,-6.6271234e-19,0.013001186,0.0,0.0,0.0
7316000,1.3574478e-18,-6.6271234e-19,0.013001186,0.0,0.0,0.0
7336000,1.3574478e-18,-6.6271234e-19,0.013001186,0.0,0.0,0.0
7356000,1.3574478e-18,-6.6271234e-19,0.013001186,0.0,0.0,0.0
7376000,1.3574478e-18,-6.6271234e-19,0.013001186,0.0,0.0,0.0
7396000,1.3574478e-18,-6.6271234e-19,0.013001186,0.0,0.0,0.0
7416000,1.3574478e-18,-6.6271234e-19,0.013001186,0.0,0.0,0.0
7436000,1.3574478e-18,-6.6271234e-19,0.013001186,0.0,0.0,0.0
7456000,1.3574478e-18,-6.6271234e-19,0.013001186,0.0,0.0,0.0
7476000,1.3574478e-18,-6.6271234e-19,0.013001186,0.0,0.0,0.0
7496000,1.3574478e-18,-6.6271234e-19,0.013001186,0.0,0.0,0.0
7516000,1.3574478e-18,-6.6271234e-19,0.013001186,0.0,0.0,0.0
7536000,1.3574478e-18,-6.6271234e-19,0.013001186,0.0,0.0,0.0
7556000,1.3574478e-18,-6.6271234e-19,0.013001186,0.0,0.0,0.0
7576000,1.3574478e-18,-6.6271234e-19,0.013001186,0.0,0.0,0.0
7596000,1.3574478e-18,-6.6271234e-19,0.013001186,0.0,0.0,0.0
7616000,1.4321959e-18,-5.6837575e-19,0.013000185,3.737402e-18,4.716829e-18,-5.0048428e-05
7636000,1.4321959e-18,-5.6837575e-19,0.013000185,0.0,0.0,0.0
7656000,1.4321959e-18,-5.6837575e-19,0.013000185,0.0,0.0,0.0
7676000,1.4321959e-18,-5.6837575e-19,0.013000185,0.0,0.0,0.0
7696000,1.4321959e-18,-5.6837575e-19,0.013000185,0.0,0.0,0.0
7716000,1.4321959e-18,-5.6837575e-19,0.013000185,0.0,0.0,0.0
7736000,1.4321959e-18,-5.6837575e-19,0.013000185,0.0,0.0,0.0
7756000,1.4321959e-18,-5.6837575e-19,0.013000185,0.0,0.0,0.0
7776000,1.4321959e-18,-5.6837575e-19,0.013000185,0.0,0.0,0.0
7796000,1.4321959e-18,-5.6837575e-19,0.013000185,0.0,0.0,0.0
7816000,1.4321959e-18,-5.6837575e-19,0.013000185,0.0,0.0,0.0
7836000,1.4321959e-18,-5.6837575e-19,0.013000185,0.0,0.0,0.0
7856000,1.4321959e-18,-5.6837575e-19,0.013000185,0.0,0.0,0.0
7876000,1.4321959e-18,-5.6837575e-19,0.013000185,0.0,0.0,0.0
7896000,1.4321959e-18,-5.6837575e-19,0.013000185,0.0,0.0,0.0
7916000,1.4321959e-18,-5.6837575e-19,0.013000185,0.0,0.0,0.0
7936000,1.4321959e-18,-5.6837575e-19,0.013000185,0.0,0.0,0.0
7956000,1.4321959e-18,-5.6837575e-19,0.013000185,0.0,0.0,0.0
7972000,1.4321959e-18,-5.6837575e-19,0.013000185,0.0,0.0,0.0
7992000,1.4321959e-18,-5.6837575e-19,0.013000185,0.0,0.0,0.0
8012000,1.4321959e-18,-5.6837575e-19,0.013000185,0.0,0.0,0.0
8032000,1.4321959e-18,-5.6837575e-19,0.013000185,0.0,0.0,0.0
8052000,1.4321959e-18,-5.6837575e-19,0.013000185,0.0,0.0,0.0
8072000,1.4321959e-18,-5.6837575e-19,0.013000185,0.0,0.0,0.0
8092000,1.4321959e-18,-5.6837575e-19,0.013000185,0.0,0.0,0.0
8112000,1.4321959e-18,-5.6837575e-19,0.013000185,0.0,0.0,0.0
8132000,1.4321959e-18,-5.6837575e-19,0.013000185,0.0,0.0,0.0
8152000,1.4321959e-18,-5.6837575e-19,0.013000185,0.0,0.0,0.0
8172000,1.4321959e-18,-5.6837575e-19,0.013000185,0.0,0.0,0.0
8192000,1.4321959e-18,-5.6837575e-19,0.013000185,0.0,0.0,0.0
8212000,1.4321959e-18,-5.6837575e-19,0.013000185,0.0,0.0,0.0
8232000,1.4321959e-18,-5.6837575e-19,0.013000185,0.0,0.0,0.0
8252000,1.4321959e-18,-5.6837575e-19,0.013000185,0.0,0.0,0.0
8272000,1.4321959e-18,-5.6837575e-19,0.013000185,0.0,0.0,0.0
8292000,1.4321959e-18,-5.6837575e-19,0.013000185,0.0,0.0,0.0
8312000,1.4321959e-18,-5.6837575e-19,0.013000185,0.0,0.0,0.0
8332000,1.4321959e-18,-5.6837575e-19,0.013000185,0.0,0.0,0.0
8352000,1.4321959e-18,-5.6837575e-19,0.013000185,0.0,0.0,0.0
8372000,1.4321959e-18,-5.6837575e-19,0.013000185,0.0,0.0,0.0
8388000,1.4321959e-18,-5.6837575e-19,0.013000185,0.0,0.0,0.0
8408000,1.4321959e-18,-5.6837575e-19,0.013000185,0.0,0.0,0.0
8428000,1.4321959e-18,-5.6837575e-19,0.013000185,0.0,0.0,0.0
8448000,1.4321959e-18,-5.6837575e-19,0.013000185,0.0,0.0,0.0
8468000,1.4321959e-18,-5.6837575e-19,0.013000185,0.0,0.0,0.0
8488000,1.4321959e-18,-5.6837575e-19,0.013000185,0.0,0.0,0.0
8508000,1.4321959e-18,-5.6837575e-19,0.013000185,0.0,0.0,0.0
8528000,1.4321959e-18,-5.6837575e-19,0.013000185,0.0,0.0,0.0
8548000,1.4321959e-18,-5.6837575e-19,0.013000185,0.0,0.0,0.0
8568000,1.4321959e-18,-5.6837575e-19,0.013000185,0.0,0.0,0.0
8588000,1.4321959e-18,-5.6837575e-19,0.013000185,0.0,0.0,0.0
8608000,1.4321959e-18,-5.6837575e-19,0.013000185,0.0,0.0,0.0
8628000,1.4321959e-18,-5.6837575e-19,0.013000185,0.0,0.0,0.0
8648000,1.4321959e-18,-5.6837575e-19,0.013000185,0.0,0.0,0.0
8668000,1.4321959e-18,-5.6837575e-19,0.013000185,0.0,0.0,0.0
8688000,1.4321959e-18,-5.6837575e-19,0.013000185,0.0,0.0,0.0
8708000,1.4321959e-18,-5.6837575e-19,0.013000185,0.0,0.0,0.0
8728000,1.4321959e-18,-5.6837575e-19,0.013000185,0.0,0.0,0.0
8748000,1.4321959e-18,-5.6837575e-19,0.013000185,0.0,0.0,0.0
8768000,1.4321959e-18,-5.6837575e-19,0.013000185,0.0,0.0,0.0
8788000,1.4321959e-18,-5.6837575e-19,0.013000185,0.0,0.0,0.0
8808000,1.4321959e-18,-5.6837575e-19,0.013000185,0.0,0.0,0.0
8828000,1.4321959e-18,-5.6837575e-19,0.013000185,0.0,0.0,0.0
8848000,1.4321959e-18,-5.6837575e-19,0.013000185,0.0,0.0,0.0
8868000,1.4321959e-18,-5.6837575e-19,0.013000185,0.0,0.0,0.0
8888000,1.4321959e-18,-5.6837575e-19,0.013000185,0.0,0.0,0.0
8908000,1.4321959e-18,-5.6837575e-19,0.013000185,0.0,0.0,0.0
8928000,1.4321959e-18,-5.6837575e-19,0.013000185,0.0,0.0,0.0
8948000,1.4321959e-18,-5.6837575e-19,0.013000185,0.0,0.0,0.0
8968000,1.4321959e-18,-5.6837575e-19,0.013000185,0.0,0.0,0.0
8988000,1.4321959e-18,-5.6837575e-19,0.013000185,0.0,0.0,0.0
9008000,1.4321959e-18,-5.6837575e-19,0.013000185,0.0,0.0,0.0
9028000,1.4321959e-18,-5.6837575e-19,0.013000185,0.0,0.0,0.0
9048000,1.4321959e-18,-5.6837575e-19,0.013000185,0.0,0.0,0.0
9068000,1.4321959e-18,-5.6837575e-19,0.013000185,0.0,0.0,0.0
9088000,1.4321959e-18,-5.6837575e-19,0.013000185,0.0,0.0,0.0
9108000,1.4321959e-18,-5.6837575e-19,0.013000185,0.0,0.0,0.0
9128000,1.4321959e-18,-5.6837575e-19,0.013000185,0.0,0.0,0.0
9148000,1.4321959e-18,-5.6837575e-19,0.013000185,0.0,0.0,0.0
9168000,1.4321959e-18,-5.6837575e-19,0.013000185,0.0,0.0,0.0
9188000,1.4321959e-18,-5.6837575e-19,0.013000185,0.0,0.0,0.0
9208000,1.4321959e-18,-5.6837575e-19,0.013000185,0.0,0.0,0.0
9228000,1.4321959e-18,-5.6837575e-19,0.013000185,0.0,0.0,0.0
9248000,1.4321959e-18,-5.6837575e-19,0.013000185,0.0,0.0,0.0
9268000,1.4321959e-18,-5.6837575e-19,0.013000185,0.0,0.0,0.0
9288000,1.4321959e-18,-5.6837575e-19,0.013000185,0.0,0.0,0.0
9308000,1.4321959e-18,-5.6837575e-19,0.013000185,0.0,0.0,0.0
9328000,1.4321959e-18,-5.6837575e-19,0.013000185,0.0,0.0,0.0
9348000,1.4321959e-18,-5.6837575e-19,0.013000185,0.0,0.0,0.0
9368000,1.4321959e-18,-5.6837575e-19,0.013000185,0.0,0.0,0.0
9388000,1.4321959e-18,-5.6837575e-19,0.013000185,0.0,0.0,0.0
9408000,1.4321959e-18,-5.6837575e-19,0.013000185,0.0,0.0,0.0
9428000,1.4321959e-18,-5.6837575e-19,0.013000185,0.0,0.0,0.0
9448000,1.4321959e-18,-5.6837575e-19,0.013000185,0.0,0.0,0.0
9468000,1.4321959e-18,-5.6837575e-19,0.013000185,0.0,0.0,0.0
9488000,1.4321959e-18,-5.6837575e-19,0.013000185,0.0,0.0,0.0
9508000,1.4321959e-18,-5.6837575e-19,0.013000185,0.0,0.0,0.0
9528000,1.4321959e-18,-5.6837575e-19,0.013000185,0.0,0.0,0.0
9548000,1.4321959e-18,-5.6837575e-19,0.013000185,0.0,0.0,0.0
9568000,1.4321959e-18,-5.6837575e-19,0.013000185,0.0,0.0,0.0
9588000,1.4321959e-18,-5.6837575e-19,0.013000185,0.0,0.0,0.0
9608000,1.4321959e-18,-5.6837575e-19,0.013000185,0.0,0.0,0.0
9624000,1.4321959e-18,-5.6837575e-19,0.013000185,0.0,0.0,0.0
9644000,1.4321959e-18,-5.6837575e-19,0.013000185,0.0,0.0,0.0
9664000,1.4321959e-18,-5.6837575e-19,0.013000185,0.0,0.0,0.0
9684000,1.4321959e-18,-5.6837575e-19,0.013000185,0.0,0.0,0.0
9704000,1.4321959e-18,-5.6837575e-19,0.013000185,0.0,0.0,0.0
9724000,1.4321959e-18,-5.6837575e-19,0.013000185,0.0,0.0,0.0
9744000,1.4321959e-18,-5.6837575e-19,0.013000185,0.0,0.0,0.0
9764000,1.4321959e-18,-5.6837575e-19,0.013000185,0.0,0.0,0.0
9784000,1.4321959e-18,-5.6837575e-19,0.013000185,0.0,0.0,0.0
9804000,1.4321959e-18,-5.6837575e-19,0.013000185,0.0,0.0,0.0
9824000,1.4321959e-18,-5.6837575e-19,0.013000185,0.0,0.0,0.0
9844000,1.4321959e-18,-5.6837575e-19,0.013000185,0.0,0.0,0.0
9864000,1.4321959e-18,-5.6837575e-19,0.013000185,0.0,0.0,0.0
9884000,1.4321959e-18,-5.6837575e-19,0.013000185,0.0,0.0,0.0
9904000,1.4321959e-18,-5.6837575e-19,0.013000185,0.0,0.0,0.0
9924000,1.4321959e-18,-5.6837575e-19,0.013000185,0.0,0.0,0.0
9944000,1.4321959e-18,-5.6837575e-19,0.013000185,0.0,0.0,0.0
9964000,1.4321959e-18,-5.6837575e-19,0.013000185,0.0,0.0,0.0
9984000,1.4321959e-18,-5.6837575e-19,0.013000185,0.0,0.0,0.0
10004000,1.4321959e-18,-5.6837575e-19,0.013000185,0.0,0.0,0.0
10024000,1.4321959e-18,-5.6837575e-19,0.013000185,0.0,0.0,0.0
10044000,1.4321959e-18,-5.6837575e-19,0.013000185,0.0,0.0,0.0
10064000,1.4321959e-18,-5.6837575e-19,0.013000185,0.0,0.0,0.0
10084000,1.4321959e-18,-5.6837575e-19,0.013000185,0.0,0.0,0.0
10104000,1.4321959e-18,-5.6837575e-19,0.013000185,0.0,0.0,0.0
10124000,1.4321959e-18,-5.6837575e-19,0.013000185,0.0,0.0,0.0
10144000,1.4321959e-18,-5.6837575e-19,0.013000185,0.0,0.0,0.0
10164000,1.4321959e-18,-5.6837575e-19,0.013000185,0.0,0.0,0.0
10184000,1.4321959e-18,-5.6837575e-19,0.013000185,0.0,0.0,0.0
10204000,1.4321959e-18,-5.6837575e-19,0.013000185,0.0,0.0,0.0
10224000,1.4321959e-18,-5.6837575e-19,0.013000185,0.0,0.0,0.0
10244000,1.4321959e-18,-5.6837575e-19,0.013000185,0.0,0.0,0.0
10264000,1.4321959e-18,-5.6837575e-19,0.013000185,0.0,0.0,0.0
10284000,1.4321959e-18,-5.6837575e-19,0.013000185,0.0,0.0,0.0
10304000,1.4321959e-18,-5.6837575e-19,0.013000185,0.0,0.0,0.0
10324000,1.4321959e-18,-5.6837575e-19,0.013000185,0.0,0.0,0.0
10344000,1.4321959e-18,-5.6837575e-19,0.013000185,0.0,0.0,0.0
10364000,1.4321959e-18,-5.6837575e-19,0.013000185,0.0,0.0,0.0
10384000,1.4321959e-18,-5.6837575e-19,0.013000185,0.0,0.0,0.0
10404000,1.4321959e-18,-5.6837575e-19,0.013000185,0.0,0.0,0.0
10424000,1.4321959e-18,-5.6837575e-19,0.013000185,0.0,0.0,0.0
10444000,1.4321959e-18,-5.6837575e-19,0.013000185,0.0,0.0,0.0
10464000,1.4321959e-18,-5.6837575e-19,0.013000185,0.0,0.0,0.0
10484000,1.4321959e-18,-5.6837575e-19,0.013000185,0.0,0.0,0.0
10504000,1.4321959e-18,-5.6837575e-19,0.013000185,0.0,0.0,0.0
10524000,1.4321959e-18,-5.6837575e-19,0.013000185,0.0,0.0,0.0
10544000,1.4321959e-18,-5.6837575e-19,0.013000185,0.0,0.0,0.0
10564000,1.4321959e-18,-5.6837575e-19,0.013000185,0.0,0.0,0.0
10584000,1.4321959e-18,-5.6837575e-19,0.013000185,0.0,0.0,0.0
10604000,1.4321959e-18,-5.6837575e-19,0.013000185,0.0,0.0,0.0
10624000,1.4321959e-18,-5.6837575e-19,0.013000185,0.0,0.0,0.0
10644000,1.4321959e-18,-5.6837575e-19,0.013000185,0.0,0.0,0.0
10664000,1.4321959e-18,-5.6837575e-19,0.013000185,0.0,0.0,0.0
10684000,1.4321959e-18,-5.6837575e-19,0.013000185,0.0,0.0,0.0
10704000,1.4321959e-18,-5.6837575e-19,0.013000185,0.0,0.0,0.0
10724000,1.4321959e-18,-5.6837575e-19,0.013000185,0.0,0.0,0.0
10744000,1.4321959e-18,-5.6837575e-19,0.013000185,0.0,0.0,0.0
10760000,1.4321959e-18,-5.6837575e-19,0.013000185,0.0,0.0,0.0
10780000,1.4321959e-18,-5.6837575e-19,0.013000185,0.0,0.0,0.0
10796000,1.4321959e-18,-5.6837575e-19,0.013000185,0.0,0.0,0.0
10816000,1.4321959e-18,-5.6837575e-19,0.013000185,0.0,0.0,0.0
10836000,1.4321959e-18,-5.6837575e-19,0.013000185,0.0,0.0,0.0
10856000,1.4321959e-18,-5.6837575e-19,0.013000185,0.0,0.0,0.0
10876000,1.4321959e-18,-5.6837575e-19,0.013000185,0.0,0.0,0.0
10896000,1.4321959e-18,-5.6837575e-19,0.013000185,0.0,0.0,0.0
10916000,1.4321959e-18,-5.6837575e-19,0.013000185,0.0,0.0,0.0
10936000,1.4321959e-18,-5.6837575e-19,0.013000185,0.0,0.0,0.0
10956000,1.4321959e-18,-5.6837575e-19,0.013000185,0.0,0.0,0.0
10976000,1.4321959e-18,-5.6837575e-19,0.013000185,0.0,0.0,0.0
10992000,1.4321959e-18,-5.6837575e-19,0.013000185,0.0,0.0,0.0
11012000,1.4321959e-18,-5.6837575e-19,0.013000185,0.0,0.0,0.0
11032000,1.4321959e-18,-5.6837575e-19,0.013000185,0.0,0.0,0.0
11052000,1.4321959e-18,-5.6837575e-19,0.013000185,0.0,0.0,0.0
11072000,1.4321959e-18,-5.6837575e-19,0.013000185,0.0,0.0,0.0
11092000,1.4321959e-18,-5.6837575e-19,0.013000185,0.0,0.0,0.0
11112000,1.4321959e-18,-5.6837575e-19,0.013000185,0.0,0.0,0.0
11136000,1.4321959e-18,-5.6837575e-19,0.013000185,0.0,0.0,0.0
11156000,1.4321959e-18,-5.6837575e-19,0.013000185,0.0,0.0,0.0
11176000,1.4321959e-18,-5.6837575e-19,0.013000185,0.0,0.0,0.0
11196000,1.4321959e-18,-5.6837575e-19,0.013000185,0.0,0.0,0.0
11216000,1.4321959e-18,-5.6837575e-19,0.013000185,0.0,0.0,0.0
11236000,1.4321959e-18,-5.6837575e-19,0.013000185,0.0,0.0,0.0
11256000,1.4321959e-18,-5.6837575e-19,0.013000185,0.0,0.0,0.0
11276000,1.4321959e-18,-5.6837575e-19,0.013000185,0.0,0.0,0.0
11296000,1.4321959e-18,-5.6837575e-19,0.013000185,0.0,0.0,0.0
11316000,1.4321959e-18,-5.6837575e-19,0.013000185,0.0,0.0,0.0
11332000,1.4321959e-18,-5.6837575e-19,0.013000185,0.0,0.0,0.0
11352000,1.4321959e-18,-5.6837575e-19,0.013000185,0.0,0.0,0.0
11372000,1.4321959e-18,-5.6837575e-19,0.013000185,0.0,0.0,0.0
11392000,1.4321959e-18,-5.6837575e-19,0.013000185,0.0,0.0,0.0
11412000,1.4321959e-18,-5.6837575e-19,0.013000185,0.0,0.0,0.0
11432000,1.4321959e-18,-5.6837575e-19,0.013000185,0.0,0.0,0.0
11452000,1.4321959e-18,-5.6837575e-19,0.013000185,0.0,0.0,0.0
11472000,1.4321959e-18,-5.6837575e-19,0.013000185,0.0,0.0,0.0
11492000,1.4321959e-18,-5.6837575e-19,0.013000185,0.0,0.0,0.0
11512000,1.4321959e-18,-5.6837575e-19,0.013000185,0.0,0.0,0.0
11532000,1.4321959e-18,-5.6837575e-19,0.013000185,0.0,0.0,0.0
11552000,1.4321959e-18,-5.6837575e-19,0.013000185,0.0,0.0,0.0
11572000,1.4321959e-18,-5.6837575e-19,0.013000185,0.0,0.0,0.0
11592000,1.4321959e-18,-5.6837575e-19,0.013000185,0.0,0.0,0.0
11612000,1.4321959e-18,-5.6837575e-19,0.013000185,0.0,0.0,0.0
11632000,1.4321959e-18,-5.6837575e-19,0.013000185,0.0,0.0,0.0
11652000,1.4321959e-18,-5.6837575e-19,0.013000185,0.0,0.0,0.0
11672000,1.4321959e-18,-5.6837575e-19,0.013000185,0.0,0.0,0.0
11692000,1.4321959e-18,-5.6837575e-19,0.013000185,0.0,0.0,0.0
11712000,1.4321959e-18,-5.6837575e-19,0.013000185,0.0,0.0,0.0
11732000,1.4321959e-18,-5.6837575e-19,0.013000185,0.0,0.0,0.0
11752000,1.4321959e-18,-5.6837575e-19,0.013000185,0.0,0.0,0.0
11772000,1.4321959e-18,-5.6837575e-19,0.013000185,0.0,0.0,0.0
11792000,1.4321959e-18,-5.6837575e-19,0.013000185,0.0,0.0,0.0
11812000,1.4321959e-18,-5.6837575e-19,0.013000185,0.0,0.0,0.0
11832000,1.4321959e-18,-5.6837575e-19,0.013000185,0.0,0.0,0.0
11852000,1.4321959e-18,-5.6837575e-19,0.013000185,0.0,0.0,0.0
11872000,1.4321959e-18,-5.6837575e-19,0.013000185,0.0,0.0,0.0
11892000,1.4321959e-18,-5.6837575e-19,0.013000185,0.0,0.0,0.0
11912000,1.4321959e-18,-5.6837575e-19,0.013000185,0.0,0.0,0.0
11932000,1.4321959e-18,-5.6837575e-19,0.013000185,0.0,0.0,0.0
11952000,1.4321959e-18,-5.6837575e-19,0.013000185,0.0,0.0,0.0
11972000,1.4321959e-18,-5.6837575e-19,0.013000185,0.0,0.0,0.0
11992000,1.4321959e-18,-5.6837575e-19,0.013000185,0.0,0.0,0.0
12012000,1.4321959e-18,-5.6837575e-19,0.013000185,0.0,0.0,0.0
12032000,1.4321959e-18,-5.6837575e-19,0.013000185,0.0,0.0,0.0
12052000,1.4321959e-18,-5.6837575e-19,0.013000185,0.0,0.0,0.0
12072000,1.4321959e-18,-5.6837575e-19,0.013000185,0.0,0.0,0.0
12092000,1.4321959e-18,-5.6837575e-19,0.013000185,0.0,0.0,0.0
12112000,1.4321959e-18,-5.6837575e-19,0.013000185,0.0,0.0,0.0
12132000,1.4321959e-18,-5.6837575e-19,0.013000185,0.0,0.0,0.0
12152000,1.4321959e-18,-5.6837575e-19,0.013000185,0.0,0.0,0.0
12172000,1.4321959e-18,-5.6837575e-19,0.013000185,0.0,0.0,0.0
12192000,1.4321959e-18,-5.6837575e-19,0.013000185,0.0,0.0,0.0
12212000,1.4321959e-18,-5.6837575e-19,0.013000185,0.0,0.0,0.0
12232000,1.4321959e-18,-5.6837575e-19,0.013000185,0.0,0.0,0.0
12252000,1.4321959e-18,-5.6837575e-19,0.013000185,0.0,0.0,0.0
12272000,1.4321959e-18,-5.6837575e-19,0.013000185,0.0,0.0,0.0
12292000,1.4321959e-18,-5.6837575e-19,0.013000185,0.0,0.0,0.0
12312000,1.4321959e-18,-5.6837575e-19,0.013000185,0.0,0.0,0.0
12332000,1.4321959e-18,-5.6837575e-19,0.013000185,0.0,0.0,0.0
12364000,1.4321959e-18,-5.6837575e-19,0.013000185,0.0,0.0,0.0
12388000,1.4321959e-18,-5.6837575e-19,0.013000185,0.0,0.0,0.0
12412000,1.4321959e-18,-5.6837575e-19,0.013000185,0.0,0.0,0.0
12432000,1.4321959e-18,-5.6837575e-19,0.013000185,0.0,0.0,0.0
12452000,1.4321959e-18,-5.6837575e-19,0.013000185,0.0,0.0,0.0
12472000,1.4321959e-18,-5.6837575e-19,0.013000185,0.0,0.0,0.0
12492000,1.4321959e-18,-5.6837575e-19,0.013000185,0.0,0.0,0.0
12512000,1.4321959e-18,-5.6837575e-19,0.013000185,0.0,0.0,0.0
12532000,1.4321959e-18,-5.6837575e-19,0.013000185,0.0,0.0,0.0
12552000,1.4321959e-18,-5.6837575e-19,0.013000185,0.0,0.0,0.0
12572000,1.4321959e-18,-5.6837575e-19,0.013000185,0.0,0.0,0.0
12592000,1.4321959e-18,-5.6837575e-19,0.013000185,0.0,0.0,0.0
12612000,1.4321959e-18,-5.6837575e-19,0.013000185,0.0,0.0,0.0
12632000,1.4321959e-18,-5.6837575e-19,0.013000185,0.0,0.0,0.0
12652000,1.4321959e-18,-5.6837575e-19,0.013000185,0.0,0.0,0.0
12672000,1.4321959e-18,-5.6837575e-19,0.013000185,0.0,0.0,0.0
12692000,1.4321959e-18,-5.6837575e-19,0.013000185,0.0,0.0,0.0
12712000,1.4321959e-18,-5.6837575e-19,0.013000185,0.0,0.0,0.0
12732000,1.4321959e-18,-5.6837575e-19,0.013000185,0.0,0.0,0.0
12752000,1.4321959e-18,-5.6837575e-19,0.013000185,0.0,0.0,0.0
12772000,1.4321959e-18,-5.6837575e-19,0.013000185,0.0,0.0,0.0
12792000,1.4321959e-18,-5.6837575e-19,0.013000185,0.0,0.0,0.0
12812000,1.4321959e-18,-5.6837575e-19,0.013000185,0.0,0.0,0.0
12832000,1.4321959e-18,-5.6837575e-19,0.013000185,0.0,0.0,0.0
12852000,1.4321959e-18,-5.6837575e-19,0.013000185,0.0,0.0,0.0
12872000,1.4321959e-18,-5.6837575e-19,0.013000185,0.0,0.0,0.0
12892000,1.4321959e-18,-5.6837575e-19,0.013000185,0.0,0.0,0.0
12912000,1.4321959e-18,-5.6837575e-19,0.013000185,0.0,0.0,0.0
12932000,1.4321959e-18,-5.6837575e-19,0.013000185,0.0,0.0,0.0
12952000,1.4321959e-18,-5.6837575e-19,0.013000185,0.0,0.0,0.0
12972000,1.4321959e-18,-5.6837575e-19,0.013000185,0.0,0.0,0.0
12992000,1.4321959e-18,-5.6837575e-19,0.013000185,0.0,0.0,0.0
13012000,1.4321959e-18,-5.6837575e-19,0.013000185,0.0,0.0,0.0
13032000,1.4321959e-18,-5.6837575e-19,0.013000185,0.0,0.0,0.0
13052000,1.4321959e-18,-5.6837575e-19,0.013000185,0.0,0.0,0.0
13072000,1.4321959e-18,-5.6837575e-19,0.013000185,0.0,0.0,0.0
13092000,1.4321959e-18,-5.6837575e-19,0.013000185,0.0,0.0,0.0
13112000,1.4321959e-18,-5.6837575e-19,0.013000185,0.0,0.0,0.0
13132000,1.4321959e-18,-5.6837575e-19,0.013000185,0.0,0.0,0.0
13152000,1.4321959e-18,-5.6837575e-19,0.013000185,0.0,0.0,0.0
13172000,1.4321959e-18,-5.6837575e-19,0.013000185,0.0,0.0,0.0
13192000,1.4321959e-18,-5.6837575e-19,0.013000185,0.0,0.0,0.0
13212000,1.4321959e-18,-5.6837575e-19,0.013000185,0.0,0.0,0.0
13232000,1.4321959e-18,-5.6837575e-19,0.013000185,0.0,0.0,0.0
13252000,1.4321959e-18,-5.6837575e-19,0.013000185,0.0,0.0,0.0
13272000,1.4321959e-18,-5.6837575e-19,0.013000185,0.0,0.0,0.0
13288000,1.4321959e-18,-5.6837575e-19,0.013000185,0.0,0.0,0.0
13308000,1.4321959e-18,-5.6837575e-19,0.013000185,0.0,0.0,0.0
13328000,1.4321959e-18,-5.6837575e-19,0.013000185,0.0,0.0,0.0
13348000,1.4321959e-18,-5.6837575e-19,0.013000185,0.0,0.0,0.0
13368000,1.4321959e-18,-5.6837575e-19,0.013000185,0.0,0.0,0.0
13388000,1.4321959e-18,-5.6837575e-19,0.013000185,0.0,0.0,0.0
13404000,1.4321959e-18,-5.6837575e-19,0.013000185,0.0,0.0,0.0
13424000,1.4321959e-18,-5.6837575e-19,0.013000185,0.0,0.0,0.0
13444000,1.4321959e-18,-5.6837575e-19,0.013000185,0.0,0.0,0.0
13464000,1.4321959e-18,-5.6837575e-19,0.013000185,0.0,0.0,0.0
13484000,1.4321959e-18,-5.6837575e-19,0.013000185,0.0,0.0,0.0
13504000,1.4321959e-18,-5.6837575e-19,0.013000185,0.0,0.0,0.0
13524000,1.4321959e-18,-5.6837575e-19,0.013000185,0.0,0.0,0.0
13544000,1.4321959e-18,-5.6837575e-19,0.013000185,0.0,0.0,0.0
13564000,1.4321959e-18,-5.6837575e-19,0.013000185,0.0,0.0,0.0
13580000,1.4321959e-18,-5.6837575e-19,0.013000185,0.0,0.0,0.0
13600000,1.4321959e-18,-5.6837575e-19,0.013000185,0.0,0.0,0.0
13620000,1.4321959e-18,-5.6837575e-19,0.013000185,0.0,0.0,0.0
13640000,1.4321959e-18,-5.6837575e-19,0.013000185,0.0,0.0,0.0
13660000,1.4321959e-18,-5.6837575e-19,0.013000185,0.0,0.0,0.0
13680000,1.4321959e-18,-5.6837575e-19,0.013000185,0.0,0.0,0.0
13700000,1.4321959e-18,-5.6837575e-19,0.013000185,0.0,0.0,0.0
13720000,1.4321959e-18,-5.6837575e-19,0.013000185,0.0,0.0,0.0
13740000,1.4321959e-18,-5.6837575e-19,0.013000185,0.0,0.0,0.0
13760000,1.4321959e-18,-5.6837575e-19,0.013000185,0.0,0.0,0.0
13780000,1.4321959e-18,-5.6837575e-19,0.013000185,0.0,0.0,0.0
13800000,1.4321959e-18,-5.6837575e-19,0.013000185,0.0,0.0,0.0
13820000,1.4321959e-18,-5.6837575e-19,0.013000185,0.0,0.0,0.0
13840000,1.4321959e-18,-5.6837575e-19,0.013000185,0.0,0.0,0.0
13860000,1.4321959e-18,-5.6837575e-19,0.013000185,0.0,0.0,0.0
13880000,1.4321959e-18,-5.6837575e-19,0.013000185,0.0,0.0,0.0
13900000,1.4321959e-18,-5.6837575e-19,0.013000185,0.0,0.0,0.0
13916000,1.4321959e-18,-5.6837575e-19,0.013000185,0.0,0.0,0.0
13936000,1.4321959e-18,-5.6837575e-19,0.013000185,0.0,0.0,0.0
13956000,1.4321959e-18,-5.6837575e-19,0.013000185,0.0,0.0,0.0
13976000,1.4321959e-18,-5.6837575e-19,0.013000185,0.0,0.0,0.0
13996000,1.4321959e-18,-5.6837575e-19,0.013000185,0.0,0.0,0.0
14016000,1.4321959e-18,-5.6837575e-19,0.013000185,0.0,0.0,0.0
14036000,1.4321959e-18,-5.6837575e-19,0.013000185,0.0,0.0,0.0
14056000,1.4321959e-18,-5.6837575e-19,0.013000185,0.0,0.0,0.0
14076000,1.4321959e-18,-5.6837575e-19,0.013000185,0.0,0.0,0.0
14096000,1.4321959e-18,-5.6837575e-19,0.013000185,0.0,0.0,0.0
14116000,1.4321959e-18,-5.6837575e-19,0.013000185,0.0,0.0,0.0
14136000,1.4321959e-18,-5.6837575e-19,0.013000185,0.0,0.0,0.0
14156000,1.4321959e-18,-5.6837575e-19,0.013000185,0.0,0.0,0.0
14176000,1.4321959e-18,-5.6837575e-19,0.013000185,0.0,0.0,0.0
14196000,1.4321959e-18,-5.6837575e-19,0.013000185,0.0,0.0,0.0
14216000,1.4321959e-18,-5.6837575e-19,0.013000185,0.0,0.0,0.0
14236000,1.4321959e-18,-5.6837575e-19,0.013000185,0.0,0.0,0.0
14256000,1.4321959e-18,-5.6837575e-19,0.013000185,0.0,0.0,0.0
14276000,1.4321959e-18,-5.6837575e-19,0.013000185,0.0,0.0,0.0
14296000,1.4321959e-18,-5.6837575e-19,0.013000185,0.0,0.0,0.0
14316000,1.4321959e-18,-5.6837575e-19,0.013000185,0.0,0.0,0.0
14336000,1.4321959e-18,-5.6837575e-19,0.013000185,0.0,0.0,0.0
14356000,1.4321959e-18,-5.6837575e-19,0.013000185,0.0,0.0,0.0
14376000,1.4321959e-18,-5.6837575e-19,0.013000185,0.0,0.0,0.0
14396000,1.4321959e-18,-5.6837575e-19,0.013000185,0.0,0.0,0.0
14416000,1.4321959e-18,-5.6837575e-19,0.013000185,0.0,0.0,0.0
14436000,1.4321959e-18,-5.6837575e-19,0.013000185,0.0,0.0,0.0
14456000,1.4321959e-18,-5.6837575e-19,0.013000185,0.0,0.0,0.0
14476000,1.4321959e-18,-5.6837575e-19,0.013000185,0.0,0.0,0.0
14496000,1.4321959e-18,-5.6837575e-19,0.013000185,0.0,0.0,0.0
14516000,1.4321959e-18,-5.6837575e-19,0.013000185,0.0,0.0,0.0
14536000,1.4321959e-18,-5.6837575e-19,0.013000185,0.0,0.0,0.0
14556000,1.4321959e-18,-5.6837575e-19,0.013000185,0.0,0.0,0.0
14576000,1.4321959e-18,-5.6837575e-19,0.013000185,0.0,0.0,0.0
14596000,1.4321959e-18,-5.6837575e-19,0.013000185,0.0,0.0,0.0
14616000,1.4321959e-18,-5.6837575e-19,0.013000185,0.0,0.0,0.0
14636000,1.4321959e-18,-5.6837575e-19,0.013000185,0.0,0.0,0.0
14652000,1.4321959e-18,-5.6837575e-19,0.013000185,0.0,0.0,0.0
14672000,1.4321959e-18,-5.6837575e-19,0.013000185,0.0,0.0,0.0
14692000,1.4321959e-18,-5.6837575e-19,0.013000185,0.0,0.0,0.0
14712000,1.4321959e-18,-5.6837575e-19,0.013000185,0.0,0.0,0.0
14732000,1.4321959e-18,-5.6837575e-19,0.013000185,0.0,0.0,0.0
14752000,1.4321959e-18,-5.6837575e-19,0.013000185,0.0,0.0,0.0
14772000,1.4321959e-18,-5.6837575e-19,0.013000185,0.0,0.0,0.0
14792000,1.4321959e-18,-5.6837575e-19,0.013000185,0.0,0.0,0.0
14812000,1.4321959e-18,-5.6837575e-19,0.013000185,0.0,0.0,0.0
14832000,1.4321959e-18,-5.6837575e-19,0.013000185,0.0,0.0,0.0
14852000,1.4321959e-18,-5.6837575e-19,0.013000185,0.0,0.0,0.0
14872000,1.4321959e-18,-5.6837575e-19,0.013000185,0.0,0.0,0.0
14892000,1.4321959e-18,-5.6837575e-19,0.013000185,0.0,0.0,0.0
14912000,1.4321959e-18,-5.6837575e-19,0.013000185,0.0,0.0,0.0
14932000,1.4321959e-18,-5.6837575e-19,0.013000185,0.0,0.0,0.0
14952000,1.4321959e-18,-5.6837575e-19,0.013000185,0.0,0.0,0.0
14972000,1.4321959e-18,-5.6837575e-19,0.013000185,0.0,0.0,0.0
14992000,1.4321959e-18,-5.6837575e-19,0.013000185,0.0,0.0,0.0
15012000,1.4321959e-18,-5.6837575e-19,0.013000185,0.0,0.0,0.0
15032000,1.4321959e-18,-5.6837575e-19,0.013000185,0.0,0.0,0.0
15052000,1.4321959e-18,-5.6837575e-19,0.013000185,0.0,0.0,0.0
15072000,1.4321959e-18,-5.6837575e-19,0.013000185,0.0,0.0,0.0
15092000,1.4321959e-18,-5.6837575e-19,0.013000185,0.0,0.0,0.0
15112000,1.4321959e-18,-5.6837575e-19,0.013000185,0.0,0.0,0.0
15132000,1.4321959e-18,-5.6837575e-19,0.013000185,0.0,0.0,0.0
15152000,1.4321959e-18,-5.6837575e-19,0.013000185,0.0,0.0,0.0
15172000,1.4321959e-18,-5.6837575e-19,0.013000185,0.0,0.0,0.0
15192000,1.4321959e-18,-5.6837575e-19,0.013000185,0.0,0.0,0.0
15212000,1.4321959e-18,-5.6837575e-19,0.013000185,0.0,0.0,0.0
15232000,1.4321959e-18,-5.6837575e-19,0.013000185,0.0,0.0,0.0
15252000,1.4321959e-18,-5.6837575e-19,0.013000185,0.0,0.0,0.0
15272000,1.4321959e-18,-5.6837575e-19,0.013000185,0.0,0.0,0.0
15292000,1.4321959e-18,-5.6837575e-19,0.013000185,0.0,0.0,0.0
15312000,1.4321959e-18,-5.6837575e-19,0.013000185,0.0,0.0,0.0
15332000,1.4321959e-18,-5.6837575e-19,0.013000185,0.0,0.0,0.0
15352000,1.4321959e-18,-5.6837575e-19,0.013000185,0.0,0.0,0.0
15372000,1.4321959e-18,-5.6837575e-19,0.013000185,0.0,0.0,0.0
15392000,1.4321959e-18,-5.6837575e-19,0.013000185,0.0,0.0,0.0
15412000,1.4321959e-18,-5.6837575e-19,0.013000185,0.0,0.0,0.0
15432000,1.4321959e-18,-5.6837575e-19,0.013000185,0.0,0.0,0.0
15452000,1.4321959e-18,-5.6837575e-19,0.013000185,0.0,0.0,0.0
15472000,1.4321959e-18,-5.6837575e-19,0.013000185,0.0,0.0,0.0
15492000,1.4321959e-18,-5.6837575e-19,0.013000185,0.0,0.0,0.0
15512000,1.4321959e-18,-5.6837575e-19,0.013000185,0.0,0.0,0.0
15548000,1.4321959e-18,-5.6837575e-19,0.013000185,0.0,0.0,0.0
15568000,1.4321959e-18,-5.6837575e-19,0.013000185,0.0,0.0,0.0
15588000,1.4321959e-18,-5.6837575e-19,0.013000185,0.0,0.0,0.0
15608000,1.4321959e-18,-5.6837575e-19,0.013000185,0.0,0.0,0.0
15628000,1.4321959e-18,-5.6837575e-19,0.013000185,0.0,0.0,0.0
15648000,1.4321959e-18,-5.6837575e-19,0.013000185,0.0,0.0,0.0
15668000,1.4321959e-18,-5.6837575e-19,0.013000185,0.0,0.0,0.0
15688000,1.4321959e-18,-5.6837575e-19,0.013000185,0.0,0.0,0.0
15708000,1.4321959e-18,-5.6837575e-19,0.013000185,0.0,0.0,0.0
15728000,1.4321959e-18,-5.6837575e-19,0.013000185,0.0,0.0,0.0
15748000,1.4321959e-18,-5.6837575e-19,0.013000185,0.0,0.0,0.0
15768000,1.4321959e-18,-5.6837575e-19,0.013000185,0.0,0.0,0.0
15788000,1.4321959e-18,-5.6837575e-19,0.013000185,0.0,0.0,0.0
15804000,1.4321959e-18,-5.6837575e-19,0.013000185,0.0,0.0,0.0
15824000,1.4321959e-18,-5.6837575e-19,0.013000185,0.0,0.0,0.0
15844000,1.4321959e-18,-5.6837575e-19,0.013000185,0.0,0.0,0.0
15864000,1.4321959e-18,-5.6837575e-19,0.013000185,0.0,0.0,0.0
15884000,1.4321959e-18,-5.6837575e-19,0.013000185,0.0,0.0,0.0
15904000,1.4321959e-18,-5.6837575e-19,0.013000185,0.0,0.0,0.0
15924000,1.4321959e-18,-5.6837575e-19,0.013000185,0.0,0.0,0.0
15944000,1.4321959e-18,-5.6837575e-19,0.013000185,0.0,0.0,0.0
15964000,1.4321959e-18,-5.6837575e-19,0.013000185,0.0,0.0,0.0
15980000,1.4321959e-18,-5.6837575e-19,0.013000185,0.0,0.0,0.0
16000000,1.4321959e-18,-5.6837575e-19,0.013000185,0.0,0.0,0.0
16020000,1.4321959e-18,-5.6837575e-19,0.013000185,0.0,0.0,0.0
16040000,1.4321959e-18,-5.6837575e-19,0.013000185,0.0,0.0,0.0
16060000,1.4321959e-18,-5.6837575e-19,0.013000185,0.0,0.0,0.0
16076000,1.4321959e-18,-5.6837575e-19,0.013000185,0.0,0.0,0.0
16096000,1.4321959e-18,-5.6837575e-19,0.013000185,0.0,0.0,0.0
16116000,1.4321959e-18,-5.6837575e-19,0.013000185,0.0,0.0,0.0
16136000,1.4321959e-18,-5.6837575e-19,0.013000185,0.0,0.0,0.0
16156000,1.4321959e-18,-5.6837575e-19,0.013000185,0.0,0.0,0.0
16176000,1.4321959e-18,-5.6837575e-19,0.013000185,0.0,0.0,0.0
16196000,1.4321959e-18,-5.6837575e-19,0.013000185,0.0,0.0,0.0
16216000,1.4321959e-18,-5.6837575e-19,0.013000185,0.0,0.0,0.0
16236000,1.4321959e-18,-5.6837575e-19,0.013000185,0.0,0.0,0.0
16256000,1.4321959e-18,-5.6837575e-19,0.013000185,0.0,0.0,0.0
16276000,1.4321959e-18,-5.6837575e-19,0.013000185,0.0,0.0,0.0
16296000,1.4321959e-18,-5.6837575e-19,0.013000185,0.0,0.0,0.0
16316000,1.4321959e-18,-5.6837575e-19,0.013000185,0.0,0.0,0.0
16336000,1.4321959e-18,-5.6837575e-19,0.013000185,0.0,0.0,0.0
16356000,1.4321959e-18,-5.6837575e-19,0.013000185,0.0,0.0,0.0
16376000,1.4321959e-18,-5.6837575e-19,0.013000185,0.0,0.0,0.0
16396000,1.4321959e-18,-5.6837575e-19,0.013000185,0.0,0.0,0.0
16416000,1.4321959e-18,-5.6837575e-19,0.013000185,0.0,0.0,0.0
16436000,1.4321959e-18,-5.6837575e-19,0.013000185,0.0,0.0,0.0
16456000,1.4321959e-18,-5.6837575e-19,0.013000185,0.0,0.0,0.0
16476000,1.4321959e-18,-5.6837575e-19,0.013000185,0.0,0.0,0.0
16496000,1.4321959e-18,-5.6837575e-19,0.013000185,0.0,0.0,0.0
16516000,1.4321959e-18,-5.6837575e-19,0.013000185,0.0,0.0,0.0
16536000,1.4321959e-18,-5.6837575e-19,0.013000185,0.0,0.0,0.0
16556000,1.4321959e-18,-5.6837575e-19,0.013000185,0.0,0.0,0.0
16576000,1.4321959e-18,-5.6837575e-19,0.013000185,0.0,0.0,0.0
16596000,1.4321959e-18,-5.6837575e-19,0.013000185,0.0,0.0,0.0
16616000,1.4321959e-18,-5.6837575e-19,0.013000185,0.0,0.0,0.0
16632000,1.4321959e-18,-5.6837575e-19,0.013000185,0.0,0.0,0.0
16652000,1.4321959e-18,-5.6837575e-19,0.013000185,0.0,0.0,0.0
16672000,1.4321959e-18,-5.6837575e-19,0.013000185,0.0,0.0,0.0
16692000,1.4321959e-18,-5.6837575e-19,0.013000185,0.0,0.0,0.0
16712000,1.4321959e-18,-5.6837575e-19,0.013000185,0.0,0.0,0.0
16732000,1.4321959e-18,-5.6837575e-19,0.013000185,0.0,0.0,0.0
16752000,1.4321959e-18,-5.6837575e-19,0.013000185,0.0,0.0,0.0
16772000,1.4321959e-18,-5.6837575e-19,0.013000185,0.0,0.0,0.0
16792000,1.4321959e-18,-5.6837575e-19,0.013000185,0.0,0.0,0.0
16812000,1.4321959e-18,-5.6837575e-19,0.013000185,0.0,0.0,0.0
16832000,1.4321959e-18,-5.6837575e-19,0.013000185,0.0,0.0,0.0
16852000,1.4321959e-18,-5.6837575e-19,0.013000185,0.0,0.0,0.0
16872000,1.4321959e-18,-5.6837575e-19,0.013000185,0.0,0.0,0.0
16892000,1.4321959e-18,-5.6837575e-19,0.013000185,0.0,0.0,0.0
16912000,1.4321959e-18,-5.6837575e-19,0.013000185,0.0,0.0,0.0
16932000,1.4321959e-18,-5.6837575e-19,0.013000185,0.0,0.0,0.0
16952000,1.4321959e-18,-5.6837575e-19,0.013000185,0.0,0.0,0.0
16972000,1.4321959e-18,-5.6837575e-19,0.013000185,0.0,0.0,0.0
16992000,1.4321959e-18,-5.6837575e-19,0.013000185,0.0,0.0,0.0
17012000,1.4321959e-18,-5.6837575e-19,0.013000185,0.0,0.0,0.0
17032000,1.4321959e-18,-5.6837575e-19,0.013000185,0.0,0.0,0.0
17052000,1.4321959e-18,-5.6837575e-19,0.013000185,0.0,0.0,0.0
17072000,1.4321959e-18,-5.6837575e-19,0.013000185,0.0,0.0,0.0
17092000,1.4321959e-18,-5.6837575e-19,0.013000185,0.0,0.0,0.0
17112000,1.4321959e-18,-5.6837575e-19,0.013000185,0.0,0.0,0.0
17132000,1.4321959e-18,-5.6837575e-19,0.013000185,0.0,0.0,0.0
17152000,1.4321959e-18,-5.6837575e-19,0.013000185,0.0,0.0,0.0
17172000,1.4321959e-18,-5.6837575e-19,0.013000185,0.0,0.0,0.0
17192000,1.4321959e-18,-5.6837575e-19,0.013000185,0.0,0.0,0.0
17212000,1.4321959e-18,-5.6837575e-19,0.013000185,0.0,0.0,0.0
17232000,1.4321959e-18,-5.6837575e-19,0.013000185,0.0,0.0,0.0
17252000,1.4321959e-18,-5.6837575e-19,0.013000185,0.0,0.0,0.0
17272000,1.4321959e-18,-5.6837575e-19,0.013000185,0.0,0.0,0.0
17292000,1.4321959e-18,-5.6837575e-19,0.013000185,0.0,0.0,0.0
17312000,1.4321959e-18,-5.6837575e-19,0.013000185,0.0,0.0,0.0
17332000,1.4321959e-18,-5.6837575e-19,0.013000185,0.0,0.0,0.0
17352000,1.4321959e-18,-5.6837575e-19,0.013000185,0.0,0.0,0.0
17372000,1.4321959e-18,-5.6837575e-19,0.013000185,0.0,0.0,0.0
17392000,1.4321959e-18,-5.6837575e-19,0.013000185,0.0,0.0,0.0
17412000,1.4321959e-18,-5.6837575e-19,0.013000185,0.0,0.0,0.0
17432000,1.4321959e-18,-5.6837575e-19,0.013000185,0.0,0.0,0.0
17452000,1.4321959e-18,-5.6837575e-19,0.013000185,0.0,0.0,0.0
17472000,1.4321959e-18,-5.6837575e-19,0.013000185,0.0,0.0,0.0
17492000,1.4321959e-18,-5.6837575e-19,0.013000185,0.0,0.0,0.0
17512000,1.4321959e-18,-5.6837575e-19,0.013000185,0.0,0.0,0.0
17532000,1.4321959e-18,-5.6837575e-19,0.013000185,0.0,0.0,0.0
17552000,1.4321959e-18,-5.6837575e-19,0.013000185,0.0,0.0,0.0
17572000,1.4321959e-18,-5.6837575e-19,0.013000185,0.0,0.0,0.0
17592000,1.4321959e-18,-5.6837575e-19,0.013000185,0.0,0.0,0.0
17612000,1.4321959e-18,-5.6837575e-19,0.013000185,0.0,0.0,0.0
17632000,1.4321959e-18,-5.6837575e-19,0.013000185,0.0,0.0,0.0
17652000,1.4321959e-18,-5.6837575e-19,0.013000185,0.0,0.0,0.0
17672000,1.4321959e-18,-5.6837575e-19,0.013000185,0.0,0.0,0.0
17692000,1.4321959e-18,-5.6837575e-19,0.013000185,0.0,0.0,0.0
17712000,1.4321959e-18,-5.6837575e-19,0.013000185,0.0,0.0,0.0
17732000,1.4321959e-18,-5.6837575e-19,0.013000185,0.0,0.0,0.0
17752000,1.4321959e-18,-5.6837575e-19,0.013000185,0.0,0.0,0.0
17772000,1.4321959e-18,-5.6837575e-19,0.013000185,0.0,0.0,0.0
17792000,1.4321959e-18,-5.6837575e-19,0.013000185,0.0,0.0,0.0
17812000,1.4321959e-18,-5.6837575e-19,0.013000185,0.0,0.0,0.0
17832000,1.4321959e-18,-5.6837575e-19,0.013000185,0.0,0.0,0.0
17852000,1.4321959e-18,-5.6837575e-19,0.013000185,0.0,0.0,0.0
17872000,1.4321959e-18,-5.6837575e-19,0.013000185,0.0,0.0,0.0
17892000,1.4321959e-18,-5.6837575e-19,0.013000185,0.0,0.0,0.0
17912000,1.4321959e-18,-5.6837575e-19,0.013000185,0.0,0.0,0.0
17932000,1.4321959e-18,-5.6837575e-19,0.013000185,0.0,0.0,0.0
17952000,1.4321959e-18,-5.6837575e-19,0.013000185,0.0,0.0,0.0
17972000,1.4321959e-18,-5.6837575e-19,0.013000185,0.0,0.0,0.0
17992000,1.4321959e-18,-5.6837575e-19,0.013000185,0.0,0.0,0.0
18012000,1.4321959e-18,-5.6837575e-19,0.013000185,0.0,0.0,0.0
18032000,1.4321959e-18,-5.6837575e-19,0.013000185,0.0,0.0,0.0
18052000,1.4321959e-18,-5.6837575e-19,0.013000185,0.0,0.0,0.0
18072000,1.4321959e-18,-5.6837575e-19,0.013000185,0.0,0.0,0.0
18092000,1.4321959e-18,-5.6837575e-19,0.013000185,0.0,0.0,0.0
18112000,1.4321959e-18,-5.6837575e-19,0.013000185,0.0,0.0,0.0
18132000,1.4321959e-18,-5.6837575e-19,0.013000185,0.0,0.0,0.0
18152000,1.4321959e-18,-5.6837575e-19,0.013000185,0.0,0.0,0.0
18172000,1.4321959e-18,-5.6837575e-19,0.013000185,0.0,0.0,0.0
18192000,1.4321959e-18,-5.6837575e-19,0.013000185,0.0,0.0,0.0
18228000,1.4321959e-18,-5.6837575e-19,0.013000185,0.0,0.0,0.0
18248000,1.4321959e-18,-5.6837575e-19,0.013000185,0.0,0.0,0.0
18268000,1.4321959e-18,-5.6837575e-19,0.013000185,0.0,0.0,0.0
18288000,1.4321959e-18,-5.6837575e-19,0.013000185,0.0,0.0,0.0
18308000,1.4321959e-18,-5.6837575e-19,0.013000185,0.0,0.0,0.0
18328000,1.4321959e-18,-5.6837575e-19,0.013000185,0.0,0.0,0.0
18348000,1.4321959e-18,-5.6837575e-19,0.013000185,0.0,0.0,0.0
18368000,1.4321959e-18,-5.6837575e-19,0.013000185,0.0,0.0,0.0
18388000,1.4321959e-18,-5.6837575e-19,0.013000185,0.0,0.0,0.0
18408000,1.4321959e-18,-5.6837575e-19,0.013000185,0.0,0.0,0.0
18428000,1.4321959e-18,-5.6837575e-19,0.013000185,0.0,0.0,0.0
18448000,1.4321959e-18,-5.6837575e-19,0.013000185,0.0,0.0,0.0
18468000,1.4321959e-18,-5.6837575e-19,0.013000185,0.0,0.0,0.0
18488000,1.4321959e-18,-5.6837575e-19,0.013000185,0.0,0.0,0.0
18508000,1.4321959e-18,-5.6837575e-19,0.013000185,0.0,0.0,0.0
18528000,1.4321959e-18,-5.6837575e-19,0.013000185,0.0,0.0,0.0
18548000,1.4321959e-18,-5.6837575e-19,0.013000185,0.0,0.0,0.0
18568000,1.4321959e-18,-5.6837575e-19,0.013000185,0.0,0.0,0.0
18588000,1.4321959e-18,-5.6837575e-19,0.013000185,0.0,0.0,0.0
18608000,1.4321959e-18,-5.6837575e-19,0.013000185,0.0,0.0,0.0
18628000,1.4321959e-18,-5.6837575e-19,0.013000185,0.0,0.0,0.0
18648000,1.4321959e-18,-5.6837575e-19,0.013000185,0.0,0.0,0.0
18668000,1.4321959e-18,-5.6837575e-19,0.013000185,0.0,0.0,0.0
18688000,2.397361e-07,-3.9275503e-07,0.012998812,1.1986805e-05,-1.9637751e-05,-6.86373e-05
18708000,-8.002109e-06,-1.7363745e-05,0.012978898,-0.00041209225,-0.00084854953,-0.0009956867
18728000,-4.7545043e-05,-7.527272e-05,0.012900825,-0.0019771466,-0.0028954486,-0.003903667
18748000,-9.738608e-05,-0.00014653278,0.012726817,-0.0024920518,-0.003563003,-0.008700374
18768000,-0.00014302238,-0.0002087607,0.012417715,-0.0022818148,-0.0031113965,-0.015455085
18788000,-0.00018276762,-0.000266937,0.011943031,-0.0019872622,-0.0029088135,-0.02373421
18808000,-0.00022096316,-0.00031823007,0.011271067,-0.0019097775,-0.002564655,-0.033598203
18828000,-0.00025190957,-0.00035793768,0.010378709,-0.0015473196,-0.00198538,-0.04461792
18848000,-0.0002715215,-0.00038445866,0.009240723,-0.0009805973,-0.0013260492,-0.056899283
18868000,-0.00027917436,-0.0003938213,0.007839793,-0.00038264348,-0.00046813214,-0.07004647
18888000,-0.00027464275,-0.00038315248,0.006155857,0.0002265815,0.000533441,-0.08419684
18908000,-0.00025853436,-0.00035428375,0.004176193,0.0008054186,0.0014434363,-0.09898318
18928000,-0.00022588494,-0.0003087717,0.0018848964,0.0016324716,0.0022756022,-0.11456483
18944000,-0.0001888525,-0.00025981967,-0.00017812349,0.0023145273,0.0030595018,-0.12893875
18964000,-0.00013457074,-0.00018342932,-0.0030567802,0.0027140884,0.0038195183,-0.14393283
18984000,-6.968777e-05,-8.812033e-05,-0.006271822,0.0032441486,0.0047654496,-0.1607521
19004000,1.2154308e-05,2.9778335e-05,-0.009835388,0.004092104,0.0058949334,-0.1781783
19024000,0.00010814623,0.00016664709,-0.013748858,0.0047995965,0.006843438,-0.19567351
19044000,0.000213878,0.00032206537,-0.01802189,0.005286588,0.0077709146,-0.21365167
19064000,0.0003316874,0.000496065,-0.022653962,0.0058904695,0.008699981,-0.23160352
19084000,0.0004627371,0.00068690587,-0.027653312,0.006552487,0.009542043,-0.24996752
19104000,0.00060643564,0.0008931301,-0.03301808,0.0071849264,0.01031121,-0.2682384
19124000,0.0007610158,0.0011180565,-0.03875519,0.0077290065,0.011246321,-0.2868555
19144000,0.00092418696,0.0013598192,-0.04486149,0.008158559,0.012088139,-0.30531517
19164000,0.0010982022,0.0016179977,-0.05134273,0.00870076,0.0129089225,-0.32406187
19184000,0.001283247,0.0018904577,-0.058194794,0.009252242,0.013623003,-0.3426031
19204000,0.0014757183,0.0021736482,-0.0654228,0.009623568,0.014159522,-0.36140066
19224000,0.0016771671,0.002470875,-0.073021844,0.010072438,0.014861333,-0.3799521
19244000,0.0018887524,0.002786606,-0.0809966,0.010579268,0.015786557,-0.39873785
19264000,0.002109568,0.003116961,-0.08934151,0.011040779,0.016517753,-0.4172452
19284000,0.00233635,0.003456111,-0.09806083,0.011339103,0.0169575,-0.43596628
19304000,0.0025708373,0.0038052541,-0.10714839,0.011724353,0.017457156,-0.45437774
19324000,0.0028126293,0.0041651945,-0.11660804,0.012089608,0.017997025,-0.4729825
19344000,0.0030611788,0.004536836,-0.12643322,0.012427477,0.018582061,-0.49125904
19364000,0.003316637,0.004920875,-0.13662767,0.012772895,0.01920196,-0.5097229
19384000,0.0035792212,0.0053138956,-0.14718445,0.013129219,0.019651027,-0.52783877
19404000,0.0038482198,0.005714062,-0.15810724,0.013449929,0.020008316,-0.54613924
19420000,0.0040680314,0.006040868,-0.16710337,0.013738235,0.020425376,-0.562258
19436000,0.004294185,0.0063732862,-0.17633256,0.014134591,0.020776136,-0.57682526
19456000,0.004584284,0.0067925914,-0.18819077,0.014504941,0.020965273,-0.5929104
19476000,0.0048776297,0.007214703,-0.20040962,0.014667293,0.021105591,-0.6109425
19496000,0.0051739523,0.0076419055,-0.2129827,0.014816134,0.021360107,-0.6286539
19516000,0.005475685,0.008078254,-0.22591181,0.015086622,0.021817422,-0.64645565
19536000,0.005782789,0.008520735,-0.23919128,0.015355217,0.022124078,-0.6639728
19552000,0.006033037,0.008875403,-0.25006866,0.015640493,0.022166694,-0.6798366
19572000,0.0063472264,0.009318573,-0.26398197,0.015709465,0.022158528,-0.695666
19592000,0.0066629574,0.009761668,-0.27824548,0.015786553,0.022154724,-0.7131743
19612000,0.006982678,0.010207321,-0.29285473,0.01598604,0.022282654,-0.730463
19632000,0.0073059886,0.010653222,-0.30781123,0.016165514,0.022295084,-0.74782467
19652000,0.0076323994,0.011107091,-0.3231103,0.016320543,0.022693425,-0.7649541
19672000,0.007964806,0.011577363,-0.3387498,0.016620304,0.023513593,-0.7819745
19692000,0.008301389,0.012063369,-0.3547266,0.016829217,0.024300322,-0.7988416
19712000,0.008640277,0.012559393,-0.37103963,0.016944356,0.024801208,-0.8156497
19732000,0.008980881,0.013062389,-0.3876861,0.017030217,0.025149755,-0.83232504
19752000,0.009320848,0.013568352,-0.4046611,0.01699833,0.025298199,-0.8487483
19772000,0.009660245,0.014076628,-0.42194626,0.01696985,0.025413757,-0.8642592
19792000,0.010004027,0.014583688,-0.43950507,0.017189095,0.025353039,-0.8779404
19812000,0.010352619,0.015091672,-0.4572919,0.017429601,0.025399173,-0.8893411
19832000,0.010702975,0.015605928,-0.47526658,0.017517818,0.025712838,-0.8987345
19852000,0.011053768,0.016139463,-0.49338862,0.01753962,0.02667668,-0.90610176
19872000,0.011406195,0.016694799,-0.5116158,0.017621405,0.027766889,-0.9113606
19892000,0.011761328,0.017255232,-0.5299048,0.017756607,0.028021563,-0.9144478
19912000,0.012117252,0.01777964,-0.54822934,0.017796215,0.026220443,-0.9162263
19932000,0.012476306,0.0182409,-0.56657994,0.017952707,0.023063008,-0.9175303
19952000,0.0128475,0.018620804,-0.58496904,0.018559663,0.018995196,-0.919456
19972000,0.013232787,0.018911937,-0.60341084,0.019264394,0.014556684,-0.92209077
19992000,0.013629404,0.019096844,-0.6219153,0.019830821,0.009245329,-0.9252199
20012000,0.014031412,0.019163659,-0.64048475,0.020100433,0.003340742,-0.928474
20032000,0.014440776,0.019100023,-0.65912265,0.02046817,-0.0031818002,-0.9318953
20052000,0.014847543,0.018905602,-0.6778323,0.020338377,-0.009721075,-0.9354825
20072000,0.015243986,0.018581163,-0.6966192,0.019822128,-0.016221887,-0.93934536
20092000,0.015626948,0.018115006,-0.7154862,0.019148111,-0.023307862,-0.9433512
20112000,0.015998505,0.017503308,-0.73443943,0.01857783,-0.03058492,-0.9476615
20132000,0.01635244,0.016754812,-0.75348794,0.017696682,-0.037424836,-0.9524255
20152000,0.016678963,0.015884615,-0.77262557,0.016326245,-0.04350979,-0.9568796
20172000,0.016962552,0.014907547,-0.7918555,0.014179451,-0.04885345,-0.9614992
20192000,0.017194165,0.013850519,-0.8111793,0.011580643,-0.05285136,-0.96618545
20212000,0.017374929,0.01273636,-0.8305997,0.009038174,-0.055708,-0.9710238
20232000,0.017502258,0.01158911,-0.85011744,0.006366455,-0.057362486,-0.9758863
20252000,0.01756992,0.010428209,-0.8697345,0.0033831047,-0.058045045,-0.98085356
20272000,0.01757243,0.009277642,-0.8894518,0.00012551667,-0.057528365,-0.98586327
20292000,0.017492397,0.008155784,-0.90927505,-0.004001692,-0.056092903,-0.9911632
20312000,0.017320788,0.0070850803,-0.9291994,-0.008580402,-0.053535182,-0.99621683
20332000,0.017049918,0.006081995,-0.94922304,-0.013543496,-0.050154243,-1.0011812
20352000,0.016678048,0.005163166,-0.9693434,-0.01859349,-0.045941446,-1.0060204
20372000,0.016217908,0.004339287,-0.98956054,-0.023007078,-0.04119396,-1.0108556
20392000,0.015685584,0.0036398838,-1.0098721,-0.026616177,-0.034970164,-1.0155778
20412000,0.015105041,0.0031051105,-1.0302777,-0.029027153,-0.026738664,-1.0202814
20432000,0.014492135,0.0027671952,-1.0507755,-0.030645302,-0.016895764,-1.0248917
20452000,0.013861626,0.0026467547,-1.0713661,-0.031525392,-0.0060220333,-1.0295244
20472000,0.013230829,0.002734501,-1.0920486,-0.031539924,0.004387316,-1.0341276
20492000,0.012610127,0.0029860707,-1.1128252,-0.03103503,0.012578482,-1.0388285
20512000,0.01199915,0.0033545503,-1.1336958,-0.030548906,0.018423988,-1.0435362
20532000,0.011394324,0.0038076083,-1.1546614,-0.030241303,0.022652896,-1.0482773
20552000,0.010788855,0.0043134554,-1.1757206,-0.030273426,0.025292352,-1.0529593
20572000,0.010178144,0.004846004,-1.1968737,-0.030535558,0.026627418,-1.0576495
20592000,0.009557555,0.0053844005,-1.2181185,-0.031029392,0.02691984,-1.0622488
20612000,0.00892646,0.005916249,-1.2394556,-0.03155481,0.026592428,-1.0668511
20632000,0.0082855,0.0064229537,-1.2608829,-0.032047965,0.025335226,-1.0713596
20652000,0.0076335436,0.006896722,-1.2824,-0.03259784,0.02368844,-1.0758599
20672000,0.0069695297,0.007328055,-1.3040053,-0.033200685,0.021566618,-1.0802606
20692000,0.006295294,0.007715215,-1.3256984,-0.033711787,0.01935801,-1.0846571
20712000,0.005608486,0.008052962,-1.3474774,-0.03434041,0.016887343,-1.088957
20732000,0.0049089896,0.0083329715,-1.3693427,-0.034974813,0.014000478,-1.093259
20752000,0.0041970694,0.008551236,-1.391292,-0.035596017,0.01091323,-1.0974662
20772000,0.0034712986,0.008711945,-1.4133257,-0.036288537,0.008035483,-1.1016821
20792000,0.002734929,0.008813139,-1.4354419,-0.03681847,0.005059696,-1.1058106
20812000,0.0019907455,0.008854671,-1.4576408,-0.03720918,0.0020766112,-1.1099483
20832000,0.0012377847,0.008834364,-1.4799209,-0.037648045,-0.0010154054,-1.114
20852000,0.0004759953,0.008750543,-1.502282,-0.03808947,-0.0041910117,-1.1180602
20872000,-0.00029600534,0.008603097,-1.5247217,-0.03860003,-0.0073723346,-1.1219836
20892000,-0.001074406,0.008395354,-1.5472398,-0.038920034,-0.010387102,-1.1259022
20912000,-0.0018575802,0.008128674,-1.5698354,-0.039158706,-0.013334033,-1.1297851
20932000,-0.0026454984,0.007803827,-1.5925095,-0.039395917,-0.016242348,-1.1337016
20952000,-0.0034391296,0.007421819,-1.6152605,-0.03968155,-0.019100405,-1.1375504
20972000,-0.004236052,0.006981984,-1.638089,-0.03984612,-0.021991747,-1.1414237
20992000,-0.00503329,0.006486009,-1.6609935,-0.03986191,-0.024798749,-1.145224
21012000,-0.005828282,0.005935455,-1.6839743,-0.039749596,-0.027527688,-1.1490412
21032000,-0.0066229133,0.0053304713,-1.7070298,-0.03973157,-0.030249191,-1.1527771
21052000,-0.007415365,0.0046727285,-1.7301602,-0.039622568,-0.03288715,-1.1565218
21072000,-0.008204016,0.0039634295,-1.7533638,-0.039432574,-0.035464942,-1.1601794
21092000,-0.008990966,0.0032052735,-1.7766408,-0.03934747,-0.0379078,-1.1638473
21128000,-0.010397445,0.0017220905,-1.8187199,-0.03893911,-0.042354237,-1.170653
21148000,-0.01117241,0.000834121,-1.8421979,-0.03874823,-0.04439847,-1.1739031
21168000,-0.011942169,-9.589073e-05,-1.8657451,-0.038487967,-0.04650059,-1.1773598
21188000,-0.012703495,-0.001064982,-1.8893625,-0.03806631,-0.048454564,-1.1808671
21208000,-0.013453471,-0.0020741508,-1.9130466,-0.03749878,-0.050458442,-1.1842083
21228000,-0.014193243,-0.003122455,-1.9368011,-0.036988642,-0.052415203,-1.1877259
21248000,-0.0149221225,-0.0042081713,-1.9606229,-0.03644394,-0.054285817,-1.1910876
21268000,-0.015637593,-0.005329523,-1.9845146,-0.035773564,-0.056067575,-1.1945889
21288000,-0.016341388,-0.006485981,-2.008473,-0.035189692,-0.05782292,-1.1979163
21308000,-0.017031953,-0.0076752524,-2.0325005,-0.034528267,-0.059463564,-1.2013775
21328000,-0.01770815,-0.00889448,-2.0565937,-0.033809848,-0.06096139,-1.2046536
21348000,-0.018368624,-0.010142424,-2.0807457,-0.033023734,-0.062397216,-1.2076025
21368000,-0.019011442,-0.011415205,-2.1049254,-0.032140873,-0.063639,-1.2089903
21388000,-0.019634986,-0.012707592,-2.1290948,-0.03117717,-0.06461939,-1.208474
21408000,-0.020241143,-0.0140197165,-2.153212,-0.030307874,-0.06560621,-1.2058517
21428000,-0.020827435,-0.015350495,-2.177241,-0.029314563,-0.06653897,-1.2014539
21448000,-0.021394024,-0.016697483,-2.2011566,-0.02832952,-0.067349315,-1.1957818
21468000,-0.021940839,-0.018060435,-2.22495,-0.02734073,-0.06814762,-1.189672
21488000,-0.022467492,-0.019436562,-2.248614,-0.026332648,-0.06880637,-1.1832011
21508000,-0.02297157,-0.020822875,-2.272151,-0.025203934,-0.06931564,-1.1768385
21524000,-0.023359355,-0.021937676,-2.2908862,-0.024236457,-0.06967508,-1.1709478
21544000,-0.023824917,-0.023338517,-2.3141947,-0.023278153,-0.07004202,-1.1654251
21564000,-0.024269585,-0.024742242,-2.3373742,-0.022233332,-0.07018625,-1.1589807
21584000,-0.024690673,-0.026148159,-2.3604348,-0.021054415,-0.07029589,-1.1530237
21604000,-0.025089318,-0.027555674,-2.3833704,-0.019932335,-0.070375696,-1.1467853
21624000,-0.025466917,-0.028964655,-2.406191,-0.018879928,-0.07044908,-1.1410382
21644000,-0.025822785,-0.030369893,-2.4288912,-0.017793398,-0.070261896,-1.1350056
21664000,-0.026155967,-0.031766407,-2.4514802,-0.016659083,-0.069825634,-1.1294471
21684000,-0.0264668,-0.033155438,-2.473952,-0.015541648,-0.06945166,-1.1235968
21704000,-0.026759343,-0.034536842,-2.4963162,-0.014627137,-0.06907017,-1.118208
21724000,-0.027031593,-0.035909146,-2.5185666,-0.013612517,-0.0686152,-1.112517
21740000,-0.027232382,-0.036998875,-2.5362918,-0.012549357,-0.068107985,-1.1078323
21760000,-0.027464077,-0.03834803,-2.5583472,-0.011584672,-0.06745781,-1.1027657
21780000,-0.02767585,-0.03968024,-2.5803,-0.010588735,-0.066610456,-1.097644
21800000,-0.027866296,-0.040994365,-2.6021433,-0.009522313,-0.06570619,-1.0921597
21820000,-0.028037252,-0.042288274,-2.6238859,-0.008547689,-0.0646956,-1.0871321
21840000,-0.028189719,-0.043561466,-2.6455207,-0.0076233447,-0.063659556,-1.081736
21860000,-0.028323527,-0.044813957,-2.667054,-0.0066905064,-0.06262455,-1.076663
21880000,-0.028436229,-0.046044115,-2.6884785,-0.0056350636,-0.061507896,-1.0712242
21900000,-0.028527888,-0.047247656,-2.7098045,-0.0045829443,-0.0601771,-1.0663004
21920000,-0.028599638,-0.048424665,-2.7310245,-0.0035874916,-0.058850434,-1.061002
21940000,-0.028649952,-0.049573563,-2.7521458,-0.002515715,-0.05744478,-1.0560647
21956000,-0.028676532,-0.05047127,-2.7689662,-0.0016612773,-0.05610669,-1.0512724
21976000,-0.028693072,-0.05156852,-2.7899044,-0.00082694547,-0.05486253,-1.0469089
21996000,-0.028690135,-0.052635983,-2.8107388,0.00014680334,-0.05337309,-1.0417223
22016000,-0.028668936,-0.05367282,-2.8314753,0.0010599789,-0.051842023,-1.0368198
22036000,-0.02862948,-0.054676592,-2.8521075,0.0019727775,-0.0501886,-1.0316162
22056000,-0.028575048,-0.05564807,-2.8726413,0.002721621,-0.04857376,-1.0266953
22076000,-0.028505793,-0.056586836,-2.893071,0.003462773,-0.046938274,-1.0214814
22096000,-0.02841716,-0.057493214,-2.913402,0.0044315723,-0.045318965,-1.0165498
22116000,-0.028311225,-0.058366343,-2.9336286,0.0052967956,-0.043656584,-1.0113267
22136000,-0.028193004,-0.059199844,-2.953756,0.005911047,-0.041675016,-1.0063736
22156000,-0.028060993,-0.05999441,-2.9737785,0.006600573,-0.039728314,-1.0011215
22176000,-0.027916998,-0.060752675,-2.9937012,0.0071997554,-0.03791316,-0.99613625
22196000,-0.027761921,-0.061473597,-3.013518,0.0077538653,-0.03604614,-0.9908472
22216000,-0.027596155,-0.06215592,-3.0332341,0.008288305,-0.0341161,-0.9858058
22236000,-0.027418183,-0.06280061,-3.0528433,0.008898577,-0.03223433,-0.9804565
22256000,-0.027226679,-0.063405015,-3.0723505,0.009575197,-0.030220494,-0.97535515
22276000,-0.027026448,-0.06396878,-3.0917494,0.010011496,-0.028188057,-0.96995187
22296000,-0.026823007,-0.064496525,-3.1110456,0.010172156,-0.026387425,-0.9648005
22316000,-0.026614392,-0.06498689,-3.1302323,0.010430713,-0.024518363,-0.9593443
22336000,-0.026400177,-0.06544055,-3.1493149,0.010710751,-0.022682747,-0.9541216
22356000,-0.02618015,-0.06585741,-3.1682866,0.011001362,-0.020843258,-0.9485878
22376000,-0.025957076,-0.066238254,-3.1871521,0.01115371,-0.019041995,-0.94327277
22396000,-0.025730908,-0.066581935,-3.2059042,0.0113084,-0.017184196,-0.9376115
22416000,-0.025499912,-0.06688757,-3.2245483,0.011549729,-0.015281788,-0.93220454
22436000,-0.025265465,-0.067156814,-3.2430854,0.011722428,-0.013461906,-0.92685133
22456000,-0.025030827,-0.06739019,-3.2615013,0.011731799,-0.011668985,-0.92080027
22476000,-0.024793578,-0.06758769,-3.2797992,0.011862496,-0.009875015,-0.91489005
22496000,-0.024554383,-0.06774957,-3.2979736,0.011959769,-0.008093964,-0.90872365
22516000,-0.024317423,-0.06787481,-3.3160312,0.011847971,-0.0062621157,-0.90288
22536000,-0.024081595,-0.06796545,-3.333968,0.0117914155,-0.0045317016,-0.89683336
22556000,-0.023844717,-0.06802229,-3.3517902,0.0118439095,-0.00284217,-0.89111036
22576000,-0.023604775,-0.068045184,-3.3694937,0.011997049,-0.0011446206,-0.8851745
22596000,-0.02336105,-0.06803511,-3.3870845,0.012186276,0.0005035811,-0.8795474
22616000,-0.023116222,-0.06799282,-3.404559,0.012241419,0.0021145951,-0.87371206
22636000,-0.022871079,-0.06791783,-3.4219258,0.012257159,0.0037494348,-0.868345
22656000,-0.022626335,-0.06781176,-3.4391801,0.012237189,0.005303739,-0.8627146
22676000,-0.022376956,-0.067673616,-3.456328,0.012468929,0.0069070533,-0.8573904
22696000,-0.02212187,-0.06750538,-3.4733624,0.012754301,0.008411433,-0.85173345
22716000,-0.021865206,-0.0673062,-3.4902892,0.012833184,0.00995933,-0.8463408
22736000,-0.021608058,-0.06707971,-3.5071013,0.012857388,0.011324496,-0.840599
22756000,-0.021348046,-0.06682515,-3.5238035,0.013000616,0.012727967,-0.8351131
22776000,-0.021085886,-0.06654222,-3.5403893,0.013107979,0.014146218,-0.8292814
22796000,-0.0208194,-0.06622885,-3.5568635,0.013324331,0.015668737,-0.8237123
22816000,-0.020547464,-0.06588627,-3.5732195,0.013596775,0.017129093,-0.8177999
22836000,-0.020272318,-0.0655169,-3.5894623,0.013757361,0.018468456,-0.8121427
22856000,-0.019993857,-0.06512272,-3.6055853,0.013923018,0.019708708,-0.8061486
22876000,-0.019712787,-0.064702526,-3.6215937,0.01405351,0.02100998,-0.8004178
22896000,-0.0194277,-0.06425625,-3.6374807,0.01425435,0.022313856,-0.794361
22916000,-0.01913764,-0.0637852,-3.6532524,0.014503038,0.023552163,-0.7885746
22936000,-0.018844895,-0.0632901,-3.668902,0.014637246,0.024755502,-0.78247786
22956000,-0.018550314,-0.062771715,-3.6844354,0.01472898,0.025918964,-0.7766709
22976000,-0.018253941,-0.062229365,-3.6998467,0.014818685,0.02711751,-0.7705684
22996000,-0.017953977,-0.061663948,-3.7151418,0.014998233,0.028270869,-0.76475286
23016000,-0.017649403,-0.06107639,-3.7303145,0.015228686,0.029377857,-0.75864
23036000,-0.017342573,-0.06046607,-3.7453685,0.015341517,0.03051614,-0.75270253
23056000,-0.017036162,-0.059834786,-3.7602968,0.015320544,0.031564184,-0.74641
23076000,-0.01672986,-0.059183072,-3.7751071,0.015315133,0.032585643,-0.74052256
23096000,-0.016420858,-0.058514122,-3.789795,0.015450017,0.03344754,-0.7343898
23116000,-0.016109137,-0.057826985,-3.8043659,0.015586058,0.03435686,-0.7285457
23136000,-0.015795512,-0.05712301,-3.8188143,0.0156813,0.035198744,-0.72242296
23156000,-0.015482372,-0.05640346,-3.8331463,0.015656969,0.035977416,-0.71659756
23176000,-0.0151682915,-0.055671327,-3.8473566,0.015704034,0.036606714,-0.71051383
23196000,-0.014853375,-0.05492591,-3.8614511,0.015745826,0.037270784,-0.70473164
23216000,-0.014537829,-0.05416618,-3.875425,0.015777303,0.03798662,-0.6986936
23236000,-0.014222195,-0.053396147,-3.8892844,0.015781676,0.038501523,-0.6929655
23256000,-0.0139071215,-0.05261637,-3.903024,0.015753664,0.03898895,-0.68697965
23276000,-0.013591548,-0.051828194,-3.9166467,0.015778683,0.039408773,-0.681139
23296000,-0.013279946,-0.051040508,-3.930144,0.015580138,0.03938422,-0.67486775
23316000,-0.012992092,-0.050265048,-3.9434862,0.014392647,0.03877314,-0.6671034
23336000,-0.012742081,-0.04951292,-3.9566333,0.012500611,0.037606448,-0.65735984
23356000,-0.0125292465,-0.048784748,-3.9695423,0.010641683,0.036408566,-0.6454476
23376000,-0.01233997,-0.0480735,-3.9821684,0.009463806,0.035562325,-0.63130677
23396000,-0.012160089,-0.04737159,-3.9944685,0.008994093,0.035095524,-0.6149988
23416000,-0.011976524,-0.046671573,-4.0064,0.009178221,0.035000846,-0.5965807
23436000,-0.011784106,-0.04596433,-4.017925,0.009620955,0.035362083,-0.57623315
23456000,-0.011573198,-0.045244318,-4.029006,0.010545348,0.03600057,-0.5540628
23476000,-0.011337428,-0.044510506,-4.0396056,0.0117884865,0.036690686,-0.5299804
23496000,-0.0110748,-0.043762166,-4.0496874,0.013131402,0.03741694,-0.50407887
23516000,-0.010784507,-0.042998746,-4.0592175,0.0145147005,0.038170937,-0.47650504
23536000,-0.01046326,-0.04221977,-4.0681634,0.016062308,0.038948946,-0.44730067
23556000,-0.010111535,-0.041424472,-4.076501,0.017586254,0.03976479,-0.41686824
23576000,-0.009729389,-0.040612724,-4.0842357,0.019107312,0.040587414,-0.38675836
23596000,-0.00930992,-0.039782632,-4.091415,0.020973463,0.041504614,-0.35895455
23616000,-0.008855622,-0.03893475,-4.0980954,0.02271488,0.042394124,-0.33401507
23636000,-0.008365311,-0.038071625,-4.104335,0.024515562,0.04315623,-0.31198713
23656000,-0.007838351,-0.03719608,-4.1101894,0.026347997,0.04377717,-0.2927275
23676000,-0.0072715315,-0.03630546,-4.1157117,0.02834096,0.04453108,-0.27609614
23696000,-0.0066622486,-0.035401843,-4.1209497,0.030464157,0.045180906,-0.26190612
23716000,-0.006012586,-0.03448324,-4.12595,0.032483142,0.045930218,-0.2500231
23736000,-0.005319923,-0.033549067,-4.1307554,0.034633126,0.0467086,-0.24026574
23756000,-0.004573254,-0.03259817,-4.1354055,0.037333455,0.047544755,-0.23250018
23776000,-0.0037485817,-0.03160507,-4.1399364,0.041233618,0.04965516,-0.22655544
23796000,-0.0028376745,-0.030564366,-4.1443834,0.04554537,0.052035116,-0.22234295
23816000,-0.0018437075,-0.029486783,-4.148778,0.049698345,0.05387914,-0.21972145
23836000,-0.00078183395,-0.028383013,-4.1531496,0.053093676,0.05518852,-0.21859214
23856000,0.0003372327,-0.027260788,-4.1575255,0.05595333,0.05611122,-0.2188059
23876000,0.0015080449,-0.026124442,-4.161931,0.058540612,0.05681728,-0.2202572
23896000,0.002721985,-0.024987623,-4.166387,0.06069701,0.056840964,-0.2228105
23916000,0.00396954,-0.023852956,-4.1709146,0.062377736,0.056733403,-0.2263682
23936000,0.005246628,-0.022720952,-4.17553,0.0638544,0.056600172,-0.23078492
23956000,0.0065461355,-0.02159582,-4.180249,0.06497538,0.056256518,-0.23594409
23976000,0.0078603,-0.020483116,-4.185083,0.06570823,0.055635247,-0.24169788
23996000,0.009186489,-0.01939145,-4.1900406,0.06630942,0.054583296,-0.24787046
24016000,0.010518935,-0.018321786,-4.195126,0.0666223,0.053483248,-0.25428876
24036000,0.011852202,-0.017274074,-4.2003407,0.06666336,0.052385543,-0.26074046
24056000,0.013176833,-0.016254805,-4.2056813,0.06623159,0.050963435,-0.26700988
24076000,0.01448703,-0.015269607,-4.21114,0.06550981,0.049259905,-0.27295023
24096000,0.015778076,-0.014318869,-4.216708,0.06455232,0.0475369,-0.27839932
24116000,0.01703986,-0.013410096,-4.222372,0.063089184,0.045438685,-0.28319228
24136000,0.018251127,-0.012557945,-4.2281165,0.06056331,0.042607553,-0.28722608
24156000,0.019400176,-0.011771353,-4.233926,0.05745244,0.039329574,-0.29047024
24176000,0.020491948,-0.011044263,-4.2397842,0.0545887,0.036354505,-0.2929269
24196000,0.021539394,-0.010364196,-4.2456775,0.052372225,0.034003343,-0.29465377
24216000,0.022553235,-0.009722182,-4.251591,0.050692063,0.03210076,-0.2956896
24236000,0.023538439,-0.009114009,-4.257513,0.049260195,0.03040857,-0.29609558
24256000,0.024496067,-0.0085380385,-4.2634315,0.04788145,0.028798554,-0.2959124
24276000,0.025426969,-0.007992245,-4.2693357,0.04654508,0.027289653,-0.29521245
24296000,0.026332108,-0.007473922,-4.2752166,0.04525691,0.025916198,-0.294037
24316000,0.027209003,-0.006980276,-4.2810655,0.043844763,0.024682283,-0.2924375
24336000,0.028059937,-0.0065116263,-4.286875,0.04254674,0.023432475,-0.29047143
24356000,0.028886393,-0.006067882,-4.292639,0.04132279,0.022187239,-0.28820705
24376000,0.029687872,-0.005647104,-4.2983522,0.040073957,0.02103889,-0.2856728
24396000,0.030463379,-0.0052487645,-4.304011,0.038775306,0.019916961,-0.28292215
24416000,0.031207412,-0.0048739696,-4.30961,0.03720169,0.01873976,-0.27996415
24432000,0.031776503,-0.0045945845,-4.314045,0.035568234,0.017461568,-0.27717087
24452000,0.03245292,-0.0042724116,-4.31953,0.033820678,0.016108632,-0.27425528
24472000,0.033097137,-0.0039746067,-4.3249483,0.03221104,0.0148902545,-0.27092353
24492000,0.033717386,-0.0036928833,-4.330299,0.031012379,0.014086171,-0.2675263
24512000,0.034316197,-0.0034245255,-4.3355803,0.02994048,0.013417884,-0.26407218
24532000,0.034894116,-0.0031708207,-4.3407917,0.028895931,0.012685247,-0.26057878
24552000,0.03545033,-0.0029316333,-4.3459334,0.027810737,0.011959366,-0.25707173
24572000,0.03598569,-0.0027057056,-4.3510046,0.026768079,0.011296385,-0.2535616
24592000,0.036501568,-0.0024927652,-4.356006,0.025793908,0.010647019,-0.25007147
24612000,0.03699538,-0.002290831,-4.360938,0.024690546,0.010096708,-0.2466032
24632000,0.037469584,-0.0021010174,-4.3658013,0.023710158,0.009490682,-0.2431781
24652000,0.03792744,-0.0019233816,-4.3705974,0.022892965,0.00888179,-0.23979554
24672000,0.038363848,-0.0017559957,-4.3753266,0.02182035,0.008369295,-0.2364669
24692000,0.03877825,-0.0016014201,-4.3799906,0.020719992,0.0077287825,-0.23319133
24712000,0.039168265,-0.0014617367,-4.38459,0.019500695,0.0069841663,-0.22998403
24732000,0.039535385,-0.0013336486,-4.389127,0.018356007,0.006404408,-0.22682227
24752000,0.039882388,-0.0012146356,-4.393601,0.017350156,0.005950649,-0.22371525
24772000,0.040213365,-0.0011029441,-4.398014,0.016548946,0.005584575,-0.22065088
24792000,0.040528525,-0.0009944167,-4.402367,0.015757982,0.0054263757,-0.21764632
24812000,0.040826194,-0.00088774815,-4.4066606,0.014883382,0.0053334236,-0.21468541
24832000,0.041110437,-0.00078462187,-4.4108963,0.014212192,0.0051563135,-0.21178426
24852000,0.04138268,-0.00068366353,-4.415075,0.013612271,0.0050479164,-0.20892489
24872000,0.041645054,-0.00058259885,-4.419197,0.013118626,0.0050532334,-0.20611733
24892000,0.041897304,-0.00048047712,-4.423264,0.0126125375,0.0051060882,-0.20334429
24912000,0.04213789,-0.00037812468,-4.4272766,0.01202934,0.0051176217,-0.20063213
24928000,0.04232101,-0.000296772,-4.4304485,0.011445021,0.005084542,-0.19823155
24952000,0.042584803,-0.00017725739,-4.4351435,0.01099121,0.0049797758,-0.19561686
24972000,0.042793702,-7.885376e-05,-4.438999,0.010445139,0.004920182,-0.19279939
24992000,0.04298803,1.44951955e-05,-4.4428053,0.0097163115,0.0046674474,-0.19029604
25012000,0.043166775,9.9411605e-05,-4.446562,0.008937173,0.0042458205,-0.18783915
25032000,0.043338962,0.00018193497,-4.4502707,0.008609352,0.004126168,-0.18544263
25052000,0.04350512,0.00026642086,-4.4539323,0.008308002,0.004224295,-0.18307593
25072000,0.043665197,0.00035175515,-4.457547,0.008003769,0.0042667147,-0.18074448
25108000,0.043941792,0.00050368137,-4.463938,0.007515748,0.004206262,-0.17640577
25128000,0.044086687,0.00058839505,-4.467426,0.007244655,0.004235686,-0.17437316
25148000,0.044223778,0.00067323586,-4.470868,0.0068545653,0.00424204,-0.17211094
25168000,0.044354714,0.0007593706,-4.4742656,0.0065468075,0.004306736,-0.16988386
25188000,0.044484343,0.00084529666,-4.4776187,0.0064814347,0.0042963033,-0.16764991
25208000,0.044610817,0.00093210884,-4.4809275,0.0063237543,0.00434061,-0.16544354
25228000,0.044731434,0.001015676,-4.4841924,0.0060307896,0.004178356,-0.16322418
25248000,0.04484333,0.0010947575,-4.487413,0.0055948547,0.0039540743,-0.1610273
25268000,0.04494557,0.0011681382,-4.490589,0.0051120254,0.0036690363,-0.15882061
25288000,0.04504105,0.0012351221,-4.493722,0.004774041,0.0033491962,-0.15663971
25308000,0.045128062,0.001299562,-4.496811,0.004350553,0.0032219961,-0.15445168
25328000,0.04520774,0.0013626241,-4.499857,0.003983826,0.0031531027,-0.1522974
25348000,0.04528333,0.0014236169,-4.5028596,0.003779411,0.0030496377,-0.15013687
25368000,0.04535376,0.0014831962,-4.50582,0.003521469,0.0029789635,-0.14800319
25388000,0.045419283,0.0015396579,-4.508737,0.0032763605,0.0028230934,-0.14585947
25408000,0.045480024,0.001592095,-4.511612,0.0030370578,0.002621851,-0.14374214
25428000,0.04553509,0.0016429444,-4.5144444,0.00275325,0.0025424694,-0.14162028
25448000,0.045586366,0.0016903823,-4.517235,0.002563729,0.0023718912,-0.13953127
25468000,0.04563177,0.0017291614,-4.5199833,0.0022701537,0.0019389552,-0.13743074
25488000,0.04567273,0.0017577345,-4.522691,0.0020480982,0.0014286588,-0.13536745
25508000,0.04570853,0.0017768464,-4.525357,0.0017899802,0.0009555953,-0.13330466
25528000,0.045734465,0.0017856915,-4.527982,0.0012967291,0.00044225238,-0.13128011
25548000,0.045752563,0.0017825757,-4.5305676,0.0009049869,-0.00015578345,-0.12925424
25568000,0.045765605,0.0017696151,-4.533113,0.0006520919,-0.0006480325,-0.1272825
25588000,0.04577512,0.0017465547,-4.5356197,0.0004756356,-0.0011530179,-0.12531893
25608000,0.045778792,0.0017106031,-4.5380874,0.00018368973,-0.0017975804,-0.123401426
25628000,0.04577752,0.0016626652,-4.5405173,-6.3801e-05,-0.0023968993,-0.12147977
25648000,0.045774113,0.0016027677,-4.542909,-0.00017022622,-0.0029948729,-0.11959853
25668000,0.045766782,0.0015272422,-4.5452633,-0.00036652302,-0.0037762711,-0.1177156
25688000,0.045750797,0.0014325702,-4.547581,-0.0007991819,-0.0047336044,-0.11587738
25708000,0.045727976,0.001320767,-4.5498614,-0.0011412033,-0.005590163,-0.114030875
25728000,0.045698132,0.0011888787,-4.552106,-0.0014920423,-0.006594416,-0.112224475
25748000,0.045659877,0.0010343604,-4.5543146,-0.0019128709,-0.007725914,-0.11041803
25768000,0.045612704,0.00085790665,-4.5564876,-0.0023585325,-0.008822685,-0.108658016
25788000,0.045559555,0.0006599339,-4.5586257,-0.0026575185,-0.009898638,-0.106893644
25808000,0.045502827,0.0004417639,-4.560729,-0.002836445,-0.010908498,-0.10517918
25828000,0.045440353,0.0001990927,-4.562798,-0.0031236773,-0.01213356,-0.10345379
25848000,0.045370147,-6.851439e-05,-4.5648336,-0.0035103452,-0.013380354,-0.10176646
25868000,0.045295477,-0.0003594446,-4.566835,-0.003733505,-0.014546511,-0.10008273
25888000,0.045218863,-0.0006706954,-4.5688043,-0.003830589,-0.015562539,-0.0984525
25908000,0.045139197,-0.0010039035,-4.5707407,-0.0039832196,-0.016660403,-0.09682718
25928000,0.04505523,-0.0013596815,-4.572646,-0.004198476,-0.017788902,-0.09526482
25948000,0.044966467,-0.0017377656,-4.57452,-0.0044381954,-0.018904204,-0.0937104
25968000,0.04487284,-0.002140286,-4.5763645,-0.004681312,-0.02012602,-0.09221693
25984000,0.04479645,-0.0024789148,-4.5778184,-0.0047745546,-0.021164304,-0.09086636
26008000,0.044680472,-0.0030102588,-4.579965,-0.0048322785,-0.022139326,-0.08945294
26028000,0.044581093,-0.0034761832,-4.5817227,-0.004968904,-0.023296228,-0.08788085
26048000,0.04448033,-0.003964642,-4.5834527,-0.005038119,-0.024422934,-0.08649802
26068000,0.04437683,-0.004477088,-4.585155,-0.005175048,-0.02562229,-0.08509777
26088000,0.04426776,-0.0050119534,-4.5868297,-0.0054536094,-0.026743291,-0.083743006
26108000,0.044155132,-0.005569574,-4.588477,-0.005631236,-0.027881013,-0.08237536
26128000,0.044037525,-0.006148118,-4.5900984,-0.0058804424,-0.028927222,-0.0810582
26148000,0.043917455,-0.006745916,-4.5916934,-0.0060034576,-0.029889872,-0.0797416
26168000,0.043794215,-0.007364275,-4.593263,-0.006162102,-0.030917972,-0.078494474
26188000,0.043667585,-0.008004818,-4.594808,-0.0063315104,-0.032027163,-0.077253975
26208000,0.043536846,-0.0086669205,-4.59633,-0.006536808,-0.03310509,-0.07609073
26228000,0.043404046,-0.009347292,-4.5978284,-0.006640109,-0.034018587,-0.07492248
26248000,0.04327034,-0.0100434795,-4.5993037,-0.0066853627,-0.03480937,-0.07377251
26268000,0.043135144,-0.010759273,-4.600757,-0.006759673,-0.03578967,-0.07266534
26288000,0.042998947,-0.011495871,-4.6021905,-0.006809863,-0.036829885,-0.07166721
26308000,0.0428629,-0.012250194,-4.6036043,-0.006802366,-0.03771619,-0.07068977
26328000,0.042724445,-0.013021051,-4.6050005,-0.00692274,-0.03854282,-0.06980438
26348000,0.04258402,-0.013809898,-4.606379,-0.0070212893,-0.039442375,-0.06893324
26368000,0.042440716,-0.014616356,-4.6077423,-0.00716513,-0.040322896,-0.068154715
26388000,0.04229647,-0.015439984,-4.60909,-0.007212402,-0.04118142,-0.06739516
26408000,0.04215451,-0.016279107,-4.6104245,-0.0070978585,-0.04195615,-0.06673353
26428000,0.04201087,-0.017132437,-4.6117463,-0.0071821283,-0.042666484,-0.06607966
26448000,0.041862838,-0.017998338,-4.6130567,-0.0074014794,-0.04329501,-0.06550879
26468000,0.0417117,-0.018874208,-4.614355,-0.0075569744,-0.043793518,-0.06493398
26488000,0.04155929,-0.019758701,-4.615644,-0.0076204212,-0.044224735,-0.064438485
26508000,0.041407365,-0.020652276,-4.616923,-0.0075963647,-0.04467863,-0.06393505
26528000,0.041254457,-0.021556128,-4.6181927,-0.007645344,-0.045192614,-0.06350787
26548000,0.04109868,-0.022465046,-4.619454,-0.0077888067,-0.045446016,-0.06306341
26568000,0.04094294,-0.02337772,-4.620708,-0.007787041,-0.04563367,-0.062701896
26588000,0.040788814,-0.02429364,-4.6219544,-0.007706328,-0.04579601,-0.062318236
26608000,0.04063382,-0.025212256,-4.6231947,-0.007749698,-0.04593076,-0.062010255
26628000,0.04047867,-0.026133254,-4.6244283,-0.0077575617,-0.046049934,-0.061671626
26648000,0.0403256,-0.027052091,-4.625656,-0.0076533244,-0.04594187,-0.061392643
26668000,0.040174227,-0.027969468,-4.6268773,-0.0075687394,-0.045868758,-0.06107694
26688000,0.04002561,-0.028886328,-4.6280937,-0.0074308575,-0.045842968,-0.060807683
26708000,0.039881796,-0.029800568,-4.6293035,-0.0071906787,-0.04571204,-0.06049456
26728000,0.039743643,-0.030708771,-4.630508,-0.0069077336,-0.045410134,-0.060221083
26748000,0.039611354,-0.031612046,-4.6317058,-0.006614388,-0.045163795,-0.05989641
26768000,0.039485086,-0.03251123,-4.632898,-0.0063133333,-0.04495927,-0.059607856
26788000,0.039368734,-0.033406343,-4.6340837,-0.0058177416,-0.04475557,-0.059273336
26808000,0.039261255,-0.03429516,-4.635263,-0.0053738276,-0.044440802,-0.058975767
26828000,0.039161824,-0.035178475,-4.636436,-0.004971516,-0.044165704,-0.058642942
26848000,0.0390709,-0.03605534,-4.637603,-0.004546257,-0.04384349,-0.058355246
26868000,0.03899052,-0.036925137,-4.638764,-0.0040189927,-0.043489646,-0.05804345
26888000,0.03891968,-0.037787307,-4.6399193,-0.0035420093,-0.043108467,-0.05778149
26908000,0.038861357,-0.038640145,-4.6410694,-0.0029162613,-0.04264208,-0.057488594
26928000,0.03881803,-0.039483715,-4.642214,-0.0021662149,-0.042178478,-0.057234325
26948000,0.03878775,-0.04031632,-4.643353,-0.001514153,-0.041630294,-0.056945
26968000,0.038766194,-0.041139465,-4.6444864,-0.0010776441,-0.041157182,-0.05668909
26988000,0.038752623,-0.041952066,-4.6456146,-0.0006786328,-0.040629975,-0.056398034
27008000,0.038752917,-0.04275405,-4.6467376,1.4829081e-05,-0.040099178,-0.056139026
27028000,0.038768154,-0.043544702,-4.6478543,0.00076174235,-0.03953267,-0.055843327
27048000,0.03879875,-0.044321712,-4.6489654,0.001529811,-0.038850486,-0.05556583
27068000,0.038843557,-0.04508283,-4.65007,0.0022403526,-0.03805589,-0.05523732
27088000,0.0389012,-0.045828793,-4.651169,0.002882079,-0.037298128,-0.054919224
27108000,0.03897221,-0.046560045,-4.65226,0.0035506294,-0.036562685,-0.054553423
27128000,0.039058324,-0.047274526,-4.6533437,0.004305689,-0.035723962,-0.054195106
27148000,0.039157063,-0.04797069,-4.6544194,0.0049369163,-0.034808252,-0.05379221
27168000,0.039269704,-0.048646983,-4.6554847,0.0056320643,-0.033814583,-0.053262584
27188000,0.03939572,-0.049305283,-4.656537,0.006300807,-0.03291508,-0.052608524
27208000,0.039532784,-0.04994386,-4.6575813,0.0068532145,-0.03192875,-0.052210096
27228000,0.039681878,-0.050561633,-4.6586185,0.00745457,-0.030888733,-0.05187334
27248000,0.039841592,-0.051160153,-4.6596475,0.0079858275,-0.029925928,-0.051452123
27268000,0.04001354,-0.05173963,-4.6606665,0.008597374,-0.028973896,-0.050941184
27288000,0.040195834,-0.052295245,-4.6616745,0.0091147255,-0.027780684,-0.05040422
27308000,0.040385544,-0.052826203,-4.662671,0.009485455,-0.026548073,-0.049817882
27328000,0.04058369,-0.053334314,-4.6636553,0.009907172,-0.025405388,-0.049229313
27348000,0.04078831,-0.053820517,-4.6646276,0.010231296,-0.024310147,-0.048606154
27368000,0.04099744,-0.054283846,-4.6655874,0.010456512,-0.02316656,-0.047998935
27388000,0.041212525,-0.05471957,-4.666535,0.010754177,-0.021786194,-0.047366574
27408000,0.041432224,-0.055126186,-4.6674695,0.010984768,-0.020330867,-0.046734467
27428000,0.041653823,-0.055504058,-4.6683917,0.011080126,-0.018893506,-0.04610907
27448000,0.041874405,-0.055854898,-4.6693025,0.011029045,-0.017542012,-0.04552478
27468000,0.042094477,-0.056178126,-4.670201,0.011003526,-0.016161473,-0.044936866
27488000,0.04231421,-0.05647227,-4.6710887,0.010986724,-0.014707125,-0.04437417
27508000,0.04252934,-0.0567392,-4.671965,0.010756414,-0.013346445,-0.04382088
27528000,0.04273696,-0.056977965,-4.672831,0.010380963,-0.01193821,-0.043314613
27548000,0.04293853,-0.057187352,-4.673688,0.010078552,-0.010469361,-0.04282743
27568000,0.043133903,-0.05736769,-4.6745358,0.0097687505,-0.009016869,-0.04238712
27588000,0.043323006,-0.057518885,-4.675375,0.00945508,-0.0075598457,-0.041969717
27608000,0.043504357,-0.057638586,-4.676207,0.009067536,-0.005985023,-0.04160761
27628000,0.043674327,-0.057729013,-4.6770315,0.008498537,-0.0045214463,-0.041227527
27648000,0.04383362,-0.05779155,-4.6778483,0.007964615,-0.0031267013,-0.040834222
27668000,0.04398011,-0.057823,-4.678657,0.007324459,-0.0015724777,-0.040440854
27688000,0.044112477,-0.057821475,-4.679458,0.0066184686,7.60857e-05,-0.04005013
27708000,0.044232156,-0.057786115,-4.6802516,0.005983857,0.0017680771,-0.039669108
27728000,0.044338293,-0.057718787,-4.6810374,0.0053068297,0.0033662831,-0.03930423
27748000,0.04442845,-0.05761971,-4.681817,0.0045078075,0.0049539004,-0.038964946
27768000,0.044503216,-0.057486795,-4.68259,0.0037383183,0.006645869,-0.03866185
27788000,0.04456245,-0.05732285,-4.6833577,0.0029618025,0.008197346,-0.0383889
27808000,0.04460709,-0.057126723,-4.6841207,0.0022321357,0.009806124,-0.038137212
27828000,0.044639952,-0.05689705,-4.684879,0.0016429228,0.011483685,-0.03790736
27848000,0.044661734,-0.056632765,-4.6856327,0.0010890842,0.013214396,-0.037693065
27868000,0.0446693,-0.056336723,-4.686383,0.00037842535,0.014801956,-0.03749907
27888000,0.044664737,-0.05600975,-4.687129,-0.00022833841,0.016348626,-0.037325297
27908000,0.04464808,-0.05564895,-4.6878724,-0.00083266,0.018040039,-0.03715409
27928000,0.044618063,-0.055253677,-4.688612,-0.0015009941,0.019763757,-0.036980107
27948000,0.04457923,-0.05482651,-4.689348,-0.001941647,0.021358252,-0.03681109
27968000,0.04453271,-0.054369163,-4.690081,-0.0023260051,0.022867361,-0.036646023
27988000,0.04448013,-0.05387997,-4.6908107,-0.0026289353,0.024459762,-0.036485888
28008000,0.04441542,-0.053357717,-4.6915374,-0.0032353608,0.02611262,-0.03632276
28028000,0.044341452,-0.05280497,-4.69226,-0.0036984796,0.027637215,-0.0361344
28048000,0.04426086,-0.052221235,-4.6929784,-0.0040296935,0.029186819,-0.035916157
28068000,0.04417204,-0.05160539,-4.6936917,-0.0044409917,0.030792361,-0.035678603
28088000,0.04407543,-0.05095968,-4.6944003,-0.00483054,0.032285284,-0.035425752
28108000,0.043969877,-0.05028573,-4.6951036,-0.005277681,0.033697534,-0.035159096
28128000,0.043857515,-0.049586143,-4.6958013,-0.0056180027,0.034979355,-0.03488417
28148000,0.0437392,-0.04886137,-4.696493,-0.005915871,0.036238734,-0.034602765
28168000,0.043612327,-0.04811304,-4.6971793,-0.006343502,0.037416372,-0.03431702
28188000,0.04347906,-0.04734039,-4.6978602,-0.006663504,0.038632657,-0.03402657
28208000,0.043336224,-0.046544675,-4.698535,-0.007141786,0.039785706,-0.033737727
28228000,0.043188587,-0.045726996,-4.699204,-0.0073818127,0.04088392,-0.033457335
28248000,0.043037597,-0.04488945,-4.6998672,-0.007549368,0.04187722,-0.033170536
28268000,0.042881586,-0.04403455,-4.700525,-0.007800622,0.042744994,-0.03287562
28288000,0.04271981,-0.043161914,-4.701176,-0.008088814,0.04363191,-0.032575574
28308000,0.0425522,-0.042271692,-4.701822,-0.008380477,0.044511084,-0.03227159
28328000,0.04237594,-0.04136729,-4.702461,-0.008812908,0.045220222,-0.031959508
28348000,0.042194195,-0.0404491,-4.703094,-0.009087341,0.045909308,-0.03164092
28368000,0.04201042,-0.039519027,-4.70372,-0.009188779,0.046503723,-0.031310603
28388000,0.041818876,-0.038578976,-4.7043395,-0.009577278,0.047002487,-0.030966306
28408000,0.04161706,-0.03763108,-4.7049513,-0.01009076,0.04739484,-0.030602604
28428000,0.0414073,-0.03667576,-4.705556,-0.010488017,0.047766156,-0.030234981
28448000,0.041192546,-0.03571495,-4.7061534,-0.01073755,0.048040286,-0.029860593
28468000,0.040967803,-0.034749057,-4.706743,-0.011237147,0.048294786,-0.02948284
28488000,0.04073368,-0.03377961,-4.707325,-0.011706179,0.048472296,-0.029102389
28508000,0.040493615,-0.03280876,-4.7078996,-0.012003245,0.048542585,-0.028724594
28528000,0.040245652,-0.031835426,-4.708467,-0.012398251,0.048666578,-0.028364906
28548000,0.039988015,-0.030862598,-4.709028,-0.012881881,0.04864146,-0.028037177
28568000,0.03972407,-0.029896015,-4.7095823,-0.013197183,0.048329063,-0.027730115
28588000,0.039453156,-0.028934041,-4.7101307,-0.013545642,0.04809876,-0.027437195
28608000,0.03917317,-0.027977636,-4.710671,-0.013999257,0.047820214,-0.027008157
28628000,0.03888497,-0.027036462,-4.711199,-0.014410073,0.04705871,-0.026376864
28648000,0.038590662,-0.026122946,-4.7117124,-0.014715374,0.04567582,-0.025695013
28668000,0.038287394,-0.025235403,-4.712213,-0.015163453,0.0443771,-0.02503431
28688000,0.03797376,-0.024366729,-4.712702,-0.015681582,0.043433767,-0.02443573
28708000,0.03741462,-0.023481578,-4.7136188,-0.02795712,0.044257578,-0.04584282
28728000,0.035321902,-0.02242786,-4.7157865,-0.10463578,0.05268585,-0.10838628
28748000,0.030827967,-0.021095071,-4.719419,-0.22469682,0.066639416,-0.18163049
28764000,0.025773155,-0.01986664,-4.7233763,-0.3159258,0.07677699,-0.24732807
28784000,0.01846989,-0.018231833,-4.7295594,-0.36516327,0.08174035,-0.30916306
28804000,0.010863947,-0.016584737,-4.7369514,-0.38029715,0.08235479,-0.3695919
28824000,0.003654981,-0.014991226,-4.7453127,-0.36044827,0.0796756,-0.41805497
28844000,-0.0027230224,-0.013505868,-4.754399,-0.31890017,0.07426789,-0.45431727
28864000,-0.007899539,-0.012170088,-4.763957,-0.25882578,0.06678901,-0.4779128
28884000,-0.011669397,-0.011013022,-4.773761,-0.18849297,0.057853293,-0.49017486
28904000,-0.013834889,-0.010055079,-4.7835946,-0.10827456,0.04789712,-0.49169308
28924000,-0.014313268,-0.009307127,-4.7932873,-0.023918929,0.03739759,-0.4846373
28944000,-0.0130062485,-0.008775622,-4.802683,0.065350935,0.02657526,-0.46979317
28964000,-0.009920688,-0.008460611,-4.8116817,0.15427801,0.015750539,-0.4499346
28984000,-0.005032392,-0.008360756,-4.8201966,0.2444148,0.004992785,-0.42574164
29004000,0.0016310643,-0.008474741,-4.828178,0.33317283,-0.0056992862,-0.39906794
29024000,0.010075132,-0.008804661,-4.8355827,0.42220342,-0.016496003,-0.37023106
29044000,0.020268036,-0.00934971,-4.8423967,0.50964516,-0.027252441,-0.3406955
29064000,0.0321978,-0.010107093,-4.8486114,0.5964882,-0.037869114,-0.31073076
29084000,0.045834374,-0.0110734105,-4.854235,0.6818288,-0.048315898,-0.2812003
29104000,0.061160296,-0.01224389,-4.8592796,0.766296,-0.05852397,-0.25223464
29124000,0.078148745,-0.013619283,-4.8637657,0.84942263,-0.068769656,-0.22428446
29144000,0.09677572,-0.015197057,-4.8677163,0.9313485,-0.07888872,-0.19752872
29164000,0.117012024,-0.016976176,-4.8711605,1.0118151,-0.08895593,-0.17222783
29184000,0.13883236,-0.018956345,-4.874129,1.0910169,-0.099008456,-0.14840408
29204000,0.16220583,-0.021134917,-4.876653,1.168674,-0.10892862,-0.12623034
29224000,0.18709633,-0.023510998,-4.8787694,1.2445245,-0.118803985,-0.10580077
29244000,0.21347427,-0.026085133,-4.880509,1.3188975,-0.12870672,-0.08697233
29264000,0.24130541,-0.02885276,-4.881905,1.391557,-0.13838144,-0.069814906
29284000,0.27055013,-0.03181218,-4.8829927,1.4622352,-0.14797094,-0.054376017
29304000,0.30117422,-0.034957204,-4.883803,1.5312046,-0.15725115,-0.040504377
29324000,0.3331378,-0.03828418,-4.8843675,1.5981802,-0.16634877,-0.028238552
29344000,0.36640546,-0.04178664,-4.884716,1.6633819,-0.17512308,-0.01743358
29364000,0.40093422,-0.045458443,-4.884879,1.7264384,-0.18359019,-0.008142326
29384000,0.43668815,-0.049284045,-4.8848825,1.7876961,-0.19128011,-0.00017241943
29404000,0.47361344,-0.053257186,-4.8847566,1.8462647,-0.19865705,0.006295203
29424000,0.5116796,-0.057361964,-4.884522,1.9033074,-0.20523882,0.011734857
29444000,0.5508422,-0.061588094,-4.8842015,1.9581325,-0.21130645,0.016010331
29464000,0.5910629,-0.06591872,-4.883816,2.0110338,-0.21653134,0.01930462
29484000,0.63229036,-0.070339896,-4.8833847,2.0613732,-0.2210588,0.021538254
29504000,0.67449516,-0.07483224,-4.8829226,2.1102383,-0.22461733,0.023114957
29524000,0.71762633,-0.07938367,-4.8824463,2.1565604,-0.22757138,0.023811918
29544000,0.7616497,-0.083970904,-4.881967,2.2011685,-0.22936164,0.023955267
29564000,0.8065162,-0.088579424,-4.881499,2.2433217,-0.23042591,0.02342399
29584000,0.8521973,-0.09318348,-4.8810477,2.2840567,-0.23020294,0.022553928
29604000,0.8986462,-0.097770706,-4.8806233,2.3224437,-0.22936143,0.021206906
29624000,0.9458297,-0.10231926,-4.8802314,2.3591774,-0.22742783,0.019608036
29644000,0.9937015,-0.10681579,-4.879878,2.393592,-0.22482635,0.017662466
29664000,1.0422347,-0.11123846,-4.8795652,2.4266567,-0.22113316,0.015633373
29684000,1.091387,-0.11557203,-4.8792973,2.4576187,-0.21667883,0.013403415
29704000,1.1411345,-0.11979992,-4.8790736,2.48737,-0.2113943,0.011193893
29724000,1.1914352,-0.123915836,-4.878896,2.515038,-0.205796,0.008857959
29744000,1.2422652,-0.12790467,-4.878764,2.5414991,-0.19944173,0.006595249
29764000,1.2935864,-0.13175835,-4.8786783,2.566058,-0.1926839,0.004294919
29784000,1.3453785,-0.13546284,-4.878636,2.5896099,-0.18522464,0.0021297731
29804000,1.3976051,-0.13901459,-4.878637,2.611323,-0.17758746,-3.9482526e-05
29824000,1.4502463,-0.14240637,-4.878678,2.6320672,-0.16958885,-0.002055864
29844000,1.503271,-0.14563721,-4.878758,2.6512325,-0.16154252,-0.0040132445
29864000,1.5566641,-0.14870228,-4.8788743,2.6696548,-0.15325266,-0.00580111
29884000,1.6103953,-0.15159868,-4.879025,2.686559,-0.14481999,-0.0075370134
29904000,1.6644484,-0.1543229,-4.879207,2.7026548,-0.1362121,-0.009124134
29924000,1.7187948,-0.15687843,-4.8794203,2.7173226,-0.1277754,-0.0106516685
29944000,1.7734245,-0.15926558,-4.8796606,2.7314858,-0.1193577,-0.012017251
29964000,1.8283143,-0.16148758,-4.879927,2.744489,-0.11109987,-0.0133141
29984000,1.8834525,-0.16354448,-4.8802166,2.7569108,-0.102844775,-0.0144797675
30004000,1.9388182,-0.1654397,-4.8805285,2.7682858,-0.09476139,-0.015585426
30024000,1.9944001,-0.16717651,-4.88086,2.7790928,-0.08684072,-0.016591862
30044000,2.0501785,-0.168757,-4.881211,2.7889261,-0.079024784,-0.017546799
30064000,2.1061442,-0.17018333,-4.8815794,2.7982802,-0.071316496,-0.01842166
30084000,2.1622808,-0.17145854,-4.8819647,2.8068292,-0.06376057,-0.019262318
30104000,2.2185783,-0.17259116,-4.8823657,2.814881,-0.056630783,-0.020061804
30124000,2.2750256,-0.17358704,-4.8827825,2.822362,-0.049793586,-0.020815808
30144000,2.331619,-0.17445084,-4.883212,2.8296623,-0.04319067,-0.02148874
30164000,2.3883433,-0.175188,-4.8836546,2.836223,-0.036858164,-0.022124471
30184000,2.445192,-0.17580032,-4.8841085,2.8424356,-0.030615833,-0.02269026
30204000,2.5021558,-0.17629702,-4.8845725,2.8481874,-0.02483466,-0.02320919
30224000,2.559229,-0.17668454,-4.8850455,2.8536577,-0.01937573,-0.023661088
30244000,2.6164055,-0.1769657,-4.8855267,2.8588274,-0.01405775,-0.024037076
30264000,2.6736784,-0.17714432,-4.886013,2.8636465,-0.008931387,-0.024337532
30284000,2.731041,-0.17722626,-4.8865047,2.8681195,-0.0040967944,-0.024562426
30304000,2.788489,-0.17721498,-4.886998,2.872407,0.0005634391,-0.02469157
30324000,2.8460164,-0.17711346,-4.887493,2.8763735,0.0050763395,-0.024735084
30344000,2.9036176,-0.17692757,-4.887987,2.8800564,0.0092946645,-0.024700783
30364000,2.961289,-0.17666247,-4.8884788,2.883563,0.013254439,-0.024586808
30384000,3.0190282,-0.17631982,-4.8889666,2.8869672,0.017132891,-0.024386674
30404000,3.0768335,-0.17590311,-4.8894486,2.8902652,0.020835591,-0.024109669
30424000,3.1347013,-0.17541303,-4.889924,2.8933876,0.024503978,-0.023760384
30444000,3.1926284,-0.17485465,-4.890391,2.8963573,0.027918605,-0.023360092
30464000,3.250612,-0.17423074,-4.8908496,2.8991845,0.031195832,-0.022914575
30484000,3.3086488,-0.17354503,-4.8912983,2.901842,0.0342853,-0.022435812
30504000,3.3667367,-0.17279796,-4.8917365,2.9043806,0.037353575,-0.021920465
30524000,3.424875,-0.17199321,-4.8921638,2.9069257,0.04023792,-0.02136834
30544000,3.4830635,-0.17113191,-4.8925796,2.909424,0.043064624,-0.02078927
30564000,3.5412989,-0.17021587,-4.8929834,2.9117646,0.045802087,-0.020190481
30584000,3.59958,-0.16924788,-4.893375,2.914055,0.048399255,-0.019579018
30604000,3.6579084,-0.1682307,-4.893754,2.9164288,0.050858997,-0.018957347
30624000,3.716281,-0.16716643,-4.894121,2.918616,0.053213987,-0.018345611
30644000,3.7746909,-0.16605574,-4.894476,2.920506,0.055533927,-0.017747708
30664000,3.833141,-0.16489775,-4.8948193,2.9225042,0.0578999,-0.017151019
30684000,3.8916337,-0.16369306,-4.89515,2.9246314,0.060234565,-0.016562035
30704000,3.9501634,-0.16244487,-4.8954706,2.926479,0.06240914,-0.01600655
30724000,4.0087323,-0.16115768,-4.8957796,2.9284503,0.06435945,-0.015454258
30744000,4.0673428,-0.15983206,-4.8960776,2.930533,0.06628104,-0.014906752
30764000,4.1259913,-0.15846975,-4.8963656,2.932432,0.06811527,-0.014388703
30784000,4.184675,-0.15707403,-4.896643,2.9341853,0.069786586,-0.0138938725
30804000,4.2433953,-0.15564585,-4.8969116,2.9360144,0.07140892,-0.013415741
30824000,4.302153,-0.15418552,-4.897171,2.9378815,0.07301632,-0.012965449
30844000,4.3609457,-0.15269512,-4.897422,2.9396212,0.07452036,-0.012546375
30864000,4.4197717,-0.15117478,-4.8976645,2.9412985,0.0760168,-0.012140084
30884000,4.478634,-0.14962947,-4.8978996,2.9431112,0.0772654,-0.011747275
30904000,4.537527,-0.14805755,-4.8981276,2.9446633,0.07859601,-0.011392404
30924000,4.5964518,-0.14645998,-4.898349,2.9462245,0.079878494,-0.011055089
30944000,4.65541,-0.14483877,-4.898563,2.947917,0.081060775,-0.010719334
30964000,4.714403,-0.143197,-4.898771,2.9496748,0.082088366,-0.010392461
30984000,4.77343,-0.14153187,-4.8989725,2.9513154,0.08325649,-0.010086752
31004000,4.8324866,-0.13984679,-4.8991685,2.9528458,0.084254295,-0.009792331
31024000,4.891575,-0.13814475,-4.8993583,2.9544177,0.08510203,-0.009489996
31044000,4.950696,-0.13642628,-4.899542,2.9560583,0.085922904,-0.009182031
31064000,5.0098515,-0.13468738,-4.899719,2.9577584,0.08694493,-0.008876631
31084000,5.0690393,-0.1329314,-4.899891,2.9594057,0.08779967,-0.008575456
31104000,5.1282573,-0.13116254,-4.9000564,2.960891,0.08844261,-0.008268934
31124000,5.1875052,-0.12938362,-4.900215,2.962403,0.088945866,-0.007949012
31144000,5.2467856,-0.12759162,-4.9003677,2.964019,0.08960024,-0.0076158964
31164000,5.306102,-0.12578303,-4.9005127,2.96581,0.09042976,-0.007257197
31184000,5.3654485,-0.123962276,-4.9006505,2.9673326,0.091037445,-0.006896376
31204000,5.424829,-0.12213291,-4.9007807,2.9690163,0.09146802,-0.0065114214
31224000,5.484243,-0.12029539,-4.900903,2.9706993,0.091876194,-0.006108898
31244000,5.543689,-0.11844719,-4.901017,2.9723043,0.09240977,-0.0056992155
31264000,5.6031675,-0.11658868,-4.9011226,2.9739351,0.09292543,-0.005281675
31284000,5.6626806,-0.11472318,-4.90122,2.9756446,0.09327516,-0.0048625
31304000,5.7222304,-0.112852275,-4.9013085,2.9774973,0.09354547,-0.0044333325
31324000,5.781818,-0.110975064,-4.9013886,2.979365,0.09386053,-0.0040057185
31344000,5.84144,-0.10908976,-4.9014606,2.9811294,0.09426489,-0.0035904688
31364000,5.901098,-0.10719649,-4.901524,2.9828594,0.0946637,-0.003174183
31384000,5.96079,-0.10529707,-4.9015794,2.9846208,0.094970696,-0.0027703135
31404000,6.02052,-0.103393935,-4.901627,2.986503,0.095157154,-0.0023839318
31420000,6.0683284,-0.10186825,-4.90166,2.9880083,0.09535515,-0.0020570108
31440000,6.128119,-0.09995519,-4.901695,2.9895465,0.09565274,-0.0017346157
31460000,6.187948,-0.09803572,-4.901722,2.991463,0.09597359,-0.0013654676
31480000,6.247815,-0.096113876,-4.901742,2.9933503,0.09609242,-0.0009989426
31500000,6.3077164,-0.094188325,-4.901755,2.9950519,0.09627751,-0.0006474125
31520000,6.3676534,-0.09225884,-4.9017606,2.9968417,0.096474275,-0.0002883255
31540000,6.427625,-0.09032349,-4.901759,2.9986,0.09676725,7.2126444e-05
31560000,6.4876347,-0.08838558,-4.9017506,3.0004709,0.09689572,0.00042164716
31580000,6.5476775,-0.08644713,-4.901736,3.0021446,0.09692263,0.0007511679
31600000,6.6077557,-0.08450742,-4.901714,3.003902,0.09698523,0.0010898387
31620000,6.667895,-0.0825643,-4.901684,3.0069613,0.09715591,0.0015019678
31640000,6.728141,-0.08061677,-4.9016438,3.0122964,0.09737654,0.0020119036
31660000,6.788538,-0.07866855,-4.9015913,3.0198665,0.09741131,0.0026313057
31680000,6.8491125,-0.07671843,-4.9015245,3.028729,0.09750597,0.0033309222
31700000,6.9098725,-0.074765004,-4.901444,3.037994,0.09767136,0.004021071
31720000,6.970814,-0.07280864,-4.901352,3.0470965,0.09781807,0.0045960443
31740000,7.0319242,-0.070846386,-4.9012527,3.0554826,0.098112844,0.004966856
31760000,7.093177,-0.06888044,-4.901151,3.0626366,0.098297164,0.005077481
31780000,7.154544,-0.06691072,-4.901053,3.0683503,0.098485865,0.0049065505
31800000,7.2159986,-0.06493864,-4.9009643,3.0727332,0.0986041,0.0044352366
31820000,7.2775,-0.06295997,-4.900892,3.0750875,0.098933525,0.0036387937
31840000,7.339014,-0.060982488,-4.9008403,3.0757024,0.09887403,0.0025617208
31860000,7.400504,-0.058997206,-4.900816,3.0744865,0.099264175,0.001220795
31880000,7.4619265,-0.057016637,-4.900823,3.0711155,0.099028446,-0.00035904214
31900000,7.5232368,-0.055033144,-4.9008656,3.0655212,0.099174686,-0.002123415
31920000,7.5843987,-0.053055547,-4.900946,3.0581026,0.098879896,-0.0040321266
31940000,7.645371,-0.051077545,-4.9010673,3.0486143,0.09890014,-0.006049534
31960000,7.706111,-0.04910658,-4.90123,3.036982,0.09854824,-0.008133418
31980000,7.7665806,-0.047134977,-4.9014344,3.0235016,0.09858007,-0.010236337
32000000,7.826739,-0.04516982,-4.9016814,3.007902,0.09825787,-0.012329788
32020000,7.8865457,-0.043203607,-4.901969,2.9903445,0.09831069,-0.014380202
32040000,7.9459667,-0.04124936,-4.902296,2.971049,0.097712174,-0.01636583
32060000,8.004968,-0.039297197,-4.9026613,2.9500456,0.09760833,-0.018268906
32080000,8.063512,-0.037357993,-4.903063,2.927218,0.09696012,-0.020059122
32096000,8.109995,-0.03581155,-4.9034076,2.9051986,0.09665266,-0.021557663
32116000,8.167629,-0.03388992,-4.9038663,2.8817093,0.09608164,-0.022921842
32136000,8.224719,-0.03197671,-4.904352,2.8544943,0.095660366,-0.024312211
32156000,8.281235,-0.030076008,-4.904863,2.8257713,0.09503509,-0.025523305
32176000,8.337148,-0.028185051,-4.905394,2.795638,0.094547875,-0.026553614
32196000,8.392425,-0.026312232,-4.905941,2.7638676,0.09364099,-0.027364103
32216000,8.447044,-0.024452833,-4.9065013,2.7309945,0.09296989,-0.028002009
32236000,8.500981,-0.022610074,-4.90707,2.6968558,0.09213802,-0.028446909
32256000,8.554216,-0.020781467,-4.9076447,2.6617439,0.09143036,-0.028738845
32276000,8.606724,-0.01897565,-4.9082217,2.6253512,0.09029081,-0.028837102
32296000,8.658486,-0.01719201,-4.9087977,2.588142,0.08918205,-0.028798368
32316000,8.709486,-0.015427882,-4.9093695,2.5499935,0.088206396,-0.028602919
32336000,8.759704,-0.013683793,-4.909934,2.5108564,0.08720443,-0.028228234
32356000,8.809119,-0.011965797,-4.9104877,2.4708076,0.08589977,-0.027680537
32376000,8.85772,-0.010271716,-4.911028,2.4300542,0.08470408,-0.026996525
32396000,8.90549,-0.008601257,-4.911551,2.388453,0.08352295,-0.026149733
32416000,8.952418,-0.006954856,-4.912055,2.346427,0.08232003,-0.025217585
32436000,8.99849,-0.0053347116,-4.912538,2.303598,0.08100723,-0.024135534
32456000,9.0436945,-0.0037412932,-4.912997,2.2601953,0.079670936,-0.022943366
32476000,9.088022,-0.0021718612,-4.91343,2.2163815,0.07847159,-0.02168504
32496000,9.131467,-0.00062552764,-4.913838,2.1722565,0.07731668,-0.020387255
32516000,9.174017,0.0008899337,-4.914218,2.127521,0.07577307,-0.018983776
32536000,9.215667,0.0023790237,-4.9145684,2.0824902,0.0744545,-0.01752433
32556000,9.256413,0.003844584,-4.9148893,2.0373175,0.07327801,-0.016040968
32576000,9.296254,0.0052876878,-4.91518,1.9920279,0.072155185,-0.014550388
32596000,9.335182,0.006706236,-4.9154406,1.9464169,0.070927404,-0.013022731
32616000,9.373201,0.008103353,-4.9156713,1.9009266,0.06985585,-0.011539678
32636000,9.410304,0.009483287,-4.9158716,1.8551538,0.0689967,-0.010003067
32652000,9.439328,0.010574399,-4.9160094,1.8140364,0.06819449,-0.008634939
32672000,9.474792,0.01192255,-4.916156,1.7731274,0.067407586,-0.0073221363
32692000,9.509343,0.013258015,-4.916273,1.7275914,0.06677322,-0.0058583957
32712000,9.542984,0.014580401,-4.9163613,1.6820571,0.06611929,-0.0044092084
32732000,9.575719,0.015891286,-4.916422,1.636738,0.06554421,-0.0030286673
32752000,9.607553,0.01719678,-4.9164567,1.5916789,0.06527476,-0.001726726
32772000,9.638487,0.018496564,-4.9164658,1.5466994,0.06498917,-0.00045505152
32792000,9.668529,0.01979147,-4.916451,1.502112,0.064745404,0.00072785455
32812000,9.697684,0.021083841,-4.916414,1.4577978,0.064618506,0.0018531708
32832000,9.72596,0.022379896,-4.9163556,1.4137628,0.06480271,0.0029166352
32852000,9.753365,0.0236802,-4.9162784,1.3702483,0.06501521,0.0038741177
32872000,9.779906,0.024983635,-4.9161825,1.3270788,0.06517181,0.0047747716
32892000,9.805592,0.026292762,-4.91607,1.2842442,0.06545625,0.0056268773
32912000,9.830431,0.027610615,-4.9159427,1.2420013,0.06589271,0.0063767717
32932000,9.854438,0.028940974,-4.9158015,1.2003093,0.06651793,0.0070434795
32952000,9.877619,0.030284384,-4.9156485,1.1590537,0.0671705,0.0076563936
32972000,9.899985,0.031642307,-4.915485,1.1183317,0.06789612,0.008194081
32992000,9.921549,0.03301556,-4.9153113,1.0781587,0.06866277,0.008660498
33012000,9.94232,0.03440745,-4.9151306,1.0385633,0.06959443,0.009055607
33032000,9.962312,0.035818156,-4.9149427,0.9995958,0.07053536,0.00937874
33052000,9.981537,0.03724968,-4.91475,0.96126693,0.071576074,0.009639908
33072000,10.000009,0.038701467,-4.914553,0.92359763,0.07258947,0.009838621
33092000,10.01774,0.04017671,-4.9143534,0.8865458,0.07376199,0.009982747
33112000,10.034746,0.041675266,-4.914153,0.8502973,0.07492787,0.010036315
33132000,10.051041,0.043197073,-4.9139524,0.8147463,0.076090306,0.01002161
33152000,10.066635,0.044740077,-4.913753,0.7797115,0.0771502,0.00997531
33172000,10.081544,0.046306167,-4.9135556,0.74543476,0.07830452,0.009861841
33192000,10.0957775,0.047895566,-4.913361,0.7116942,0.07946992,0.009731774
33212000,10.109354,0.04950792,-4.9131703,0.6788242,0.08061772,0.009529929
33232000,10.122289,0.051139742,-4.912985,0.6467378,0.08159109,0.009279561
33252000,10.134596,0.052790303,-4.912805,0.61533415,0.08252814,0.009000326
33272000,10.146292,0.05445643,-4.912632,0.58481055,0.083306365,0.00865219
33292000,10.157393,0.056139886,-4.9124665,0.55508536,0.084172785,0.008260272
33312000,10.167913,0.05783898,-4.9123096,0.5259934,0.08495459,0.007857684
33332000,10.17787,0.059552204,-4.9121614,0.4978495,0.085661285,0.0074023455
33352000,10.187278,0.061277647,-4.9120226,0.47037795,0.08627213,0.0069473414
33372000,10.196153,0.06301349,-4.911893,0.4437326,0.086792156,0.0064760176
33392000,10.204507,0.06475535,-4.9117727,0.41772786,0.08709288,0.006019042
33412000,10.212359,0.066503406,-4.9116616,0.39263737,0.08740289,0.0055504553
33432000,10.219727,0.06825689,-4.9115596,0.36832073,0.08767449,0.005089023
33452000,10.226622,0.07001657,-4.911467,0.34479594,0.08798391,0.004631192
33472000,10.23306,0.071780026,-4.911383,0.32189998,0.08817271,0.004197419
33492000,10.239055,0.073543034,-4.911308,0.29974857,0.0881504,0.0037788579
33512000,10.244621,0.07530429,-4.91124,0.27830473,0.08806271,0.0033833229
33532000,10.249777,0.077064954,-4.9111805,0.25779924,0.08803321,0.0029825734
33552000,10.254536,0.07882397,-4.911128,0.23792979,0.087950766,0.002607737
33572000,10.258912,0.08058049,-4.911083,0.21884109,0.08782581,0.0022410557
33592000,10.262919,0.08233253,-4.911045,0.20036526,0.08760201,0.0019033314
33612000,10.266573,0.084077425,-4.9110136,0.1826456,0.08724496,0.0015898726
33632000,10.269884,0.08581466,-4.9109874,0.16558787,0.08686192,0.0013105582
33672000,10.275546,0.08926356,-4.9109497,0.13374273,0.08592655,0.00081921107
33692000,10.277923,0.09096822,-4.910938,0.11885733,0.08523339,0.0006022002
33712000,10.280007,0.09266093,-4.910929,0.10422838,0.08463511,0.0004291152
33732000,10.2818165,0.09434113,-4.910924,0.09044775,0.08401024,0.00026019337
33752000,10.283365,0.096003294,-4.9109216,0.07743544,0.0831081,0.00010967884
33772000,10.284669,0.09764648,-4.910922,0.06519907,0.082159586,-5.493536e-06
33792000,10.285736,0.09927437,-4.910923,0.053357508,0.08139431,-5.6710942e-05
33812000,10.286581,0.10088696,-4.9109244,0.04221508,0.080629766,-6.7927525e-05
33832000,10.287209,0.10248016,-4.910925,0.031369027,0.07965944,-2.082702e-05
33852000,10.287632,0.10405516,-4.910924,0.021200713,0.078750305,4.9343773e-05
33872000,10.287863,0.10561012,-4.9109206,0.011536573,0.07774782,0.00015208588
33892000,10.287912,0.10714674,-4.9109154,0.0024566506,0.076831125,0.00027749813
33912000,10.287788,0.10866404,-4.910907,-0.006177424,0.075865075,0.00043314922
33932000,10.287502,0.11015764,-4.9108944,-0.014295291,0.07467979,0.00061189523
33952000,10.287062,0.111627854,-4.910878,-0.02202948,0.073511034,0.0008159726
33972000,10.286477,0.11307391,-4.910857,-0.0292422,0.07230242,0.0010429267
33992000,10.285758,0.11449431,-4.910831,-0.035968386,0.071020134,0.0012983448
34012000,10.284911,0.115885265,-4.9107995,-0.04231498,0.06954794,0.0015851584
34032000,10.283947,0.11724698,-4.9107614,-0.048215047,0.068085454,0.0018955867
34052000,10.282873,0.11858003,-4.910717,-0.053705055,0.066652626,0.0022235645
34072000,10.281695,0.11988389,-4.910666,-0.058890104,0.065192945,0.0025649488
34092000,10.280424,0.12115346,-4.9106073,-0.06354767,0.06347849,0.002927224
34112000,10.279066,0.12238954,-4.910541,-0.0678967,0.061804064,0.0033194541
34132000,10.277627,0.12359017,-4.910466,-0.071988836,0.060031656,0.0037303297
34152000,10.276111,0.12475268,-4.910383,-0.07578576,0.058125347,0.0041556936
34172000,10.274528,0.12587592,-4.9102917,-0.07914406,0.056162216,0.0045818863
34192000,10.272886,0.12695971,-4.9101915,-0.082086414,0.05418925,0.005004665
34212000,10.271188,0.12799998,-4.910083,-0.08492034,0.052013453,0.0054363147
34232000,10.269438,0.128997,-4.909965,-0.087492846,0.049851153,0.0058812117
34252000,10.267642,0.12994923,-4.909838,-0.08980886,0.047611177,0.0063485233
34272000,10.265805,0.13085483,-4.9097013,-0.09182791,0.045280237,0.0068340134
34288000,10.264313,0.13154326,-4.909585,-0.093301535,0.043027293,0.007271365
34308000,10.26242,0.13235866,-4.909431,-0.09463687,0.040769693,0.007711353
34328000,10.260499,0.13312452,-4.9092665,-0.09601838,0.038292922,0.00820755
34348000,10.258558,0.13383858,-4.9090924,-0.09707612,0.035702877,0.008706464
34368000,10.256597,0.13450056,-4.9089084,-0.0980825,0.03309905,0.009201456
34388000,10.254619,0.13511395,-4.908715,-0.09886765,0.030670224,0.009688284
34408000,10.25263,0.13567582,-4.9085116,-0.099437,0.02809251,0.010168456
34428000,10.250631,0.1361814,-4.908299,-0.0999207,0.025279313,0.010630788
34444000,10.249028,0.13654672,-4.9081225,-0.10021583,0.022832194,0.011021055
34464000,10.247022,0.13695697,-4.9078946,-0.10030575,0.020513332,0.011380845
34484000,10.245016,0.13731506,-4.90766,-0.100305036,0.017904034,0.011745857
34504000,10.243012,0.13761932,-4.9074183,-0.100195445,0.015212544,0.012080998
34524000,10.241012,0.13787104,-4.907171,-0.100003116,0.012586795,0.012387025
34544000,10.2390175,0.13806993,-4.9069176,-0.09971879,0.009943783,0.012652677
34564000,10.237029,0.1382156,-4.90666,-0.09942145,0.0072841146,0.012882026
34584000,10.235048,0.1383087,-4.9063983,-0.09906717,0.0046550333,0.013085488
34604000,10.233077,0.13835002,-4.906133,-0.09851861,0.002066083,0.013260634
34624000,10.231121,0.13834035,-4.905865,-0.097798586,-0.0004837434,0.013398171
34644000,10.229177,0.13828227,-4.905595,-0.097211294,-0.0029039395,0.013508426
34664000,10.227247,0.13817622,-4.9053226,-0.09651328,-0.0053030225,0.0136018675
34684000,10.2253275,0.13802211,-4.9050493,-0.09595466,-0.007704966,0.01367876
34704000,10.223424,0.13782017,-4.904774,-0.095198326,-0.01009693,0.013739914
34724000,10.221536,0.13757205,-4.9044986,-0.094433434,-0.012405975,0.013788948
34744000,10.21966,0.1372822,-4.904222,-0.09377473,-0.014493095,0.01382574
34764000,10.2178,0.13695146,-4.9039454,-0.09300757,-0.016536832,0.013842351
34784000,10.215956,0.13657859,-4.9036684,-0.092184246,-0.018643733,0.013852099
34804000,10.2141285,0.13616791,-4.9033914,-0.09138576,-0.020533523,0.013851641
34824000,10.212316,0.13571936,-4.9031143,-0.0906421,-0.022427484,0.013847597
34844000,10.210519,0.13522995,-4.9028378,-0.0898533,-0.024470855,0.013835565
34864000,10.208738,0.13470504,-4.902561,-0.089022286,-0.026245276,0.013807635
34884000,10.206967,0.13402756,-4.9024553,-0.08854581,-0.03387408,0.005294142
34904000,10.20517,0.1321429,-4.9030924,-0.0898472,-0.09423259,-0.031841557
34920000,10.203685,0.12895215,-4.904302,-0.092848435,-0.1994229,-0.07560059
34940000,10.201758,0.122872785,-4.906736,-0.09631121,-0.30396786,-0.12171007
34960000,10.199793,0.11525799,-4.9102025,-0.09827111,-0.38073933,-0.17331766
34980000,10.197818,0.107056536,-4.9146276,-0.0987473,-0.4100731,-0.2212622
35000000,10.195863,0.09898616,-4.9198627,-0.09775332,-0.40351877,-0.26174238
35020000,10.193931,0.09159131,-4.9257174,-0.09661572,-0.36974224,-0.29274017
35040000,10.192046,0.08527927,-4.931979,-0.09423689,-0.315602,-0.31308144
35060000,10.190213,0.08035308,-4.9384327,-0.091607146,-0.24630974,-0.32267618
35080000,10.188451,0.07701474,-4.944884,-0.08816012,-0.16691713,-0.3225567
35100000,10.186751,0.0753891,-4.9511676,-0.08493551,-0.08128157,-0.31419685
35120000,10.185128,0.0755605,-4.9571457,-0.081192374,0.008569822,-0.29890686
35140000,10.183571,0.07758035,-4.9627075,-0.07786383,0.10099224,-0.2780987
35160000,10.182087,0.08148162,-4.9677677,-0.074194916,0.19506381,-0.25299248
35180000,10.18067,0.08725794,-4.9722724,-0.07085012,0.2888158,-0.2252524
35200000,10.179326,0.09489111,-4.9761934,-0.06720281,0.3816585,-0.19603726
35220000,10.178051,0.10436148,-4.979517,-0.06374633,0.4735188,-0.16618143
35240000,10.176844,0.11564993,-4.982243,-0.0603435,0.56442237,-0.1362959
35260000,10.175697,0.12874228,-4.9843783,-0.05731314,0.65461725,-0.106782325
35280000,10.174619,0.14361995,-4.985942,-0.053954933,0.7438841,-0.078159265
35300000,10.173605,0.16026175,-4.9869566,-0.050664596,0.83208984,-0.050754733
35320000,10.172651,0.17863102,-4.9874578,-0.04769199,0.9184633,-0.025041733
35340000,10.171757,0.19870152,-4.9874763,-0.04473878,1.0035249,-0.0009439599
35360000,10.1709175,0.22044854,-4.987047,-0.041954804,1.0873513,0.021466566
35380000,10.1701355,0.2438376,-4.986208,-0.039110553,1.1694527,0.041954078
35400000,10.169408,0.26883978,-4.984996,-0.036384474,1.2501094,0.0606174
35420000,10.168731,0.295414,-4.983451,-0.033826664,1.3287106,0.07723649
35440000,10.168105,0.3235309,-4.981609,-0.031292677,1.4058461,0.0921017
35460000,10.167527,0.353143,-4.979511,-0.028895063,1.4806048,0.104919225
35480000,10.166996,0.3842155,-4.97719,-0.02657716,1.5536239,0.11602646
35500000,10.166505,0.4167025,-4.974684,-0.024524933,1.6243507,0.12531663
35520000,10.166055,0.4505724,-4.9720206,-0.022502422,1.6934943,0.13314986
35540000,10.165644,0.48577082,-4.9692364,-0.020592969,1.7599211,0.13922893
35556000,10.165339,0.5148585,-4.96694,-0.0189731,1.8179795,0.14352731
35576000,10.1649885,0.55233616,-4.964008,-0.01754005,1.8738824,0.14659859
35596000,10.164669,0.59102166,-4.9610286,-0.016007617,1.9342769,0.14895745
35616000,10.164376,0.6308675,-4.9580264,-0.014607505,1.9922915,0.15011372
35636000,10.164111,0.6718274,-4.9550223,-0.013296831,2.0479922,0.15020318
35656000,10.163862,0.7138475,-4.952038,-0.012434851,2.1010075,0.14923078
35676000,10.16363,0.7568862,-4.949088,-0.011633643,2.151934,0.14748125
35692000,10.163454,0.7920205,-4.946763,-0.010978249,2.1958945,0.14530145
35712000,10.163248,0.8367785,-4.943912,-0.010261794,2.2379017,0.14255598
35732000,10.1630535,0.8824232,-4.941134,-0.009754206,2.2822347,0.1389136
35752000,10.162865,0.9289082,-4.9384384,-0.009441821,2.3242526,0.1347655
35772000,10.162678,0.9761955,-4.9358325,-0.009332586,2.364362,0.13029249
35792000,10.162495,1.0242436,-4.9333224,-0.009169694,2.4024045,0.1255158
35812000,10.162307,1.0730098,-4.930913,-0.009392805,2.4383106,0.12047619
35832000,10.162116,1.1224508,-4.928608,-0.009547135,2.472054,0.11523504
35852000,10.161916,1.172528,-4.92641,-0.009978452,2.503857,0.10989631
35872000,10.161709,1.2232022,-4.92432,-0.010365872,2.5337133,0.10448831
35892000,10.1614895,1.27444,-4.9223385,-0.010988208,2.561889,0.09909741
35912000,10.161257,1.3262068,-4.9204636,-0.011596306,2.5883372,0.09374357
35932000,10.161008,1.3784686,-4.9186945,-0.012451655,2.6130922,0.088459104
35952000,10.160745,1.4311931,-4.917029,-0.013191936,2.6362233,0.083268814
35972000,10.160462,1.4843495,-4.9154654,-0.014112791,2.6578197,0.078193806
35992000,10.160164,1.5379069,-4.9140005,-0.014915101,2.6778674,0.07323037
36012000,10.159845,1.5918419,-4.912632,-0.015935292,2.696752,0.06843258
36032000,10.159505,1.6461287,-4.9113564,-0.017014267,2.7143362,0.06378123
36052000,10.159138,1.7007418,-4.9101706,-0.018342625,2.7306592,0.059281625
36072000,10.158747,1.7556573,-4.909072,-0.019575423,2.7457728,0.054937944
36092000,10.158326,1.8108563,-4.9080563,-0.021012947,2.7599552,0.050782632
36112000,10.15788,1.86632,-4.90712,-0.022329612,2.7731836,0.04680559
36132000,10.157402,1.922028,-4.90626,-0.023878023,2.7853963,0.042996928
36152000,10.156895,1.9779577,-4.905473,-0.025358403,2.7964888,0.03934609
36172000,10.156355,2.0340939,-4.9047556,-0.026982015,2.8068047,0.03588362
36192000,10.15578,2.0904236,-4.9041033,-0.028779538,2.8164861,0.03260905
36212000,10.155169,2.1469321,-4.9035134,-0.030558499,2.8254337,0.029509988
36232000,10.154523,2.2036045,-4.9029818,-0.032255765,2.8336112,0.026576255
36252000,10.153844,2.2604241,-4.902506,-0.033983994,2.840983,0.023795597
36272000,10.153129,2.3173814,-4.902082,-0.03576762,2.8478622,0.02118478
36292000,10.152375,2.3744667,-4.901707,-0.037668925,2.8542602,0.018739063
36312000,10.151585,2.4316688,-4.9013786,-0.039527606,2.8601117,0.016442567
36332000,10.150755,2.4889777,-4.901093,-0.041446056,2.8654482,0.01428336
36352000,10.14989,2.5463827,-4.900848,-0.04326539,2.870245,0.012244594
36372000,10.148989,2.6038747,-4.9006414,-0.045075655,2.8745995,0.01032354
36392000,10.148052,2.6614468,-4.900471,-0.04682302,2.8786047,0.00851747
36412000,10.147079,2.7190921,-4.900335,-0.048617788,2.882271,0.0068237307
36432000,10.1460705,2.776804,-4.90023,-0.050459024,2.8855906,0.0052334657
36452000,10.145022,2.8345761,-4.900155,-0.05238969,2.8886042,0.00374119
36472000,10.143938,2.8924055,-4.900108,-0.05422486,2.8914747,0.002352171
36492000,10.142818,2.950289,-4.900087,-0.055974934,2.894176,0.0010613265
36512000,10.141664,3.008221,-4.9000897,-0.057771474,2.8965867,-0.00013997272
36532000,10.1404705,3.0661957,-4.900115,-0.05966152,2.8987453,-0.001257061
36552000,10.139243,3.1242135,-4.900161,-0.06134892,2.9008844,-0.0022961523
36572000,10.137982,3.1822667,-4.9002266,-0.06303036,2.9026701,-0.003284537
36592000,10.136685,3.2403533,-4.9003105,-0.064844005,2.9043303,-0.0042137676
36612000,10.135353,3.2984726,-4.9004126,-0.06664057,2.9059615,-0.005084879
36632000,10.1339855,3.3566227,-4.9005303,-0.06838558,2.9075024,-0.00590412
36652000,10.1325865,3.414802,-4.900664,-0.06993595,2.9089637,-0.006678903
36672000,10.131157,3.4730065,-4.900812,-0.07149028,2.9102273,-0.007414112
36692000,10.129696,3.5312345,-4.9009748,-0.07305023,2.911394,-0.008111303
36712000,10.128205,3.589486,-4.9011497,-0.074494585,2.91257,-0.008764452
36732000,10.126688,3.6477585,-4.901337,-0.07588335,2.913631,-0.0093715545
36752000,10.125142,3.706049,-4.901536,-0.07729866,2.914524,-0.009938056
36772000,10.123569,3.764358,-4.9017453,-0.07866187,2.9154592,-0.010457078
36792000,10.121969,3.8226883,-4.9019637,-0.0799882,2.9165084,-0.0109243775
36812000,10.120344,3.881038,-4.9021907,-0.081237786,2.917486,-0.011351875
36832000,10.118696,3.9394033,-4.902426,-0.08238316,2.9182615,-0.011751005
36868000,10.115675,4.044495,-4.902867,-0.08450612,2.919575,-0.012420993
36888000,10.113964,4.1029,-4.9031205,-0.085543595,2.9202387,-0.012687661
36908000,10.112233,4.1613193,-4.9033794,-0.08656938,2.9209557,-0.012950719
36928000,10.11048,4.2197523,-4.903643,-0.087617464,2.9216526,-0.01317079
36948000,10.108708,4.278202,-4.9039097,-0.08862476,2.922498,-0.013337232
36968000,10.106919,4.336668,-4.904179,-0.089460894,2.9232917,-0.0134621905
36988000,10.10511,4.395145,-4.9044504,-0.09041564,2.9238424,-0.013560387
37008000,10.103282,4.453633,-4.9047227,-0.09143859,2.9243968,-0.013619192
37028000,10.101431,4.512133,-4.9049954,-0.09255885,2.92502,-0.013634515
37048000,10.09956,4.570647,-4.9052677,-0.0935422,2.9256768,-0.013618052
37068000,10.0976715,4.6291733,-4.9055395,-0.09438831,2.9263272,-0.013582946
37088000,10.095767,4.687712,-4.9058104,-0.095262244,2.9269466,-0.013541299
37108000,10.093845,4.746264,-4.9060802,-0.096081644,2.9275894,-0.013504294
37128000,10.0919075,4.804828,-4.9063497,-0.09689621,2.928207,-0.013475005
37148000,10.0899515,4.8634024,-4.9066186,-0.09776004,2.9287238,-0.01345279
37168000,10.08798,4.9219904,-4.9068875,-0.09858798,2.929385,-0.013428943
37188000,10.085992,4.980591,-4.9071555,-0.09942017,2.930023,-0.013414225
37204000,10.084387,5.027478,-4.90737,-0.100296296,2.9304678,-0.013407431
37224000,10.082367,5.0860953,-4.9076385,-0.100989565,2.9308667,-0.013412811
37244000,10.080338,5.1447244,-4.907907,-0.10150951,2.9314406,-0.013419359
37264000,10.078293,5.203363,-4.9081755,-0.10219808,2.9319246,-0.013427209
37284000,10.076234,5.2620125,-4.908444,-0.102945454,2.9324725,-0.013438543
37304000,10.074162,5.3206706,-4.9087133,-0.10363419,2.932924,-0.013459193
37324000,10.072075,5.379335,-4.908983,-0.10433676,2.9332125,-0.013489487
37344000,10.069979,5.438005,-4.9092536,-0.10479138,2.9334943,-0.013514272
37364000,10.067873,5.496682,-4.909524,-0.10529237,2.9338682,-0.013523327
37384000,10.065758,5.5553684,-4.9097943,-0.10575414,2.93431,-0.013516896
37404000,10.063634,5.6140623,-4.910064,-0.10619784,2.9347007,-0.01350164
37424000,10.061501,5.6727653,-4.9103336,-0.10669395,2.9351366,-0.013468751
37444000,10.0593605,5.731473,-4.9106026,-0.10699675,2.935388,-0.013438057
37464000,10.057212,5.790187,-4.9108706,-0.1074003,2.935686,-0.013402108
37484000,10.055057,5.848905,-4.9111376,-0.1077802,2.9359074,-0.013364567
37504000,10.052895,5.907628,-4.911404,-0.10809544,2.9361672,-0.013329526
37524000,10.050723,5.966358,-4.91167,-0.108574964,2.93649,-0.013293018
37544000,10.048546,6.025092,-4.9119353,-0.10888327,2.936707,-0.0132542085
37564000,10.046364,6.083831,-4.9121995,-0.109109275,2.936939,-0.0132089835
37584000,10.044172,6.142574,-4.9124627,-0.10953881,2.9371424,-0.01316746
37604000,10.041976,6.20132,-4.912725,-0.10984802,2.9373083,-0.013118365
37624000,10.039775,6.260071,-4.9129863,-0.11004544,2.9375327,-0.013056284
37644000,10.037571,6.3188252,-4.9132457,-0.110192366,2.9377258,-0.012981018
37664000,10.035366,6.377583,-4.9135036,-0.110231504,2.9378943,-0.012888613
37684000,10.033163,6.436342,-4.913759,-0.11017733,2.9379463,-0.012778412
37704000,10.030956,6.495115,-4.9140115,-0.11032938,2.9386506,-0.012606779
37724000,10.028748,6.5539393,-4.914258,-0.11043129,2.9412148,-0.01234229
37744000,10.026539,6.6128573,-4.9144974,-0.11045119,2.9459145,-0.011960266
37764000,10.024328,6.671907,-4.9147267,-0.11052845,2.952472,-0.011477195
37784000,10.022118,6.7311106,-4.9149456,-0.1105015,2.960187,-0.010940016
37804000,10.01991,6.7904716,-4.9151545,-0.11038873,2.9680386,-0.010434405
37824000,10.017705,6.84998,-4.9153557,-0.110275425,2.9754226,-0.0100513715
37844000,10.015503,6.9096174,-4.9155526,-0.11009865,2.9818761,-0.009855479
37864000,10.013307,6.969367,-4.9157505,-0.1098202,2.987473,-0.009887256
37884000,10.011116,7.0291915,-4.9159546,-0.10949595,2.991226,-0.010203164
37904000,10.008935,7.0890584,-4.91617,-0.10907001,2.9933512,-0.010776212
37924000,10.0067625,7.148926,-4.916402,-0.108623706,2.9933617,-0.011608134
37944000,10.0046015,7.2087545,-4.9166555,-0.10805667,2.9914305,-0.012678039
37964000,10.002455,7.268499,-4.9169345,-0.10730822,2.9872334,-0.013951073
37984000,10.000326,7.3281274,-4.9172425,-0.10644169,2.9814281,-0.015393525
38004000,9.998211,7.387587,-4.917582,-0.105789155,2.9729712,-0.016964529
38024000,9.996116,7.446844,-4.9179544,-0.10475181,2.9628668,-0.018629877
38044000,9.994043,7.505848,-4.918361,-0.10362796,2.9501803,-0.020330912
38064000,9.991991,7.564562,-4.9188023,-0.10258724,2.935707,-0.022051826
38084000,9.989959,7.622939,-4.9192767,-0.10160993,2.9188519,-0.02373798
38104000,9.987952,7.6809464,-4.919785,-0.10032454,2.9003654,-0.025400182
38124000,9.985972,7.7385387,-4.9203243,-0.099000655,2.8796105,-0.026971458
38144000,9.984019,7.795687,-4.9208937,-0.09765969,2.857427,-0.028466275
38160000,9.982476,7.841054,-4.921368,-0.09643011,2.8354251,-0.029661778
38180000,9.980575,7.8973007,-4.9219832,-0.09506929,2.8123376,-0.030757867
38200000,9.978703,7.9529963,-4.922619,-0.09363943,2.78477,-0.031781733
38220000,9.976861,8.008114,-4.9232717,-0.09205554,2.7558677,-0.03264408
38240000,9.975053,8.062614,-4.9239373,-0.09043176,2.725065,-0.033268247
38260000,9.973278,8.116478,-4.924612,-0.08870054,2.6931798,-0.033731822
38280000,9.971538,8.169669,-4.925291,-0.08703326,2.6595297,-0.033956304
38300000,9.969831,8.222161,-4.9259706,-0.08532137,2.6246014,-0.033984784
38320000,9.96816,8.273932,-4.9266477,-0.08360651,2.5885768,-0.033838067
38340000,9.966523,8.324965,-4.927318,-0.08179141,2.5516212,-0.033533398
38360000,9.964925,8.375229,-4.927978,-0.07995259,2.5132184,-0.033005908
38380000,9.9633665,8.4247055,-4.9286246,-0.07790346,2.473804,-0.032317813
38400000,9.961846,8.473373,-4.929254,-0.07600449,2.4333868,-0.031470023
38420000,9.960366,8.521214,-4.9298635,-0.07401609,2.3920105,-0.030464808
38440000,9.958923,8.568211,-4.93045,-0.07210486,2.3498871,-0.0293365
38460000,9.957521,8.614352,-4.9310117,-0.07009352,2.3070576,-0.028089153
38480000,9.956155,8.659621,-4.931546,-0.068334416,2.263441,-0.026730636
38500000,9.954828,8.704005,-4.932052,-0.06635313,2.2192292,-0.025295028
38520000,9.95354,8.747497,-4.9325285,-0.064427964,2.1745336,-0.023800842
38540000,9.952292,8.790083,-4.9329734,-0.06234219,2.1293447,-0.022244869
38560000,9.951084,8.831755,-4.933386,-0.060418185,2.0835686,-0.020619957
38580000,9.949917,8.872502,-4.9337645,-0.058366437,2.0373929,-0.018952822
38596000,9.949012,8.904432,-4.9340434,-0.056548238,1.9956377,-0.017430313
38616000,9.947919,8.943502,-4.9343605,-0.05466029,1.9534702,-0.01584484
38636000,9.946865,8.981633,-4.9346423,-0.05271317,1.9065391,-0.014089491
38656000,9.945848,9.018826,-4.9348893,-0.050809637,1.8596227,-0.012361632
38676000,9.944874,9.05508,-4.9351044,-0.04873304,1.8127735,-0.010744023
38696000,9.943939,9.090397,-4.935287,-0.04671762,1.7658068,-0.009131062
38716000,9.943041,9.124775,-4.9354367,-0.04495031,1.7188858,-0.007491964
38736000,9.942177,9.15821,-4.935552,-0.04320413,1.6717852,-0.005764668
38756000,9.941348,9.1907,-4.935631,-0.041417092,1.624449,-0.003944704
38776000,9.940555,9.222237,-4.935672,-0.039657716,1.5768678,-0.0020388793
38796000,9.939798,9.252825,-4.935674,-0.037855916,1.5293916,-0.00012633346
38816000,9.939076,9.282469,-4.9356394,-0.03605253,1.4822326,0.0017354685
38836000,9.938389,9.311175,-4.9355683,-0.034411196,1.4353089,0.0035708759
38856000,9.937735,9.338946,-4.93546,-0.032720402,1.3885405,0.005398164
38876000,9.937116,9.365787,-4.9353166,-0.030941645,1.3420087,0.0071930834
38896000,9.936529,9.3917055,-4.9351387,-0.029326051,1.2959628,0.008894004
38916000,9.935971,9.416712,-4.934928,-0.027877178,1.2502921,0.010535495
38936000,9.935444,9.440814,-4.934686,-0.026395582,1.2051481,0.012087687
38956000,9.934947,9.464019,-4.934414,-0.024800822,1.1602429,0.013614836
38976000,9.934481,9.486339,-4.934113,-0.023334142,1.1159827,0.0150311515
38996000,9.934042,9.507784,-4.933786,-0.021948421,1.072251,0.016368195
39016000,9.933629,9.528367,-4.9334335,-0.020618388,1.0291543,0.017601166
39036000,9.933244,9.548095,-4.9330583,-0.019288769,0.98640364,0.01878097
39056000,9.932885,9.566981,-4.9326615,-0.017942898,0.9443085,0.019832373
39076000,9.932549,9.585038,-4.932246,-0.016765833,0.9028271,0.02076509
39096000,9.9322405,9.60228,-4.9318147,-0.015433327,0.8620906,0.021574538
39116000,9.93196,9.618719,-4.931369,-0.014052948,0.8219957,0.022288319
39136000,9.931703,9.634369,-4.9309106,-0.012844303,0.78246653,0.022922017
39156000,9.931471,9.6492405,-4.9304414,-0.011605443,0.7436017,0.02346284
39176000,9.931266,9.663353,-4.9299636,-0.010266652,0.70558727,0.023880372
39196000,9.931088,9.676715,-4.9294786,-0.008853856,0.6681298,0.024241269
39216000,9.930938,9.6893425,-4.928988,-0.0075099478,0.6313664,0.024530975
39236000,9.930813,9.701249,-4.928493,-0.006286038,0.59532547,0.024748381
39256000,9.930712,9.712454,-4.927996,-0.005008102,0.5602486,0.024858259
39276000,9.93064,9.722972,-4.9274974,-0.0036200755,0.5258765,0.02492433
39296000,9.930595,9.732815,-4.926998,-0.002222272,0.49214545,0.024967035
39316000,9.930574,9.741998,-4.926499,-0.0010495064,0.45918152,0.02495423
39336000,9.930579,9.750541,-4.9260015,0.0002305915,0.42713296,0.024869246
39356000,9.930606,9.758454,-4.9255066,0.0013418666,0.39567965,0.024762155
39376000,9.930658,9.765757,-4.9250145,0.002619474,0.36512044,0.024587195
39396000,9.930733,9.772463,-4.924527,0.0037331802,0.3353264,0.024375662
39416000,9.930831,9.77859,-4.9240446,0.004912911,0.30635548,0.02412669
39436000,9.930949,9.784153,-4.923568,0.0058887624,0.27815422,0.023849405
39456000,9.931086,9.789168,-4.9230967,0.0068505136,0.2507706,0.023541281
39476000,9.93124,9.793651,-4.9226327,0.0077077285,0.22411077,0.023217212
39496000,9.931416,9.797615,-4.922175,0.008792556,0.19819601,0.022869617
39516000,9.931608,9.801077,-4.9217253,0.009633287,0.17309277,0.02249336
39536000,9.93182,9.804057,-4.9212837,0.010549139,0.14900276,0.022071999
39556000,9.932046,9.806568,-4.9208508,0.011324048,0.12554975,0.021657178
39576000,9.93229,9.808624,-4.920426,0.012201042,0.10280816,0.021242553
39596000,9.932548,9.810239,-4.920009,0.012883584,0.080749914,0.020828333
39616000,9.93282,9.811429,-4.9196014,0.013640101,0.059513647,0.020386795
39636000,9.933104,9.812213,-4.9192033,0.01416705,0.03917599,0.019909432
39656000,9.933401,9.812603,-4.9188147,0.014837499,0.019531963,0.019425549
39676000,9.933705,9.812616,-4.9184365,0.015239396,0.00064172724,0.018924821
39696000,9.934017,9.812266,-4.918068,0.015591265,-0.017486347,0.018411856
39716000,9.934333,9.8115635,-4.91771,0.015761478,-0.035141803,0.017915582
39736000,9.934657,9.810522,-4.9173617,0.01624153,-0.052081868,0.017409889
39756000,9.934985,9.809159,-4.917024,0.016395375,-0.06814478,0.01687914
39776000,9.93532,9.807486,-4.9166965,0.016747443,-0.083697535,0.016368572
39796000,9.935658,9.805513,-4.9163795,0.016913686,-0.09861075,0.015863454
39816000,9.936,9.803253,-4.916072,0.017088523,-0.11300533,0.015376092
39836000,9.936339,9.800717,-4.915774,0.016955337,-0.12677768,0.014901858
39852000,9.936612,9.798497,-4.9155416,0.017049298,-0.13873307,0.0144980075
39872000,9.936954,9.795493,-4.9152594,0.01708391,-0.15024675,0.014118174
39892000,9.937294,9.792242,-4.914985,0.017009925,-0.16255414,0.013711135
39912000,9.937629,9.788763,-4.9147196,0.01675255,-0.17395079,0.013293153
39932000,9.93796,9.78506,-4.914461,0.016544973,-0.18515709,0.0129165305
39952000,9.938282,9.781144,-4.91421,0.016120857,-0.19579025,0.012548371
39972000,9.9386,9.777029,-4.9139667,0.015841404,-0.2057317,0.01217257
39992000,9.938911,9.772725,-4.9137306,0.0156103335,-0.21517496,0.011806697
40012000,9.939218,9.768238,-4.9135013,0.015329196,-0.22437973,0.011469715
40032000,9.939515,9.763577,-4.913278,0.014855649,-0.2330062,0.011137957
40052000,9.939803,9.758752,-4.9130616,0.014422596,-0.24129006,0.010828814
40072000,9.940083,9.75377,-4.912851,0.013950605,-0.24910046,0.010534154
40092000,9.94035,9.748639,-4.912646,0.013373121,-0.25655165,0.010253029
40112000,9.940608,9.743367,-4.9124465,0.01289044,-0.26358443,0.009972241
40132000,9.940857,9.737963,-4.912253,0.012438881,-0.27021083,0.009675041
40168000,9.941266,9.727922,-4.9119196,0.01109918,-0.28131196,0.009139983
40188000,9.941476,9.722184,-4.911742,0.010513084,-0.28691125,0.008871405
40208000,9.94167,9.716341,-4.91157,0.00969852,-0.29217234,0.008618899
40228000,9.94185,9.710396,-4.911402,0.008948685,-0.29725334,0.008378847
40248000,9.942012,9.704357,-4.9112396,0.008151361,-0.3019124,0.008148137
40268000,9.942159,9.698232,-4.911081,0.00731295,-0.3062965,0.007929015
40288000,9.9422865,9.692026,-4.9109263,0.0063821813,-0.31027862,0.007729753
40308000,9.942394,9.685746,-4.910775,0.0053981417,-0.31398678,0.0075567532
40328000,9.94248,9.6793995,-4.9106274,0.0043152296,-0.3173108,0.007399593
40348000,9.942549,9.67299,-4.910482,0.0034023768,-0.32050443,0.007252909
40368000,9.942598,9.66652,-4.91034,0.002497098,-0.32349178,0.0071140886
40388000,9.94263,9.659997,-4.9102,0.0015699405,-0.3261693,0.0069752424
40408000,9.94264,9.653425,-4.9100637,0.0005194514,-0.32855427,0.006838208
40428000,9.94263,9.6468115,-4.9099298,-0.0005049664,-0.33072165,0.0066976147
40448000,9.942601,9.640159,-4.9097986,-0.0014427276,-0.33263782,0.006555576
40468000,9.942556,9.633472,-4.9096704,-0.0022496695,-0.33429298,0.006418934
40488000,9.942492,9.626758,-4.9095445,-0.0032311687,-0.33574218,0.006288495
40508000,9.942407,9.620015,-4.909421,-0.004235272,-0.33711886,0.0061754338
40528000,9.942305,9.613251,-4.9092994,-0.005099693,-0.3381991,0.006080931
40548000,9.942187,9.606468,-4.909179,-0.0058658705,-0.3391275,0.0060097254
40568000,9.942051,9.599671,-4.90906,-0.0068213716,-0.3398862,0.005952554
40588000,9.941896,9.59286,-4.9089417,-0.007716431,-0.3405275,0.005904312
40608000,9.941725,9.586042,-4.9088244,-0.008596045,-0.34088376,0.005862209
40628000,9.941536,9.579219,-4.908708,-0.00943975,-0.34116894,0.0058384296
40648000,9.94133,9.5723915,-4.9085913,-0.010291273,-0.3413862,0.005826098
40668000,9.941107,9.5655575,-4.908475,-0.011172813,-0.3416926,0.0058147665
40688000,9.940865,9.558721,-4.908359,-0.012115521,-0.34185523,0.0058047995
40708000,9.940605,9.551887,-4.908243,-0.012979434,-0.34171328,0.0057820575
40728000,9.940327,9.545056,-4.9081283,-0.013904389,-0.3415212,0.0057511535
40748000,9.940031,9.538227,-4.9080143,-0.014786336,-0.3414498,0.005704453
40768000,9.939719,9.531401,-4.9079013,-0.015609156,-0.34132794,0.005643831
40788000,9.939389,9.524577,-4.90779,-0.016499408,-0.34115273,0.0055684224
40808000,9.939041,9.517757,-4.90768,-0.017415734,-0.34098148,0.0054852027
40828000,9.938675,9.510942,-4.9075727,-0.018277938,-0.34075063,0.0053764717
40848000,9.93829,9.504132,-4.907468,-0.01928774,-0.3405367,0.0052340818
40868000,9.937886,9.497326,-4.9073668,-0.020136338,-0.34028843,0.0050590946
40888000,9.937469,9.490523,-4.90727,-0.020917835,-0.34013996,0.004854543
40908000,9.937034,9.483721,-4.9071774,-0.021717273,-0.34012204,0.0046196277
40928000,9.9365835,9.47692,-4.90709,-0.022498414,-0.34005344,0.0043529077
40948000,9.93612,9.47012,-4.907009,-0.023217192,-0.3399954,0.0040593473
40968000,9.93564,9.463323,-4.9069343,-0.023981513,-0.33988464,0.0037416168
40988000,9.935376,9.456521,-4.9071445,-0.013173463,-0.34007794,-0.010515566
41008000,9.936545,9.449697,-4.908181,0.058427326,-0.34122518,-0.05182038
41028000,9.94006,9.442834,-4.910222,0.1757454,-0.3431391,-0.102054805
41048000,9.945589,9.435947,-4.913298,0.2764339,-0.34429753,-0.15379834
41068000,9.9522,9.429037,-4.917379,0.330552,-0.34553674,-0.20404449
41088000,9.959033,9.42213,-4.9223485,0.34164912,-0.34537765,-0.24847674
41104000,9.964238,9.416593,-4.926849,0.32534796,-0.3460592,-0.28126115
41124000,9.970018,9.409683,-4.932964,0.28902912,-0.34546018,-0.30575588
41144000,9.974643,9.402776,-4.9394283,0.23119439,-0.34534886,-0.32321736
41164000,9.977832,9.3958845,-4.9460373,0.15943524,-0.34458962,-0.3304631
41184000,9.979401,9.388999,-4.952607,0.07844207,-0.34426057,-0.32849336
41204000,9.979232,9.382128,-4.95898,-0.008418191,-0.3435682,-0.31865096
41224000,9.977258,9.375267,-4.965029,-0.09872138,-0.3430458,-0.30242005
41244000,9.973441,9.368421,-4.970654,-0.19080906,-0.34231302,-0.28126174
41264000,9.96776,9.361589,-4.9757805,-0.28407383,-0.3415638,-0.25633717
41284000,9.9602165,9.354768,-4.980361,-0.37716085,-0.3410627,-0.22902502
41304000,9.95082,9.347963,-4.984367,-0.46983746,-0.3402439,-0.20029037
41324000,9.939594,9.341162,-4.9877906,-0.56127626,-0.3400519,-0.1711885
41344000,9.926557,9.334369,-4.9906335,-0.65189326,-0.33965164,-0.14212441
41364000,9.911724,9.3275795,-4.9929047,-0.7416333,-0.33947125,-0.11357525
41384000,9.895122,9.320798,-4.994626,-0.830127,-0.33907926,-0.08606019
41404000,9.876774,9.314017,-4.9958224,-0.9173847,-0.33903146,-0.059811767
41424000,9.856708,9.307237,-4.9965234,-1.0033178,-0.33904272,-0.03505044
41444000,9.83495,9.300455,-4.996762,-1.0878501,-0.339063,-0.01193627
41464000,9.811533,9.293669,-4.9965734,-1.1708821,-0.33930627,0.009429915
41484000,9.786489,9.286879,-4.995995,-1.2521793,-0.33954495,0.028919017
41504000,9.759852,9.280082,-4.9950633,-1.3318111,-0.3398044,0.046575874
41524000,9.731659,9.273282,-4.993816,-1.4096681,-0.33999717,0.062383756
41540000,9.708012,9.267835,-4.9926157,-1.4779758,-0.3404783,0.07499696
41560000,9.677117,9.261018,-4.9908934,-1.5447065,-0.34081748,0.086134
41580000,9.644772,9.254189,-4.9889526,-1.617294,-0.3414919,0.097020194
41600000,9.611023,9.24735,-4.9868307,-1.6874495,-0.3419324,0.10611223
41620000,9.575909,9.240497,-4.984556,-1.7557105,-0.34263676,0.113718286
41640000,9.53948,9.233627,-4.9821615,-1.8214374,-0.34350774,0.119728826
41660000,9.501776,9.226737,-4.9796724,-1.8852159,-0.34450403,0.124465525
41680000,9.462845,9.219828,-4.977115,-1.946546,-0.34544998,0.12785599
41700000,9.422726,9.2128935,-4.9745116,-2.0059552,-0.34671864,0.13017829
41720000,9.381477,9.2059355,-4.9718876,-2.0624204,-0.34791902,0.13120343
41740000,9.339139,9.198951,-4.96926,-2.1169162,-0.34920713,0.13137048
41760000,9.295762,9.191939,-4.966648,-2.1688347,-0.350587,0.13059397
41780000,9.251384,9.184894,-4.9640646,-2.2189286,-0.35228473,0.12918516
41800000,9.206058,9.177816,-4.9615254,-2.2662752,-0.3538728,0.12695758
41820000,9.159824,9.170702,-4.9590406,-2.311659,-0.35568592,0.12422375
41840000,9.112735,9.163552,-4.9566226,-2.3545046,-0.3575193,0.12090496
41860000,9.064824,9.156359,-4.9542775,-2.3955116,-0.3596618,0.117255904
41880000,9.016144,9.149124,-4.952014,-2.4340541,-0.3617064,0.11317982
41900000,8.966727,9.141847,-4.949836,-2.470817,-0.36391,0.10891853
41920000,8.916621,9.134527,-4.947747,-2.5053008,-0.36595565,0.10441302
41940000,8.865858,9.127161,-4.94575,-2.538167,-0.36830214,0.09986155
41960000,8.814482,9.119749,-4.9438467,-2.5688004,-0.3705885,0.09516675
41980000,8.762524,9.112289,-4.9420366,-2.5978906,-0.37299755,0.090510145
42000000,8.710027,9.10478,-4.9403205,-2.6248472,-0.37546638,0.08580903
42020000,8.65702,9.097219,-4.938696,-2.6503718,-0.37804896,0.081220694
42040000,8.603534,9.089608,-4.9371614,-2.6742918,-0.38052475,0.07673302
42060000,8.549594,9.081947,-4.935713,-2.6969748,-0.38307008,0.07242602
42080000,8.4952345,9.074234,-4.934348,-2.7180016,-0.38566494,0.06824194
42100000,8.440482,9.066466,-4.9330635,-2.7375772,-0.3883867,0.064218566
42120000,8.385369,9.058645,-4.9318566,-2.7556534,-0.39103305,0.06034592
42140000,8.329912,9.050774,-4.9307227,-2.7728484,-0.3936101,0.056704637
42160000,8.2741375,9.04285,-4.929658,-2.788764,-0.39618635,0.053237796
42180000,8.218064,9.034872,-4.9286585,-2.8036544,-0.39886072,0.049976286
42200000,8.161717,9.02684,-4.9277205,-2.8173351,-0.4015874,0.046885874
42220000,8.105113,9.018754,-4.926841,-2.830238,-0.4043306,0.044001736
42240000,8.04827,9.010611,-4.926015,-2.8421376,-0.40718547,0.041288022
42260000,7.991205,9.00241,-4.9252396,-2.853237,-0.41000417,0.038756248
42280000,7.9339356,8.994156,-4.924512,-2.8634813,-0.4127006,0.03638104
42300000,7.876474,8.985848,-4.9238286,-2.8730848,-0.41538075,0.034167197
42320000,7.8188367,8.977487,-4.923187,-2.8818655,-0.4181087,0.03209056
42340000,7.7610373,8.96907,-4.922584,-2.8899603,-0.42078552,0.03014611
42360000,7.703088,8.960599,-4.9220176,-2.8974693,-0.42358136,0.028333908
42380000,7.6450005,8.952073,-4.9214845,-2.90439,-0.42631105,0.026636364
42400000,7.586784,8.943493,-4.920984,-2.9108152,-0.42900103,0.025044441
42420000,7.528445,8.934862,-4.9205127,-2.9169629,-0.43151885,0.023560448
42440000,7.4699936,8.926182,-4.920069,-2.922561,-0.4340296,0.022156103
42460000,7.411442,8.917448,-4.919653,-2.92757,-0.4366845,0.020823691
42480000,7.352799,8.908662,-4.9192615,-2.9321463,-0.43931043,0.01956783
42500000,7.294071,8.899828,-4.918894,-2.936386,-0.44168076,0.018384077
42520000,7.235262,8.890946,-4.918548,-2.9404786,-0.44410348,0.017285474
42540000,7.1763754,8.882017,-4.918223,-2.9443188,-0.44647664,0.016257014
42560000,7.117422,8.873039,-4.9179177,-2.9476655,-0.44887152,0.015273445
42580000,7.058407,8.864017,-4.9176307,-2.9507747,-0.45115748,0.014345635
42600000,6.9993324,8.854946,-4.9173613,-2.953701,-0.45349035,0.013479022
42620000,6.9402013,8.845838,-4.9171076,-2.956558,-0.45544237,0.012676062
42640000,6.88102,8.83669,-4.9168687,-2.959077,-0.45738938,0.011937942
42660000,6.821795,8.827499,-4.9166436,-2.9612465,-0.45952657,0.011260864
42680000,6.762529,8.818264,-4.9164305,-2.9633045,-0.46176142,0.010648792
42700000,6.703223,8.808988,-4.916229,-2.9652832,-0.4638143,0.010090686
42720000,6.643879,8.799671,-4.916037,-2.9672198,-0.46584806,0.009587573
42736000,6.596378,8.79219,-4.91589,-2.9688048,-0.4675968,0.009178246
42756000,6.5369735,8.782802,-4.915714,-2.9702137,-0.4693584,0.0088149095
42776000,6.4775395,8.773379,-4.9155445,-2.9717147,-0.471148,0.008469225
42796000,6.4180746,8.76392,-4.915381,-2.9732506,-0.472981,0.008189158
42816000,6.3585777,8.754425,-4.915221,-2.974824,-0.4747291,0.007965925
42836000,6.299054,8.744894,-4.915066,-2.9761934,-0.47653535,0.00779334
42856000,6.239505,8.735329,-4.9149117,-2.9774573,-0.4782837,0.007678093
42876000,6.179931,8.725728,-4.9147596,-2.9786758,-0.480033,0.007621574
42896000,6.1203327,8.716097,-4.914607,-2.97993,-0.48155499,0.007619696
42916000,6.0607104,8.706436,-4.9144535,-2.981116,-0.48304388,0.0076760245
42936000,6.0010633,8.696744,-4.914298,-2.9823651,-0.48458886,0.00778682
42956000,5.941392,8.68702,-4.9141393,-2.98357,-0.48616716,0.007941479
42976000,5.881698,8.677269,-4.913976,-2.9846768,-0.48760474,0.008135818
42996000,5.8219786,8.667489,-4.913809,-2.985973,-0.48896796,0.008374074
43016000,5.7622337,8.657683,-4.913636,-2.9872546,-0.49031225,0.0086413855
43036000,5.7024674,8.647849,-4.9134574,-2.988318,-0.49169123,0.00892533
43056000,5.6426783,8.637992,-4.913273,-2.9894605,-0.49288884,0.009225645
43076000,5.582863,8.628109,-4.913082,-2.990762,-0.49410427,0.009551912
43096000,5.523021,8.618202,-4.912884,-2.992089,-0.4953454,0.009884031
43116000,5.4631553,8.60827,-4.9126806,-2.9933002,-0.4966313,0.010195621
43136000,5.4032636,8.598311,-4.9124703,-2.9945817,-0.49790126,0.010494534
43156000,5.343345,8.588328,-4.912255,-2.9959164,-0.49916562,0.010774181
43176000,5.283399,8.578321,-4.912035,-2.9973078,-0.5003483,0.011013222
43196000,5.223426,8.568291,-4.911811,-2.9986582,-0.5015305,0.011199439
43216000,5.1634283,8.558235,-4.911584,-2.9998832,-0.5027682,0.011334034
43236000,5.1034064,8.548156,-4.9113555,-3.0010746,-0.5039766,0.011418958
43256000,5.0433598,8.538054,-4.9111266,-3.0023398,-0.5050561,0.01144882
43276000,4.983287,8.527936,-4.910898,-3.0036516,-0.50594956,0.011416962
43296000,4.923188,8.517793,-4.9106717,-3.0049329,-0.507164,0.011340086
43316000,4.863063,8.507622,-4.9104466,-3.0062537,-0.5085473,0.011245138
43336000,4.802911,8.497429,-4.9102244,-3.007617,-0.5096444,0.011120755
43356000,4.742734,8.487218,-4.9100046,-3.008836,-0.51055527,0.010975972
43376000,4.6825304,8.476987,-4.909788,-3.0101779,-0.51154774,0.010838118
43396000,4.6222982,8.466735,-4.909574,-3.0116172,-0.51257074,0.010703816
43416000,4.562039,8.456462,-4.909363,-3.0129592,-0.51364654,0.010563368
43432000,4.513814,8.448228,-4.9091954,-3.0140655,-0.5146839,0.010438032
43452000,4.4535108,8.437916,-4.908989,-3.0151484,-0.515593,0.010325888
43472000,4.39318,8.427585,-4.908785,-3.0165596,-0.5165478,0.010223797
43492000,4.3328204,8.417234,-4.9085817,-3.0179636,-0.5175091,0.010148932
43512000,4.272434,8.406866,-4.9083796,-3.0192986,-0.51841116,0.0100993635
43532000,4.2120214,8.39648,-4.9081783,-3.0206535,-0.51930666,0.010077321
43552000,4.1515827,8.386076,-4.9079766,-3.0219402,-0.5201978,0.010072895
43572000,4.091118,8.375651,-4.9077754,-3.0232248,-0.5212357,0.0100742895
43592000,4.0306253,8.365209,-4.9075737,-3.024635,-0.5221329,0.010080005
43612000,3.9701056,8.354752,-4.9073715,-3.0259845,-0.5228775,0.010096097
43632000,3.9095576,8.344281,-4.907169,-3.027405,-0.52352375,0.0101322085
43652000,3.8489785,8.333797,-4.9069653,-3.0289583,-0.5241653,0.010189035
43672000,3.7883677,8.323303,-4.90676,-3.030529,-0.52471685,0.0102509
43692000,3.7277288,8.312795,-4.906554,-3.0319502,-0.52540606,0.010303649
43712000,3.6670609,8.302272,-4.906347,-3.033399,-0.5261479,0.010363131
43732000,3.60636,8.291738,-4.906138,-3.0350442,-0.52671343,0.010438529
43752000,3.5456264,8.281196,-4.9059277,-3.0366817,-0.5270969,0.010520534
43772000,3.4848633,8.270645,-4.905716,-3.038151,-0.5275454,0.010599626
43792000,3.424067,8.260087,-4.905502,-3.0398145,-0.5278929,0.010684052
43812000,3.3632314,8.249523,-4.905286,-3.0417807,-0.52819234,0.010808328
43832000,3.30234,8.238953,-4.9050655,-3.0445688,-0.528524,0.011009096
43852000,3.2413461,8.228375,-4.90484,-3.049694,-0.52887964,0.011287395
43872000,3.1802003,8.217791,-4.9046063,-3.0572946,-0.5292455,0.011687948
43892000,3.1188772,8.207193,-4.9043627,-3.06616,-0.5298296,0.012185862
43912000,3.057365,8.196589,-4.9041085,-3.075604,-0.53020513,0.012693065
43932000,2.9956694,8.18598,-4.9038467,-3.0847878,-0.5304678,0.013099591
43952000,2.933802,8.175366,-4.90358,-3.0933676,-0.53066593,0.013322055
43972000,2.871789,8.164755,-4.9033146,-3.1006465,-0.53061545,0.013271014
43992000,2.8096495,8.154143,-4.903056,-3.10697,-0.5305701,0.012924342
44012000,2.7474284,8.143532,-4.902811,-3.1110528,-0.5305805,0.0122500835
44032000,2.6851578,8.132926,-4.9025855,-3.113542,-0.53029835,0.011278514
44052000,2.6228821,8.122325,-4.902385,-3.1137774,-0.5300386,0.0100207
44072000,2.5606344,8.111735,-4.902215,-3.1123843,-0.52945834,0.008509172
44092000,2.4984648,8.101158,-4.9020796,-3.1084797,-0.52889484,0.006772166
44112000,2.4364057,8.090597,-4.901983,-3.1029608,-0.5280415,0.00485194
44132000,2.3745034,8.080053,-4.9019265,-3.095108,-0.52720046,0.0027928993
44152000,2.3128002,8.069529,-4.901914,-3.0851693,-0.52623403,0.0006334127
44172000,2.251345,8.059024,-4.901945,-3.0727527,-0.5252142,-0.0015547733
44192000,2.190174,8.048544,-4.9020205,-3.0585408,-0.52401215,-0.0037648452
44212000,2.1293323,8.038088,-4.902139,-3.0420954,-0.5228,-0.005942211
44232000,2.068849,8.027659,-4.9023013,-3.0241551,-0.52143115,-0.008088762
44252000,2.0087662,8.017262,-4.902504,-3.0041494,-0.5198398,-0.01015303
44272000,1.9491224,8.006897,-4.902746,-2.982188,-0.51824176,-0.012111313
44292000,1.8899564,7.996563,-4.903025,-2.9583018,-0.5167121,-0.013927041
44312000,1.831297,7.986266,-4.9033375,-2.9329658,-0.5148578,-0.0156214
44332000,1.7731818,7.9760065,-4.9036803,-2.9057622,-0.5129754,-0.017148966
44352000,1.7156376,7.965782,-4.9040513,-2.877214,-0.51122737,-0.01854407
44372000,1.6586982,7.955594,-4.904446,-2.8469682,-0.50938326,-0.019751828
44392000,1.6023923,7.945448,-4.904862,-2.815296,-0.50730824,-0.020788044
44412000,1.5467461,7.935342,-4.9052954,-2.782309,-0.505303,-0.021669472
44432000,1.4917847,7.9252753,-4.905743,-2.748069,-0.503343,-0.022395466
44452000,1.4375329,7.9152513,-4.9062023,-2.7125895,-0.50119495,-0.022950562
44472000,1.3840145,7.9052696,-4.9066687,-2.6759229,-0.49909613,-0.02332067
44492000,1.3312502,7.8953314,-4.9071393,-2.6382134,-0.4969035,-0.023529798
44512000,1.279263,7.8854327,-4.9076104,-2.5993564,-0.49491975,-0.023564722
44532000,1.22807,7.8755765,-4.90808,-2.55965,-0.4928296,-0.023471287
44552000,1.1776882,7.8657627,-4.9085455,-2.5190904,-0.49067676,-0.023261912
44572000,1.1281301,7.8559933,-4.9090047,-2.4779088,-0.48846668,-0.022972532
44592000,1.079414,7.846263,-4.9094553,-2.4358065,-0.4865227,-0.022540243
44612000,1.0315542,7.836576,-4.9098954,-2.3929899,-0.4843584,-0.021991266
44632000,0.9845644,7.8269258,-4.910322,-2.3494856,-0.48249736,-0.02133711
44652000,0.9384505,7.8173156,-4.9107347,-2.305697,-0.4805179,-0.02063917
44672000,0.89322317,7.8077455,-4.911132,-2.261368,-0.47850809,-0.019842764
44692000,0.84889203,7.7982125,-4.911511,-2.2165549,-0.47663388,-0.01895725
44712000,0.80546635,7.7887154,-4.9118705,-2.1712859,-0.47487524,-0.017987719
44732000,0.76295215,7.7792563,-4.91221,-2.12571,-0.4729453,-0.016959153
44752000,0.7213535,7.769831,-4.9125276,-2.0799325,-0.47124875,-0.015885603
44772000,0.68067414,7.760439,-4.9128227,-2.0339663,-0.46961358,-0.014762832
44792000,0.64091706,7.751081,-4.9130945,-1.9878557,-0.46790677,-0.013597176
44812000,0.60208404,7.741754,-4.9133425,-1.9416487,-0.46633822,-0.01239554
44832000,0.56417936,7.732457,-4.9135656,-1.8952354,-0.4648397,-0.011138995
44852000,0.52719826,7.7231903,-4.913764,-1.8490555,-0.46335766,-0.009920698
44872000,0.49114302,7.7139516,-4.9139366,-1.8027612,-0.4619294,-0.008649043
44892000,0.45601413,7.704741,-4.9140835,-1.7564441,-0.4605211,-0.007341525
44912000,0.4218048,7.695556,-4.914205,-1.7104682,-0.45926082,-0.006081781
44932000,0.38851,7.686394,-4.914302,-1.6647395,-0.45809242,-0.0048315316
44952000,0.35612482,7.677259,-4.914374,-1.6192578,-0.45675844,-0.003593855
44972000,0.32464683,7.668149,-4.9144206,-1.5739002,-0.4555079,-0.00234819
44992000,0.29407018,7.6590624,-4.9144435,-1.5288323,-0.4543185,-0.0011328718
45012000,0.26438907,7.6499963,-4.9144425,-1.4840554,-0.45329574,4.6693553e-05
45032000,0.23559631,7.6409464,-4.914419,-1.4396375,-0.45251602,0.0011770447
45052000,0.2076817,7.6319118,-4.9143744,-1.3957312,-0.4517189,0.002225946
45072000,0.18063697,7.6228933,-4.91431,-1.3522362,-0.45091838,0.0032114636
45092000,0.15445799,7.6138887,-4.9142265,-1.3089492,-0.4502232,0.004175829
45112000,0.12913139,7.6048965,-4.9141264,-1.26633,-0.44962433,0.005025247
45132000,0.10464727,7.595913,-4.9140105,-1.2242059,-0.4491668,0.005789039
45152000,0.08099217,7.5869374,-4.913882,-1.1827551,-0.448781,0.00642183
45172000,0.058155816,7.5779696,-4.913743,-1.1418176,-0.4484065,0.006957838
45192000,0.036125083,7.569011,-4.9135957,-1.1015369,-0.4479041,0.0073616854
45212000,0.014892615,7.5600567,-4.9134417,-1.0616233,-0.44772825,0.0076974137
45232000,-0.0055580838,7.5511045,-4.913284,-1.022535,-0.44762203,0.007896554
45252000,-0.025237465,7.5421553,-4.913123,-0.9839691,-0.4474445,0.0080316
45272000,-0.044163465,7.5332093,-4.9129624,-0.94629997,-0.44730842,0.008036864
45292000,-0.062347367,7.52426,-4.9128027,-0.9091951,-0.44746932,0.00798565
45312000,-0.079806894,7.515308,-4.9126463,-0.8729763,-0.44760785,0.007823955
45332000,-0.09655367,7.506352,-4.912494,-0.8373387,-0.44777864,0.0076085115
45352000,-0.11260451,7.497394,-4.9123483,-0.802542,-0.44789898,0.0072901556
45372000,-0.12796974,7.488431,-4.9122095,-0.76826197,-0.44816074,0.006926209
45392000,-0.1426648,7.4794602,-4.91208,-0.734753,-0.44852787,0.006479181
45412000,-0.1567025,7.470479,-4.9119606,-0.701885,-0.44907102,0.005975628
45432000,-0.17010428,7.4614854,-4.9118533,-0.6700889,-0.4496865,0.005362315
45452000,-0.18288,7.4524794,-4.9117584,-0.6387855,-0.45029777,0.004748832
45472000,-0.19504456,7.443464,-4.9116764,-0.6082282,-0.450763,0.00410207
45492000,-0.20661408,7.4344354,-4.9116077,-0.5784763,-0.45142132,0.0034284813
45512000,-0.21760927,7.4253902,-4.9115534,-0.54975975,-0.4522596,0.0027048718
45548000,-0.23599136,7.4090624,-4.9114914,-0.49688873,-0.45400134,0.0013802497
45568000,-0.24544485,7.399966,-4.9114757,-0.47267404,-0.45482886,0.00077436055
45588000,-0.25437963,7.39085,-4.911474,-0.44673902,-0.45578974,7.450292e-05
45608000,-0.26280978,7.381714,-4.9114866,-0.42150822,-0.456814,-0.00060144207
45628000,-0.2707498,7.3725514,-4.9115114,-0.39700073,-0.45813084,-0.001247791
45648000,-0.27821368,7.363364,-4.9115486,-0.3731935,-0.45935518,-0.0018600137
45668000,-0.2852157,7.354151,-4.9115973,-0.35010138,-0.46068096,-0.0024308756
45688000,-0.2917683,7.34491,-4.9116564,-0.3276311,-0.46200916,-0.0029513815
45708000,-0.29788712,7.3356404,-4.911725,-0.3059397,-0.46350682,-0.0034368448
45728000,-0.30358636,7.3263392,-4.911803,-0.28496265,-0.46503988,-0.0038835888
45748000,-0.30888268,7.317005,-4.9118886,-0.26481488,-0.46672052,-0.004294863
45768000,-0.31378752,7.3076386,-4.9119816,-0.24524254,-0.46830928,-0.0046437657
45788000,-0.3183138,7.298238,-4.9120803,-0.22631423,-0.47004166,-0.0049467385
45808000,-0.32247663,7.288803,-4.9121847,-0.20814046,-0.47173893,-0.0052214093
45828000,-0.3262883,7.279332,-4.912294,-0.19058545,-0.4735525,-0.0054520364
45848000,-0.32976213,7.269825,-4.912407,-0.17369083,-0.47536606,-0.0056456835
45868000,-0.33291146,7.2602777,-4.912523,-0.15746546,-0.47735852,-0.005801016
45888000,-0.33574933,7.2506924,-4.912641,-0.14189461,-0.47925445,-0.005927068
45908000,-0.3382871,7.241069,-4.9127617,-0.12688673,-0.48118037,-0.0060219443
45928000,-0.34053975,7.2314053,-4.9128838,-0.11263318,-0.4831763,-0.006106886
45948000,-0.34251818,7.2216983,-4.9130073,-0.0989228,-0.48534822,-0.006163417
45968000,-0.3442349,7.211952,-4.913131,-0.08583666,-0.4873113,-0.0062105237
45988000,-0.34569937,7.202162,-4.913256,-0.07322151,-0.4895179,-0.006231528
46008000,-0.34692305,7.1923275,-4.9133806,-0.06118465,-0.49171612,-0.0062347734
46028000,-0.34791642,7.182448,-4.913505,-0.04966821,-0.49399364,-0.0062227314
46048000,-0.34869108,7.1725245,-4.913629,-0.038732864,-0.49615574,-0.006205506
46068000,-0.34925544,7.1625557,-4.9137526,-0.028219195,-0.4984423,-0.0061755287
46088000,-0.34962314,7.1525416,-4.913876,-0.018384298,-0.50071496,-0.00616731
46108000,-0.34979865,7.142478,-4.913999,-0.008776078,-0.5031715,-0.0061569544
46128000,-0.34979254,7.1323667,-4.9141226,0.00030640297,-0.5055735,-0.00615841
46148000,-0.34961417,7.122205,-4.9142456,0.008918041,-0.50809216,-0.006153109
46168000,-0.34927565,7.111992,-4.914368,0.016926484,-0.5106301,-0.0061331573
46188000,-0.34878528,7.101725,-4.9144897,0.024518797,-0.51334524,-0.0060896846
46208000,-0.3481517,7.0914035,-4.9146104,0.031677965,-0.516083,-0.0060320282
46228000,-0.34737918,7.0810266,-4.9147296,0.03862714,-0.51885706,-0.005952987
46248000,-0.34647754,7.0705934,-4.914847,0.04508186,-0.5216483,-0.0058633313
46268000,-0.34545684,7.060103,-4.9149623,0.051033977,-0.52452993,-0.0057626874
46288000,-0.344328,7.0495534,-4.9150753,0.0564434,-0.5274638,-0.005648629
46308000,-0.34309533,7.0389423,-4.9151855,0.06163322,-0.5305555,-0.005517343
46328000,-0.34176442,7.0282693,-4.9152927,0.06654484,-0.5336633,-0.0053740395
46348000,-0.340341,7.0175347,-4.915397,0.071171604,-0.5367266,-0.005223485
46368000,-0.33883247,7.006737,-4.9154987,0.07542538,-0.5398694,-0.0050668675
46388000,-0.33724585,6.995874,-4.915597,0.07933094,-0.54315937,-0.004900822
46408000,-0.33558974,6.9849467,-4.9156914,0.08280698,-0.5463718,-0.0047222227
46428000,-0.333871,6.973954,-4.9157815,0.08593563,-0.5496121,-0.004516365
46448000,-0.3320952,6.9628973,-4.9158673,0.08879023,-0.55285174,-0.0042839968
46468000,-0.3302655,6.9517756,-4.915948,0.091486186,-0.5560985,-0.0040258104
46488000,-0.32838827,6.9405856,-4.916023,0.09386114,-0.5594955,-0.003748325
46508000,-0.32646945,6.929328,-4.9160914,0.09594087,-0.5628656,-0.0034498589
46528000,-0.32451195,6.9180045,-4.9161544,0.09787429,-0.5661831,-0.0031260015
46548000,-0.3225207,6.906614,-4.9162097,0.09956338,-0.5695364,-0.002778701
46568000,-0.32050112,6.8951545,-4.916258,0.10097899,-0.5729602,-0.0024099753
46588000,-0.31845868,6.8836303,-4.9162984,0.10212195,-0.5762228,-0.002027695
46608000,-0.3163955,6.8720407,-4.916331,0.10315947,-0.5794799,-0.0016159406
46628000,-0.3143139,6.8603897,-4.9163547,0.10407921,-0.58254874,-0.0011803327
46648000,-0.31221592,6.848673,-4.916369,0.104898274,-0.58583516,-0.00071810477
46668000,-0.31010836,6.8368897,-4.9163733,0.10537846,-0.58914655,-0.00023238613
46688000,-0.30799568,6.825043,-4.916368,0.10563361,-0.5923339,0.0002811671
46708000,-0.3058801,6.8131332,-4.9163513,0.1057792,-0.59549665,0.0008209876
46728000,-0.30375883,6.801161,-4.916324,0.10606339,-0.5986262,0.001372683
46748000,-0.30163905,6.7891264,-4.9162855,0.105990075,-0.601725,0.0019260765
46768000,-0.2995247,6.777029,-4.916236,0.105716474,-0.60486627,0.0024846015
46788000,-0.2974146,6.7648683,-4.916175,0.1055051,-0.6080422,0.0030460379
46808000,-0.29531106,6.752644,-4.916103,0.105177596,-0.61120176,0.0036060947
46828000,-0.2932146,6.7403603,-4.91602,0.10482333,-0.6141963,0.004150393
46848000,-0.29112747,6.7280183,-4.915926,0.10435547,-0.6171034,0.0046818866
46868000,-0.2890503,6.7156157,-4.915822,0.10385829,-0.620116,0.0051962705
46888000,-0.28698462,6.703152,-4.915708,0.10328502,-0.62318915,0.0056922636
46908000,-0.28493348,6.690632,-4.915585,0.1025561,-0.62600935,0.0061516003
46928000,-0.28289676,6.678053,-4.9154534,0.1018361,-0.6289522,0.006592445
46948000,-0.28087407,6.6654153,-4.915313,0.101134226,-0.63188046,0.007020504
46968000,-0.27886716,6.6527243,-4.9151645,0.10034645,-0.6345425,0.00741952
46988000,-0.2768775,6.6399827,-4.9150085,0.099483304,-0.6370804,0.0078041917
47008000,-0.27490452,6.6271863,-4.914845,0.09864885,-0.6398263,0.008178026
47024000,-0.27333987,6.6169105,-4.914709,0.097790636,-0.6422362,0.008497182
47044000,-0.27139807,6.6040235,-4.914533,0.097090065,-0.6443561,0.008797675
47064000,-0.2694734,6.59109,-4.9143505,0.09623217,-0.6466595,0.009116845
47084000,-0.26756597,6.5781074,-4.914162,0.09537271,-0.6491462,0.009419801
47104000,-0.26567227,6.5650764,-4.913968,0.09468412,-0.6515313,0.009709724
47124000,-0.26379344,6.5520015,-4.9137683,0.093942136,-0.65374815,0.009991658
47144000,-0.2619331,6.5388827,-4.913563,0.0930172,-0.6559304,0.01026612
47164000,-0.26009077,6.525723,-4.9133525,0.09211615,-0.6580015,0.010531379
47184000,-0.25826475,6.512523,-4.9131365,0.09130054,-0.6599954,0.010795056
47204000,-0.25645536,6.4992833,-4.912915,0.09046959,-0.6619844,0.0110624675
47224000,-0.25466248,6.486005,-4.9126887,0.08964438,-0.6639325,0.011328227
47244000,-0.2528882,6.472689,-4.912457,0.088713184,-0.66577893,0.011583224
47264000,-0.25113127,6.459337,-4.91222,0.08784687,-0.6675996,0.011835854
47284000,-0.24938974,6.4459515,-4.9119782,0.08707663,-0.6692894,0.012091061
47304000,-0.24766225,6.4325314,-4.9117312,0.086374626,-0.67099243,0.012358169
47324000,-0.24594802,6.4190784,-4.9114785,0.08571153,-0.67266196,0.01263644
47344000,-0.24424772,6.405592,-4.91122,0.08501484,-0.67430174,0.012915955
47364000,-0.24255994,6.392076,-4.9109564,0.08438956,-0.6758207,0.013194419
47384000,-0.24088366,6.3786426,-4.910854,0.08381315,-0.67165333,0.0051147696
47404000,-0.23922658,6.366302,-4.9114923,0.08285452,-0.6170277,-0.031907734
47424000,-0.23759036,6.3561645,-4.9131203,0.08181119,-0.5068883,-0.081404
47444000,-0.23596294,6.348115,-4.9157786,0.08137101,-0.40246207,-0.13292679
47464000,-0.23435025,6.3412995,-4.9194407,0.08063405,-0.3407903,-0.18310753
47484000,-0.23274218,6.334844,-4.9239926,0.08040371,-0.3227603,-0.22758007
47504000,-0.2311432,6.3280907,-4.9292674,0.07994849,-0.33766815,-0.26373816
47524000,-0.22954571,6.3205504,-4.935071,0.079875186,-0.3770253,-0.29017758
47544000,-0.22795035,6.311849,-4.9411964,0.07976778,-0.43504748,-0.30628434
47564000,-0.22635251,6.301721,-4.9474435,0.07989168,-0.50640696,-0.31235185
47584000,-0.22475286,6.289987,-4.9536304,0.07998305,-0.58669984,-0.30935308
47604000,-0.22314638,6.2765307,-4.959602,0.08032379,-0.67282265,-0.29856098
47624000,-0.22153711,6.2612844,-4.965231,0.08046337,-0.76232314,-0.28146198
47644000,-0.21991923,6.2442007,-4.9704165,0.080894195,-0.85417527,-0.25928208
47664000,-0.21829818,6.22527,-4.975088,0.081052095,-0.9465379,-0.2335687
47684000,-0.21666689,6.2044888,-4.979195,0.08156479,-1.0390624,-0.2053522
47704000,-0.21503213,6.181882,-4.9827156,0.08173839,-1.1303529,-0.17601354
47724000,-0.21338707,6.157461,-4.985636,0.082252935,-1.2210207,-0.1460324
47744000,-0.21173507,6.131253,-4.987961,0.082599886,-1.3104367,-0.11624069
47764000,-0.21006955,6.1032686,-4.989698,0.08327607,-1.3991991,-0.08684753
47784000,-0.20839286,6.073535,-4.9908676,0.083834715,-1.4866881,-0.058478247
47804000,-0.20670538,6.042074,-4.991494,0.08437344,-1.5730314,-0.03133352
47824000,-0.20500837,6.0089126,-4.991607,0.08485058,-1.6580882,-0.005652506
47844000,-0.20329757,5.9740806,-4.9912405,0.08553994,-1.741601,0.018335773
47864000,-0.20157303,5.9376063,-4.990428,0.08622736,-1.823705,0.04061217
47884000,-0.19983591,5.8995223,-4.989207,0.08685572,-1.9042045,0.06105884
47904000,-0.19808187,5.8598604,-4.9876137,0.08770265,-1.9830798,0.07966449
47924000,-0.19631243,5.8186574,-4.9856863,0.08847184,-2.06015,0.096367836
47944000,-0.19452493,5.775948,-4.983461,0.08937457,-2.135481,0.11126269
47964000,-0.1927237,5.731765,-4.9809723,0.09006129,-2.2091649,0.124441944
47984000,-0.19090553,5.686149,-4.978256,0.09090914,-2.2807713,0.13579978
48004000,-0.1890751,5.639145,-4.975347,0.09152105,-2.3502111,0.14545196
48024000,-0.18722582,5.5907965,-4.9722776,0.09246425,-2.4174342,0.1534677
48044000,-0.18536305,5.5411425,-4.969077,0.09313825,-2.4826982,0.16004017
48060000,-0.18385987,5.5005097,-4.966441,0.09394883,-2.5395298,0.16474202
48080000,-0.18197083,5.4486146,-4.963073,0.09445181,-2.5947616,0.16841362
48100000,-0.18006346,5.395538,-4.9596477,0.095369145,-2.6538525,0.17126627
48120000,-0.17814134,5.3413205,-4.956187,0.09610561,-2.7108543,0.1730455
48140000,-0.17620373,5.2860165,-4.9527135,0.0968803,-2.7651954,0.17367044
48160000,-0.1742521,5.229658,-4.949242,0.09758233,-2.817923,0.17356032
48180000,-0.1722868,5.1723013,-4.945793,0.09826479,-2.867853,0.17245081
48200000,-0.17031099,5.1139846,-4.942379,0.09879039,-2.9158366,0.1707055
48220000,-0.1683222,5.0547547,-4.939013,0.099438794,-2.9614844,0.16829188
48240000,-0.1663197,4.9946475,-4.9357047,0.10012503,-3.0053532,0.16542378
48260000,-0.16430517,4.933712,-4.9324646,0.10072726,-3.046792,0.16199802
48280000,-0.1622788,4.871987,-4.929301,0.10131766,-3.0862434,0.15819778
48300000,-0.16024034,4.8095164,-4.92622,0.101923235,-3.123515,0.15404232
48320000,-0.15819451,4.7463326,-4.923226,0.102291375,-3.1591952,0.14970751
48340000,-0.15614325,4.6824775,-4.9203234,0.1025633,-3.192761,0.1451081
48360000,-0.15408516,4.6179833,-4.9175158,0.10290432,-3.2247021,0.14039658
48380000,-0.15201828,4.552893,-4.9148054,0.10334428,-3.2545183,0.13550282
48400000,-0.14994738,4.4872346,-4.9121933,0.10354539,-3.2829185,0.1306062
48420000,-0.14787199,4.4210443,-4.9096804,0.10376939,-3.3095293,0.12565799
48440000,-0.14579287,4.35435,-4.9072657,0.1039553,-3.3346915,0.12073894
48460000,-0.14371029,4.287186,-4.9049487,0.10412975,-3.3582006,0.11583396
48480000,-0.14162448,4.219576,-4.902728,0.10428983,-3.380516,0.11103762
48500000,-0.13953565,4.151551,-4.9006023,0.10444131,-3.4012508,0.10629083
48520000,-0.13744403,4.0831375,-4.898569,0.1045811,-3.4206777,0.1016515
48536000,-0.13577154,4.028146,-4.8970084,0.10453084,-3.4369721,0.097556524
48556000,-0.13368085,3.9590943,-4.895136,0.10453487,-3.4525738,0.0936156
48576000,-0.13159202,3.8897195,-4.893349,0.104441255,-3.4687443,0.089349896
48596000,-0.12950116,3.8200417,-4.8916445,0.10454289,-3.4838889,0.08523284
48616000,-0.12740958,3.750082,-4.8900194,0.10457902,-3.4979863,0.08125654
48636000,-0.12531663,3.6798558,-4.88847,0.1046475,-3.5113149,0.07745206
48652000,-0.12364595,3.6234958,-4.887284,0.10441789,-3.5224926,0.07414938
48672000,-0.121559955,3.5528343,-4.885864,0.10429949,-3.533074,0.07099037
48692000,-0.11947639,3.4819536,-4.8845115,0.10417826,-3.544032,0.06761991
48712000,-0.117391855,3.4108682,-4.8832235,0.1042268,-3.55428,0.06441459
48732000,-0.11531115,3.3395922,-4.881996,0.104034886,-3.563798,0.06136535
48752000,-0.113232404,3.2681377,-4.880826,0.10393746,-3.57272,0.058490023
48772000,-0.11115644,3.196517,-4.8797107,0.10379832,-3.5810368,0.05577969
48792000,-0.10908194,3.1247387,-4.878646,0.10372512,-3.5889122,0.053232733
48812000,-0.107012376,3.0528135,-4.8776293,0.10347822,-3.5962594,0.050829016
48832000,-0.10494748,2.9807518,-4.876658,0.10324498,-3.6030972,0.04856337
48868000,-0.101243965,2.8507233,-4.8750153,0.102761574,-3.6149635,0.044633575
48888000,-0.09919455,2.7783196,-4.8741565,0.10247091,-3.6201758,0.042954072
48908000,-0.09715172,2.7058063,-4.873332,0.1021413,-3.625665,0.04121434
48928000,-0.09511663,2.6331923,-4.87254,0.101754345,-3.6306994,0.039591275
48948000,-0.093091115,2.5604835,-4.8717785,0.101275794,-3.6354456,0.03809237
48968000,-0.091074444,2.487687,-4.871044,0.10083363,-3.639818,0.036709588
48988000,-0.08906815,2.414807,-4.870335,0.1003147,-3.6439958,0.03545682
49008000,-0.087071404,2.3418474,-4.8696485,0.099837445,-3.6479871,0.03432639
49028000,-0.085086256,2.2688112,-4.8689823,0.09925747,-3.6518092,0.03331152
49048000,-0.08311453,2.1957023,-4.8683343,0.09858638,-3.655447,0.032399464
49068000,-0.08115542,2.1225224,-4.8677025,0.09795541,-3.6589992,0.031583246
49088000,-0.07920817,2.0492747,-4.867086,0.09736233,-3.6623805,0.030842856
49108000,-0.07727617,1.9759619,-4.8664823,0.0966,-3.6656413,0.030174132
49124000,-0.07573885,1.9172688,-4.8660083,0.09608279,-3.6683252,0.029615233
49144000,-0.07382886,1.8438498,-4.865426,0.09549923,-3.6709466,0.029107144
49164000,-0.07193392,1.7703738,-4.8648543,0.09474724,-3.6737952,0.028596593
49184000,-0.07005408,1.6968403,-4.8642917,0.09399186,-3.6766815,0.028133634
49204000,-0.06818881,1.6232494,-4.8637376,0.09326352,-3.6795385,0.027700352
49224000,-0.06633903,1.5496058,-4.863192,0.092488855,-3.6821787,0.027287005
49244000,-0.06450646,1.475912,-4.8626537,0.09162826,-3.6846955,0.026898574
49264000,-0.06269101,1.4021689,-4.8621235,0.09077287,-3.6871572,0.026525676
49284000,-0.060890988,1.328376,-4.8616004,0.090001084,-3.689642,0.026161198
49304000,-0.05910507,1.2545338,-4.861084,0.08929588,-3.6921096,0.025800323
49324000,-0.057334412,1.1806421,-4.8605757,0.08853294,-3.6945858,0.025436508
49344000,-0.055582255,1.106703,-4.860074,0.08760784,-3.6969523,0.02506246
49364000,-0.053847563,1.0327153,-4.8595805,0.086734615,-3.6993852,0.024681812
49384000,-0.052129302,0.958679,-4.8590946,0.08591288,-3.7018166,0.024290321
49404000,-0.050427034,0.8845977,-4.8586173,0.08511342,-3.704066,0.023873772
49424000,-0.048740543,0.81047183,-4.8581486,0.08432468,-3.7062929,0.023442352
49444000,-0.04707071,0.73629886,-4.857688,0.08349148,-3.7086496,0.023021726
49464000,-0.045419667,0.6620791,-4.857236,0.08255219,-3.710987,0.022605777
49484000,-0.043789014,0.5878113,-4.856792,0.081532724,-3.7133904,0.022186354
49504000,-0.04217795,0.5134995,-4.856357,0.08055317,-3.71559,0.021744942
49524000,-0.040584855,0.43914622,-4.8559318,0.07965478,-3.717664,0.021287214
49544000,-0.039009713,0.36474943,-4.855515,0.07875712,-3.7198393,0.020836065
49564000,-0.03745563,0.29030716,-4.8551073,0.077704065,-3.7221124,0.020384468
49584000,-0.035922647,0.21581946,-4.8547087,0.07664924,-3.7243857,0.01992643
49604000,-0.034409657,0.14128837,-4.8543196,0.07564946,-3.7265544,0.01946097
49624000,-0.032918777,0.06671199,-4.8539395,0.07454403,-3.7288191,0.018996853
49644000,-0.03144994,-0.007908267,-4.853569,0.07344191,-3.7310128,0.018526789
49664000,-0.03000104,-0.08257054,-4.853208,0.0724449,-3.7331135,0.01804084
49684000,-0.028571043,-0.15727597,-4.852857,0.07149985,-3.7352717,0.017542666
49704000,-0.027162315,-0.23202641,-4.8525167,0.070436426,-3.7375224,0.017029218
49724000,-0.025775619,-0.30682185,-4.8521867,0.069334835,-3.7397716,0.016488314
49744000,-0.024410551,-0.3816597,-4.8518686,0.068253346,-3.741892,0.015922962
49764000,-0.023067474,-0.45654213,-4.851561,0.06715385,-3.7441223,0.015361169
49784000,-0.021745412,-0.53146976,-4.8512654,0.066103145,-3.7463818,0.014794523
49804000,-0.020444464,-0.6064408,-4.8509808,0.06504734,-3.7485504,0.014224094
49824000,-0.019164914,-0.681455,-4.8507075,0.063977495,-3.7507112,0.013663963
49844000,-0.017908148,-0.7565157,-4.8504453,0.062838286,-3.753032,0.013117003
49864000,-0.0166724,-0.8316208,-4.850194,0.061787415,-3.755258,0.012564085
49884000,-0.015457824,-0.90676993,-4.8499537,0.060728833,-3.7574565,0.012017066
49904000,-0.014266496,-0.98196477,-4.849724,0.059566434,-3.7597413,0.0114960335
49924000,-0.013098343,-1.0572051,-4.849504,0.058407634,-3.7620142,0.010991735
49944000,-0.011951027,-1.1324904,-4.8492937,0.057365775,-3.7642653,0.010501285
49964000,-0.01082642,-1.2078214,-4.849093,0.056230366,-3.7665496,0.010032422
49984000,-0.009725805,-1.2831987,-4.8489017,0.05503074,-3.7688673,0.009576257
50004000,-0.008650451,-1.3586231,-4.848719,0.053767696,-3.7712197,0.009129732
50020000,-0.007806831,-1.4189968,-4.848579,0.052726265,-3.7733583,0.008746228
50040000,-0.0067722034,-1.4945055,-4.8484116,0.051731378,-3.775436,0.008368212
50060000,-0.005761608,-1.5700582,-4.848253,0.05052977,-3.7776344,0.007941622
50080000,-0.004777959,-1.6456594,-4.848102,0.049182452,-3.7800612,0.0075318273
50100000,-0.0038179075,-1.721308,-4.8479595,0.04800258,-3.7824247,0.0071403068
50120000,-0.0028799148,-1.7970015,-4.847824,0.04689963,-3.7846742,0.006778523
50140000,-0.0019657465,-1.8727409,-4.847695,0.04570841,-3.786971,0.006460693
50160000,-0.0010777395,-1.948528,-4.847571,0.044400353,-3.7893603,0.00618775
50180000,-0.0002128057,-2.024361,-4.847452,0.043246694,-3.7916424,0.00593258
50200000,0.0006289396,-2.10024,-4.847338,0.042087264,-3.7939577,0.0057130647
50220000,0.0014450995,-2.1761718,-4.8472266,0.040807992,-3.796589,0.005570532
50240000,0.0022380638,-2.2521768,-4.847115,0.039648224,-3.8002443,0.0055721467
50260000,0.00300872,-2.3282979,-4.847,0.0385328,-3.8060522,0.005754256
50280000,0.003756767,-2.4045815,-4.846877,0.037402347,-3.8141901,0.006147029
50300000,0.004482029,-2.4810584,-4.8467426,0.03626311,-3.8238416,0.00671852
50320000,0.0051873154,-2.557736,-4.846596,0.035264313,-3.8338704,0.0073602013
50340000,0.005870363,-2.6346128,-4.8464365,0.034152385,-3.843846,0.007960932
50360000,0.006529459,-2.7116733,-4.846268,0.032954786,-3.8530273,0.008412888
50380000,0.0071603823,-2.788899,-4.8460946,0.03154618,-3.8612854,0.00866566
50400000,0.007761624,-2.8662574,-4.8459215,0.030062098,-3.8679168,0.008663552
50420000,0.008333627,-2.9437234,-4.845753,0.028600149,-3.8733082,0.008408753
50440000,0.008877893,-3.0212517,-4.8455963,0.027213262,-3.876412,0.007847464
50460000,0.009386374,-3.0988104,-4.845456,0.025424056,-3.8779325,0.0070198798
50480000,0.009857925,-3.1763506,-4.845338,0.02357755,-3.8770158,0.0059090573
50500000,0.010290343,-3.2538438,-4.8452463,0.021620926,-3.8746507,0.0045773466
50520000,0.010689244,-3.3312345,-4.845186,0.019945044,-3.8695436,0.0030070134
50540000,0.011040317,-3.4084892,-4.845161,0.01755362,-3.8627346,0.0012645989
50560000,0.011350585,-3.4855561,-4.8451734,0.01551342,-3.8533416,-0.0006276159
50580000,0.011615999,-3.562405,-4.845226,0.013270704,-3.8424506,-0.0026285553
50600000,0.01183661,-3.638985,-4.8453197,0.011030526,-3.8289895,-0.0047030807
50620000,0.012004394,-3.7152653,-4.8454566,0.008389246,-3.8140168,-0.006832354
50640000,0.012125301,-3.7911944,-4.8456354,0.006045318,-3.7964659,-0.008949475
50660000,0.012192491,-3.866745,-4.8458567,0.0033595292,-3.7775278,-0.011045956
50680000,0.012207522,-3.9418707,-4.846118,0.0007515581,-3.7562819,-0.013062549
50700000,0.012166339,-4.0165462,-4.846418,-0.0020591794,-3.7337687,-0.015013543
50716000,0.012095837,-4.0759315,-4.8466845,-0.0044063814,-3.7115815,-0.016645864
50736000,0.011955557,-4.1496964,-4.8470483,-0.0070139887,-3.6882467,-0.01818336
50756000,0.011761152,-4.2229137,-4.847443,-0.009720235,-3.6608634,-0.019757852
50776000,0.011510729,-4.295556,-4.847867,-0.0125211915,-3.6321228,-0.021189881
50796000,0.011203609,-4.367592,-4.8483157,-0.015355964,-3.6017802,-0.022436915
50816000,0.010833331,-4.4389935,-4.848786,-0.018513903,-3.5700953,-0.023508472
50836000,0.010401229,-4.509736,-4.849274,-0.021605086,-3.537135,-0.024408767
50856000,0.00990512,-4.5797935,-4.8497767,-0.024805475,-3.5028598,-0.025122238
50876000,0.009348912,-4.6491427,-4.85029,-0.02781039,-3.467458,-0.025663247
50896000,0.008729949,-4.7177634,-4.8508105,-0.03094816,-3.431042,-0.02602865
50916000,0.008045811,-4.7856336,-4.8513346,-0.034206882,-3.3935075,-0.0262063
50936000,0.007293144,-4.8527365,-4.8518596,-0.037633367,-3.355136,-0.026241178
50956000,0.00647442,-4.9190574,-4.8523827,-0.04093621,-3.316046,-0.026157109
50976000,0.005591121,-4.9845786,-4.8529005,-0.04416495,-3.27607,-0.025910951
50996000,0.0046437117,-5.0492864,-4.8534117,-0.047370445,-3.2353904,-0.025539117
51016000,0.0036312924,-5.113167,-4.8539124,-0.05062098,-3.1940093,-0.02505144
51036000,0.002555201,-5.1762075,-4.854402,-0.05380457,-3.1520467,-0.02447583
51056000,0.0014130953,-5.2383966,-4.854878,-0.057105284,-3.1094406,-0.023797676
51076000,0.00020670619,-5.2997255,-4.855339,-0.060319453,-3.06645,-0.023052605
51096000,-0.001063887,-5.3601837,-4.855783,-0.06352966,-3.0229173,-0.02219778
51116000,-0.0023983978,-5.4197636,-4.8562083,-0.066725545,-2.9790013,-0.021256194
51136000,-0.0037960224,-5.47846,-4.856613,-0.06988122,-2.934791,-0.02025991
51156000,-0.0052578016,-5.5362663,-4.8569975,-0.073088974,-2.8903353,-0.01921313
51176000,-0.0067849224,-5.5931773,-4.8573594,-0.07635604,-2.845541,-0.018092524
51196000,-0.008375506,-5.6491885,-4.8576984,-0.07952915,-2.8005753,-0.01693978
51216000,-0.010024663,-5.704302,-4.8580146,-0.08245788,-2.7556694,-0.01581497
51236000,-0.011733706,-5.758516,-4.8583083,-0.08545218,-2.7106822,-0.0146858785
51256000,-0.013502823,-5.811826,-4.858579,-0.088455826,-2.665523,-0.013540203
51276000,-0.015330664,-5.864236,-4.8588276,-0.09139205,-2.6204872,-0.012433941
51296000,-0.017219407,-5.9157495,-4.8590555,-0.09443717,-2.5756795,-0.011394187
51316000,-0.01916936,-5.9663672,-4.859263,-0.09749766,-2.5308926,-0.01037798
51336000,-0.021173155,-6.016089,-4.859451,-0.10018968,-2.486072,-0.0093825115
51356000,-0.023235131,-6.0649195,-4.8596196,-0.103098854,-2.4415407,-0.008440045
51376000,-0.02535543,-6.1128645,-4.8597703,-0.10601492,-2.3972569,-0.007536321
51396000,-0.027532034,-6.1599293,-4.859904,-0.10883024,-2.3532221,-0.0066751116
51416000,-0.029762195,-6.2061205,-4.8600216,-0.11150807,-2.309572,-0.0058767977
51436000,-0.03204418,-6.251445,-4.8601236,-0.114099264,-2.2662182,-0.005108435
51456000,-0.034377985,-6.295911,-4.8602114,-0.11669021,-2.2232988,-0.0043970235
51476000,-0.036764417,-6.3395247,-4.8602858,-0.11932153,-2.180692,-0.0037149477
51496000,-0.03919976,-6.3822985,-4.860348,-0.12176717,-2.1386957,-0.0031217127
51516000,-0.04168243,-6.424243,-4.8603997,-0.12413357,-2.097212,-0.0025797284
51536000,-0.044208538,-6.465368,-4.8604417,-0.12630534,-2.0562327,-0.0020877835
51556000,-0.0467773,-6.5056806,-4.860474,-0.12843816,-2.015655,-0.001625654
51576000,-0.049384076,-6.545193,-4.8604984,-0.1303388,-1.9756265,-0.0012166981
51596000,-0.052028164,-6.5839167,-4.8605156,-0.1322044,-1.9361612,-0.000854778
51616000,-0.054708917,-6.621862,-4.860526,-0.13403751,-1.897265,-0.0005329755
51632000,-0.056877524,-6.6516647,-4.8605304,-0.13553797,-1.8626976,-0.0002645908
51652000,-0.059615586,-6.6882396,-4.8605313,-0.13690314,-1.8287435,-4.8930804e-05
51672000,-0.062379505,-6.7240705,-4.860528,-0.13819595,-1.7915485,0.00016856485
51692000,-0.06516876,-6.759173,-4.8605213,-0.13946293,-1.7550995,0.0003402705
51712000,-0.067980014,-6.793561,-4.860512,-0.14056246,-1.7194062,0.00047087637
51732000,-0.07080826,-6.8272467,-4.8605,-0.14141247,-1.6842902,0.00058524334
51752000,-0.07365218,-6.8602448,-4.860487,-0.14219591,-1.6498938,0.00065599545
51772000,-0.07650738,-6.892567,-4.860473,-0.14276008,-1.616138,0.0006873743
51792000,-0.07937138,-6.924229,-4.86046,-0.14319983,-1.5830933,0.0006654972
51812000,-0.08224303,-6.955245,-4.860448,-0.14358291,-1.5507985,0.0005934711
51832000,-0.08511963,-6.985631,-4.860439,-0.14382958,-1.5192842,0.0004673971
51852000,-0.08799434,-7.0153985,-4.8604326,-0.14373542,-1.4883791,0.0003014712
51872000,-0.09086435,-7.0445647,-4.860431,-0.14350088,-1.4583089,6.2195395e-05
51892000,-0.09372941,-7.073149,-4.860437,-0.14325285,-1.429232,-0.00028377402
51912000,-0.09658503,-7.1011667,-4.8604507,-0.14278075,-1.4008822,-0.000680779
51932000,-0.09942862,-7.128628,-4.8604727,-0.14217953,-1.3730489,-0.0011028751
51952000,-0.10225691,-7.1555486,-4.8605046,-0.14141484,-1.3460473,-0.0016009773
51972000,-0.105068475,-7.181944,-4.860548,-0.14057823,-1.3197453,-0.0021544239
51992000,-0.10786307,-7.20783,-4.8606033,-0.13972965,-1.2943033,-0.0027796703
52012000,-0.110635616,-7.2332215,-4.8606725,-0.13862729,-1.2695829,-0.0034493417
52032000,-0.113385126,-7.2581353,-4.860756,-0.13747555,-1.245686,-0.0041740704
52052000,-0.11610842,-7.282585,-4.8608546,-0.13616435,-1.222506,-0.0049409457
52072000,-0.11880487,-7.3065877,-4.86097,-0.13482279,-1.2001336,-0.0057638916
52092000,-0.12147297,-7.330159,-4.8611026,-0.1334049,-1.1785628,-0.006631449
52112000,-0.124110155,-7.3533144,-4.8612533,-0.13185927,-1.1577499,-0.0075283535
52132000,-0.12671562,-7.3760686,-4.861422,-0.13027316,-1.1377107,-0.008453734
52152000,-0.12928736,-7.3984346,-4.86161,-0.12858763,-1.1183053,-0.009380083
52172000,-0.13182296,-7.4204254,-4.861816,-0.12677926,-1.0995464,-0.010306256
52192000,-0.13432363,-7.442056,-4.862041,-0.12503397,-1.0815444,-0.011245111
52212000,-0.13678586,-7.463341,-4.8622847,-0.12311167,-1.0642467,-0.012182449
52232000,-0.1392059,-7.4842944,-4.862547,-0.121001825,-1.0476586,-0.013117355
52252000,-0.14158462,-7.504928,-4.862828,-0.118936144,-1.0316924,-0.014050498
52288000,-0.14575256,-7.541313,-4.8633814,-0.11484487,-1.0048523,-0.015747717
52308000,-0.14800145,-7.561129,-4.863715,-0.11244429,-0.99079907,-0.016687812
52328000,-0.1502027,-7.580678,-4.864068,-0.110062905,-0.97745186,-0.017644975
52348000,-0.15235583,-7.599971,-4.86444,-0.10765607,-0.96464664,-0.01861024
52368000,-0.1544608,-7.6190205,-4.864832,-0.1052485,-0.9524761,-0.019584313
52388000,-0.15651424,-7.637838,-4.865243,-0.10267186,-0.94086564,-0.020563023
52408000,-0.15851463,-7.6564345,-4.8656735,-0.10001988,-0.9298286,-0.02153152
52428000,-0.16045836,-7.6748195,-4.866123,-0.097185776,-0.9192518,-0.02246334
52444000,-0.16197248,-7.6893845,-4.866495,-0.09463309,-0.9103033,-0.023270773
52464000,-0.16381265,-7.707419,-4.866976,-0.09200865,-0.9017279,-0.024028312
52484000,-0.16559684,-7.725274,-4.8674726,-0.08920958,-0.8927689,-0.0248296
52504000,-0.16732074,-7.7429576,-4.8679843,-0.08619474,-0.88416797,-0.025580853
52528000,-0.16930446,-7.763964,-4.8686166,-0.08265497,-0.87526715,-0.026357474
52548000,-0.17088766,-7.781304,-4.8691583,-0.07916031,-0.86698145,-0.027085558
52568000,-0.17240882,-7.798504,-4.8697124,-0.07605806,-0.8600119,-0.027707122
52588000,-0.17386484,-7.815572,-4.8702784,-0.07280094,-0.85340446,-0.028288899
52608000,-0.17525469,-7.832516,-4.870855,-0.06949195,-0.8472184,-0.028833766
52628000,-0.1765762,-7.849345,-4.871442,-0.066075675,-0.8414478,-0.029334035
52648000,-0.1778272,-7.8660693,-4.8720374,-0.0625501,-0.8361975,-0.02979314
52668000,-0.17900455,-7.8826947,-4.8726416,-0.058867913,-0.83127296,-0.03020693
52688000,-0.18010962,-7.8992295,-4.8732533,-0.055253528,-0.82672983,-0.030583445
52708000,-0.18114318,-7.9156775,-4.873872,-0.051677383,-0.82240623,-0.030925168
52728000,-0.1821033,-7.9320493,-4.8744965,-0.048006743,-0.81860244,-0.031236222
52744000,-0.18281657,-7.9450955,-4.8750005,-0.04457858,-0.8153902,-0.03149195
52764000,-0.18364286,-7.961343,-4.875635,-0.041314945,-0.8123621,-0.031726185
52784000,-0.18439749,-7.9775286,-4.876274,-0.037731346,-0.8092743,-0.031960614
52804000,-0.18507609,-7.9936585,-4.8769174,-0.03392969,-0.80651426,-0.032161966
52824000,-0.18567903,-8.009736,-4.877564,-0.030147659,-0.80388075,-0.03232831
52844000,-0.18620625,-8.025765,-4.878213,-0.02636069,-0.8014701,-0.032455932
52864000,-0.18665785,-8.041754,-4.8788643,-0.022580022,-0.79942036,-0.032548934
52884000,-0.18703157,-8.057708,-4.879516,-0.018685969,-0.79769546,-0.032604624
52900000,-0.18727624,-8.070447,-4.8800383,-0.015292366,-0.7961988,-0.032629438
52920000,-0.18751335,-8.086343,-4.8806906,-0.011855218,-0.79477006,-0.032623354
52940000,-0.18767662,-8.102214,-4.8813424,-0.00816348,-0.79355943,-0.0325816
52960000,-0.18776408,-8.118066,-4.8819923,-0.004372481,-0.7925969,-0.032499213
52980000,-0.18777728,-8.1339,-4.88264,-0.00066005305,-0.7916761,-0.03238559
53000000,-0.18771556,-8.149716,-4.883285,0.003085361,-0.79085046,-0.032244068
53020000,-0.18758275,-8.1655245,-4.883927,0.006641282,-0.7903955,-0.03209025
53040000,-0.18737881,-8.181327,-4.8845654,0.010196937,-0.7901527,-0.031930197
53056000,-0.18716533,-8.193969,-4.885074,0.013342121,-0.790063,-0.031789932
53076000,-0.18683748,-8.20977,-4.885707,0.016392712,-0.7900778,-0.03165399
53096000,-0.18644063,-8.225576,-4.886337,0.01984245,-0.79033214,-0.03148986
53116000,-0.18597643,-8.241389,-4.886963,0.023209887,-0.7906447,-0.031313553
53136000,-0.18544541,-8.257212,-4.8875856,0.026550846,-0.7911291,-0.031133404
53156000,-0.1848506,-8.2730465,-4.888205,0.029740384,-0.79173803,-0.030954177
53176000,-0.18419659,-8.288893,-4.8888206,0.032700464,-0.7923181,-0.03078323
53196000,-0.18348452,-8.304753,-4.8894324,0.035603862,-0.7930302,-0.03060405
53216000,-0.18271117,-8.320633,-4.890041,0.038667656,-0.7939825,-0.030411711
53236000,-0.18188097,-8.336532,-4.890645,0.041509647,-0.79491746,-0.030209027
53256000,-0.18099752,-8.352453,-4.8912444,0.044172853,-0.7960846,-0.029978676
53276000,-0.18005984,-8.368399,-4.891839,0.04688387,-0.79727894,-0.029715827
53296000,-0.17906848,-8.38437,-4.8924274,0.04956827,-0.7985532,-0.029433323
53316000,-0.17802805,-8.400367,-4.89301,0.05202143,-0.7998559,-0.02913965
53336000,-0.17693748,-8.416389,-4.893587,0.05452828,-0.80112123,-0.028836537
53356000,-0.17579724,-8.432437,-4.8941574,0.057011843,-0.8023548,-0.028527305
53376000,-0.17460816,-8.44851,-4.894722,0.059454076,-0.8036758,-0.028219039
53396000,-0.17337042,-8.46461,-4.8952804,0.06188698,-0.8050068,-0.027911216
53416000,-0.17208713,-8.480739,-4.8958325,0.064164616,-0.80642205,-0.02760708
53436000,-0.17075843,-8.496899,-4.896379,0.066434726,-0.8079858,-0.027320925
53456000,-0.16938876,-8.513087,-4.89692,0.068484105,-0.8094288,-0.02706697
53476000,-0.16797651,-8.529305,-4.8974566,0.07061186,-0.8109102,-0.026827456
53496000,-0.16652116,-8.545552,-4.8979883,0.07276744,-0.81234205,-0.02658618
53516000,-0.16502534,-8.56183,-4.898515,0.07479161,-0.81389004,-0.026337015
53536000,-0.16348949,-8.578138,-4.899037,0.076792076,-0.8154005,-0.02607706
53556000,-0.16191739,-8.594475,-4.899553,0.07860521,-0.8168201,-0.025814423
53576000,-0.16031024,-8.610841,-4.900064,0.080357194,-0.8183336,-0.025548862
53596000,-0.15866981,-8.627239,-4.900569,0.082021415,-0.81989294,-0.025251664
53616000,-0.15701184,-8.643694,-4.901063,0.08289894,-0.8227343,-0.024701498
53636000,-0.15535387,-8.660257,-4.9015183,0.082897775,-0.82818574,-0.02275759
53656000,-0.15369146,-8.676943,-4.9018903,0.083121136,-0.8342651,-0.018614324
53676000,-0.1520048,-8.693723,-4.902131,0.08433348,-0.83898956,-0.012028466
53696000,-0.15027755,-8.710558,-4.902189,0.086361766,-0.841774,-0.0028970304
53716000,-0.14850666,-8.727415,-4.9020147,0.088544495,-0.84287876,0.008706181
53736000,-0.14669779,-8.744272,-4.9015603,0.09044335,-0.8428516,0.022737356
53756000,-0.14485338,-8.76111,-4.9007792,0.09222039,-0.8418921,0.03904842
53776000,-0.14297964,-8.777918,-4.8996277,0.093687385,-0.8403866,0.05756864
53796000,-0.1410781,-8.794685,-4.8980656,0.09507672,-0.8383646,0.07811011
53816000,-0.13915043,-8.811408,-4.8960543,0.09638428,-0.83611995,0.10055802
53836000,-0.13719662,-8.828082,-4.8935566,0.097690076,-0.8337124,0.12488187
53856000,-0.13522044,-8.844705,-4.890536,0.098808676,-0.8311195,0.15104307
53876000,-0.13322313,-8.861273,-4.886958,0.09986531,-0.82840884,0.17888698
53896000,-0.13120395,-8.877785,-4.8827906,0.1009591,-0.8256252,0.20838094
53916000,-0.12916388,-8.894243,-4.8780026,0.102003835,-0.8229318,0.23938689
53936000,-0.1271068,-8.910647,-4.872564,0.10285401,-0.8201936,0.27193984
53956000,-0.12503524,-8.926996,-4.866446,0.10357824,-0.81741333,0.3059024
53976000,-0.12294684,-8.943293,-4.8596187,0.10441955,-0.8148404,0.34135443
53996000,-0.12084144,-8.95954,-4.852056,0.10527004,-0.8124064,0.37815082
54016000,-0.11872187,-8.975744,-4.8437285,0.10597838,-0.8101552,0.416369
54036000,-0.11658783,-8.9918995,-4.83462,0.10670206,-0.80780435,0.4554305
54056000,-0.1144331,-9.008007,-4.824732,0.10773671,-0.8053734,0.49439886
54076000,-0.11224642,-9.024057,-4.8141127,0.10933422,-0.80249643,0.53096795
54096000,-0.11002506,-9.040056,-4.80283,0.1110675,-0.7999327,0.56411415
54116000,-0.10778218,-9.056022,-4.7909575,0.11214426,-0.79829645,0.5936353
54136000,-0.10552771,-9.071971,-4.778565,0.11272385,-0.79744315,0.6196377
54156000,-0.10327239,-9.087918,-4.7657194,0.112765364,-0.79737735,0.64226526
54172000,-0.101474255,-9.100683,-4.7551603,0.11238363,-0.7977774,0.65996003
54192000,-0.09923752,-9.116656,-4.741659,0.11183688,-0.79869133,0.6750552
54212000,-0.09701667,-9.132658,-4.7278748,0.11104252,-0.8000786,0.6892085
54232000,-0.09481509,-9.148699,-4.713864,0.11007911,-0.80203533,0.7005549
54252000,-0.09263778,-9.164781,-4.699676,0.108865514,-0.8041053,0.70937467
54272000,-0.09049149,-9.180911,-4.6853623,0.107314266,-0.8065034,0.71568525
54292000,-0.0883821,-9.197095,-4.670968,0.105469346,-0.8092085,0.71973217
54312000,-0.0863068,-9.213339,-4.6565375,0.10376529,-0.81219953,0.7215259
54332000,-0.084267914,-9.229647,-4.6421123,0.10194429,-0.815376,0.7212615
54352000,-0.08226699,-9.24602,-4.6277323,0.10004649,-0.818668,0.7189922
54372000,-0.08030749,-9.262465,-4.6134353,0.09797474,-0.82224643,0.7148581
54392000,-0.07839243,-9.278984,-4.5992575,0.09575306,-0.8259461,0.7088819
54428000,-0.075055495,-9.308919,-4.574148,0.091657884,-0.8335578,0.6928563
54448000,-0.073265366,-9.325658,-4.5604854,0.089506395,-0.8369629,0.68314224
54468000,-0.07152606,-9.342462,-4.547067,0.086965434,-0.8402036,0.6709081
54488000,-0.06984038,-9.359324,-4.533926,0.08428379,-0.8431106,0.657056
54508000,-0.06820904,-9.376233,-4.521091,0.081567325,-0.8454722,0.64175254
54528000,-0.06663719,-9.393185,-4.5085907,0.07859219,-0.8475543,0.6250209
54548000,-0.065138616,-9.410194,-4.4964285,0.07492885,-0.8504992,0.6080921
54568000,-0.06374273,-9.427308,-4.484583,0.069794185,-0.8556617,0.592283
54588000,-0.06248284,-9.44458,-4.473021,0.0629944,-0.8635972,0.57810366
54608000,-0.061361887,-9.462056,-4.4616885,0.056047846,-0.8738372,0.5666242
54628000,-0.06035296,-9.4797535,-4.4505224,0.05044627,-0.8848418,0.55830705
54648000,-0.05942063,-9.497673,-4.4394436,0.046616502,-0.89601064,0.5539437
54668000,-0.05852135,-9.515823,-4.4283805,0.04496401,-0.9074774,0.5531399
54688000,-0.0576157,-9.534204,-4.417275,0.04528237,-0.91903067,0.55527437
54708000,-0.0566827,-9.552799,-4.4061084,0.046650134,-0.9297974,0.5583366
54728000,-0.055719968,-9.571554,-4.394892,0.04813648,-0.9377354,0.5608052
54748000,-0.05473579,-9.590414,-4.3836446,0.04920897,-0.9429752,0.5623944
54768000,-0.05373479,-9.609352,-4.3723555,0.05005005,-0.9469338,0.5644522
54788000,-0.052726537,-9.628354,-4.361021,0.050412677,-0.9500588,0.5667103
54808000,-0.05171301,-9.647396,-4.349636,0.05067632,-0.9520976,0.5692681
54828000,-0.05068984,-9.666464,-4.338199,0.051158477,-0.95342684,0.571829
54848000,-0.04965584,-9.685545,-4.3267074,0.05170004,-0.95401996,0.5746006
54868000,-0.048611164,-9.704625,-4.315161,0.05223383,-0.95402604,0.5772946
54888000,-0.04755516,-9.723697,-4.3035583,0.052800126,-0.953599,0.58015686
54908000,-0.04648718,-9.742757,-4.2919,0.0533991,-0.9530112,0.5829084
54928000,-0.0454046,-9.761797,-4.2801843,0.05412877,-0.9519603,0.58579993
54948000,-0.044307414,-9.780809,-4.268413,0.054859407,-0.9506451,0.58855104
54968000,-0.0431937,-9.799795,-4.2565846,0.055685677,-0.9492695,0.59142107
54988000,-0.042066514,-9.818748,-4.244702,0.056359246,-0.947706,0.59413517
55008000,-0.040926583,-9.83767,-4.2327623,0.0569966,-0.946074,0.5969685
55028000,-0.03977273,-9.8565645,-4.2207694,0.057692744,-0.9446916,0.5996508
55048000,-0.038603015,-9.875427,-4.2087207,0.058485653,-0.9431493,0.6024498
55068000,-0.037415415,-9.894256,-4.1966186,0.059380002,-0.94143885,0.6050938
55088000,-0.036211282,-9.913049,-4.1844616,0.060206674,-0.93962985,0.60784966
55108000,-0.034990825,-9.931808,-4.1722527,0.06102281,-0.93797266,0.6104412
55128000,-0.033754665,-9.950537,-4.1599903,0.06180794,-0.9364139,0.6131351
55148000,-0.032504696,-9.969235,-4.1476774,0.0624985,-0.9349646,0.6156447
55168000,-0.031239389,-9.987903,-4.1353126,0.0632654,-0.9333556,0.61824363
55188000,-0.029958868,-10.00654,-4.122899,0.06402607,-0.9318932,0.6206636
55208000,-0.028662473,-10.025151,-4.1104355,0.06481975,-0.93053055,0.6231756
55228000,-0.02735237,-10.0437355,-4.0979257,0.06550512,-0.92923903,0.6254972
55248000,-0.026031706,-10.062297,-4.0853677,0.06603316,-0.92805445,0.6279033
55268000,-0.024699226,-10.080834,-4.0727654,0.066624045,-0.9268852,0.6301144
55288000,-0.023354508,-10.09935,-4.0601172,0.067235895,-0.925757,0.6324024
55308000,-0.022003502,-10.117846,-4.047427,0.06755037,-0.924787,0.63449556
55328000,-0.020645266,-10.136324,-4.0346937,0.067911774,-0.92391616,0.63667077
55348000,-0.019278444,-10.154788,-4.0219207,0.06834106,-0.9232199,0.6386515
55368000,-0.017902065,-10.17324,-4.0091066,0.068818964,-0.92256093,0.64071757
55388000,-0.016521096,-10.191677,-3.9962547,0.069048464,-0.9218901,0.6425917
55408000,-0.015134293,-10.210105,-3.9833639,0.06934018,-0.9213681,0.64454406
55428000,-0.013743273,-10.228526,-3.9704378,0.06955097,-0.9210585,0.6462985
55448000,-0.012349371,-10.246938,-3.9574754,0.06969511,-0.9206076,0.64812565
55468000,-0.010954645,-10.265341,-3.9444804,0.06973624,-0.920147,0.64974755
55488000,-0.00955964,-10.283741,-3.9314516,0.0697503,-0.91997844,0.65144503
55508000,-0.008160241,-10.302139,-3.9183927,0.069969945,-0.91992706,0.65293926
55528000,-0.0067631165,-10.320537,-3.9053028,0.06985622,-0.9198953,0.6544995
55548000,-0.005369272,-10.338934,-3.8921857,0.06969223,-0.9198618,0.6558539
55568000,-0.0039779916,-10.357332,-3.87904,0.06956401,-0.91990244,0.6572815
55588000,-0.0025902889,-10.375737,-3.8658698,0.06938515,-0.9202316,0.6585094
55608000,-0.0012074399,-10.394147,-3.8526735,0.069142446,-0.92050934,0.6598087
55628000,0.00016710599,-10.412563,-3.8394556,0.0687273,-0.92082405,0.6609042
55648000,0.0015334919,-10.430988,-3.826214,0.0683193,-0.9212538,0.66207546
55668000,0.0028933557,-10.449422,-3.812953,0.067993194,-0.9216539,0.66304666
55688000,0.0042438093,-10.467863,-3.7996712,0.06752268,-0.9220681,0.6641021
55708000,0.005584297,-10.486318,-3.7863717,0.067024365,-0.9227325,0.66496545
55728000,0.0069134138,-10.504786,-3.7730536,0.06645585,-0.9233949,0.6659084
55748000,0.008230931,-10.52327,-3.7597206,0.06587586,-0.9241999,0.6666544
55768000,0.009534535,-10.541769,-3.7463708,0.065180235,-0.9249662,0.66748357
55788000,0.010824932,-10.560283,-3.7330084,0.064519815,-0.9257084,0.6681271
55808000,0.01210496,-10.578816,-3.719631,0.06400144,-0.92667365,0.66886234
55828000,0.013370886,-10.597374,-3.7062426,0.063296296,-0.9278876,0.6694192
55848000,0.014621784,-10.615953,-3.6928413,0.0625449,-0.928968,0.67007005
55868000,0.01586109,-10.634558,-3.6794302,0.061965317,-0.93018997,0.6705492
55888000,0.017087404,-10.653185,-3.6660075,0.0613156,-0.93138635,0.6711328
55908000,0.018295651,-10.671837,-3.6525767,0.060412392,-0.9325913,0.67155117
55928000,0.019488016,-10.690517,-3.639135,0.05961824,-0.93402934,0.67207956
55948000,0.020665994,-10.709229,-3.6256862,0.058898915,-0.93559885,0.67244303
55968000,0.021828072,-10.727972,-3.6122277,0.05810393,-0.9371013,0.672918
55988000,0.022970667,-10.746746,-3.598763,0.0571297,-0.93873507,0.67323685
56008000,0.024098521,-10.765554,-3.5852904,0.05639275,-0.94041485,0.67363185
56028000,0.025210742,-10.784398,-3.5718136,0.055610992,-0.94218874,0.6738365
56048000,0.026306173,-10.803281,-3.5583289,0.054771617,-0.9441121,0.6742399
56068000,0.027384607,-10.822202,-3.544838,0.05392169,-0.9460547,0.67454594
56088000,0.02844435,-10.841162,-3.5313377,0.05298716,-0.9480169,0.67500734
56108000,0.029486058,-10.860164,-3.5178308,0.05208543,-0.9500784,0.6753424
56128000,0.030509181,-10.879209,-3.5043144,0.05115609,-0.9522554,0.67582226
56148000,0.031513702,-10.898296,-3.490791,0.050226007,-0.9543844,0.67617077
56168000,0.03250286,-10.917429,-3.477258,0.049457986,-0.9566022,0.676659
56188000,0.033472694,-10.936604,-3.4637177,0.048491705,-0.9587597,0.67701507
56208000,0.034425113,-10.955825,-3.4501674,0.04762087,-0.9610537,0.67751175
56228000,0.035357002,-10.975094,-3.4366097,0.04659443,-0.96346635,0.67787975
56248000,0.03626761,-10.994412,-3.423042,0.045530394,-0.9659073,0.67838264
56268000,0.037156817,-11.013778,-3.4094675,0.044460345,-0.96826416,0.67873913
56288000,0.038025662,-11.033189,-3.3958828,0.04344236,-0.9705434,0.67922276
56308000,0.038878698,-11.052644,-3.3822918,0.04265167,-0.9727655,0.6795569
56328000,0.03971409,-11.072147,-3.3686914,0.041769717,-0.97518116,0.6800213
56348000,0.040529802,-11.091701,-3.3550844,0.04078566,-0.97767097,0.6803433
56368000,0.041326076,-11.111305,-3.3414686,0.039813608,-0.9802309,0.6807899
56388000,0.04209997,-11.130961,-3.327847,0.0386947,-0.98280925,0.6810866
56408000,0.042855926,-11.15067,-3.3142169,0.037797794,-0.9854269,0.68151003
56428000,0.04360073,-11.170428,-3.300581,0.03724018,-0.987917,0.6817889
56448000,0.044330325,-11.190238,-3.2869377,0.036479797,-0.9904694,0.6821623
56468000,0.0450416,-11.210097,-3.2732906,0.035563678,-0.99298245,0.68235403
56488000,0.04573498,-11.230009,-3.2596357,0.034669004,-0.99559784,0.68274814
56508000,0.046414938,-11.249974,-3.2459748,0.03399792,-0.9982591,0.68304604
56528000,0.047080804,-11.269993,-3.2323048,0.033293266,-1.0009071,0.683503
56548000,0.04773138,-11.290061,-3.2186277,0.03252897,-1.0034248,0.6838474
56568000,0.048367757,-11.310179,-3.2049417,0.031818748,-1.0058894,0.68429744
56588000,0.048991878,-11.330349,-3.191249,0.031206,-1.0084852,0.6846412
56608000,0.049599256,-11.35057,-3.1775463,0.030368904,-1.0110689,0.68514067
56628000,0.050191257,-11.370842,-3.163836,0.029600037,-1.0135798,0.68551314
56648000,0.05076863,-11.391165,-3.1501153,0.028868714,-1.016134,0.6860279
56668000,0.051335555,-11.411539,-3.1363869,0.028346203,-1.0187544,0.68641835
56688000,0.05189129,-11.431965,-3.122648,0.027786732,-1.0212835,0.68694615
56708000,0.05243198,-11.452442,-3.1089013,0.027034499,-1.0238502,0.6873383
56728000,0.05296013,-11.47297,-3.0951438,0.026407573,-1.0263873,0.6878757
56748000,0.053480864,-11.4935465,-3.0813754,0.02603674,-1.0288155,0.68842196
56768000,0.053994913,-11.514176,-3.0675945,0.025702458,-1.0314989,0.68903625
56788000,0.05450241,-11.53486,-3.0538058,0.025374658,-1.0341733,0.6894358
56808000,0.055001628,-11.555593,-3.040008,0.02496098,-1.0366608,0.6898932
56828000,0.055494852,-11.576372,-3.0262053,0.024661241,-1.0389547,0.6901366
56848000,0.05598285,-11.597201,-3.012394,0.0243999,-1.04146,0.690567
56868000,0.05646599,-11.618083,-2.9985764,0.024157016,-1.0441036,0.69087315
56888000,0.05694447,-11.639016,-2.9847507,0.023923978,-1.0466284,0.69129103
56908000,0.057419162,-11.659997,-2.9709198,0.023734631,-1.0490448,0.691542
56928000,0.057889726,-11.681026,-2.9570827,0.02352822,-1.0515043,0.69185686
56948000,0.058358572,-11.702109,-2.943242,0.023442317,-1.054103,0.69203466
56968000,0.058824766,-11.72324,-2.929395,0.023309698,-1.0565456,0.69235504
56988000,0.05928841,-11.744415,-2.9155443,0.02318208,-1.058764,0.6925333
57008000,0.05974979,-11.765636,-2.9016871,0.023068963,-1.0610833,0.69285035
57028000,0.060212217,-11.786905,-2.8878264,0.023121398,-1.0634034,0.69303554
57048000,0.060675405,-11.808217,-2.8739595,0.023159537,-1.065607,0.6933528
57068000,0.06113459,-11.829573,-2.8600888,0.022959322,-1.0678025,0.6935353
57088000,0.06159281,-11.850975,-2.8462117,0.022910805,-1.0700876,0.69385767
57108000,0.06205141,-11.872418,-2.8323307,0.022930106,-1.0721697,0.69404405
57128000,0.06251334,-11.893902,-2.8184433,0.023096329,-1.0742061,0.6943668
57148000,0.0629801,-11.915426,-2.8045523,0.023338309,-1.0761855,0.6945474
57168000,0.06344956,-11.936987,-2.7906554,0.023472993,-1.0780443,0.6948498
57188000,0.06392379,-11.958586,-2.7767553,0.023711357,-1.0799204,0.6949994
57208000,0.06439989,-11.980223,-2.7628503,0.02380508,-1.0818473,0.69526196
57228000,0.06487551,-12.001893,-2.748943,0.023781173,-1.0835297,0.6953581
57248000,0.06535363,-12.023596,-2.7350316,0.023905767,-1.0851268,0.6955667
57268000,0.06583695,-12.04533,-2.7211194,0.02416609,-1.0867137,0.695618
57288000,0.066322766,-12.067097,-2.7072036,0.02429063,-1.088358,0.69579005
57308000,0.06680869,-12.088895,-2.6932874,0.024296217,-1.0899214,0.695805
57328000,0.06729424,-12.110721,-2.679369,0.024277575,-1.0912653,0.6959286
57348000,0.0677789,-12.13257,-2.665451,0.02423279,-1.0924851,0.6958935
57368000,0.0682657,-12.154447,-2.6515315,0.024340052,-1.0938268,0.69597733
57388000,0.06875676,-12.17635,-2.6376135,0.024553107,-1.095134,0.6958964
57408000,0.069245934,-12.198274,-2.6236951,0.024458792,-1.0962207,0.6959188
57428000,0.06972844,-12.220219,-2.6097796,0.024125181,-1.0972261,0.6957791
57448000,0.07020705,-12.242184,-2.5958645,0.023930587,-1.0982417,0.69575274
57468000,0.07068557,-12.264163,-2.5819535,0.023926146,-1.0990083,0.6955557
57488000,0.07116014,-12.286162,-2.5680442,0.023728112,-1.0999287,0.69546115
57508000,0.071628734,-12.308178,-2.5541403,0.023429848,-1.1007757,0.6951963
57528000,0.07209537,-12.330205,-2.5402396,0.023332046,-1.1013671,0.6950357
57548000,0.07256013,-12.352244,-2.526346,0.023237672,-1.1019989,0.6946848
57568000,0.07301964,-12.374299,-2.512457,0.02297546,-1.1026886,0.69444394
57588000,0.07347125,-12.396363,-2.498575,0.02258048,-1.103219,0.69409484
57608000,0.07391705,-12.418438,-2.484697,0.02229026,-1.1037412,0.6938956
57628000,0.07435336,-12.440522,-2.470826,0.021815496,-1.104242,0.69356745
57648000,0.07478061,-12.462614,-2.4569583,0.021362565,-1.1045918,0.69337624
57668000,0.075201474,-12.484715,-2.443097,0.021043062,-1.1050553,0.69305867
57688000,0.07561385,-12.506825,-2.4292393,0.020618597,-1.105504,0.69289327
57708000,0.076014794,-12.528938,-2.4153872,0.02004741,-1.1056219,0.69260913
57728000,0.07640269,-12.551054,-2.4015374,0.019394703,-1.1058122,0.6924854
57748000,0.07677997,-12.573177,-2.3876925,0.018864034,-1.1061364,0.69224995
57768000,0.07714556,-12.595302,-2.3738492,0.018279769,-1.1062241,0.69216245
57788000,0.077497214,-12.617429,-2.36001,0.017582342,-1.1063771,0.69195575
57808000,0.07783395,-12.63956,-2.346172,0.0168371,-1.10654,0.6918952
57828000,0.078154095,-12.661691,-2.332338,0.016006866,-1.1065179,0.69169766
57848000,0.07846115,-12.68382,-2.3185055,0.015352824,-1.1064621,0.691631
57868000,0.07875544,-12.70595,-2.3046768,0.014714674,-1.1065269,0.6914342
57888000,0.07903324,-12.728079,-2.2908492,0.013889969,-1.106452,0.6913776
57908000,0.07929397,-12.750206,-2.2770255,0.013036256,-1.1063315,0.69118595
57928000,0.07954096,-12.772334,-2.263203,0.0123495525,-1.106439,0.6911315
57948000,0.07977247,-12.794465,-2.2493842,0.011575749,-1.1065222,0.69093776
57968000,0.079986244,-12.816596,-2.2355669,0.01068852,-1.1065503,0.69086576
57988000,0.08018733,-12.838725,-2.2217536,0.010054425,-1.1064733,0.6906639
58008000,0.08037441,-12.860852,-2.2079413,0.009354078,-1.1063571,0.69061565
58028000,0.08054534,-12.882979,-2.194134,0.008546516,-1.1063353,0.6903639
58048000,0.080701396,-12.905109,-2.1803298,0.007802673,-1.1064929,0.69020724
58068000,0.08084271,-12.927241,-2.1665323,0.007065571,-1.1066006,0.689879
58088000,0.08096789,-12.949375,-2.152739,0.0062590577,-1.1066833,0.68966395
58108000,0.08107787,-12.97151,-2.1389532,0.0054990794,-1.1067787,0.68928903
58128000,0.08117437,-12.993649,-2.1251724,0.004825356,-1.106899,0.68903774
58148000,0.08125717,-13.015786,-2.1113997,0.0041398257,-1.1069114,0.68864095
58168000,0.0813252,-13.037928,-2.0976322,0.0034014236,-1.1070439,0.6883782
58188000,0.081376806,-13.06007,-2.0838723,0.0025803274,-1.1071314,0.68798804
58208000,0.08141341,-13.082216,-2.0701182,0.0018299654,-1.1073024,0.68770605
58228000,0.081433944,-13.104366,-2.0563715,0.001026897,-1.1075032,0.6873319
58248000,0.081438884,-13.126525,-2.0426285,0.00024694589,-1.1079224,0.68715054
58268000,0.08143069,-13.148691,-2.0288908,-0.0004096398,-1.1083442,0.68688285
58288000,0.08140874,-13.170864,-2.015155,-0.0010978404,-1.1086336,0.68678945
58308000,0.08137034,-13.193043,-2.0014231,-0.001919851,-1.1089345,0.6866033
58328000,0.08131539,-13.215228,-1.9876913,-0.0027472286,-1.1092733,0.68658805
58348000,0.08124238,-13.237422,-1.9739618,-0.0036505368,-1.1096716,0.6864711
58368000,0.08115402,-13.2596245,-1.9602314,-0.0044183815,-1.1101522,0.68651915
58388000,0.0810527,-13.281839,-1.9465021,-0.0050660106,-1.1107045,0.6864696
58408000,0.08093381,-13.304063,-1.9327704,-0.0059444048,-1.111209,0.68658257
58428000,0.080795534,-13.326299,-1.9190387,-0.0069135665,-1.1117797,0.68658584
58448000,0.080638185,-13.348548,-1.9053037,-0.007867698,-1.1124638,0.68675154
58468000,0.080461495,-13.3708105,-1.8915676,-0.008834466,-1.1131067,0.6868047
58488000,0.08026766,-13.393083,-1.8778273,-0.009691756,-1.1136038,0.6870141
58508000,0.08005357,-13.415366,-1.864085,-0.01070466,-1.1141847,0.6871181
58528000,0.079818636,-13.437666,-1.8503374,-0.011746305,-1.114982,0.687376
58548000,0.07956035,-13.45998,-1.8365873,-0.0129147405,-1.1157188,0.6875079
58568000,0.07928194,-13.482308,-1.8228316,-0.0139202345,-1.116438,0.6877837
58588000,0.07898533,-13.504653,-1.8090727,-0.014830401,-1.117204,0.6879408
58608000,0.07866648,-13.527015,-1.7953078,-0.01594246,-1.1181158,0.68825305
58628000,0.07832478,-13.549398,-1.7815387,-0.01708502,-1.119191,0.68844783
58648000,0.07796106,-13.571799,-1.7677629,-0.018186212,-1.120031,0.6887946
58668000,0.077574916,-13.594215,-1.7539823,-0.01930687,-1.1208045,0.68902826
58688000,0.07716831,-13.616648,-1.7401941,-0.02033067,-1.1215901,0.6894095
58708000,0.07673859,-13.639096,-1.7264005,-0.021485876,-1.1224563,0.6896785
58728000,0.07628554,-13.661565,-1.7125984,-0.02265227,-1.1233935,0.69010174
58748000,0.075812824,-13.684055,-1.6987903,-0.023636118,-1.1245251,0.69041014
58768000,0.07532039,-13.706564,-1.6849731,-0.024621269,-1.1254629,0.69086164
58788000,0.07480657,-13.729093,-1.6711491,-0.025691338,-1.1264063,0.69119596
58808000,0.0742707,-13.751638,-1.6573156,-0.02679337,-1.1273278,0.69167805
58828000,0.07371727,-13.774205,-1.6434749,-0.027671594,-1.1283339,0.6920339
58848000,0.07314591,-13.796797,-1.629624,-0.028567858,-1.1295598,0.6925439
58868000,0.072558284,-13.819413,-1.6157653,-0.029381502,-1.1308059,0.69293416
58888000,0.07195168,-13.842053,-1.6018938,-0.030330282,-1.1320413,0.693576
58908000,0.07132422,-13.864719,-1.5880101,-0.031372584,-1.1333108,0.6941898
58928000,0.07067895,-13.887412,-1.574114,-0.032263637,-1.1346354,0.6948031
58948000,0.07001909,-13.910131,-1.5602103,-0.032993175,-1.13593,0.6951813
58968000,0.06934187,-13.9328785,-1.5462974,-0.033861116,-1.1373765,0.6956471
58988000,0.068649076,-13.955654,-1.5323787,-0.034639683,-1.1387846,0.6959391
59008000,0.06793872,-13.978458,-1.5184517,-0.035517357,-1.1401868,0.69634616
59028000,0.067213014,-14.001294,-1.5045196,-0.036285497,-1.141808,0.69660497
59048000,0.06647368,-14.024161,-1.4905796,-0.03696704,-1.1433488,0.6970011
59068000,0.06571735,-14.047057,-1.4766314,-0.037816346,-1.144814,0.6974056
59088000,0.06494661,-14.069984,-1.4626741,-0.03853692,-1.1463519,0.6978689
59108000,0.06416508,-14.092945,-1.4487119,-0.039076384,-1.1480159,0.69810975
59128000,0.06337005,-14.115937,-1.4347429,-0.0397515,-1.1495987,0.6984504
59148000,0.062562354,-14.138959,-1.4207702,-0.04038482,-1.1511221,0.6986354
59168000,0.061740957,-14.162015,-1.4067912,-0.041069943,-1.1527869,0.6989473
59188000,0.060909607,-14.185105,-1.3928089,-0.041567467,-1.1545334,0.69911665
59208000,0.060067657,-14.208228,-1.3788208,-0.042097457,-1.1561149,0.6994067
59228000,0.059210215,-14.231384,-1.3648298,-0.04287212,-1.1577963,0.69955117
59248000,0.05834178,-14.254575,-1.3508333,-0.0434218,-1.1595497,0.6998212
59268000,0.057463802,-14.2778015,-1.3368343,-0.043898765,-1.1613176,0.69994885
59288000,0.056576136,-14.301063,-1.3228302,-0.044383436,-1.1630439,0.7002056
59308000,0.05567946,-14.324359,-1.3088238,-0.04483388,-1.1648347,0.7003197
59328000,0.054777935,-14.34769,-1.2948126,-0.045076083,-1.1665444,0.70056254
59348000,0.05386822,-14.3710575,-1.280799,-0.045485772,-1.1683663,0.70067704
59368000,0.052950844,-14.394462,-1.2667805,-0.045868885,-1.1702076,0.70092916
59384000,0.052214615,-14.41321,-1.2555642,-0.046014212,-1.1718148,0.7010188
59404000,0.051290035,-14.43668,-1.2415391,-0.046229072,-1.1734827,0.701252
59424000,0.050361216,-14.460185,-1.2275116,-0.046440896,-1.1752628,0.70137495
59440000,0.049615655,-14.479013,-1.2162858,-0.04659753,-1.1767857,0.7016099
59460000,0.048678894,-14.5025835,-1.2022507,-0.04683805,-1.1784666,0.70175695
59480000,0.04773984,-14.526194,-1.1882105,-0.04695274,-1.1805325,0.70200884
59500000,0.04680148,-14.549843,-1.1741666,-0.046917953,-1.18247,0.70220065
59520000,0.045863494,-14.573531,-1.1601175,-0.0468994,-1.1844,0.7024512
59540000,0.04492615,-14.59726,-1.1460646,-0.04686715,-1.1864834,0.7026411
59560000,0.043990236,-14.621032,-1.132007,-0.04679566,-1.1885624,0.7028866
59580000,0.043056548,-14.644842,-1.1179456,-0.046684407,-1.1905133,0.7030694
59600000,0.042126913,-14.668693,-1.1038792,-0.046481766,-1.1925318,0.703316
59620000,0.041202456,-14.692585,-1.0898092,-0.04622283,-1.1945896,0.7035044
59640000,0.040282402,-14.71652,-1.0757341,-0.04600279,-1.1967837,0.7037498
59660000,0.039366633,-14.740499,-1.0616555,-0.045788378,-1.1989304,0.70393324
59680000,0.03845707,-14.764523,-1.0475718,-0.045478255,-1.2011826,0.7041836
59700000,0.03755733,-14.78859,-1.0334845,-0.044986926,-1.2034088,0.7043705
59720000,0.036665574,-14.812706,-1.0193924,-0.044587802,-1.2057694,0.70460385
59740000,0.03578158,-14.836866,-1.0052972,-0.044199567,-1.2079877,0.70475763
59760000,0.03490732,-14.861072,-0.9911981,-0.043713115,-1.2102866,0.7049543
59780000,0.034040913,-14.885327,-0.9770967,-0.043320343,-1.2127721,0.70507234
59800000,0.03318407,-14.909632,-0.9629921,-0.042842217,-1.2152154,0.705228
59820000,0.032340024,-14.933984,-0.94888604,-0.042202257,-1.2176013,0.7053033
59840000,0.031507183,-14.958382,-0.9347776,-0.04164212,-1.2198908,0.70541966
59860000,0.030681355,-14.982828,-0.9206685,-0.041291345,-1.2223349,0.7054564
59880000,0.029864313,-15.007325,-0.9065578,-0.040852044,-1.2248384,0.7055343
59900000,0.02905281,-15.031873,-0.89244694,-0.040575176,-1.2273891,0.7055457
59920000,0.028249606,-15.056468,-0.8783337,-0.040160153,-1.2297959,0.70566213
59940000,0.027456068,-15.081111,-0.86421996,-0.039676942,-1.2321273,0.705685
59960000,0.026672514,-15.105802,-0.8501062,-0.03917768,-1.2345454,0.7056905
59980000,0.025894342,-15.13054,-0.8359931,-0.038908657,-1.2368776,0.705653
60000000,0.025119502,-15.155324,-0.82187945,-0.03874201,-1.2392025,0.7056828
60020000,0.024350232,-15.180153,-0.80776656,-0.038463473,-1.241475,0.7056451
60040000,0.023587113,-15.205028,-0.7936533,-0.038155906,-1.243746,0.70566136
60060000,0.022829078,-15.229952,-0.7795411,-0.03790181,-1.2461739,0.7056128
60080000,0.02207332,-15.254921,-0.76542884,-0.037787918,-1.248461,0.70561206
60100000,0.021320486,-15.279934,-0.7513178,-0.03764164,-1.2506845,0.7055505
60120000,0.020570016,-15.304991,-0.7372069,-0.03752351,-1.2528219,0.705546
60140000,0.01981926,-15.3300905,-0.7230971,-0.037537817,-1.2549988,0.7054884
60160000,0.019069886,-15.355237,-0.7089871,-0.03746866,-1.2573031,0.7055012
60180000,0.01832224,-15.380426,-0.69487804,-0.037382275,-1.2594799,0.7054522
60200000,0.017579816,-15.405657,-0.68076885,-0.037121255,-1.2614999,0.7054605
60220000,0.016841073,-15.430927,-0.6666606,-0.03693716,-1.2635461,0.7054112
60240000,0.016104303,-15.456238,-0.6525521,-0.0368385,-1.2655095,0.70542544
60260000,0.015371525,-15.481585,-0.63844436,-0.036638893,-1.2673522,0.705388
60280000,0.014641841,-15.50697,-0.624336,-0.0364842,-1.2692809,0.7054171
60300000,0.013916083,-15.532393,-0.6102283,-0.03628793,-1.2711418,0.70538425
60316000,0.01333797,-15.552757,-0.5989419,-0.036132067,-1.2727666,0.7053999
60336000,0.012618369,-15.578245,-0.5848338,-0.035980016,-1.2743822,0.7054056
60356000,0.011900512,-15.603768,-0.57072526,-0.035892893,-1.2761575,0.7054269
60376000,0.011184747,-15.629325,-0.55661577,-0.035788212,-1.2778416,0.70547634
60396000,0.01046914,-15.654914,-0.5425065,-0.03578038,-1.2794635,0.7054618
60416000,0.009754095,-15.680536,-0.5283972,-0.03575222,-1.2810864,0.70546454
60436000,0.009041946,-15.706187,-0.5142885,-0.035607427,-1.2825887,0.70543754
60456000,0.008335623,-15.731868,-0.50017995,-0.03531618,-1.2840103,0.70542735
60476000,0.007634331,-15.757576,-0.48607224,-0.035064578,-1.2854041,0.7053835
60496000,0.0069359248,-15.78331,-0.47196507,-0.034920312,-1.2866821,0.7053586
60516000,0.0062421747,-15.809071,-0.45785892,-0.03468752,-1.2880702,0.70530754
60536000,0.0055523226,-15.83486,-0.44375333,-0.034492593,-1.2894315,0.7052791
60556000,0.0048653395,-15.860674,-0.42964894,-0.034349147,-1.2906939,0.7052199
60576000,0.0041833613,-15.886508,-0.41554558,-0.034098916,-1.2917453,0.7051687
60596000,0.003508536,-15.912364,-0.4014441,-0.033741277,-1.2927784,0.7050733
60616000,0.0028405846,-15.938245,-0.3873444,-0.03339756,-1.2940195,0.70498496
60636000,0.0021781845,-15.964147,-0.3732475,-0.03312001,-1.2951291,0.70484483
60656000,0.0015223932,-15.9900675,-0.35915327,-0.032789566,-1.2960489,0.70471215
60676000,0.0008774118,-16.016006,-0.34506235,-0.032249067,-1.2969123,0.70454603
60696000,0.00024008908,-16.041965,-0.33097446,-0.031866137,-1.297984,0.7043946
60716000,-0.0003931646,-16.067945,-0.31689057,-0.031662684,-1.2989455,0.7041943
60736000,-0.0010180665,-16.093939,-0.30281058,-0.0312451,-1.2997,0.7039989
60756000,-0.0016318848,-16.119946,-0.28873533,-0.030690916,-1.3003465,0.70376265
60776000,-0.002234334,-16.145971,-0.27466446,-0.030122448,-1.3012844,0.70354414
60796000,-0.0028274292,-16.172016,-0.26059896,-0.029654771,-1.3022152,0.7032752
60816000,-0.0034106409,-16.198076,-0.24653874,-0.02916058,-1.303028,0.7030102
60836000,-0.003985457,-16.224154,-0.23248447,-0.028740818,-1.3038838,0.70271367
60856000,-0.0045511504,-16.250246,-0.2184358,-0.028284658,-1.3045901,0.7024341
60876000,-0.00510741,-16.276352,-0.20439322,-0.027812975,-1.3052994,0.702128
60896000,-0.005654975,-16.302475,-0.1903561,-0.027378256,-1.3061435,0.70185596
60916000,-0.0061923587,-16.328615,-0.17632474,-0.026869182,-1.307061,0.70156825
60936000,-0.0067242845,-16.35477,-0.16229838,-0.026596293,-1.3077898,0.70131814
60956000,-0.0072474545,-16.38094,-0.14827733,-0.026158508,-1.3084037,0.70105237
60976000,-0.007760273,-16.407124,-0.13426074,-0.02564092,-1.3091981,0.7008294
60996000,-0.008264273,-16.433323,-0.12024881,-0.025200019,-1.3099941,0.7005968
61016000,-0.008759528,-16.459541,-0.10624063,-0.024762744,-1.3108717,0.70040894
61036000,-0.009245949,-16.485775,-0.0922364,-0.02432103,-1.3117083,0.7002114
61056000,-0.009725662,-16.512024,-0.0782353,-0.023985634,-1.3124365,0.7000552
61076000,-0.010197105,-16.538288,-0.064237535,-0.023572171,-1.3131961,0.6998882
61096000,-0.010658294,-16.564568,-0.05024234,-0.02305943,-1.3139985,0.69975984
61116000,-0.01111411,-16.590864,-0.036250144,-0.022790853,-1.3148087,0.6996097
61136000,-0.011562447,-16.617174,-0.02226034,-0.022416826,-1.3154757,0.6994902
61156000,-0.012003714,-16.643497,-0.008273042,-0.022063361,-1.3161893,0.6993649
61176000,-0.0124406,-16.66984,0.0057128672,-0.02184428,-1.3171053,0.69929546
61196000,-0.012700699,-16.693823,0.011995811,-0.013004969,-1.1991658,0.31414717
61216000,-0.012851368,-16.71551,0.012856991,-0.0075334227,-1.0843008,0.043059018
61236000,-0.013017608,-16.735323,0.013074668,-0.008311992,-0.99069476,0.010883833
61256000,-0.013189621,-16.753391,0.01280553,-0.008600671,-0.90343255,-0.013456891
61276000,-0.013357211,-16.769962,0.012204007,-0.008379509,-0.8285497,-0.030076133
61296000,-0.013514014,-16.785181,0.0113571985,-0.00784014,-0.76093346,-0.042340443
61316000,-0.013654549,-16.799147,0.010320593,-0.007026737,-0.6983273,-0.051830284
61336000,-0.013774037,-16.81195,0.009138122,-0.005974412,-0.64015114,-0.05912355
61356000,-0.013869266,-16.823645,0.00783613,-0.004761467,-0.5847239,-0.06509957
61376000,-0.013936148,-16.834236,0.006417529,-0.003344073,-0.5295439,-0.07093008
61396000,-0.013971824,-16.843723,0.0048814835,-0.0017838407,-0.47439247,-0.07680229
61416000,-0.013977855,-16.852087,0.0032166997,-0.00030155363,-0.41816145,-0.08323918
61436000,-0.013978473,-16.859276,0.0013977938,-3.0845735e-05,-0.35945433,-0.090945296
61456000,-0.013977695,-16.86528,-0.00058527495,3.8867252e-05,-0.30018795,-0.09915344
61476000,-0.013975117,-16.870071,-0.0027498521,0.00012889013,-0.2396165,-0.10822886
61496000,-0.013970196,-16.873598,-0.005128317,0.000246076,-0.17626652,-0.11892324
61516000,-0.013962295,-16.875853,-0.007732118,0.0003950583,-0.11274768,-0.13019004
61536000,-0.013950622,-16.876814,-0.010582494,0.00058364525,-0.048087474,-0.14251879
61556000,-0.0139357215,-16.877092,-0.013445293,0.00074501283,-0.013897314,-0.14313994
61576000,-0.013919453,-16.8774,-0.016039338,0.000813436,-0.015416201,-0.12970227
61596000,-0.013902466,-16.877728,-0.01839538,0.000849361,-0.016343132,-0.11780207
61616000,-0.0138851665,-16.878065,-0.020545678,0.000864941,-0.016873268,-0.107514955
61636000,-0.013867792,-16.878407,-0.022517346,0.00086874166,-0.017125627,-0.09858333
61656000,-0.013850444,-16.878752,-0.024333948,0.000867421,-0.017192975,-0.09083018
61676000,-0.013833616,-16.879086,-0.025979893,0.0008413642,-0.016757093,-0.08229728
61696000,-0.013818356,-16.879393,-0.027392752,0.00076299347,-0.015279585,-0.07064295
61716000,-0.013805298,-16.879656,-0.028552823,0.00065291766,-0.013159707,-0.058003463
61736000,-0.013794767,-16.87987,-0.029462885,0.0005265565,-0.010700969,-0.04550316
61756000,-0.013786947,-16.88003,-0.030130599,0.00039096098,-0.008044777,-0.033385698
61776000,-0.013781948,-16.880135,-0.030563181,0.00024997158,-0.0052695815,-0.021629084
61796000,-0.013779825,-16.880184,-0.03076596,0.000106182146,-0.0024289994,-0.01013898
61816000,-0.013780597,-16.880175,-0.030741654,-3.857931e-05,0.0004387612,0.0012153479
61836000,-0.013784255,-16.88011,-0.030489916,-0.00018292836,0.003304522,0.012586916
61856000,-0.013790764,-16.879986,-0.030007353,-0.00032544046,0.0061385212,0.024128107
61876000,-0.013800052,-16.879808,-0.029287582,-0.0004644245,0.008905859,0.035988573
61896000,-0.013811995,-16.879578,-0.028322244,-0.0005971488,0.011551105,0.04826686
61916000,-0.013826238,-16.879301,-0.02711556,-0.00071213866,0.0138460165,0.060334265
61936000,-0.013841245,-16.879007,-0.025775963,-0.00075037306,0.014622778,0.066979796
61956000,-0.01385555,-16.878729,-0.024426216,-0.0007152571,0.013948024,0.067487314
61976000,-0.013868447,-16.878477,-0.023138968,-0.0006448282,0.012573649,0.06436241
61996000,-0.013879737,-16.878258,-0.02194824,-0.00056448416,0.011001826,0.059536442
62016000,-0.013889491,-16.878067,-0.020863561,-0.00048769457,0.009498868,0.054233976
